# Blender 5.1.2
# www.blender.org
mtllib leftHand.mtl
o desirefx_me_8_mesh0_mesh0000_007.096
v -0.018417 -0.028475 0.013767
v -0.021448 -0.024253 0.008147
v -0.010900 -0.027701 0.014547
v -0.010609 -0.029116 0.014929
v -0.018067 -0.029796 0.014172
v -0.023788 -0.038324 0.002615
v -0.024341 -0.031689 0.001906
v -0.024714 -0.026890 0.001624
v -0.023536 -0.031532 0.000906
v -0.023854 -0.026963 0.000412
v -0.022079 -0.026600 0.002752
v -0.023409 -0.018361 0.000151
v -0.024727 -0.017154 -0.000434
v -0.014655 -0.015629 0.001230
v -0.014122 -0.018377 0.000208
v -0.025006 -0.018777 0.001382
v -0.014787 -0.017160 0.002783
v -0.002266 -0.015673 0.004712
v -0.002192 -0.014094 0.003205
v -0.012625 -0.022951 0.009681
v -0.002087 -0.026834 0.015388
v -0.002138 -0.022064 0.010841
v 0.004726 -0.026164 0.016039
v 0.005968 -0.021387 0.011731
v 0.007607 -0.015078 0.006042
v 0.019676 -0.014258 0.007504
v 0.007676 -0.013461 0.004575
v 0.019487 -0.013421 0.006539
v 0.019804 -0.020831 0.006865
v 0.018340 -0.014803 0.006781
v 0.017288 -0.020845 0.008466
v 0.017424 -0.024823 0.008654
v 0.019962 -0.024782 0.007090
v 0.017824 -0.034489 0.008768
v 0.020328 -0.034502 0.007154
v 0.017729 -0.039059 0.008775
v 0.016981 -0.042271 0.009275
v 0.020220 -0.039557 0.007271
v 0.019301 -0.043711 0.008288
v 0.020629 -0.034493 0.008570
v 0.020501 -0.039067 0.008755
v 0.012968 -0.029668 0.017591
v 0.012983 -0.031967 0.017557
v 0.019608 -0.042886 0.009721
v 0.011833 -0.034772 0.018315
v 0.017210 -0.046251 0.012059
v 0.016981 -0.047003 0.010743
v 0.013505 -0.046056 0.012648
v 0.015043 -0.044803 0.011156
v 0.014903 -0.048655 0.012466
v 0.015175 -0.047726 0.013904
v 0.012384 -0.049690 0.013626
v 0.011702 -0.046832 0.013935
v 0.008476 -0.047229 0.014591
v 0.008744 -0.050164 0.014140
v 0.002447 -0.047786 0.015060
v 0.002683 -0.050728 0.014643
v -0.001983 -0.048150 0.014930
v -0.001746 -0.051100 0.014573
v -0.006986 -0.048491 0.014322
v -0.006753 -0.051452 0.014058
v -0.012736 -0.048898 0.012930
v -0.012677 -0.051866 0.012956
v -0.014450 -0.049014 0.011771
v -0.015098 -0.051849 0.012134
v -0.015719 -0.048680 0.010214
v -0.017113 -0.051283 0.010366
v -0.018301 -0.046899 0.007251
v -0.019930 -0.049253 0.006598
v -0.020020 -0.045223 0.006100
v -0.021442 -0.046945 0.004309
v -0.020741 -0.042414 0.005254
v -0.021802 -0.043414 0.002671
v -0.021743 -0.037707 0.004279
v -0.022855 -0.038280 0.001585
v -0.022149 -0.031154 0.003517
v -0.023161 -0.043256 0.003684
v -0.022203 -0.046312 0.005381
v -0.017510 -0.031723 0.014598
v -0.010111 -0.031098 0.015368
v -0.017049 -0.033576 0.015010
v -0.009362 -0.035705 0.016424
v -0.015869 -0.036235 0.015713
v -0.009697 -0.033154 0.015830
v -0.020613 -0.048353 0.007533
v -0.017526 -0.050268 0.011304
v -0.013887 -0.038910 0.016577
v -0.015333 -0.050924 0.013471
v -0.012406 -0.040507 0.017138
v -0.012764 -0.051323 0.014516
v -0.006638 -0.050857 0.015929
v -0.011031 -0.041400 0.017520
v -0.006790 -0.041316 0.018081
v -0.007438 -0.040218 0.017729
v -0.001795 -0.040850 0.018539
v -0.001755 -0.050591 0.016453
v 0.002828 -0.050198 0.016567
v 0.008984 -0.049666 0.016129
v 0.003511 -0.040593 0.018884
v 0.004271 -0.039373 0.018697
v -0.001865 -0.039813 0.018277
v 0.009341 -0.038924 0.018871
v 0.006944 -0.040112 0.018966
v 0.012555 -0.049159 0.015559
v 0.010592 -0.037450 0.018646
v 0.004534 -0.037235 0.018282
v 0.004936 -0.034885 0.017835
v -0.001981 -0.035202 0.017176
v -0.001689 -0.037688 0.017785
v -0.008267 -0.038259 0.017152
v -0.002186 -0.032821 0.016630
v -0.002353 -0.030595 0.016153
v 0.005225 -0.030064 0.016897
v 0.005205 -0.032389 0.017354
v 0.005176 -0.027776 0.016448
v 0.013021 -0.026932 0.017179
v 0.013105 -0.025341 0.016837
v 0.016010 -0.020942 0.012420
v 0.020108 -0.024539 0.008494
v 0.020039 -0.020638 0.007973
v -0.002421 -0.028562 0.015747
v 0.007937 -0.016184 0.003390
v -0.001776 -0.016812 0.002053
v 0.008345 -0.019270 0.017013
v 0.008672 -0.017669 0.017086
v 0.011287 -0.019807 0.016997
v 0.008336 -0.019277 0.017273
v 0.008238 -0.022187 0.016100
v 0.008252 -0.022122 0.015856
v 0.011056 -0.022597 0.015826
v 0.010782 -0.025917 0.014433
v 0.011280 -0.019815 0.017256
v 0.011044 -0.022662 0.016069
v 0.010763 -0.026047 0.014659
v 0.011779 -0.022791 0.016058
v 0.011424 -0.026152 0.014635
v 0.011443 -0.026018 0.014410
v 0.011790 -0.022726 0.015815
v 0.012099 -0.019923 0.015951
v 0.011820 -0.022464 0.014831
v 0.012082 -0.019956 0.016996
v 0.012347 -0.018404 0.017063
v 0.012327 -0.018495 0.016018
v 0.012078 -0.019965 0.017255
v 0.011581 -0.018220 0.017325
v 0.012353 -0.018382 0.017321
v 0.012971 -0.016894 0.016924
v 0.012284 -0.016673 0.017194
v 0.012984 -0.016858 0.017182
v 0.013412 -0.012386 0.016213
v 0.014115 -0.012567 0.016199
v 0.014102 -0.012604 0.015940
v 0.015246 -0.008166 0.013847
v 0.015311 -0.008011 0.014888
v 0.014033 -0.012753 0.014898
v 0.012900 -0.017038 0.015880
v 0.012200 -0.016855 0.015893
v 0.013328 -0.012572 0.014912
v 0.009423 -0.016188 0.015922
v 0.010592 -0.011911 0.014950
v 0.014537 -0.007987 0.013862
v 0.011845 -0.007332 0.013908
v 0.015824 -0.003100 0.012744
v 0.016537 -0.003276 0.012727
v 0.016601 -0.003118 0.013768
v 0.015888 -0.002942 0.013784
v 0.016617 -0.003079 0.014025
v 0.015325 -0.007974 0.015147
v 0.014618 -0.007796 0.015161
v 0.015904 -0.002903 0.014042
v 0.014603 -0.007833 0.014904
v 0.013249 -0.002298 0.013834
v 0.013398 -0.012422 0.015955
v 0.011914 -0.007179 0.014947
v 0.010661 -0.011761 0.015990
v 0.011930 -0.007142 0.015205
v 0.010677 -0.011724 0.016248
v 0.009506 -0.016005 0.017224
v 0.009832 -0.011532 0.016261
v 0.011108 -0.006947 0.015220
v 0.011093 -0.006985 0.014963
v 0.009818 -0.011569 0.016003
v 0.012467 -0.002061 0.014112
v 0.012452 -0.002100 0.013855
v 0.013265 -0.002259 0.014093
v 0.012382 -0.002255 0.012818
v 0.013180 -0.002452 0.012798
v 0.011025 -0.007137 0.013924
v 0.009751 -0.011719 0.014962
v 0.008560 -0.016000 0.015932
v 0.008627 -0.015851 0.016975
v 0.007808 -0.017510 0.017099
v 0.008641 -0.015816 0.017233
v 0.008673 -0.017647 0.017344
v 0.007811 -0.017487 0.017358
v 0.007479 -0.019126 0.017283
v 0.007486 -0.019116 0.017024
v 0.007803 -0.017604 0.016059
v 0.007524 -0.019084 0.015984
v 0.007394 -0.021978 0.015862
v 0.007285 -0.025381 0.014482
v 0.007382 -0.022044 0.016105
v 0.007432 -0.021715 0.014881
v 0.008290 -0.021858 0.014874
v 0.008385 -0.019238 0.015973
v 0.007325 -0.024843 0.013569
v 0.008179 -0.024975 0.013568
v 0.008140 -0.025514 0.014481
v 0.010825 -0.025379 0.013521
v 0.011090 -0.022335 0.014843
v 0.011313 -0.019774 0.015955
v 0.011566 -0.018336 0.016024
v 0.008671 -0.017765 0.016047
v 0.011490 -0.025484 0.013499
v 0.008123 -0.025646 0.014705
v 0.007268 -0.025513 0.014706
v 0.009492 -0.016041 0.016965
v 0.012272 -0.016710 0.016937
v 0.011579 -0.018242 0.017066
v -0.014774 -0.024022 0.013124
v -0.015174 -0.023233 0.013522
v -0.016955 -0.024286 0.012892
v -0.014588 -0.028315 0.013054
v -0.016092 -0.028498 0.012895
v -0.014130 -0.023943 0.013193
v -0.014709 -0.023177 0.013571
v -0.014796 -0.023056 0.013632
v -0.014029 -0.023945 0.013361
v -0.014608 -0.023179 0.013739
v -0.014143 -0.024075 0.014577
v -0.014657 -0.023235 0.014267
v -0.014720 -0.023032 0.013813
v -0.014758 -0.023073 0.014206
v -0.014961 -0.023021 0.013643
v -0.014954 -0.023022 0.014165
v -0.014923 -0.022985 0.013829
v -0.015259 -0.023065 0.013606
v -0.015299 -0.023031 0.013789
v -0.015330 -0.023067 0.014124
v -0.016822 -0.023216 0.013626
v -0.016814 -0.023254 0.013441
v -0.017098 -0.023282 0.013414
v -0.016839 -0.023436 0.013344
v -0.017571 -0.024362 0.012826
v -0.017281 -0.023490 0.013297
v -0.017242 -0.023355 0.013369
v -0.017178 -0.023259 0.013588
v -0.017356 -0.023351 0.013532
v -0.017393 -0.023393 0.013926
v -0.017412 -0.023521 0.013441
v -0.017702 -0.024393 0.012970
v -0.017461 -0.023576 0.013969
v -0.017815 -0.024521 0.014186
v -0.017360 -0.023578 0.014137
v -0.017311 -0.023432 0.014103
v -0.016917 -0.023525 0.014184
v -0.017162 -0.023355 0.014102
v -0.016879 -0.023327 0.014134
v -0.017209 -0.023296 0.013923
v -0.016853 -0.023251 0.013962
v -0.015324 -0.023139 0.014300
v -0.015025 -0.023094 0.014329
v -0.015253 -0.023322 0.014362
v -0.014917 -0.024183 0.014653
v -0.014273 -0.024106 0.014722
v -0.014788 -0.023266 0.014412
v -0.014864 -0.023134 0.014363
v -0.014256 -0.028350 0.013903
v -0.014664 -0.028401 0.013859
v -0.014220 -0.028576 0.013861
v -0.014125 -0.028320 0.013758
v -0.014079 -0.028268 0.013267
v -0.014125 -0.028592 0.013706
v -0.014083 -0.028545 0.013261
v -0.014259 -0.028674 0.013679
v -0.014218 -0.028628 0.013245
v -0.014332 -0.028646 0.013840
v -0.014647 -0.028680 0.013806
v -0.016105 -0.028858 0.013650
v -0.016167 -0.028583 0.013698
v -0.014629 -0.028720 0.013639
v -0.014588 -0.028673 0.013206
v -0.016078 -0.028896 0.013485
v -0.016038 -0.028849 0.013052
v -0.016429 -0.028938 0.013447
v -0.016402 -0.028898 0.013619
v -0.016528 -0.028856 0.013616
v -0.016555 -0.028630 0.013657
v -0.016582 -0.028890 0.013445
v -0.016540 -0.028843 0.013000
v -0.016656 -0.028628 0.013489
v -0.016610 -0.028575 0.012998
v -0.017715 -0.024523 0.014355
v -0.017099 -0.024448 0.014421
v -0.016480 -0.028545 0.012853
v -0.016457 -0.028775 0.012851
v -0.016331 -0.028818 0.012863
v -0.016388 -0.028892 0.013015
v -0.016034 -0.028777 0.012895
v -0.014576 -0.028599 0.013050
v -0.014261 -0.028568 0.013085
v -0.014149 -0.028496 0.013098
v -0.014181 -0.028266 0.013098
v -0.024852 -0.004436 0.008840
v -0.024795 -0.004486 0.008589
v -0.022783 -0.009663 0.010481
v -0.025606 -0.004736 0.008727
v -0.025549 -0.004786 0.008477
v -0.025319 -0.004987 0.007468
v -0.023474 -0.010029 0.010123
v -0.023533 -0.009975 0.010371
v -0.023235 -0.010251 0.009121
v -0.021768 -0.014339 0.011475
v -0.020297 -0.018058 0.012642
v -0.021829 -0.014279 0.011722
v -0.021523 -0.014578 0.010479
v -0.020045 -0.018312 0.011651
v -0.022485 -0.009939 0.009230
v -0.020776 -0.014256 0.010585
v -0.019302 -0.017981 0.011754
v -0.018287 -0.013182 0.010939
v -0.019983 -0.008898 0.009594
v -0.019310 -0.008618 0.009692
v -0.022047 -0.003686 0.007957
v -0.021369 -0.003417 0.008058
v -0.021600 -0.003216 0.009067
v -0.019549 -0.008396 0.010693
v -0.019608 -0.008342 0.010941
v -0.017924 -0.012594 0.012277
v -0.017863 -0.012653 0.012030
v -0.017618 -0.012892 0.011033
v -0.016470 -0.016264 0.013430
v -0.016408 -0.016327 0.013183
v -0.016157 -0.016581 0.012191
v -0.015836 -0.017903 0.014008
v -0.015773 -0.017968 0.013763
v -0.015207 -0.019562 0.014397
v -0.015150 -0.019610 0.014147
v -0.015520 -0.018229 0.012774
v -0.014922 -0.019804 0.013137
v -0.015599 -0.020072 0.013035
v -0.016189 -0.018518 0.012679
v -0.016823 -0.016878 0.012099
v -0.018680 -0.019593 0.012326
v -0.018120 -0.021063 0.012657
v -0.018876 -0.021361 0.012543
v -0.017346 -0.023741 0.012470
v -0.018122 -0.023960 0.012351
v -0.017428 -0.026360 0.012174
v -0.017552 -0.026551 0.013202
v -0.018296 -0.023968 0.013371
v -0.019159 -0.021122 0.013805
v -0.019103 -0.021170 0.013554
v -0.018339 -0.023970 0.013623
v -0.017562 -0.023751 0.013742
v -0.016786 -0.026451 0.013580
v -0.017583 -0.026599 0.013457
v -0.016755 -0.026404 0.013325
v -0.014231 -0.025821 0.013713
v -0.014048 -0.025669 0.012697
v -0.017520 -0.023749 0.013491
v -0.016632 -0.026213 0.012297
v -0.014793 -0.022982 0.012860
v -0.014092 -0.022787 0.012968
v -0.013326 -0.025542 0.012810
v -0.013505 -0.025696 0.013827
v -0.014295 -0.022775 0.013980
v -0.013538 -0.025742 0.014080
v -0.014339 -0.022775 0.014233
v -0.015041 -0.022968 0.014125
v -0.015883 -0.019830 0.014296
v -0.014997 -0.022968 0.013873
v -0.015828 -0.019878 0.014045
v -0.016505 -0.018193 0.013914
v -0.016442 -0.018257 0.013668
v -0.017137 -0.016561 0.013337
v -0.017075 -0.016624 0.013091
v -0.018593 -0.012882 0.012183
v -0.018532 -0.012943 0.011936
v -0.020281 -0.008621 0.010844
v -0.020221 -0.008676 0.010596
v -0.022333 -0.003436 0.009215
v -0.022276 -0.003486 0.008966
v -0.021657 -0.003167 0.009317
v -0.024564 -0.004687 0.007580
v -0.022723 -0.009717 0.010232
v -0.021083 -0.013958 0.011828
v -0.021022 -0.014017 0.011582
v -0.019553 -0.017727 0.012746
v -0.019616 -0.017664 0.012992
v -0.020359 -0.017995 0.012889
v -0.018995 -0.019268 0.013562
v -0.018932 -0.019333 0.013317
v -0.018404 -0.020826 0.013919
v -0.019742 -0.019591 0.013456
v -0.019679 -0.019654 0.013211
v -0.019427 -0.019915 0.012221
v -0.018347 -0.020873 0.013669
v -0.014264 -0.025866 0.013967
v 0.000506 0.005830 0.012125
v 0.000480 0.005859 0.013179
v 0.001932 0.005907 0.012159
v 0.001695 0.010353 0.012042
v 0.000269 0.010276 0.012006
v -0.000313 0.005786 0.012105
v -0.000339 0.005814 0.013160
v -0.000585 0.010318 0.013298
v -0.000346 0.005821 0.013419
v -0.000549 0.010232 0.011987
v -0.000578 0.010301 0.013037
v -0.000791 0.014195 0.013192
v -0.000753 0.014065 0.011884
v -0.000784 0.014169 0.012932
v -0.000839 0.015678 0.011841
v -0.000871 0.015797 0.012888
v -0.000878 0.015827 0.013148
v -0.000060 0.015870 0.013167
v 0.000027 0.014239 0.013212
v -0.000964 0.017504 0.012954
v -0.001247 0.023058 0.012312
v -0.000145 0.017548 0.012974
v -0.000956 0.017474 0.012695
v -0.000925 0.017354 0.011648
v -0.001240 0.023028 0.012053
v -0.001208 0.022909 0.011006
v -0.000390 0.022953 0.011025
v -0.000579 0.026661 0.010597
v -0.001398 0.026617 0.010577
v -0.000865 0.032256 0.009951
v -0.001429 0.026737 0.011626
v -0.001684 0.032212 0.009931
v -0.000896 0.032376 0.010998
v -0.001715 0.032331 0.010978
v -0.001723 0.032361 0.011237
v -0.000905 0.032406 0.011258
v -0.000618 0.026810 0.011904
v -0.000611 0.026780 0.011644
v -0.001437 0.026767 0.011884
v -0.000429 0.023102 0.012332
v -0.000422 0.023072 0.012073
v -0.000137 0.017518 0.012715
v 0.001288 0.017596 0.012748
v 0.001004 0.023149 0.012107
v 0.002592 0.017664 0.012780
v 0.002309 0.023219 0.012138
v 0.000815 0.026857 0.011679
v 0.000530 0.032452 0.011032
v 0.002119 0.026928 0.011711
v 0.002112 0.026957 0.011969
v 0.001834 0.032523 0.011064
v 0.001826 0.032552 0.011324
v 0.002560 0.032591 0.011341
v 0.002846 0.026996 0.011987
v 0.002853 0.026967 0.011728
v 0.003036 0.023288 0.012415
v 0.002568 0.032563 0.011082
v 0.001866 0.032403 0.010017
v 0.002600 0.032443 0.010034
v 0.002885 0.026847 0.010681
v 0.002152 0.026809 0.010663
v 0.000847 0.026739 0.010632
v 0.002341 0.023101 0.011091
v 0.001037 0.023030 0.011061
v 0.001320 0.017476 0.011702
v -0.000107 0.017399 0.011667
v -0.000021 0.015722 0.011862
v 0.001406 0.015798 0.011895
v 0.000066 0.014108 0.011904
v 0.001491 0.014186 0.011938
v 0.002710 0.015869 0.011926
v 0.002796 0.014256 0.011970
v 0.003530 0.014295 0.011988
v 0.003000 0.010423 0.012072
v 0.003444 0.015908 0.011945
v 0.003499 0.014400 0.013036
v 0.003412 0.016028 0.012992
v 0.003358 0.017585 0.011751
v 0.002625 0.017546 0.011733
v 0.003074 0.023139 0.011109
v 0.003326 0.017704 0.012798
v 0.003319 0.017734 0.013056
v 0.003405 0.016057 0.013251
v 0.003043 0.023259 0.012156
v 0.002671 0.016018 0.013233
v 0.002585 0.017695 0.013040
v 0.003491 0.014426 0.013296
v 0.003698 0.010549 0.013401
v 0.002757 0.014386 0.013277
v 0.002964 0.010510 0.013383
v 0.002971 0.010492 0.013122
v 0.002765 0.014360 0.013017
v 0.002679 0.015988 0.012973
v 0.001461 0.014290 0.012987
v 0.001374 0.015917 0.012942
v -0.000052 0.015841 0.012908
v 0.000035 0.014213 0.012953
v 0.000233 0.010363 0.013318
v 0.000241 0.010346 0.013057
v 0.001667 0.010423 0.013093
v 0.001905 0.005936 0.013213
v 0.003210 0.006006 0.013243
v 0.003237 0.005978 0.012190
v 0.003203 0.006013 0.013506
v 0.003970 0.006017 0.012208
v 0.003944 0.006045 0.013262
v 0.003705 0.010532 0.013140
v 0.003937 0.006052 0.013523
v 0.003734 0.010462 0.012090
v 0.000473 0.005865 0.013439
v 0.002301 0.023249 0.012397
v 0.000561 0.032333 0.009985
v 0.000201 -0.024647 0.014789
v 0.000212 -0.022163 0.015595
v 0.002984 -0.024652 0.015000
v 0.000265 -0.024109 0.013887
v 0.003045 -0.024112 0.014097
v 0.000186 -0.024782 0.015012
v -0.000617 -0.024649 0.014730
v -0.000633 -0.024783 0.014954
v -0.000621 -0.022186 0.015781
v -0.000605 -0.022133 0.015539
v 0.000196 -0.022216 0.015837
v -0.000610 -0.019652 0.016588
v 0.000206 -0.019713 0.016641
v -0.000455 -0.017834 0.016469
v -0.000593 -0.019678 0.016328
v -0.000532 -0.019778 0.015281
v -0.000386 -0.018072 0.015179
v -0.000441 -0.017881 0.016214
v -0.000166 -0.016126 0.014856
v -0.000233 -0.015897 0.016151
v -0.000219 -0.015943 0.015894
v 0.000155 -0.011978 0.014410
v 0.000082 -0.011795 0.015709
v 0.000097 -0.011832 0.015450
v 0.000489 -0.006499 0.015137
v 0.000505 -0.006523 0.014879
v 0.000570 -0.006622 0.013833
v 0.001385 -0.006601 0.013884
v 0.001714 -0.002301 0.013425
v 0.000899 -0.002375 0.013375
v 0.000829 -0.002313 0.014425
v 0.001645 -0.002240 0.014475
v 0.001627 -0.002225 0.014735
v 0.001303 -0.006477 0.015191
v 0.001319 -0.006502 0.014931
v 0.004364 -0.001997 0.014642
v 0.004032 -0.006430 0.015106
v 0.004016 -0.006406 0.015366
v 0.004346 -0.001982 0.014903
v 0.003615 -0.012019 0.015690
v 0.003291 -0.016348 0.016143
v 0.003600 -0.011984 0.015948
v 0.000910 -0.011875 0.015507
v 0.000580 -0.015990 0.016209
v 0.000593 -0.016036 0.015952
v 0.000895 -0.011839 0.015764
v 0.000374 -0.017948 0.016270
v 0.000361 -0.017902 0.016528
v 0.003058 -0.018172 0.016449
v 0.003045 -0.018124 0.016706
v 0.003279 -0.016303 0.016399
v 0.002923 -0.019945 0.016561
v 0.002953 -0.022270 0.015790
v 0.000221 -0.019739 0.016383
v 0.002905 -0.019919 0.016819
v 0.003607 -0.019976 0.016862
v 0.003673 -0.022354 0.016085
v 0.002936 -0.022322 0.016030
v 0.002967 -0.024786 0.015224
v 0.003741 -0.024792 0.015287
v 0.003691 -0.022301 0.015844
v 0.003759 -0.024659 0.015064
v 0.003819 -0.024119 0.014161
v 0.003762 -0.022088 0.014872
v 0.003708 -0.020109 0.015562
v 0.003022 -0.022056 0.014815
v 0.000274 -0.021947 0.014620
v 0.002999 -0.020050 0.015518
v 0.003120 -0.018364 0.015415
v 0.000284 -0.019840 0.015335
v 0.003809 -0.018423 0.015456
v 0.003740 -0.018230 0.016487
v 0.003626 -0.020003 0.016603
v 0.004042 -0.016608 0.015150
v 0.003349 -0.016530 0.015106
v 0.004381 -0.012200 0.014694
v 0.003979 -0.016426 0.016184
v 0.004316 -0.012054 0.015733
v 0.003965 -0.016380 0.016441
v 0.003725 -0.018182 0.016742
v 0.004300 -0.012018 0.015991
v 0.004734 -0.006384 0.015408
v 0.004750 -0.006409 0.015149
v 0.005094 -0.001932 0.014686
v 0.004818 -0.006507 0.014104
v 0.005164 -0.001993 0.013637
v 0.004434 -0.002058 0.013592
v 0.004099 -0.006528 0.014060
v 0.000968 -0.012022 0.014465
v 0.003676 -0.012165 0.014651
v 0.000647 -0.016219 0.014915
v 0.000430 -0.018140 0.015234
v 0.005077 -0.001917 0.014946
v -0.000542 -0.021917 0.014563
v -0.000553 -0.024110 0.013827
v 0.000812 -0.002298 0.014684
v -0.006852 -0.023454 0.013927
v -0.007252 -0.022667 0.014324
v -0.009033 -0.023719 0.013694
v -0.006666 -0.027747 0.013858
v -0.008170 -0.027930 0.013697
v -0.006207 -0.023376 0.013995
v -0.006787 -0.022610 0.014373
v -0.006874 -0.022489 0.014433
v -0.006107 -0.023378 0.014165
v -0.006686 -0.022612 0.014543
v -0.006221 -0.023508 0.015379
v -0.006735 -0.022668 0.015069
v -0.006799 -0.022464 0.014616
v -0.006836 -0.022506 0.015010
v -0.007039 -0.022454 0.014445
v -0.007001 -0.022419 0.014632
v -0.007033 -0.022454 0.014966
v -0.007377 -0.022464 0.014591
v -0.007104 -0.022527 0.015131
v -0.006942 -0.022567 0.015165
v -0.007409 -0.022499 0.014927
v -0.007402 -0.022571 0.015102
v -0.008900 -0.022650 0.014428
v -0.008931 -0.022685 0.014765
v -0.009256 -0.022693 0.014391
v -0.009287 -0.022728 0.014727
v -0.008957 -0.022760 0.014937
v -0.007331 -0.022755 0.015164
v -0.008995 -0.022958 0.014988
v -0.009241 -0.022787 0.014905
v -0.009471 -0.022826 0.014728
v -0.009389 -0.022865 0.014906
v -0.009438 -0.023011 0.014940
v -0.009539 -0.023009 0.014771
v -0.009490 -0.022954 0.014243
v -0.009779 -0.023824 0.013773
v -0.009893 -0.023954 0.014989
v -0.008688 -0.028008 0.013801
v -0.008734 -0.028060 0.014291
v -0.009793 -0.023957 0.015157
v -0.008245 -0.028015 0.014502
v -0.008633 -0.028062 0.014460
v -0.009177 -0.023882 0.015223
v -0.006995 -0.023616 0.015456
v -0.006742 -0.027833 0.014661
v -0.006334 -0.027783 0.014706
v -0.006724 -0.028113 0.014609
v -0.006409 -0.028081 0.014642
v -0.006298 -0.028009 0.014664
v -0.006203 -0.028026 0.014509
v -0.006203 -0.027753 0.014561
v -0.006157 -0.027701 0.014071
v -0.006161 -0.027978 0.014064
v -0.006258 -0.027697 0.013902
v -0.006227 -0.027928 0.013900
v -0.006339 -0.028000 0.013887
v -0.006296 -0.028062 0.014048
v -0.006666 -0.028106 0.014009
v -0.006337 -0.028108 0.014481
v -0.006708 -0.028152 0.014441
v -0.008156 -0.028328 0.014288
v -0.008183 -0.028290 0.014454
v -0.008480 -0.028332 0.014421
v -0.008507 -0.028371 0.014251
v -0.008606 -0.028289 0.014419
v -0.008660 -0.028324 0.014247
v -0.008618 -0.028277 0.013802
v -0.008409 -0.028251 0.013667
v -0.008535 -0.028208 0.013653
v -0.008466 -0.028325 0.013817
v -0.008116 -0.028282 0.013854
v -0.008113 -0.028209 0.013698
v -0.006654 -0.028033 0.013852
v -0.008559 -0.027977 0.013656
v -0.009650 -0.023794 0.013628
v -0.008917 -0.022868 0.014148
v -0.009359 -0.022923 0.014100
v -0.009320 -0.022787 0.014173
v -0.009434 -0.022784 0.014335
v -0.009176 -0.022715 0.014217
v -0.008892 -0.022686 0.014243
v -0.007337 -0.022498 0.014409
v -0.006351 -0.023539 0.015525
v -0.006866 -0.022699 0.015213
v -0.014369 -0.002384 0.011893
v -0.014225 -0.002506 0.010857
v -0.011730 -0.001725 0.012183
v -0.014405 -0.002354 0.012150
v -0.013029 -0.007670 0.013081
v -0.012990 -0.007712 0.012827
v -0.015160 -0.002581 0.011806
v -0.015015 -0.002703 0.010769
v -0.010356 -0.007062 0.013115
v -0.009229 -0.011431 0.013878
v -0.011766 -0.001694 0.012440
v -0.010394 -0.007021 0.013371
v -0.009270 -0.011381 0.014131
v -0.009689 -0.006847 0.013447
v -0.008570 -0.011209 0.014207
v -0.008530 -0.011260 0.013954
v -0.009651 -0.006888 0.013192
v -0.007464 -0.015524 0.014959
v -0.008159 -0.015693 0.014884
v -0.007128 -0.016951 0.015399
v -0.007421 -0.015584 0.014708
v -0.007254 -0.015822 0.013695
v -0.008369 -0.011463 0.012934
v -0.007083 -0.017020 0.015153
v -0.006909 -0.017299 0.014151
v -0.006767 -0.018444 0.015412
v -0.006805 -0.018398 0.015665
v -0.006200 -0.021320 0.015263
v -0.007507 -0.018549 0.015589
v -0.007824 -0.017114 0.015324
v -0.007467 -0.018595 0.015334
v -0.007780 -0.017181 0.015076
v -0.010414 -0.017786 0.014786
v -0.010745 -0.016385 0.014346
v -0.008116 -0.015752 0.014633
v -0.011860 -0.012073 0.013591
v -0.010787 -0.016327 0.014597
v -0.011902 -0.012023 0.013844
v -0.012699 -0.012218 0.013756
v -0.013823 -0.007867 0.012994
v -0.012659 -0.012267 0.013503
v -0.013784 -0.007907 0.012740
v -0.015196 -0.002551 0.012064
v -0.013632 -0.008074 0.011712
v -0.012837 -0.007878 0.011799
v -0.012499 -0.012470 0.012484
v -0.011379 -0.016817 0.013245
v -0.011701 -0.012276 0.012570
v -0.011545 -0.016579 0.014258
v -0.011588 -0.016520 0.014509
v -0.011217 -0.017973 0.014697
v -0.011045 -0.018243 0.013695
v -0.011261 -0.017907 0.014946
v -0.010917 -0.019344 0.014949
v -0.010769 -0.019521 0.013921
v -0.010419 -0.022146 0.014529
v -0.010955 -0.019302 0.015203
v -0.010152 -0.019121 0.015293
v -0.010446 -0.022155 0.014783
v -0.009644 -0.021982 0.014872
v -0.010114 -0.019164 0.015039
v -0.009617 -0.021974 0.014619
v -0.009129 -0.024882 0.014447
v -0.009930 -0.025047 0.014357
v -0.009113 -0.024821 0.014194
v -0.006250 -0.024098 0.013497
v -0.009028 -0.024582 0.013176
v -0.006328 -0.024340 0.014515
v -0.009914 -0.024986 0.014103
v -0.009830 -0.024746 0.013087
v -0.010303 -0.022116 0.013507
v -0.009500 -0.021944 0.013597
v -0.009966 -0.019341 0.014013
v -0.007318 -0.018778 0.014307
v -0.007605 -0.017460 0.014076
v -0.010243 -0.018057 0.013784
v -0.010578 -0.016624 0.013333
v -0.007949 -0.015991 0.013620
v -0.009069 -0.011634 0.012858
v -0.009498 -0.007055 0.012164
v -0.010202 -0.007228 0.012087
v -0.010876 -0.001670 0.011224
v -0.011586 -0.001847 0.011146
v -0.011021 -0.001547 0.012261
v -0.011057 -0.001517 0.012517
v -0.006616 -0.018628 0.014386
v -0.006787 -0.021421 0.013905
v -0.006060 -0.021285 0.013988
v -0.005497 -0.023978 0.013584
v -0.005570 -0.024221 0.014603
v -0.006172 -0.021313 0.015010
v -0.005586 -0.024282 0.014856
v -0.006344 -0.024402 0.014768
v -0.006928 -0.021457 0.015180
v -0.006902 -0.021449 0.014927
v -0.010458 -0.017719 0.015034
v 0.014039 0.008996 0.010934
v 0.014046 0.008935 0.010697
v 0.014088 0.012244 0.010108
v 0.014808 0.008990 0.010957
v 0.014814 0.008929 0.010720
v 0.014863 0.012170 0.009895
v 0.017402 0.008663 0.009838
v 0.014840 0.008683 0.009763
v 0.017376 0.008909 0.010794
v 0.018090 0.008658 0.009858
v 0.018064 0.008903 0.010814
v 0.017369 0.008970 0.011031
v 0.017418 0.012219 0.010205
v 0.017425 0.012150 0.009969
v 0.014907 0.015062 0.009160
v 0.017463 0.015117 0.009467
v 0.017469 0.015042 0.009234
v 0.014925 0.016257 0.008856
v 0.017480 0.016315 0.009162
v 0.017487 0.016238 0.008931
v 0.014947 0.017457 0.008407
v 0.017509 0.017437 0.008482
v 0.017503 0.017514 0.008713
v 0.018169 0.016309 0.009181
v 0.018191 0.017509 0.008733
v 0.017558 0.020506 0.007595
v 0.018247 0.020501 0.007615
v 0.017565 0.020429 0.007363
v 0.017621 0.023915 0.006321
v 0.018310 0.023908 0.006341
v 0.017700 0.028142 0.004740
v 0.017627 0.023836 0.006089
v 0.015144 0.028085 0.004434
v 0.015066 0.023856 0.006014
v 0.017706 0.028065 0.004510
v 0.017731 0.027754 0.003572
v 0.018395 0.028059 0.004528
v 0.015170 0.027774 0.003498
v 0.018389 0.028136 0.004760
v 0.014401 0.027780 0.003475
v 0.015091 0.023546 0.005079
v 0.014323 0.023552 0.005056
v 0.014259 0.020144 0.006330
v 0.014235 0.020455 0.007266
v 0.014297 0.023862 0.005992
v 0.014376 0.028091 0.004412
v 0.014370 0.028168 0.004643
v 0.014292 0.023940 0.006224
v 0.015060 0.023934 0.006248
v 0.014228 0.020532 0.007498
v 0.014996 0.020526 0.007520
v 0.014940 0.017533 0.008639
v 0.015003 0.020449 0.007289
v 0.014172 0.017539 0.008617
v 0.014918 0.016334 0.009087
v 0.014150 0.016340 0.009066
v 0.014900 0.015136 0.009392
v 0.014132 0.015142 0.009370
v 0.014857 0.012238 0.010130
v 0.014139 0.015068 0.009137
v 0.014095 0.012176 0.009873
v 0.014120 0.011902 0.008926
v 0.014164 0.014767 0.008197
v 0.014931 0.014762 0.008221
v 0.014949 0.015946 0.007920
v 0.014181 0.015951 0.007897
v 0.014157 0.016263 0.008833
v 0.014971 0.017145 0.007471
v 0.014204 0.017152 0.007449
v 0.015027 0.020137 0.006352
v 0.014179 0.017462 0.008384
v 0.017653 0.023526 0.005155
v 0.017589 0.020118 0.006427
v 0.018277 0.020113 0.006448
v 0.018341 0.023520 0.005173
v 0.017534 0.017125 0.007545
v 0.017511 0.015926 0.007994
v 0.018223 0.017120 0.007565
v 0.018197 0.017432 0.008501
v 0.018200 0.015921 0.008014
v 0.018175 0.016232 0.008951
v 0.018151 0.015112 0.009487
v 0.018157 0.015037 0.009255
v 0.018107 0.012213 0.010224
v 0.018113 0.012144 0.009990
v 0.018182 0.014737 0.008315
v 0.018139 0.011870 0.009042
v 0.017450 0.011876 0.009023
v 0.017493 0.014742 0.008295
v 0.014888 0.011895 0.008948
v 0.014072 0.008689 0.009742
v 0.018058 0.008965 0.011051
v 0.018253 0.020423 0.007383
v 0.018317 0.023831 0.006109
v 0.018420 0.027748 0.003593
v 0.015139 0.028162 0.004665
v 0.002427 -0.022622 0.016615
v 0.002537 -0.026741 0.015391
v 0.000235 -0.022797 0.016392
v 0.002116 -0.021726 0.016420
v 0.000443 -0.021859 0.016248
v 0.003074 -0.022570 0.016681
v 0.002947 -0.026707 0.015434
v 0.002974 -0.026930 0.015368
v 0.003204 -0.022529 0.016540
v 0.003076 -0.026667 0.015290
v 0.003117 -0.026566 0.014807
v 0.003305 -0.022279 0.015341
v 0.003068 -0.026932 0.015210
v 0.003105 -0.026842 0.014772
v 0.002967 -0.026917 0.014752
v 0.002930 -0.027006 0.015178
v 0.002861 -0.026995 0.015340
v 0.002544 -0.027014 0.015310
v 0.002559 -0.027036 0.015139
v 0.001027 -0.026860 0.015236
v 0.001080 -0.027130 0.015161
v 0.000781 -0.027159 0.015129
v 0.001103 -0.027152 0.014990
v 0.001139 -0.027063 0.014564
v 0.002595 -0.026947 0.014714
v 0.000750 -0.027180 0.014955
v 0.000787 -0.027091 0.014528
v 0.000637 -0.027037 0.014520
v 0.000599 -0.027128 0.014958
v 0.000657 -0.027113 0.015132
v 0.000637 -0.026891 0.015197
v 0.000534 -0.026868 0.015031
v -0.000383 -0.022845 0.016329
v -0.000002 -0.021894 0.016203
v -0.000486 -0.022822 0.016161
v -0.000383 -0.022573 0.014964
v 0.000575 -0.026768 0.014548
v -0.000105 -0.021871 0.016037
v -0.000061 -0.021762 0.015517
v -0.000032 -0.021687 0.016013
v 0.000052 -0.021746 0.016181
v 0.000203 -0.021674 0.016188
v 0.000487 -0.021658 0.016218
v 0.000155 -0.021594 0.016018
v 0.000513 -0.021566 0.016055
v 0.000184 -0.021526 0.015688
v 0.000003 -0.021607 0.015624
v 0.000113 -0.021595 0.015461
v 0.000261 -0.021533 0.015510
v 0.000541 -0.021498 0.015723
v 0.002070 -0.021376 0.015879
v 0.002043 -0.021445 0.016209
v 0.000545 -0.021516 0.015533
v 0.000514 -0.021686 0.015420
v 0.002107 -0.021393 0.015694
v 0.002186 -0.021553 0.015592
v 0.002407 -0.021362 0.015730
v 0.002449 -0.021346 0.015918
v 0.002421 -0.021415 0.016250
v 0.002649 -0.021396 0.015895
v 0.002711 -0.021647 0.016324
v 0.002756 -0.021539 0.015806
v 0.002616 -0.021477 0.016283
v 0.002572 -0.021400 0.015712
v 0.002653 -0.021517 0.015638
v 0.003203 -0.022256 0.015175
v 0.002556 -0.022308 0.015109
v 0.000364 -0.022482 0.014884
v 0.002605 -0.026575 0.014599
v 0.001095 -0.026695 0.014445
v 0.001143 -0.026975 0.014416
v 0.000705 -0.026726 0.014405
v 0.000721 -0.026956 0.014379
v 0.000845 -0.027004 0.014384
v -0.000255 -0.022531 0.014823
v 0.000069 -0.021722 0.015374
v 0.002608 -0.026859 0.014565
v 0.002925 -0.026839 0.014597
v 0.003039 -0.026773 0.014616
v 0.003014 -0.026543 0.014642
v 0.002510 -0.021549 0.016434
v 0.002583 -0.021689 0.016466
v 0.002350 -0.021502 0.016406
v 0.002049 -0.021535 0.016377
v 0.010782 -0.021620 0.015722
v 0.010414 -0.020858 0.016193
v 0.008591 -0.021794 0.015499
v 0.009316 -0.026014 0.015121
v 0.010826 -0.025894 0.015277
v 0.011430 -0.021569 0.015788
v 0.010881 -0.020821 0.016242
v 0.011533 -0.021589 0.015955
v 0.010984 -0.020841 0.016407
v 0.010799 -0.020703 0.016313
v 0.010636 -0.020663 0.016329
v 0.010877 -0.020697 0.016495
v 0.010938 -0.020941 0.016928
v 0.010843 -0.020772 0.016883
v 0.010648 -0.020711 0.016849
v 0.010676 -0.020646 0.016517
v 0.010298 -0.020676 0.016478
v 0.010335 -0.020694 0.016295
v 0.008773 -0.020819 0.016134
v 0.008741 -0.020990 0.016023
v 0.007973 -0.021843 0.015436
v 0.008297 -0.021026 0.015977
v 0.008341 -0.020899 0.016061
v 0.008489 -0.020834 0.016110
v 0.008770 -0.020797 0.016323
v 0.008412 -0.020826 0.016287
v 0.008230 -0.020907 0.016226
v 0.008196 -0.020981 0.016615
v 0.008382 -0.020890 0.016617
v 0.008741 -0.020861 0.016655
v 0.008714 -0.020950 0.016819
v 0.010270 -0.020740 0.016810
v 0.010276 -0.020827 0.016979
v 0.010342 -0.021019 0.017023
v 0.010577 -0.020795 0.017007
v 0.010737 -0.020843 0.017035
v 0.010809 -0.020981 0.017072
v 0.011299 -0.021860 0.017300
v 0.011429 -0.021821 0.017157
v 0.010652 -0.021911 0.017234
v 0.011167 -0.026016 0.016112
v 0.011194 -0.026237 0.016052
v 0.010757 -0.026048 0.016070
v 0.011296 -0.025976 0.015971
v 0.011338 -0.025882 0.015485
v 0.011288 -0.026243 0.015894
v 0.011326 -0.026158 0.015455
v 0.011188 -0.026235 0.015434
v 0.011151 -0.026318 0.015862
v 0.011080 -0.026303 0.016024
v 0.010764 -0.026322 0.015993
v 0.010779 -0.026347 0.015824
v 0.009247 -0.026167 0.015917
v 0.009299 -0.026439 0.015844
v 0.009001 -0.026468 0.015812
v 0.009323 -0.026463 0.015675
v 0.009360 -0.026381 0.015247
v 0.010816 -0.026265 0.015396
v 0.008970 -0.026491 0.015639
v 0.009007 -0.026408 0.015210
v 0.008819 -0.026438 0.015642
v 0.008858 -0.026354 0.015203
v 0.008876 -0.026421 0.015815
v 0.008858 -0.026199 0.015877
v 0.008754 -0.026178 0.015710
v 0.007842 -0.022135 0.016947
v 0.008460 -0.022085 0.017010
v 0.007739 -0.022114 0.016780
v 0.008225 -0.021186 0.016807
v 0.008121 -0.021165 0.016642
v 0.008669 -0.021150 0.016854
v 0.008278 -0.021038 0.016786
v 0.008429 -0.020966 0.016789
v 0.008167 -0.021066 0.016120
v 0.007844 -0.021883 0.015578
v 0.008796 -0.026085 0.015224
v 0.008926 -0.026045 0.015083
v 0.008941 -0.026275 0.015060
v 0.009065 -0.026324 0.015066
v 0.009364 -0.026295 0.015097
v 0.010829 -0.026178 0.015247
v 0.011145 -0.026159 0.015278
v 0.011259 -0.026092 0.015295
v 0.011236 -0.025861 0.015318
v 0.002686 0.005356 -0.001377
v 0.002503 0.006570 -0.001218
v 0.004111 0.005558 -0.001271
v 0.004598 0.000308 -0.003913
v 0.003616 0.000169 -0.003987
v 0.001297 0.005160 -0.001482
v 0.001442 0.006419 -0.001297
v 0.000843 0.006335 -0.001342
v 0.001473 0.006689 -0.001259
v 0.001085 0.006644 -0.001286
v 0.000896 0.006537 -0.001311
v 0.000769 0.006624 -0.001453
v 0.000695 0.006373 -0.001491
v 0.000319 0.005080 -0.001693
v 0.000334 0.005546 -0.002769
v 0.000702 0.006575 -0.001958
v 0.000774 0.006774 -0.001801
v 0.000853 0.006655 -0.002086
v 0.000485 0.005627 -0.002896
v 0.001316 0.005745 -0.002835
v 0.002142 0.000266 -0.004809
v 0.001453 0.006741 -0.002041
v 0.002512 0.006890 -0.001963
v 0.002472 0.007093 -0.001798
v 0.001482 0.006953 -0.001871
v 0.000905 0.006816 -0.001958
v 0.001093 0.006907 -0.001893
v 0.001488 0.006957 -0.001681
v 0.001003 0.006888 -0.001719
v 0.000999 0.006760 -0.001421
v 0.001484 0.006829 -0.001385
v 0.002453 0.006966 -0.001312
v 0.002463 0.006828 -0.001183
v 0.003479 0.006972 -0.001108
v 0.003590 0.006723 -0.001137
v 0.004905 0.005671 -0.001212
v 0.004161 0.006804 -0.001094
v 0.004053 0.006983 -0.001075
v 0.003842 0.007033 -0.001079
v 0.003907 0.007172 -0.001204
v 0.003447 0.007107 -0.001238
v 0.002457 0.007095 -0.001609
v 0.003452 0.007235 -0.001535
v 0.003488 0.007237 -0.001721
v 0.003911 0.007301 -0.001501
v 0.003850 0.007296 -0.001688
v 0.004173 0.007255 -0.001547
v 0.004318 0.007088 -0.001687
v 0.004168 0.007105 -0.001198
v 0.004312 0.006886 -0.001221
v 0.004062 0.007262 -0.001723
v 0.004172 0.007125 -0.001838
v 0.003601 0.007044 -0.001880
v 0.002705 0.005941 -0.002730
v 0.004129 0.006143 -0.002624
v 0.003625 0.000476 -0.004699
v 0.004607 0.000615 -0.004625
v 0.004924 0.006256 -0.002565
v 0.005256 0.000648 -0.004438
v 0.005108 0.000686 -0.004587
v 0.005070 0.006217 -0.002415
v 0.005056 0.005752 -0.001339
v 0.005250 0.000459 -0.004003
v 0.005263 0.000120 -0.004174
v 0.005099 0.000379 -0.003875
v 0.005155 0.000100 -0.004017
v 0.005015 0.000007 -0.004063
v 0.005091 0.000013 -0.004229
v 0.004631 -0.000041 -0.004089
v 0.003677 -0.000175 -0.004161
v 0.004638 -0.000050 -0.004262
v 0.004644 0.000115 -0.004645
v 0.003691 -0.000184 -0.004333
v 0.005096 0.000179 -0.004613
v 0.005267 0.000289 -0.004568
v 0.005024 0.000296 -0.004731
v 0.005164 0.000392 -0.004693
v 0.004639 0.000248 -0.004757
v 0.003697 -0.000019 -0.004716
v 0.003686 0.000113 -0.004830
v 0.002775 -0.000149 -0.004785
v 0.002758 -0.000018 -0.004898
v 0.002669 0.000340 -0.004771
v 0.002354 -0.000083 -0.004931
v 0.002298 -0.000217 -0.004821
v 0.002293 -0.000384 -0.004438
v 0.002098 -0.000159 -0.004804
v 0.001985 -0.000003 -0.004247
v 0.001991 0.000185 -0.004682
v 0.002092 -0.000329 -0.004411
v 0.002189 -0.000031 -0.004916
v 0.002133 -0.000041 -0.004098
v 0.002179 -0.000324 -0.004239
v 0.002659 0.000033 -0.004059
v 0.002345 -0.000371 -0.004264
v 0.002749 -0.000307 -0.004230
v 0.002770 -0.000315 -0.004402
v 0.000467 0.005042 -0.001544
v -0.025587 0.002011 0.004224
v -0.026498 0.004679 0.003556
v -0.026224 0.001769 0.004124
v -0.025800 0.002179 0.005174
v -0.026437 0.001936 0.005073
v -0.027412 0.004675 0.004629
v -0.027357 0.004627 0.004396
v -0.028806 0.001032 0.004699
v -0.029726 0.003724 0.004022
v -0.026490 0.001977 0.005309
v -0.025853 0.002220 0.005409
v -0.026775 0.004918 0.004730
v -0.026720 0.004870 0.004497
v -0.027268 0.006928 0.002992
v -0.027496 0.007140 0.003927
v -0.027594 0.007885 0.002748
v -0.027827 0.008107 0.003682
v -0.027552 0.007193 0.004159
v -0.028190 0.006950 0.004059
v -0.028520 0.007918 0.003812
v -0.027884 0.008162 0.003913
v -0.028829 0.008876 0.003370
v -0.028194 0.009123 0.003478
v -0.028136 0.009066 0.003244
v -0.029085 0.012022 0.001627
v -0.027905 0.008844 0.002308
v -0.028855 0.011803 0.000697
v -0.028539 0.008598 0.002201
v -0.029486 0.011550 0.000580
v -0.029843 0.014882 -0.000981
v -0.030472 0.014622 -0.001108
v -0.030541 0.017054 -0.002165
v -0.030073 0.015099 -0.000055
v -0.030130 0.015154 0.000179
v -0.029142 0.012079 0.001861
v -0.030770 0.017270 -0.001242
v -0.031395 0.017003 -0.001376
v -0.030827 0.017325 -0.001008
v -0.031167 0.016789 -0.002298
v -0.033513 0.015863 -0.002642
v -0.032823 0.013700 -0.001458
v -0.031843 0.010634 0.000221
v -0.032553 0.010369 0.000137
v -0.033532 0.013439 -0.001526
v -0.034223 0.015604 -0.002700
v -0.032784 0.010590 0.001067
v -0.033762 0.013657 -0.000601
v -0.034509 0.015876 -0.001542
v -0.034451 0.015820 -0.001776
v -0.033819 0.013712 -0.000366
v -0.033110 0.013973 -0.000297
v -0.032842 0.010646 0.001300
v -0.032132 0.010910 0.001386
v -0.031193 0.007968 0.003003
v -0.032074 0.010854 0.001153
v -0.033052 0.013916 -0.000533
v -0.030701 0.014839 -0.000181
v -0.033742 0.016077 -0.001720
v -0.029717 0.011769 0.001510
v -0.029775 0.011824 0.001745
v -0.028771 0.008820 0.003138
v -0.030758 0.014894 0.000052
v -0.031453 0.017059 -0.001142
v -0.028463 0.007864 0.003580
v -0.031136 0.007913 0.002771
v -0.030832 0.006960 0.003209
v -0.030889 0.007015 0.003439
v -0.030559 0.006047 0.003685
v -0.031600 0.006744 0.003328
v -0.031903 0.007700 0.002903
v -0.031846 0.007643 0.002670
v -0.031543 0.006690 0.003097
v -0.031311 0.006468 0.002165
v -0.031212 0.005723 0.003340
v -0.031612 0.007420 0.001733
v -0.030903 0.007689 0.001835
v -0.030600 0.006739 0.002275
v -0.028232 0.007643 0.002647
v -0.030274 0.005782 0.002518
v -0.030983 0.005511 0.002405
v -0.030437 0.003453 0.003911
v -0.030215 0.003261 0.002969
v -0.029302 0.000594 0.003638
v -0.029517 0.000761 0.004587
v -0.029504 0.003532 0.003080
v -0.027135 0.004435 0.003454
v -0.027905 0.006686 0.002891
v -0.028593 0.000865 0.003750
v -0.029569 0.000802 0.004823
v -0.030491 0.003500 0.004145
v -0.031269 0.005776 0.003572
v -0.028859 0.001074 0.004935
v -0.029781 0.003771 0.004256
v -0.030502 0.005994 0.003453
v -0.028133 0.006898 0.003827
v -0.033800 0.016133 -0.001485
v 0.038401 -0.001461 -0.020525
v 0.038911 -0.005741 -0.019440
v 0.038862 -0.000623 -0.018055
v 0.038648 -0.001508 -0.020529
v 0.037463 -0.001248 -0.020514
v 0.038388 -0.001669 -0.021284
v 0.037912 -0.000419 -0.018044
v 0.038635 -0.001716 -0.021290
v 0.039128 -0.006000 -0.020209
v 0.038868 -0.005950 -0.020204
v 0.039171 -0.005792 -0.019443
v 0.039370 -0.006781 -0.020005
v 0.039109 -0.006730 -0.020001
v 0.039421 -0.006576 -0.019236
v 0.039467 -0.007564 -0.019783
v 0.039209 -0.007512 -0.019778
v 0.039520 -0.007361 -0.019011
v 0.037909 -0.015205 -0.017763
v 0.037672 -0.015146 -0.017763
v 0.037925 -0.015046 -0.016996
v 0.037688 -0.014986 -0.016996
v 0.039623 -0.006514 -0.016515
v 0.036721 -0.014894 -0.017766
v 0.036738 -0.014732 -0.016997
v 0.037777 -0.014360 -0.014474
v 0.039262 -0.007310 -0.019007
v 0.039159 -0.006524 -0.019232
v 0.039558 -0.005710 -0.016744
v 0.039336 -0.004916 -0.016956
v 0.039818 -0.005761 -0.016747
v 0.039879 -0.006566 -0.016518
v 0.039975 -0.005517 -0.016092
v 0.040015 -0.006327 -0.015862
v 0.038013 -0.014421 -0.014474
v 0.038050 -0.014226 -0.013805
v 0.037814 -0.014166 -0.013804
v 0.039760 -0.006274 -0.015859
v 0.036865 -0.013910 -0.013807
v 0.036828 -0.014105 -0.014477
v 0.038248 -0.007083 -0.019004
v 0.038615 -0.006285 -0.016512
v 0.038540 -0.005484 -0.016740
v 0.038138 -0.006297 -0.019226
v 0.038756 -0.006046 -0.015857
v 0.038702 -0.005240 -0.016086
v 0.039717 -0.005465 -0.016090
v 0.039773 -0.004718 -0.016305
v 0.039514 -0.004668 -0.016302
v 0.038503 -0.004447 -0.016296
v 0.039082 -0.000369 -0.017404
v 0.039333 -0.000414 -0.017408
v 0.039110 -0.000670 -0.018059
v 0.039597 -0.004968 -0.016960
v 0.038128 -0.000167 -0.017393
v 0.038325 -0.004695 -0.016951
v 0.037900 -0.005516 -0.019433
v 0.037449 -0.001456 -0.021273
v 0.037858 -0.005725 -0.020196
v 0.038089 -0.006504 -0.019994
v 0.038195 -0.007287 -0.019773
v 0.014450 0.004895 -0.003850
v 0.014778 0.006095 -0.004163
v 0.017238 0.004773 -0.004429
v 0.014468 -0.000943 -0.004675
v 0.016388 -0.001029 -0.005073
v 0.013626 0.004932 -0.003680
v 0.014185 0.006120 -0.004040
v 0.013449 0.004950 -0.003797
v 0.014266 0.006307 -0.004095
v 0.014007 0.006139 -0.004157
v 0.013215 0.005041 -0.004942
v 0.013906 0.006178 -0.004653
v 0.014115 0.006369 -0.004226
v 0.014040 0.006398 -0.004596
v 0.014466 0.006378 -0.004152
v 0.014359 0.006460 -0.004297
v 0.014294 0.006485 -0.004613
v 0.014840 0.006438 -0.004397
v 0.014775 0.006464 -0.004713
v 0.014334 0.006429 -0.004799
v 0.014125 0.006361 -0.004785
v 0.014617 0.006157 -0.004954
v 0.014023 0.006183 -0.004830
v 0.013334 0.005046 -0.005120
v 0.014156 0.005010 -0.005291
v 0.013792 -0.000861 -0.005323
v 0.013773 -0.001179 -0.005325
v 0.013675 -0.000865 -0.005145
v 0.014314 -0.000884 -0.005432
v 0.016944 0.004887 -0.005869
v 0.016234 -0.000969 -0.005830
v 0.014324 -0.001275 -0.005440
v 0.013922 -0.001265 -0.005357
v 0.013704 -0.001245 -0.005159
v 0.013884 -0.001344 -0.005197
v 0.014356 -0.001365 -0.005296
v 0.013967 -0.001376 -0.004789
v 0.014067 -0.001322 -0.004647
v 0.013920 -0.001236 -0.004606
v 0.014439 -0.001397 -0.004888
v 0.013790 -0.001277 -0.004740
v 0.013769 -0.000902 -0.004683
v 0.013947 -0.000920 -0.004566
v 0.016291 -0.001479 -0.005271
v 0.016208 -0.001447 -0.005678
v 0.014469 -0.001331 -0.004729
v 0.016332 -0.001414 -0.005115
v 0.016712 -0.001438 -0.005195
v 0.016740 -0.001498 -0.005365
v 0.016657 -0.001466 -0.005772
v 0.016929 -0.001417 -0.005391
v 0.017002 -0.001046 -0.005354
v 0.016843 -0.001384 -0.005810
v 0.016870 -0.001365 -0.005215
v 0.016909 -0.001009 -0.005816
v 0.017908 0.004834 -0.005915
v 0.016731 -0.000991 -0.005932
v 0.017730 0.004852 -0.006032
v 0.017311 0.006038 -0.005513
v 0.016745 0.006063 -0.005395
v 0.017253 0.006222 -0.005433
v 0.017489 0.006019 -0.005396
v 0.018142 0.004742 -0.004770
v 0.017590 0.005980 -0.004899
v 0.017407 0.006249 -0.005295
v 0.017482 0.006220 -0.004924
v 0.017240 0.006333 -0.004894
v 0.017176 0.006357 -0.005211
v 0.017064 0.006307 -0.005365
v 0.016703 0.006314 -0.005294
v 0.014715 0.006402 -0.004882
v 0.016720 0.006377 -0.005116
v 0.016785 0.006353 -0.004799
v 0.016836 0.006262 -0.004641
v 0.017196 0.006255 -0.004718
v 0.016907 0.006001 -0.004604
v 0.017394 0.006167 -0.004742
v 0.017472 0.005975 -0.004722
v 0.018025 0.004738 -0.004592
v 0.016885 -0.001051 -0.005176
v 0.014849 0.006350 -0.004230
v 0.016722 -0.001309 -0.005937
v 0.016567 -0.001381 -0.005906
v 0.016187 -0.001358 -0.005827
v -0.010229 0.003125 -0.004673
v -0.010628 0.004295 -0.004600
v -0.008895 0.003560 -0.004332
v -0.007124 -0.001581 -0.006614
v -0.008043 -0.001881 -0.006851
v -0.011528 0.002703 -0.005004
v -0.011619 0.003973 -0.004854
v -0.012180 0.003789 -0.004998
v -0.011639 0.004243 -0.004823
v -0.012004 0.004136 -0.004913
v -0.012167 0.003998 -0.004968
v -0.012303 0.003801 -0.005172
v -0.012279 0.004061 -0.005131
v -0.012082 0.004234 -0.005068
v -0.012046 0.004356 -0.005365
v -0.012236 0.004204 -0.005481
v -0.012246 0.003994 -0.005640
v -0.012297 0.002905 -0.006455
v -0.012142 0.003008 -0.006558
v -0.012090 0.004096 -0.005743
v -0.011529 0.004278 -0.005599
v -0.012088 0.004265 -0.005615
v -0.011930 0.004387 -0.005523
v -0.011565 0.004496 -0.005437
v -0.011592 0.004504 -0.005249
v -0.010722 0.004677 -0.004719
v -0.010685 0.004799 -0.005018
v -0.011628 0.004382 -0.004952
v -0.010713 0.004544 -0.004586
v -0.009609 0.004627 -0.004340
v -0.009762 0.004854 -0.004342
v -0.009790 0.004980 -0.004482
v -0.009425 0.004974 -0.004254
v -0.009361 0.005119 -0.004373
v -0.009211 0.004958 -0.004213
v -0.009098 0.005096 -0.004320
v -0.009075 0.004800 -0.004205
v -0.008152 0.003802 -0.004142
v -0.008919 0.004902 -0.004308
v -0.007996 0.003905 -0.004246
v -0.008862 0.005095 -0.004774
v -0.009055 0.005239 -0.004669
v -0.009325 0.005243 -0.004670
v -0.009133 0.005225 -0.004862
v -0.009351 0.005226 -0.004865
v -0.009519 0.004933 -0.005084
v -0.009688 0.005108 -0.004957
v -0.010638 0.004797 -0.005200
v -0.009754 0.005102 -0.004779
v -0.010538 0.004601 -0.005345
v -0.011364 0.003261 -0.006359
v -0.010065 0.003684 -0.006027
v -0.007957 -0.001588 -0.007562
v -0.008731 0.004119 -0.005687
v -0.008851 -0.001878 -0.007790
v -0.009344 -0.002039 -0.007916
v -0.008685 -0.002220 -0.007886
v -0.009061 -0.002351 -0.007985
v -0.009233 -0.002325 -0.008000
v -0.009321 -0.002466 -0.007901
v -0.009501 -0.002142 -0.007813
v -0.009553 -0.002321 -0.007379
v -0.012429 0.002462 -0.005378
v -0.012306 0.002449 -0.005204
v -0.008938 -0.002172 -0.007079
v -0.009431 -0.002332 -0.007204
v -0.009316 -0.002605 -0.007323
v -0.009369 -0.002628 -0.007506
v -0.009161 -0.002648 -0.007497
v -0.008715 -0.002503 -0.007382
v -0.008668 -0.002345 -0.007767
v -0.009115 -0.002491 -0.007880
v -0.009143 -0.002626 -0.007316
v -0.008766 -0.002496 -0.007216
v -0.007852 -0.002223 -0.007162
v -0.007897 -0.002214 -0.006995
v -0.007006 -0.001923 -0.006767
v -0.006966 -0.001933 -0.006935
v -0.006920 -0.001776 -0.007319
v -0.006496 -0.001638 -0.007211
v -0.006543 -0.001796 -0.006827
v -0.006402 -0.001662 -0.006750
v -0.006645 -0.001812 -0.006678
v -0.006531 -0.001697 -0.006612
v -0.006499 -0.001326 -0.006598
v -0.006655 -0.001429 -0.006494
v -0.007865 0.004348 -0.005323
v -0.006445 -0.001148 -0.007033
v -0.006355 -0.001500 -0.007143
v -0.006569 -0.001135 -0.007207
v -0.007988 0.004360 -0.005497
v -0.008985 0.005107 -0.004949
v -0.007038 -0.001288 -0.007327
v -0.007816 -0.001938 -0.007664
v -0.006925 -0.001647 -0.007437
v -0.006448 -0.001419 -0.007289
v -0.006563 -0.001536 -0.007347
v -0.007805 -0.002064 -0.007546
v -0.015058 0.014199 0.009502
v -0.015008 0.014160 0.009265
v -0.015268 0.015355 0.009341
v -0.014392 0.014337 0.009618
v -0.013864 0.011443 0.010020
v -0.014528 0.011305 0.009905
v -0.014480 0.011273 0.009667
v -0.017482 0.013648 0.008831
v -0.016954 0.010762 0.009233
v -0.013927 0.008243 0.010088
v -0.013072 0.008280 0.009240
v -0.013974 0.008268 0.010327
v -0.013736 0.008142 0.009122
v -0.013261 0.008381 0.010203
v -0.016400 0.007731 0.009655
v -0.016211 0.007630 0.008690
v -0.016447 0.007755 0.009893
v -0.017143 0.007577 0.009524
v -0.017189 0.007603 0.009763
v -0.017744 0.010640 0.009341
v -0.017002 0.010792 0.009471
v -0.018273 0.013533 0.008938
v -0.017696 0.010608 0.009103
v -0.018224 0.013495 0.008702
v -0.017501 0.010479 0.008144
v -0.018025 0.013339 0.007748
v -0.018233 0.014482 0.007591
v -0.017492 0.014636 0.007720
v -0.017283 0.013494 0.007877
v -0.016759 0.010632 0.008275
v -0.015018 0.015149 0.008154
v -0.014809 0.014006 0.008312
v -0.014144 0.014144 0.008428
v -0.014285 0.011145 0.008707
v -0.014353 0.015287 0.008270
v -0.014343 0.014298 0.009382
v -0.014554 0.015452 0.009222
v -0.014544 0.016463 0.007969
v -0.015209 0.016325 0.007852
v -0.015055 0.019611 0.007163
v -0.014745 0.016628 0.008920
v -0.015256 0.019776 0.008115
v -0.014604 0.015493 0.009457
v -0.014795 0.016668 0.009156
v -0.015460 0.016531 0.009040
v -0.015971 0.019678 0.008234
v -0.015305 0.019816 0.008351
v -0.015893 0.023441 0.007424
v -0.015844 0.023399 0.007187
v -0.016558 0.023303 0.007306
v -0.017151 0.026955 0.006372
v -0.015920 0.019638 0.007998
v -0.016509 0.023262 0.007070
v -0.018982 0.022750 0.006637
v -0.019575 0.026401 0.005702
v -0.017101 0.026913 0.006137
v -0.019374 0.026235 0.004750
v -0.016486 0.027092 0.006489
v -0.016437 0.027051 0.006254
v -0.016900 0.026748 0.005185
v -0.016236 0.026886 0.005301
v -0.018782 0.022584 0.005685
v -0.016308 0.023097 0.006119
v -0.015643 0.023235 0.006236
v -0.018193 0.018960 0.006613
v -0.015720 0.019472 0.007047
v -0.017682 0.015812 0.007418
v -0.018424 0.015659 0.007289
v -0.018434 0.014648 0.008542
v -0.018934 0.018807 0.006484
v -0.018625 0.015824 0.008241
v -0.018675 0.015865 0.008477
v -0.019136 0.018972 0.007436
v -0.019186 0.019012 0.007671
v -0.017933 0.016019 0.008606
v -0.018444 0.019166 0.007800
v -0.019774 0.022637 0.006743
v -0.020366 0.026288 0.005809
v -0.019032 0.022790 0.006872
v -0.019724 0.022596 0.006507
v -0.019523 0.022431 0.005556
v -0.020116 0.026082 0.004621
v -0.020317 0.026247 0.005574
v -0.019625 0.026442 0.005939
v -0.018394 0.019125 0.007564
v -0.015410 0.016490 0.008804
v -0.017884 0.015978 0.008370
v -0.017692 0.014801 0.008670
v -0.015219 0.015314 0.009105
v -0.017742 0.014842 0.008907
v -0.017531 0.013686 0.009068
v -0.018484 0.014689 0.008778
v -0.013816 0.011411 0.009782
v -0.013621 0.011283 0.008823
v -0.013308 0.008406 0.010443
v -0.016952 0.007476 0.008560
v -0.021697 -0.002271 -0.007331
v -0.022254 -0.001167 -0.007303
v -0.020426 -0.001637 -0.007075
v -0.018907 -0.007044 -0.009336
v -0.018031 -0.006606 -0.009160
v -0.022934 -0.002890 -0.007580
v -0.023199 -0.001640 -0.007494
v -0.023733 -0.001907 -0.007600
v -0.023256 -0.001373 -0.007475
v -0.023605 -0.001535 -0.007544
v -0.023748 -0.001697 -0.007582
v -0.023864 -0.001922 -0.007770
v -0.023874 -0.001660 -0.007745
v -0.023702 -0.001458 -0.007698
v -0.023695 -0.001349 -0.008003
v -0.023852 -0.001752 -0.008248
v -0.023866 -0.001533 -0.008102
v -0.023733 -0.001460 -0.008246
v -0.023716 -0.001635 -0.008364
v -0.023182 -0.001368 -0.008257
v -0.023643 -0.002766 -0.009117
v -0.020212 -0.007445 -0.010332
v -0.022903 -0.002396 -0.008968
v -0.023779 -0.002883 -0.009002
v -0.023805 -0.003276 -0.007897
v -0.020349 -0.007562 -0.010216
v -0.020358 -0.007722 -0.009771
v -0.020128 -0.007863 -0.010295
v -0.020065 -0.007719 -0.010406
v -0.019744 -0.007211 -0.010237
v -0.019891 -0.007718 -0.010397
v -0.019533 -0.007530 -0.010323
v -0.019920 -0.007857 -0.010282
v -0.019495 -0.007645 -0.010197
v -0.019930 -0.007998 -0.009890
v -0.019503 -0.007785 -0.009804
v -0.020081 -0.007966 -0.009712
v -0.019907 -0.007962 -0.009711
v -0.020138 -0.008007 -0.009892
v -0.020229 -0.007705 -0.009603
v -0.023675 -0.003260 -0.007729
v -0.019760 -0.007471 -0.009508
v -0.018722 -0.007361 -0.009469
v -0.019549 -0.007775 -0.009636
v -0.018682 -0.007374 -0.009639
v -0.018672 -0.007234 -0.010031
v -0.017828 -0.006812 -0.009862
v -0.017837 -0.006951 -0.009469
v -0.017425 -0.006610 -0.009781
v -0.017433 -0.006749 -0.009388
v -0.017872 -0.006937 -0.009299
v -0.017527 -0.006771 -0.009232
v -0.017311 -0.006594 -0.009324
v -0.017428 -0.006638 -0.009178
v -0.017584 -0.006384 -0.009071
v -0.017448 -0.006266 -0.009187
v -0.019582 -0.001165 -0.007049
v -0.019557 -0.000772 -0.008153
v -0.017438 -0.006107 -0.009632
v -0.017302 -0.006450 -0.009727
v -0.017568 -0.006124 -0.009801
v -0.019686 -0.000788 -0.008322
v -0.018015 -0.006347 -0.009891
v -0.020394 -0.001142 -0.008464
v -0.020758 -0.000156 -0.007768
v -0.021267 -0.000411 -0.007871
v -0.020628 -0.000140 -0.007600
v -0.020918 -0.000054 -0.007681
v -0.020836 -0.000018 -0.007493
v -0.021133 -0.000085 -0.007673
v -0.021453 -0.000255 -0.007744
v -0.021102 -0.000053 -0.007483
v -0.021109 -0.000161 -0.007178
v -0.021512 -0.000258 -0.007565
v -0.022359 -0.000708 -0.007927
v -0.021520 -0.000367 -0.007260
v -0.022398 -0.000702 -0.007743
v -0.022406 -0.000810 -0.007438
v -0.023262 -0.001134 -0.007916
v -0.023242 -0.001148 -0.008104
v -0.023591 -0.001313 -0.008167
v -0.023270 -0.001242 -0.007611
v -0.022373 -0.000932 -0.007298
v -0.021284 -0.000682 -0.007108
v -0.021467 -0.000479 -0.007115
v -0.021147 -0.000307 -0.007050
v -0.020934 -0.000291 -0.007016
v -0.020844 -0.000145 -0.007136
v -0.020775 -0.000428 -0.007006
v -0.019718 -0.001282 -0.006933
v -0.020638 -0.000311 -0.007122
v -0.022237 -0.000896 -0.008066
v -0.021664 -0.001777 -0.008720
v -0.018891 -0.006785 -0.010067
v -0.018706 -0.007117 -0.010156
v -0.017857 -0.006692 -0.009985
v -0.017511 -0.006528 -0.009918
v -0.017412 -0.006392 -0.009872
v 0.026952 -0.011044 -0.015769
v 0.026745 -0.010032 -0.016532
v 0.026730 -0.012178 -0.018405
v 0.025403 -0.016393 -0.013699
v 0.025250 -0.017175 -0.015516
v 0.027017 -0.010709 -0.014990
v 0.026792 -0.009790 -0.015972
v 0.026847 -0.010614 -0.014833
v 0.026621 -0.009697 -0.015813
v 0.026757 -0.009644 -0.016118
v 0.026578 -0.009518 -0.016004
v 0.026730 -0.009650 -0.016338
v 0.026701 -0.009816 -0.016695
v 0.026543 -0.009522 -0.016272
v 0.026150 -0.009447 -0.016235
v 0.026505 -0.009717 -0.016726
v 0.026112 -0.009642 -0.016690
v 0.026349 -0.010507 -0.018566
v 0.026542 -0.010624 -0.018574
v 0.026513 -0.010762 -0.018918
v 0.026575 -0.010898 -0.018544
v 0.026667 -0.012497 -0.019149
v 0.026530 -0.011127 -0.019079
v 0.026509 -0.010917 -0.019075
v 0.026314 -0.010693 -0.018996
v 0.026309 -0.010887 -0.019189
v 0.026336 -0.011153 -0.019201
v 0.025850 -0.010800 -0.019144
v 0.025921 -0.010618 -0.018959
v 0.025652 -0.010754 -0.018995
v 0.025709 -0.010609 -0.018843
v 0.025720 -0.011036 -0.019144
v 0.026472 -0.012522 -0.019271
v 0.025052 -0.012253 -0.019137
v 0.025549 -0.010940 -0.018987
v 0.025594 -0.010711 -0.018452
v 0.024943 -0.011837 -0.018235
v 0.024881 -0.012157 -0.018980
v 0.024271 -0.017198 -0.015897
v 0.024310 -0.016997 -0.015427
v 0.024442 -0.017293 -0.016054
v 0.025016 -0.017402 -0.016107
v 0.024922 -0.017716 -0.015903
v 0.024403 -0.017617 -0.015855
v 0.024235 -0.017489 -0.015773
v 0.024408 -0.017624 -0.015645
v 0.024914 -0.017720 -0.015693
v 0.024949 -0.017538 -0.015269
v 0.024237 -0.017500 -0.015598
v 0.024443 -0.017441 -0.015220
v 0.024268 -0.017339 -0.015241
v 0.025097 -0.016785 -0.013518
v 0.024591 -0.016689 -0.013470
v 0.025135 -0.016593 -0.013071
v 0.024628 -0.016497 -0.013023
v 0.024417 -0.016582 -0.013478
v 0.024448 -0.016425 -0.013096
v 0.024464 -0.016216 -0.013611
v 0.025166 -0.010705 -0.015600
v 0.024506 -0.016004 -0.013118
v 0.024469 -0.016291 -0.012985
v 0.024653 -0.016340 -0.012886
v 0.024700 -0.015979 -0.012996
v 0.025425 -0.010344 -0.014700
v 0.025273 -0.016087 -0.013049
v 0.025172 -0.016438 -0.012934
v 0.025445 -0.016182 -0.013206
v 0.025363 -0.016461 -0.013070
v 0.025329 -0.016592 -0.013178
v 0.025300 -0.016750 -0.013562
v 0.025152 -0.017507 -0.015325
v 0.025120 -0.017667 -0.015681
v 0.025128 -0.017658 -0.015858
v 0.025210 -0.017377 -0.015984
v 0.026005 -0.009579 -0.015755
v 0.025231 -0.010369 -0.014821
v 0.025764 -0.009845 -0.016439
v 0.025810 -0.009604 -0.015879
v 0.025902 -0.009481 -0.016038
v 0.026118 -0.009430 -0.015960
v 0.025927 -0.009498 -0.016261
v 0.025891 -0.009661 -0.016619
v 0.025733 -0.010470 -0.018498
v 0.025958 -0.010433 -0.018528
v -0.019536 -0.070376 -0.001201
v -0.020387 -0.073815 -0.001922
v -0.018658 -0.069781 -0.005048
v -0.019142 -0.064903 -0.003883
v -0.019864 -0.065384 -0.000039
v -0.019165 -0.071030 0.003426
v -0.019858 -0.074636 0.003304
v -0.016142 -0.073911 0.008405
v -0.019286 -0.081135 0.002721
v -0.018752 -0.080004 -0.002754
v -0.016772 -0.079492 -0.006691
v -0.018969 -0.073946 -0.004879
v -0.015915 -0.072313 -0.009331
v -0.014065 -0.078289 -0.010034
v -0.010073 -0.077079 -0.013541
v -0.011793 -0.071238 -0.012443
v -0.005273 -0.075742 -0.016631
v -0.006806 -0.070093 -0.015061
v -0.001158 -0.069224 -0.017047
v 0.000264 -0.075333 -0.018883
v 0.005263 -0.068397 -0.017325
v 0.006587 -0.074468 -0.018828
v 0.011928 -0.073421 -0.015868
v 0.016217 -0.073073 -0.011478
v 0.011399 -0.067823 -0.015226
v 0.010713 -0.064952 -0.014220
v 0.016584 -0.067865 -0.011640
v 0.016191 -0.065135 -0.011241
v 0.019780 -0.068744 -0.006793
v 0.021104 -0.069469 -0.001872
v 0.019704 -0.066047 -0.006733
v 0.018974 -0.073771 -0.006569
v 0.020291 -0.074361 -0.002031
v 0.021109 -0.066832 -0.001761
v 0.020839 -0.067574 0.003740
v 0.021043 -0.070386 0.003558
v 0.020881 -0.062311 -0.001828
v 0.019185 -0.061878 -0.006562
v 0.020355 -0.059006 -0.001942
v 0.020554 -0.063610 0.003806
v 0.018626 -0.067882 0.009121
v 0.018091 -0.063589 0.009175
v 0.020554 -0.060712 0.003678
v 0.020090 -0.056361 -0.002312
v 0.020345 -0.057863 0.003110
v 0.018014 -0.060130 0.008954
v 0.017998 -0.056893 0.008359
v 0.013557 -0.063728 0.013250
v 0.013547 -0.060065 0.012959
v 0.007722 -0.060203 0.015892
v 0.014010 -0.056696 0.012827
v 0.007599 -0.064067 0.015893
v 0.007535 -0.068487 0.015870
v 0.000996 -0.064803 0.017427
v 0.001214 -0.060684 0.017625
v -0.005300 -0.061190 0.016971
v 0.001349 -0.056659 0.017377
v -0.005060 -0.057014 0.016543
v -0.004408 -0.054531 0.016182
v -0.011052 -0.057249 0.014232
v -0.010615 -0.054679 0.014391
v -0.016198 -0.054194 0.010975
v -0.010467 -0.051709 0.014285
v -0.016288 -0.051150 0.010994
v -0.019723 -0.054377 0.005954
v -0.020308 -0.051506 0.005997
v -0.016540 -0.047449 0.010308
v -0.020877 -0.047593 0.005521
v -0.022884 -0.042900 -0.001004
v -0.021184 -0.042921 0.004458
v -0.022030 -0.047419 0.000014
v -0.021228 -0.051176 0.000926
v -0.021234 -0.047756 -0.004919
v -0.022042 -0.042907 -0.006328
v -0.018262 -0.047554 -0.008715
v -0.018605 -0.042440 -0.010184
v -0.022699 -0.037874 -0.007191
v -0.019302 -0.037254 -0.011118
v -0.023699 -0.032379 -0.007600
v -0.023635 -0.037886 -0.001803
v -0.024547 -0.032458 -0.002515
v -0.022575 -0.032127 0.002678
v -0.021814 -0.037712 0.003432
v -0.017626 -0.037513 0.008345
v -0.018378 -0.031692 0.007546
v -0.019062 -0.025535 0.006785
v -0.023433 -0.026067 0.002135
v -0.012633 -0.031451 0.011241
v -0.012021 -0.037399 0.012255
v -0.011240 -0.042954 0.013081
v -0.005210 -0.037253 0.014439
v -0.004485 -0.042827 0.015069
v 0.003275 -0.047249 0.015485
v 0.003135 -0.042221 0.015069
v -0.004024 -0.047687 0.015312
v 0.002868 -0.051284 0.016251
v -0.010656 -0.047780 0.013710
v -0.004014 -0.051619 0.015800
v 0.002153 -0.054192 0.016919
v 0.008040 -0.056439 0.015987
v 0.009050 -0.053878 0.015803
v 0.009911 -0.050667 0.015278
v 0.016461 -0.050940 0.011985
v 0.015204 -0.054343 0.012444
v 0.020314 -0.050917 0.006475
v 0.018914 -0.054557 0.007403
v 0.021864 -0.050717 0.000945
v 0.020702 -0.054699 0.002210
v 0.020686 -0.053848 -0.002996
v 0.022049 -0.050644 -0.004265
v 0.018249 -0.053823 -0.006957
v 0.019157 -0.050312 -0.008511
v 0.024050 -0.046009 -0.006850
v 0.023965 -0.045627 -0.000996
v 0.022115 -0.045423 0.005303
v 0.023939 -0.037966 0.003530
v 0.026711 -0.039771 -0.003389
v 0.026665 -0.040517 -0.009820
v 0.028085 -0.031037 -0.001047
v 0.030114 -0.033704 -0.006027
v 0.032746 -0.028079 -0.008063
v 0.029982 -0.034865 -0.012228
v 0.030530 -0.025512 -0.003436
v 0.028517 -0.022983 -0.000557
v 0.031474 -0.021484 -0.005256
v 0.026124 -0.027339 0.001977
v 0.024853 -0.023055 0.003249
v 0.021382 -0.025448 0.007070
v 0.022292 -0.031408 0.005792
v 0.015622 -0.027453 0.010093
v 0.016531 -0.033901 0.009620
v 0.017466 -0.039826 0.009795
v 0.009816 -0.035502 0.012843
v 0.008946 -0.029103 0.012826
v 0.000751 -0.023476 0.013483
v 0.001498 -0.030340 0.014070
v 0.008205 -0.022092 0.012578
v 0.002386 -0.036547 0.014597
v 0.015273 -0.020501 0.009995
v 0.015483 -0.013345 0.009563
v 0.022402 -0.012299 0.005642
v 0.021272 -0.019188 0.006972
v 0.024687 -0.018492 0.002848
v 0.025260 -0.014588 0.001087
v 0.027122 -0.018466 -0.000462
v 0.026782 -0.021362 0.000647
v 0.029395 -0.019461 -0.002633
v 0.031261 -0.017730 -0.006729
v 0.029097 -0.016582 -0.004758
v 0.027257 -0.015574 -0.002407
v 0.027547 -0.014116 -0.008728
v 0.027134 -0.014168 -0.007203
v 0.024351 -0.014260 -0.013811
v 0.024976 -0.013169 -0.010451
v 0.026259 -0.013417 -0.005042
v 0.024713 -0.012142 -0.007908
v 0.025372 -0.012004 -0.002164
v 0.024755 -0.009216 0.000584
v 0.024013 -0.010806 -0.005607
v 0.020038 -0.008323 -0.006214
v 0.023695 -0.008432 -0.003694
v 0.021389 -0.010797 -0.007704
v 0.022643 -0.012361 -0.009761
v 0.014829 -0.010554 -0.008288
v 0.018530 -0.012707 -0.009314
v 0.013598 -0.017346 -0.011702
v 0.017350 -0.016039 -0.013088
v 0.020530 -0.013305 -0.010745
v 0.022713 -0.013920 -0.012603
v 0.020410 -0.015079 -0.013542
v 0.023015 -0.016158 -0.015905
v 0.021055 -0.018269 -0.016968
v 0.017628 -0.020512 -0.017229
v 0.019230 -0.026077 -0.019994
v 0.022401 -0.022611 -0.020005
v 0.013493 -0.022978 -0.016132
v 0.008792 -0.025161 -0.013965
v 0.014905 -0.029480 -0.018871
v 0.009483 -0.031845 -0.016529
v 0.017764 -0.036809 -0.018680
v 0.022529 -0.031042 -0.020633
v 0.026911 -0.034229 -0.017686
v 0.023372 -0.039579 -0.015183
v 0.025602 -0.026904 -0.021090
v 0.027363 -0.024133 -0.021163
v 0.024321 -0.019976 -0.019645
v 0.029995 -0.029592 -0.018929
v 0.031826 -0.026450 -0.019419
v 0.032860 -0.029723 -0.013793
v 0.034717 -0.026247 -0.014637
v 0.034252 -0.024163 -0.009339
v 0.035919 -0.023587 -0.015335
v 0.035167 -0.021191 -0.010298
v 0.036761 -0.020805 -0.016296
v 0.036008 -0.018471 -0.011373
v 0.037358 -0.017352 -0.017430
v 0.032478 -0.015505 -0.008334
v 0.036954 -0.015395 -0.012631
v 0.033648 -0.012911 -0.009394
v 0.034750 -0.009443 -0.010398
v 0.037908 -0.011215 -0.013802
v 0.037921 -0.012676 -0.018583
v 0.038441 -0.006907 -0.014809
v 0.035645 -0.005819 -0.011319
v 0.030940 -0.005285 -0.011647
v 0.035855 -0.001141 -0.012621
v 0.031722 -0.002316 -0.012028
v 0.030882 -0.000248 -0.012683
v 0.028399 -0.003948 -0.014864
v 0.027807 -0.002678 -0.015326
v 0.027244 -0.004781 -0.020017
v 0.026390 -0.002916 -0.020669
v 0.026844 -0.000961 -0.016112
v 0.025621 -0.000223 -0.021271
v 0.025798 0.001373 -0.017136
v 0.029664 0.001738 -0.013368
v 0.028209 0.004232 -0.014441
v 0.033558 0.004051 -0.014035
v 0.034866 0.001647 -0.013412
v 0.038569 -0.002659 -0.015827
v 0.037246 0.001467 -0.017054
v 0.038443 -0.004090 -0.020211
v 0.036922 -0.000186 -0.021290
v 0.035910 0.003952 -0.018061
v 0.035167 0.002133 -0.022207
v 0.034855 0.006142 -0.018884
v 0.032289 0.007144 -0.014689
v 0.027248 0.006182 -0.015281
v 0.030998 0.009022 -0.015297
v 0.033942 0.009428 -0.019973
v 0.032504 0.006661 -0.024374
v 0.032850 0.012057 -0.020920
v 0.028414 0.012911 -0.022523
v 0.028488 0.012589 -0.019184
v 0.031823 0.008163 -0.025468
v 0.029776 0.010355 -0.016227
v 0.029514 0.011282 -0.025163
v 0.027363 0.009153 -0.025352
v 0.029130 0.005817 -0.026081
v 0.029950 0.004183 -0.026020
v 0.026356 0.003850 -0.025113
v 0.025926 0.006875 -0.024773
v 0.026918 0.002162 -0.024977
v 0.024855 0.003587 -0.022002
v 0.024743 0.007601 -0.022775
v 0.025164 0.001831 -0.021675
v 0.024819 0.004948 -0.018577
v 0.024837 0.007851 -0.020096
v 0.025220 0.003306 -0.017896
v 0.026724 0.007726 -0.016426
v 0.025853 0.010586 -0.019430
v 0.026199 0.010962 -0.022825
v 0.027533 0.000144 -0.024886
v 0.028788 -0.002538 -0.024568
v 0.030887 0.002272 -0.025754
v 0.032607 -0.000345 -0.025225
v 0.033580 0.004914 -0.023307
v 0.034061 -0.002671 -0.024457
v 0.029978 -0.004735 -0.024094
v 0.030733 -0.006565 -0.023372
v 0.027682 -0.005752 -0.019454
v 0.027151 -0.006945 -0.019618
v 0.027740 -0.005667 -0.015166
v 0.026580 -0.008569 -0.015049
v 0.029749 -0.008213 -0.011068
v 0.028490 -0.011110 -0.010364
v 0.025582 -0.011605 -0.014941
v 0.027800 -0.013138 -0.009641
v 0.024910 -0.013495 -0.014427
v 0.025467 -0.016312 -0.019289
v 0.025837 -0.013860 -0.019602
v 0.028907 -0.016555 -0.021954
v 0.029418 -0.012162 -0.022433
v 0.026472 -0.010275 -0.019643
v 0.029973 -0.008036 -0.023157
v 0.034546 -0.008470 -0.022979
v 0.034861 -0.005146 -0.023647
v 0.034113 -0.013034 -0.022004
v 0.038305 -0.007952 -0.019475
v 0.033690 -0.017836 -0.021256
v 0.033386 -0.021366 -0.020498
v 0.028573 -0.019793 -0.021579
v 0.032853 -0.024064 -0.019826
v 0.028196 -0.022101 -0.021211
v 0.025179 -0.018037 -0.019238
v 0.015983 -0.044503 -0.014412
v 0.020914 -0.045239 -0.011626
v 0.014633 -0.050284 -0.011088
v 0.009471 -0.049434 -0.012471
v 0.013882 -0.053816 -0.009479
v 0.008900 -0.052382 -0.011247
v 0.013573 -0.055749 -0.009004
v 0.008429 -0.054393 -0.010812
v 0.017676 -0.056070 -0.006184
v 0.014095 -0.057986 -0.009481
v 0.008610 -0.057108 -0.011114
v 0.015076 -0.060827 -0.010454
v 0.018197 -0.058826 -0.006166
v 0.009476 -0.060541 -0.012460
v 0.004360 -0.065353 -0.015606
v 0.003338 -0.060802 -0.013383
v -0.001884 -0.065991 -0.015491
v -0.002848 -0.061032 -0.013670
v 0.002423 -0.056653 -0.011769
v -0.003607 -0.056566 -0.012198
v 0.002703 -0.054209 -0.011966
v 0.003232 -0.051882 -0.012458
v -0.003295 -0.054034 -0.012293
v -0.009062 -0.054325 -0.011195
v -0.002784 -0.051676 -0.012609
v -0.009018 -0.057772 -0.011453
v -0.013854 -0.055408 -0.008952
v -0.013762 -0.059047 -0.009399
v -0.008599 -0.062095 -0.012671
v -0.013389 -0.063284 -0.010383
v -0.007608 -0.066990 -0.014054
v -0.012445 -0.068053 -0.011477
v -0.016185 -0.069030 -0.008324
v -0.016980 -0.064255 -0.007278
v -0.019352 -0.060624 -0.003081
v -0.017293 -0.060066 -0.006431
v -0.019492 -0.056623 -0.002562
v -0.017290 -0.056172 -0.005812
v -0.019639 -0.054484 -0.002737
v -0.017192 -0.054275 -0.006024
v -0.020123 -0.051767 -0.003444
v -0.017464 -0.051727 -0.006865
v -0.013616 -0.053317 -0.009180
v -0.008713 -0.051998 -0.011533
v -0.013518 -0.050566 -0.009851
v -0.008390 -0.049204 -0.012144
v -0.013735 -0.046434 -0.011409
v -0.013807 -0.041406 -0.012579
v -0.008229 -0.045285 -0.013211
v -0.002298 -0.048892 -0.013012
v -0.002044 -0.045057 -0.013753
v -0.008138 -0.040485 -0.013844
v -0.001961 -0.040233 -0.013796
v -0.008373 -0.035253 -0.013762
v -0.002191 -0.034496 -0.013373
v -0.008801 -0.029561 -0.013289
v -0.014332 -0.036277 -0.013274
v -0.015046 -0.030751 -0.013240
v -0.020991 -0.025786 -0.011087
v -0.020285 -0.031749 -0.011306
v -0.015579 -0.024561 -0.012570
v -0.016402 -0.017674 -0.011813
v -0.021670 -0.019536 -0.010693
v -0.009298 -0.023174 -0.012438
v -0.010232 -0.015618 -0.011445
v -0.002947 -0.021725 -0.011434
v -0.002435 -0.028338 -0.012510
v 0.003617 -0.026985 -0.012136
v 0.003749 -0.033462 -0.014188
v 0.003956 -0.039617 -0.014913
v 0.010431 -0.038503 -0.016394
v 0.003924 -0.044909 -0.014252
v 0.003721 -0.049010 -0.013094
v 0.010133 -0.044660 -0.014824
v 0.003156 -0.020086 -0.010789
v 0.008730 -0.018614 -0.010965
v 0.008363 -0.011495 -0.008407
v 0.006414 -0.003624 -0.006423
v 0.012462 -0.002691 -0.005944
v 0.002297 -0.012898 -0.008978
v 0.000042 -0.004704 -0.007447
v -0.003969 -0.014116 -0.010200
v -0.006318 -0.006188 -0.008927
v -0.008860 -0.000007 -0.007133
v -0.003294 0.002608 -0.004472
v -0.012437 -0.008243 -0.010259
v -0.017998 -0.011212 -0.010951
v -0.015878 -0.001398 -0.007414
v -0.020222 -0.006089 -0.009592
v -0.010306 0.003151 -0.005542
v -0.015666 0.001986 -0.004703
v -0.018737 0.000198 -0.000710
v -0.019639 0.000977 0.000016
v -0.019488 0.001095 -0.005451
v -0.020338 0.002192 -0.000736
v -0.020478 0.001818 -0.005404
v -0.022367 -0.002216 -0.008392
v -0.025703 -0.005928 -0.008086
v -0.023259 -0.000745 -0.008252
v -0.024053 -0.009326 -0.009371
v -0.027151 -0.010666 -0.006898
v -0.022726 -0.013676 -0.010243
v -0.026170 -0.014671 -0.007646
v -0.026817 -0.014395 -0.003374
v -0.026221 -0.020342 -0.003297
v -0.025361 -0.020382 -0.007874
v -0.025591 -0.026505 -0.003092
v -0.024639 -0.026439 -0.007934
v -0.023987 -0.019651 0.001521
v -0.019617 -0.018983 0.005941
v -0.024690 -0.013322 0.001138
v -0.027699 -0.010426 -0.002673
v -0.025397 -0.008646 0.001576
v -0.020032 -0.011901 0.005196
v -0.020276 -0.005072 0.003881
v -0.013731 -0.018298 0.009381
v -0.014017 -0.010640 0.008573
v -0.006843 -0.017476 0.011648
v -0.013974 -0.004099 0.007890
v -0.006820 -0.009764 0.010399
v -0.006638 -0.001905 0.008531
v 0.000715 -0.008515 0.011343
v 0.000469 -0.016214 0.012583
v 0.007970 -0.014713 0.011896
v 0.008345 -0.006762 0.010788
v 0.001151 -0.001534 0.010603
v 0.016058 -0.005807 0.009034
v 0.009041 0.002145 0.008806
v 0.016281 0.001232 0.007854
v 0.011336 0.006481 0.005471
v 0.010003 0.006975 0.000971
v 0.009900 0.006209 0.002777
v 0.007040 0.004117 0.009487
v 0.001306 0.002301 0.010981
v -0.004223 0.002371 0.008035
v -0.003689 0.004594 0.007797
v 0.001268 0.004598 0.010935
v -0.003557 0.006600 0.007761
v 0.001068 0.006898 0.011113
v 0.006474 0.006112 0.009823
v 0.009946 0.006409 0.004829
v 0.009366 0.008059 0.005489
v 0.006128 0.008267 0.009995
v 0.009091 0.009881 0.005772
v 0.005964 0.010937 0.010118
v 0.000984 0.010012 0.011120
v 0.000840 0.013379 0.011111
v -0.004367 0.012760 0.008454
v -0.004268 0.009433 0.008263
v -0.004811 0.010079 0.002822
v -0.004872 0.013020 0.003160
v -0.002159 0.017349 -0.000797
v -0.001749 0.014064 -0.001175
v -0.005022 0.016147 0.003561
v -0.004360 0.015861 0.008567
v -0.002453 0.019758 -0.000414
v -0.005148 0.018639 0.003882
v -0.005301 0.020732 0.004018
v -0.002602 0.021564 -0.000196
v -0.004622 0.018524 0.008773
v -0.005045 0.020936 0.008932
v 0.000268 0.019627 0.011003
v 0.000637 0.016669 0.011081
v 0.005674 0.018087 0.010363
v 0.005872 0.014564 0.010273
v 0.008874 0.012346 0.005927
v 0.008478 0.015842 0.006112
v 0.008177 0.019467 0.006258
v 0.006866 0.012607 0.000662
v 0.006652 0.016116 0.001085
v 0.006430 0.019572 0.001446
v 0.003102 0.011823 -0.001900
v 0.002749 0.015187 -0.001459
v 0.002525 0.018607 -0.001162
v -0.001471 0.010996 -0.001621
v -0.001427 0.008918 -0.001703
v -0.004797 0.008033 0.002878
v -0.004894 0.006481 0.003063
v -0.001656 0.007423 -0.001659
v -0.005156 0.004804 0.003148
v -0.005495 0.003450 0.002676
v -0.002146 0.005897 -0.001836
v 0.003246 0.006292 -0.002150
v 0.003077 0.007934 -0.001884
v 0.006911 0.010140 0.000432
v 0.003110 0.009551 -0.001974
v 0.007060 0.008432 0.000271
v 0.007728 0.006901 -0.000294
v 0.004020 0.002489 -0.004025
v 0.010348 0.005064 -0.003796
v 0.017272 0.002764 -0.005109
v 0.017363 0.005499 -0.005639
v 0.012170 0.006458 -0.004366
v 0.017767 0.007618 -0.005927
v 0.012656 0.007888 -0.005215
v 0.010261 0.008508 -0.000124
v 0.017700 0.009458 -0.006122
v 0.012849 0.009385 -0.005546
v 0.017371 0.011682 -0.006349
v 0.012750 0.011458 -0.005653
v 0.010188 0.009995 -0.000913
v 0.011072 0.010451 0.003543
v 0.011331 0.008609 0.004228
v 0.010074 0.011979 -0.001514
v 0.011008 0.012592 0.002922
v 0.012562 0.014494 -0.005817
v 0.010230 0.014867 -0.002061
v 0.011066 0.015543 0.002256
v 0.012259 0.017583 -0.006102
v 0.010215 0.017858 -0.002488
v 0.011056 0.018612 0.001832
v 0.012123 0.019820 -0.006255
v 0.010133 0.020184 -0.002695
v 0.011968 0.021617 -0.006530
v 0.011106 0.021141 0.001591
v 0.010028 0.022187 -0.002898
v 0.011238 0.023390 0.001127
v 0.011867 0.023051 -0.006613
v 0.009927 0.024215 -0.003288
v 0.011295 0.025718 0.000418
v 0.011591 0.024908 -0.007440
v 0.009741 0.026961 -0.004350
v 0.011058 0.028771 -0.000723
v 0.011544 0.027710 -0.008758
v 0.009672 0.029642 -0.005795
v 0.010246 0.031731 -0.001920
v 0.010043 0.032287 -0.007140
v 0.011603 0.030541 -0.009883
v 0.015962 0.030508 -0.011290
v 0.011479 0.032537 -0.010896
v 0.015859 0.032499 -0.012230
v 0.019993 0.035664 -0.011716
v 0.020038 0.034104 -0.010971
v 0.015808 0.034025 -0.012956
v 0.019947 0.037121 -0.012637
v 0.015755 0.035497 -0.013664
v 0.011405 0.034091 -0.011756
v 0.011430 0.035567 -0.012589
v 0.009806 0.036019 -0.009087
v 0.010073 0.034319 -0.008200
v 0.010737 0.036806 -0.005344
v 0.011225 0.034947 -0.000906
v 0.015025 0.033617 -0.000724
v 0.016245 0.035883 -0.000153
v 0.019753 0.032701 -0.001345
v 0.019886 0.035868 -0.000724
v 0.014879 0.038259 -0.004265
v 0.010748 0.038604 -0.006364
v 0.014871 0.039984 -0.005483
v 0.018972 0.038696 -0.005064
v 0.021275 0.036617 -0.007835
v 0.019065 0.040121 -0.006353
v 0.021417 0.034703 -0.006716
v 0.020405 0.029327 -0.008894
v 0.020180 0.032091 -0.010107
v 0.022008 0.030872 -0.005083
v 0.021994 0.029240 -0.004081
v 0.020562 0.026642 -0.007504
v 0.020834 0.024845 -0.006523
v 0.016566 0.023304 -0.008026
v 0.016259 0.024988 -0.008802
v 0.016074 0.027766 -0.009931
v 0.016569 0.021918 -0.007871
v 0.020909 0.022877 -0.006100
v 0.016646 0.020177 -0.007328
v 0.016773 0.017972 -0.006999
v 0.020954 0.021006 -0.005658
v 0.022521 0.023971 -0.002059
v 0.021066 0.018678 -0.005315
v 0.022657 0.021908 -0.001568
v 0.019895 0.024403 0.001254
v 0.019992 0.022168 0.001825
v 0.022792 0.019476 -0.001132
v 0.020155 0.019695 0.002303
v 0.021359 0.015446 -0.004934
v 0.022999 0.016216 -0.000580
v 0.023261 0.012873 -0.000048
v 0.021614 0.012128 -0.004565
v 0.020437 0.016548 0.002937
v 0.015710 0.019322 0.003312
v 0.015800 0.016262 0.004053
v 0.020996 0.013348 0.003714
v 0.021441 0.010658 0.004177
v 0.016051 0.013172 0.004831
v 0.023439 0.010197 0.000335
v 0.021935 0.007348 -0.003963
v 0.021788 0.009588 -0.004243
v 0.023599 0.007753 0.000648
v 0.021677 0.008153 0.004514
v 0.023864 0.005030 0.000927
v 0.022044 0.004823 -0.003732
v 0.022233 0.001842 -0.003360
v 0.022712 -0.003265 -0.003008
v 0.024121 0.001488 0.001229
v 0.018231 -0.002746 -0.005267
v 0.024386 -0.004248 0.001634
v 0.021796 0.005413 0.004955
v 0.021934 0.001293 0.005565
v 0.022088 -0.005250 0.006267
v 0.016386 0.005869 0.006686
v 0.016442 0.008452 0.005914
v 0.016296 0.010708 0.005399
v 0.015666 0.021804 0.002771
v 0.015627 0.024118 0.002290
v 0.015555 0.026676 0.001699
v 0.019869 0.026866 0.000601
v 0.015429 0.030423 0.000656
v 0.019599 0.030073 -0.000397
v 0.022283 0.026229 -0.002681
v 0.017036 0.014841 -0.006698
v 0.014923 0.041697 -0.006590
v 0.019196 0.041662 -0.007584
v 0.021360 0.038271 -0.008804
v 0.021386 0.039742 -0.009999
v 0.021071 0.041494 -0.011574
v 0.019317 0.043578 -0.009000
v 0.014955 0.043122 -0.007568
v 0.019574 0.045021 -0.010369
v 0.020711 0.042811 -0.012694
v 0.019481 0.046076 -0.011867
v 0.014542 0.047266 -0.010494
v 0.014738 0.045302 -0.009077
v 0.010091 0.043630 -0.010092
v 0.010405 0.042124 -0.013038
v 0.010586 0.042303 -0.008671
v 0.009894 0.040869 -0.012254
v 0.010197 0.044556 -0.011675
v 0.011629 0.046791 -0.014069
v 0.011891 0.044651 -0.015037
v 0.014834 0.045951 -0.015969
v 0.012959 0.042643 -0.015069
v 0.015223 0.043167 -0.015942
v 0.012113 0.040204 -0.014425
v 0.011892 0.038912 -0.013921
v 0.015593 0.038808 -0.014984
v 0.015524 0.040135 -0.015323
v 0.017554 0.043591 -0.015858
v 0.019271 0.040309 -0.014597
v 0.018865 0.041561 -0.015260
v 0.017930 0.045859 -0.015475
v 0.020090 0.043973 -0.013663
v 0.017596 0.047756 -0.014040
v 0.014574 0.047977 -0.014943
v 0.015669 0.037395 -0.014497
v 0.019652 0.038962 -0.013793
v 0.011555 0.037461 -0.013526
v 0.009505 0.037581 -0.010031
v 0.009486 0.039497 -0.011341
v 0.010750 0.040239 -0.007439
v -0.008810 0.000948 0.007999
v -0.006197 0.003840 0.003604
v -0.005947 0.004786 -0.002678
v -0.006756 0.005270 0.003219
v -0.009362 0.003099 0.007412
v -0.014170 0.001731 0.007325
v -0.009753 0.005030 0.006897
v -0.014494 0.003704 0.007005
v -0.014924 0.005951 0.006670
v -0.018477 0.003030 0.004150
v -0.018976 0.005076 0.003702
v -0.018476 0.005619 -0.001672
v -0.019631 0.007852 0.003297
v -0.019007 0.008224 -0.002069
v -0.016057 0.011591 -0.005510
v -0.019483 0.010802 -0.002167
v -0.015400 0.008926 -0.005845
v -0.014931 0.006227 -0.005724
v -0.011309 0.010051 -0.005946
v -0.012035 0.012710 -0.005704
v -0.008763 0.013674 -0.003109
v -0.009418 0.016007 -0.002980
v -0.012700 0.015068 -0.005484
v -0.016641 0.013854 -0.005281
v -0.013276 0.017756 -0.005501
v -0.009956 0.018492 -0.003104
v -0.009073 0.018221 0.001846
v -0.009525 0.020473 0.001610
v -0.010277 0.020409 -0.003167
v -0.009878 0.022192 0.001417
v -0.010464 0.021641 -0.003245
v -0.013647 0.019774 -0.005626
v -0.017081 0.016545 -0.005327
v -0.017460 0.018883 -0.005362
v -0.013859 0.020832 -0.005601
v -0.017789 0.020144 -0.005172
v -0.010845 0.024533 -0.004595
v -0.014335 0.023572 -0.006669
v -0.018248 0.023017 -0.006311
v -0.014230 0.025528 -0.007625
v -0.010870 0.026841 -0.005758
v -0.010737 0.028896 -0.001728
v -0.010956 0.029262 -0.006747
v -0.010962 0.031731 -0.002873
v -0.013833 0.035632 -0.000984
v -0.011138 0.034033 -0.003913
v -0.014325 0.032609 0.002281
v -0.013606 0.030216 0.001917
v -0.018279 0.031514 0.000837
v -0.018735 0.034881 -0.001013
v -0.022283 0.034698 -0.004357
v -0.022530 0.032390 -0.002973
v -0.018782 0.037138 -0.002794
v -0.018985 0.039349 -0.003847
v -0.014352 0.037747 -0.002602
v -0.022532 0.037672 -0.005769
v -0.021989 0.034681 -0.009029
v -0.022773 0.041219 -0.008813
v -0.021706 0.038629 -0.011091
v -0.018969 0.036969 -0.012707
v -0.020350 0.042549 -0.012439
v -0.018732 0.040353 -0.012957
v -0.016534 0.041488 -0.012863
v -0.017752 0.044559 -0.012115
v -0.014527 0.042083 -0.011917
v -0.015486 0.037513 -0.012479
v -0.018796 0.033140 -0.011088
v -0.014851 0.033754 -0.011339
v -0.012817 0.039551 -0.011232
v -0.011784 0.035954 -0.009744
v -0.014947 0.044604 -0.010962
v -0.012827 0.042132 -0.008980
v -0.011861 0.038682 -0.006824
v -0.014497 0.044251 -0.006961
v -0.016191 0.046477 -0.009381
v -0.018792 0.046568 -0.010714
v -0.021375 0.044714 -0.010616
v -0.019612 0.045479 -0.006645
v -0.014681 0.040696 -0.004136
v -0.011401 0.036171 -0.005192
v -0.011105 0.031388 -0.007557
v -0.011321 0.033415 -0.008522
v -0.014439 0.029256 -0.009209
v -0.014600 0.031185 -0.010151
v -0.018608 0.028439 -0.008946
v -0.018714 0.030497 -0.009879
v -0.021913 0.029784 -0.006340
v -0.021995 0.031951 -0.007510
v -0.022778 0.030070 -0.000315
v -0.021658 0.027637 -0.005414
v -0.022286 0.027228 -0.000560
v -0.021499 0.025759 -0.004601
v -0.018362 0.026527 -0.008234
v -0.018269 0.025031 -0.007372
v -0.014240 0.027354 -0.008390
v -0.021397 0.023192 -0.003510
v -0.021949 0.024048 0.000727
v -0.021095 0.019793 -0.002389
v -0.021681 0.020567 0.001978
v -0.021631 0.018135 0.002243
v -0.017792 0.019405 0.004817
v -0.018124 0.022157 0.004277
v -0.018544 0.025574 0.003430
v -0.013260 0.022918 0.004330
v -0.012865 0.020287 0.004807
v -0.012376 0.017859 0.005171
v -0.017499 0.016783 0.005220
v -0.011904 0.015478 0.005437
v -0.008703 0.016093 0.001966
v -0.008280 0.013920 0.001982
v -0.011289 0.013084 0.005855
v -0.008099 0.011096 -0.003243
v -0.007778 0.011211 0.002081
v -0.010555 0.010329 0.006483
v -0.007277 0.008555 0.002354
v -0.007356 0.008556 -0.003238
v -0.007002 0.006877 -0.002941
v -0.010444 0.005370 -0.005688
v -0.010640 0.007203 -0.006072
v -0.014859 0.004458 -0.005306
v -0.018226 0.003848 -0.001053
v -0.015140 0.003285 -0.004891
v -0.018253 0.002492 -0.000335
v -0.018634 0.000847 0.000254
v -0.018425 -0.001141 0.005016
v -0.018245 0.001203 0.004598
v -0.014015 -0.000548 0.008006
v -0.010414 0.004282 -0.005421
v -0.006638 0.005815 -0.002672
v -0.007019 0.006691 0.002765
v -0.010137 0.007261 0.006511
v -0.015671 0.008919 0.006317
v -0.020401 0.010627 0.002920
v -0.016449 0.011734 0.005941
v -0.020946 0.013122 0.002675
v -0.017055 0.014281 0.005588
v -0.021349 0.015590 0.002458
v -0.020403 0.015400 -0.002389
v -0.020794 0.017922 -0.002528
v -0.019975 0.012979 -0.002217
v -0.013726 0.026293 0.003133
v -0.018565 0.029299 0.001976
v -0.010489 0.025706 -0.000224
v 0.006352 0.022051 0.001610
v 0.002497 0.020981 -0.001144
v 0.002540 0.022439 -0.001062
v 0.006387 0.023511 0.001813
v 0.007766 0.024341 0.006397
v 0.007542 0.026537 0.006081
v 0.006305 0.025041 0.001367
v 0.007283 0.029136 0.005408
v 0.006072 0.027531 0.000626
v 0.002571 0.023492 -0.001260
v -0.002529 0.022652 -0.000170
v 0.002372 0.025984 -0.001921
v -0.002510 0.025227 -0.000887
v 0.005955 0.031363 -0.000268
v 0.002156 0.029774 -0.002735
v 0.002003 0.033520 -0.003752
v 0.005824 0.035171 -0.001097
v -0.002544 0.028906 -0.001674
v -0.005679 0.025319 0.003311
v -0.005824 0.029018 0.002432
v -0.002671 0.032510 -0.002499
v -0.005929 0.032677 0.001698
v -0.002827 0.035069 -0.003173
v 0.001813 0.036123 -0.004400
v 0.001654 0.038241 -0.004874
v 0.005728 0.037746 -0.001676
v 0.005611 0.039785 -0.002197
v 0.006532 0.041114 0.002478
v 0.006586 0.043472 0.001523
v 0.005504 0.042090 -0.002916
v 0.006360 0.046626 0.000155
v 0.005131 0.045114 -0.003657
v 0.001534 0.040608 -0.005425
v -0.002952 0.037223 -0.003789
v -0.003085 0.039629 -0.004488
v 0.001273 0.043691 -0.005629
v -0.003208 0.042833 -0.004974
v 0.000921 0.045855 -0.005603
v 0.004600 0.047255 -0.004082
v 0.000614 0.047943 -0.005788
v 0.004027 0.049327 -0.004437
v 0.006038 0.048883 -0.000711
v 0.004462 0.049888 0.002674
v 0.004309 0.052239 0.001295
v 0.005128 0.050937 -0.001521
v 0.002041 0.055432 -0.000565
v 0.002502 0.054206 -0.002874
v -0.001176 0.056098 -0.001409
v -0.000751 0.054740 -0.003560
v 0.002428 0.052207 -0.004566
v -0.000083 0.052137 -0.005474
v -0.002600 0.050964 -0.005153
v -0.003313 0.047485 -0.005421
v -0.003175 0.045211 -0.005038
v -0.005740 0.048282 -0.002729
v -0.003827 0.052819 -0.003664
v -0.006376 0.045735 -0.002250
v -0.005989 0.049726 0.000385
v -0.005858 0.047200 0.001751
v -0.000675 0.045466 0.005065
v -0.001011 0.049472 0.004226
v -0.005491 0.044560 0.003029
v -0.005254 0.041437 0.004059
v -0.006170 0.043144 -0.001464
v -0.000728 0.043154 0.006218
v 0.004204 0.041916 0.006295
v 0.004268 0.043998 0.005059
v -0.000539 0.041139 0.007504
v -0.005496 0.039021 0.005143
v -0.000958 0.038317 0.009528
v 0.004877 0.039366 0.008220
v 0.006583 0.039058 0.003160
v 0.004966 0.036223 0.008523
v 0.006668 0.036538 0.003809
v 0.006888 0.032810 0.004592
v 0.004174 0.032976 0.008564
v -0.000971 0.036169 0.008974
v 0.004365 0.029510 0.009313
v -0.001180 0.031986 0.009715
v -0.000988 0.028496 0.010349
v -0.005728 0.030077 0.007139
v -0.005765 0.033756 0.006326
v -0.005842 0.036352 0.005909
v -0.006024 0.035356 0.001160
v -0.005875 0.037580 0.000551
v -0.005945 0.039906 -0.000349
v -0.005724 0.026714 0.008046
v -0.005563 0.023650 0.008795
v -0.000560 0.025306 0.010701
v 0.005023 0.023700 0.010291
v 0.004667 0.026515 0.009952
v -0.000152 0.022392 0.010869
v 0.005386 0.021054 0.010393
v 0.007960 0.022196 0.006368
v -0.005472 0.022646 0.004100
v 0.004410 0.047358 0.003877
v -0.001328 0.053344 0.003364
v -0.004263 0.054193 -0.001164
v -0.006501 -0.024504 0.012651
v -0.013203 -0.025085 0.010289
v -0.005902 -0.031156 0.013531
v -0.022311 -0.002435 0.002486
v -0.026070 -0.005486 0.002038
v -0.026646 -0.003069 0.001948
v -0.028870 -0.007658 -0.001084
v -0.029687 -0.005355 -0.000443
v -0.029208 -0.005525 -0.004427
v -0.030213 -0.003294 -0.000086
v -0.029871 -0.003557 -0.004245
v -0.027148 -0.002152 -0.007689
v -0.027787 -0.000208 -0.007710
v -0.030495 -0.001408 -0.004246
v -0.031013 -0.001064 0.000234
v -0.028602 0.002175 -0.007670
v -0.031281 0.001147 -0.004280
v -0.029393 0.004292 -0.007636
v -0.032078 0.003401 -0.004319
v -0.031261 0.001675 0.000076
v -0.027385 0.001199 0.001743
v -0.027685 0.003616 0.001570
v -0.031532 0.004049 -0.000173
v -0.031891 0.005914 -0.000347
v -0.027930 0.005850 0.001309
v -0.032699 0.004955 -0.004265
v -0.033440 0.006336 -0.003611
v -0.029952 0.005585 -0.007502
v -0.031068 0.006053 -0.007641
v -0.026667 0.007582 -0.008644
v -0.026761 0.008104 -0.008872
v -0.031339 0.007068 -0.007973
v -0.026785 0.009363 -0.009364
v -0.030520 0.008366 -0.008626
v -0.033815 0.007896 -0.004092
v -0.032382 0.009388 -0.001120
v -0.031960 0.007707 -0.000562
v -0.033818 0.008912 -0.005498
v -0.033066 0.010680 -0.001949
v -0.031098 0.011018 -0.009455
v -0.034401 0.011535 -0.006469
v -0.035131 0.014208 -0.007675
v -0.031829 0.013645 -0.010487
v -0.033935 0.013098 -0.003185
v -0.029770 0.012673 -0.000795
v -0.030408 0.014824 -0.001755
v -0.035345 0.016983 -0.003815
v -0.035407 0.017604 -0.005858
v -0.035338 0.016115 -0.008930
v -0.032292 0.019016 -0.002777
v -0.026074 0.015744 -0.002750
v -0.026787 0.018379 -0.003761
v -0.031892 0.019597 -0.003879
v -0.035334 0.019204 -0.006997
v -0.027260 0.019873 -0.004644
v -0.032108 0.020906 -0.005135
v -0.027771 0.021393 -0.005490
v -0.035425 0.020708 -0.008130
v -0.032196 0.022069 -0.006309
v -0.032247 0.023353 -0.007093
v -0.028115 0.022800 -0.006418
v -0.035584 0.022646 -0.009141
v -0.035247 0.021360 -0.012372
v -0.035453 0.025293 -0.011058
v -0.034803 0.024382 -0.013184
v -0.033597 0.026994 -0.013480
v -0.032495 0.026015 -0.014399
v -0.032770 0.023915 -0.014699
v -0.030813 0.026888 -0.014260
v -0.032624 0.020936 -0.014201
v -0.029892 0.024368 -0.014490
v -0.027735 0.025416 -0.013022
v -0.029111 0.026978 -0.013305
v -0.029204 0.021603 -0.014012
v -0.026598 0.022854 -0.012348
v -0.028925 0.019495 -0.013450
v -0.032662 0.018752 -0.013522
v -0.032603 0.017045 -0.012633
v -0.035483 0.017709 -0.010088
v -0.035513 0.019316 -0.011251
v -0.028755 0.017769 -0.012862
v -0.032297 0.015499 -0.011611
v -0.028506 0.016121 -0.012202
v -0.025405 0.017692 -0.010437
v -0.025704 0.019261 -0.011076
v -0.028139 0.014277 -0.011213
v -0.027420 0.011831 -0.010128
v -0.025082 0.015823 -0.009634
v -0.024604 0.017425 -0.006429
v -0.024990 0.019259 -0.007243
v -0.024603 0.013462 -0.008525
v -0.024093 0.011225 -0.007540
v -0.024094 0.015113 -0.005487
v -0.023517 0.013000 -0.004467
v -0.025494 0.013823 -0.001592
v -0.023578 0.012091 -0.002939
v -0.023578 0.010293 -0.006409
v -0.023416 0.009572 -0.006127
v -0.023215 0.010874 -0.002370
v -0.023516 0.008708 -0.006546
v -0.026404 0.007021 -0.008604
v -0.025972 0.005823 -0.008506
v -0.023166 0.007540 -0.006540
v -0.025309 0.003938 -0.008116
v -0.024567 0.002039 -0.008330
v -0.022554 0.005735 -0.006224
v -0.022203 0.008441 -0.002664
v -0.021679 0.003894 -0.005936
v -0.021663 0.006547 -0.002268
v -0.023382 0.005971 0.002167
v -0.021059 0.004620 -0.001732
v -0.023477 0.007964 0.001274
v -0.028175 0.007739 0.000974
v -0.023969 0.009581 0.000654
v -0.022630 0.009736 -0.002829
v -0.024876 0.011088 0.000683
v -0.028728 0.009347 0.000468
v -0.029451 0.011057 -0.000239
v -0.025594 0.012773 -0.000085
v -0.020687 0.003261 -0.001289
v -0.021083 0.002620 -0.005620
v -0.023163 0.003531 0.002320
v -0.022991 0.001440 0.002178
v -0.026998 -0.001007 0.001874
v -0.022967 -0.000290 0.002130
v -0.023925 0.000536 -0.008446
v -0.026529 -0.003884 -0.007704
v -0.028338 -0.007706 -0.005143
v -0.025318 0.020742 -0.007993
v -0.025664 0.022239 -0.008782
v -0.026012 0.020882 -0.011726
v -0.026269 0.024017 -0.009758
v -0.028454 0.024550 -0.007310
v -0.028646 0.026881 -0.009260
v -0.027514 0.026350 -0.010924
v -0.032271 0.027298 -0.008645
v -0.030157 0.028384 -0.010867
v -0.032197 0.028730 -0.011772
v -0.029420 0.027983 -0.012201
v -0.031629 0.028158 -0.013072
v -0.034089 0.027687 -0.011914
v -0.020733 -0.054028 0.001320
v -0.020432 -0.056492 0.001366
v -0.019476 -0.056845 0.005794
v -0.019897 -0.060883 0.000759
v -0.018732 -0.061340 0.005096
v -0.015800 -0.061692 0.009683
v -0.016209 -0.066375 0.009151
v -0.018960 -0.065981 0.004454
v -0.017076 -0.071411 0.008468
v -0.012483 -0.071107 0.013160
v -0.011592 -0.066166 0.013660
v -0.005651 -0.065491 0.016726
v -0.011132 -0.061648 0.013935
v -0.016322 -0.056946 0.010582
v -0.006278 -0.070272 0.016142
v 0.000591 -0.069340 0.016919
v 0.000290 -0.072943 0.016961
v 0.007650 -0.072099 0.016198
v 0.007364 -0.078589 0.015121
v -0.000228 -0.079377 0.015618
v -0.007046 -0.073817 0.016107
v -0.012995 -0.074623 0.013269
v -0.007870 -0.080126 0.014474
v -0.012905 -0.080911 0.012191
v -0.016576 -0.080927 0.007542
v 0.014528 -0.071509 0.013868
v 0.014140 -0.077671 0.012529
v 0.019030 -0.070985 0.009340
v 0.018339 -0.076670 0.008811
v 0.020446 -0.075566 0.003022
v 0.013911 -0.068115 0.013384
v 0.010471 -0.041248 0.013047
v 0.010421 -0.046369 0.014029
v 0.017326 -0.045615 0.011015
v -0.016889 -0.042904 0.009264
v 0.034034 -0.015796 -0.013925
v 0.037490 -0.017521 -0.012234
v 0.031272 -0.017356 -0.011732
v 0.034457 -0.015978 -0.016035
v 0.033613 -0.017095 -0.014424
v 0.033717 -0.017192 -0.015600
v 0.033328 -0.017503 -0.016359
v 0.031514 -0.018563 -0.016613
v 0.033714 -0.016799 -0.017575
v 0.037049 -0.018992 -0.017935
v 0.036622 -0.021264 -0.018435
v 0.031825 -0.017889 -0.017909
v 0.030065 -0.019070 -0.019936
v 0.032964 -0.021260 -0.020622
v 0.029526 -0.020127 -0.018917
v 0.028274 -0.020830 -0.020777
v 0.028530 -0.020194 -0.022043
v 0.027022 -0.022139 -0.020673
v 0.026951 -0.022115 -0.022231
v 0.026077 -0.023784 -0.020462
v 0.024930 -0.027489 -0.019698
v 0.025958 -0.023985 -0.022008
v 0.028097 -0.024961 -0.022142
v 0.024812 -0.027909 -0.021195
v 0.023635 -0.032383 -0.019397
v 0.023808 -0.031743 -0.017983
v 0.027220 -0.029288 -0.020914
v 0.026060 -0.034153 -0.018870
v 0.028096 -0.034683 -0.017091
v 0.027103 -0.037452 -0.015533
v 0.025200 -0.037202 -0.017059
v 0.022412 -0.035753 -0.017407
v 0.021006 -0.039399 -0.014187
v 0.022712 -0.034928 -0.016118
v 0.021474 -0.038380 -0.013110
v 0.021368 -0.040450 -0.010651
v 0.021882 -0.041832 -0.007643
v 0.020725 -0.041668 -0.011338
v 0.023788 -0.040686 -0.014203
v 0.023225 -0.042607 -0.011830
v 0.021356 -0.043222 -0.007626
v 0.024190 -0.043806 -0.009002
v 0.022897 -0.043710 -0.009399
v 0.024072 -0.043244 -0.005795
v 0.022644 -0.042358 -0.003991
v 0.022847 -0.041116 -0.004813
v 0.023915 -0.039467 -0.003329
v 0.023715 -0.040118 -0.001983
v 0.025499 -0.035555 -0.002334
v 0.025385 -0.035637 -0.000801
v 0.026568 -0.030428 -0.002828
v 0.026665 -0.030263 -0.001274
v 0.027437 -0.026374 -0.003439
v 0.027539 -0.026039 -0.001918
v 0.027740 -0.023568 -0.004322
v 0.027796 -0.023112 -0.002826
v 0.027988 -0.021150 -0.005062
v 0.028014 -0.020629 -0.003586
v 0.027851 -0.019169 -0.005852
v 0.028357 -0.017672 -0.006194
v 0.027924 -0.018513 -0.004434
v 0.031546 -0.017764 -0.005083
v 0.028699 -0.016581 -0.005509
v 0.030481 -0.021733 -0.003242
v 0.031027 -0.019838 -0.003987
v 0.032929 -0.020709 -0.005539
v 0.032791 -0.022867 -0.005213
v 0.032964 -0.018267 -0.006032
v 0.036520 -0.019106 -0.009674
v 0.029121 -0.016774 -0.008435
v 0.030989 -0.018716 -0.012244
v 0.028579 -0.018242 -0.008462
v 0.037819 -0.018177 -0.015521
v 0.037139 -0.020507 -0.014594
v 0.035889 -0.023828 -0.013810
v 0.035868 -0.022359 -0.008591
v 0.034865 -0.025150 -0.007839
v 0.034654 -0.026693 -0.013127
v 0.033055 -0.030128 -0.012047
v 0.033453 -0.028525 -0.006811
v 0.032128 -0.025438 -0.004489
v 0.031198 -0.028463 -0.003764
v 0.030146 -0.023958 -0.002637
v 0.031663 -0.032468 -0.005646
v 0.031091 -0.034145 -0.010772
v 0.029687 -0.036878 -0.009713
v 0.030312 -0.035320 -0.004919
v 0.028322 -0.038910 -0.004068
v 0.029918 -0.031918 -0.003033
v 0.028045 -0.036332 -0.002268
v 0.026738 -0.039148 -0.002167
v 0.027081 -0.035929 -0.000921
v 0.027068 -0.041127 -0.003985
v 0.026552 -0.042195 -0.007391
v 0.025572 -0.043434 -0.006190
v 0.026040 -0.042643 -0.004441
v 0.025411 -0.041883 -0.002892
v 0.026013 -0.038577 -0.001009
v 0.025923 -0.042870 -0.010017
v 0.025435 -0.043638 -0.008051
v 0.026961 -0.041256 -0.011632
v 0.024491 -0.042746 -0.011166
v 0.025613 -0.040749 -0.013214
v 0.027755 -0.040349 -0.008340
v 0.028860 -0.037993 -0.013539
v 0.030158 -0.035332 -0.014927
v 0.032332 -0.031247 -0.016200
v 0.029944 -0.030476 -0.018623
v 0.034058 -0.027710 -0.017215
v 0.031323 -0.026746 -0.019638
v 0.032188 -0.024242 -0.020256
v 0.029138 -0.023147 -0.022291
v 0.030277 -0.021049 -0.022258
v 0.035415 -0.024775 -0.017878
v 0.028674 -0.030673 -0.001311
v 0.029705 -0.026599 -0.002023
v 0.019822 -0.013265 0.008074
v 0.013356 -0.023431 0.016510
v 0.019910 -0.010773 0.007990
v 0.012908 -0.024607 0.016602
v 0.019776 -0.013988 0.008057
v 0.019160 -0.009872 0.005079
v 0.018960 -0.012048 0.004951
v 0.018859 -0.013270 0.004956
v 0.008644 -0.025270 0.010103
v 0.007562 -0.025651 0.010062
v 0.011300 -0.024877 0.016788
v 0.008427 -0.025254 0.016532
v 0.011219 -0.024409 0.016653
v 0.012336 -0.024282 0.016815
v 0.011624 -0.023508 0.016568
v 0.012240 -0.023409 0.016638
v 0.012204 -0.020042 0.015956
v 0.012331 -0.023536 0.016003
v 0.012295 -0.020170 0.015321
v 0.011472 -0.020170 0.015204
v 0.008261 -0.020387 0.014837
v 0.011709 -0.023643 0.015933
v 0.011383 -0.020044 0.015841
v 0.008010 -0.017234 0.014760
v 0.011160 -0.016880 0.015083
v 0.008200 -0.020261 0.015476
v 0.007271 -0.020340 0.015383
v 0.007084 -0.017226 0.014638
v 0.007305 -0.020468 0.014743
v 0.007489 -0.023768 0.015471
v 0.008118 -0.023837 0.015462
v 0.007454 -0.023640 0.016112
v 0.007404 -0.024739 0.016332
v 0.008468 -0.024636 0.016431
v 0.008060 -0.023701 0.016101
v 0.004460 -0.025225 0.016067
v 0.004036 -0.024292 0.015823
v 0.004175 -0.024410 0.015194
v 0.004000 -0.021004 0.014445
v 0.003861 -0.020885 0.015075
v 0.003112 -0.025453 0.015944
v 0.003514 -0.024372 0.015654
v 0.003619 -0.024517 0.015024
v 0.003225 -0.021107 0.014366
v -0.000419 -0.021531 0.013998
v -0.000219 -0.024970 0.014746
v 0.000383 -0.025979 0.015043
v 0.003184 -0.025623 0.015315
v 0.000311 -0.025809 0.015672
v 0.000446 -0.026156 0.015733
v -0.000959 -0.025762 0.015515
v -0.000289 -0.024817 0.015377
v -0.001273 -0.026333 0.015573
v -0.005045 -0.026701 0.015219
v -0.001027 -0.026601 0.009570
v -0.000090 -0.026395 0.009451
v 0.001968 -0.026292 0.009711
v -0.003776 -0.025435 0.008993
v -0.003840 -0.025781 0.009443
v -0.006076 -0.025069 0.008693
v -0.005307 -0.026011 0.009893
v -0.008461 -0.024650 0.008335
v -0.010509 -0.024309 0.008044
v -0.009859 -0.026169 0.010574
v -0.007326 -0.026150 0.010286
v -0.004311 -0.027000 0.011038
v -0.005880 -0.027205 0.011676
v -0.006155 -0.026814 0.015120
v -0.008731 -0.027540 0.012674
v -0.010209 -0.027670 0.012818
v -0.011574 -0.026712 0.011512
v -0.008898 -0.027016 0.014883
v -0.010280 -0.027092 0.014759
v -0.010072 -0.026573 0.014687
v -0.013140 -0.027373 0.014516
v -0.009015 -0.026597 0.014800
v -0.012667 -0.027862 0.013322
v -0.014013 -0.027901 0.013558
v -0.014419 -0.027382 0.012746
v -0.013008 -0.027219 0.012374
v -0.014460 -0.025867 0.010625
v -0.013057 -0.025877 0.010496
v -0.012401 -0.025232 0.009522
v -0.015362 -0.024542 0.008860
v -0.021715 -0.023228 0.007821
v -0.020129 -0.025556 0.010981
v -0.013561 -0.023072 0.006647
v -0.015621 -0.026327 0.011365
v -0.018392 -0.025552 0.010589
v -0.011651 -0.024026 0.007765
v -0.017710 -0.026655 0.012063
v -0.019345 -0.026808 0.012516
v -0.018762 -0.026165 0.013674
v -0.018789 -0.027302 0.013132
v -0.017546 -0.027337 0.013007
v -0.018670 -0.027200 0.013884
v -0.017869 -0.027185 0.013990
v -0.018600 -0.027770 0.013885
v -0.017767 -0.027895 0.014053
v -0.016755 -0.027744 0.014189
v -0.016863 -0.027110 0.014083
v -0.016257 -0.027907 0.013826
v -0.016314 -0.027362 0.012913
v -0.014005 -0.027460 0.014440
v -0.013106 -0.026753 0.014411
v -0.014275 -0.026801 0.014301
v -0.013823 -0.026014 0.013368
v -0.013449 -0.025770 0.014166
v -0.013937 -0.025847 0.013986
v -0.014199 -0.027025 0.013691
v -0.016788 -0.027334 0.013472
v -0.017283 -0.026211 0.013709
v -0.017253 -0.026388 0.013085
v -0.017806 -0.026326 0.013154
v -0.017555 -0.023362 0.012548
v -0.017788 -0.026195 0.013796
v -0.019230 -0.023256 0.012989
v -0.018118 -0.023307 0.013144
v -0.020051 -0.018892 0.011917
v -0.018466 -0.018935 0.012129
v -0.017579 -0.023243 0.013190
v -0.018136 -0.023438 0.012501
v -0.017829 -0.018870 0.012186
v -0.014176 -0.022841 0.013455
v -0.013657 -0.022779 0.013496
v -0.014068 -0.022951 0.012821
v -0.014688 -0.018811 0.012511
v -0.014166 -0.018720 0.012546
v -0.018527 -0.010926 0.010527
v -0.014935 -0.010967 0.010857
v -0.019244 -0.004072 0.009221
v -0.011720 -0.010909 0.011250
v -0.010900 -0.018436 0.012821
v -0.016202 -0.003102 0.009857
v -0.017067 0.002992 0.008824
v -0.013965 0.003748 0.009483
v -0.011835 -0.002605 0.010721
v -0.018553 -0.000592 0.005767
v -0.019782 -0.000925 0.005663
v -0.023685 0.001811 0.006377
v -0.022826 0.002317 0.004578
v -0.019605 -0.000610 0.003793
v -0.023000 0.002608 0.003537
v -0.018805 -0.000329 0.004208
v -0.018716 0.001943 0.004817
v -0.018653 0.002059 0.005527
v -0.014289 0.003879 0.007888
v -0.014140 0.003835 0.007124
v -0.009505 0.004800 0.008961
v -0.009878 0.004723 0.009322
v -0.006407 0.000716 0.008833
v -0.006684 -0.000208 0.009781
v -0.004570 0.001350 0.009309
v -0.004268 0.000293 0.010517
v -0.002898 0.004505 0.010309
v -0.002616 0.004000 0.011365
v 0.000507 0.004724 0.010655
v 0.000652 0.004204 0.011835
v 0.007149 0.004977 0.010325
v 0.008482 0.002084 0.009705
v 0.006368 0.004500 0.011674
v 0.007931 0.000806 0.011101
v 0.005082 0.003820 0.013011
v 0.001379 0.003561 0.013240
v -0.001818 0.003416 0.012775
v -0.003423 -0.001830 0.012103
v 0.001459 -0.001462 0.012661
v 0.007102 -0.000941 0.012489
v 0.010719 -0.000782 0.012424
v 0.007440 -0.009993 0.012913
v 0.010918 -0.009620 0.013256
v 0.012004 -0.016768 0.015180
v 0.014200 -0.015588 0.015227
v 0.015449 -0.008188 0.013543
v 0.020014 -0.009362 0.007805
v 0.020030 -0.004253 0.007675
v 0.020443 0.002104 0.007810
v 0.016509 -0.000534 0.012783
v 0.020730 0.006319 0.007910
v 0.017473 0.005002 0.011971
v 0.012205 0.004860 0.011777
v 0.011163 0.005210 0.010694
v 0.009858 0.000929 0.011101
v 0.010433 0.005540 0.009430
v 0.020177 0.007142 0.005712
v 0.020238 0.002828 0.005726
v 0.019756 -0.003434 0.005379
v 0.019303 -0.008013 0.005089
v 0.009337 0.002093 0.009650
v 0.013876 -0.019086 0.015801
v 0.002428 -0.010286 0.012451
v 0.002843 -0.017665 0.014183
v -0.001808 -0.010526 0.012160
v 0.003555 -0.017646 0.014274
v -0.001337 -0.018002 0.013738
v -0.007033 -0.010800 0.011747
v -0.000729 -0.017917 0.013791
v -0.007251 -0.002129 0.011309
v -0.010690 0.004491 0.009854
v -0.000487 -0.021400 0.014635
v -0.001127 -0.021474 0.014573
v 0.003120 -0.020985 0.015000
v -0.001060 -0.021610 0.013936
v -0.000739 -0.024936 0.014693
v -0.000805 -0.024800 0.015331
v -0.004900 -0.026028 0.015122
v -0.005352 -0.025185 0.014892
v -0.005191 -0.025301 0.014266
v -0.005340 -0.022073 0.013550
v -0.005501 -0.021958 0.014174
v -0.005859 -0.025275 0.014695
v -0.006288 -0.026288 0.015022
v -0.005750 -0.025427 0.014070
v -0.009830 -0.022566 0.013175
v -0.009489 -0.025810 0.013897
v -0.005941 -0.022138 0.013494
v -0.006231 -0.026476 0.014398
v -0.008957 -0.026785 0.014174
v -0.009546 -0.025647 0.014529
v -0.010013 -0.025695 0.014505
v -0.009957 -0.025833 0.013867
v -0.010372 -0.022489 0.013774
v -0.010315 -0.022626 0.013137
v -0.009885 -0.022436 0.013813
v -0.010460 -0.018420 0.012862
v -0.006497 -0.018223 0.013227
v -0.006048 -0.022018 0.014127
v -0.005795 -0.018193 0.013291
v -0.027455 -0.000557 0.000447
v -0.026863 0.000094 0.003122
v -0.029182 -0.001360 0.005317
v -0.025769 -0.007249 0.008598
v -0.026575 -0.007595 0.004845
v -0.029642 -0.001953 0.003351
v -0.029662 -0.002180 0.000690
v -0.028583 -0.001350 -0.000572
v -0.027249 -0.007901 0.000209
v -0.026060 -0.007260 -0.001170
v -0.026182 -0.014263 0.000858
v -0.023880 -0.012881 -0.002104
v -0.022579 -0.015893 -0.002659
v -0.016561 -0.021646 0.004934
v -0.025341 -0.018108 0.001153
v -0.024233 -0.013799 0.006363
v -0.022779 -0.018537 0.007256
v -0.021247 -0.022509 0.009107
v -0.022343 -0.013234 0.010484
v -0.013297 -0.025883 0.013539
v -0.013505 -0.022894 0.012869
v -0.016858 -0.026636 0.011917
v 0.003281 -0.026166 0.009862
v 0.003280 -0.025830 0.016006
v 0.004606 -0.025737 0.016151
v 0.007390 -0.025361 0.016443
v 0.005116 -0.025906 0.010002
v 0.006151 -0.025757 0.010049
v 0.008547 -0.024779 0.015797
v 0.011298 -0.024552 0.016019
v 0.035653 0.006961 -0.023452
v 0.035867 0.007539 -0.021875
v 0.033524 0.009637 -0.024220
v 0.035344 0.005361 -0.025081
v 0.031770 0.004737 -0.022277
v 0.032521 0.003555 -0.023732
v 0.033859 0.001276 -0.023643
v 0.036176 0.001985 -0.024417
v 0.030486 0.002598 -0.022902
v 0.030213 0.003626 -0.021522
v 0.029071 0.002842 -0.020989
v 0.029035 0.001377 -0.022371
v 0.030287 0.004156 -0.020170
v 0.031924 0.005354 -0.020780
v 0.029122 0.003269 -0.019726
v 0.029168 0.003499 -0.018450
v 0.028314 0.005594 -0.018059
v 0.027796 0.004291 -0.022682
v 0.027323 0.003740 -0.025701
v 0.026967 0.006049 -0.022578
v 0.027344 0.007221 -0.018775
v 0.028917 -0.000279 -0.025643
v 0.029809 -0.002617 -0.025319
v 0.029200 -0.000372 -0.026239
v 0.028005 0.003916 -0.026562
v 0.028949 0.004217 -0.027381
v 0.027476 0.006849 -0.026754
v 0.026419 0.005741 -0.025713
v 0.025469 0.007087 -0.025203
v 0.026669 0.009108 -0.026433
v 0.028714 0.011198 -0.028079
v 0.028960 0.008386 -0.028171
v 0.030388 0.008240 -0.028137
v 0.030310 0.011257 -0.027908
v 0.032615 0.013400 -0.026448
v 0.032240 0.011028 -0.027636
v 0.030409 0.013557 -0.026764
v 0.032542 0.014941 -0.024006
v 0.028571 0.013164 -0.027265
v 0.030879 0.015332 -0.024076
v 0.031015 0.015770 -0.021069
v 0.033042 0.015313 -0.020930
v 0.029063 0.015489 -0.024204
v 0.026464 0.012934 -0.023581
v 0.026776 0.013756 -0.020704
v 0.029375 0.016057 -0.021183
v 0.031463 0.014619 -0.018307
v 0.029272 0.015331 -0.018565
v 0.027110 0.013900 -0.018755
v 0.025249 0.010599 -0.017992
v 0.028473 0.010182 -0.015882
v 0.030339 0.011746 -0.015595
v 0.026960 0.009358 -0.016374
v 0.028909 0.008711 -0.015024
v 0.027952 0.007986 -0.015262
v 0.024919 0.009877 -0.019216
v 0.026421 0.008399 -0.019390
v 0.026167 0.007493 -0.022231
v 0.024667 0.009185 -0.021801
v 0.024560 0.008217 -0.024609
v 0.025978 0.011270 -0.025922
v 0.029007 0.006126 -0.014090
v 0.030067 0.002319 -0.016061
v 0.029528 0.003604 -0.017004
v 0.029594 0.006675 -0.013868
v 0.030128 0.003915 -0.012827
v 0.030450 0.004269 -0.012673
v 0.033106 0.004488 -0.012973
v 0.031007 0.004730 -0.012728
v 0.031930 0.002898 -0.012424
v 0.031104 0.001460 -0.012150
v 0.033736 0.000500 -0.012436
v 0.034363 0.001238 -0.012612
v 0.036017 0.001689 -0.012890
v 0.035374 -0.001041 -0.012943
v 0.036237 -0.000487 -0.013070
v 0.037522 -0.000816 -0.014605
v 0.037640 0.001194 -0.015508
v 0.035517 -0.001803 -0.014381
v 0.034738 0.000635 -0.015304
v 0.034873 -0.002139 -0.014202
v 0.034706 -0.001214 -0.012770
v 0.034219 -0.001333 -0.012659
v 0.033270 -0.000037 -0.012369
v 0.034393 -0.002343 -0.014058
v 0.033000 -0.000609 -0.014818
v 0.033729 -0.000088 -0.015024
v 0.031668 0.002042 -0.015846
v 0.030739 0.000654 -0.015308
v 0.031103 0.003381 -0.016506
v 0.030659 0.004407 -0.017320
v 0.032525 0.004876 -0.017116
v 0.032956 0.003957 -0.016605
v 0.036804 0.004829 -0.016633
v 0.034557 0.007101 -0.014031
v 0.036433 0.006451 -0.017378
v 0.035109 0.005218 -0.013422
v 0.032178 0.005597 -0.017700
v 0.036049 0.007857 -0.017988
v 0.033993 0.011529 -0.018263
v 0.036014 0.008112 -0.019680
v 0.033187 0.012000 -0.016501
v 0.034046 0.008704 -0.014607
v 0.031953 0.005639 -0.019207
v 0.030351 0.004377 -0.018767
v 0.031940 0.011783 -0.016003
v 0.032597 0.008578 -0.014353
v 0.030717 0.009111 -0.014357
v 0.032843 0.006712 -0.013630
v 0.030840 0.007115 -0.013505
v 0.032897 0.014272 -0.018427
v 0.033269 0.013184 -0.018776
v 0.032754 0.013592 -0.021060
v 0.032150 0.012738 -0.023431
v 0.033693 0.010964 -0.020819
v 0.033649 0.010337 -0.022536
v 0.032274 0.011819 -0.025712
v 0.033222 0.008830 -0.026666
v 0.032497 0.010589 -0.026915
v 0.032044 0.008404 -0.028063
v 0.032801 0.004694 -0.027832
v 0.031011 0.004135 -0.027699
v 0.029817 0.000239 -0.026598
v 0.031999 -0.000057 -0.026581
v 0.033726 0.000804 -0.027052
v 0.033530 -0.002938 -0.025247
v 0.030721 -0.001582 -0.025909
v 0.031924 -0.003738 -0.024723
v 0.032598 -0.003420 -0.024972
v 0.033216 -0.004799 -0.023848
v 0.033750 -0.004641 -0.023941
v 0.033513 -0.004741 -0.022177
v 0.034481 -0.004395 -0.024053
v 0.034160 -0.004519 -0.022311
v 0.033201 -0.002340 -0.022621
v 0.032231 -0.002845 -0.022324
v 0.035046 -0.004196 -0.022517
v 0.034542 -0.001641 -0.023036
v 0.035532 -0.003815 -0.024370
v 0.036472 -0.003715 -0.023088
v 0.036890 -0.001600 -0.023582
v 0.034890 -0.002450 -0.025572
v 0.030153 -0.001361 -0.022271
v 0.031996 -0.000028 -0.022968
v 0.015320 0.050011 -0.012947
v 0.015909 0.044856 -0.008213
v 0.012614 0.049700 -0.012522
v 0.019320 0.044875 -0.008725
v 0.017662 0.049760 -0.012562
v 0.015185 0.049528 -0.014574
v 0.017573 0.049393 -0.014398
v 0.017340 0.048403 -0.016231
v 0.019244 0.048564 -0.014627
v 0.015043 0.048575 -0.016249
v 0.012665 0.048218 -0.016035
v 0.012823 0.046144 -0.016142
v 0.015087 0.046435 -0.016400
v 0.017301 0.046322 -0.016368
v 0.017141 0.040530 -0.015920
v 0.015253 0.040485 -0.015883
v 0.015539 0.038046 -0.015408
v 0.013404 0.040380 -0.015728
v 0.013598 0.037839 -0.015176
v 0.012129 0.037644 -0.014854
v 0.013314 0.037089 -0.014099
v 0.012764 0.036795 -0.014035
v 0.011228 0.036450 -0.013533
v 0.012412 0.035904 -0.013407
v 0.013443 0.038133 -0.012327
v 0.012998 0.037917 -0.012390
v 0.012670 0.039900 -0.010365
v 0.012383 0.038798 -0.009732
v 0.012593 0.037053 -0.011862
v 0.013248 0.040390 -0.010481
v 0.015749 0.040581 -0.010935
v 0.015815 0.042255 -0.009753
v 0.013010 0.042095 -0.009315
v 0.012409 0.041381 -0.009007
v 0.012272 0.042489 -0.007936
v 0.012945 0.043246 -0.008221
v 0.015873 0.043394 -0.008678
v 0.018396 0.043334 -0.008429
v 0.011900 0.044636 -0.008110
v 0.011596 0.043790 -0.007886
v 0.009412 0.044559 -0.010041
v 0.011176 0.049044 -0.012809
v 0.009197 0.043555 -0.009485
v 0.008875 0.040644 -0.008060
v 0.009007 0.042908 -0.011024
v 0.010719 0.041482 -0.007117
v 0.011892 0.041091 -0.006972
v 0.010773 0.040309 -0.006529
v 0.011867 0.039962 -0.006381
v 0.009107 0.039343 -0.007120
v 0.010844 0.038272 -0.005408
v 0.011826 0.038001 -0.005263
v 0.009799 0.037005 -0.005613
v 0.010090 0.034326 -0.007571
v 0.011983 0.034179 -0.007830
v 0.012033 0.036724 -0.005986
v 0.012103 0.039244 -0.007465
v 0.012176 0.040091 -0.008148
v 0.012232 0.037651 -0.009028
v 0.012354 0.035657 -0.011144
v 0.011968 0.033228 -0.009625
v 0.010362 0.032908 -0.009705
v 0.011736 0.032340 -0.011082
v 0.012205 0.034486 -0.012471
v 0.011238 0.032375 -0.010920
v 0.010965 0.034371 -0.012279
v 0.008863 0.038550 -0.011577
v 0.009050 0.036377 -0.011037
v 0.008943 0.037673 -0.008906
v 0.008744 0.039657 -0.009704
v 0.009084 0.042146 -0.012749
v 0.009234 0.044055 -0.011493
v 0.011160 0.045613 -0.015623
v 0.011673 0.039922 -0.015072
v 0.011138 0.047677 -0.015557
v 0.009266 0.043433 -0.013123
v 0.010990 0.048554 -0.014162
v 0.012576 0.049211 -0.014259
v 0.018881 0.042648 -0.008183
v 0.018231 0.042182 -0.009543
v 0.018702 0.041508 -0.009232
v 0.017856 0.040468 -0.010719
v 0.018403 0.039993 -0.010567
v 0.019123 0.040057 -0.008227
v 0.018870 0.038989 -0.009683
v 0.019159 0.037350 -0.008996
v 0.019411 0.040884 -0.007147
v 0.019348 0.039043 -0.007434
v 0.019522 0.039906 -0.006627
v 0.019676 0.036531 -0.006217
v 0.019590 0.034303 -0.008294
v 0.019757 0.037959 -0.005514
v 0.020943 0.037841 -0.005699
v 0.020876 0.040288 -0.006969
v 0.021781 0.036901 -0.006100
v 0.022271 0.039946 -0.007977
v 0.022342 0.038358 -0.009625
v 0.020930 0.034481 -0.007893
v 0.022087 0.036908 -0.011730
v 0.020573 0.033013 -0.010242
v 0.020067 0.032805 -0.011710
v 0.019513 0.033217 -0.010415
v 0.018880 0.035736 -0.011239
v 0.018911 0.034643 -0.012835
v 0.019543 0.032705 -0.011670
v 0.019934 0.034909 -0.013058
v 0.019725 0.036199 -0.013750
v 0.022084 0.039256 -0.012188
v 0.018235 0.036762 -0.014172
v 0.018548 0.040136 -0.015692
v 0.018616 0.037986 -0.015210
v 0.018699 0.035669 -0.013471
v 0.018550 0.036993 -0.011871
v 0.018086 0.037970 -0.012575
v 0.017479 0.038203 -0.012594
v 0.017477 0.037173 -0.014420
v 0.017165 0.038071 -0.015398
v 0.015554 0.037218 -0.014414
v 0.015657 0.038253 -0.012662
v 0.021524 0.042607 -0.013327
v 0.018864 0.045770 -0.016099
v 0.018874 0.047798 -0.016020
v 0.021234 0.043800 -0.013683
v 0.021358 0.044389 -0.012313
v 0.021682 0.043354 -0.011848
v 0.019358 0.049027 -0.013282
v 0.021380 0.045052 -0.011044
v 0.021721 0.044141 -0.010473
v 0.020824 0.041476 -0.007634
v 0.022283 0.041427 -0.008996
v 0.019729 0.044000 -0.008403
v 0.022292 0.040411 -0.010498
v -0.000952 0.058501 0.002202
v -0.000529 0.053784 0.003469
v -0.004301 0.057518 0.002182
v 0.003311 0.053638 0.003544
v 0.002361 0.058610 0.002010
v -0.001248 0.059905 -0.000740
v 0.001725 0.059751 -0.000978
v -0.002013 0.059444 -0.002718
v 0.001663 0.059291 -0.002774
v 0.003899 0.058724 -0.001348
v 0.004189 0.057564 -0.002469
v 0.004526 0.057830 0.000912
v 0.006020 0.053881 -0.001524
v 0.006121 0.053697 -0.000361
v 0.006090 0.053807 0.001344
v 0.006518 0.051698 -0.002177
v 0.006710 0.051691 -0.000179
v 0.006694 0.051792 0.001718
v 0.007418 0.048009 0.000122
v 0.007025 0.048477 0.002210
v 0.005613 0.048069 0.003318
v 0.005792 0.045688 0.003517
v 0.007098 0.045621 0.002646
v 0.007480 0.044890 0.000211
v 0.006768 0.042270 0.002863
v 0.007320 0.044061 -0.002781
v 0.006854 0.041221 0.000309
v 0.006742 0.040752 -0.002562
v 0.004675 0.040691 0.000509
v 0.004585 0.042225 0.002905
v 0.004691 0.043361 0.003838
v 0.005820 0.043599 0.003698
v 0.004258 0.044515 0.002595
v 0.003947 0.046484 0.002400
v 0.004158 0.047259 0.003473
v 0.004173 0.043340 0.000248
v 0.004399 0.045351 0.003625
v 0.004020 0.042695 -0.002459
v 0.003795 0.045478 -0.000041
v 0.003255 0.044401 -0.002716
v 0.003260 0.047467 -0.000205
v 0.002336 0.048033 -0.000015
v 0.003484 0.048695 0.002094
v 0.001915 0.046094 -0.003109
v 0.002671 0.045818 -0.003168
v 0.001500 0.046585 -0.005799
v 0.003059 0.046269 -0.005689
v 0.003290 0.048064 -0.006171
v 0.004946 0.045526 -0.005186
v 0.003853 0.043365 -0.005238
v 0.004208 0.041957 -0.005090
v 0.004711 0.040056 -0.002391
v 0.005656 0.042862 -0.004738
v 0.004826 0.039912 -0.004146
v 0.005628 0.040270 -0.004413
v 0.004068 0.050063 -0.005056
v 0.006538 0.047878 -0.003257
v 0.001426 0.048264 -0.006337
v 0.001603 0.051175 -0.005699
v 0.004276 0.053207 -0.003910
v 0.001658 0.054788 -0.004607
v -0.001272 0.054928 -0.004550
v -0.003727 0.053978 -0.004655
v -0.000945 0.051317 -0.005649
v -0.000795 0.048420 -0.006335
v -0.003263 0.050656 -0.005628
v -0.002842 0.047778 -0.006227
v -0.004247 0.046207 -0.005678
v -0.002865 0.045975 -0.005688
v -0.003436 0.044487 -0.005407
v -0.004932 0.044000 -0.005044
v -0.003588 0.043355 -0.005257
v -0.003166 0.045377 -0.002875
v -0.003040 0.046004 -0.002916
v -0.000279 0.048564 -0.000545
v -0.003226 0.047856 -0.000078
v -0.000875 0.046444 -0.005795
v -0.000343 0.046160 -0.003191
v -0.000225 0.049738 0.001791
v -0.003704 0.049351 0.002215
v -0.003473 0.046706 -0.000022
v -0.003635 0.045041 -0.000037
v -0.003893 0.046261 0.002337
v -0.003851 0.048050 0.002450
v -0.004406 0.048867 0.003484
v -0.005946 0.047391 0.003266
v -0.003408 0.050290 0.003674
v -0.005617 0.049927 0.003285
v -0.004777 0.047010 0.003504
v -0.004477 0.045019 0.003648
v -0.005801 0.045165 0.003456
v -0.007316 0.047203 0.002250
v -0.007236 0.045072 0.002453
v -0.005298 0.043138 0.003791
v -0.004156 0.042909 0.003868
v -0.006091 0.041418 0.002361
v -0.006042 0.040251 0.000310
v -0.003898 0.040392 0.000631
v -0.004003 0.041781 0.002729
v -0.003916 0.044337 0.002444
v -0.003694 0.043011 0.000178
v -0.003493 0.042193 -0.002403
v -0.003958 0.039624 -0.002063
v -0.003361 0.044033 -0.002636
v -0.005806 0.039631 -0.002201
v -0.003868 0.039599 -0.004578
v -0.003617 0.041922 -0.005097
v -0.004976 0.039491 -0.004134
v -0.004935 0.041410 -0.004788
v -0.006930 0.046865 -0.002998
v -0.007029 0.043325 -0.002574
v -0.007235 0.043976 0.000229
v -0.007589 0.047067 -0.000030
v -0.007258 0.050841 -0.002068
v -0.007458 0.050417 0.000076
v -0.007075 0.053121 0.000022
v -0.006641 0.053510 0.001818
v -0.007184 0.050329 0.002075
v -0.004328 0.053112 0.003570
v -0.000177 0.050661 0.003502
v -0.006262 0.056656 0.001092
v -0.005913 0.057539 -0.000630
v -0.004567 0.058533 -0.002682
v -0.004221 0.059164 -0.000666
v -0.006040 0.056521 -0.002241
v -0.007096 0.052767 -0.001455
v -0.005618 0.052501 -0.003511
v -0.005132 0.049161 -0.004540
v 0.002808 0.050572 0.003588
v 0.003658 0.049191 0.003428
v 0.002769 0.049596 0.002039
v 0.004988 0.050727 0.003269
v -0.018680 0.047386 -0.007279
v -0.018349 0.044253 -0.005375
v -0.021333 0.047250 -0.008071
v -0.015946 0.047742 -0.006673
v -0.015030 0.044642 -0.004813
v -0.018901 0.049340 -0.008996
v -0.015969 0.049479 -0.008439
v -0.015259 0.048175 -0.011760
v -0.013890 0.048241 -0.008168
v -0.018156 0.048328 -0.012445
v -0.021202 0.047277 -0.012757
v -0.020230 0.044546 -0.013363
v -0.017728 0.045202 -0.012931
v -0.015247 0.045512 -0.012306
v -0.014963 0.042228 -0.012568
v -0.017184 0.042178 -0.013081
v -0.016796 0.039720 -0.013102
v -0.019212 0.041323 -0.013452
v -0.018645 0.039037 -0.013384
v -0.019750 0.037552 -0.012941
v -0.018298 0.037238 -0.013055
v -0.019090 0.036300 -0.012599
v -0.020411 0.035909 -0.012191
v -0.019415 0.035151 -0.012136
v -0.017953 0.037169 -0.010869
v -0.018913 0.036596 -0.010960
v -0.019917 0.037802 -0.008728
v -0.019900 0.036124 -0.008719
v -0.019029 0.035185 -0.011113
v -0.018989 0.038892 -0.008749
v -0.017001 0.039432 -0.008471
v -0.017522 0.041186 -0.006872
v -0.020136 0.040489 -0.007326
v -0.020855 0.038959 -0.006936
v -0.021602 0.039993 -0.005503
v -0.021123 0.041514 -0.005881
v -0.018143 0.042662 -0.004972
v -0.015031 0.042226 -0.004279
v -0.021671 0.043262 -0.005853
v -0.022626 0.040856 -0.005949
v -0.023138 0.043845 -0.007870
v -0.022621 0.046351 -0.008846
v -0.023815 0.041025 -0.007365
v -0.024191 0.038224 -0.006989
v -0.023866 0.040989 -0.009407
v -0.023026 0.038430 -0.005534
v -0.021472 0.038145 -0.005234
v -0.022975 0.036210 -0.004901
v -0.021307 0.036402 -0.005029
v -0.023753 0.035810 -0.006621
v -0.020971 0.034529 -0.005232
v -0.022316 0.034488 -0.005110
v -0.022563 0.033281 -0.006204
v -0.021905 0.032010 -0.008098
v -0.019905 0.031993 -0.007542
v -0.020459 0.033357 -0.005701
v -0.020695 0.035376 -0.006417
v -0.020790 0.037214 -0.006744
v -0.019905 0.034289 -0.008312
v -0.019135 0.033485 -0.010883
v -0.019459 0.031165 -0.009992
v -0.020938 0.031314 -0.009905
v -0.019729 0.031916 -0.010991
v -0.019578 0.033628 -0.011575
v -0.020339 0.032144 -0.010901
v -0.020651 0.034068 -0.011529
v -0.022273 0.037782 -0.011502
v -0.022120 0.034358 -0.010773
v -0.023146 0.034936 -0.008755
v -0.023724 0.037904 -0.009234
v -0.023226 0.041219 -0.011284
v -0.023626 0.043807 -0.009587
v -0.021916 0.042900 -0.012399
v -0.020827 0.039790 -0.012680
v -0.022644 0.045385 -0.011991
v -0.023189 0.043187 -0.011215
v -0.022862 0.047136 -0.009869
v -0.021389 0.048584 -0.009563
v -0.014552 0.041011 -0.003894
v -0.015016 0.041109 -0.006054
v -0.014575 0.039979 -0.005548
v -0.014883 0.039530 -0.007697
v -0.014297 0.038768 -0.007506
v -0.014146 0.038217 -0.005296
v -0.013786 0.037163 -0.007284
v -0.013333 0.035247 -0.006882
v -0.014347 0.039353 -0.003326
v -0.013769 0.036272 -0.004810
v -0.014048 0.037321 -0.002505
v -0.013186 0.034286 -0.004322
v -0.012464 0.033007 -0.006491
v -0.013240 0.036025 -0.002715
v -0.012129 0.036003 -0.002591
v -0.011820 0.037968 -0.002981
v -0.011499 0.034240 -0.004275
v -0.011044 0.037811 -0.004485
v -0.010503 0.037120 -0.006454
v -0.010917 0.033668 -0.006158
v -0.010603 0.036667 -0.008405
v -0.010643 0.033511 -0.007384
v -0.011175 0.033931 -0.008848
v -0.012004 0.032457 -0.008093
v -0.012858 0.034662 -0.008955
v -0.011697 0.033023 -0.009122
v -0.012039 0.035025 -0.009951
v -0.011307 0.035990 -0.009448
v -0.011910 0.038324 -0.010334
v -0.012451 0.036801 -0.010803
v -0.013100 0.038063 -0.011847
v -0.013367 0.036340 -0.009526
v -0.013716 0.037502 -0.010306
v -0.014586 0.037626 -0.010270
v -0.014618 0.038091 -0.012462
v -0.013050 0.039690 -0.011892
v -0.014839 0.039858 -0.012635
v -0.016376 0.037751 -0.012871
v -0.016518 0.037558 -0.010516
v -0.012917 0.041441 -0.011390
v -0.011767 0.043239 -0.009325
v -0.011460 0.039762 -0.009515
v -0.013066 0.044518 -0.010921
v -0.013170 0.047085 -0.010378
v -0.012241 0.045360 -0.009105
v -0.012411 0.045328 -0.007666
v -0.011612 0.043200 -0.007231
v -0.014045 0.047640 -0.007222
v -0.012876 0.045364 -0.006152
v -0.012022 0.043536 -0.005447
v -0.012393 0.040180 -0.003661
v -0.011189 0.040422 -0.005002
v -0.013277 0.042467 -0.004313
v -0.010792 0.040180 -0.006970
v -0.032807 0.029079 -0.009653
v -0.032463 0.027016 -0.008066
v -0.035091 0.028330 -0.010085
v -0.030427 0.029593 -0.009082
v -0.029530 0.027322 -0.007358
v -0.033201 0.031298 -0.011449
v -0.030312 0.031377 -0.010916
v -0.032644 0.030789 -0.014557
v -0.029434 0.031059 -0.013649
v -0.028725 0.030571 -0.010554
v -0.027565 0.030064 -0.012355
v -0.028977 0.029486 -0.009416
v -0.026956 0.027982 -0.011555
v -0.027242 0.028233 -0.009738
v -0.027865 0.027956 -0.008451
v -0.026115 0.026282 -0.011136
v -0.026135 0.026133 -0.009274
v -0.026467 0.026161 -0.007613
v -0.025429 0.023564 -0.007007
v -0.025077 0.023378 -0.008776
v -0.024418 0.020037 -0.009755
v -0.025044 0.023226 -0.010416
v -0.024460 0.020443 -0.008190
v -0.025010 0.018131 -0.006081
v -0.025023 0.021045 -0.006384
v -0.024417 0.017414 -0.007875
v -0.024407 0.017389 -0.009212
v -0.025765 0.016686 -0.008040
v -0.026327 0.017902 -0.006153
v -0.026479 0.019351 -0.004972
v -0.025767 0.019467 -0.004885
v -0.027248 0.019380 -0.006522
v -0.027788 0.021274 -0.007055
v -0.028246 0.022353 -0.005286
v -0.026722 0.018345 -0.008567
v -0.027756 0.020460 -0.004390
v -0.026324 0.021018 -0.004444
v -0.026725 0.023132 -0.005508
v -0.027531 0.025301 -0.006589
v -0.028722 0.023781 -0.006074
v -0.029850 0.025608 -0.007276
v -0.028367 0.022985 -0.007349
v -0.029036 0.024081 -0.008310
v -0.027982 0.021753 -0.009279
v -0.028631 0.022460 -0.009486
v -0.030731 0.022160 -0.010257
v -0.028169 0.020523 -0.012014
v -0.030074 0.020246 -0.012205
v -0.028261 0.020761 -0.013676
v -0.029784 0.020340 -0.014069
v -0.031371 0.019702 -0.012438
v -0.032105 0.018995 -0.012586
v -0.032666 0.021446 -0.010521
v -0.031187 0.019750 -0.014156
v -0.032175 0.018945 -0.013879
v -0.033243 0.020186 -0.014355
v -0.033787 0.018626 -0.013365
v -0.032542 0.017740 -0.013259
v -0.032049 0.021512 -0.014877
v -0.031096 0.024750 -0.015003
v -0.030427 0.022414 -0.014701
v -0.033086 0.023726 -0.015266
v -0.034090 0.026269 -0.015530
v -0.034568 0.022087 -0.014473
v -0.035545 0.020138 -0.012978
v -0.035861 0.024745 -0.014413
v -0.036833 0.023273 -0.013116
v -0.036929 0.027188 -0.013806
v -0.037569 0.025973 -0.011454
v -0.037166 0.025440 -0.012878
v -0.037371 0.023128 -0.011319
v -0.036823 0.020240 -0.011020
v -0.037326 0.020542 -0.008960
v -0.036010 0.017583 -0.010239
v -0.036535 0.018229 -0.008447
v -0.034881 0.017010 -0.011962
v -0.034833 0.015253 -0.009339
v -0.034002 0.014337 -0.010455
v -0.033678 0.016664 -0.012459
v -0.032283 0.014213 -0.010347
v -0.032198 0.014172 -0.011397
v -0.032899 0.014413 -0.011370
v -0.032517 0.016079 -0.012401
v -0.031999 0.015939 -0.011924
v -0.033185 0.016794 -0.009969
v -0.032076 0.017720 -0.012605
v -0.033338 0.018612 -0.010422
v -0.034320 0.019671 -0.008475
v -0.034070 0.017856 -0.008101
v -0.033498 0.020282 -0.010472
v -0.033948 0.022974 -0.009137
v -0.034534 0.021398 -0.008710
v -0.035387 0.022356 -0.007625
v -0.036324 0.020797 -0.007508
v -0.034537 0.024391 -0.008072
v -0.036167 0.023092 -0.008099
v -0.035049 0.020601 -0.006781
v -0.034562 0.019317 -0.006261
v -0.036082 0.018985 -0.006758
v -0.035405 0.017701 -0.006256
v -0.034297 0.018221 -0.005930
v -0.035523 0.016254 -0.007714
v -0.032805 0.015044 -0.008647
v -0.033708 0.016134 -0.007279
v -0.035231 0.025893 -0.008416
v -0.037238 0.023192 -0.009434
v -0.036762 0.025773 -0.009929
v -0.036382 0.027824 -0.010633
v -0.036868 0.028255 -0.011683
v -0.035555 0.029446 -0.014790
v -0.035751 0.030259 -0.011830
v -0.032101 0.025473 -0.007598
v -0.031403 0.023904 -0.008702
v -0.031640 0.027294 -0.015197
v -0.029081 0.027769 -0.014575
v -0.028862 0.024967 -0.014480
v -0.027050 0.024447 -0.013027
v -0.028611 0.022718 -0.014266
v -0.026957 0.022386 -0.013302
v -0.027103 0.020720 -0.013024
v -0.025846 0.021174 -0.011844
v -0.026233 0.019814 -0.012080
v -0.025510 0.018723 -0.011258
v -0.025037 0.019240 -0.010698
v -0.024783 0.017371 -0.009957
v -0.025138 0.016935 -0.010279
v -0.025325 0.016192 -0.009650
v -0.026195 0.017752 -0.010626
v -0.027337 0.020204 -0.009016
v -0.026845 0.019365 -0.011238
v -0.027291 0.020474 -0.012044
v -0.027372 0.027193 -0.012794
v 0.014036 0.011067 0.014749
v 0.012803 0.002945 0.015439
v 0.013030 0.010761 0.014918
v 0.018574 0.010203 0.014596
v 0.017724 0.002212 0.015139
v 0.013964 0.013661 0.011587
v 0.012355 0.013010 0.011771
v 0.012149 0.014598 0.010169
v 0.011982 0.009448 0.013210
v 0.011226 0.010650 0.010743
v 0.010483 0.003034 0.012988
v 0.009673 0.002778 0.011467
v 0.010405 0.010085 0.008839
v 0.012460 0.011929 0.008571
v 0.011155 0.008421 0.007403
v 0.009462 0.001744 0.007743
v 0.008450 0.002459 0.009138
v 0.008912 -0.000895 0.010245
v 0.009813 -0.001263 0.008714
v 0.010378 -0.005449 0.010099
v 0.009520 -0.005724 0.011677
v 0.011920 -0.004974 0.015776
v 0.010260 -0.002824 0.012932
v 0.011286 -0.007831 0.015934
v 0.012499 -0.005064 0.015741
v 0.011991 -0.007934 0.015899
v 0.011584 -0.006953 0.013272
v 0.012136 -0.007085 0.013367
v 0.014833 -0.007499 0.013216
v 0.015298 -0.008410 0.015697
v 0.015903 -0.008497 0.015645
v 0.015337 -0.007577 0.013190
v 0.015722 -0.005535 0.015546
v 0.016646 -0.003499 0.015610
v 0.016067 -0.003438 0.015752
v 0.016245 -0.005593 0.015514
v 0.018151 -0.001915 0.013443
v 0.017912 -0.004153 0.012537
v 0.019011 -0.000269 0.012437
v 0.017575 -0.007207 0.011295
v 0.019204 -0.001788 0.010876
v 0.019526 0.001741 0.012394
v 0.019297 -0.002994 0.009808
v 0.020345 0.001122 0.009842
v 0.020801 0.000691 0.008422
v 0.020128 0.007818 0.012090
v 0.020586 0.009201 0.010864
v 0.019721 0.009416 0.014129
v 0.020402 0.011749 0.011526
v 0.021178 0.009002 0.008307
v 0.019955 0.007432 0.007060
v 0.019571 0.000161 0.007274
v 0.021037 0.013007 0.009661
v 0.020208 0.013729 0.009964
v 0.019904 0.010686 0.008112
v 0.019116 0.011100 0.008435
v 0.018481 0.010141 0.009614
v 0.019215 0.012894 0.011235
v 0.013678 0.010855 0.010016
v 0.013192 0.012011 0.008852
v 0.013140 0.014754 0.010449
v 0.018135 -0.003048 0.008341
v 0.016799 -0.006224 0.009499
v 0.018627 0.002079 0.015085
v 0.016922 -0.000155 0.017314
v 0.016420 -0.000077 0.017345
v 0.013680 0.000339 0.017509
v 0.013097 0.000427 0.017544
v 0.012888 -0.002969 0.015943
v 0.011755 0.003101 0.015504
v 0.012210 -0.002868 0.015984
v 0.010807 -0.000701 0.013848
v 0.010411 0.000413 0.013051
v 0.009655 -0.000096 0.011622
v -0.001293 0.010264 0.016396
v -0.000654 0.001495 0.016446
v -0.002291 0.009660 0.016194
v 0.004778 0.001809 0.016613
v 0.003939 0.010638 0.016506
v -0.001479 0.013244 0.013235
v 0.004116 0.013664 0.013259
v -0.002964 0.012540 0.013232
v -0.003008 0.007978 0.013781
v -0.003622 0.008497 0.011826
v -0.003707 0.013488 0.011479
v -0.003935 0.008531 0.009332
v -0.002472 0.014138 0.011953
v -0.002606 0.011216 0.009740
v -0.002923 0.007502 0.008154
v -0.001687 0.011516 0.010164
v -0.001109 0.010347 0.011344
v 0.004013 0.010698 0.011520
v 0.004997 0.014672 0.012152
v 0.004770 0.012024 0.010234
v 0.005953 0.014458 0.011997
v 0.005346 0.011828 0.010009
v 0.005656 0.010286 0.010156
v 0.007405 0.000987 0.008413
v 0.007233 0.009742 0.009839
v 0.006379 0.010871 0.012654
v 0.008733 0.001293 0.009690
v 0.005597 0.013324 0.013201
v 0.004734 0.010119 0.016714
v 0.005842 0.008981 0.014583
v 0.007026 0.001539 0.013463
v 0.008060 0.001406 0.011226
v 0.007728 -0.000940 0.011451
v 0.008140 -0.001586 0.010456
v 0.006913 -0.007618 0.011866
v 0.006058 -0.006770 0.010080
v 0.007024 -0.001751 0.008782
v 0.004683 -0.008631 0.013589
v 0.005001 -0.009735 0.016206
v 0.004541 -0.009761 0.016193
v 0.004022 -0.008646 0.013522
v 0.001712 -0.008804 0.013478
v 0.000575 -0.008857 0.013410
v 0.001011 -0.009955 0.016083
v 0.000250 -0.009997 0.016060
v -0.001738 -0.005430 0.012941
v 0.000222 -0.007399 0.016118
v 0.000866 -0.007370 0.016137
v -0.001711 -0.008037 0.011625
v -0.000734 -0.007212 0.009917
v -0.002170 -0.002988 0.008709
v -0.003194 0.000110 0.007928
v -0.003067 -0.003855 0.010519
v -0.002734 -0.002618 0.011986
v -0.004459 0.000463 0.009395
v -0.003836 0.000578 0.010998
v -0.002951 0.001411 0.013469
v -0.001751 -0.002923 0.014200
v -0.001824 0.001426 0.016410
v -0.002493 -0.001097 0.013396
v 0.000512 -0.001379 0.018664
v -0.000189 -0.001470 0.018601
v -0.000000 -0.004950 0.016473
v 0.000720 -0.004911 0.016494
v 0.004068 -0.004731 0.016589
v 0.004304 -0.007184 0.016241
v 0.004503 -0.004708 0.016603
v 0.003768 -0.000970 0.018615
v 0.004191 -0.000918 0.018608
v 0.005485 0.001850 0.016635
v 0.007035 -0.000879 0.012932
v 0.006150 -0.002507 0.014444
v 0.004657 -0.007160 0.016252
v 0.006531 -0.005012 0.013184
v -0.017542 0.005589 0.013163
v -0.015827 -0.001481 0.013787
v -0.018176 0.004941 0.013016
v -0.012059 -0.000586 0.014461
v -0.013459 0.006759 0.013759
v -0.017740 0.008090 0.010122
v -0.013049 0.009189 0.010900
v -0.018905 0.007010 0.009743
v -0.019220 0.008173 0.008471
v -0.018660 0.004387 0.009279
v -0.018208 0.003700 0.011469
v -0.017195 -0.002070 0.011585
v -0.018895 0.004337 0.007238
v -0.017537 -0.002613 0.009529
v -0.016402 -0.004572 0.011341
v -0.017729 -0.003440 0.007418
v -0.016411 -0.005562 0.010017
v -0.015842 -0.005249 0.012410
v -0.015353 -0.007380 0.011568
v -0.016415 -0.006508 0.008773
v -0.014701 -0.010165 0.010464
v -0.015297 -0.006171 0.007443
v -0.016591 -0.003452 0.006318
v -0.013974 -0.009094 0.008714
v -0.013066 -0.010244 0.012030
v -0.013607 -0.011311 0.014267
v -0.014026 -0.008654 0.014236
v -0.012902 -0.011204 0.014454
v -0.012574 -0.010159 0.012199
v -0.010434 -0.010530 0.014953
v -0.010114 -0.009580 0.012644
v -0.009668 -0.009452 0.012665
v -0.009463 -0.010250 0.015035
v -0.007636 -0.008210 0.011432
v -0.008269 -0.007902 0.009843
v -0.008080 -0.005706 0.009161
v -0.007515 -0.006081 0.010923
v -0.008193 -0.004482 0.011665
v -0.007847 -0.002485 0.010835
v -0.007252 -0.003302 0.010089
v -0.008061 -0.000956 0.010913
v -0.007063 -0.000601 0.009368
v -0.007906 -0.003487 0.008491
v -0.007704 -0.001352 0.007932
v -0.008426 0.000951 0.007778
v -0.007791 0.001546 0.009234
v -0.008814 0.001405 0.010953
v -0.009982 0.005008 0.010861
v -0.009299 0.005990 0.008653
v -0.011442 0.008435 0.011327
v -0.010892 0.009641 0.009727
v -0.009714 0.004858 0.007549
v -0.011107 0.007710 0.008401
v -0.011979 0.007672 0.008521
v -0.012108 0.010062 0.009795
v -0.012406 0.006715 0.009577
v -0.016728 0.005743 0.008794
v -0.017146 0.006529 0.007703
v -0.017645 0.006367 0.007284
v -0.018390 0.008654 0.008821
v -0.017416 0.002896 0.006090
v -0.012303 0.006375 0.014120
v -0.010717 -0.000267 0.014702
v -0.010492 0.004049 0.012274
v -0.009647 0.000726 0.012625
v -0.008791 -0.002222 0.012187
v -0.008783 -0.005778 0.012738
v -0.009499 -0.003784 0.013438
v -0.010770 -0.005682 0.015095
v -0.010308 -0.007698 0.014903
v -0.011922 -0.002857 0.016403
v -0.012651 -0.003027 0.016269
v -0.011602 -0.005902 0.014939
v -0.013493 -0.008521 0.014330
v -0.013940 -0.006519 0.014503
v -0.011065 -0.007900 0.014766
v -0.014693 -0.003502 0.015898
v -0.016762 -0.001703 0.013619
v -0.015200 -0.003621 0.015805
v -0.014519 -0.006671 0.014395
v -0.029688 0.000708 0.008027
v -0.026686 -0.005484 0.010786
v -0.030157 -0.000263 0.008051
v -0.022852 -0.003389 0.011505
v -0.025744 0.002840 0.008789
v -0.029923 0.002155 0.004499
v -0.025829 0.004379 0.005266
v -0.030747 0.001231 0.004724
v -0.031231 0.001488 0.002728
v -0.029978 -0.002202 0.004273
v -0.029826 -0.002694 0.002533
v -0.029687 -0.002081 0.006735
v -0.027664 -0.007117 0.008413
v -0.027799 -0.007905 0.006400
v -0.027682 -0.009169 0.004970
v -0.025894 -0.010676 0.008278
v -0.026167 -0.009660 0.009085
v -0.025638 -0.009929 0.010284
v -0.027542 -0.005952 0.010627
v -0.026076 -0.007059 0.013399
v -0.024066 -0.010451 0.013002
v -0.024612 -0.012062 0.010099
v -0.022620 -0.014137 0.014258
v -0.023625 -0.014094 0.009920
v -0.025636 -0.011647 0.007509
v -0.023247 -0.012327 0.013560
v -0.023582 -0.010167 0.013091
v -0.022775 -0.012047 0.013644
v -0.021423 -0.008891 0.013491
v -0.020434 -0.010658 0.014057
v -0.019548 -0.012303 0.014789
v -0.022059 -0.013803 0.014355
v -0.021543 -0.013335 0.011990
v -0.021992 -0.013568 0.011810
v -0.019575 -0.012255 0.012256
v -0.018934 -0.011914 0.012420
v -0.017577 -0.010719 0.009220
v -0.017192 -0.010719 0.011103
v -0.019091 -0.012030 0.014868
v -0.020063 -0.010432 0.014120
v -0.018423 -0.008785 0.011245
v -0.019719 -0.006762 0.011387
v -0.021030 -0.008658 0.013564
v -0.022155 -0.003008 0.011636
v -0.022851 -0.005226 0.013950
v -0.023271 -0.005462 0.013883
v -0.025574 -0.006758 0.013513
v -0.024885 0.002824 0.009089
v -0.020980 -0.003288 0.010506
v -0.019447 -0.006001 0.010506
v -0.018392 -0.006899 0.009823
v -0.019131 -0.003655 0.008402
v -0.017383 -0.007758 0.009169
v -0.017798 -0.008567 0.007795
v -0.017917 -0.003648 0.006691
v -0.021451 0.002195 0.004189
v -0.021197 0.000448 0.006257
v -0.018341 -0.004643 0.005503
v -0.021260 0.000087 0.003395
v -0.023176 0.002643 0.003366
v -0.024011 0.005187 0.004037
v -0.024465 0.004653 0.005515
v -0.025100 0.005117 0.004118
v -0.024191 0.002813 0.003495
v -0.024537 0.002013 0.004680
v -0.028369 -0.000260 0.003866
v -0.028686 0.000004 0.002663
v -0.030463 0.002025 0.003047
v -0.029259 -0.000633 0.002212
v -0.028391 -0.003284 0.002117
v -0.026302 -0.009396 0.004165
v -0.024504 -0.011577 0.006256
v -0.022677 -0.013653 0.008358
v -0.022502 0.000699 0.007995
v 0.038605 -0.013173 -0.020118
v 0.038907 -0.011359 -0.012857
v 0.040355 -0.011384 -0.020604
v 0.037871 -0.018248 -0.018902
v 0.038205 -0.016279 -0.011554
v 0.036564 -0.010743 -0.023033
v 0.039705 -0.008510 -0.023083
v 0.034706 -0.020468 -0.020481
v 0.030021 -0.018485 -0.022631
v 0.036415 -0.017899 -0.017722
v 0.033968 -0.020137 -0.019062
v 0.029545 -0.018132 -0.021126
v 0.036120 -0.016577 -0.018327
v 0.033991 -0.018863 -0.019496
v 0.030604 -0.017458 -0.020914
v 0.030439 -0.010143 -0.023135
v 0.031905 -0.010193 -0.022666
v 0.030728 -0.007678 -0.023751
v 0.032199 -0.007768 -0.023306
v 0.031225 -0.004565 -0.024576
v 0.032291 -0.006058 -0.023758
v 0.035229 -0.005075 -0.023114
v 0.034724 -0.006487 -0.022835
v 0.037068 -0.007551 -0.022341
v 0.038024 -0.006400 -0.022420
v 0.038433 -0.006875 -0.023910
v 0.039058 -0.007772 -0.021711
v 0.039353 -0.010240 -0.019743
v 0.037780 -0.008525 -0.021989
v 0.038213 -0.011105 -0.019813
v 0.039593 -0.008834 -0.014659
v 0.038502 -0.009534 -0.014036
v 0.038169 -0.005924 -0.013320
v 0.039344 -0.005374 -0.014077
v 0.040115 -0.005210 -0.012626
v 0.038250 -0.003886 -0.013970
v 0.038704 -0.003480 -0.012523
v 0.036219 -0.002141 -0.012513
v 0.035249 -0.004064 -0.011269
v 0.037210 -0.007211 -0.011361
v 0.040734 -0.009330 -0.013498
v 0.035454 -0.017332 -0.008920
v 0.031761 -0.006188 -0.009590
v 0.032075 -0.003213 -0.010436
v 0.030866 -0.014344 -0.007538
v 0.031123 -0.006519 -0.011066
v 0.031454 -0.003565 -0.011894
v 0.031844 -0.001281 -0.012660
v 0.033048 -0.002927 -0.012705
v 0.032562 -0.004318 -0.012191
v 0.032545 -0.006803 -0.011581
v 0.030308 -0.014849 -0.009066
v 0.031338 -0.014366 -0.009660
v 0.034480 -0.016313 -0.010572
v 0.034423 -0.017648 -0.010312
v 0.036695 -0.016569 -0.012678
v 0.036450 -0.015103 -0.012792
v 0.035317 -0.003934 -0.013369
v 0.035807 -0.002587 -0.013897
v 0.037368 -0.004949 -0.013359
v 0.032199 -0.000915 -0.011057
v 0.035611 -0.005406 -0.024268
v 0.034333 -0.008136 -0.024526
v 0.031593 -0.005020 -0.026021
v 0.031156 -0.008087 -0.025282
v 0.030914 -0.010672 -0.024616
v 0.039750 -0.002907 -0.020983
v 0.037232 0.002456 -0.022591
v 0.039380 -0.002823 -0.022061
v 0.037855 0.003688 -0.018882
v 0.040347 -0.001692 -0.017457
v 0.039065 -0.005206 -0.020598
v 0.039769 -0.003795 -0.016318
v 0.038324 -0.005319 -0.021962
v 0.038186 -0.006429 -0.021768
v 0.037507 -0.002528 -0.022724
v 0.036577 -0.003444 -0.022888
v 0.035938 -0.004630 -0.022822
v 0.035184 0.001181 -0.024066
v 0.034091 0.000418 -0.024450
v 0.033033 0.004659 -0.024525
v 0.034115 0.004598 -0.024213
v 0.033063 0.000106 -0.024771
v 0.031841 0.006307 -0.024741
v 0.034573 -0.003380 -0.022222
v 0.032444 0.000199 -0.023676
v 0.031355 0.005626 -0.023595
v 0.032738 0.007751 -0.023361
v 0.033588 0.009012 -0.024200
v 0.034128 0.008125 -0.023829
v 0.033707 0.009225 -0.023603
v 0.032873 0.007982 -0.022751
v 0.034133 0.010062 -0.021111
v 0.033227 0.008617 -0.020569
v 0.033281 0.008840 -0.020295
v 0.032921 0.008685 -0.018026
v 0.034255 0.010287 -0.020459
v 0.032205 0.007401 -0.018381
v 0.033749 0.003062 -0.015536
v 0.034636 0.003635 -0.014869
v 0.037967 -0.000906 -0.014912
v 0.037327 -0.001561 -0.014209
v 0.035577 0.003717 -0.015652
v 0.036664 0.003738 -0.016537
v 0.038784 -0.000010 -0.015963
v 0.033755 0.008023 -0.017979
v 0.034712 0.007288 -0.018118
v 0.034742 0.009316 -0.020278
v 0.035207 0.008467 -0.020110
v 0.034624 0.009101 -0.020901
v 0.035088 0.008255 -0.020723
v 0.034211 0.008294 -0.023314
v 0.034688 0.007474 -0.023064
v 0.035366 0.006481 -0.022824
v 0.035288 0.006321 -0.023331
v 0.034608 0.007308 -0.023573
v 0.037505 0.004661 -0.022997
v 0.035064 0.004348 -0.023899
v 0.037095 0.002189 -0.023391
v 0.037583 0.004814 -0.022521
v 0.037940 0.005525 -0.020318
v 0.035763 0.007253 -0.020492
v 0.035882 0.007469 -0.019885
v 0.038047 0.005717 -0.019742
v 0.037996 0.003999 -0.018068
v 0.035849 0.006701 -0.018662
v 0.040356 -0.000940 -0.016567
v 0.039761 -0.003027 -0.015255
v 0.039254 -0.003834 -0.014392
v 0.039634 -0.004444 -0.015281
v 0.037848 -0.003486 -0.015758
v 0.038019 -0.002722 -0.016566
v 0.037368 -0.003971 -0.020540
v 0.037088 -0.004927 -0.020552
v 0.038685 -0.006363 -0.020915
v 0.036646 -0.005186 -0.021152
v 0.037535 -0.003068 -0.015203
v 0.035964 -0.001298 -0.015033
v 0.020318 0.023389 -0.001337
v 0.019411 0.026219 0.002019
v 0.020495 0.018142 0.001176
v 0.020896 0.023426 -0.001285
v 0.021072 0.018181 0.001230
v 0.020435 0.026343 0.002225
v 0.020471 0.021298 0.004891
v 0.019640 0.028012 0.005019
v 0.019494 0.023077 0.007173
v 0.019613 0.021219 0.004738
v 0.018838 0.022732 0.006380
v 0.018332 0.027280 0.003454
v 0.017844 0.030651 0.002006
v 0.013747 0.022840 0.006392
v 0.014358 0.027141 0.003567
v 0.013155 0.029679 0.000987
v 0.014419 0.030551 0.002116
v 0.013338 0.026687 0.002142
v 0.013094 0.020870 0.004638
v 0.012034 0.023266 -0.001036
v 0.012315 0.026777 0.002347
v 0.012308 0.029800 0.001157
v 0.012989 0.033980 0.000489
v 0.012057 0.031215 -0.001111
v 0.013008 0.031639 0.003518
v 0.012985 0.027846 0.005183
v 0.013064 0.023189 0.007201
v 0.019185 0.031774 0.003343
v 0.020312 0.029506 0.001221
v 0.019321 0.034088 0.000212
v 0.020239 0.031108 -0.001531
v 0.019390 0.036706 -0.003854
v 0.020074 0.034757 -0.006158
v 0.012847 0.036763 -0.003716
v 0.013490 0.036038 -0.004217
v 0.018708 0.035985 -0.004327
v 0.017996 0.032668 -0.000782
v 0.019221 0.030903 -0.001668
v 0.019219 0.034608 -0.006255
v 0.014302 0.032566 -0.000561
v 0.013076 0.031030 -0.001274
v 0.012887 0.034841 -0.005693
v 0.012062 0.032354 -0.008696
v 0.012034 0.034992 -0.005569
v 0.011486 0.032425 -0.008641
v 0.011517 0.028959 -0.003290
v 0.012092 0.028890 -0.003344
v 0.020080 0.028911 -0.003598
v 0.020043 0.032687 -0.008857
v 0.020618 0.032766 -0.008811
v 0.020654 0.028991 -0.003550
v 0.019476 0.029324 0.001043
v 0.012240 0.020943 0.004804
v 0.011462 0.023311 -0.000940
v 0.011520 0.018177 0.001588
v 0.012092 0.018133 0.001493
v 0.002959 0.027111 0.012064
v 0.002664 0.031244 0.012025
v -0.001968 0.026969 0.011878
v -0.002130 0.020934 0.013520
v 0.003957 0.021262 0.013535
v 0.004265 0.026827 0.010323
v 0.004819 0.020180 0.011150
v 0.006035 0.018089 0.006343
v 0.005670 0.020258 0.011342
v 0.004588 0.021404 0.014414
v -0.002817 0.020988 0.014374
v 0.004227 0.027411 0.013861
v -0.003364 0.027094 0.013612
v 0.004032 0.032041 0.013897
v 0.005280 0.026931 0.010588
v 0.004280 0.031001 0.010340
v 0.005129 0.031155 0.010629
v 0.006610 0.018139 0.006426
v 0.006125 0.024677 0.005412
v 0.005550 0.024628 0.005331
v 0.005184 0.033783 0.008948
v 0.004363 0.035771 0.011801
v 0.004139 0.033512 0.008603
v 0.003041 0.034578 0.010181
v 0.003230 0.040246 0.008360
v 0.004013 0.039324 0.006179
v 0.005208 0.031775 0.005333
v 0.005033 0.037793 0.001345
v 0.005795 0.031908 0.005499
v 0.004855 0.039503 0.006338
v 0.005599 0.037890 0.001433
v 0.003867 0.040819 0.009071
v -0.003426 0.035444 0.012012
v -0.002748 0.039806 0.008330
v -0.003443 0.040300 0.009061
v -0.004340 0.038804 0.005834
v -0.003486 0.038739 0.005669
v -0.003154 0.032911 0.008949
v -0.004599 0.037298 0.001781
v -0.002054 0.034400 0.010375
v -0.001984 0.030739 0.011911
v -0.003180 0.030397 0.010404
v -0.003094 0.026013 0.009774
v -0.004021 0.030440 0.010630
v -0.004141 0.033050 0.009290
v -0.003433 0.031365 0.013728
v -0.005173 0.037323 0.001874
v -0.004829 0.031275 0.005372
v -0.004277 0.031212 0.005196
v -0.004119 0.025981 0.009988
v -0.003654 0.019794 0.011345
v -0.004681 0.023881 0.005496
v -0.004105 0.023903 0.005411
v -0.002798 0.019828 0.011175
v -0.003722 0.017501 0.006381
v -0.004297 0.017477 0.006466
v -0.014349 0.019077 0.009476
v -0.015277 0.023794 0.006490
v -0.020042 0.018003 0.008007
v -0.012634 0.017363 0.007504
v -0.013991 0.019495 0.010416
v -0.020941 0.018166 0.008622
v -0.014574 0.024652 0.008373
v -0.021493 0.023149 0.006585
v -0.021381 0.022684 0.003470
v -0.020754 0.015964 0.005880
v -0.019888 0.016063 0.005930
v -0.020428 0.018753 -0.000516
v -0.019895 0.012606 0.001954
v -0.019321 0.012680 0.002016
v -0.019854 0.018826 -0.000456
v -0.020335 0.022783 0.003512
v -0.021850 0.026086 0.002483
v -0.019682 0.022797 0.005350
v -0.020961 0.026086 0.002509
v -0.020102 0.026864 0.004038
v -0.020794 0.028355 0.000128
v -0.021891 0.028486 0.000065
v -0.022130 0.031335 0.001973
v -0.021760 0.033641 -0.004207
v -0.021514 0.026137 -0.002777
v -0.022042 0.027732 0.005110
v -0.015122 0.029351 0.006782
v -0.015026 0.033107 0.003473
v -0.014986 0.036903 -0.000722
v -0.013092 0.030299 0.001898
v -0.013245 0.027906 0.004448
v -0.013932 0.029737 0.001475
v -0.013954 0.027563 0.004045
v -0.012648 0.023811 0.005697
v -0.013541 0.023518 0.005226
v -0.011875 0.017592 0.007875
v -0.010282 0.020531 0.001826
v -0.009726 0.014627 0.004478
v -0.010807 0.020392 0.001621
v -0.010252 0.014488 0.004270
v -0.015803 0.027929 0.005035
v -0.015694 0.031329 0.002083
v -0.020254 0.030094 0.001209
v -0.015348 0.036072 -0.001371
v -0.020937 0.034914 -0.002779
v -0.013812 0.034786 -0.003156
v -0.013067 0.035130 -0.002847
v -0.011446 0.028254 -0.000248
v -0.011313 0.033098 -0.005568
v -0.011822 0.032890 -0.005760
v -0.011955 0.028047 -0.000439
v -0.020888 0.033639 -0.004118
v -0.021838 0.035476 -0.002439
v -0.020572 0.031200 -0.007835
v -0.020863 0.031196 -0.007872
v -0.021382 0.028800 -0.005310
v -0.021150 0.031186 -0.007910
v -0.021473 0.032462 -0.006048
v -0.020926 0.026123 -0.002708
v -0.031916 0.012537 -0.000070
v -0.031751 0.008472 0.002113
v -0.029601 0.013395 0.000532
v -0.030407 0.016742 -0.000822
v -0.032792 0.015897 -0.001383
v -0.032534 0.012097 -0.001067
v -0.033599 0.015503 -0.002146
v -0.033567 0.016819 -0.003749
v -0.034487 0.015435 -0.002185
v -0.034661 0.016863 -0.003833
v -0.035230 0.019901 -0.003407
v -0.035062 0.020398 -0.007178
v -0.034198 0.017892 -0.009899
v -0.034052 0.014870 -0.005773
v -0.034956 0.017000 -0.000393
v -0.033865 0.013030 0.001166
v -0.029967 0.018808 0.000775
v -0.030149 0.021694 -0.002462
v -0.030628 0.023731 -0.004707
v -0.028664 0.019165 -0.002549
v -0.029438 0.018434 -0.002909
v -0.028543 0.017533 -0.000895
v -0.029017 0.022382 -0.006066
v -0.027148 0.017271 -0.004068
v -0.027586 0.016870 -0.004264
v -0.027795 0.020401 -0.008302
v -0.029708 0.021928 -0.006358
v -0.030876 0.022834 -0.005325
v -0.027320 0.020675 -0.008110
v -0.030618 0.019707 -0.003711
v -0.033193 0.018812 -0.004101
v -0.034392 0.021349 -0.006157
v -0.034200 0.020526 -0.007103
v -0.035376 0.021790 -0.005804
v -0.033628 0.017997 -0.009838
v -0.033446 0.014848 -0.005716
v -0.029199 0.016998 -0.001246
v -0.027680 0.014247 0.000520
v -0.029126 0.014861 0.002360
v -0.028498 0.013717 0.000075
v -0.026500 0.009358 0.002652
v -0.024266 0.006954 -0.000087
v -0.025340 0.011141 -0.002206
v -0.025834 0.010907 -0.002408
v -0.024761 0.006727 -0.000287
v -0.027194 0.008941 0.002290
v -0.027760 0.010187 0.003990
v -0.028022 0.009589 0.003074
v -0.032694 0.008626 0.002738
v -0.033565 0.011893 -0.001101
v -0.032227 0.006772 0.000730
v -0.031376 0.006970 0.000768
v -0.032297 0.008498 -0.003836
v -0.031278 0.004430 -0.001789
v -0.030723 0.004596 -0.001736
v -0.031741 0.008658 -0.003781
v 0.018828 -0.007146 -0.007169
v 0.019173 -0.001034 -0.007157
v 0.017808 -0.007521 -0.007378
v 0.019714 -0.006805 -0.006824
v 0.019614 -0.007037 -0.003282
v 0.018548 -0.007477 -0.003566
v 0.017744 -0.007641 -0.003731
v 0.014111 -0.008887 -0.008095
v 0.013474 -0.008927 -0.004453
v 0.010623 -0.009765 -0.008661
v 0.009946 -0.009821 -0.005028
v 0.007205 -0.010632 -0.009410
v 0.006520 -0.010710 -0.005778
v 0.001998 -0.011964 -0.010292
v 0.001454 -0.012039 -0.006636
v -0.000790 -0.012725 -0.006950
v -0.000220 -0.012625 -0.010601
v 0.000449 -0.002261 -0.010315
v -0.002332 -0.002634 -0.010693
v -0.002074 -0.013179 -0.010953
v -0.004673 -0.002946 -0.011017
v -0.006942 -0.014449 -0.011749
v -0.002679 -0.013317 -0.007308
v -0.007437 -0.014594 -0.008088
v -0.009489 -0.015091 -0.012076
v -0.009851 -0.015221 -0.008399
v -0.011300 -0.015549 -0.012232
v -0.011529 -0.015674 -0.008545
v -0.013856 -0.016198 -0.012371
v -0.013894 -0.016330 -0.008679
v -0.016733 -0.016839 -0.012322
v -0.016134 -0.016732 -0.008720
v -0.019311 -0.016813 -0.009245
v -0.019602 -0.017036 -0.011399
v -0.022834 -0.011632 -0.010763
v -0.020976 -0.010161 -0.011622
v -0.018419 -0.008286 -0.011993
v -0.020885 -0.005631 -0.010421
v -0.024761 -0.008393 -0.009667
v -0.023273 -0.007233 -0.010146
v -0.025592 -0.007129 -0.008871
v -0.024658 -0.006061 -0.009195
v -0.025440 -0.005230 -0.008108
v -0.024460 -0.004536 -0.008623
v -0.023037 -0.004859 -0.009575
v -0.022927 -0.005226 -0.007982
v -0.023669 -0.005014 -0.007893
v -0.025044 -0.005509 -0.007496
v -0.025391 -0.006590 -0.007161
v -0.025978 -0.006142 -0.008062
v -0.024691 -0.008152 -0.006930
v -0.023871 -0.009818 -0.006924
v -0.022467 -0.012278 -0.007825
v -0.020498 -0.005853 -0.008147
v -0.017910 -0.003674 -0.007639
v -0.018238 -0.003569 -0.010217
v -0.015502 -0.006848 -0.012147
v -0.013444 -0.005809 -0.012104
v -0.015284 -0.002171 -0.009865
v -0.018297 -0.001540 -0.008827
v -0.018482 0.000669 -0.007191
v -0.017552 0.001315 -0.006771
v -0.016347 -0.000507 -0.008473
v -0.018157 -0.001374 -0.006573
v -0.018298 0.000628 -0.005562
v -0.017650 0.000972 -0.005088
v -0.016115 0.001694 -0.006490
v -0.016358 0.001055 -0.004997
v -0.013392 0.000533 -0.007521
v -0.012765 -0.001038 -0.006217
v -0.010871 -0.000867 -0.009157
v -0.009766 -0.001801 -0.006500
v -0.006654 0.000478 -0.008073
v -0.006919 -0.000074 -0.005670
v -0.005550 0.003001 -0.005693
v -0.005624 0.001872 -0.004274
v -0.004765 0.004134 -0.002620
v -0.005040 0.005002 -0.004047
v -0.003808 0.005407 -0.003902
v -0.003577 0.003518 -0.005693
v -0.002345 0.005469 -0.003291
v -0.003697 0.004777 -0.001851
v -0.001874 0.004732 -0.001941
v -0.000927 0.003895 -0.004937
v -0.000074 0.002313 -0.003119
v 0.002340 0.001137 -0.003659
v 0.000639 0.002167 -0.006768
v 0.005561 0.002603 -0.006241
v 0.006123 -0.001861 -0.009421
v -0.003321 0.001359 -0.007599
v 0.009483 -0.001488 -0.008791
v 0.008772 0.002759 -0.006298
v 0.008773 0.004562 -0.004938
v 0.012879 -0.001102 -0.008183
v 0.012015 0.002801 -0.006208
v 0.017360 0.002435 -0.006394
v 0.010973 0.004570 -0.004830
v 0.011601 0.003255 -0.002215
v 0.013016 0.002249 -0.002992
v 0.017839 -0.000956 -0.007420
v 0.019419 0.002213 -0.006239
v 0.020236 0.004691 -0.005062
v 0.020869 0.002183 -0.005884
v 0.021007 0.004096 -0.005110
v 0.020690 0.003689 -0.003186
v 0.020106 0.004151 -0.003110
v 0.019210 0.003795 -0.003419
v 0.019035 0.004661 -0.005293
v 0.017480 0.002134 -0.003045
v 0.020425 0.000470 -0.002328
v 0.020442 -0.002505 -0.002313
v 0.020383 -0.000881 -0.006712
v 0.010150 0.004903 -0.001088
v 0.009187 0.005146 -0.000714
v 0.010028 0.005880 -0.003449
v 0.008641 0.005911 -0.003626
v 0.007259 0.005504 -0.003274
v 0.008033 0.005030 -0.000871
v 0.006522 0.003024 -0.002439
v 0.006523 0.004217 -0.004638
v 0.005146 0.001401 -0.003228
v -0.010536 -0.004411 -0.011808
v 0.018066 -0.027460 -0.020394
v 0.019538 -0.025080 -0.020461
v 0.016167 -0.026570 -0.019236
v 0.013974 -0.028972 -0.018828
v 0.015093 -0.030538 -0.019792
v 0.019953 -0.028882 -0.019720
v 0.022045 -0.025047 -0.019562
v 0.025890 -0.025936 -0.018137
v 0.021846 -0.021261 -0.018310
v 0.022776 -0.030718 -0.018191
v 0.027105 -0.026330 -0.017605
v 0.023802 -0.031503 -0.017600
v 0.019366 -0.034073 -0.017586
v 0.015980 -0.037161 -0.016480
v 0.016769 -0.032000 -0.019323
v 0.020319 -0.034900 -0.016921
v 0.016950 -0.037957 -0.015802
v 0.014033 -0.040526 -0.014550
v 0.013051 -0.039734 -0.015212
v 0.010335 -0.042026 -0.013919
v 0.010971 -0.037436 -0.017041
v 0.013689 -0.035013 -0.018280
v 0.012112 -0.033409 -0.019131
v 0.009348 -0.035608 -0.018391
v 0.007596 -0.035332 -0.017470
v 0.007954 -0.036691 -0.018012
v 0.011573 -0.031428 -0.018333
v 0.009309 -0.033554 -0.017816
v 0.008807 -0.031988 -0.017149
v 0.006937 -0.034020 -0.016796
v 0.010153 -0.028199 -0.016772
v 0.006198 -0.032877 -0.016130
v 0.008099 -0.030658 -0.016448
v 0.010897 -0.029744 -0.017550
v 0.013063 -0.027370 -0.017954
v 0.015140 -0.025093 -0.018340
v 0.012255 -0.025704 -0.017112
v 0.014301 -0.023321 -0.017455
v 0.011514 -0.023979 -0.016287
v 0.009391 -0.026744 -0.016010
v 0.007244 -0.029574 -0.015740
v 0.008671 -0.025276 -0.015263
v 0.006108 -0.028929 -0.015016
v 0.004306 -0.031519 -0.014849
v 0.002617 -0.032368 -0.014263
v 0.004171 -0.029612 -0.014266
v 0.008199 -0.023667 -0.014600
v 0.003392 -0.030905 -0.012817
v 0.007819 -0.024418 -0.012867
v 0.003008 -0.032944 -0.009967
v 0.001938 -0.035489 -0.009774
v 0.002108 -0.033607 -0.012734
v 0.001891 -0.034406 -0.014463
v 0.001413 -0.036966 -0.010020
v 0.001524 -0.035441 -0.012807
v 0.002047 -0.036237 -0.015036
v 0.000906 -0.040100 -0.010281
v 0.001362 -0.037847 -0.013249
v 0.001215 -0.042112 -0.010647
v 0.001827 -0.039240 -0.013612
v 0.002504 -0.037129 -0.015497
v 0.004380 -0.034869 -0.015791
v 0.005191 -0.035841 -0.016446
v 0.003471 -0.038102 -0.016228
v 0.006055 -0.036336 -0.016997
v 0.005666 -0.037921 -0.017239
v 0.005512 -0.040804 -0.014730
v 0.003052 -0.040578 -0.014000
v 0.002480 -0.043808 -0.011148
v 0.005051 -0.044376 -0.011988
v 0.002241 -0.044734 -0.010157
v 0.005420 -0.045445 -0.011195
v 0.011182 -0.042923 -0.013226
v 0.000773 -0.042617 -0.009411
v 0.000697 -0.040307 -0.008900
v 0.001449 -0.037158 -0.008612
v 0.002140 -0.035633 -0.008378
v 0.003299 -0.033045 -0.008578
v 0.007737 -0.025643 -0.009982
v 0.008001 -0.025872 -0.008600
v 0.010819 -0.022228 -0.009842
v 0.011090 -0.022508 -0.008470
v 0.017188 -0.015777 -0.009891
v 0.017427 -0.016027 -0.008511
v 0.022305 -0.012843 -0.010093
v 0.022968 -0.012794 -0.009002
v 0.023890 -0.014584 -0.011709
v 0.025141 -0.014504 -0.011113
v 0.025841 -0.018082 -0.014617
v 0.024513 -0.018085 -0.015107
v 0.025612 -0.020965 -0.016813
v 0.020992 -0.018652 -0.016815
v 0.019025 -0.021551 -0.019256
v 0.018257 -0.019058 -0.018210
v 0.017097 -0.015698 -0.016740
v 0.020227 -0.015315 -0.014183
v 0.018801 -0.014114 -0.012605
v 0.015537 -0.014888 -0.015767
v 0.012943 -0.019886 -0.015867
v 0.012401 -0.018118 -0.015125
v 0.015043 -0.017946 -0.016356
v 0.014647 -0.017175 -0.012434
v 0.010727 -0.021297 -0.012399
v 0.010438 -0.020461 -0.014813
v 0.010908 -0.022277 -0.015533
v 0.013546 -0.021450 -0.016583
v 0.016267 -0.021030 -0.017783
v 0.015401 -0.018822 -0.016766
v 0.017061 -0.023145 -0.018741
v 0.017587 -0.024930 -0.019478
v 0.026923 -0.020919 -0.016267
v 0.009068 -0.039012 -0.016107
v 0.003814 -0.033955 -0.015270
v 0.003574 -0.033139 -0.014933
v 0.005389 -0.031983 -0.015496
v -0.004376 -0.019138 -0.011088
v -0.006456 -0.021794 -0.013641
v -0.001628 -0.020944 -0.010971
v -0.008576 -0.018229 -0.011501
v -0.008088 -0.021439 -0.013696
v -0.004027 -0.018155 -0.010144
v -0.008701 -0.017192 -0.010565
v -0.013504 -0.018405 -0.011149
v -0.013168 -0.019432 -0.012077
v -0.017642 -0.019871 -0.010900
v -0.019505 -0.022482 -0.010656
v -0.017102 -0.020734 -0.011850
v -0.011576 -0.022037 -0.013960
v -0.014930 -0.023050 -0.014262
v -0.018675 -0.022746 -0.011697
v -0.016582 -0.024277 -0.014490
v -0.016923 -0.026079 -0.014704
v -0.014189 -0.025386 -0.014473
v -0.010920 -0.024969 -0.014241
v -0.010741 -0.027956 -0.014552
v -0.013466 -0.027963 -0.014710
v -0.016366 -0.028072 -0.014888
v -0.013101 -0.031128 -0.015030
v -0.010737 -0.031124 -0.014895
v -0.012722 -0.034710 -0.015397
v -0.015663 -0.030940 -0.015158
v -0.014511 -0.035082 -0.015540
v -0.015868 -0.035877 -0.012869
v -0.014120 -0.040210 -0.012867
v -0.013439 -0.037017 -0.015688
v -0.011779 -0.037730 -0.015669
v -0.011862 -0.041337 -0.013220
v -0.010066 -0.037347 -0.015530
v -0.010554 -0.034303 -0.015229
v -0.008498 -0.031089 -0.014762
v -0.008789 -0.033973 -0.015091
v -0.007262 -0.034227 -0.015032
v -0.006584 -0.031601 -0.014707
v -0.009078 -0.036981 -0.015433
v -0.008892 -0.040805 -0.013627
v -0.007660 -0.039721 -0.013687
v -0.008130 -0.036330 -0.015308
v -0.006661 -0.038838 -0.013785
v -0.005450 -0.036178 -0.013608
v -0.004491 -0.036628 -0.012656
v -0.005755 -0.039520 -0.012946
v -0.006826 -0.040601 -0.012937
v -0.008321 -0.041853 -0.012904
v -0.011910 -0.042474 -0.012445
v -0.014724 -0.040910 -0.011880
v -0.016639 -0.036168 -0.011707
v -0.017031 -0.031701 -0.012688
v -0.017765 -0.031991 -0.011500
v -0.017825 -0.028567 -0.012332
v -0.018556 -0.028881 -0.011149
v -0.019224 -0.025892 -0.010785
v -0.018422 -0.025652 -0.011935
v -0.003609 -0.033590 -0.012280
v -0.004535 -0.033143 -0.013264
v -0.002364 -0.030293 -0.011757
v -0.003272 -0.029773 -0.012725
v -0.001123 -0.026938 -0.011037
v 0.000027 -0.022545 -0.010238
v -0.002049 -0.026438 -0.011998
v -0.004486 -0.025738 -0.013953
v -0.000978 -0.022485 -0.011163
v -0.003882 -0.024254 -0.013759
v -0.004596 -0.022951 -0.013659
v -0.007197 -0.024586 -0.013985
v -0.007945 -0.027980 -0.014394
v -0.005384 -0.028487 -0.014303
v -0.000813 -0.020315 -0.010062
v -0.028287 -0.000770 -0.000844
v -0.028035 -0.000510 0.001457
v -0.029329 0.002500 -0.001336
v -0.029182 -0.001045 -0.000726
v -0.030223 0.002226 -0.001219
v -0.028928 -0.000803 0.001552
v -0.030214 0.002722 0.000223
v -0.029319 0.003016 0.000145
v -0.028776 -0.000628 0.003535
v -0.030166 0.003058 0.002937
v -0.031060 0.005397 0.000214
v -0.030161 0.005684 0.000186
v -0.031271 0.006216 0.002304
v -0.031928 0.008173 -0.000699
v -0.031021 0.008435 -0.000711
v -0.032218 0.009177 0.001057
v -0.032807 0.011203 -0.002702
v -0.031892 0.011436 -0.002773
v -0.033070 0.012437 -0.000652
v -0.033864 0.014762 -0.004210
v -0.033007 0.011240 -0.004299
v -0.033944 0.013895 -0.005701
v -0.033038 0.014119 -0.005845
v -0.032100 0.011464 -0.004441
v -0.032952 0.014989 -0.004309
v -0.032930 0.015564 -0.002905
v -0.033884 0.015639 -0.002231
v -0.032099 0.012361 -0.001315
v -0.031235 0.009150 0.000377
v -0.030470 0.016606 -0.002351
v -0.029631 0.013670 -0.000833
v -0.028756 0.010347 0.000919
v -0.027880 0.010249 -0.000511
v -0.028407 0.013045 -0.002444
v -0.027140 0.010660 -0.000093
v -0.027673 0.013460 -0.002016
v -0.029456 0.016446 -0.003899
v -0.027888 0.013363 -0.003617
v -0.028616 0.016203 -0.004978
v -0.027165 0.013771 -0.003169
v -0.027892 0.016612 -0.004529
v -0.028725 0.016859 -0.003465
v -0.030148 0.017192 -0.001371
v -0.029310 0.014264 0.000146
v -0.028422 0.010908 0.001914
v -0.027459 0.007903 0.003101
v -0.026289 0.007956 0.001000
v -0.027039 0.007571 0.000575
v -0.024847 0.004817 0.001119
v -0.026247 0.004635 0.003785
v -0.025601 0.004454 0.000684
v -0.023646 0.001314 0.002016
v -0.024200 0.004727 -0.000023
v -0.022872 0.001474 0.000570
v -0.024955 0.004351 -0.000447
v -0.023627 0.001098 0.000145
v -0.024400 0.000954 0.001575
v -0.026653 0.004294 0.002735
v -0.025397 0.000517 0.003320
v -0.024993 0.000832 0.004372
v -0.027902 -0.000435 0.002762
v -0.029274 0.003234 0.002170
v -0.030327 0.006304 0.001567
v -0.027838 0.007459 0.002071
v -0.011768 0.001842 0.008395
v -0.012579 0.006788 0.008389
v -0.015630 0.001160 0.007513
v -0.011258 0.001946 0.009473
v -0.016527 0.000991 0.008283
v -0.010433 0.002628 0.005821
v -0.009615 0.002813 0.006254
v -0.009382 0.003188 0.003757
v -0.011366 0.007992 0.005157
v -0.013527 0.011468 0.008287
v -0.012496 0.011863 0.005750
v -0.010538 0.008177 0.005574
v -0.010531 0.007746 0.003687
v -0.009723 0.007948 0.004135
v -0.008576 0.003391 0.004207
v -0.011651 0.012048 0.006128
v -0.012985 0.011657 0.009347
v -0.012051 0.006902 0.009464
v -0.017525 0.005732 0.008293
v -0.017782 0.006692 0.004490
v -0.018558 0.010837 0.005332
v -0.018377 0.010868 0.008366
v -0.013796 0.016983 0.008472
v -0.019324 0.015699 0.007530
v -0.019284 0.015203 0.004647
v -0.017629 0.011002 0.005295
v -0.018352 0.015356 0.004615
v -0.020064 0.019648 0.002919
v -0.019130 0.019775 0.002853
v -0.020918 0.024823 0.001924
v -0.020350 0.020091 0.000538
v -0.021089 0.024286 -0.000634
v -0.020142 0.021111 0.006184
v -0.015302 0.026872 0.005824
v -0.020538 0.025806 0.005152
v -0.014602 0.022525 0.007028
v -0.012513 0.016801 0.005700
v -0.012795 0.021188 0.003828
v -0.013623 0.020974 0.003425
v -0.013556 0.026181 0.002815
v -0.012066 0.021577 0.002130
v -0.012883 0.021376 0.001702
v -0.014378 0.025968 0.002401
v -0.013255 0.025555 0.000588
v -0.012438 0.025755 0.001018
v -0.015805 0.026542 0.004816
v -0.019225 0.021046 0.005397
v -0.019645 0.025724 0.004357
v -0.015112 0.022192 0.006012
v -0.013354 0.016598 0.005323
v -0.014321 0.016689 0.007435
v -0.017464 0.010964 0.007577
v -0.018391 0.015692 0.006748
v -0.016627 0.005897 0.007516
v -0.016853 0.006856 0.004429
v -0.015902 0.001538 0.005219
v -0.016990 0.006399 0.002435
v -0.016221 0.001630 0.002467
v -0.017916 0.006249 0.002536
v -0.016830 0.001375 0.005290
v -0.017147 0.001479 0.002568
v -0.019986 0.024942 0.001839
v -0.020158 0.024424 -0.000722
v -0.019420 0.020228 0.000448
v 0.004128 0.009476 0.011535
v -0.001155 0.009012 0.011183
v 0.004520 0.001891 0.011080
v 0.006102 0.003224 0.007479
v 0.005514 0.009672 0.007988
v 0.003943 0.015144 0.011603
v -0.001519 0.015137 0.011399
v 0.004854 0.014817 0.009091
v 0.003774 0.021351 0.010969
v 0.004698 0.021015 0.008451
v -0.001746 0.020849 0.010997
v 0.003582 0.026186 0.010247
v -0.002494 0.025571 0.010015
v 0.003217 0.031559 0.009403
v 0.004962 0.025243 0.007268
v 0.005835 0.025339 0.007614
v 0.004495 0.031139 0.006522
v 0.005472 0.025825 0.005557
v 0.005579 0.021077 0.008786
v 0.004415 0.021489 0.011923
v 0.004195 0.026371 0.011204
v 0.005738 0.014860 0.009418
v 0.006387 0.009712 0.008347
v 0.004592 0.015198 0.012569
v -0.002260 0.015116 0.012320
v 0.004755 0.009476 0.012509
v -0.001911 0.008930 0.012093
v 0.005137 0.001884 0.012052
v -0.001202 0.001602 0.011898
v -0.002629 0.009101 0.008639
v -0.002855 0.014683 0.009587
v -0.001717 0.009165 0.008399
v -0.001941 0.014736 0.009354
v -0.003409 0.020065 0.009205
v -0.002450 0.020905 0.011923
v -0.002510 0.020114 0.008924
v -0.004095 0.024535 0.007698
v -0.003196 0.024559 0.007406
v -0.003198 0.025667 0.010924
v -0.004439 0.030662 0.006864
v -0.004713 0.025199 0.005715
v -0.005125 0.030451 0.004969
v -0.004229 0.030469 0.004670
v -0.003818 0.025216 0.005416
v -0.003540 0.030670 0.006576
v -0.002679 0.031208 0.009039
v -0.003390 0.031321 0.009935
v 0.003817 0.031757 0.010365
v 0.005367 0.031249 0.006866
v 0.006120 0.031072 0.005005
v 0.006353 0.025929 0.005879
v 0.005240 0.030969 0.004683
v -0.001137 0.002065 0.009010
v -0.002391 0.008735 0.006347
v -0.000459 0.001694 0.010987
v -0.002042 0.002002 0.009272
v -0.002941 0.002260 0.006479
v -0.003288 0.008684 0.006640
v -0.002045 0.002312 0.006187
v 0.006969 0.003268 0.007850
v 0.007572 0.003910 0.006498
v 0.006709 0.003854 0.006121
v 0.006215 0.009352 0.006304
v 0.007078 0.009409 0.006681
v 0.018304 0.009757 0.008194
v 0.014622 0.009587 0.008245
v 0.018216 0.004786 0.008809
v 0.018077 0.014309 0.007757
v 0.018995 0.009675 0.005548
v 0.019171 0.004917 0.005891
v 0.018917 0.004895 0.009753
v 0.020075 0.004969 0.006163
v 0.019705 0.004972 0.004369
v 0.019466 0.009348 0.003836
v 0.020606 0.005040 0.004645
v 0.019902 0.009731 0.005809
v 0.020367 0.009415 0.004112
v 0.019626 0.014620 0.005524
v 0.018718 0.014548 0.005279
v 0.018786 0.014510 0.008713
v 0.019013 0.009886 0.009144
v 0.013864 0.009678 0.009170
v 0.014103 0.004761 0.009674
v 0.013163 0.009784 0.006049
v 0.013264 0.013793 0.006090
v 0.013697 0.014116 0.008459
v 0.013679 0.018739 0.007314
v 0.018706 0.019077 0.007510
v 0.013216 0.018317 0.004944
v 0.014190 0.013771 0.005909
v 0.014143 0.018273 0.004771
v 0.013007 0.021567 0.002889
v 0.013621 0.023120 0.005682
v 0.013023 0.026232 0.001700
v 0.012595 0.021525 0.001104
v 0.012395 0.025479 -0.000473
v 0.013929 0.021511 0.002692
v 0.014470 0.018474 0.006453
v 0.014400 0.022800 0.004837
v 0.013942 0.026173 0.001490
v 0.013308 0.025426 -0.000702
v 0.013509 0.021470 0.000874
v 0.014376 0.026805 0.003134
v 0.013603 0.027130 0.003974
v 0.018797 0.027196 0.004384
v 0.018101 0.026832 0.003466
v 0.019773 0.026175 0.001336
v 0.018857 0.023173 0.005884
v 0.019841 0.021768 0.002650
v 0.019605 0.018224 0.004596
v 0.018936 0.021685 0.002392
v 0.020273 0.021745 0.001034
v 0.019373 0.021663 0.000758
v 0.018869 0.026085 0.001073
v 0.019524 0.025404 -0.000614
v 0.020423 0.025486 -0.000336
v 0.018158 0.022824 0.004965
v 0.018698 0.018150 0.004345
v 0.018006 0.018782 0.006569
v 0.014483 0.013956 0.007563
v 0.014081 0.009774 0.005825
v 0.014259 0.004728 0.006714
v 0.013567 0.009201 0.003660
v 0.014844 0.004681 0.008739
v 0.013345 0.004739 0.006952
v 0.012532 0.004918 0.004301
v 0.012657 0.009230 0.003910
v 0.013443 0.004889 0.004053
vn -0.9916 -0.0895 -0.0936
vn -0.5943 0.2166 0.7745
vn -0.5762 0.4550 0.6789
vn -0.1478 0.4837 0.8627
vn -0.1169 0.2152 0.9695
vn -0.6350 0.0520 0.7708
vn -0.9852 -0.1272 -0.1149
vn 0.0871 -0.1287 -0.9878
vn -0.9930 -0.0723 -0.0938
vn -0.1076 -0.1154 -0.9875
vn 0.8304 -0.0534 -0.5546
vn -0.4667 0.1411 -0.8731
vn 0.4266 -0.1961 -0.8829
vn -0.6303 0.5286 0.5686
vn -0.0976 0.9686 -0.2285
vn 0.0704 0.1061 -0.9919
vn -0.2006 0.7059 0.6793
vn -0.1559 0.6885 0.7083
vn -0.0695 0.9796 -0.1887
vn -0.1739 0.6913 0.7014
vn -0.1295 0.4685 0.8739
vn -0.1367 0.6833 0.7172
vn -0.1314 0.5132 0.8482
vn -0.1169 0.6812 0.7227
vn -0.1334 0.6878 0.7136
vn 0.5801 0.5437 0.6065
vn 0.0331 0.9761 -0.2147
vn 0.2849 0.4501 -0.8463
vn 0.3956 -0.0251 -0.9181
vn 0.1913 -0.0635 -0.9795
vn -0.3274 -0.1448 -0.9337
vn -0.5276 -0.0529 -0.8479
vn 0.4209 -0.0181 -0.9069
vn -0.5359 -0.0159 -0.8442
vn -0.5261 -0.0039 -0.8504
vn 0.4031 0.0106 -0.9151
vn 0.4203 -0.1276 -0.8984
vn -0.4920 -0.1223 -0.8620
vn 0.4014 -0.4846 -0.7772
vn 0.9509 -0.0966 0.2941
vn 0.9516 0.0329 0.3056
vn 0.3916 0.0764 0.9170
vn 0.3855 0.0663 0.9203
vn 0.8773 -0.2544 0.4070
vn 0.3301 0.0621 0.9419
vn 0.7707 -0.3670 0.5209
vn 0.2740 -0.7546 -0.5962
vn -0.5033 -0.2731 -0.8198
vn -0.5138 -0.2472 -0.8215
vn 0.1647 -0.8224 -0.5445
vn 0.6367 -0.4741 0.6082
vn 0.1387 -0.7472 -0.6500
vn -0.3825 -0.0535 -0.9224
vn -0.1507 0.1123 -0.9822
vn 0.0299 -0.7385 -0.6736
vn -0.0557 0.1395 -0.9887
vn 0.0645 -0.7452 -0.6637
vn 0.0448 0.1305 -0.9904
vn 0.1200 -0.7530 -0.6470
vn 0.1448 0.1097 -0.9834
vn 0.3292 0.0346 -0.9436
vn 0.1678 -0.7787 -0.6046
vn 0.2602 -0.8313 -0.4912
vn 0.5479 -0.1492 -0.8231
vn 0.1724 -0.9328 -0.3164
vn 0.6276 -0.3181 -0.7106
vn 0.5944 -0.2507 -0.7641
vn -0.0387 -0.9423 -0.3326
vn -0.1002 -0.7996 -0.5922
vn 0.7044 -0.0478 -0.7082
vn 0.0456 -0.6088 -0.7920
vn 0.8819 0.0160 -0.4712
vn 0.9141 0.0742 -0.3985
vn 0.2328 -0.2965 -0.9262
vn 0.1961 -0.1453 -0.9698
vn 0.8983 -0.0122 -0.4391
vn -0.9583 -0.2565 -0.1258
vn -0.9386 -0.3366 0.0757
vn -0.5385 0.0637 0.8402
vn -0.1146 0.1915 0.9748
vn -0.4533 0.0759 0.8881
vn -0.1153 0.2040 0.9722
vn -0.1179 0.2162 0.9692
vn -0.4487 0.0391 0.8928
vn -0.8415 -0.4213 0.3383
vn -0.7418 -0.4096 0.5310
vn -0.3833 0.0422 0.9227
vn -0.5599 -0.4748 0.6790
vn -0.2873 0.0160 0.9577
vn -0.2676 -0.6288 0.7301
vn -0.0744 -0.6785 0.7308
vn -0.2149 -0.1197 0.9693
vn -0.1124 0.0060 0.9936
vn -0.1195 0.2335 0.9650
vn -0.0730 0.0118 0.9973
vn -0.0062 -0.6843 0.7291
vn 0.0555 -0.6933 0.7185
vn 0.1307 -0.7076 0.6944
vn -0.0292 0.0066 0.9996
vn 0.1759 -0.0027 0.9844
vn -0.0681 0.2004 0.9773
vn -0.0960 0.2297 0.9685
vn 0.0819 -0.1549 0.9845
vn 0.3565 -0.6556 0.6656
vn 0.2728 0.0209 0.9618
vn -0.0777 0.1954 0.9776
vn -0.0818 0.2159 0.9730
vn -0.1064 0.2153 0.9707
vn -0.1015 0.2240 0.9693
vn -0.1188 0.2290 0.9662
vn -0.1086 0.2033 0.9731
vn -0.1106 0.1953 0.9745
vn -0.1051 0.1857 0.9770
vn -0.0748 0.1533 0.9853
vn -0.1119 0.2051 0.9723
vn 0.2825 0.1641 0.9451
vn 0.3781 0.3325 0.8640
vn 0.3713 0.4686 0.8016
vn 0.9590 0.0845 0.2704
vn 0.9804 0.0512 0.1903
vn -0.1118 0.2091 0.9715
vn 0.1448 0.4049 -0.9028
vn 0.0957 0.3882 -0.9166
vn 0.6805 -0.2138 0.7009
vn 0.6722 -0.2584 0.6938
vn 0.6674 -0.2037 0.7163
vn -0.7265 -0.0020 0.6872
vn -0.7445 -0.2031 0.6360
vn 0.6675 -0.2974 0.6826
vn 0.6677 -0.3007 0.6811
vn -0.7411 -0.2062 0.6390
vn -0.5581 -0.8284 -0.0489
vn -0.7411 -0.1038 0.6634
vn -0.5544 -0.8306 -0.0524
vn 0.6623 -0.3495 0.6628
vn 0.6088 -0.6369 0.4730
vn 0.6159 -0.6960 -0.3691
vn 0.9939 -0.1100 0.0104
vn 0.7374 0.1089 -0.6667
vn 0.9904 -0.1379 0.0094
vn 0.7343 0.2047 -0.6472
vn 0.6869 -0.1626 -0.7084
vn 0.9616 -0.2744 0.0031
vn 0.6836 -0.2171 0.6968
vn -0.6865 0.1854 0.7031
vn 0.6789 -0.1936 0.7083
vn -0.6310 0.3404 0.6971
vn 0.9470 -0.3212 -0.0089
vn 0.7163 -0.0973 0.6910
vn -0.6333 0.3270 0.7014
vn 0.7328 -0.0374 0.6795
vn 0.9657 -0.2591 -0.0192
vn 0.6286 -0.3276 -0.7054
vn 0.9657 -0.2589 -0.0188
vn 0.6297 -0.3274 -0.7045
vn 0.6319 -0.3226 -0.7047
vn -0.0488 -0.1397 -0.9890
vn -0.0672 -0.2056 -0.9763
vn -0.0430 -0.1373 -0.9896
vn -0.0625 -0.2052 -0.9767
vn -0.0694 -0.2048 -0.9763
vn -0.0670 -0.2039 -0.9767
vn 0.1184 0.5497 -0.8269
vn 0.6835 0.0108 -0.7299
vn 0.8564 0.5004 -0.1273
vn 0.6070 0.7518 0.2575
vn 0.0501 0.9980 0.0384
vn 0.7342 -0.0382 0.6779
vn -0.6328 0.3271 0.7018
vn -0.5089 0.6175 0.5997
vn -0.6342 0.3267 0.7008
vn 0.6061 0.7519 0.2595
vn 0.7312 -0.0444 0.6807
vn -0.6364 0.3267 0.6988
vn 0.7325 -0.0459 0.6792
vn 0.7294 -0.0435 0.6827
vn 0.7302 -0.0447 0.6818
vn 0.7051 -0.1222 0.6985
vn -0.6333 0.3349 0.6977
vn -0.6313 0.3347 0.6996
vn -0.5056 0.6231 0.5968
vn -0.9621 0.2721 0.0199
vn -0.9621 0.2720 0.0194
vn -0.3339 0.9350 -0.1194
vn 0.6096 0.7496 0.2576
vn -0.5075 0.7548 -0.4157
vn 0.1176 0.5511 -0.8261
vn -0.7329 0.0498 -0.6785
vn -0.7311 0.0488 -0.6805
vn -0.6909 0.1572 -0.7057
vn -0.9439 0.3299 0.0099
vn -0.6256 0.3507 0.6969
vn -0.9327 0.3602 -0.0167
vn -0.6785 0.1944 0.7084
vn 0.6580 -0.2390 0.7141
vn -0.7384 -0.1200 0.6636
vn -0.9891 0.1453 -0.0218
vn -0.6794 0.1690 -0.7140
vn -0.6861 0.1794 -0.7050
vn -0.9985 0.0454 -0.0315
vn -0.8352 -0.4508 -0.3151
vn -0.6711 0.3056 -0.6755
vn -0.7449 -0.2284 0.6268
vn -0.3935 -0.0157 -0.9192
vn 0.0587 0.3857 -0.9207
vn 0.0304 0.2201 -0.9750
vn -0.0543 -0.3083 -0.9497
vn 0.0576 -0.9467 -0.3170
vn -0.0659 -0.3029 -0.9507
vn 0.0556 0.3928 -0.9179
vn 0.0342 0.2221 -0.9744
vn -0.0131 -0.0153 -0.9998
vn -0.0137 -0.0091 -0.9999
vn 0.2913 -0.5604 -0.7753
vn -0.5456 -0.8360 -0.0579
vn 0.6194 -0.6000 0.5063
vn 0.6754 -0.1947 0.7113
vn -0.6347 0.3321 0.6978
vn -0.6604 0.2631 0.7034
vn 0.0726 0.2495 -0.9656
vn 0.0377 0.4650 -0.8845
vn 0.3745 0.6188 -0.6905
vn 0.0719 0.2500 -0.9656
vn 0.1032 0.0207 -0.9944
vn 0.1035 0.0202 -0.9944
vn 0.5064 0.2293 -0.8313
vn 0.9213 0.3473 -0.1749
vn 0.3496 0.7158 -0.6045
vn 0.7641 0.6335 -0.1218
vn 0.8679 0.2618 0.4221
vn 0.7128 0.5822 0.3910
vn 0.4864 0.8727 -0.0413
vn 0.4990 0.7611 0.4144
vn 0.0450 0.9688 0.2438
vn 0.0152 0.9970 -0.0760
vn 0.0746 0.8488 -0.5235
vn -0.1144 0.9919 -0.0557
vn -0.0382 0.8012 -0.5971
vn -0.1455 0.9617 0.2324
vn -0.1119 0.9924 -0.0506
vn -0.0431 0.8505 -0.5242
vn 0.0376 0.4652 -0.8844
vn -0.1026 0.8369 -0.5376
vn -0.3691 0.3429 -0.8638
vn -0.4425 0.5310 -0.7227
vn -0.3061 0.7116 -0.6324
vn -0.6888 0.6685 -0.2806
vn -0.2986 0.9522 -0.0651
vn -0.6935 0.6952 0.1893
vn -0.8480 0.4404 -0.2948
vn -0.9157 0.1033 -0.3883
vn -0.8980 0.3826 0.2171
vn -0.9751 0.0613 0.2130
vn -0.5042 0.3648 0.7828
vn -0.5076 0.4778 0.7170
vn -0.1342 0.2700 0.9535
vn -0.2784 0.6883 0.6699
vn -0.2694 0.9279 0.2577
vn -0.1549 0.6609 0.7344
vn -0.1423 0.9607 0.2383
vn -0.1643 0.7231 0.6709
vn -0.1347 0.2702 0.9533
vn -0.1037 0.7236 0.6824
vn -0.1111 0.0419 0.9929
vn 0.2894 0.2622 0.9206
vn 0.3071 0.4855 0.8185
vn 0.1276 0.6390 0.7585
vn 0.3729 -0.1531 0.9152
vn -0.0812 -0.1895 0.9785
vn 0.4462 -0.3111 0.8391
vn 0.9276 -0.0466 0.3706
vn 0.9751 -0.0066 -0.2215
vn 0.7879 -0.5751 0.2200
vn 0.8928 -0.3466 -0.2877
vn 0.3702 -0.9020 -0.2221
vn 0.1902 -0.7117 0.6762
vn 0.2619 -0.9559 0.1326
vn 0.0047 -0.6942 0.7198
vn -0.0814 -0.1892 0.9786
vn 0.1130 -0.9910 0.0725
vn 0.0305 -0.7753 0.6309
vn 0.1403 -0.9578 -0.2508
vn 0.1154 -0.9910 0.0682
vn 0.1435 -0.9560 -0.2560
vn -0.1225 -0.9915 0.0450
vn -0.0650 -0.7699 0.6349
vn -0.4176 -0.5865 0.6940
vn -0.7690 -0.6085 0.1958
vn -0.6201 -0.2666 0.7378
vn -0.9354 -0.2966 0.1927
vn -0.6212 -0.7070 -0.3380
vn -0.8940 -0.2135 -0.3940
vn -0.5284 -0.0644 0.8466
vn -0.1105 0.0418 0.9930
vn -0.3428 -0.0715 -0.9367
vn -0.3746 -0.2545 -0.8916
vn -0.0194 -0.6000 -0.7997
vn -0.0121 -0.9500 -0.3119
vn 0.1565 -0.5271 -0.8353
vn 0.1534 -0.6282 -0.7628
vn 0.2440 -0.5990 -0.7627
vn 0.5350 -0.3242 -0.7802
vn 0.6480 0.0388 -0.7606
vn 0.0137 0.9735 0.2282
vn 0.0134 0.9735 0.2283
vn -0.7869 0.5457 -0.2882
vn 0.4819 0.4304 0.7633
vn -0.8670 0.1778 0.4656
vn -0.9078 -0.3994 -0.1281
vn -0.7618 0.2785 -0.5849
vn -0.8017 -0.1345 0.5825
vn -0.9079 -0.3993 -0.1273
vn -0.4825 -0.4305 -0.7628
vn -0.9083 -0.3983 -0.1280
vn -0.4823 -0.4305 -0.7629
vn -0.8013 -0.1341 0.5830
vn -0.4800 -0.4369 -0.7607
vn 0.2253 -0.2095 -0.9515
vn 0.2255 -0.2095 -0.9515
vn 0.2322 -0.2257 -0.9461
vn 0.2254 -0.2095 -0.9515
vn -0.0707 0.5017 -0.8621
vn 0.8017 0.1346 -0.5824
vn 0.6436 0.4276 -0.6348
vn 0.4044 0.9103 -0.0881
vn 0.9077 0.3996 0.1279
vn 0.4824 0.4306 0.7628
vn 0.9077 0.3997 0.1280
vn 0.8014 0.1344 -0.5828
vn 0.9082 0.3985 0.1281
vn 0.4797 0.4374 0.7607
vn 0.8076 0.1183 -0.5777
vn 0.9124 0.3878 0.1311
vn 0.4849 0.4255 0.7641
vn 0.5349 0.2888 0.7941
vn 0.9371 0.3145 0.1514
vn 0.7974 0.1465 -0.5854
vn 0.7793 0.2193 -0.5871
vn 0.2192 -0.1933 -0.9564
vn 0.1595 -0.0261 -0.9869
vn 0.2313 -0.2253 -0.9464
vn 0.2186 -0.1921 -0.9567
vn 0.1578 -0.0201 -0.9873
vn -0.5832 -0.1103 -0.8048
vn -0.5445 -0.2553 -0.7989
vn 0.1203 0.1032 -0.9874
vn -0.1936 -0.3975 -0.8969
vn -0.6137 -0.7597 -0.2151
vn -0.9506 -0.2632 -0.1644
vn -0.7675 -0.2573 0.5872
vn -0.7744 -0.2263 0.5909
vn -0.9290 -0.3408 -0.1443
vn 0.5804 0.1173 0.8058
vn 0.6346 -0.2201 0.7408
vn -0.2776 -0.9376 0.2092
vn 0.3750 -0.9231 0.0858
vn 0.2307 -0.5872 -0.7759
vn 0.5799 0.1185 0.8060
vn -0.2766 -0.9314 0.2367
vn 0.2405 -0.6006 -0.7625
vn 0.1232 0.0951 -0.9878
vn 0.7798 0.2488 -0.5745
vn 0.6096 -0.6714 -0.4214
vn 0.8436 -0.5358 0.0367
vn 0.9525 0.2494 0.1749
vn 0.5789 0.1141 0.8074
vn 0.6298 -0.2232 0.7440
vn -0.7752 -0.2391 0.5848
vn -0.7790 -0.2129 0.5897
vn -0.7711 -0.2419 0.5890
vn -0.7840 -0.1893 0.5912
vn -0.7979 -0.1451 0.5851
vn -0.8045 -0.1278 0.5801
vn -0.8078 -0.1188 0.5773
vn -0.8048 -0.1267 0.5798
vn -0.8015 -0.1344 0.5827
vn -0.8016 -0.1344 0.5825
vn -0.8669 0.1779 0.4657
vn -0.8018 -0.1347 0.5822
vn -0.5315 0.8426 -0.0871
vn 0.0140 0.9735 0.2281
vn -0.0707 0.5012 -0.8625
vn 0.4819 0.4304 0.7632
vn 0.4824 0.4305 0.7629
vn 0.4822 0.4304 0.7630
vn 0.4770 0.4444 0.7583
vn 0.4794 0.4376 0.7607
vn -0.8079 -0.1178 0.5774
vn 0.4850 0.4251 0.7642
vn 0.4952 0.3985 0.7720
vn 0.5358 0.2880 0.7937
vn -0.7973 -0.1467 0.5855
vn -0.9113 -0.3906 -0.1299
vn -0.4872 -0.4196 -0.7659
vn 0.5605 0.2044 0.8025
vn -0.2919 -0.9325 0.2126
vn 0.0558 -0.7244 -0.6871
vn 0.2384 -0.9448 0.2247
vn -0.7667 -0.6420 -0.0023
vn 0.0556 -0.7246 -0.6869
vn 0.0256 -0.0254 -0.9994
vn 0.0254 -0.0253 -0.9994
vn -0.3653 -0.4505 -0.8146
vn -0.3744 -0.8260 0.4214
vn -0.7236 -0.0199 0.6899
vn -0.9983 -0.0538 -0.0240
vn -0.6881 -0.0558 -0.7235
vn -0.7240 -0.0196 0.6895
vn -0.9983 -0.0538 -0.0241
vn -0.6876 -0.0559 -0.7239
vn -0.6860 -0.0975 -0.7210
vn -0.9983 -0.0538 -0.0238
vn -0.7252 0.0008 0.6886
vn 0.6861 0.0974 0.7210
vn -0.7268 0.0420 0.6856
vn 0.6876 0.0563 0.7239
vn -0.7268 0.0421 0.6855
vn -0.9983 -0.0537 -0.0236
vn 0.6845 0.1179 0.7194
vn -0.9983 -0.0537 -0.0235
vn -0.6850 -0.1179 -0.7189
vn -0.6850 -0.1180 -0.7189
vn -0.6846 -0.1181 -0.7193
vn 0.0300 -0.1132 -0.9931
vn 0.0302 -0.1132 -0.9931
vn -0.9983 -0.0537 -0.0237
vn -0.6894 0.5877 -0.4235
vn -0.0147 0.6214 -0.7834
vn 0.3539 0.8783 0.3215
vn -0.5959 0.7955 -0.1095
vn 0.3543 0.8785 0.3206
vn -0.7028 0.3706 0.6073
vn 0.6851 0.1180 0.7188
vn 0.6849 0.1180 0.7190
vn 0.6847 0.1181 0.7192
vn -0.7269 0.0421 0.6855
vn 0.6848 0.1181 0.7191
vn 0.6842 0.1181 0.7197
vn -0.0299 0.1131 0.9931
vn -0.0299 0.1132 0.9931
vn -0.7269 0.0417 0.6854
vn -0.7270 0.0420 0.6853
vn -0.0302 0.1131 0.9931
vn -0.0570 0.7817 0.6211
vn -0.7271 0.0420 0.6853
vn -0.7268 0.0420 0.6855
vn -0.7024 0.3706 0.6077
vn -0.2468 0.9661 0.0764
vn 0.3542 0.8782 0.3216
vn 0.6850 0.1180 0.7189
vn 0.6855 0.1180 0.7185
vn 0.9983 0.0536 0.0234
vn 0.6699 0.7397 -0.0640
vn -0.0146 0.6215 -0.7833
vn 0.6686 0.2913 -0.6842
vn 0.0304 -0.1132 -0.9931
vn 0.7271 -0.0420 -0.6852
vn 0.0296 -0.1131 -0.9931
vn 0.0298 -0.1131 -0.9931
vn 0.0299 -0.1134 -0.9931
vn 0.0301 -0.1132 -0.9931
vn 0.0281 -0.0694 -0.9972
vn 0.0253 -0.0251 -0.9994
vn 0.0273 -0.0691 -0.9972
vn 0.0254 -0.0254 -0.9994
vn 0.0260 -0.0255 -0.9993
vn 0.0282 -0.0693 -0.9972
vn 0.7254 -0.0006 -0.6883
vn 0.0251 -0.0252 -0.9994
vn 0.7243 0.0202 -0.6892
vn 0.9982 0.0540 0.0247
vn 0.9983 0.0538 0.0236
vn 0.7269 -0.0420 -0.6855
vn 0.0298 -0.1130 -0.9931
vn 0.7270 -0.0420 -0.6854
vn 0.9983 0.0537 0.0236
vn 0.6862 0.0975 0.7209
vn -0.7268 0.0421 0.6856
vn 0.6881 0.0563 0.7235
vn -0.7251 0.0008 0.6887
vn 0.6878 0.0563 0.7237
vn -0.7237 -0.0197 0.6898
vn -0.7236 -0.0196 0.6899
vn -0.7244 -0.0198 0.6891
vn -0.7241 -0.0198 0.6894
vn -0.7264 0.0214 0.6870
vn -0.0275 0.0696 0.9972
vn -0.0249 0.0261 0.9993
vn 0.6871 0.0769 0.7225
vn 0.6875 0.0563 0.7240
vn 0.6875 0.0562 0.7240
vn -0.0253 0.0257 0.9994
vn 0.0197 -0.6871 0.7263
vn -0.3744 -0.8262 0.4210
vn 0.0552 -0.7242 -0.6874
vn 0.4615 -0.8038 -0.3754
vn -0.3744 -0.8262 0.4209
vn 0.7435 -0.6677 0.0364
vn 0.6661 -0.2797 0.6914
vn 0.9983 0.0538 0.0242
vn 0.7236 0.0202 -0.6899
vn 0.6658 -0.2795 0.6918
vn -0.0147 0.6216 -0.7832
vn 0.6633 -0.5306 0.5277
vn 0.2230 -0.9243 -0.3098
vn 0.6559 -0.2369 0.7167
vn -0.4435 -0.8939 -0.0642
vn 0.0745 -0.3413 -0.9370
vn 0.0710 -0.3450 -0.9359
vn -0.7863 -0.5038 -0.3576
vn -0.4433 -0.8945 -0.0574
vn -0.7540 -0.1968 0.6266
vn -0.7617 -0.0968 0.6407
vn -0.9979 0.0243 -0.0606
vn 0.6544 -0.2333 0.7193
vn 0.6602 -0.0839 0.7464
vn -0.7455 0.1343 0.6528
vn -0.9959 0.0620 -0.0661
vn -0.6625 0.0757 -0.7453
vn -0.6631 -0.0336 -0.7477
vn -0.9931 0.0944 -0.0697
vn -0.9946 0.0806 -0.0660
vn -0.6628 -0.0280 -0.7483
vn -0.7410 0.1706 0.6495
vn -0.6611 -0.0296 -0.7497
vn -0.7459 0.1275 0.6537
vn -0.9954 0.0695 -0.0666
vn -0.7481 0.1275 0.6512
vn -0.9952 0.0693 -0.0685
vn -0.6588 -0.0298 -0.7517
vn 0.0672 -0.1111 -0.9915
vn -0.0106 0.6418 -0.7668
vn -0.6604 0.6371 -0.3975
vn 0.3205 0.8605 0.3959
vn -0.5817 0.8088 -0.0863
vn 0.3199 0.8608 0.3959
vn 0.6578 0.0306 0.7526
vn 0.6589 0.0295 0.7517
vn -0.7495 0.1245 0.6502
vn -0.2765 0.9545 0.1117
vn -0.7468 0.1237 0.6534
vn -0.7036 0.4284 0.5670
vn -0.7469 0.1248 0.6531
vn -0.7429 0.1509 0.6522
vn 0.6621 0.0292 0.7488
vn -0.7430 0.1239 0.6577
vn 0.6606 0.0302 0.7501
vn 0.6635 0.0359 0.7473
vn 0.6648 0.0421 0.7458
vn -0.7411 0.1675 0.6502
vn 0.6618 0.0099 0.7496
vn 0.6628 0.0289 0.7482
vn -0.7425 0.1344 0.6562
vn -0.7608 -0.0060 0.6489
vn -0.7364 0.1768 0.6531
vn 0.6592 -0.1628 0.7342
vn -0.7584 -0.2125 0.6162
vn -0.7638 -0.1100 0.6360
vn -0.7585 -0.2119 0.6163
vn 0.6618 -0.0684 0.7466
vn 0.6509 -0.2193 0.7268
vn -0.4453 -0.8931 -0.0634
vn 0.6586 -0.5213 0.5426
vn 0.7322 -0.6067 -0.3096
vn 0.9971 0.0029 0.0756
vn 0.4402 -0.5295 -0.7252
vn 0.7580 0.2339 -0.6089
vn 0.7666 0.1294 -0.6290
vn 0.0816 0.3288 -0.9409
vn 0.0786 0.3209 -0.9438
vn 0.0731 0.1332 -0.9884
vn 0.0529 -0.1185 -0.9915
vn 0.7486 -0.1259 -0.6509
vn 0.0744 0.1297 -0.9888
vn 0.9930 -0.0876 0.0791
vn 0.9966 -0.0269 0.0781
vn 0.7407 -0.1780 -0.6479
vn 0.9928 -0.0939 0.0740
vn 0.0505 -0.1393 -0.9890
vn 0.7460 -0.1253 -0.6541
vn 0.6660 0.0261 0.7455
vn 0.9952 -0.0695 0.0693
vn 0.6664 0.0293 0.7450
vn 0.6625 0.0267 0.7486
vn 0.9951 -0.0693 0.0700
vn 0.6586 0.0274 0.7520
vn 0.7015 0.7127 0.0048
vn 0.7124 0.2235 -0.6653
vn 0.7481 -0.1253 -0.6516
vn 0.0656 -0.1090 -0.9919
vn -0.0108 0.6427 -0.7660
vn 0.0622 -0.1107 -0.9919
vn 0.0594 -0.1085 -0.9923
vn 0.0555 -0.1398 -0.9886
vn 0.0570 -0.1177 -0.9914
vn 0.3206 0.8603 0.3964
vn -0.6550 0.2439 -0.7151
vn -0.3142 -0.0763 -0.9463
vn -0.7033 0.4310 0.5654
vn 0.0724 0.2494 -0.9657
vn 0.3745 0.6192 -0.6902
vn 0.0727 0.2501 -0.9655
vn 0.1032 0.0201 -0.9945
vn 0.1041 0.0207 -0.9944
vn 0.5063 0.2291 -0.8313
vn 0.9214 0.3473 -0.1746
vn 0.3489 0.7163 -0.6043
vn 0.7641 0.6334 -0.1219
vn 0.8679 0.2617 0.4222
vn 0.7123 0.5824 0.3917
vn 0.4861 0.8729 -0.0420
vn 0.4982 0.7612 0.4152
vn 0.0451 0.9687 0.2440
vn 0.0156 0.9970 -0.0761
vn 0.0749 0.8489 -0.5232
vn -0.1145 0.9919 -0.0555
vn -0.1454 0.9617 0.2325
vn 0.1273 0.6390 0.7586
vn -0.1028 0.7238 0.6823
vn -0.1640 0.7230 0.6711
vn -0.1421 0.9608 0.2382
vn -0.1120 0.9924 -0.0501
vn -0.2978 0.9524 -0.0652
vn -0.2695 0.9279 0.2576
vn -0.1549 0.6606 0.7346
vn -0.1341 0.2703 0.9534
vn -0.1342 0.2705 0.9533
vn -0.2784 0.6892 0.6690
vn -0.6940 0.6948 0.1887
vn -0.5077 0.4785 0.7165
vn -0.5042 0.3643 0.7830
vn -0.8983 0.3824 0.2165
vn -0.8479 0.4407 -0.2948
vn -0.9158 0.1035 -0.3881
vn -0.9751 0.0613 0.2131
vn -0.8942 -0.2137 -0.3933
vn -0.9353 -0.2967 0.1929
vn -0.5282 -0.0644 0.8467
vn -0.6197 -0.2663 0.7382
vn -0.0812 -0.1885 0.9787
vn -0.1107 0.0415 0.9930
vn -0.1112 0.0417 0.9929
vn -0.0818 -0.1892 0.9785
vn 0.0039 -0.6942 0.7198
vn 0.4463 -0.3099 0.8395
vn 0.3724 -0.1524 0.9155
vn 0.1907 -0.7112 0.6766
vn 0.9275 -0.0467 0.3709
vn 0.7888 -0.5738 0.2202
vn 0.9751 -0.0073 -0.2216
vn 0.6478 0.0391 -0.7608
vn 0.8931 -0.3457 -0.2878
vn 0.5352 -0.3230 -0.7805
vn 0.3709 -0.9016 -0.2226
vn 0.2433 -0.5980 -0.7637
vn 0.1402 -0.9576 -0.2515
vn 0.1123 -0.9910 0.0729
vn 0.2622 -0.9559 0.1326
vn 0.1159 -0.9909 0.0690
vn 0.0308 -0.7747 0.6316
vn -0.0638 -0.7698 0.6351
vn -0.4180 -0.5864 0.6938
vn -0.1226 -0.9914 0.0447
vn -0.7696 -0.6079 0.1956
vn -0.6207 -0.7073 -0.3383
vn -0.0117 -0.9499 -0.3122
vn -0.0178 -0.6012 -0.7989
vn -0.3740 -0.2556 -0.8915
vn 0.1432 -0.9558 -0.2568
vn 0.1559 -0.5275 -0.8351
vn 0.1534 -0.6274 -0.7634
vn -0.3437 -0.0719 -0.9363
vn -0.3691 0.3430 -0.8637
vn 0.0374 0.4658 -0.8841
vn -0.4422 0.5309 -0.7229
vn -0.3052 0.7127 -0.6316
vn -0.6885 0.6687 -0.2805
vn -0.1031 0.8375 -0.5366
vn -0.0438 0.8507 -0.5238
vn -0.0376 0.8015 -0.5968
vn 0.2893 0.2622 0.9206
vn 0.3064 0.4854 0.8188
vn 0.1480 0.9363 0.3186
vn -0.0592 0.5918 -0.8039
vn -0.7540 0.4274 -0.4989
vn -0.4289 0.9029 0.0294
vn -0.7779 -0.0918 0.6217
vn 0.1481 0.9362 0.3186
vn -0.7274 0.6623 -0.1797
vn 0.5779 0.2836 0.7652
vn -0.7775 -0.0917 0.6222
vn -0.7780 -0.0919 0.6215
vn -0.8095 0.2352 0.5379
vn -0.7774 -0.0917 0.6223
vn 0.5797 0.2818 0.7646
vn 0.5790 0.2819 0.7650
vn 0.5736 0.3088 0.7587
vn 0.9594 0.2635 0.1001
vn 0.9593 0.2636 0.1010
vn 0.5685 0.3318 0.7528
vn -0.7918 -0.0315 0.6100
vn 0.9604 0.2602 0.0999
vn 0.7902 0.0294 -0.6121
vn 0.7763 0.0899 -0.6239
vn 0.9639 0.2454 0.1033
vn 0.7868 0.0421 -0.6157
vn 0.9718 0.2097 0.1079
vn 0.6032 0.1896 0.7748
vn 0.6310 0.0234 0.7754
vn -0.7641 -0.1769 0.6203
vn -0.7892 -0.0404 0.6128
vn -0.7760 -0.1193 0.6194
vn -0.7944 -0.0203 0.6071
vn 0.5765 0.3005 0.7598
vn 0.5671 0.3380 0.7511
vn -0.7854 -0.0617 0.6159
vn 0.5782 0.2836 0.7650
vn 0.5723 0.3114 0.7586
vn 0.5779 0.2837 0.7652
vn -0.7779 -0.0920 0.6217
vn -0.7780 -0.0922 0.6214
vn -0.9588 -0.2653 -0.1017
vn -0.9590 -0.2650 -0.1000
vn -0.8092 0.2349 0.5385
vn -0.5791 -0.2834 -0.7644
vn -0.5798 -0.2836 -0.7638
vn 0.1407 -0.1356 -0.9807
vn -0.5756 -0.3094 -0.7570
vn -0.9598 -0.2624 -0.1001
vn 0.1402 -0.1358 -0.9808
vn -0.7928 -0.0303 0.6088
vn -0.9632 -0.2487 -0.1022
vn -0.5728 -0.3256 -0.7522
vn -0.9724 -0.2060 -0.1091
vn -0.7901 -0.0385 0.6118
vn -0.9808 -0.1575 -0.1147
vn -0.6106 -0.1561 -0.7764
vn -0.7656 -0.1696 0.6206
vn 0.6046 0.1795 0.7760
vn 0.6361 -0.0007 0.7716
vn -0.7504 -0.2251 0.6215
vn 0.6355 -0.0015 0.7721
vn 0.6228 0.0889 0.7773
vn 0.6808 -0.3195 0.6592
vn -0.2640 -0.9453 0.1913
vn 0.3757 -0.9267 0.0049
vn -0.2910 -0.9389 0.1836
vn -0.6665 -0.7125 -0.2194
vn 0.1987 -0.5406 -0.8175
vn 0.1855 -0.5436 -0.8186
vn -0.6366 0.0090 -0.7711
vn -0.2457 -0.3095 -0.9186
vn 0.1086 0.0134 -0.9940
vn 0.0756 0.1697 -0.9826
vn 0.1087 0.0123 -0.9940
vn 0.1516 -0.1998 -0.9680
vn 0.1538 -0.2018 -0.9673
vn 0.1538 -0.1985 -0.9679
vn 0.1523 -0.1971 -0.9685
vn 0.1401 -0.1356 -0.9808
vn 0.7774 0.0904 -0.6224
vn 0.1413 -0.1353 -0.9807
vn -0.0594 0.5915 -0.8041
vn 0.6580 0.4064 -0.6340
vn 0.5130 0.8579 -0.0299
vn 0.1482 0.9363 0.3185
vn 0.7610 0.1875 -0.6211
vn 0.0799 0.1662 -0.9828
vn 0.7479 0.2489 -0.6154
vn 0.9760 0.1869 0.1114
vn 0.5718 -0.6318 -0.5233
vn 0.8282 -0.5549 -0.0782
vn 0.6716 -0.3067 0.6745
vn -0.2970 -0.9377 0.1801
vn -0.7507 -0.2349 0.6175
vn -0.7495 -0.2381 0.6178
vn 0.5677 0.3338 0.7526
vn -0.4306 -0.6859 0.5867
vn -0.8085 -0.5749 0.1259
vn 0.1730 -0.8856 0.4310
vn -0.7250 0.1801 0.6648
vn 0.6436 -0.1633 0.7478
vn 0.6882 0.1691 0.7056
vn -0.4303 -0.6867 0.5859
vn 0.0082 -0.8600 -0.5102
vn 0.0083 -0.8599 -0.5104
vn 0.4074 -0.8951 -0.1812
vn 0.6965 -0.6903 0.1958
vn -0.4308 -0.6866 0.5857
vn -0.7252 0.1802 0.6646
vn -0.7254 0.1800 0.6644
vn -0.7254 0.1797 0.6644
vn 0.6878 0.1692 0.7059
vn -0.7253 0.1799 0.6645
vn 0.6889 0.1936 0.6985
vn -0.7252 0.2288 0.6494
vn -0.7256 0.2046 0.6570
vn 0.6891 0.2425 0.6829
vn -0.7236 0.2534 0.6420
vn -0.7238 0.2531 0.6419
vn 0.6897 0.2181 0.6904
vn 0.6897 0.2421 0.6824
vn -0.7241 0.2533 0.6415
vn 0.6899 0.2420 0.6822
vn -0.7242 0.2532 0.6415
vn -0.7242 0.2533 0.6414
vn 0.6895 0.2424 0.6825
vn -0.6726 0.5506 0.4945
vn -0.7243 0.2532 0.6413
vn -0.1801 0.9753 -0.1280
vn 0.4066 0.9035 0.1354
vn 0.6897 0.2423 0.6824
vn 0.0298 0.4313 -0.9017
vn 0.0297 0.4313 -0.9017
vn 0.7184 0.6656 -0.2020
vn 0.4070 0.9034 0.1348
vn 0.0248 -0.3505 -0.9362
vn -0.6508 0.5268 -0.5467
vn -0.6893 -0.2424 -0.6827
vn -0.6896 -0.2423 -0.6824
vn -0.9995 0.0075 -0.0299
vn -0.9996 0.0077 -0.0288
vn -0.5408 0.7938 -0.2783
vn -0.6717 0.5507 0.4956
vn -0.7241 0.2530 0.6416
vn 0.6895 0.2423 0.6826
vn 0.6890 0.2425 0.6830
vn -0.7243 0.2531 0.6414
vn 0.6891 0.2423 0.6830
vn 0.6893 0.2425 0.6827
vn -0.7243 0.2533 0.6412
vn 0.6894 0.2182 0.6907
vn 0.6879 0.1692 0.7058
vn -0.7253 0.2048 0.6573
vn -0.7257 0.1798 0.6641
vn 0.6881 0.1692 0.7056
vn -0.9995 0.0077 -0.0291
vn -0.9996 0.0078 -0.0289
vn -0.6883 -0.1687 -0.7055
vn -0.6877 -0.1690 -0.7061
vn 0.0267 -0.2463 -0.9688
vn 0.0259 -0.2990 -0.9539
vn -0.6895 -0.2179 -0.6907
vn 0.0246 -0.3505 -0.9362
vn -0.9995 0.0076 -0.0296
vn -0.6894 -0.2424 -0.6826
vn 0.0246 -0.3504 -0.9363
vn -0.9995 0.0075 -0.0295
vn 0.0242 -0.3504 -0.9363
vn 0.0247 -0.3504 -0.9363
vn 0.7241 -0.2534 -0.6415
vn 0.7239 -0.2533 -0.6417
vn 0.0245 -0.3505 -0.9362
vn 0.0254 -0.2990 -0.9539
vn 0.7244 -0.2530 -0.6413
vn 0.9996 -0.0078 0.0288
vn 0.9995 -0.0077 0.0290
vn 0.7254 -0.2043 -0.6573
vn 0.6884 0.1691 0.7053
vn 0.9995 -0.0078 0.0291
vn 0.7253 -0.1797 -0.6646
vn 0.9995 -0.0076 0.0293
vn 0.0263 -0.2463 -0.9688
vn 0.7250 -0.1796 -0.6650
vn 0.0258 -0.2463 -0.9688
vn -0.3932 -0.5938 -0.7020
vn 0.6439 -0.1637 0.7474
vn 0.9996 -0.0082 0.0282
vn 0.9995 -0.0077 0.0291
vn 0.6939 0.0783 -0.7158
vn 0.4067 0.9034 0.1356
vn -0.0970 -0.0575 0.9936
vn -0.0751 -0.2859 0.9553
vn 0.3792 -0.2568 0.8889
vn -0.0966 -0.0575 0.9937
vn -0.1138 0.1747 0.9780
vn -0.1134 0.1753 0.9780
vn 0.3087 0.1575 0.9380
vn 0.4472 -0.4087 0.7956
vn 0.9304 -0.1125 0.3489
vn 0.8808 0.1909 0.4334
vn 0.9715 -0.0134 -0.2367
vn 0.7726 -0.6175 0.1472
vn 0.9297 0.3352 -0.1528
vn 0.8779 -0.3413 -0.3358
vn 0.3389 -0.8848 -0.3196
vn 0.2336 -0.9719 0.0303
vn 0.1764 -0.7833 0.5960
vn -0.0083 -0.7640 0.6452
vn 0.0822 -0.9962 -0.0301
vn 0.0140 -0.8361 0.5484
vn -0.0743 -0.2865 0.9552
vn -0.0796 -0.8289 0.5537
vn 0.0851 -0.9958 -0.0344
vn 0.1102 -0.9291 -0.3531
vn -0.1520 -0.9869 -0.0547
vn 0.1066 -0.9306 -0.3502
vn -0.0458 -0.9124 -0.4068
vn -0.6470 -0.6498 -0.3988
vn -0.7851 -0.6023 0.1441
vn -0.4255 -0.6432 0.6366
vn -0.6187 -0.3225 0.7164
vn -0.9418 -0.2865 0.1761
vn -0.5194 -0.1349 0.8438
vn -0.9699 0.0685 0.2335
vn -0.4827 0.2975 0.8237
vn -0.9170 0.1701 -0.3609
vn -0.8831 0.3846 0.2689
vn -0.9056 -0.1445 -0.3987
vn -0.8367 0.4946 -0.2350
vn -0.6681 0.6935 0.2698
vn -0.4830 0.4172 0.7698
vn -0.2469 0.6250 0.7405
vn -0.2359 0.9044 0.3556
vn -0.1246 0.5861 0.8006
vn -0.1086 0.9350 0.3377
vn -0.2685 0.9625 0.0376
vn -0.6703 0.7147 -0.1998
vn -0.2921 0.7820 -0.5505
vn -0.0810 0.9953 0.0533
vn -0.0829 0.8909 -0.4465
vn -0.0836 0.9954 0.0476
vn -0.0229 0.9008 -0.4336
vn -0.1119 0.9366 0.3319
vn 0.0408 0.5524 -0.8325
vn -0.0198 0.8591 -0.5115
vn 0.0947 0.8950 -0.4359
vn 0.0410 0.5527 -0.8323
vn 0.0455 0.9986 0.0258
vn 0.5131 0.8574 0.0392
vn 0.0786 0.9368 0.3410
vn 0.5283 0.6986 0.4825
vn 0.7359 0.5168 0.4374
vn 0.7821 0.6193 -0.0687
vn 0.3639 0.7633 -0.5338
vn 0.3852 0.6754 -0.6288
vn 0.0682 0.3450 -0.9361
vn 0.5031 0.2978 -0.8113
vn 0.0680 0.3450 -0.9361
vn 0.0916 0.1199 -0.9886
vn 0.0919 0.1192 -0.9886
vn -0.3575 0.0357 -0.9332
vn -0.0473 -0.5146 -0.8561
vn 0.1289 -0.4446 -0.8864
vn -0.3934 -0.1503 -0.9070
vn -0.3688 0.4407 -0.8184
vn -0.4343 0.6154 -0.6578
vn 0.1241 -0.5518 -0.8247
vn 0.2144 -0.5237 -0.8245
vn 0.5140 -0.2580 -0.8181
vn 0.6390 0.0968 -0.7631
vn 0.3329 0.3889 0.8590
vn 0.1571 0.5538 0.8177
vn -0.0720 0.6527 0.7542
vn -0.1326 0.6548 0.7441
vn 0.0698 0.3313 -0.9410
vn 0.0428 0.5401 -0.8405
vn 0.3869 0.6655 -0.6383
vn 0.0920 0.1038 -0.9903
vn 0.0929 0.1041 -0.9902
vn 0.5044 0.2851 -0.8151
vn 0.7832 0.6170 -0.0769
vn 0.9303 0.3316 -0.1567
vn 0.3653 0.7551 -0.5443
vn 0.5145 0.8571 0.0269
vn 0.0971 0.8877 -0.4500
vn 0.7362 0.5226 0.4300
vn 0.5282 0.7057 0.4722
vn 0.0796 0.9414 0.3276
vn 0.0478 0.9988 0.0099
vn -0.0822 0.9960 0.0335
vn -0.0180 0.8509 -0.5251
vn -0.0210 0.8940 -0.4476
vn 0.0430 0.5394 -0.8410
vn -0.3672 0.4294 -0.8251
vn -0.4328 0.6057 -0.6677
vn -0.2906 0.7736 -0.5632
vn -0.0815 0.8841 -0.4601
vn -0.2676 0.9633 0.0235
vn -0.0798 0.9960 0.0393
vn -0.6695 0.7121 -0.2113
vn -0.6677 0.6982 0.2583
vn -0.2347 0.9104 0.3408
vn -0.1080 0.9400 0.3235
vn -0.1243 0.5986 0.7913
vn -0.1322 0.6657 0.7344
vn -0.1103 0.9416 0.3182
vn -0.1144 0.1896 0.9752
vn -0.0716 0.6640 0.7443
vn 0.1557 0.5664 0.8093
vn 0.3321 0.4017 0.8534
vn 0.3080 0.1707 0.9360
vn -0.0981 -0.0423 0.9943
vn 0.8808 0.1959 0.4311
vn 0.3779 -0.2443 0.8930
vn 0.4458 -0.3974 0.8021
vn 0.9299 -0.1086 0.3513
vn -0.0768 -0.2715 0.9594
vn 0.9718 -0.0187 -0.2349
vn 0.7714 -0.6166 0.1569
vn 0.3382 -0.8901 -0.3057
vn 0.8779 -0.3475 -0.3294
vn 0.2321 -0.9717 0.0443
vn 0.1747 -0.7747 0.6078
vn -0.0101 -0.7546 0.6562
vn 0.0806 -0.9966 -0.0154
vn 0.0121 -0.8281 0.5604
vn -0.0759 -0.2718 0.9594
vn -0.0826 -0.8201 0.5662
vn 0.0836 -0.9963 -0.0199
vn 0.1088 -0.9342 -0.3398
vn -0.1546 -0.9872 -0.0400
vn 0.1058 -0.9361 -0.3356
vn -0.6478 -0.6545 -0.3899
vn -0.0466 -0.9183 -0.3932
vn -0.4290 -0.6318 0.6456
vn -0.7870 -0.5978 0.1525
vn -0.6201 -0.3107 0.7204
vn -0.5204 -0.1217 0.8452
vn -0.9423 -0.2827 0.1794
vn -0.4832 0.3099 0.8188
vn -0.0977 -0.0425 0.9943
vn -0.9701 0.0732 0.2315
vn -0.1145 0.1898 0.9751
vn -0.8829 0.3896 0.2620
vn -0.4836 0.4287 0.7631
vn -0.2469 0.6366 0.7306
vn -0.8360 0.4919 -0.2430
vn -0.9163 0.1662 -0.3645
vn -0.9053 -0.1490 -0.3978
vn -0.3563 0.0220 -0.9341
vn -0.3922 -0.1635 -0.9052
vn -0.0470 -0.5276 -0.8482
vn 0.1290 -0.4574 -0.8799
vn 0.1244 -0.5638 -0.8165
vn 0.2145 -0.5373 -0.8157
vn 0.5144 -0.2715 -0.8134
vn 0.6404 0.0851 -0.7633
vn -0.0293 -0.2983 0.9540
vn -0.0543 -0.1388 0.9888
vn -0.0543 -0.1382 0.9889
vn -0.0287 -0.2977 0.9542
vn -0.0032 -0.4499 0.8931
vn -0.0032 -0.4501 0.8930
vn -0.0289 -0.2984 0.9540
vn -0.4247 0.1009 0.8997
vn -0.4052 -0.0280 0.9138
vn -0.2379 0.3393 0.9101
vn -0.1095 0.3024 0.9469
vn -0.7091 0.5213 0.4747
vn -0.8839 0.1876 0.4285
vn -0.9338 -0.1041 0.3423
vn -0.9191 0.1852 -0.3477
vn -0.8734 0.4534 -0.1778
vn -0.3826 0.5233 -0.7614
vn -0.7203 0.6837 -0.1172
vn -0.4572 0.6426 -0.6148
vn -0.3505 0.2345 -0.9067
vn -0.0046 0.4905 -0.8714
vn -0.0304 0.6257 -0.7794
vn -0.0302 0.6254 -0.7797
vn -0.0935 0.8925 -0.4413
vn -0.1003 0.9298 -0.3541
vn -0.1591 0.9170 -0.3657
vn -0.3486 0.8014 -0.4861
vn -0.3421 0.9207 0.1881
vn -0.1484 0.9686 0.1994
vn -0.1566 0.8058 0.5711
vn -0.2854 0.7506 0.5960
vn -0.1570 0.8050 0.5721
vn -0.1126 0.2920 0.9498
vn -0.1271 0.3795 0.9164
vn -0.0538 -0.1391 0.9888
vn 0.3071 -0.0909 0.9473
vn 0.3269 0.1110 0.9385
vn 0.1634 0.2730 0.9480
vn -0.0646 0.3782 0.9235
vn 0.0388 0.8255 0.5631
vn -0.1604 0.8089 0.5657
vn -0.1517 0.9699 0.1905
vn -0.1518 0.9698 0.1908
vn -0.0988 0.8960 -0.4328
vn -0.0169 0.9884 0.1508
vn 0.4671 0.8752 0.1256
vn 0.0180 0.9307 -0.3654
vn 0.2660 0.8213 -0.5046
vn 0.7342 0.6765 -0.0577
vn 0.7224 0.4169 0.5517
vn 0.5036 0.5646 0.6539
vn 0.2810 0.7433 -0.6071
vn -0.0300 0.6255 -0.7797
vn -0.0044 0.4904 -0.8715
vn -0.0041 0.4903 -0.8716
vn 0.0216 0.3415 -0.9396
vn 0.0219 0.3417 -0.9395
vn 0.3719 0.4796 -0.7948
vn 0.8750 0.4421 -0.1974
vn 0.9300 0.1523 -0.3345
vn 0.5122 0.3335 -0.7915
vn 0.8631 0.1366 0.4862
vn 0.9312 -0.1189 0.3446
vn 0.3776 -0.3887 0.8405
vn 0.8210 -0.5682 0.0561
vn 0.4556 -0.5004 0.7362
vn 0.2472 -0.8259 0.5068
vn 0.3075 -0.9469 -0.0938
vn 0.0743 -0.8351 0.5450
vn 0.0764 -0.8316 0.5501
vn 0.1497 -0.9742 -0.1686
vn 0.1539 -0.7963 -0.5850
vn 0.3915 -0.7369 -0.5511
vn 0.1507 -0.9741 -0.1688
vn 0.1914 -0.2452 -0.9504
vn 0.8531 -0.1424 -0.5020
vn 0.4413 0.0259 -0.8970
vn 0.1075 -0.2807 -0.9538
vn 0.0972 -0.1693 -0.9808
vn 0.1563 -0.7924 -0.5896
vn 0.1015 -0.1762 -0.9791
vn 0.1564 -0.7920 -0.5902
vn -0.0594 -0.2470 -0.9672
vn 0.0218 0.3416 -0.9396
vn -0.0090 -0.7663 -0.6424
vn -0.0924 -0.9782 -0.1859
vn -0.6232 -0.5618 -0.5441
vn -0.8863 -0.4041 0.2262
vn -0.8921 -0.0993 -0.4408
vn -0.7063 -0.6928 0.1457
vn -0.3770 0.0665 -0.9238
vn -0.4825 -0.4924 0.7244
vn -0.3127 -0.7446 0.5898
vn 0.0068 -0.8853 0.4650
vn -0.0029 -0.4501 0.8930
vn 0.0960 -0.8869 0.4519
vn 0.1541 -0.9725 -0.1746
vn -0.3929 -0.3587 0.8467
vn 0.7227 -0.6762 -0.1430
vn 0.8063 0.1310 -0.5767
vn 0.8757 -0.4013 0.2684
vn 0.3751 -0.7701 -0.5161
vn -0.2086 -0.8262 0.5233
vn -0.8060 -0.1306 0.5774
vn -0.8061 -0.1305 0.5772
vn -0.2090 -0.8256 0.5241
vn 0.5009 0.3680 0.7834
vn 0.4387 -0.7850 0.4373
vn 0.5765 0.0402 0.8161
vn 0.9245 0.3525 0.1451
vn 0.5012 0.3682 0.7831
vn 0.8065 0.1302 -0.5767
vn 0.9243 0.3528 0.1455
vn 0.8198 0.0942 -0.5648
vn 0.9227 0.3575 0.1441
vn 0.5006 0.3692 0.7830
vn -0.8064 -0.1300 0.5769
vn -0.8199 -0.0942 0.5647
vn 0.4741 0.4486 0.7576
vn -0.8470 -0.0137 0.5315
vn 0.4452 0.5195 0.7293
vn 0.9201 0.3659 0.1399
vn 0.9184 0.3706 0.1385
vn 0.8581 -0.0050 -0.5134
vn 0.8477 0.0129 -0.5303
vn 0.2860 -0.3582 -0.8888
vn 0.3015 -0.3822 -0.8735
vn 0.8621 -0.0001 -0.5068
vn 0.3081 -0.3795 -0.8724
vn 0.7416 0.3080 -0.5959
vn 0.9181 0.3710 0.1393
vn 0.4319 0.5362 0.7252
vn 0.4226 0.9000 -0.1073
vn 0.4253 0.5363 0.7290
vn -0.0242 0.9863 0.1631
vn -0.5200 0.8439 -0.1325
vn -0.0131 0.4087 -0.9126
vn 0.2622 -0.3972 -0.8795
vn -0.0521 0.3945 -0.9174
vn 0.2722 -0.3933 -0.8782
vn -0.4643 -0.5327 -0.7075
vn -0.4719 -0.5325 -0.7027
vn -0.9187 -0.3690 -0.1404
vn -0.7669 0.2288 -0.5996
vn -0.9190 -0.3688 -0.1395
vn -0.7690 0.5531 -0.3204
vn -0.8417 0.0263 0.5393
vn -0.8582 0.3271 0.3956
vn 0.4724 0.5348 0.7006
vn 0.4641 0.5351 0.7058
vn -0.8467 0.0204 0.5316
vn 0.4605 0.5189 0.7201
vn 0.4470 0.5367 0.7156
vn 0.4484 0.5364 0.7150
vn 0.0069 0.9859 0.1671
vn -0.8525 0.0147 0.5225
vn -0.8523 0.0149 0.5229
vn -0.8580 0.0072 0.5136
vn -0.8619 0.0024 0.5071
vn -0.8491 0.0025 0.5282
vn -0.8870 0.2816 0.3659
vn -0.8312 -0.0575 0.5529
vn 0.4571 0.5043 0.7327
vn 0.4786 0.4462 0.7562
vn 0.4887 0.4098 0.7702
vn 0.5009 0.3684 0.7832
vn -0.8191 -0.0955 0.5656
vn -0.8433 -0.0090 0.5374
vn -0.9202 -0.3650 -0.1412
vn -0.9233 -0.3556 -0.1451
vn -0.4791 -0.4462 -0.7558
vn -0.4625 -0.5142 -0.7223
vn -0.9243 -0.3526 -0.1460
vn 0.2720 -0.3624 -0.8914
vn 0.2429 -0.2528 -0.9365
vn -0.5007 -0.3681 -0.7834
vn 0.2460 -0.2520 -0.9359
vn 0.2161 -0.1683 -0.9617
vn -0.5019 -0.3675 -0.7830
vn -0.9244 -0.3525 -0.1456
vn -0.0730 -0.6570 -0.7504
vn 0.2153 -0.1674 -0.9621
vn -0.5508 -0.8343 0.0231
vn 0.2156 -0.1675 -0.9620
vn 0.2160 -0.1689 -0.9617
vn 0.3754 -0.7701 -0.5157
vn -0.2088 -0.8264 0.5229
vn -0.8063 -0.1305 0.5770
vn 0.5771 0.0400 0.8157
vn -0.8064 -0.1304 0.5769
vn 0.5007 0.3684 0.7833
vn 0.5013 0.3686 0.7828
vn -0.8065 -0.1299 0.5768
vn 0.0328 0.9854 0.1668
vn 0.7118 0.5146 0.4781
vn 0.3699 0.9196 -0.1321
vn 0.7746 0.2853 0.5644
vn 0.4509 0.5687 -0.6879
vn -0.6527 0.7522 -0.0904
vn 0.4807 0.6588 -0.5788
vn -0.6606 0.7400 -0.1266
vn 0.0655 0.3653 -0.9286
vn 0.6546 -0.0739 -0.7523
vn 0.6396 -0.0469 -0.7672
vn -0.0676 -0.2647 -0.9620
vn 0.7284 0.3370 0.5965
vn 0.7391 0.3068 0.5997
vn -0.0695 -0.2773 -0.9583
vn 0.6533 -0.1924 -0.7322
vn -0.0648 -0.2556 -0.9646
vn 0.5341 -0.6161 -0.5789
vn 0.7414 0.1092 0.6621
vn -0.2316 -0.9037 -0.3602
vn 0.2357 -0.7766 0.5842
vn 0.2258 -0.7859 0.5757
vn 0.6384 -0.2696 -0.7210
vn -0.0608 -0.9954 0.0744
vn 0.7738 0.1727 0.6094
vn -0.8448 -0.5125 0.1536
vn -0.5143 -0.7008 -0.4943
vn 0.7632 0.3351 0.5524
vn 0.6168 -0.1158 -0.7785
vn 0.5768 -0.1057 -0.8100
vn 0.6031 -0.0682 -0.7947
vn 0.6041 -0.2337 -0.7619
vn 0.5211 -0.6284 -0.5776
vn 0.7939 0.2531 0.5528
vn 0.7635 0.0615 0.6429
vn 0.2253 -0.7481 0.6242
vn -0.1286 -0.4785 0.8686
vn 0.0622 0.2572 0.9644
vn -0.6633 0.0092 0.7483
vn -0.8477 -0.4929 0.1960
vn -0.9959 0.0540 0.0730
vn -0.9878 0.0946 0.1240
vn -0.9661 -0.1126 0.2322
vn -0.9743 -0.1646 0.1538
vn -0.6017 0.2274 0.7656
vn -0.5764 0.1074 0.8101
vn 0.0653 0.2744 0.9594
vn 0.7943 0.3046 0.5257
vn 0.0633 0.2626 0.9628
vn -0.5695 0.1285 0.8119
vn 0.1763 0.8862 0.4285
vn 0.7852 0.5235 0.3308
vn 0.4136 0.5430 -0.7308
vn 0.5662 -0.1196 -0.8155
vn -0.2388 0.9472 0.2141
vn -0.9623 -0.1088 0.2492
vn -0.9772 -0.1521 0.1481
vn -0.8328 0.2365 -0.5006
vn -0.7313 -0.3189 -0.6029
vn -0.7386 -0.3033 -0.6021
vn -0.7426 -0.1241 -0.6581
vn 0.2039 0.0288 0.9786
vn 0.2070 0.1929 0.9591
vn -0.1359 0.3417 0.9299
vn 0.2039 0.0284 0.9786
vn 0.1950 -0.1362 0.9713
vn 0.1954 -0.1360 0.9713
vn -0.1795 0.0110 0.9837
vn -0.1446 0.4592 0.8765
vn -0.8074 0.1966 0.5563
vn -0.7036 0.4843 0.5201
vn -0.9533 0.2454 -0.1763
vn -0.8331 0.5382 -0.1274
vn -0.4873 0.7737 0.4049
vn -0.6445 0.7411 -0.1882
vn -0.1722 0.9819 -0.0792
vn 0.0628 0.6481 0.7590
vn -0.0234 0.9410 0.3376
vn 0.0982 0.9587 0.2671
vn 0.0209 0.9912 -0.1304
vn -0.1521 0.7681 -0.6220
vn -0.3791 0.6608 -0.6479
vn -0.1763 0.3419 -0.9231
vn -0.5365 0.4944 -0.6839
vn -0.5188 0.3228 -0.7916
vn -0.1923 0.1825 -0.9642
vn -0.5608 0.0031 -0.8279
vn -0.6094 -0.1532 -0.7779
vn -0.9849 -0.0530 -0.1649
vn -0.2026 0.0180 -0.9791
vn -0.2017 0.0179 -0.9793
vn -0.1946 -0.4908 -0.8492
vn -0.3524 -0.5213 -0.7772
vn -0.8081 -0.5684 -0.1547
vn -0.2723 -0.9112 -0.3092
vn -0.1022 -0.9517 -0.2895
vn -0.2490 -0.9480 0.1984
vn -0.0096 -0.9885 0.1512
vn -0.7107 -0.4569 0.5350
vn 0.0369 -0.6781 0.7340
vn -0.2178 -0.4444 0.8689
vn -0.8278 -0.1279 0.5463
vn -0.3137 -0.1338 0.9400
vn 0.1189 -0.7002 0.7040
vn -0.0106 -0.9873 0.1586
vn -0.1034 -0.9536 -0.2828
vn 0.1300 -0.6190 0.7746
vn 0.2848 -0.6574 0.6976
vn 0.1626 -0.9697 0.1822
vn 0.7360 -0.6735 0.0693
vn 0.1390 -0.9351 -0.3259
vn 0.5838 -0.3241 0.7444
vn 0.9712 -0.1872 0.1474
vn 0.8115 -0.1486 -0.5651
vn 0.6592 -0.4595 -0.5953
vn 0.8288 0.1746 -0.5315
vn 0.1868 0.1216 -0.9748
vn 0.3059 -0.0409 -0.9512
vn 0.1817 0.4437 -0.8776
vn -0.1765 0.3420 -0.9230
vn 0.2047 0.5518 -0.8085
vn 0.7595 0.4641 -0.4559
vn 0.9738 0.1080 0.2002
vn 0.8886 0.4166 0.1919
vn 0.5772 0.7592 -0.3008
vn 0.7248 0.6291 0.2808
vn 0.2845 0.9355 0.2097
vn 0.1351 0.9682 -0.2105
vn 0.0188 0.7456 -0.6662
vn -0.1148 0.7160 -0.6886
vn -0.0912 0.7726 -0.6284
vn 0.0156 0.9906 -0.1361
vn 0.0933 0.9605 0.2622
vn 0.1751 0.6659 0.7252
vn 0.2360 0.6543 0.7185
vn 0.2076 0.1932 0.9590
vn 0.4490 0.5186 0.7276
vn 0.5852 0.3326 0.7395
vn 0.5461 0.1521 0.8238
vn 0.5506 -0.1716 0.8170
vn 0.1917 0.6004 0.7764
vn 0.1751 -0.3454 -0.9220
vn -0.1083 -0.5644 -0.8184
vn -0.1929 -0.5817 -0.7902
vn -0.1496 -0.2840 0.9471
vn -0.2055 -0.1294 0.9701
vn -0.2057 -0.1291 0.9701
vn -0.1493 -0.2837 0.9472
vn -0.0897 -0.4299 0.8984
vn -0.0896 -0.4298 0.8984
vn -0.1499 -0.2835 0.9472
vn -0.5877 0.0437 0.8079
vn -0.5509 -0.0790 0.8308
vn -0.4460 0.3111 0.8392
vn -0.3214 0.2965 0.8993
vn -0.8551 0.4058 0.3226
vn -0.9640 0.0470 0.2617
vn -0.5011 0.7038 0.5035
vn -0.5114 0.8550 0.0865
vn -0.7869 0.5553 -0.2691
vn -0.8891 0.3008 -0.3449
vn -0.8607 0.0264 -0.5083
vn -0.3199 0.4413 -0.8384
vn -0.4369 0.5496 -0.7121
vn 0.0095 0.5993 -0.8005
vn -0.3792 0.7262 -0.5735
vn -0.2355 0.8727 -0.4278
vn -0.1818 0.8950 -0.4073
vn -0.3328 0.9343 0.1277
vn -0.3812 0.7775 0.5002
vn -0.3809 0.7778 0.5000
vn -0.3344 0.9350 0.1180
vn -0.3237 0.2853 0.9021
vn -0.2048 -0.1298 0.9702
vn -0.3456 0.3683 0.8631
vn -0.2858 0.3778 0.8807
vn -0.3838 0.7810 0.4926
vn -0.0518 0.3109 0.9490
vn -0.1923 0.8298 0.5239
vn 0.1350 0.1777 0.9748
vn 0.2849 0.6495 0.7050
vn 0.1456 -0.0241 0.9891
vn 0.5388 0.5382 0.6481
vn 0.7310 0.2839 0.6205
vn 0.6160 0.7867 0.0399
vn 0.2933 0.9418 0.1643
vn 0.2175 0.8458 -0.4871
vn -0.2000 0.9745 0.1017
vn -0.0650 0.9148 -0.3986
vn 0.0090 0.5994 -0.8004
vn -0.1619 0.8611 -0.4820
vn 0.0097 0.5992 -0.8006
vn -0.3349 0.9348 0.1188
vn -0.1540 0.8581 -0.4899
vn 0.0720 0.4691 -0.8802
vn 0.0722 0.4691 -0.8802
vn 0.1329 0.3259 -0.9360
vn 0.1326 0.3264 -0.9359
vn 0.0722 0.4692 -0.8801
vn -0.2176 0.1597 -0.9629
vn -0.2144 -0.0115 -0.9767
vn 0.1519 -0.2696 -0.9509
vn 0.2995 -0.1727 -0.9384
vn -0.7733 -0.2513 -0.5821
vn -0.4208 -0.6655 -0.6165
vn -0.8369 -0.5401 0.0884
vn -0.9512 -0.2500 0.1810
vn -0.4745 -0.4046 0.7817
vn -0.5183 -0.5534 0.6520
vn -0.0891 -0.4301 0.8984
vn -0.2905 -0.7763 0.5594
vn -0.6016 -0.7971 0.0531
vn 0.0973 -0.9830 -0.1557
vn 0.0636 -0.8651 0.4975
vn 0.3340 -0.9370 -0.1025
vn 0.3815 -0.7653 -0.5185
vn 0.2257 -0.7682 -0.5991
vn 0.1531 -0.8514 0.5016
vn 0.3302 -0.9389 -0.0966
vn 0.1087 -0.7982 0.5925
vn 0.3304 -0.9389 -0.0969
vn 0.1080 -0.8027 0.5864
vn 0.3790 -0.7694 -0.5142
vn 0.5942 -0.6724 -0.4414
vn 0.4651 -0.8853 0.0024
vn 0.8776 -0.4252 0.2212
vn 0.2818 -0.7665 0.5771
vn 0.3923 -0.4069 0.8249
vn 0.2800 -0.3078 0.9093
vn 0.8627 0.0408 0.5041
vn 0.8148 0.5762 -0.0637
vn 0.9385 0.2970 -0.1763
vn 0.4258 0.5210 -0.7398
vn 0.9401 -0.0091 -0.3408
vn 0.5850 0.4002 -0.7054
vn 0.1330 0.3265 -0.9358
vn 0.2621 0.7701 -0.5816
vn 0.2948 -0.1670 -0.9408
vn 0.3168 -0.2743 -0.9080
vn 0.3926 -0.2262 -0.8915
vn 0.5834 0.0834 -0.8079
vn 0.3815 -0.7654 -0.5183
vn -0.8182 -0.0700 0.5706
vn -0.8181 -0.0699 0.5708
vn -0.8180 -0.0702 0.5709
vn -0.8232 -0.0444 0.5661
vn 0.5468 0.2128 0.8098
vn 0.5471 0.2126 0.8096
vn -0.8180 -0.0701 0.5710
vn 0.5469 0.2127 0.8097
vn 0.5463 0.2126 0.8101
vn -0.3262 -0.8355 0.4422
vn 0.6179 -0.7555 -0.2177
vn 0.8082 -0.5477 0.2163
vn 0.2615 -0.7609 -0.5938
vn -0.3269 -0.8358 0.4412
vn 0.3197 -0.8796 0.3522
vn 0.2616 -0.7605 -0.5943
vn 0.5745 -0.1245 0.8090
vn -0.6654 -0.7446 -0.0529
vn -0.3274 -0.8355 0.4413
vn -0.8176 -0.0701 0.5714
vn 0.5467 0.2126 0.8099
vn -0.8183 -0.0702 0.5705
vn -0.9652 -0.1999 -0.1685
vn -0.9651 -0.1996 -0.1693
vn -0.5471 -0.2119 -0.8098
vn -0.5462 -0.2122 -0.8103
vn -0.5384 -0.2641 -0.8003
vn 0.2011 -0.1552 -0.9672
vn 0.1918 -0.1002 -0.9763
vn 0.1920 -0.1001 -0.9763
vn 0.1919 -0.1002 -0.9763
vn 0.2018 -0.1555 -0.9670
vn 0.1915 -0.1000 -0.9764
vn 0.8181 0.0707 -0.5708
vn 0.8230 0.0447 -0.5662
vn 0.9651 0.1999 0.1690
vn 0.9651 0.1999 0.1691
vn 0.8316 -0.0073 -0.5554
vn 0.2108 -0.2101 -0.9547
vn 0.8315 -0.0071 -0.5554
vn 0.9649 0.2001 0.1698
vn 0.5327 0.2900 0.7951
vn 0.9653 0.1997 0.1681
vn 0.5380 0.2644 0.8004
vn -0.8318 0.0072 0.5551
vn -0.8317 0.0071 0.5552
vn 0.5336 0.2899 0.7945
vn 0.5338 0.2899 0.7944
vn 0.9652 0.1998 0.1688
vn -0.8308 0.3255 0.4514
vn -0.8315 0.0072 0.5555
vn -0.8319 0.0070 0.5549
vn -0.3816 0.9233 -0.0432
vn 0.5331 0.2900 0.7948
vn 0.1707 0.9418 0.2895
vn 0.0328 0.5469 -0.8366
vn 0.0335 0.5460 -0.8371
vn 0.1713 0.9419 0.2891
vn 0.5658 0.8242 -0.0235
vn 0.7362 0.3183 -0.5972
vn 0.2102 -0.2100 -0.9548
vn 0.2112 -0.2101 -0.9546
vn 0.8317 -0.0072 -0.5552
vn 0.2109 -0.2101 -0.9547
vn 0.2104 -0.2102 -0.9547
vn 0.2105 -0.2103 -0.9547
vn -0.5332 -0.2900 -0.7948
vn -0.9651 -0.1999 -0.1693
vn -0.9649 -0.2000 -0.1701
vn -0.5336 -0.2900 -0.7944
vn -0.8319 0.0069 0.5548
vn -0.8318 0.0071 0.5551
vn -0.9649 -0.2001 -0.1700
vn 0.5334 0.2898 0.7947
vn 0.5339 0.2899 0.7943
vn 0.5334 0.2899 0.7946
vn -0.8322 0.3250 0.4493
vn -0.9650 -0.2000 -0.1694
vn -0.5336 -0.2900 -0.7945
vn -0.6883 0.4468 -0.5714
vn -0.6724 0.6922 -0.2623
vn 0.1714 0.9418 0.2893
vn 0.5335 0.2899 0.7945
vn 0.5336 0.2897 0.7945
vn -0.8320 0.0071 0.5547
vn -0.8276 -0.0187 0.5610
vn 0.5383 0.2643 0.8002
vn 0.5427 0.2385 0.8054
vn 0.5475 0.2126 0.8094
vn -0.8232 -0.0443 0.5660
vn 0.9652 0.1999 0.1689
vn 0.8182 0.0707 -0.5706
vn 0.5747 -0.1243 0.8089
vn -0.1649 -0.5617 -0.8107
vn -0.0719 -0.2454 0.9668
vn -0.1482 -0.0993 0.9840
vn -0.1479 -0.0995 0.9840
vn -0.0716 -0.2448 0.9669
vn 0.0066 -0.3842 0.9232
vn 0.0065 -0.3843 0.9232
vn -0.0716 -0.2451 0.9668
vn -0.3257 0.3011 0.8962
vn -0.5019 -0.1060 0.8584
vn -0.5567 0.0093 0.8306
vn -0.4529 0.2949 0.8414
vn -0.8912 0.3010 0.3393
vn -0.9503 -0.0725 0.3029
vn -0.5760 0.6555 0.4885
vn -0.6237 0.7791 0.0632
vn -0.8673 0.4231 -0.2621
vn -0.9351 0.1533 -0.3196
vn -0.4998 0.6307 -0.5937
vn -0.5373 0.4403 -0.7193
vn -0.1060 0.5462 -0.8309
vn -0.4111 0.3420 -0.8450
vn -0.0283 0.4215 -0.9064
vn -0.8746 -0.1242 -0.4686
vn -0.2747 0.0701 -0.9590
vn -0.8984 -0.3691 0.2381
vn -0.7515 -0.3909 -0.5315
vn -0.7480 -0.6452 0.1556
vn -0.3450 -0.7528 -0.5606
vn -0.2476 -0.0995 -0.9637
vn 0.1526 -0.3016 -0.9411
vn 0.0495 0.2858 -0.9570
vn 0.3096 -0.7630 -0.5674
vn 0.2853 -0.1850 -0.9404
vn 0.2302 -0.9671 -0.1080
vn 0.4664 -0.7340 -0.4936
vn -0.4806 -0.8682 0.1231
vn 0.2053 -0.8170 0.5388
vn 0.4601 -0.8853 -0.0681
vn -0.1562 -0.7747 0.6127
vn -0.4098 -0.5803 0.7038
vn -0.3821 -0.4198 0.8233
vn 0.0068 -0.3842 0.9232
vn 0.2432 -0.7391 0.6282
vn 0.2919 -0.7909 0.5379
vn 0.4564 -0.8876 -0.0627
vn 0.4664 -0.7341 -0.4935
vn 0.4640 -0.7381 -0.4898
vn 0.4563 -0.8877 -0.0618
vn 0.6669 -0.6071 -0.4321
vn 0.5861 -0.8097 0.0296
vn 0.2432 -0.7436 0.6229
vn 0.4089 -0.6838 0.6043
vn 0.9369 -0.2843 0.2037
vn 0.4769 -0.2991 0.8265
vn 0.8665 0.1905 0.4614
vn 0.3549 -0.2116 0.9107
vn 0.7065 0.4194 0.5701
vn 0.7219 0.6794 -0.1315
vn 0.8795 0.4142 -0.2344
vn 0.3193 0.5306 -0.7852
vn 0.9183 0.1026 -0.3823
vn 0.4952 0.4349 -0.7521
vn 0.1284 0.7633 -0.6332
vn 0.0501 0.2851 -0.9572
vn -0.0288 0.4215 -0.9064
vn -0.1061 0.5466 -0.8306
vn 0.0773 0.8375 -0.5409
vn 0.4994 0.8659 -0.0304
vn -0.2091 0.8719 -0.4428
vn 0.1629 0.9815 0.1001
vn -0.3007 0.8000 -0.5192
vn -0.3320 0.9414 0.0587
vn -0.2880 0.8244 0.4872
vn -0.4593 0.8843 0.0842
vn -0.4589 0.8845 0.0836
vn -0.2927 0.7979 -0.5269
vn -0.4717 0.7475 0.4677
vn -0.3226 0.8352 -0.4455
vn -0.4681 0.7450 0.4753
vn -0.4569 0.8847 0.0927
vn -0.3729 0.8039 -0.4633
vn -0.4679 0.7456 0.4746
vn -0.3260 0.2901 0.8997
vn -0.1481 -0.0997 0.9839
vn -0.3609 0.3665 0.8576
vn -0.3027 0.3854 0.8717
vn -0.0600 0.3565 0.9324
vn 0.1443 0.2526 0.9568
vn 0.2158 0.7237 0.6555
vn 0.1849 0.0549 0.9812
vn 0.4802 0.6458 0.5936
vn -0.1066 0.5467 -0.8305
vn -0.0286 0.4216 -0.9063
vn 0.0493 0.2852 -0.9572
vn 0.2796 -0.1797 -0.9432
vn 0.3180 -0.2806 -0.9056
vn 0.3866 -0.2207 -0.8954
vn 0.5346 0.1162 -0.8371
vn 0.9954 -0.0822 -0.0482
vn 0.9863 0.1045 -0.1280
vn 0.9136 0.3783 0.1492
vn 0.9954 -0.0822 -0.0485
vn 0.9634 -0.2660 0.0331
vn 0.9633 -0.2663 0.0334
vn 0.9401 0.0470 0.3377
vn 0.4667 0.6947 0.5474
vn 0.4718 0.4627 0.7506
vn 0.8618 0.4965 0.1045
vn 0.3945 0.8904 0.2270
vn 0.7757 0.6027 -0.1871
vn 0.3602 0.8930 -0.2698
vn 0.8084 0.5109 -0.2924
vn 0.3046 0.8655 -0.3977
vn 0.0089 0.9776 -0.2101
vn -0.0282 0.9178 -0.3961
vn 0.3000 0.8684 -0.3948
vn 0.7525 0.5819 -0.3085
vn 0.9863 0.1046 -0.1278
vn 0.7501 0.5500 -0.3673
vn 0.8628 -0.0850 -0.4983
vn 0.7758 0.1033 -0.6225
vn 0.7670 0.3442 -0.5415
vn 0.3173 0.3331 -0.8879
vn 0.2583 0.7776 -0.5733
vn 0.2289 0.0719 -0.9708
vn -0.1808 0.5062 -0.8432
vn -0.3310 0.1719 -0.9279
vn -0.0949 0.8579 -0.5050
vn -0.5444 0.7362 -0.4022
vn -0.6838 0.4964 -0.5349
vn 0.2151 -0.2745 -0.9372
vn -0.4182 -0.1203 -0.9004
vn -0.7666 0.4132 -0.4915
vn -0.8690 0.4770 -0.1319
vn -0.9485 0.3120 -0.0542
vn -0.9143 0.0870 -0.3957
vn -0.9905 0.1350 0.0253
vn -0.8908 -0.1264 -0.4364
vn -0.4765 -0.4165 -0.7743
vn 0.1413 -0.5504 -0.8229
vn 0.0202 -0.9060 -0.4229
vn -0.5306 -0.6578 -0.5346
vn -0.3488 -0.9235 0.1597
vn -0.9053 -0.3809 -0.1882
vn 0.0778 -0.9698 0.2311
vn 0.0526 -0.9190 0.3907
vn -0.3193 -0.8594 0.3994
vn -0.8460 -0.4994 0.1867
vn -0.8256 -0.4879 0.2835
vn -0.3243 -0.8589 0.3964
vn 0.0472 -0.9202 0.3885
vn 0.0870 -0.7964 0.5985
vn -0.3443 -0.7664 0.5423
vn -0.8886 -0.3913 0.2391
vn -0.8216 -0.3724 0.4315
vn -0.9904 0.1357 0.0252
vn -0.9486 0.3118 -0.0544
vn -0.8528 0.2678 0.4484
vn -0.8141 0.1183 0.5686
vn -0.2004 -0.2465 0.9482
vn -0.1788 0.3250 0.9287
vn 0.4365 0.1632 0.8848
vn -0.1653 0.5952 0.7864
vn 0.4022 -0.1827 0.8971
vn 0.8586 -0.0523 0.5099
vn 0.7685 -0.3831 0.5124
vn 0.6357 -0.6939 0.3382
vn 0.6095 -0.7469 0.2658
vn 0.6950 -0.6790 0.2366
vn 0.6173 -0.7811 0.0941
vn 0.7204 -0.6051 -0.3389
vn 0.8162 -0.4512 -0.3610
vn -0.0856 0.8284 0.5535
vn -0.7650 0.5886 0.2615
vn -0.6169 0.7569 0.2157
vn -0.8691 0.4766 -0.1322
vn -0.5568 0.8306 -0.0013
vn -0.1155 0.9477 0.2977
vn -0.5109 0.8229 -0.2487
vn -0.5138 0.8014 -0.3064
vn -0.5822 0.7648 -0.2757
vn -0.0342 0.9191 -0.3926
vn -0.9948 0.0892 -0.0488
vn -0.9841 0.0194 -0.1767
vn -0.9713 0.0124 0.2375
vn -0.8956 0.0838 -0.4369
vn -0.9230 0.0036 -0.3847
vn -0.9997 -0.0236 -0.0094
vn -0.9581 -0.0237 0.2856
vn -0.9365 -0.0729 0.3430
vn -0.8317 -0.0701 0.5507
vn -0.9533 -0.1826 -0.2404
vn -0.8466 -0.0914 -0.5243
vn -0.8180 -0.1422 -0.5574
vn -0.7250 0.0049 -0.6887
vn -0.7294 -0.1235 -0.6728
vn -0.5937 -0.0450 -0.8034
vn -0.4412 0.1143 -0.8901
vn -0.5680 0.0873 -0.8184
vn -0.4337 0.1586 -0.8870
vn -0.2597 0.2698 -0.9272
vn -0.1629 0.2329 -0.9588
vn 0.2013 0.2768 -0.9396
vn 0.1139 0.3506 -0.9296
vn 0.4862 0.2000 -0.8506
vn 0.4902 0.2033 -0.8476
vn 0.7521 -0.0391 -0.6579
vn 0.3443 0.3936 -0.8524
vn 0.6710 0.1328 -0.7295
vn 0.6464 0.2274 -0.7283
vn 0.9077 -0.0350 -0.4181
vn 0.9890 -0.0843 -0.1217
vn 0.9636 -0.1590 -0.2147
vn 0.9931 0.0343 -0.1123
vn 0.9049 0.0747 -0.4189
vn 0.9020 -0.1626 -0.4000
vn 0.9732 0.0747 0.2173
vn 0.9880 0.1009 -0.1171
vn 0.9838 -0.0482 0.1728
vn 0.8338 0.2257 -0.5038
vn 0.9720 0.1289 -0.1965
vn 0.9709 0.0705 0.2288
vn 0.8098 0.1277 0.5726
vn 0.8021 0.0657 0.5936
vn 0.9767 0.0650 0.2043
vn 0.9573 -0.0418 -0.2860
vn 0.9833 -0.0125 0.1818
vn 0.8024 0.0910 0.5898
vn 0.5351 0.0541 0.8431
vn 0.5711 0.0264 0.8204
vn 0.8376 -0.0161 0.5461
vn 0.3494 -0.0170 0.9368
vn 0.3309 -0.0044 0.9437
vn 0.6193 -0.0969 0.7791
vn 0.2531 0.0148 0.9673
vn 0.0561 -0.0648 0.9963
vn 0.0691 0.0196 0.9974
vn 0.0454 0.0998 0.9940
vn -0.2688 0.0115 0.9631
vn -0.2308 0.1141 0.9663
vn -0.1935 0.1598 0.9680
vn -0.4110 0.0557 0.9099
vn -0.4767 -0.0055 0.8790
vn -0.6940 -0.0445 0.7186
vn -0.6696 0.0011 0.7427
vn -0.3692 0.1044 0.9235
vn -0.9055 -0.1254 0.4055
vn -0.6219 0.1119 0.7751
vn -0.9297 -0.1424 0.3397
vn -0.8886 -0.0190 0.4583
vn -0.9829 -0.1830 0.0222
vn -0.8337 0.0328 0.5512
vn -0.9881 -0.1206 0.0951
vn -0.9749 -0.2186 -0.0431
vn -0.8668 -0.3215 -0.3811
vn -0.8820 -0.2286 -0.4121
vn -0.5920 -0.3359 -0.7326
vn -0.8820 -0.1943 -0.4293
vn -0.5471 -0.2221 -0.8071
vn -0.5549 -0.1534 -0.8176
vn -0.8809 -0.1773 -0.4388
vn -0.9858 -0.1424 0.0891
vn -0.9863 -0.1598 0.0409
vn -0.8823 -0.0807 0.4636
vn -0.8688 -0.0369 0.4938
vn -0.6715 0.0145 0.7408
vn -0.6673 0.0307 0.7442
vn -0.8376 -0.0433 0.5446
vn -0.4349 0.0785 0.8971
vn -0.6296 0.0381 0.7759
vn -0.4288 0.0933 0.8986
vn -0.4209 0.0622 0.9050
vn -0.1537 0.0727 0.9854
vn -0.1696 0.1069 0.9797
vn -0.1484 0.1004 0.9838
vn 0.0904 0.1272 0.9878
vn 0.1146 0.0894 0.9894
vn 0.0545 0.1867 0.9809
vn -0.1597 0.1527 0.9753
vn -0.3779 0.1096 0.9194
vn 0.0326 0.1541 0.9875
vn 0.3311 -0.0327 0.9430
vn 0.3105 0.0283 0.9502
vn 0.3058 0.1476 0.9406
vn 0.6458 -0.0544 0.7616
vn 0.6450 -0.1612 0.7470
vn 0.8662 -0.2164 0.4504
vn 0.8637 -0.1967 0.4641
vn 0.9416 -0.2742 0.1956
vn 0.9642 -0.2033 0.1701
vn 0.8736 -0.4353 -0.2177
vn 0.8940 -0.3426 -0.2888
vn 0.6294 -0.4132 -0.6581
vn 0.5665 -0.5114 -0.6462
vn 0.8257 -0.5071 -0.2470
vn 0.9323 -0.3118 0.1834
vn 0.9040 -0.3496 0.2460
vn 0.8779 -0.1496 0.4549
vn 0.7948 -0.0753 0.6021
vn 0.8032 -0.5473 -0.2351
vn 0.8955 -0.3464 0.2795
vn 0.8230 -0.1564 0.5461
vn 0.8172 -0.5421 -0.1959
vn 0.9096 -0.2603 0.3239
vn 0.8417 -0.0864 0.5331
vn 0.7667 0.0979 0.6344
vn 0.7537 -0.0482 0.6555
vn 0.8516 0.0867 0.5170
vn 0.7393 0.0770 0.6689
vn 0.6373 -0.0173 0.7704
vn 0.6534 -0.0690 0.7538
vn 0.4509 -0.0033 0.8926
vn 0.5093 0.0259 0.8602
vn 0.4933 0.1331 0.8596
vn 0.3244 0.0731 0.9431
vn 0.2691 0.0541 0.9616
vn 0.2051 0.0803 0.9754
vn -0.0076 0.0999 0.9950
vn 0.0011 0.0952 0.9955
vn 0.0747 0.0913 0.9930
vn 0.4002 0.0539 0.9148
vn 0.3493 0.0635 0.9349
vn 0.7273 0.0535 0.6842
vn 0.6116 0.0451 0.7899
vn 0.7963 0.0902 0.5981
vn 0.7923 0.2469 0.5579
vn 0.8713 0.2952 0.3919
vn 0.7381 0.1734 0.6521
vn 0.7608 0.2855 0.5829
vn 0.6572 0.3747 0.6540
vn 0.7133 0.5919 0.3753
vn 0.0183 0.9149 0.4032
vn 0.8023 0.5090 0.3117
vn 0.6003 0.7994 0.0261
vn 0.7923 0.6088 0.0404
vn -0.3995 0.8392 -0.3690
vn 0.4311 0.8500 -0.3028
vn 0.5559 0.7849 -0.2737
vn 0.9214 0.3796 0.0832
vn 0.6995 0.6009 -0.3869
vn 0.9878 0.1135 0.1067
vn 0.2046 0.7280 -0.6544
vn 0.4027 0.4351 -0.8053
vn 0.8330 0.3038 -0.4624
vn 0.0447 0.8654 -0.4991
vn -0.1395 0.7062 -0.6942
vn 0.0350 0.4072 -0.9127
vn -0.3794 0.6868 -0.6200
vn -0.3307 0.5409 -0.7733
vn -0.2070 0.8234 -0.5283
vn -0.1118 0.8648 -0.4895
vn -0.2902 0.7367 -0.6108
vn -0.2327 0.6862 -0.6892
vn -0.2791 0.5899 -0.7577
vn -0.3764 0.5054 -0.7764
vn -0.2623 0.3745 -0.8894
vn -0.2984 0.1744 -0.9384
vn -0.4823 0.4177 -0.7700
vn -0.4358 0.3421 -0.8325
vn -0.3798 0.0817 -0.9215
vn -0.3639 0.0654 -0.9291
vn -0.0765 -0.3120 -0.9470
vn 0.0258 -0.2643 -0.9641
vn 0.4930 -0.5277 -0.6917
vn 0.4374 -0.5819 -0.6857
vn 0.0294 -0.0701 -0.9971
vn 0.0060 -0.0172 -0.9998
vn 0.5298 -0.4432 -0.7231
vn -0.3146 0.4076 -0.8573
vn 0.5394 -0.3686 -0.7571
vn 0.8927 -0.4377 -0.1070
vn 0.8575 -0.4947 -0.1414
vn 0.9018 -0.1467 0.4064
vn 0.8965 -0.1539 0.4155
vn 0.8999 -0.3920 -0.1910
vn 0.9448 -0.2778 -0.1739
vn 0.8754 -0.0460 0.4813
vn 0.9539 -0.2172 -0.2074
vn 0.3728 0.2757 0.8860
vn 0.8310 -0.0580 0.5533
vn 0.9196 -0.0605 0.3881
vn 0.2668 0.2041 0.9419
vn 0.3688 0.1430 0.9184
vn 0.4235 0.1540 0.8927
vn 0.9140 -0.1667 -0.3700
vn 0.9466 0.0116 0.3223
vn -0.4149 0.2627 0.8712
vn 0.4641 0.2832 0.8393
vn -0.3489 0.1722 0.9212
vn -0.3302 0.1423 0.9331
vn -0.8190 -0.1929 0.5404
vn -0.8812 0.0308 0.4718
vn -0.8829 -0.4535 -0.1221
vn -0.9087 -0.3943 -0.1368
vn -0.8401 -0.1922 0.5073
vn -0.3733 0.1349 0.9178
vn -0.9422 -0.2921 -0.1640
vn -0.8862 -0.1489 0.4387
vn -0.4512 0.1302 0.8829
vn 0.4072 0.4382 0.8013
vn 0.4402 0.4101 0.7988
vn 0.9466 0.2009 0.2520
vn 0.8898 0.4324 0.1460
vn 0.8963 0.0440 -0.4412
vn 0.8222 0.2538 -0.5095
vn 0.8765 0.4776 0.0612
vn 0.4515 0.4418 0.7752
vn 0.7901 0.2841 -0.5432
vn 0.9264 0.3610 -0.1073
vn 0.9051 0.4047 0.1303
vn -0.4896 0.2227 0.8430
vn 0.1839 0.5520 0.8133
vn 0.6697 0.7423 -0.0225
vn 0.8129 0.1056 -0.5728
vn -0.2803 0.8956 -0.3454
vn 0.0933 0.5431 -0.8345
vn -0.3032 0.9012 0.3096
vn 0.5589 0.1533 -0.8149
vn -0.1439 0.6731 0.7254
vn -0.5132 0.3205 -0.7962
vn -0.0807 0.0523 -0.9954
vn -0.5358 -0.1144 -0.8366
vn 0.0734 -0.1048 -0.9918
vn -0.9387 -0.1615 -0.3045
vn -0.7771 0.0473 -0.6277
vn -0.6910 -0.2486 -0.6787
vn -0.9761 -0.0111 0.2171
vn -0.9447 0.1653 -0.2832
vn -0.9684 -0.2287 -0.0994
vn -0.9495 0.2559 0.1818
vn -0.8838 -0.0565 0.4644
vn -0.6862 0.2953 0.6648
vn -0.7476 0.5440 0.3810
vn -0.7834 0.5841 -0.2121
vn -0.5362 -0.2792 -0.7966
vn -0.4441 -0.3766 -0.8130
vn 0.2518 -0.0583 -0.9660
vn 0.3473 -0.0422 -0.9368
vn 0.7654 0.2046 -0.6102
vn -0.3808 -0.4517 -0.8068
vn 0.4072 -0.0948 -0.9084
vn -0.3988 -0.1171 -0.9095
vn -0.9664 -0.0357 -0.2546
vn -0.8825 0.3196 -0.3449
vn -0.8755 0.3578 0.3248
vn -0.9044 0.3398 0.2579
vn -0.4325 0.3543 0.8291
vn -0.4652 0.4013 0.7890
vn -0.9276 0.3317 0.1719
vn -0.4022 0.5618 0.7229
vn -0.8893 0.4477 0.0927
vn -0.8154 0.1221 -0.5658
vn -0.8530 0.1182 -0.5084
vn -0.8897 0.1621 -0.4267
vn -0.2181 -0.1043 -0.9703
vn -0.3290 -0.0804 -0.9409
vn -0.3948 -0.0205 -0.9185
vn 0.3869 -0.2082 -0.8983
vn 0.3930 -0.1372 -0.9093
vn 0.3943 -0.1885 -0.8994
vn 0.9097 -0.1305 -0.3942
vn 0.4850 -0.2127 -0.8483
vn 0.4716 -0.2556 -0.8439
vn 0.5104 -0.3248 -0.7963
vn -0.2224 -0.1049 -0.9693
vn -0.0642 -0.1004 -0.9929
vn -0.6184 0.1864 -0.7635
vn 0.2064 -0.5221 -0.8275
vn 0.5113 -0.5797 -0.6344
vn 0.3043 -0.5069 -0.8065
vn 0.1275 -0.4158 -0.9005
vn 0.3345 -0.3882 -0.8587
vn 0.2061 -0.3067 -0.9292
vn 0.4260 -0.1105 -0.8980
vn 0.4800 0.2819 -0.8307
vn 0.2448 -0.0158 -0.9695
vn 0.7292 -0.0928 -0.6779
vn 0.2209 0.3100 -0.9247
vn 0.5105 0.3615 -0.7802
vn 0.7734 0.2342 -0.5891
vn 0.2542 0.3971 -0.8819
vn 0.0623 0.4599 -0.8858
vn 0.0600 0.3970 -0.9159
vn -0.1267 0.3891 -0.9125
vn -0.0959 0.3077 -0.9467
vn 0.1027 0.1711 -0.9799
vn -0.0575 0.1181 -0.9913
vn 0.1219 -0.1579 -0.9799
vn 0.0856 -0.2432 -0.9662
vn -0.0645 -0.0742 -0.9952
vn -0.3033 0.1125 -0.9462
vn -0.3046 -0.0331 -0.9519
vn -0.0845 -0.1366 -0.9870
vn -0.5533 0.0212 -0.8327
vn -0.5574 0.1302 -0.8200
vn -0.3291 0.2140 -0.9197
vn -0.5684 0.1136 -0.8149
vn -0.3690 0.2145 -0.9044
vn -0.5755 0.1016 -0.8115
vn -0.7620 0.0463 -0.6459
vn -0.7375 0.0817 -0.6703
vn -0.7617 0.0843 -0.6424
vn -0.9381 0.0211 -0.3456
vn -0.9242 -0.0281 -0.3809
vn -0.7500 0.0170 -0.6613
vn -0.8964 -0.1453 -0.4187
vn -0.7155 -0.1615 -0.6797
vn -0.8655 -0.2939 -0.4056
vn -0.6414 -0.3376 -0.6889
vn -0.5083 -0.1389 -0.8499
vn -0.2745 -0.1444 -0.9507
vn -0.4184 -0.2800 -0.8640
vn -0.2374 -0.2430 -0.9405
vn -0.3478 -0.2757 -0.8961
vn -0.1670 -0.1942 -0.9666
vn -0.2603 -0.1446 -0.9546
vn -0.0896 -0.1804 -0.9795
vn -0.0547 -0.1315 -0.9898
vn -0.0970 -0.0484 -0.9941
vn -0.0635 0.0031 -0.9980
vn -0.0432 0.0200 -0.9989
vn -0.0509 0.1032 -0.9934
vn 0.0144 0.0980 -0.9951
vn -0.2239 -0.0816 -0.9712
vn -0.2338 0.0080 -0.9722
vn -0.1385 0.0904 -0.9862
vn -0.5637 -0.0919 -0.8208
vn -0.4750 -0.0054 -0.8799
vn -0.0675 0.1167 -0.9909
vn -0.3951 0.0165 -0.9185
vn 0.0564 0.1375 -0.9889
vn 0.0973 0.1691 -0.9808
vn 0.0872 0.1692 -0.9817
vn 0.0273 0.1751 -0.9842
vn -0.1436 0.2542 -0.9564
vn -0.2634 0.2020 -0.9433
vn -0.2240 -0.0039 -0.9746
vn -0.1153 -0.1720 -0.9783
vn -0.2054 -0.1412 -0.9684
vn -0.0313 -0.3605 -0.9323
vn -0.0023 -0.2532 -0.9674
vn 0.0140 0.2319 -0.9726
vn -0.1929 0.3550 -0.9147
vn -0.0113 0.2839 -0.9588
vn 0.0341 0.2870 -0.9573
vn 0.0294 0.2367 -0.9711
vn 0.0936 0.2388 -0.9665
vn 0.1167 0.3103 -0.9435
vn 0.1357 0.2049 -0.9693
vn 0.1565 0.2853 -0.9456
vn 0.0316 0.2582 -0.9656
vn 0.1065 0.4563 -0.8835
vn 0.1220 0.6885 -0.7149
vn -0.0875 0.1828 -0.9793
vn 0.0135 0.6269 -0.7789
vn -0.0433 0.3000 -0.9530
vn 0.5047 0.7035 -0.5003
vn 0.1484 0.3797 -0.9131
vn -0.5579 0.3558 -0.7497
vn -0.3234 0.8971 0.3009
vn 0.6642 0.5629 0.4919
vn 0.7614 0.5251 0.3802
vn 0.0865 0.3003 -0.9499
vn 0.6960 0.5109 -0.5046
vn -0.4798 0.0399 -0.8765
vn 0.2365 0.1365 -0.9620
vn -0.3973 0.1004 -0.9122
vn -0.8481 -0.1061 -0.5192
vn -0.4091 0.0464 -0.9113
vn -0.8513 -0.0974 -0.5156
vn -0.8502 -0.0871 -0.5191
vn -0.9728 -0.1635 0.1643
vn -0.9873 -0.0943 0.1277
vn -0.8652 -0.1293 -0.4845
vn -0.9874 -0.1239 0.0981
vn -0.8196 -0.0336 0.5720
vn -0.7760 -0.1155 0.6201
vn -0.6077 0.0396 0.7932
vn -0.9177 -0.3328 0.2168
vn -0.6044 -0.2113 0.7681
vn -0.5529 0.0505 0.8317
vn -0.4190 0.0858 0.9039
vn -0.5605 0.2140 0.8001
vn -0.4019 0.1099 0.9090
vn -0.2232 0.1286 0.9663
vn -0.1887 0.1740 0.9665
vn -0.3643 0.0629 0.9292
vn -0.0369 0.1365 0.9899
vn -0.2850 0.2970 0.9114
vn -0.0705 0.1523 0.9858
vn 0.1459 0.1216 0.9818
vn 0.1504 0.1367 0.9791
vn -0.0957 0.0884 0.9915
vn 0.3023 0.2572 0.9179
vn 0.3161 0.0864 0.9448
vn -0.1234 0.0003 0.9924
vn 0.2180 0.2429 0.9452
vn -0.5482 0.4767 0.6872
vn -0.9858 0.0187 -0.1670
vn 0.2185 -0.9730 0.0742
vn 0.5908 -0.0385 0.8059
vn -0.7020 0.2370 0.6715
vn -0.1719 -0.0333 0.9845
vn -0.7797 0.1210 0.6144
vn 0.5587 0.0150 0.8293
vn -0.1712 -0.0906 0.9811
vn -0.8304 -0.0957 0.5489
vn 0.9615 -0.0003 0.2750
vn 0.9603 0.2448 0.1339
vn 0.5506 0.0125 0.8347
vn 0.9884 0.0966 0.1169
vn 0.5432 -0.0007 0.8396
vn -0.1395 -0.0203 0.9900
vn -0.1444 -0.0132 0.9894
vn -0.8251 -0.0397 0.5636
vn -0.8397 -0.1279 0.5278
vn -0.9677 -0.0441 -0.2482
vn -0.9672 -0.0142 -0.2536
vn -0.9742 -0.0159 -0.2253
vn -0.4954 0.0635 -0.8663
vn -0.5212 0.0409 -0.8525
vn -0.8146 -0.0636 0.5765
vn -0.9736 -0.0454 -0.2239
vn -0.5559 0.0553 -0.8294
vn -0.9661 -0.0625 -0.2504
vn -0.8085 -0.1209 0.5760
vn -0.5599 -0.0003 -0.8286
vn -0.8076 -0.1218 0.5770
vn -0.1408 -0.0100 0.9900
vn -0.1489 -0.0198 0.9887
vn 0.5426 0.0109 0.8399
vn 0.5374 0.0339 0.8427
vn 0.9902 0.0856 0.1106
vn 0.9907 0.0708 0.1165
vn 0.9902 0.0824 0.1123
vn 0.7728 0.1241 -0.6224
vn 0.7766 0.0917 -0.6232
vn 0.2291 0.1280 -0.9649
vn 0.7786 0.0945 -0.6204
vn 0.2450 0.0912 -0.9652
vn 0.2452 0.0673 -0.9671
vn -0.4851 0.0536 -0.8728
vn -0.4856 0.0268 -0.8738
vn -0.9824 0.0230 -0.1856
vn -0.9799 0.1299 -0.1515
vn -0.5041 0.1123 -0.8563
vn -0.9442 0.3016 -0.1326
vn -0.5175 0.4100 -0.7510
vn -0.2389 0.9506 0.1985
vn 0.1601 0.4062 -0.8997
vn 0.2230 0.0849 -0.9711
vn 0.2560 0.0028 -0.9667
vn 0.7593 0.0745 -0.6464
vn 0.6933 0.2781 -0.6649
vn 0.4647 0.6621 -0.5879
vn -0.2800 0.3541 -0.8923
vn 0.0181 0.4796 -0.8773
vn 0.1355 -0.0156 -0.9907
vn 0.0671 -0.1382 -0.9881
vn -0.6354 -0.0663 -0.7693
vn 0.1248 -0.1808 -0.9756
vn -0.6040 -0.1558 -0.7816
vn 0.1485 -0.1093 -0.9829
vn -0.9951 0.0326 -0.0937
vn -0.5650 -0.1325 -0.8144
vn 0.1322 -0.0811 -0.9879
vn -0.5550 -0.1098 -0.8246
vn -0.9843 -0.0959 -0.1480
vn -0.9835 -0.0388 -0.1765
vn -0.7529 0.1365 0.6439
vn -0.7142 0.2404 0.6574
vn -0.7621 0.1557 0.6285
vn -0.9850 -0.0153 -0.1720
vn -0.5637 -0.0998 -0.8199
vn -0.7712 0.1216 0.6249
vn -0.9869 -0.0367 -0.1571
vn -0.5811 -0.1159 -0.8055
vn -0.7564 0.0921 0.6476
vn -0.9888 -0.0567 -0.1380
vn -0.6023 -0.1560 -0.7829
vn -0.6267 -0.1227 -0.7696
vn -0.7257 0.1207 0.6773
vn -0.9931 -0.0405 -0.1097
vn -0.7031 0.1741 0.6894
vn -0.9944 -0.0849 -0.0624
vn -0.6218 -0.2692 -0.7355
vn -0.7047 0.1896 0.6837
vn -0.6178 -0.3555 -0.7014
vn -0.9959 -0.0760 -0.0488
vn -0.9894 -0.0670 -0.1292
vn -0.7380 0.1507 0.6577
vn -0.6193 -0.3309 -0.7120
vn -0.9876 0.0028 -0.1568
vn -0.7688 0.1224 0.6277
vn -0.6386 -0.3131 -0.7030
vn -0.6471 -0.3673 -0.6681
vn 0.0634 -0.4106 -0.9096
vn 0.0671 -0.4311 -0.8998
vn 0.7332 -0.2722 -0.6231
vn 0.7284 -0.3207 -0.6055
vn 0.0746 -0.4548 -0.8875
vn 0.7010 -0.3196 -0.6376
vn 0.0599 -0.4392 -0.8964
vn -0.6325 -0.3929 -0.6675
vn -0.5988 -0.3788 -0.7057
vn -0.9892 -0.1383 -0.0495
vn -0.9921 -0.0955 -0.0816
vn -0.7679 0.2033 0.6074
vn -0.7667 0.4450 0.4627
vn -0.0157 0.0616 0.9980
vn -0.0925 0.3875 0.9172
vn 0.5610 0.0163 0.8277
vn 0.6296 0.4549 0.6298
vn -0.1616 0.7026 0.6930
vn -0.7313 0.3424 0.5899
vn -0.1104 0.5742 0.8112
vn 0.5278 0.6108 0.5903
vn 0.5251 0.4964 0.6913
vn 0.9872 0.1559 -0.0336
vn 0.9877 0.1103 0.1112
vn 0.7118 -0.2369 -0.6612
vn 0.7286 -0.2429 -0.6405
vn 0.9994 0.0032 0.0332
vn 0.9939 0.0731 0.0829
vn 0.7312 -0.2643 -0.6289
vn 0.7298 -0.1481 -0.6675
vn 0.0688 -0.2570 -0.9639
vn 0.0673 -0.4055 -0.9116
vn 0.0618 -0.4055 -0.9120
vn 0.0787 -0.1959 -0.9775
vn 0.1013 -0.1942 -0.9757
vn 0.7249 -0.1336 -0.6757
vn 0.1007 -0.1149 -0.9883
vn 0.7105 -0.0971 -0.6969
vn 0.9877 0.0915 0.1264
vn 0.9879 0.0958 0.1218
vn 0.7060 -0.0433 -0.7069
vn 0.5302 0.2253 0.8174
vn 0.9871 0.0939 0.1296
vn 0.5234 0.2053 0.8270
vn 0.7159 -0.0248 -0.6977
vn 0.9863 0.1026 0.1290
vn 0.5288 0.2003 0.8248
vn 0.9892 0.1111 0.0953
vn 0.7269 -0.0226 -0.6864
vn 0.5513 0.2359 0.8002
vn 0.5837 0.2425 0.7749
vn -0.0517 0.2015 0.9781
vn -0.0765 0.2250 0.9713
vn 0.6110 0.1961 0.7669
vn 0.9935 0.0937 0.0645
vn -0.0814 0.2229 0.9714
vn 0.7302 -0.0557 -0.6809
vn 0.7366 -0.0359 -0.6754
vn 0.9953 0.0851 0.0471
vn 0.6277 0.1703 0.7596
vn 0.9959 0.0814 0.0393
vn 0.7035 -0.0515 -0.7089
vn 0.7069 0.0143 -0.7072
vn 0.7620 0.1396 -0.6323
vn 0.2972 0.1642 -0.9406
vn 0.9964 0.0706 0.0477
vn 0.9923 0.0846 0.0903
vn 0.6636 0.1279 0.7371
vn 0.6426 0.1605 0.7492
vn 0.6918 0.0411 0.7209
vn 0.0616 0.2890 0.9554
vn -0.0139 0.2490 0.9684
vn -0.0553 0.2162 0.9748
vn -0.0415 0.2077 0.9773
vn -0.0471 0.2345 0.9710
vn -0.0631 0.2598 0.9636
vn 0.5496 0.2595 0.7941
vn -0.0635 0.3180 0.9460
vn 0.5691 0.3075 0.7626
vn 0.9873 0.1253 0.0981
vn 0.1090 -0.0853 -0.9904
vn -0.0750 0.5540 0.8291
vn 0.5391 0.4891 0.6857
vn 0.9881 0.0813 0.1303
vn 0.9937 0.0978 0.0541
vn 0.9913 0.1080 -0.0758
vn 0.6466 0.4799 0.5930
vn -0.0214 0.6006 0.7992
vn 0.6022 0.5630 0.5660
vn 0.9462 0.1179 -0.3014
vn 0.7517 0.6435 0.1444
vn -0.1253 0.8606 0.4936
vn -0.0594 0.5721 0.8180
vn -0.7803 0.4358 0.4486
vn -0.8275 -0.0275 -0.5608
vn -0.9590 0.0227 -0.2824
vn -0.9148 0.4004 -0.0527
vn -0.7361 0.3795 0.5605
vn -0.6533 0.0418 -0.7559
vn -0.6597 0.6282 -0.4125
vn -0.1955 0.1778 -0.9645
vn -0.4308 -0.1189 -0.8946
vn -0.4194 -0.1794 -0.8899
vn -0.1195 -0.0726 -0.9902
vn -0.5947 -0.1739 -0.7849
vn -0.1031 -0.2773 -0.9552
vn 0.0109 -0.2589 -0.9658
vn 0.1762 -0.0462 -0.9833
vn 0.5618 -0.0931 -0.8220
vn 0.4629 -0.2655 -0.8457
vn 0.8402 0.2980 -0.4530
vn 0.3954 0.2944 -0.8700
vn 0.5241 0.8212 -0.2258
vn -0.0713 0.8403 -0.5374
vn 0.6500 -0.2817 -0.7058
vn 0.0301 -0.3877 -0.9213
vn -0.5588 -0.2641 -0.7861
vn -0.9918 -0.0972 -0.0829
vn -0.9748 0.0077 -0.2227
vn -0.7149 0.3619 0.5983
vn 0.7729 0.5064 0.3824
vn 0.3480 0.3164 0.8825
vn 0.3447 0.3174 0.8834
vn 0.6488 0.6364 -0.4172
vn 0.8492 0.3862 0.3602
vn -0.3357 0.1798 0.9247
vn 0.3942 0.2652 0.8799
vn -0.3301 0.1080 0.9377
vn -0.3175 0.0636 0.9461
vn -0.9054 -0.1360 0.4022
vn -0.9039 -0.0712 0.4218
vn -0.8818 -0.2399 -0.4061
vn -0.8766 -0.1993 -0.4380
vn -0.9079 -0.1653 0.3853
vn -0.8592 -0.1952 -0.4729
vn -0.4079 -0.0635 -0.9108
vn -0.4078 -0.0145 -0.9130
vn 0.2642 0.1618 -0.9508
vn -0.4186 -0.1664 -0.8928
vn 0.2870 0.1157 -0.9509
vn 0.2671 0.1013 -0.9583
vn 0.8360 0.2429 -0.4920
vn 0.8312 0.2094 -0.5151
vn 0.8373 0.1462 -0.5268
vn -0.3795 -0.0610 -0.9232
vn 0.2837 0.0236 -0.9586
vn 0.9267 0.2152 0.3079
vn 0.9240 0.2204 0.3126
vn 0.8445 0.1161 -0.5229
vn 0.9217 0.2565 0.2909
vn 0.8592 0.0401 -0.5101
vn 0.2741 0.0247 -0.9614
vn 0.2607 -0.1108 -0.9590
vn -0.3589 -0.0906 -0.9290
vn -0.3770 -0.0357 -0.9255
vn 0.8695 -0.1408 -0.4735
vn -0.3650 -0.1966 -0.9100
vn 0.2735 -0.3787 -0.8842
vn -0.3337 -0.4074 -0.8501
vn 0.2875 -0.4006 -0.8700
vn 0.8757 -0.1846 -0.4463
vn 0.8787 -0.1380 -0.4569
vn 0.9579 0.1433 0.2486
vn 0.9506 0.1907 0.2448
vn 0.9337 0.2568 0.2495
vn 0.3542 0.3685 0.8595
vn 0.3842 0.5971 0.7042
vn 0.3807 0.2330 0.8949
vn -0.3716 0.3791 0.8475
vn -0.4260 0.5205 0.7400
vn -0.3558 0.4739 0.8055
vn -0.9146 0.2173 0.3411
vn -0.9082 0.2729 0.3174
vn -0.3114 0.4498 0.8371
vn -0.9236 0.1561 0.3501
vn 0.3545 0.5190 0.7778
vn -0.8756 -0.2156 -0.4323
vn -0.7941 -0.1117 -0.5974
vn -0.9335 0.3284 0.1437
vn -0.2675 -0.2210 -0.9379
vn -0.2512 -0.0142 -0.9678
vn -0.4721 0.1778 -0.8634
vn 0.1362 0.1063 -0.9850
vn 0.0456 0.4456 -0.8941
vn 0.4610 0.2310 -0.8568
vn 0.2635 -0.1495 -0.9530
vn 0.2919 -0.3079 -0.9055
vn -0.3171 -0.3809 -0.8686
vn 0.7230 0.1055 -0.6827
vn 0.8557 -0.0430 -0.5157
vn 0.9052 0.4128 -0.1010
vn 0.5951 0.5505 -0.5855
vn 0.9407 0.2955 0.1666
vn 0.4014 0.6804 0.6131
vn 0.5280 0.8489 0.0250
vn -0.2225 0.9719 -0.0764
vn -0.6597 0.5526 -0.5094
vn -0.3734 0.7084 0.5989
vn 0.4553 0.5125 0.7280
vn 0.9262 0.2776 0.2552
vn 0.8783 -0.1151 -0.4640
vn 0.8774 -0.1016 -0.4689
vn 0.3138 -0.3609 -0.8782
vn 0.3143 -0.3744 -0.8724
vn -0.3505 -0.3992 -0.8472
vn -0.3436 -0.4096 -0.8451
vn -0.8734 -0.2486 -0.4188
vn -0.8824 -0.2142 -0.4188
vn -0.9060 0.1376 0.4003
vn -0.8690 -0.2649 -0.4178
vn -0.9297 -0.0241 0.3676
vn -0.8710 -0.2574 -0.4184
vn -0.3380 -0.4178 -0.8434
vn 0.3089 -0.3699 -0.8762
vn -0.3343 -0.4354 -0.8359
vn -0.8733 -0.2317 -0.4286
vn -0.8647 -0.1832 -0.4677
vn -0.9318 0.0379 0.3610
vn -0.9159 0.0245 0.4006
vn -0.9196 -0.0311 0.3916
vn -0.3114 0.1241 0.9421
vn -0.3382 0.1794 0.9238
vn 0.3455 0.2129 0.9139
vn -0.3539 0.2732 0.8945
vn 0.3430 0.2731 0.8988
vn 0.3626 0.1839 0.9136
vn 0.9264 0.2117 0.3113
vn 0.3834 0.1960 0.9025
vn -0.3112 0.0848 0.9465
vn 0.9271 0.2218 0.3021
vn 0.9298 0.2381 0.2806
vn 0.4049 0.2418 0.8818
vn 0.8540 0.2284 -0.4675
vn 0.4259 0.1870 0.8852
vn 0.9342 0.1909 0.3014
vn 0.8872 0.1388 -0.4401
vn 0.8961 0.0936 -0.4338
vn 0.3310 -0.1850 -0.9253
vn 0.3114 -0.0273 -0.9499
vn -0.4403 -0.2330 -0.8671
vn -0.5092 -0.0785 -0.8570
vn -0.9123 -0.1951 -0.3601
vn -0.9596 0.0099 -0.2813
vn -0.9336 0.3083 -0.1826
vn -0.8344 0.1643 0.5262
vn -0.8875 0.0910 0.4518
vn -0.3286 0.1312 0.9353
vn 0.2669 -0.0515 -0.9624
vn 0.8392 0.2939 -0.4575
vn 0.9088 0.2572 0.3286
vn 0.4263 0.1641 0.8896
vn -0.3303 0.0120 0.9438
vn -0.9138 -0.1768 0.3657
vn -0.3347 0.0562 0.9407
vn -0.9207 -0.1364 0.3657
vn -0.3175 0.0713 0.9456
vn -0.9230 -0.0915 0.3737
vn -0.8466 -0.1657 -0.5058
vn -0.8570 -0.1178 -0.5016
vn -0.8472 -0.1904 -0.4960
vn 0.3690 0.3458 0.8627
vn 0.9429 0.2028 0.2641
vn -0.2842 0.3011 0.9102
vn 0.7973 0.0606 -0.6006
vn 0.2362 0.0615 -0.9698
vn 0.2474 -0.0623 -0.9669
vn 0.8220 -0.0012 -0.5695
vn 0.9817 0.1054 0.1586
vn 0.9771 0.1225 0.1741
vn 0.8368 -0.0883 -0.5403
vn 0.9770 0.1281 0.1702
vn 0.8401 -0.0788 -0.5367
vn 0.2420 -0.1652 -0.9561
vn 0.2352 -0.2185 -0.9471
vn -0.5503 -0.1135 -0.8272
vn 0.8468 -0.0818 -0.5256
vn -0.5189 -0.2158 -0.8272
vn 0.2286 -0.2112 -0.9503
vn 0.8540 -0.0907 -0.5123
vn 0.2295 -0.2246 -0.9470
vn -0.5132 -0.2086 -0.8325
vn -0.9409 -0.1252 -0.3146
vn -0.9440 -0.0966 -0.3155
vn -0.5195 -0.2219 -0.8252
vn -0.9499 -0.0967 -0.2972
vn -0.5216 -0.2369 -0.8197
vn 0.2218 -0.2170 -0.9507
vn 0.2227 -0.2259 -0.9484
vn 0.8451 -0.1103 -0.5231
vn 0.8535 -0.0880 -0.5136
vn 0.9816 0.0911 0.1678
vn 0.9856 0.0785 0.1498
vn 0.8217 -0.0918 -0.5624
vn 0.9902 0.1273 0.0575
vn 0.7601 -0.0037 -0.6498
vn 0.1979 -0.1619 -0.9668
vn 0.1490 -0.0442 -0.9879
vn -0.5268 -0.2356 -0.8167
vn -0.5242 -0.1947 -0.8290
vn 0.5948 0.0410 -0.8028
vn -0.4927 -0.1039 -0.8640
vn 0.0733 -0.0201 -0.9971
vn 0.9645 0.2251 -0.1382
vn 0.1677 -0.0049 -0.9858
vn 0.7067 0.2238 -0.6712
vn 0.6025 0.3505 0.7170
vn 0.5804 0.5517 0.5990
vn 0.8632 0.4541 -0.2205
vn 0.5819 0.8063 0.1059
vn 0.5562 0.6639 -0.4999
vn -0.1258 0.9919 -0.0192
vn -0.0519 0.6733 -0.7376
vn 0.4081 0.4012 -0.8200
vn -0.0051 0.3020 -0.9533
vn -0.4520 0.2987 -0.8405
vn -0.3885 0.0092 -0.9214
vn -0.4815 -0.1075 -0.8698
vn -0.8754 0.1099 -0.4707
vn -0.6712 0.4817 -0.5635
vn -0.9124 0.2867 0.2920
vn -0.9670 -0.0206 -0.2539
vn -0.8491 0.1853 0.4946
vn -0.1548 0.2960 0.9426
vn -0.1215 0.3476 0.9297
vn -0.8123 0.1671 0.5588
vn -0.8322 0.2159 0.5107
vn -0.1860 0.4512 0.8728
vn -0.9546 -0.1120 -0.2759
vn -0.2260 0.5456 0.8070
vn 0.5452 0.4738 0.6916
vn 0.5294 0.3443 0.7754
vn 0.6184 0.3738 0.6912
vn -0.8598 0.2769 0.4290
vn -0.2588 0.1999 0.9450
vn 0.9880 0.1195 0.0975
vn 0.9953 0.0525 0.0810
vn 0.5858 -0.0307 0.8098
vn 0.9886 0.0353 0.1465
vn 0.5209 0.1031 0.8474
vn -0.2269 -0.0018 0.9739
vn -0.1984 0.1851 0.9625
vn 0.5098 0.2195 0.8319
vn -0.8660 0.0957 0.4908
vn -0.1868 0.1619 0.9690
vn -0.8674 0.0785 0.4914
vn -0.8811 0.0729 0.4672
vn -0.9565 -0.0754 -0.2818
vn -0.9632 -0.0560 -0.2631
vn -0.9653 -0.0866 -0.2465
vn -0.8512 0.0738 0.5197
vn -0.8272 -0.0278 0.5612
vn -0.1547 0.0980 0.9831
vn -0.1360 0.0269 0.9903
vn 0.4978 0.1143 0.8597
vn 0.4950 0.1841 0.8492
vn 0.5179 0.0685 0.8527
vn 0.9873 0.0881 0.1322
vn -0.9476 -0.1386 -0.2878
vn 0.6206 0.3003 0.7243
vn -0.2546 0.5882 0.7675
vn -0.7542 0.6542 0.0575
vn -0.2251 0.1072 0.9684
vn -0.4261 0.0884 0.9004
vn -0.1997 0.1091 0.9738
vn -0.4256 -0.1195 0.8970
vn 0.1383 0.2351 0.9621
vn -0.3187 -0.0465 0.9467
vn -0.8542 -0.3132 0.4150
vn -0.8551 -0.4082 0.3197
vn -0.8771 -0.2566 -0.4060
vn -0.8867 -0.2572 -0.3842
vn -0.8325 -0.2817 0.4770
vn -0.4718 -0.1409 -0.8704
vn -0.4701 -0.1324 -0.8726
vn -0.8824 -0.2767 -0.3806
vn -0.4520 -0.1837 -0.8729
vn -0.8248 -0.1968 0.5300
vn -0.8993 -0.2617 -0.3503
vn -0.4976 -0.1759 -0.8494
vn -0.9128 -0.2875 -0.2901
vn -0.8094 -0.0857 0.5810
vn -0.2566 0.0070 0.9665
vn -0.2885 0.0533 0.9560
vn -0.7713 -0.0966 0.6291
vn -0.7092 -0.0902 0.6992
vn -0.8684 -0.4681 -0.1637
vn -0.2730 0.1424 0.9514
vn -0.9558 -0.2916 -0.0382
vn -0.4115 -0.4881 -0.7697
vn -0.4227 -0.3605 -0.8315
vn 0.2797 -0.2117 -0.9365
vn 0.3255 -0.3497 -0.8785
vn -0.5145 -0.3014 -0.8028
vn 0.2819 -0.2987 -0.9118
vn -0.4308 -0.3430 -0.8347
vn -0.9912 -0.1161 -0.0641
vn -0.9381 -0.2899 -0.1894
vn -0.6803 0.0598 0.7305
vn -0.7199 0.1356 0.6807
vn -0.3959 -0.4028 -0.8252
vn -0.7729 0.0358 0.6335
vn -0.9123 -0.3381 -0.2312
vn -0.3698 -0.4904 -0.7891
vn -0.8858 -0.3770 -0.2705
vn -0.7868 -0.0328 0.6163
vn -0.2784 0.3962 0.8749
vn -0.1608 0.2758 0.9477
vn -0.8773 0.0752 0.4740
vn -0.8934 -0.3144 -0.3209
vn -0.9047 0.3682 0.2145
vn -0.1958 0.6330 0.7490
vn 0.5052 0.4608 0.7297
vn 0.5095 0.5492 0.6624
vn -0.2659 0.7095 0.6526
vn -0.8909 0.2679 0.3669
vn -0.3070 0.6026 0.7366
vn 0.4312 0.5636 0.7046
vn 0.3626 0.5821 0.7277
vn -0.3210 0.5386 0.7790
vn -0.8948 0.2512 0.3691
vn -0.2812 0.4759 0.8333
vn -0.9114 0.2299 0.3414
vn 0.3261 0.5296 0.7830
vn -0.8763 -0.0938 -0.4725
vn -0.8110 0.0992 -0.5766
vn -0.8606 0.4432 0.2509
vn -0.5460 0.5014 -0.6712
vn -0.3419 0.2674 -0.9009
vn -0.2852 -0.0005 -0.9585
vn 0.2987 0.0513 -0.9530
vn 0.0748 0.4269 -0.9012
vn -0.2693 -0.2371 -0.9334
vn 0.3358 -0.1423 -0.9311
vn 0.4782 0.5487 -0.6858
vn 0.7126 0.3223 -0.6232
vn 0.8023 0.1223 -0.5843
vn 0.3258 -0.2576 -0.9097
vn -0.2936 -0.3747 -0.8794
vn -0.3180 -0.4859 -0.8141
vn -0.9087 -0.2479 -0.3359
vn -0.9043 -0.1752 -0.3893
vn -0.3425 -0.5228 -0.7806
vn 0.2972 -0.3348 -0.8942
vn 0.2669 -0.3785 -0.8863
vn 0.8444 -0.0785 -0.5299
vn 0.8457 -0.0541 -0.5308
vn 0.2444 -0.3630 -0.8992
vn 0.2448 -0.2890 -0.9255
vn 0.8368 -0.0717 -0.5428
vn 0.9432 0.2931 0.1567
vn 0.9313 0.3092 0.1925
vn 0.8399 -0.0365 -0.5414
vn 0.8629 -0.0634 -0.5014
vn 0.9487 0.2875 0.1318
vn 0.9406 0.3152 0.1266
vn 0.8976 -0.0633 -0.4363
vn 0.4328 0.6220 0.6525
vn 0.9257 0.3335 0.1783
vn 0.8540 0.1354 -0.5024
vn 0.7664 0.2483 -0.5925
vn 0.9306 0.3362 0.1444
vn 0.1368 0.0603 -0.9888
vn 0.2115 -0.0229 -0.9771
vn 0.2113 0.0223 -0.9772
vn 0.7778 0.1802 -0.6022
vn 0.1666 0.1157 -0.9792
vn 0.7682 0.2333 -0.5961
vn 0.9500 0.3058 0.0639
vn 0.9492 0.3132 0.0294
vn 0.7959 0.2748 -0.5394
vn 0.4793 0.3745 0.7938
vn 0.9413 0.3015 0.1520
vn 0.4391 0.2576 0.8607
vn -0.2249 0.1958 0.9545
vn 0.4855 0.3631 0.7953
vn 0.9224 0.3843 0.0384
vn 0.4162 0.3799 0.8261
vn -0.2424 0.1898 0.9514
vn -0.3030 0.2809 0.9107
vn 0.3651 0.5789 0.7291
vn 0.8955 0.3664 0.2529
vn 0.4116 0.1080 0.9049
vn 0.8118 0.3084 -0.4959
vn 0.3583 0.0908 0.9292
vn -0.2484 -0.0486 0.9674
vn 0.2122 0.1809 0.9604
vn 0.2483 0.0675 -0.9663
vn -0.4557 -0.1070 -0.8837
vn -0.8876 -0.2009 -0.4145
vn 0.9204 0.3301 0.2096
vn 0.9151 0.3456 0.2079
vn 0.4045 0.5553 0.7267
vn 0.8342 0.0029 -0.5514
vn 0.8975 0.4246 0.1197
vn 0.3306 0.7012 0.6317
vn 0.7967 0.6027 -0.0463
vn 0.3481 0.9022 0.2547
vn -0.1821 0.9543 0.2371
vn -0.2919 0.6612 0.6911
vn 0.4980 0.8164 -0.2925
vn -0.0297 0.8143 -0.5797
vn -0.6194 0.7631 -0.1844
vn -0.9850 -0.1715 -0.0214
vn -0.9919 -0.1258 0.0197
vn -0.9985 -0.0453 0.0314
vn -0.8880 -0.1472 0.4356
vn -0.9194 -0.0951 0.3818
vn -0.7642 -0.1019 0.6369
vn -0.9389 -0.0032 0.3441
vn -0.7988 0.0135 0.6015
vn -0.8169 -0.0838 0.5706
vn -0.6232 0.0119 0.7819
vn -0.6088 -0.0079 0.7933
vn -0.3045 -0.0497 0.9512
vn -0.5516 -0.0510 0.8325
vn -0.7030 -0.1177 0.7014
vn -0.2775 0.0088 0.9607
vn 0.0012 -0.0637 0.9980
vn 0.0180 -0.0644 0.9978
vn 0.2442 0.0082 0.9697
vn 0.2295 -0.1931 0.9540
vn -0.0423 -0.2144 0.9758
vn -0.2647 -0.1143 0.9575
vn -0.6468 0.0041 0.7626
vn -0.5370 -0.1579 0.8287
vn -0.2541 -0.2111 0.9439
vn -0.8332 -0.0461 0.5511
vn 0.5953 -0.1899 0.7808
vn 0.5303 -0.0051 0.8478
vn 0.8403 -0.0263 0.5415
vn 0.8742 -0.1484 0.4623
vn 0.9868 -0.1405 0.0805
vn 0.5097 0.1213 0.8517
vn 0.2976 0.1172 0.9475
vn 0.2678 0.1993 0.9426
vn 0.5818 0.1002 0.8071
vn -0.6253 0.0750 0.7768
vn -0.5624 0.8241 -0.0680
vn 0.5370 0.7800 0.3214
vn -0.1101 0.9711 -0.2119
vn -0.2861 0.9546 -0.0837
vn -0.8078 0.3982 -0.4346
vn -0.8863 0.4608 -0.0467
vn -0.7244 0.6616 0.1937
vn -0.3347 0.8236 -0.4578
vn -0.5896 0.7651 0.2589
vn 0.5817 0.4589 -0.6716
vn 0.7482 -0.0819 -0.6584
vn -0.2905 0.8787 -0.3788
vn -0.2689 0.9265 -0.2633
vn -0.7311 0.6412 0.2333
vn 0.4917 0.2481 -0.8346
vn -0.7230 0.6565 0.2152
vn -0.5381 0.7804 -0.3184
vn -0.7853 0.6112 0.0991
vn -0.5443 0.3279 -0.7721
vn -0.9040 0.4266 0.0294
vn -0.9601 0.2794 0.0115
vn -0.8214 0.2227 -0.5252
vn 0.1039 -0.2102 -0.9721
vn -0.6465 -0.0722 -0.7595
vn -0.8578 0.0261 -0.5134
vn -0.9615 0.2746 -0.0064
vn 0.1541 -0.4824 -0.8623
vn 0.3073 -0.3917 -0.8672
vn 0.5001 -0.5017 -0.7058
vn 0.4635 -0.6042 -0.6482
vn 0.0586 -0.6035 -0.7952
vn -0.7950 -0.1133 -0.5960
vn -0.9436 0.3309 -0.0079
vn -0.8774 -0.2104 -0.4312
vn -0.9421 0.3278 0.0702
vn -0.9238 0.3105 0.2243
vn -0.9031 0.3328 0.2716
vn -0.9339 -0.3069 -0.1837
vn 0.0111 -0.7182 -0.6957
vn -0.1431 -0.8404 -0.5228
vn -0.7698 -0.6251 0.1295
vn -0.1641 -0.9434 -0.2882
vn 0.0698 -0.9919 -0.1058
vn -0.0806 -0.9332 0.3502
vn -0.8506 -0.1980 0.4872
vn -0.9096 0.3315 0.2506
vn -0.9223 0.3659 0.1246
vn -0.9506 0.3095 -0.0247
vn -0.7174 -0.2049 0.6658
vn -0.9764 0.2159 0.0032
vn -0.7207 0.1585 0.6749
vn -0.5381 0.2169 0.8145
vn -0.9831 0.1802 0.0326
vn -0.7858 0.2371 0.5713
vn -0.9943 0.1046 0.0186
vn -0.5731 0.2697 0.7739
vn -0.9989 0.0447 0.0106
vn -0.8176 0.1874 0.5445
vn -0.9970 0.0773 0.0024
vn -0.9307 0.3467 -0.1163
vn -0.5411 0.4551 0.7072
vn 0.3457 0.7180 0.6041
vn -0.6775 0.7229 0.1357
vn 0.4711 0.2423 0.8482
vn 0.2514 0.2626 0.9316
vn 0.5882 0.6654 0.4597
vn 0.7137 0.0515 0.6986
vn 0.7166 0.0656 0.6944
vn 0.8994 0.1574 0.4078
vn -0.3303 0.9017 -0.2788
vn -0.7524 0.3452 -0.5611
vn -0.8859 0.3542 -0.2997
vn 0.9870 0.1211 -0.1053
vn 0.9524 -0.2974 0.0662
vn 0.9443 -0.3257 0.0464
vn 0.9032 -0.1285 0.4095
vn 0.8990 -0.2192 0.3790
vn 0.9133 -0.4069 0.0178
vn 0.9081 -0.4184 0.0174
vn 0.8906 -0.2810 0.3576
vn 0.7582 -0.0764 0.6475
vn 0.8991 -0.3294 0.2884
vn 0.5061 0.1076 0.8557
vn 0.7692 -0.1100 0.6294
vn 0.8899 -0.4560 -0.0140
vn 0.8852 -0.4652 -0.0018
vn 0.8568 -0.3182 0.4057
vn 0.8585 -0.4563 0.2341
vn 0.7550 -0.2965 0.5849
vn 0.7659 -0.1695 0.6203
vn 0.4898 -0.1483 0.8591
vn 0.6840 -0.4147 0.6002
vn 0.7885 -0.5105 0.3431
vn 0.8270 -0.5622 0.0048
vn 0.5095 -0.8434 0.1704
vn 0.5494 -0.6955 0.4631
vn 0.1487 -0.7496 0.6450
vn 0.2400 -0.3302 0.9129
vn 0.6000 -0.7669 -0.2277
vn 0.3005 -0.9538 0.0038
vn 0.6338 -0.6787 -0.3709
vn 0.2311 -0.8394 -0.4920
vn 0.3401 -0.7192 -0.6058
vn 0.8557 -0.5174 -0.0081
vn 0.7655 -0.5730 -0.2925
vn 0.7254 -0.5389 -0.4282
vn 0.8027 -0.5018 -0.3222
vn 0.5160 -0.4539 -0.7265
vn 0.7506 -0.4584 -0.4759
vn 0.4835 -0.3631 -0.7965
vn 0.4981 -0.3176 -0.8069
vn 0.3108 -0.2072 -0.9276
vn 0.2544 0.3130 -0.9151
vn 0.8375 -0.4114 -0.3597
vn 0.4385 -0.0102 0.8987
vn 0.3893 0.0981 0.9159
vn 0.9877 -0.1022 0.1183
vn 0.4905 0.0320 0.8709
vn 0.6593 -0.5347 0.5286
vn 0.9812 -0.0379 0.1894
vn 0.9597 -0.0618 -0.2741
vn 0.9179 -0.3626 -0.1614
vn 0.9540 -0.0681 -0.2920
vn 0.8446 -0.4097 -0.3446
vn 0.4620 -0.8633 -0.2033
vn 0.1268 -0.6931 0.7096
vn 0.1796 -0.9837 0.0060
vn -0.0031 -0.6165 0.7874
vn -0.5015 0.5380 0.6775
vn 0.0236 0.0736 0.9970
vn -0.5783 0.4238 0.6971
vn -0.4450 0.8040 0.3945
vn -0.2325 -0.1813 0.9555
vn -0.8655 -0.3476 0.3608
vn -0.5015 0.7420 0.4449
vn -0.0973 -0.5562 0.8253
vn -0.0385 -0.4349 0.8997
vn -0.0776 -0.5448 0.8349
vn -0.4561 0.4812 0.7486
vn -0.1321 0.2293 0.9644
vn -0.1251 0.2277 0.9657
vn -0.0470 -0.5436 0.8380
vn 0.3541 0.0033 0.9352
vn 0.4178 -0.6961 0.5839
vn -0.1208 0.2270 0.9664
vn 0.6472 0.4787 0.5934
vn 0.2184 0.7482 0.6265
vn 0.1401 0.5729 0.8075
vn -0.5285 0.3620 0.7679
vn -0.1155 0.1767 0.9775
vn -0.1168 0.1621 0.9798
vn 0.0766 0.6097 0.7889
vn 0.6548 0.7137 0.2487
vn -0.7701 -0.2686 0.5786
vn -0.5881 0.8008 0.1139
vn -0.4926 0.8675 0.0689
vn -0.2608 -0.1745 0.9495
vn -0.4966 0.4479 0.7435
vn -0.4389 0.4359 0.7857
vn 0.0195 -0.7072 0.7067
vn -0.0113 -0.5502 0.8349
vn 0.1264 0.6884 0.7143
vn 0.4281 0.7641 0.4826
vn -0.4419 0.8939 0.0750
vn 0.0501 0.6746 0.7365
vn 0.4765 0.7252 0.4971
vn 0.0216 -0.6324 0.7743
vn -0.0174 -0.6475 0.7618
vn -0.1062 0.1853 0.9769
vn 0.0151 -0.9308 -0.3652
vn 0.0069 -0.6149 0.7885
vn 0.1006 -0.9708 -0.2179
vn 0.0815 -0.9956 0.0462
vn -0.0857 -0.6872 -0.7214
vn -0.1112 -0.7798 -0.6161
vn -0.0509 -0.7974 -0.6013
vn -0.0600 -0.7955 -0.6029
vn -0.0557 -0.8071 -0.5878
vn -0.0564 -0.8239 -0.5640
vn -0.0562 -0.8113 -0.5820
vn -0.0700 -0.8135 -0.5773
vn 0.0198 -0.9567 -0.2906
vn 0.0005 -0.9463 -0.3232
vn 0.0364 -0.6983 0.7148
vn 0.0406 -0.9919 -0.1203
vn 0.0369 -0.9672 -0.2512
vn -0.0397 -0.8186 -0.5729
vn 0.0066 -0.6196 0.7849
vn -0.0566 -0.3904 0.9189
vn -0.0949 0.1922 0.9768
vn 0.0697 0.6880 0.7223
vn -0.0204 -0.4649 0.8851
vn 0.0234 -0.9951 -0.0965
vn -0.0533 -0.8228 -0.5659
vn 0.0050 -0.9990 -0.0453
vn -0.0560 -0.8319 -0.5521
vn -0.0600 -0.8128 -0.5794
vn -0.0550 -0.8123 -0.5806
vn -0.0593 -0.8120 -0.5806
vn -0.0727 -0.8013 -0.5938
vn -0.7789 -0.6136 -0.1296
vn -0.5507 -0.7850 -0.2838
vn -0.0655 -0.8110 -0.5814
vn -0.0991 -0.7920 -0.6024
vn -0.0593 -0.8105 -0.5828
vn -0.0612 -0.8074 -0.5868
vn -0.5882 -0.7715 -0.2426
vn -0.0810 -0.8050 -0.5878
vn -0.7152 -0.1344 0.6859
vn -0.5788 0.1069 0.8084
vn -0.0735 -0.8393 -0.5387
vn -0.4830 -0.8213 -0.3037
vn -0.1294 0.1178 0.9846
vn -0.5781 -0.4056 0.7080
vn -0.1449 -0.8458 0.5135
vn -0.0046 -0.9998 -0.0217
vn -0.0596 -0.3193 0.9458
vn 0.0875 0.6245 0.7761
vn -0.0315 -0.4515 0.8917
vn -0.0565 -0.8392 -0.5410
vn -0.1003 0.1890 0.9768
vn -0.5023 0.4702 0.7257
vn -0.5017 0.4726 0.7245
vn -0.4400 0.8980 0.0040
vn -0.5096 0.8596 0.0373
vn -0.5225 0.3725 0.7670
vn 0.4720 0.7628 0.4419
vn 0.2306 0.7701 0.5947
vn 0.6523 0.7397 0.1654
vn 0.6798 0.5074 0.5296
vn 0.1405 0.6070 0.7821
vn 0.0323 -0.4428 0.8960
vn -0.6441 0.0530 0.7631
vn 0.3740 0.0187 0.9272
vn -0.6273 0.0089 0.7787
vn -0.1167 0.2056 0.9716
vn -0.0016 -0.5483 0.8363
vn 0.4655 -0.6930 0.5506
vn -0.1057 0.2072 0.9726
vn -0.0010 -0.5499 0.8352
vn -0.0601 -0.5715 0.8184
vn -0.2704 -0.2759 0.9224
vn -0.0998 0.2073 0.9732
vn -0.1215 0.1670 0.9784
vn -0.1001 0.2099 0.9726
vn -0.1192 0.1928 0.9740
vn -0.1327 0.3652 0.9214
vn -0.3396 0.2581 0.9045
vn -0.1229 0.1416 0.9823
vn -0.1041 0.2052 0.9732
vn -0.6888 0.5235 0.5015
vn -0.7542 0.5119 0.4112
vn -0.2558 0.6093 0.7506
vn -0.1572 0.0866 0.9838
vn 0.1788 0.8535 0.4895
vn 0.1018 0.7845 0.6117
vn 0.0825 0.9697 0.2301
vn 0.1988 0.9626 0.1842
vn -0.1654 0.9776 0.1301
vn -0.9253 0.3358 0.1765
vn -0.8075 0.5859 0.0680
vn -0.8107 0.5850 -0.0241
vn -0.2535 0.9673 -0.0074
vn -0.2742 0.9551 -0.1117
vn 0.0904 0.9641 0.2496
vn 0.2039 0.8513 0.4834
vn 0.3097 0.6103 0.7291
vn 0.0946 0.6193 0.7795
vn -0.5492 0.5839 0.5979
vn -0.6374 0.4310 0.6387
vn -0.6766 0.5544 0.4846
vn -0.4577 0.7308 0.5064
vn -0.0779 0.9025 0.4236
vn 0.2886 0.8214 0.4919
vn -0.0721 0.9093 0.4098
vn 0.4272 0.6815 0.5942
vn 0.6020 0.4552 0.6561
vn 0.3336 0.5369 0.7749
vn 0.4106 0.3585 0.8384
vn -0.0546 0.3984 0.9156
vn -0.4646 0.4987 0.7317
vn -0.2433 0.0627 0.9679
vn -0.0477 -0.0505 0.9976
vn 0.1106 0.1275 0.9856
vn -0.1045 0.1694 0.9800
vn -0.2052 0.2888 0.9351
vn -0.0921 0.1444 0.9852
vn 0.4708 0.0569 0.8804
vn -0.1166 0.2189 0.9688
vn 0.2655 0.1581 0.9511
vn 0.9329 -0.0074 0.3600
vn 0.9885 -0.0460 0.1442
vn 0.9653 -0.0682 0.2522
vn 0.4188 0.0427 0.9071
vn 0.7340 0.5628 0.3802
vn 0.3116 0.4671 0.8275
vn -0.1950 0.5844 0.7877
vn -0.4156 0.7082 0.5707
vn -0.5072 0.4867 0.7113
vn 0.4249 0.8867 0.1821
vn -0.6287 0.5878 0.5092
vn 0.9861 -0.0404 -0.1610
vn 0.9879 -0.0729 -0.1370
vn 0.9669 -0.0701 -0.2455
vn -0.3038 0.6648 0.6825
vn 0.4107 0.1172 0.9042
vn -0.1015 0.1186 0.9877
vn -0.1077 0.1194 0.9870
vn -0.1188 0.2210 0.9680
vn -0.1282 0.2233 0.9663
vn -0.1086 0.2116 0.9713
vn -0.1175 0.2116 0.9703
vn -0.1030 0.1315 0.9859
vn -0.0980 0.2620 0.9601
vn 0.1783 0.5795 0.7952
vn -0.0403 -0.4080 0.9121
vn 0.3546 0.0279 0.9346
vn 0.3274 -0.4718 0.8187
vn 0.0122 -0.6955 0.7184
vn 0.7597 0.5432 0.3574
vn 0.1538 0.6238 0.7663
vn -0.6156 0.3303 0.7155
vn -0.1492 0.1891 0.9706
vn -0.5530 0.7298 0.4020
vn -0.4929 0.7975 0.3479
vn -0.8547 -0.4165 0.3099
vn -0.2525 -0.1808 0.9506
vn -0.5059 0.5315 0.6794
vn -0.4762 0.4875 0.7318
vn -0.0709 -0.5682 0.8198
vn -0.0108 -0.4261 0.9046
vn 0.1407 0.7786 0.6115
vn 0.4576 0.7600 0.4615
vn -0.4165 0.9076 0.0532
vn 0.4705 0.7298 0.4960
vn 0.1094 0.6355 0.7643
vn 0.2873 0.0629 0.9558
vn 0.5817 0.5397 0.6085
vn 0.4481 -0.6638 0.5989
vn -0.0249 -0.4143 0.9098
vn -0.0998 0.2043 0.9738
vn -0.1020 0.2052 0.9734
vn 0.0167 -0.6993 0.7146
vn -0.1023 0.2032 0.9738
vn -0.5451 0.8368 0.0516
vn -0.5739 0.8161 -0.0677
vn -0.7602 0.5256 0.3818
vn -0.5800 -0.0197 0.8144
vn -0.9084 -0.3417 0.2409
vn -0.9203 0.3881 0.0492
vn -0.9784 -0.1029 -0.1793
vn -0.8066 0.3594 -0.4693
vn -0.8785 -0.2622 -0.3995
vn -0.7069 -0.1955 -0.6797
vn -0.9294 -0.2201 -0.2963
vn -0.7319 -0.1854 -0.6557
vn -0.4596 -0.5701 -0.6810
vn -0.9331 -0.3555 0.0548
vn -0.0664 -0.8204 -0.5679
vn -0.8907 -0.2139 0.4011
vn -0.8868 -0.1656 0.4315
vn -0.8938 -0.1287 0.4297
vn -0.6008 -0.0568 0.7974
vn -0.5520 0.7278 0.4069
vn -0.8447 -0.4294 0.3195
vn -0.0712 -0.8060 -0.5877
vn -0.0180 -0.6433 0.7654
vn 0.0969 -0.9941 0.0492
vn -0.0052 -0.6369 0.7709
vn 0.0081 -0.6268 0.7791
vn 0.1358 -0.9900 0.0369
vn 0.1048 -0.9936 0.0426
vn 0.4805 0.6902 0.5410
vn -0.4088 0.9045 0.1216
vn 0.9419 -0.2945 0.1613
vn 0.9964 -0.0478 -0.0705
vn 0.5864 -0.6842 0.4337
vn 0.8417 0.4571 -0.2875
vn 0.9461 0.1374 -0.2934
vn 0.4961 -0.2456 0.8328
vn 0.6350 -0.6481 0.4204
vn 0.2292 0.2154 0.9492
vn 0.4111 -0.1064 0.9053
vn 0.9458 0.2198 0.2390
vn 0.5775 -0.7903 0.2046
vn -0.1780 -0.8285 0.5310
vn -0.4737 -0.5298 0.7035
vn -0.1874 -0.9375 0.2934
vn 0.6288 -0.7617 0.1562
vn -0.8852 -0.4158 0.2087
vn 0.0071 -0.9887 0.1497
vn -0.8799 -0.4128 0.2354
vn -0.8907 -0.3620 -0.2750
vn -0.9260 -0.3542 -0.1305
vn -0.8569 -0.4673 0.2178
vn -0.8583 -0.4511 0.2446
vn -0.7413 -0.6053 -0.2899
vn -0.4556 -0.3686 -0.8103
vn -0.7268 -0.2305 -0.6470
vn -0.3572 -0.1948 -0.9135
vn -0.6254 -0.1389 -0.7679
vn -0.8616 -0.4568 -0.2215
vn -0.8172 -0.4796 -0.3196
vn -0.6211 -0.0098 -0.7837
vn -0.3045 0.1800 -0.9354
vn -0.2433 -0.0538 -0.9685
vn 0.1183 0.2536 -0.9601
vn 0.0187 -0.0169 -0.9997
vn 0.6886 0.1647 -0.7062
vn 0.1247 0.6489 -0.7506
vn 0.8243 0.2919 -0.4852
vn 0.8104 0.4829 -0.3316
vn 0.1461 0.9157 -0.3743
vn -0.3870 0.5896 -0.7090
vn 0.7822 0.6223 -0.0294
vn -0.3184 0.9040 -0.2854
vn 0.1846 0.9775 0.1024
vn -0.2429 0.9630 0.1166
vn -0.8187 0.5505 -0.1633
vn -0.7980 0.6026 -0.0097
vn 0.2030 0.8077 0.5536
vn -0.0889 0.7895 0.6073
vn -0.5975 0.5962 0.5362
vn -0.8745 0.2721 0.4015
vn -0.7320 -0.0775 0.6769
vn -0.4435 0.3802 0.8116
vn -0.1391 0.5009 0.8543
vn -0.8226 -0.1391 0.5513
vn -0.4474 0.3277 0.8322
vn -0.9511 -0.2148 0.2220
vn -0.7594 -0.5866 0.2816
vn -0.7446 -0.6199 0.2476
vn -0.9789 -0.1706 0.1124
vn -0.8947 -0.1323 -0.4265
vn -0.8117 0.3289 -0.4827
vn -0.8174 -0.0752 0.5711
vn -0.2834 -0.9123 -0.2955
vn -0.7477 -0.5518 -0.3695
vn -0.7448 -0.1430 0.6518
vn -0.2475 0.1520 0.9569
vn -0.4049 0.3064 0.8615
vn 0.0347 0.1287 0.9911
vn 0.1320 0.2242 0.9656
vn -0.0817 0.2410 0.9671
vn -0.4123 -0.3616 0.8362
vn 0.1962 0.0195 0.9804
vn 0.1880 0.0524 0.9808
vn 0.3720 -0.4403 0.8172
vn 0.5352 0.1399 0.8331
vn 0.4499 -0.2071 0.8687
vn 0.7897 -0.4893 0.3702
vn 0.8759 -0.0934 -0.4734
vn 0.3360 -0.8776 -0.3418
vn 0.0001 -0.3502 -0.9367
vn 0.3055 -0.8995 -0.3124
vn 0.3451 -0.4548 0.8210
vn 0.0887 -0.6577 0.7480
vn -0.3290 -0.4536 0.8282
vn -0.4286 -0.7666 -0.4781
vn -0.3832 -0.8927 -0.2373
vn -0.0148 -0.3798 -0.9250
vn 0.0265 -0.3795 -0.9248
vn -0.5587 -0.6427 -0.5242
vn 0.1251 -0.4763 -0.8703
vn 0.3901 -0.7176 -0.5769
vn 0.1528 -0.4946 -0.8556
vn 0.0666 -0.4030 -0.9128
vn 0.7406 -0.1076 -0.6632
vn 0.6182 0.3347 0.7112
vn 0.5361 0.4076 0.7392
vn 0.7334 -0.1952 -0.6511
vn 0.9981 0.0246 0.0573
vn 0.4177 -0.7352 -0.5338
vn 0.9021 0.4314 -0.0103
vn 0.5783 0.5653 0.5882
vn 0.9745 -0.2203 -0.0430
vn 0.5673 -0.8235 0.0026
vn 0.4653 0.4845 0.7408
vn 0.5978 -0.8008 -0.0367
vn 0.1723 0.5727 0.8015
vn 0.1346 0.4157 0.8995
vn 0.1337 0.3343 0.9329
vn -0.2301 0.3848 0.8939
vn -0.0381 0.3417 0.9391
vn 0.6571 0.6699 0.3456
vn 0.9712 0.2193 -0.0931
vn 0.9749 0.0785 -0.2081
vn 0.9776 0.1689 -0.1259
vn 0.8543 0.4670 -0.2281
vn 0.8260 0.5101 -0.2398
vn 0.9771 0.1929 -0.0893
vn 0.8430 0.2711 -0.4645
vn 0.9111 0.2202 -0.3485
vn 0.4629 0.0543 -0.8847
vn 0.3726 -0.0537 -0.9264
vn -0.0555 -0.1747 -0.9831
vn -0.1352 -0.3022 -0.9436
vn -0.0452 -0.3458 -0.9372
vn 0.3692 -0.1990 -0.9078
vn 0.0142 -0.5130 -0.8583
vn -0.0487 -0.4407 -0.8963
vn -0.4152 -0.8489 -0.3271
vn 0.0082 -0.5682 -0.8228
vn -0.3227 -0.9003 -0.2923
vn 0.2083 -0.8693 -0.4483
vn 0.3708 -0.5705 0.7329
vn -0.0309 -0.8979 0.4390
vn 0.2523 -0.8568 -0.4497
vn 0.1754 0.2264 0.9581
vn -0.3700 -0.3090 0.8762
vn 0.4481 -0.5530 0.7025
vn 0.2142 0.2283 0.9497
vn 0.7319 -0.3807 0.5652
vn 0.5433 -0.6796 -0.4929
vn 0.9497 0.0538 0.3086
vn 0.4222 -0.3639 -0.8303
vn -0.2127 -0.2317 0.9492
vn 0.2240 0.1832 0.9572
vn 0.0271 0.9550 0.2954
vn 0.0712 0.3234 0.9436
vn 0.1933 0.4301 0.8819
vn -0.2417 0.9528 0.1838
vn -0.0799 0.9191 -0.3859
vn 0.3569 0.9031 0.2387
vn 0.1899 0.9114 -0.3652
vn 0.1838 0.5018 -0.8452
vn 0.6360 0.6790 -0.3666
vn -0.0422 0.5307 -0.8465
vn -0.2849 0.6244 -0.7273
vn -0.2018 -0.0280 -0.9790
vn -0.0332 -0.0084 -0.9994
vn 0.1087 -0.0120 -0.9940
vn 0.0378 -0.1423 -0.9891
vn -0.0630 -0.1445 -0.9875
vn -0.0195 -0.5264 -0.8500
vn -0.0011 -0.5413 -0.8408
vn -0.1960 -0.1552 -0.9682
vn 0.2224 -0.9587 -0.1773
vn -0.2866 -0.4347 -0.8538
vn 0.3468 -0.8825 -0.3175
vn 0.2273 -0.7489 0.6224
vn 0.7145 -0.5198 -0.4684
vn -0.4556 -0.4352 -0.7765
vn 0.7715 -0.4727 0.4258
vn 0.8393 -0.2842 0.4635
vn 0.9761 -0.0941 0.1957
vn 0.3088 -0.5618 0.7675
vn 0.9720 -0.1821 0.1482
vn 0.0356 -0.5866 0.8091
vn 0.0402 -0.6297 0.7758
vn 0.4806 -0.5387 0.6920
vn 0.0705 -0.3665 0.9278
vn 0.8951 -0.2269 0.3839
vn 0.7029 -0.0267 0.7108
vn 0.3553 -0.1863 0.9160
vn -0.2179 0.3744 0.9013
vn -0.3892 -0.3122 0.8666
vn -0.6372 0.7140 0.2902
vn -0.0253 0.2795 0.9598
vn -0.7506 0.3826 0.5387
vn -0.8801 0.4052 0.2477
vn -0.9894 0.1452 -0.0030
vn -0.8886 0.2097 0.4081
vn -0.2062 0.4307 0.8786
vn 0.5224 0.3684 0.7690
vn -0.2669 0.4475 0.8535
vn 0.2654 0.1866 0.9459
vn 0.8263 0.2534 0.5030
vn -0.8789 0.0737 0.4713
vn -0.3862 -0.1920 0.9022
vn -0.2105 0.0251 0.9773
vn 0.6742 -0.2882 0.6800
vn -0.5750 -0.6459 0.5021
vn 0.7069 -0.4937 0.5065
vn 0.9928 0.0056 0.1197
vn 0.9917 -0.0603 0.1136
vn 0.9798 -0.0189 0.1989
vn 0.9889 -0.1402 0.0500
vn 0.6998 -0.6210 0.3529
vn -0.6042 -0.7789 0.1681
vn 0.5917 -0.8052 0.0402
vn 0.4424 -0.5534 -0.7057
vn -0.3646 -0.7651 -0.5308
vn -0.5134 -0.4605 -0.7241
vn -0.8976 -0.1563 -0.4122
vn -0.9182 -0.2920 -0.2678
vn -0.9809 -0.1609 0.1093
vn -1.0000 0.0046 -0.0036
vn -0.9193 -0.0060 -0.3935
vn -0.9682 0.2343 -0.0880
vn -0.9349 0.1210 -0.3336
vn -0.5609 -0.1587 -0.8126
vn -0.5527 -0.0556 -0.8315
vn -0.7172 0.2029 -0.6666
vn -0.6833 0.6758 -0.2764
vn -0.2679 0.8893 -0.3708
vn -0.6550 0.0689 0.7525
vn -0.4034 -0.5223 0.7513
vn -0.8309 -0.2724 0.4852
vn -0.3874 -0.5170 0.7633
vn -0.7974 -0.3372 0.5004
vn -0.9604 -0.0845 0.2656
vn -0.9589 -0.1298 0.2522
vn -0.9759 -0.0840 0.2016
vn -0.9792 -0.0386 0.1994
vn -0.6395 0.2362 0.7316
vn -0.6188 0.0095 0.7855
vn -0.3257 0.4209 0.8466
vn -0.4119 -0.4736 0.7785
vn -0.7605 -0.4982 0.4166
vn 0.2488 0.1124 0.9620
vn 0.4683 0.4335 0.7699
vn 0.7098 -0.1543 0.6873
vn 0.8820 0.2017 0.4259
vn 0.9924 -0.1204 0.0242
vn 0.5790 -0.6627 0.4749
vn 0.9154 -0.2518 -0.3142
vn 0.3427 -0.9001 0.2689
vn 0.4290 -0.8524 -0.2989
vn -0.6541 -0.7007 0.2850
vn -0.9762 -0.1545 0.1519
vn -0.6907 -0.4949 -0.5273
vn -0.2892 -0.8379 -0.4629
vn 0.2818 -0.4665 -0.8385
vn 0.3692 -0.3902 -0.8435
vn 0.8484 -0.0735 -0.5242
vn 0.4233 -0.1432 -0.8946
vn -0.7895 -0.4786 -0.3843
vn -0.5778 -0.7269 -0.3711
vn 0.1629 -0.5090 -0.8452
vn -0.9503 -0.2229 0.2173
vn -0.6558 -0.5905 0.4703
vn -0.2660 -0.7156 0.6458
vn -0.1816 -0.9828 -0.0348
vn 0.0466 -0.5025 -0.8633
vn 0.0356 -0.9952 -0.0913
vn 0.0093 -0.7515 0.6597
vn 0.4529 -0.0288 -0.8911
vn 0.8745 0.0453 -0.4830
vn 0.5521 0.2057 -0.8080
vn 0.8918 0.1928 -0.4092
vn 0.9410 0.2795 -0.1905
vn 0.9708 0.1873 -0.1496
vn 0.8401 0.4933 0.2256
vn 0.7599 0.6490 -0.0371
vn 0.8024 0.4438 0.3990
vn 0.9221 0.2641 0.2827
vn 0.1853 0.4377 0.8798
vn 0.3858 0.4616 0.7988
vn 0.9916 0.0606 -0.1139
vn -0.0424 0.6498 0.7589
vn -0.0226 0.1681 0.9855
vn 0.2341 0.1710 0.9571
vn -0.3610 0.6336 0.6843
vn -0.1646 0.9768 0.1371
vn 0.3773 0.6800 0.6287
vn 0.1719 0.9838 0.0508
vn -0.0979 0.7618 -0.6404
vn 0.2382 0.6742 -0.6991
vn 0.7060 0.7014 -0.0984
vn 0.6607 0.4031 -0.6332
vn 0.9239 0.3444 -0.1668
vn 0.7962 0.5441 0.2645
vn 0.9450 0.3241 -0.0441
vn 0.8361 0.3462 0.4255
vn 0.8914 0.2280 -0.3917
vn 0.9753 0.2207 -0.0085
vn 0.7858 0.2353 0.5720
vn 0.8847 0.1242 0.4493
vn 0.9920 0.1121 -0.0579
vn 0.3439 0.1141 0.9321
vn 0.4397 0.0859 0.8940
vn 0.9944 -0.0551 0.0901
vn 0.8418 0.0277 0.5391
vn 0.6891 -0.3409 0.6395
vn 0.7145 -0.6590 0.2349
vn 0.9298 -0.0370 -0.3662
vn 0.6550 -0.7554 -0.0192
vn -0.6482 -0.7191 0.2505
vn -0.3231 -0.7055 0.6307
vn -0.9755 -0.1296 0.1776
vn -0.5706 -0.2603 0.7789
vn 0.2480 -0.1935 0.9492
vn -0.9807 -0.1621 0.1094
vn -0.9634 -0.1790 0.1997
vn -0.5643 -0.0625 0.8232
vn -0.3537 0.0333 0.9348
vn -0.9609 -0.2671 0.0734
vn -0.9533 -0.2290 0.1970
vn -0.7575 -0.5235 0.3900
vn -0.9366 -0.3370 0.0959
vn -0.3469 -0.7457 0.5689
vn -0.2228 -0.9351 0.2755
vn -0.7986 -0.4824 0.3598
vn -0.6009 -0.7960 0.0723
vn -0.0696 -0.8037 -0.5910
vn -0.3687 -0.5188 -0.7713
vn 0.2181 -0.0526 -0.9745
vn 0.4760 -0.0084 -0.8794
vn -0.7163 -0.3197 -0.6202
vn -0.5499 -0.3321 -0.7664
vn -0.4468 -0.8900 0.0906
vn -0.1627 -0.6629 -0.7308
vn 0.4250 -0.1083 -0.8987
vn 0.5914 -0.6141 -0.5227
vn 0.5031 0.2440 -0.8291
vn 0.8288 0.1358 -0.5429
vn 0.0907 -0.0052 -0.9959
vn 0.1148 0.2491 -0.9616
vn 0.2560 0.3171 -0.9132
vn 0.5540 0.2620 -0.7902
vn -0.0293 0.3302 -0.9435
vn -0.3573 0.2611 -0.8967
vn -0.0581 0.2492 -0.9667
vn -0.0143 -0.0253 -0.9996
vn -0.0844 -0.0438 -0.9955
vn -0.3679 0.1788 -0.9125
vn 0.3917 -0.5657 -0.7256
vn -0.4374 -0.0327 -0.8987
vn 0.5431 -0.3066 -0.7817
vn -0.4827 -0.0716 -0.8729
vn 0.6250 -0.7450 0.2331
vn 0.7245 -0.1501 -0.6728
vn 0.9847 -0.1559 0.0778
vn -0.0232 -0.9643 0.2637
vn 0.0056 -0.8161 0.5779
vn 0.6884 -0.5855 0.4282
vn 0.0701 -0.7726 -0.6310
vn 0.0646 -0.8689 0.4908
vn 0.6773 -0.5711 0.4638
vn 0.9737 -0.1147 0.1969
vn 0.9896 -0.0587 0.1313
vn 0.9275 -0.0228 0.3730
vn 0.9390 -0.0443 0.3409
vn 0.4935 -0.1318 0.8597
vn -0.3435 0.0443 0.9381
vn -0.3960 0.0521 0.9168
vn 0.2522 0.0451 0.9666
vn 0.1536 -0.3507 0.9238
vn 0.7088 0.0997 0.6983
vn -0.3987 0.0193 0.9169
vn -0.8980 0.0158 0.4396
vn -0.8873 -0.1706 0.4284
vn -0.4594 -0.5845 0.6688
vn -0.3076 -0.3746 0.8746
vn 0.2309 -0.1185 0.9657
vn -0.5882 -0.7640 0.2651
vn 0.6485 -0.4839 0.5876
vn 0.6882 -0.6391 0.3434
vn 0.9776 -0.0130 0.2102
vn 0.9933 -0.0647 0.0955
vn 0.9945 -0.1026 0.0197
vn 0.9952 -0.0851 0.0492
vn 0.6548 -0.7404 0.1519
vn 0.5694 -0.7836 -0.2485
vn -0.6560 -0.7488 -0.0945
vn 0.4107 -0.2219 -0.8843
vn -0.4187 -0.5435 -0.7275
vn -0.5820 -0.1678 -0.7957
vn -0.9289 -0.1780 -0.3248
vn -0.8756 -0.0172 -0.4827
vn -0.9856 -0.1691 -0.0010
vn -0.9979 -0.0374 -0.0536
vn -0.9262 0.1010 -0.3633
vn -0.9923 0.0981 0.0754
vn -0.9134 0.1985 0.3554
vn -0.9809 0.1924 0.0296
vn -0.7729 0.1242 0.6223
vn -0.3143 0.1545 0.9367
vn -0.7625 0.4039 0.5054
vn 0.0437 -0.4167 0.9080
vn -0.8578 0.5128 0.0361
vn -0.5294 0.7112 -0.4626
vn -0.8484 0.2710 -0.4546
vn -0.4816 0.8657 0.1362
vn -0.9744 0.1803 -0.1346
vn -0.6650 0.1455 -0.7326
vn -0.6629 0.1055 -0.7413
vn -0.3130 -0.5767 0.7546
vn -0.5066 -0.2014 0.8383
vn -0.3936 -0.7506 0.5308
vn 0.3045 0.0982 0.9474
vn -0.2332 0.5650 0.7915
vn -0.2282 0.3826 0.8953
vn -0.0035 0.3856 0.9227
vn -0.4615 0.5498 0.6962
vn -0.2470 0.9422 0.2263
vn 0.1028 0.6441 0.7580
vn 0.1138 0.9598 0.2565
vn 0.4384 0.5976 -0.6713
vn 0.6581 0.7222 0.2129
vn 0.0470 0.6579 -0.7517
vn -0.4555 0.6170 -0.6417
vn -0.1757 0.0526 -0.9830
vn 0.1970 0.1349 -0.9711
vn 0.4653 0.1545 -0.8715
vn 0.3285 0.0728 -0.9417
vn 0.1768 0.0545 -0.9827
vn 0.1921 -0.0300 -0.9809
vn -0.0067 -0.1172 -0.9931
vn -0.1388 -0.0339 -0.9897
vn 0.2659 -0.5391 -0.7992
vn -0.2804 -0.1939 -0.9401
vn 0.2981 -0.5873 -0.7525
vn 0.3544 -0.8874 0.2948
vn 0.5672 -0.3122 -0.7621
vn -0.3571 -0.2587 -0.8975
vn 0.8637 -0.4122 0.2899
vn 0.9971 -0.0453 0.0614
vn 0.8114 -0.1814 0.5557
vn 0.9287 0.0267 0.3699
vn 0.2840 -0.6229 0.7289
vn -0.0737 -0.7233 0.6866
vn -0.0785 -0.7475 0.6596
vn 0.4868 -0.4939 0.7205
vn -0.1440 -0.3006 0.9428
vn 0.5056 0.0883 0.8583
vn 0.8620 -0.0748 0.5014
vn 0.1034 -0.1677 0.9804
vn -0.4794 0.2571 0.8391
vn -0.5801 -0.3855 0.7175
vn -0.7161 0.4109 0.5642
vn -0.4060 0.2040 0.8908
vn -0.8644 0.2343 0.4449
vn -0.8808 0.2739 0.3863
vn -0.9933 0.0710 -0.0908
vn -0.9853 -0.0150 0.1702
vn -0.5035 0.2082 0.8386
vn 0.4026 0.1901 0.8954
vn -0.4665 -0.0595 0.8825
vn 0.2729 -0.1196 0.9546
vn 0.7155 0.1029 0.6909
vn -0.9447 -0.3050 0.1201
vn -0.5481 -0.6443 0.5333
vn -0.1988 -0.3936 0.8975
vn 0.5691 -0.3087 0.7621
vn -0.5920 -0.7928 0.1448
vn 0.6400 -0.5712 0.5139
vn 0.9449 0.1304 0.3001
vn 0.9226 0.0907 0.3750
vn 0.9557 0.0444 0.2909
vn 0.9540 -0.1788 -0.2407
vn 0.6460 -0.7632 0.0147
vn -0.5619 -0.6571 -0.5025
vn 0.2313 -0.5597 -0.7957
vn 0.2270 -0.3491 -0.9092
vn -0.3678 -0.4047 -0.8372
vn -0.3930 -0.3118 -0.8651
vn -0.6772 -0.1854 -0.7121
vn -0.7173 -0.3072 -0.6254
vn -0.9099 -0.2972 -0.2892
vn -0.9228 -0.1574 -0.3516
vn -0.8169 -0.0526 -0.5743
vn -0.9859 0.1293 -0.1062
vn -0.9298 0.0635 -0.3625
vn -0.4715 -0.1106 -0.8749
vn -0.5259 -0.0608 -0.8484
vn -0.7813 0.1145 -0.6135
vn -0.8716 0.4747 0.1221
vn -0.5331 0.8361 0.1295
vn -0.7004 0.0289 0.7132
vn -0.5766 -0.6390 0.5091
vn -0.9347 -0.3167 0.1611
vn -0.5546 -0.6748 0.4870
vn -0.8604 -0.4941 0.1251
vn -0.9758 -0.2189 -0.0027
vn -0.9563 -0.2847 -0.0665
vn -0.9531 -0.2908 -0.0833
vn -0.9567 -0.2907 0.0109
vn -0.7260 0.1219 0.6768
vn -0.6004 -0.5045 0.6205
vn -0.3910 -0.0171 0.9202
vn -0.3878 -0.7756 0.4981
vn -0.5550 -0.8168 0.1577
vn 0.1977 -0.3601 0.9117
vn 0.6715 0.1580 0.7240
vn 0.7504 -0.4140 0.5153
vn 0.9318 0.0122 0.3628
vn 0.9874 -0.0009 0.1585
vn 0.7316 -0.5995 0.3245
vn 0.9602 -0.0005 -0.2793
vn 0.8122 -0.5834 0.0036
vn 0.8450 -0.3151 -0.4321
vn -0.1076 -0.9235 -0.3682
vn -0.8408 -0.4058 -0.3583
vn 0.0316 -0.3982 -0.9168
vn 0.5371 -0.4445 -0.7169
vn 0.7489 -0.1094 -0.6536
vn 0.8006 -0.0183 -0.5989
vn -0.0321 -0.4994 -0.8658
vn 0.2127 -0.5449 -0.8111
vn -0.8264 -0.4579 -0.3278
vn -0.4353 -0.8868 -0.1550
vn -0.2350 -0.9517 0.1976
vn 0.2202 -0.7258 -0.6517
vn 0.3352 0.0245 -0.9418
vn 0.5800 0.0408 -0.8136
vn 0.2897 -0.6754 -0.6782
vn 0.0601 -0.9556 0.2885
vn 0.6822 0.1191 -0.7214
vn 0.8898 0.0968 -0.4459
vn 0.9347 0.1965 -0.2961
vn 0.7111 0.1562 -0.6855
vn 0.7933 0.3687 -0.4845
vn 0.9330 0.3592 -0.0202
vn 0.8944 0.4067 0.1862
vn 0.9374 0.3347 0.0965
vn 0.6386 0.5348 0.5532
vn 0.5545 0.6275 0.5465
vn 0.6585 0.4272 0.6196
vn 0.8994 0.2310 0.3711
vn 0.1584 0.3506 0.9230
vn 0.3346 0.3554 0.8728
vn 0.9839 0.1691 -0.0577
vn -0.2797 0.5792 0.7657
vn -0.2766 0.4306 0.8591
vn -0.0919 0.4341 0.8962
vn -0.4240 0.5529 0.7173
vn -0.3072 0.8939 0.3264
vn 0.0430 0.6634 0.7470
vn 0.0253 0.9330 0.3591
vn -0.0333 0.7190 -0.6942
vn 0.3945 0.7380 -0.5475
vn 0.5458 0.7335 0.4052
vn 0.8562 0.4924 -0.1567
vn 0.8046 0.4859 0.3413
vn 0.3919 0.6559 0.6452
vn 0.7725 0.5603 0.2989
vn 0.4942 0.6500 0.5773
vn 0.8674 0.4675 0.1703
vn 0.9303 0.3511 -0.1061
vn 0.5742 0.5630 0.5944
vn 0.8568 0.3471 0.3813
vn 0.9572 0.2848 0.0524
vn 0.9195 0.1711 -0.3538
vn 0.9630 0.0412 -0.2662
vn 0.9785 0.1248 0.1644
vn 0.8030 -0.2422 0.5446
vn 0.8119 -0.5133 0.2780
vn 0.9005 0.1443 0.4102
vn 0.8744 -0.4752 -0.0976
vn -0.4062 -0.8930 0.1940
vn -0.2253 -0.7685 0.5989
vn -0.8860 -0.4571 0.0771
vn -0.3930 -0.6508 0.6496
vn 0.2604 -0.4137 0.8724
vn -0.9158 -0.3966 -0.0641
vn -0.9445 -0.3259 -0.0413
vn -0.7822 0.0858 0.6171
vn -0.3814 -0.2233 0.8971
vn 0.6090 0.2333 0.7581
vn 0.2287 0.4661 0.8547
vn 0.0712 0.4677 0.8810
vn -0.8064 -0.0543 0.5889
vn -0.5526 -0.4067 0.7275
vn -0.8922 -0.4431 0.0870
vn -0.4941 -0.6369 0.5919
vn -0.4992 -0.6897 0.5244
vn -0.8152 -0.5625 0.1379
vn 0.0047 -0.6754 0.7375
vn 0.1601 -0.9265 0.3405
vn -0.1421 -0.9607 0.2386
vn 0.4393 -0.8251 0.3554
vn 0.2965 -0.7799 -0.5513
vn 0.3665 -0.7247 -0.5836
vn 0.3206 -0.5521 0.7697
vn 0.8955 -0.3205 0.3087
vn 0.3624 -0.6388 -0.6787
vn 0.3639 -0.6331 -0.6832
vn -0.2096 -0.3412 -0.9163
vn -0.3446 -0.4065 -0.8462
vn 0.0767 -0.2372 -0.9684
vn 0.4482 -0.3740 -0.8119
vn 0.1830 -0.0571 -0.9814
vn 0.2172 -0.1535 -0.9640
vn -0.0712 -0.1656 -0.9836
vn -0.1848 -0.0162 -0.9826
vn -0.4432 -0.2742 -0.8535
vn -0.6507 -0.3575 -0.6699
vn -0.8372 -0.2002 -0.5089
vn -0.5672 -0.1541 -0.8091
vn -0.8486 0.0648 -0.5251
vn -0.9499 -0.0770 -0.3030
vn -0.9981 -0.0511 -0.0345
vn -0.9982 0.0590 0.0072
vn -0.8919 -0.3000 -0.3385
vn -0.9800 -0.1280 0.1520
vn -0.8679 -0.4117 -0.2781
vn -0.9207 -0.3808 0.0853
vn -0.6028 -0.7734 0.1964
vn -0.6589 -0.4423 -0.6085
vn -0.5257 -0.7948 -0.3031
vn -0.3665 -0.4577 -0.8101
vn -0.3201 -0.6008 -0.7325
vn 0.6572 -0.6076 0.4460
vn 0.2939 -0.7791 -0.5537
vn 0.1297 -0.4520 -0.8825
vn 0.9692 -0.0986 -0.2258
vn 0.9086 0.2468 0.3370
vn 0.9971 0.0569 0.0511
vn 0.8963 0.1260 0.4251
vn 0.8024 -0.0907 0.5898
vn 0.9215 0.2173 0.3217
vn 0.9385 0.2460 0.2422
vn 0.4724 -0.3855 0.7926
vn 0.8348 0.0254 0.5499
vn 0.4205 0.2039 0.8841
vn -0.4623 0.2625 0.8470
vn -0.6217 0.2294 0.7489
vn 0.1769 0.4518 0.8744
vn 0.0468 -0.0378 0.9982
vn 0.7585 0.3604 0.5429
vn -0.6872 0.0219 0.7262
vn -0.6131 -0.6551 0.4415
vn -0.4136 -0.3947 0.8204
vn 0.1019 0.0260 0.9945
vn 0.6576 -0.3325 0.6761
vn 0.6318 -0.4784 0.6099
vn -0.8694 0.2001 0.4518
vn -0.4594 0.3253 0.8265
vn -0.8385 0.2387 0.4897
vn -0.6318 0.4812 0.6077
vn -0.8507 0.4560 0.2616
vn -0.6068 0.5804 -0.5430
vn -0.6493 0.7023 0.2919
vn -0.1202 -0.1675 0.9785
vn 0.0080 -0.6161 0.7876
vn 0.1847 0.1079 -0.9769
vn 0.5492 0.1490 -0.8223
vn 0.3746 -0.0244 -0.9269
vn 0.4114 -0.0924 -0.9068
vn 0.7349 0.1006 -0.6706
vn 0.6197 -0.0601 -0.7826
vn 0.7804 -0.0129 -0.6251
vn 0.2199 -0.6170 -0.7556
vn 0.3712 -0.3700 -0.8517
vn 0.1683 -0.4908 -0.8549
vn 0.8125 -0.0785 -0.5777
vn 0.8482 -0.2553 -0.4642
vn 0.6045 -0.3894 -0.6949
vn 0.2495 -0.8221 -0.5118
vn -0.6885 -0.5680 -0.4509
vn -0.9284 -0.3669 -0.0589
vn -0.7833 -0.5416 -0.3051
vn -0.4110 -0.9091 -0.0674
vn 0.7828 0.1440 -0.6055
vn 0.0105 0.4611 0.8873
vn 0.1255 0.3744 0.9187
vn 0.1525 0.2744 0.9494
vn -0.4292 0.3350 0.8388
vn -0.6049 0.5562 0.5698
vn 0.3018 0.4772 0.8253
vn 0.2788 0.9443 0.1747
vn -0.6883 0.7114 0.1419
vn -0.8989 0.2331 0.3710
vn -0.8928 0.2127 0.3970
vn -0.8927 0.1136 0.4360
vn -0.8890 0.1169 0.4426
vn -0.8984 0.3272 -0.2931
vn -0.1444 0.4953 -0.8566
vn -0.6498 0.3078 -0.6950
vn -0.8107 0.0283 -0.5848
vn -0.9875 -0.0181 -0.1564
vn -0.9812 -0.0733 0.1784
vn -0.8459 -0.2585 -0.4664
vn -0.5050 -0.7561 -0.4162
vn -0.9684 -0.2470 0.0352
vn -0.4142 -0.8604 0.2968
vn -0.4724 0.0224 0.8811
vn -0.8681 0.0213 0.4959
vn 0.0558 -0.0204 0.9982
vn -0.0814 -0.7940 0.6025
vn -0.1586 -0.9339 -0.3205
vn -0.2171 -0.9195 -0.3278
vn -0.1608 -0.9359 -0.3135
vn -0.1024 -0.8976 0.4287
vn 0.4941 -0.6150 0.6146
vn -0.1596 -0.9270 -0.3394
vn 0.0910 -0.0290 0.9954
vn 0.0787 -0.2767 0.9577
vn 0.6374 -0.1240 0.7605
vn 0.4080 -0.2898 0.8658
vn 0.8848 -0.2468 0.3954
vn 0.9046 -0.2154 0.3678
vn 0.9068 -0.2383 0.3477
vn 0.9062 -0.2396 0.3485
vn 0.7157 -0.6953 -0.0655
vn 0.9337 -0.1579 0.3214
vn 0.9066 -0.4083 -0.1063
vn 0.9309 -0.1525 0.3318
vn 0.9503 -0.2626 -0.1674
vn 0.9638 -0.0410 0.2633
vn 0.9564 -0.0780 0.2813
vn 0.8101 0.3085 0.4985
vn 0.7745 0.1514 0.6142
vn 0.9557 0.0212 -0.2935
vn 0.7318 -0.2011 -0.6512
vn 0.6383 0.4910 -0.5929
vn 0.6001 0.1725 -0.7811
vn -0.2288 0.9728 -0.0374
vn -0.3366 0.5942 -0.7305
vn 0.2670 0.4417 -0.8565
vn -0.5059 0.5552 -0.6601
vn 0.2070 0.9126 0.3527
vn 0.5829 0.3509 -0.7328
vn 0.7670 0.3002 -0.5671
vn 0.4061 0.7434 -0.5314
vn 0.6960 -0.4855 -0.5291
vn 0.4449 -0.6978 -0.5613
vn 0.7110 0.0990 0.6962
vn 0.6043 -0.1148 0.7885
vn 0.1218 0.2142 0.9692
vn 0.0794 0.1302 0.9883
vn -0.6136 0.2615 0.7450
vn -0.2281 -0.0721 0.9710
vn 0.0181 -0.2689 0.9630
vn -0.6343 -0.0999 0.7666
vn -0.8718 0.0114 0.4898
vn -0.8865 0.0261 0.4620
vn -0.8833 0.0295 0.4679
vn -0.1836 0.4242 0.8868
vn -0.0768 0.3170 0.9453
vn -0.0425 0.2557 0.9658
vn -0.6254 0.1390 0.7678
vn -0.7485 0.3936 0.5336
vn -0.0250 0.3118 0.9498
vn -0.0768 0.8907 0.4481
vn 0.1067 0.9902 0.0904
vn -0.9516 -0.0011 0.3074
vn -0.8325 0.5514 0.0539
vn -0.9637 0.0053 0.2668
vn -0.9308 0.1692 -0.3239
vn -0.2255 0.5098 -0.8302
vn 0.1897 0.8574 -0.4784
vn -0.6823 0.1573 -0.7140
vn 0.7232 0.4875 -0.4891
vn 0.5786 0.4966 -0.6470
vn -0.5355 0.4704 -0.7014
vn -0.4802 0.8769 -0.0233
vn -0.3959 0.5703 -0.7197
vn 0.5256 0.6773 -0.5148
vn 0.4797 0.4557 -0.7498
vn 0.2747 0.2747 -0.9215
vn 0.5780 -0.0602 -0.8138
vn 0.8319 0.3033 -0.4648
vn 0.9963 0.0015 -0.0854
vn 0.9324 0.1665 0.3207
vn 0.6975 0.4424 0.5638
vn 0.5941 0.3463 0.7260
vn 0.9063 0.1259 0.4035
vn 0.9036 -0.0057 0.4284
vn 0.9137 0.0067 0.4063
vn 0.9005 -0.0858 0.4263
vn 0.9632 -0.2183 -0.1567
vn 0.8472 -0.5303 -0.0316
vn 0.6256 -0.5483 -0.5550
vn 0.8188 -0.2381 -0.5224
vn 0.0715 -0.9095 -0.4095
vn 0.5479 -0.5416 0.6376
vn 0.0418 -0.9335 0.3561
vn 0.0652 -0.9162 -0.3953
vn 0.0657 -0.9184 -0.3902
vn -0.3932 -0.8755 0.2808
vn -0.0045 -0.9185 -0.3954
vn 0.0292 -0.8389 0.5435
vn -0.4143 -0.1097 0.9035
vn -0.8958 -0.1665 0.4120
vn -0.8214 -0.5268 -0.2186
vn -0.0264 -0.0746 0.9969
vn -0.2686 -0.8133 -0.5162
vn -0.7255 -0.3920 -0.5656
vn -0.9384 -0.3300 -0.1022
vn -0.7620 -0.2450 -0.5995
vn -0.9082 -0.1940 0.3710
vn -0.9803 -0.1229 -0.1543
vn -0.9455 -0.0655 0.3189
vn -0.9262 -0.1140 0.3594
vn -0.9051 -0.1853 0.3826
vn -0.8923 -0.2153 0.3968
vn -0.6923 0.1206 0.7114
vn -0.0398 0.0430 0.9983
vn -0.4822 -0.2542 0.8384
vn -0.6076 -0.3104 0.7310
vn -0.0109 -0.3409 0.9400
vn 0.0021 -0.3215 0.9469
vn 0.3219 -0.2706 0.9073
vn -0.0258 -0.0820 0.9963
vn -0.0164 0.1657 0.9860
vn 0.5586 -0.0431 0.8283
vn 0.5032 0.1564 0.8499
vn 0.8742 -0.0953 0.4761
vn 0.8973 -0.0867 0.4329
vn 0.5620 -0.0454 0.8259
vn 0.8904 -0.0516 0.4522
vn -0.3977 0.4277 0.8117
vn -0.2556 0.3442 0.9034
vn -0.2294 0.2921 0.9285
vn -0.8104 0.0307 0.5851
vn -0.8638 0.2937 0.4092
vn -0.1967 0.3593 0.9123
vn -0.3804 0.8822 0.2774
vn -0.0855 0.9937 0.0730
vn -0.9793 -0.1409 0.1451
vn -0.9027 0.4228 -0.0800
vn -0.9024 -0.0019 -0.4308
vn -0.9443 -0.2397 0.2254
vn -0.9694 -0.1710 0.1761
vn -0.9534 -0.2327 0.1922
vn -0.9177 -0.3164 0.2403
vn -0.9130 -0.3199 0.2531
vn -0.8786 -0.3348 -0.3406
vn -0.8996 -0.3283 0.2881
vn -0.9060 -0.3108 0.2872
vn -0.8837 -0.4536 -0.1157
vn -0.7843 -0.5959 -0.1725
vn -0.5890 -0.5345 -0.6061
vn -0.6578 -0.3320 -0.6761
vn -0.0052 -0.8657 -0.5006
vn 0.2526 -0.8956 -0.3662
vn -0.0260 -0.9969 -0.0749
vn -0.5835 -0.1641 0.7953
vn -0.0279 -0.6333 0.7734
vn 0.2753 -0.8920 -0.3585
vn 0.1710 -0.8963 0.4092
vn 0.2749 -0.9021 -0.3328
vn 0.3139 -0.8922 -0.3248
vn 0.9226 -0.3612 0.1353
vn 0.5470 -0.3954 0.7378
vn 0.8076 -0.4483 -0.3832
vn 0.9216 -0.1836 -0.3419
vn 0.9919 -0.0473 0.1182
vn 0.8239 0.0889 0.5597
vn 0.8242 0.0883 0.5594
vn 0.9917 -0.0494 0.1191
vn 0.9905 0.1078 0.0856
vn 0.8065 0.1367 0.5752
vn 0.9224 -0.1708 -0.3465
vn 0.8907 0.1066 -0.4419
vn 0.9504 0.3111 -0.0016
vn 0.8384 0.2330 -0.4927
vn 0.8079 0.2526 0.5325
vn 0.8366 0.2947 0.4618
vn 0.9332 0.3506 -0.0787
vn 0.5244 0.7009 -0.4835
vn 0.5785 0.5519 0.6006
vn 0.6336 0.3886 -0.6690
vn 0.1829 0.5425 -0.8199
vn -0.5218 0.3693 -0.7690
vn -0.1283 0.9912 -0.0312
vn -0.3388 0.3846 -0.8587
vn 0.5910 0.5751 -0.5657
vn 0.7574 0.5656 -0.3264
vn -0.1010 0.4542 -0.8852
vn 0.2424 0.8710 -0.4273
vn -0.6105 0.0133 -0.7919
vn 0.5507 0.4384 0.7102
vn 0.3497 0.2895 0.8910
vn 0.8320 0.2218 0.5085
vn 0.8280 0.2680 0.4926
vn 0.8181 0.1310 0.5600
vn 0.7995 0.1210 0.5884
vn 0.7859 0.0691 0.6145
vn 0.2940 -0.0473 0.9546
vn 0.2660 -0.1281 0.9554
vn 0.4254 0.0671 0.9025
vn -0.2393 0.3070 0.9211
vn -0.0981 -0.3056 0.9471
vn -0.1499 -0.0516 0.9874
vn -0.1671 -0.0544 0.9844
vn -0.1049 -0.2777 0.9549
vn -0.2005 0.1082 0.9737
vn -0.8161 -0.0133 0.5777
vn -0.3997 -0.1855 0.8977
vn -0.7114 -0.3466 0.6114
vn -0.5518 0.5317 0.6425
vn -0.4310 0.4975 0.7528
vn -0.3984 0.4545 0.7967
vn -0.8685 -0.0039 0.4957
vn -0.9199 0.2903 0.2635
vn -0.3420 0.5401 0.7690
vn -0.4768 0.8762 0.0710
vn -0.3631 0.8950 -0.2591
vn -0.9481 -0.3004 0.1040
vn -0.8899 0.3138 -0.3311
vn -0.9307 -0.3308 0.1558
vn -0.7965 -0.3077 -0.5204
vn -0.9115 -0.3665 0.1864
vn -0.9009 -0.3751 0.2186
vn -0.7948 -0.5485 -0.2595
vn -0.8604 -0.4387 0.2594
vn -0.8606 -0.4326 0.2688
vn -0.8415 -0.4457 0.3052
vn -0.8598 0.0191 0.5103
vn -0.5931 -0.1579 0.7895
vn -0.6600 -0.2836 0.6957
vn -0.8742 -0.3828 0.2987
vn -0.6056 0.0226 0.7954
vn -0.7183 -0.6886 -0.0994
vn -0.5441 -0.8299 -0.1234
vn -0.1421 -0.8599 0.4904
vn -0.1842 -0.0047 0.9829
vn -0.2900 0.2104 0.9336
vn -0.2850 0.2011 0.9372
vn -0.1769 -0.0009 0.9842
vn 0.2704 -0.6904 0.6710
vn 0.1971 -0.5635 0.8023
vn 0.5017 -0.8634 -0.0526
vn 0.4781 -0.8780 -0.0218
vn 0.4876 -0.8697 -0.0770
vn 0.5156 -0.8562 -0.0339
vn 0.9074 -0.3664 -0.2057
vn 0.9255 0.0150 0.3784
vn 0.4043 -0.2220 0.8873
vn 0.3595 0.4348 0.8256
vn 0.7014 0.4049 0.5865
vn 0.6446 0.4178 0.6403
vn 0.1945 0.1967 0.9610
vn 0.2509 0.5410 0.8027
vn 0.0909 0.3943 0.9145
vn -0.3607 0.3921 0.8462
vn -0.3420 0.3063 0.8884
vn 0.7050 0.4068 0.5809
vn 0.3454 0.7218 0.5998
vn 0.6923 0.4779 0.5406
vn 0.7163 0.4107 0.5642
vn 0.7030 0.4946 0.5110
vn 0.9631 0.2023 0.1774
vn 0.9603 -0.0500 -0.2746
vn 0.9362 0.3455 0.0642
vn 0.8320 0.5420 -0.1185
vn 0.8747 0.1677 -0.4547
vn 0.6855 0.5862 0.4318
vn 0.6053 0.3373 -0.7210
vn 0.1173 0.2889 -0.9501
vn 0.4419 0.7255 -0.5275
vn 0.2837 0.8469 0.4498
vn -0.5847 0.5064 -0.6337
vn -0.4601 0.0164 -0.8877
vn -0.5710 -0.0036 -0.8210
vn 0.6050 0.5955 -0.5285
vn 0.5791 0.6115 -0.5391
vn 0.3508 0.7542 -0.5551
vn -0.0580 0.1652 -0.9846
vn -0.4157 -0.3160 -0.8529
vn -0.4601 -0.6861 -0.5635
vn -0.4195 -0.7912 -0.4451
vn 0.1524 -0.9621 -0.2262
vn 0.6903 0.5620 0.4556
vn 0.7692 -0.4370 -0.4662
vn 0.8410 -0.3465 0.4156
vn 0.7686 -0.5758 0.2788
vn 0.9967 -0.0781 -0.0230
vn 0.8476 0.0483 -0.5285
vn 0.4971 -0.8638 0.0823
vn 0.4557 -0.8220 -0.3416
vn 0.3078 -0.3063 -0.9008
vn -0.3672 -0.6978 -0.6150
vn -0.4898 -0.4629 0.7388
vn -0.4756 -0.6744 0.5647
vn -0.4261 0.2591 0.8668
vn -0.8320 -0.0169 0.5545
vn -0.8151 0.1067 0.5694
vn -0.3148 0.2437 0.9173
vn -0.8802 0.2052 0.4279
vn -0.2776 0.2707 0.9218
vn -0.2863 0.2735 0.9183
vn -0.8601 0.2376 0.4514
vn -0.3871 0.7504 0.5358
vn -0.3091 0.2769 0.9098
vn 0.0950 0.8307 0.5485
vn -0.1845 0.2321 0.9550
vn 0.3582 0.6641 0.6562
vn -0.2257 0.1966 0.9541
vn 0.5628 0.5393 -0.6265
vn 0.3492 0.5500 0.7587
vn 0.1345 0.9471 0.2913
vn -0.4087 0.4057 0.8175
vn -0.6096 0.7821 0.1297
vn -0.6371 0.3665 -0.6781
vn 0.1208 0.7373 -0.6647
vn -0.4453 -0.1463 -0.8834
vn 0.1802 0.3057 -0.9349
vn 0.6486 0.6626 0.3746
vn 0.9432 0.3200 0.0892
vn 0.1583 0.3205 -0.9339
vn 0.4633 0.0733 0.8831
vn 0.4514 0.8227 0.3456
vn 0.3064 0.2833 0.9088
vn 0.9513 0.2284 0.2070
vn 0.2260 -0.5162 0.8261
vn -0.2716 0.2632 0.9257
vn -0.4233 0.3340 0.8422
vn -0.9165 0.0019 -0.4000
vn -0.6862 -0.1021 0.7202
vn -0.9148 -0.0136 -0.4037
vn -0.7369 0.1588 -0.6571
vn -0.3704 -0.2299 -0.9000
vn -0.3773 -0.2098 -0.9020
vn -0.3920 -0.1858 -0.9010
vn -0.4051 -0.1762 -0.8971
vn -0.7643 -0.5142 -0.3891
vn -0.5926 -0.1495 -0.7915
vn -0.3057 -0.7782 -0.5486
vn -0.5209 -0.8201 -0.2368
vn -0.9661 -0.1809 -0.1840
vn -0.2950 -0.2637 -0.9184
vn 0.0210 0.4310 -0.9021
vn -0.2198 -0.3142 -0.9235
vn -0.0894 0.9732 0.2121
vn 0.3876 0.5298 -0.7544
vn 0.3207 -0.2077 -0.9241
vn -0.3719 0.2501 -0.8940
vn -0.5036 -0.1721 -0.8466
vn -0.6369 -0.1259 -0.7606
vn 0.9650 -0.0407 -0.2592
vn 0.9741 0.1027 -0.2015
vn 0.9545 0.1870 -0.2323
vn 0.7663 0.0060 -0.6424
vn 0.6333 -0.2567 -0.7301
vn 0.9905 0.0532 -0.1271
vn 0.8349 -0.5503 0.0130
vn 0.6307 -0.7122 0.3082
vn 0.1282 -0.7759 -0.6177
vn 0.3266 -0.1353 -0.9354
vn 0.3119 -0.1704 -0.9347
vn -0.1260 -0.5236 -0.8426
vn 0.3150 -0.0551 -0.9475
vn 0.3373 -0.0301 -0.9409
vn -0.3149 -0.3094 -0.8973
vn 0.3169 0.0745 -0.9455
vn 0.3392 0.1135 -0.9338
vn -0.3845 0.0621 -0.9210
vn -0.8393 -0.3124 -0.4449
vn -0.7000 -0.6907 -0.1812
vn -0.9225 0.3360 -0.1900
vn -0.8364 0.5476 -0.0243
vn -0.5898 0.7140 -0.3773
vn 0.7482 0.2596 -0.6105
vn 0.3595 0.8633 -0.3544
vn -0.8414 0.5398 -0.0251
vn -0.2134 0.9207 -0.3268
vn -0.8602 0.4976 -0.1117
vn -0.8473 0.5195 -0.1101
vn -0.8136 0.3378 0.4733
vn -0.0774 0.7461 0.6613
vn 0.2986 0.9537 -0.0359
vn -0.5893 -0.0401 0.8069
vn -0.0717 0.3402 0.9376
vn 0.0032 0.0561 0.9984
vn 0.5322 0.3693 0.7618
vn 0.5149 0.4912 0.7026
vn 0.5561 0.5081 0.6577
vn 0.5382 0.4091 0.7369
vn 0.4986 0.5935 0.6317
vn 0.5901 0.5792 0.5624
vn 0.7712 0.5563 0.3096
vn 0.8332 0.5472 0.0796
vn 0.8689 0.3975 -0.2951
vn 0.8383 0.4519 -0.3051
vn 0.8715 0.4025 -0.2800
vn 0.8432 0.4554 -0.2856
vn 0.7185 0.6183 -0.3185
vn 0.5916 0.3756 -0.7134
vn 0.6467 0.2692 -0.7137
vn 0.7302 0.4348 -0.5270
vn 0.6594 0.0333 -0.7510
vn 0.3579 0.1373 -0.9236
vn 0.9058 0.3353 -0.2590
vn 0.9622 0.1635 -0.2179
vn 0.6806 0.6485 -0.3410
vn 0.7642 0.6437 -0.0400
vn 0.7874 0.6143 0.0511
vn 0.8704 0.3808 0.3122
vn 0.5977 0.6184 0.5102
vn 0.8784 0.2854 0.3832
vn 0.8302 0.1301 0.5421
vn 0.3089 -0.9397 -0.1470
vn -0.1594 -0.5846 0.7955
vn -0.4661 -0.8845 -0.0201
vn -0.4766 -0.8649 -0.1576
vn -0.3225 -0.4818 0.8148
vn -0.1589 -0.3349 0.9287
vn -0.0430 -0.7884 0.6136
vn -0.5528 -0.7704 0.3176
vn -0.5367 -0.6878 0.4888
vn -0.5406 -0.4117 0.7336
vn 0.4302 0.4413 -0.7875
vn -0.2757 -0.0737 -0.9584
vn -0.6981 0.0361 -0.7151
vn -0.6575 -0.7529 0.0294
vn 0.7793 -0.5250 -0.3423
vn 0.9495 0.1368 -0.2823
vn 0.6557 -0.4720 0.5893
vn 0.6093 0.3388 0.7170
vn 0.1767 -0.5626 0.8076
vn -0.7088 -0.6668 0.2302
vn -0.5262 -0.4528 -0.7198
vn -0.3512 -0.9325 0.0843
vn 0.4681 -0.8728 -0.1382
vn 0.4370 -0.4079 -0.8017
vn -0.4159 -0.5031 -0.7576
vn 0.5977 -0.1708 -0.7833
vn 0.4260 -0.6118 -0.6664
vn 0.3260 -0.6279 -0.7067
vn 0.7287 -0.6072 0.3168
vn 0.4876 0.2170 -0.8457
vn -0.9005 0.2897 -0.3242
vn -0.9277 -0.2061 -0.3113
vn -0.4944 0.5882 0.6400
vn -0.6788 0.5888 0.4387
vn -0.9277 -0.3666 0.0704
vn -0.6184 0.3122 0.7212
vn -0.3800 -0.3715 0.8471
vn 0.5976 0.4591 0.6574
vn 0.8951 -0.3231 -0.3072
vn 0.6009 0.6505 0.4645
vn 0.9018 -0.3088 0.3023
vn 0.3849 0.8962 -0.2208
vn 0.6232 0.6780 -0.3898
vn -0.4740 0.0211 -0.8803
vn -0.1918 0.8859 -0.4223
vn 0.3179 0.2696 -0.9090
vn -0.4511 -0.6949 -0.5600
vn 0.5325 -0.6283 -0.5671
vn -0.6267 -0.7340 -0.2617
vn -0.7320 0.4184 -0.5377
vn 0.6764 -0.7361 -0.0256
vn 0.6836 0.3362 -0.6478
vn -0.6605 0.6603 -0.3574
vn 0.6465 0.1046 -0.7557
vn -0.8041 -0.2335 -0.5468
vn 0.2292 -0.9542 -0.1925
vn -0.4512 -0.8034 0.3885
vn -0.3109 -0.4498 -0.8373
vn -0.5342 -0.8279 0.1706
vn 0.4656 0.4242 -0.7767
vn 0.7527 -0.6529 -0.0853
vn -0.2942 -0.5531 -0.7795
vn -0.6150 -0.4785 0.6267
vn -0.7443 -0.0078 -0.6678
vn -0.4717 -0.8443 0.2542
vn 0.2870 -0.7580 -0.5858
vn -0.6851 0.2423 -0.6870
vn -0.4831 -0.1842 -0.8560
vn -0.3962 -0.1547 -0.9050
vn 0.5057 -0.0576 -0.8608
vn 0.5163 -0.7576 -0.3993
vn -0.2977 -0.9368 -0.1839
vn -0.6760 -0.7368 0.0121
vn -0.6181 -0.7592 -0.2039
vn 0.2170 -0.7673 0.6034
vn 0.6778 -0.5872 0.4426
vn -0.3650 -0.6316 0.6840
vn 0.5790 0.0862 0.8108
vn -0.6419 -0.0010 0.7668
vn 0.5821 0.1293 0.8027
vn 0.9541 0.2234 -0.1995
vn 0.9046 -0.1780 -0.3872
vn -0.2882 -0.2275 -0.9301
vn 0.4200 0.6634 -0.6193
vn 0.8133 -0.3648 -0.4533
vn -0.2558 0.1946 -0.9469
vn 0.6046 0.3674 0.7067
vn -0.6161 -0.5698 -0.5439
vn 0.9168 -0.3492 0.1940
vn -0.4566 -0.3621 -0.8126
vn -0.4381 0.3254 -0.8379
vn -0.7393 0.5407 -0.4014
vn -0.5029 -0.8607 -0.0788
vn 0.8029 -0.5294 -0.2740
vn -0.2459 -0.1167 -0.9622
vn 0.6136 0.7674 -0.1861
vn 0.4365 0.6573 -0.6144
vn 0.3769 0.9192 0.1142
vn -0.6296 0.3553 0.6909
vn -0.2593 0.9599 -0.1064
vn 0.2909 0.5830 -0.7586
vn -0.6888 0.7141 -0.1251
vn 0.6740 0.5564 -0.4859
vn 0.7418 -0.5704 -0.3527
vn 0.5938 0.4102 -0.6921
vn 0.5322 -0.2809 -0.7987
vn 0.4740 -0.2588 -0.8416
vn 0.3349 -0.2157 -0.9172
vn -0.9618 -0.2658 -0.0656
vn -0.8551 -0.0374 -0.5172
vn 0.6244 0.2225 -0.7487
vn -0.4840 -0.8729 0.0613
vn -0.6559 0.2078 0.7257
vn -0.8255 0.0230 -0.5640
vn 0.2016 -0.7783 -0.5947
vn -0.9025 0.3825 -0.1982
vn 0.4987 0.5215 -0.6923
vn -0.7394 0.1619 -0.6535
vn -0.5954 -0.6931 0.4065
vn 0.7623 -0.6350 0.1255
vn 0.3560 -0.5269 -0.7718
vn -0.4141 -0.9102 0.0009
vn -0.6141 -0.7881 0.0423
vn -0.1816 -0.9834 0.0035
vn -0.2137 -0.4554 -0.8643
vn 0.6405 -0.7651 -0.0660
vn -0.4913 -0.4913 0.7192
vn 0.0857 -0.5696 0.8174
vn 0.3274 0.3652 0.8715
vn -0.8151 0.1040 0.5699
vn -0.8360 0.1407 -0.5304
vn -0.6405 -0.6355 0.4311
vn -0.5220 -0.0813 -0.8491
vn 0.7329 -0.4672 0.4946
vn -0.3553 -0.9255 0.1311
vn 0.5934 -0.6182 -0.5154
vn 0.6299 0.3767 -0.6792
vn 0.7696 0.0258 -0.6380
vn -0.6784 -0.3735 -0.6327
vn 0.5565 -0.4283 -0.7120
vn 0.6746 -0.2335 -0.7002
vn 0.6754 -0.3926 -0.6242
vn 0.8350 -0.5496 -0.0277
vn -0.8464 -0.4906 -0.2071
vn -0.5497 -0.8057 -0.2205
vn -0.8308 0.2734 0.4849
vn -0.8259 0.4109 0.3860
vn -0.8283 0.3946 -0.3977
vn 0.3301 0.4356 0.8374
vn 0.3338 0.6474 0.6851
vn 0.2415 0.9681 -0.0674
vn 0.8601 -0.1029 0.4997
vn 0.9891 -0.0852 -0.1199
vn 0.0013 -0.5009 -0.8655
vn -0.3388 -0.7933 -0.5059
vn 0.9529 0.3030 -0.0112
vn 0.5586 -0.3628 0.7459
vn -0.4725 -0.0281 -0.8809
vn 0.5354 0.5408 -0.6487
vn 0.9311 -0.3448 -0.1193
vn -0.5060 -0.8515 -0.1373
vn 0.0070 -0.0643 -0.9979
vn -0.1225 -0.4417 -0.8888
vn -0.1574 -0.6375 -0.7542
vn 0.7489 -0.3899 -0.5358
vn -0.2128 0.0106 -0.9770
vn 0.4374 0.3772 -0.8163
vn -0.6298 0.2660 -0.7298
vn 0.5443 0.8079 -0.2260
vn 0.8959 -0.4391 0.0678
vn 0.5240 0.5344 -0.6633
vn 0.0176 -0.3889 -0.9211
vn -0.3392 -0.9407 0.0014
vn 0.6320 0.5815 -0.5123
vn -0.2915 0.8247 -0.4847
vn 0.7455 -0.2006 -0.6356
vn 0.0357 0.2952 -0.9548
vn -0.8280 -0.3714 -0.4201
vn -0.5207 0.0243 -0.8534
vn -0.6380 0.5890 -0.4960
vn 0.5289 -0.8477 -0.0420
vn 0.6065 -0.2112 -0.7665
vn 0.7249 -0.6871 -0.0495
vn 0.7070 0.0720 -0.7035
vn -0.0326 -0.4807 -0.8763
vn 0.0339 -0.5257 -0.8500
vn 0.5902 -0.4301 -0.6831
vn 0.4618 -0.4567 -0.7604
vn -0.8234 -0.5402 -0.1738
vn 0.8181 -0.5682 -0.0885
vn -0.6235 -0.4740 -0.6218
vn -0.4077 -0.8766 0.2556
vn -0.8709 0.2090 0.4448
vn -0.7378 0.3828 -0.5559
vn -0.8736 0.3223 0.3645
vn -0.5868 -0.4179 -0.6936
vn -0.8195 0.0044 0.5731
vn 0.4037 0.5300 0.7458
vn 0.1380 0.7430 0.6550
vn 0.1352 0.9827 -0.1268
vn 0.8664 0.1269 0.4830
vn -0.0365 -0.7977 -0.6020
vn -0.2073 -0.9709 0.1200
vn 0.9549 -0.0897 -0.2832
vn 0.4908 0.8203 -0.2938
vn 0.9578 -0.2548 0.1331
vn 0.1519 -0.3925 -0.9071
vn -0.6173 0.1371 -0.7747
vn -0.0619 0.0027 -0.9981
vn 0.4856 0.5297 -0.6954
vn 0.1721 -0.5832 -0.7939
vn 0.7067 -0.3142 -0.6339
vn 0.3428 0.4594 -0.8194
vn 0.6180 0.5485 -0.5632
vn -0.4106 0.7651 -0.4960
vn 0.6941 0.3115 -0.6490
vn 0.4474 -0.8737 -0.1912
vn 0.3454 -0.4595 -0.8183
vn 0.9230 0.3817 -0.0495
vn 0.6098 -0.2401 0.7553
vn 0.2859 0.3992 0.8712
vn -0.2905 -0.1629 -0.9429
vn 0.4757 0.5002 -0.7235
vn 0.9736 -0.2042 -0.1024
vn 0.0461 -0.1233 -0.9913
vn -0.3673 -0.9249 -0.0979
vn -0.4098 -0.9101 0.0607
vn 0.1774 -0.4961 0.8499
vn -0.0669 -0.9933 0.0939
vn -0.4155 -0.5180 0.7476
vn -0.8331 -0.0226 -0.5527
vn -0.5547 -0.6834 0.4746
vn -0.4864 -0.2326 -0.8422
vn 0.7889 -0.3219 0.5234
vn -0.2184 -0.9572 0.1899
vn 0.6777 -0.5577 -0.4792
vn 0.5764 0.3766 -0.7252
vn 0.7968 -0.3273 -0.5079
vn 0.4378 -0.7234 -0.5339
vn 0.2692 0.0930 -0.9586
vn 0.3371 -0.6451 -0.6857
vn 0.3192 -0.9465 -0.0468
vn 0.6542 -0.7556 -0.0328
vn 0.2800 -0.9600 -0.0048
vn 0.2542 -0.9666 0.0335
vn 0.3197 -0.6624 -0.6775
vn 0.2973 -0.6771 -0.6732
vn 0.2418 -0.9699 0.0289
vn 0.2469 -0.9688 0.0227
vn 0.3025 -0.6726 -0.6753
vn 0.2892 -0.6693 -0.6844
vn 0.2743 -0.9614 0.0197
vn 0.3057 -0.6618 -0.6845
vn 0.2898 -0.9570 0.0169
vn 0.0982 0.3380 -0.9360
vn 0.1042 0.2753 -0.9557
vn 0.3052 -0.6577 -0.6887
vn 0.0497 0.3909 -0.9191
vn 0.2716 -0.6591 -0.7013
vn 0.2694 -0.9630 0.0052
vn 0.2526 -0.9675 -0.0058
vn 0.2418 -0.6617 -0.7097
vn 0.2538 -0.9672 -0.0121
vn 0.2103 -0.6655 -0.7162
vn 0.2595 -0.9655 -0.0220
vn 0.2210 -0.9750 -0.0214
vn 0.1641 -0.6674 -0.7264
vn 0.0866 -0.9954 0.0399
vn -0.0016 -0.7134 -0.7008
vn -0.4089 -0.7861 -0.4636
vn -0.6190 -0.7799 0.0927
vn -0.8143 -0.4072 -0.4137
vn -0.3241 0.0721 -0.9433
vn -0.2377 0.6689 -0.7043
vn -0.1652 0.1710 -0.9713
vn -0.8016 -0.2360 -0.5493
vn -0.3890 0.2234 -0.8937
vn -0.4776 0.2812 -0.8324
vn -0.8598 -0.0713 -0.5057
vn 0.0745 0.9395 -0.3344
vn -0.7947 0.6024 -0.0740
vn -0.3267 0.9442 -0.0416
vn 0.1884 0.9140 0.3592
vn 0.3143 0.9384 0.1432
vn -0.3668 0.6908 0.6231
vn -0.7843 0.1797 0.5937
vn -0.8768 -0.4123 0.2472
vn -0.9873 -0.0141 0.1584
vn -0.8662 -0.4956 0.0636
vn -0.8503 -0.5263 -0.0020
vn -0.3744 0.9185 0.1273
vn -0.9761 0.1852 0.1138
vn -0.5072 0.5697 -0.6467
vn -0.0811 0.1633 -0.9832
vn -0.0493 0.3019 -0.9521
vn -0.1037 0.5496 -0.8289
vn -0.7065 0.3896 -0.5907
vn -0.9876 -0.1330 0.0836
vn -0.9019 0.3900 -0.1857
vn -0.3275 0.8672 -0.3752
vn -0.0770 0.6473 -0.7583
vn -0.8090 0.5739 0.1268
vn -0.3103 0.9206 0.2370
vn 0.0223 0.9914 -0.1292
vn 0.3349 0.8229 0.4590
vn 0.4302 0.9026 -0.0131
vn 0.5004 0.7631 0.4090
vn 0.0236 0.8620 -0.5064
vn -0.2355 0.9289 0.2858
vn -0.8122 0.5673 0.1358
vn -0.4131 0.8411 -0.3491
vn -0.5982 0.6534 -0.4640
vn -0.9457 0.2448 0.2136
vn -0.6906 0.6082 0.3914
vn -0.8017 0.5955 0.0518
vn -0.2447 0.9429 -0.2258
vn 0.0155 0.7031 -0.7109
vn 0.2462 0.9612 -0.1243
vn -0.2621 0.8958 0.3589
vn 0.6043 0.7612 0.2354
vn 0.7087 0.6986 0.0983
vn 0.5973 0.7675 -0.2327
vn 0.2070 0.8502 -0.4840
vn 0.0647 0.9604 0.2709
vn -0.2534 0.8748 -0.4129
vn 0.1007 0.3530 -0.9302
vn -0.0290 0.6443 -0.7642
vn 0.1581 0.2226 -0.9620
vn 0.0239 0.5465 -0.8371
vn 0.1234 0.2537 -0.9594
vn -0.1041 0.6777 -0.7280
vn 0.2589 0.7266 -0.6365
vn 0.1383 0.1906 -0.9719
vn 0.2302 0.9707 0.0692
vn -0.0664 0.7470 -0.6615
vn 0.5508 0.7453 -0.3758
vn 0.7563 0.6530 0.0402
vn 0.1841 0.3189 -0.9297
vn 0.8274 0.0996 -0.5528
vn 0.1402 0.8813 -0.4513
vn 0.7431 0.5834 -0.3278
vn 0.9612 0.2072 0.1823
vn 0.3050 0.9111 0.2772
vn -0.3852 0.8534 0.3511
vn -0.5088 0.8367 0.2025
vn -0.4720 0.8815 -0.0142
vn 0.9964 -0.0729 0.0430
vn 0.9952 -0.0964 -0.0166
vn 0.8874 -0.0228 -0.4604
vn 0.7004 0.6812 0.2129
vn 0.0708 0.9519 0.2980
vn 0.3930 0.9190 0.0297
vn -0.1139 0.9626 -0.2458
vn -0.6370 0.7602 -0.1279
vn -0.4434 0.8356 0.3243
vn -0.8659 0.4173 0.2758
vn -0.6641 0.7023 0.2564
vn -0.7150 0.6781 -0.1703
vn 0.0191 0.2693 -0.9629
vn -0.1017 0.0145 -0.9947
vn -0.0645 0.2083 -0.9759
vn 0.3411 -0.0123 -0.9400
vn -0.4226 0.2369 -0.8748
vn -0.4225 0.2370 -0.8748
vn -0.1831 -0.0110 -0.9830
vn 0.2275 -0.2645 -0.9372
vn 0.3737 0.1129 -0.9207
vn 0.3051 -0.2632 -0.9152
vn 0.3036 0.3880 -0.8702
vn 0.2183 -0.4307 -0.8757
vn 0.3887 -0.0700 -0.9187
vn 0.2731 -0.3466 -0.8974
vn 0.1957 -0.4730 -0.8591
vn 0.1622 -0.5153 -0.8416
vn 0.1445 -0.3808 -0.9133
vn 0.1414 -0.5326 -0.8345
vn 0.0996 -0.5565 -0.8248
vn 0.1126 -0.5560 -0.8235
vn 0.0488 -0.5802 -0.8130
vn 0.1047 -0.5539 -0.8260
vn 0.1174 -0.4923 -0.8625
vn -0.2174 -0.0778 -0.9730
vn -0.1392 -0.1290 -0.9818
vn -0.4226 0.2372 -0.8747
vn -0.1800 -0.1905 -0.9651
vn -0.4226 0.2371 -0.8747
vn -0.4223 0.2369 -0.8749
vn -0.4226 0.2370 -0.8748
vn -0.4224 0.2370 -0.8749
vn -0.4224 0.2373 -0.8748
vn -0.4227 0.2373 -0.8746
vn -0.4225 0.2373 -0.8747
vn -0.4225 0.2371 -0.8748
vn -0.7701 0.3813 -0.5114
vn -0.6865 0.4088 -0.6013
vn -0.8638 0.4905 0.1154
vn -0.7369 0.4760 -0.4800
vn -0.7882 0.5832 0.1966
vn -0.8582 0.4696 0.2074
vn -0.9151 0.3721 0.1554
vn -0.9323 0.3528 0.0800
vn -0.7908 0.2563 -0.5558
vn -0.9846 0.1593 -0.0725
vn -0.9672 0.2485 0.0528
vn -0.7002 0.1355 -0.7010
vn -0.9405 -0.0773 -0.3308
vn -0.9874 0.0380 -0.1536
vn -0.8644 -0.2669 -0.4260
vn -0.7736 -0.3230 -0.5451
vn -0.6634 0.0134 -0.7481
vn -0.5116 -0.1979 -0.8361
vn -0.4226 0.2371 -0.8748
vn -0.2340 -0.3236 -0.9168
vn -0.1966 -0.6159 -0.7629
vn -0.4820 -0.5349 -0.6939
vn -0.5164 -0.5323 -0.6708
vn -0.6552 -0.4891 -0.5758
vn -0.1339 -0.6074 -0.7830
vn -0.2527 -0.6317 -0.7328
vn 0.0177 -0.5925 -0.8054
vn -0.9303 -0.1620 -0.3290
vn -0.9884 0.1333 -0.0728
vn -0.9447 0.3129 0.0985
vn -0.8989 0.3969 0.1855
vn -0.8405 0.4935 0.2235
vn -0.7516 0.6083 0.2551
vn -0.7733 0.5885 0.2359
vn -0.7033 0.6572 0.2710
vn -0.6969 0.6670 0.2635
vn -0.5517 0.7975 0.2442
vn -0.6136 0.7587 0.2189
vn 0.0870 0.9686 -0.2328
vn -0.1944 0.9754 -0.1043
vn 0.3007 0.7501 -0.5890
vn 0.2353 0.7530 -0.6145
vn 0.2618 0.6483 -0.7149
vn 0.2781 0.6128 -0.7397
vn 0.3114 0.4654 -0.8285
vn 0.3130 0.5690 -0.7605
vn -0.0777 0.3678 -0.9267
vn -0.1248 0.3563 -0.9260
vn -0.1105 0.4769 -0.8720
vn 0.2681 0.7805 -0.5648
vn -0.2299 0.9702 -0.0764
vn -0.3865 0.7507 -0.5357
vn -0.4226 0.2368 -0.8748
vn -0.4226 0.2373 -0.8747
vn -0.7457 0.6333 -0.2073
vn -0.6194 0.7310 0.2863
vn -0.7098 0.6431 0.2874
vn -0.7388 0.5355 -0.4092
vn -0.4227 0.2371 -0.8747
vn -0.4228 0.2369 -0.8747
vn 0.3778 0.3552 -0.8550
vn 0.0415 -0.6081 -0.7928
vn -0.4225 0.2372 -0.8748
vn -0.4224 0.2367 -0.8749
vn 0.2563 0.5948 -0.7620
vn 0.1996 0.3875 -0.9000
vn 0.0686 0.4371 -0.8968
vn 0.4309 0.4704 -0.7701
vn 0.3311 0.5877 -0.7382
vn 0.0445 0.6311 -0.7745
vn 0.1132 0.6645 -0.7387
vn -0.1380 0.6419 -0.7543
vn -0.3845 0.5502 -0.7412
vn -0.1472 0.5892 -0.7945
vn -0.4035 0.5243 -0.7499
vn -0.6995 0.2690 -0.6621
vn -0.0356 0.3525 -0.9351
vn -0.0534 0.3188 -0.9463
vn -0.3275 0.3029 -0.8950
vn -0.7639 0.1687 -0.6229
vn 0.0568 0.1073 -0.9926
vn -0.5268 0.0325 -0.8494
vn 0.0569 0.1073 -0.9926
vn 0.0569 0.1072 -0.9926
vn 0.0569 0.1075 -0.9926
vn 0.0569 0.1074 -0.9926
vn -0.4615 -0.0351 -0.8865
vn 0.0568 0.1075 -0.9926
vn -0.5633 -0.0802 -0.8224
vn -0.4342 -0.1084 -0.8943
vn -0.7943 -0.2499 -0.5538
vn -0.5467 -0.4686 -0.6939
vn -0.2474 -0.2147 -0.9448
vn -0.0493 -0.2471 -0.9677
vn -0.1046 -0.5467 -0.8307
vn 0.0995 -0.1985 -0.9750
vn 0.0566 0.1074 -0.9926
vn 0.0572 0.1072 -0.9926
vn 0.0566 0.1072 -0.9926
vn 0.1865 -0.1460 -0.9715
vn 0.3196 -0.0059 -0.9475
vn 0.3154 0.0192 -0.9488
vn 0.3304 -0.4057 -0.8522
vn 0.1943 -0.4548 -0.8691
vn 0.3298 -0.2034 -0.9219
vn 0.4954 -0.2723 -0.8249
vn 0.4474 -0.3548 -0.8209
vn 0.6051 -0.1267 -0.7860
vn 0.6326 -0.1742 -0.7547
vn 0.3403 -0.4010 -0.8505
vn 0.1041 -0.5236 -0.8456
vn -0.2857 -0.5607 -0.7771
vn -0.6558 -0.3894 -0.6467
vn -0.7910 -0.2253 -0.5689
vn -0.8250 -0.1762 -0.5370
vn -0.8209 -0.1622 -0.5475
vn -0.8213 -0.1179 -0.5582
vn -0.8419 -0.1421 -0.5206
vn -0.8460 -0.0775 -0.5276
vn -0.8033 -0.0582 -0.5927
vn 0.6848 -0.1268 -0.7176
vn 0.6186 -0.1100 -0.7780
vn 0.6887 -0.1310 -0.7131
vn 0.6378 -0.0934 -0.7645
vn 0.6974 -0.0859 -0.7115
vn 0.6610 -0.0669 -0.7474
vn 0.6880 0.0739 -0.7220
vn 0.3000 0.0234 -0.9537
vn 0.4824 0.0736 -0.8729
vn 0.6101 0.2094 -0.7641
vn 0.2634 0.2637 -0.9279
vn 0.0567 0.1076 -0.9926
vn 0.3169 0.0119 -0.9484
vn 0.5477 0.4026 -0.7334
vn -0.1639 -0.9447 -0.2840
vn 0.4364 -0.4024 -0.8047
vn 0.8868 -0.4598 -0.0465
vn 0.3802 0.7093 -0.5937
vn -0.7599 -0.0103 -0.6500
vn -0.9557 0.1081 -0.2739
vn -0.4567 -0.8819 0.1175
vn 0.7034 0.4452 -0.5542
vn -0.6829 -0.2908 -0.6701
vn -0.3282 -0.7620 0.5582
vn -0.7534 -0.1451 0.6414
vn 0.6988 0.0792 -0.7110
vn -0.7947 -0.0577 0.6043
vn -0.6120 -0.4643 -0.6403
vn -0.7712 -0.5876 -0.2448
vn 0.7601 -0.1160 -0.6394
vn -0.8273 0.0365 0.5606
vn 0.9506 -0.2128 -0.2258
vn -0.8200 0.0685 0.5683
vn -0.1743 -0.9373 -0.3018
vn -0.8656 0.4383 -0.2419
vn -0.7402 -0.1977 -0.6427
vn 0.4483 0.5606 -0.6962
vn 0.4125 -0.5916 -0.6927
vn 0.5127 0.7794 -0.3601
vn -0.5829 0.8094 -0.0716
vn 0.1792 0.7337 -0.6555
vn 0.8184 -0.0673 -0.5707
vn 0.8285 -0.0333 -0.5590
vn -0.2700 -0.5046 -0.8201
vn -0.4252 0.2401 -0.8727
vn -0.2902 -0.6942 -0.6587
vn -0.2816 -0.4595 -0.8424
vn -0.1528 -0.4739 -0.8672
vn -0.7391 0.3195 -0.5930
vn 0.9721 0.0987 -0.2128
vn 0.9741 -0.0694 0.2153
vn 0.0196 -0.8490 -0.5281
vn 0.9746 -0.1307 -0.1818
vn 0.0781 0.0096 -0.9969
vn 0.3528 0.8216 -0.4478
vn 0.3264 0.9422 0.0757
vn -0.0057 0.9499 0.3126
vn 0.2702 0.5048 0.8199
vn 0.2834 0.4596 0.8417
vn 0.3307 0.3517 0.8757
vn 0.9247 0.2576 -0.2803
vn -0.2292 -0.2550 -0.9394
vn 0.8166 0.5758 0.0402
vn 0.3450 0.2833 0.8948
vn 0.8344 -0.3805 0.3988
vn 0.2631 0.8895 -0.3735
vn -0.7562 0.0064 -0.6543
vn 0.9687 -0.0148 -0.2477
vn -0.1162 -0.8524 -0.5097
vn -0.0652 0.2293 -0.9712
vn -0.2635 -0.9192 -0.2926
vn -0.3442 -0.2842 -0.8949
vn 0.1804 -0.9246 -0.3355
vn 0.5230 -0.6776 0.5170
vn 0.7366 -0.5266 -0.4244
vn 0.7538 0.1437 -0.6412
vn 0.7953 0.0570 -0.6036
vn -0.3314 -0.3526 -0.8751
vn -0.4027 -0.8171 -0.4125
vn 0.0247 -0.8878 -0.4596
vn -0.4281 -0.0931 -0.8989
vn 0.6282 -0.5638 -0.5362
vn -0.4471 -0.7796 0.4385
vn 0.4383 -0.8168 0.3752
vn -0.7547 0.2072 -0.6225
vn 0.8076 -0.5381 0.2415
vn -0.2156 -0.7183 -0.6615
vn -0.4511 -0.1408 -0.8813
vn -0.3657 -0.0303 -0.9302
vn 0.8967 0.4417 0.0270
vn 0.4141 0.8496 -0.3266
vn -0.0200 0.3621 -0.9319
vn 0.9483 -0.0997 -0.3014
vn 0.9117 0.1928 -0.3628
vn 0.4502 0.1404 0.8818
vn 0.4299 0.0926 0.8981
vn -0.7502 -0.1409 0.6461
vn -0.9237 0.2921 -0.2481
vn -0.7431 -0.0689 -0.6656
vn -0.7521 -0.0622 0.6561
vn -0.6945 -0.2785 -0.6634
vn 0.3383 0.2377 0.9105
vn -0.8587 -0.0410 0.5108
vn 0.7065 -0.0890 -0.7021
vn 0.6746 0.0900 -0.7327
vn -0.8457 -0.4331 -0.3119
vn -0.2827 -0.8466 -0.4509
vn 0.9182 -0.2768 -0.2835
vn -0.6768 0.0913 0.7305
vn -0.7991 0.5947 -0.0882
vn -0.7566 0.0416 -0.6525
vn -0.4736 0.8770 0.0819
vn 0.2193 0.8625 0.4560
vn 0.5623 0.2905 0.7743
vn 0.9526 -0.2707 0.1389
vn 0.9472 0.0009 -0.3205
vn -0.4736 -0.5227 -0.7089
vn -0.2028 -0.7731 -0.6010
vn 0.5446 0.8299 0.1216
vn 0.9217 -0.2753 -0.2732
vn 0.0167 0.1557 -0.9877
vn -0.6774 0.5201 -0.5202
vn 0.4739 0.7931 -0.3827
vn -0.3955 0.4455 -0.8032
vn 0.1940 0.8046 -0.5613
vn 0.6756 -0.0900 -0.7317
vn -0.5628 -0.2886 -0.7746
vn -0.3313 -0.2381 -0.9130
vn -0.3385 -0.2375 -0.9105
vn 0.8608 0.0425 -0.5072
vn 0.7506 0.0610 -0.6579
vn 0.7506 0.1404 -0.6456
vn 0.7512 0.4307 -0.5002
vn 0.4789 0.7088 -0.5179
vn 0.8042 -0.5781 -0.1381
vn 0.3714 -0.3509 -0.8596
vn -0.7501 0.1910 -0.6332
vn -0.3066 -0.8641 -0.3991
vn -0.5969 -0.8021 -0.0186
vn 0.5963 0.7655 -0.2418
vn 0.5459 0.6605 -0.5154
vn 0.3616 -0.4935 -0.7910
vn -0.5529 -0.0380 -0.8324
vn -0.6449 -0.0068 -0.7642
vn 0.5597 0.0681 -0.8259
vn -0.1096 -0.7203 -0.6850
vn -0.5061 -0.7130 -0.4852
vn -0.7544 0.3492 -0.5558
vn -0.4287 0.0520 -0.9019
vn -0.5679 -0.1071 -0.8161
vn 0.6173 0.0064 -0.7867
vn -0.4057 -0.1522 -0.9012
vn -0.5380 -0.1545 -0.8286
vn 0.5887 -0.0581 -0.8063
vn -0.4197 0.5374 -0.7314
vn 0.6193 -0.0878 -0.7802
vn -0.5635 -0.3907 -0.7279
vn 0.9177 -0.0987 -0.3848
vn 0.9321 -0.3618 0.0180
vn -0.3345 -0.6842 -0.6481
vn -0.7033 0.6185 -0.3505
vn 0.9078 0.0534 -0.4159
vn 0.5380 0.1552 0.8285
vn 0.5654 0.1077 0.8178
vn 0.9525 0.3038 -0.0214
vn 0.5528 0.0376 0.8324
vn -0.6180 -0.0052 0.7862
vn -0.5571 -0.0681 0.8277
vn 0.6463 0.0061 0.7630
vn -0.4892 -0.8109 0.3212
vn 0.3582 -0.7835 0.5078
vn -0.9194 0.3891 -0.0578
vn -0.8551 -0.0020 -0.5185
vn 0.6809 0.3287 -0.6545
vn 0.5214 0.0431 -0.8522
vn -0.8742 -0.1595 -0.4586
vn 0.4738 -0.1602 -0.8660
vn -0.5930 0.0584 0.8031
vn -0.9425 -0.3197 -0.0973
vn -0.5025 -0.7446 -0.4393
vn 0.7621 -0.3675 -0.5330
vn -0.6183 0.0887 0.7810
vn -0.7053 0.6965 0.1320
vn -0.8657 0.2154 -0.4518
vn 0.5029 0.6328 -0.5887
vn 0.0943 -0.4475 -0.8893
vn 0.6318 0.7007 -0.3313
vn 0.2459 0.8072 -0.5365
vn -0.3520 0.9094 0.2216
vn 0.3495 0.7907 0.5026
vn 0.6115 0.7780 0.1440
vn 0.8474 -0.3068 -0.4334
vn 0.4749 0.8129 -0.3371
vn -0.1177 0.2491 -0.9613
vn 0.4351 0.6625 -0.6097
vn 0.6850 -0.6589 -0.3109
vn 0.5004 -0.7157 -0.4873
vn -0.6683 -0.7350 0.1151
vn -0.4765 -0.8116 -0.3379
vn -0.8406 0.2831 -0.4619
vn 0.1424 -0.3688 -0.9185
vn 0.7766 -0.6267 0.0635
vn -0.3198 -0.5867 -0.7440
vn 0.8798 -0.2069 -0.4280
vn -0.0464 0.4009 -0.9149
vn 0.5109 0.7911 -0.3363
vn -0.5894 -0.1555 -0.7927
vn -0.7162 -0.0905 -0.6921
vn 0.5474 -0.0845 -0.8326
vn -0.1870 -0.8237 -0.5353
vn -0.6238 -0.7504 -0.2185
vn -0.8253 0.2885 -0.4854
vn 0.3045 -0.7178 0.6261
vn 0.7151 -0.6695 0.2008
vn -0.4740 -0.7214 -0.5050
vn 0.8346 -0.3410 -0.4326
vn -0.1566 0.2827 -0.9463
vn 0.9647 0.2245 -0.1378
vn 0.4866 0.7646 -0.4226
vn 0.7140 0.0888 0.6945
vn 0.8734 -0.0686 -0.4821
vn -0.4902 -0.1296 -0.8619
vn 0.5899 0.1551 0.7925
vn -0.5471 0.0834 0.8329
vn -0.5061 -0.7426 0.4386
vn -0.9000 0.4211 -0.1123
vn -0.8364 -0.0360 -0.5470
vn -0.6632 0.1518 0.7329
vn -0.8294 -0.2109 -0.5174
vn 0.5762 0.2344 0.7830
vn -0.6564 0.2348 0.7169
vn 0.5631 -0.1210 -0.8175
vn 0.5667 -0.3446 -0.7484
vn -0.9422 -0.3194 -0.1016
vn -0.6502 0.2693 0.7104
vn -0.6984 0.7112 -0.0808
vn -0.8279 0.1069 -0.5507
vn -0.4827 -0.8478 -0.2197
vn 0.8094 -0.4957 -0.3150
vn 0.6491 -0.2693 -0.7115
vn 0.6557 -0.2346 -0.7177
vn 0.6795 0.6139 -0.4017
vn 0.5553 0.4799 -0.6792
vn 0.1597 -0.6589 -0.7351
vn -0.3064 0.9517 0.0178
vn 0.3237 0.6807 -0.6572
vn 0.4122 0.8602 0.3003
vn -0.4277 0.4372 -0.7912
vn 0.6725 0.7392 -0.0351
vn 0.5839 0.2819 0.7614
vn 0.8971 -0.4382 0.0570
vn 0.8765 -0.2284 -0.4237
vn -0.6722 -0.4862 -0.5583
vn -0.4463 -0.7802 -0.4382
vn 0.8079 -0.4665 -0.3601
vn -0.6644 0.5980 -0.4484
vn -0.1201 0.0682 -0.9904
vn 0.5306 0.6585 -0.5337
vn -0.5853 -0.2816 -0.7604
vn -0.4867 -0.2797 -0.8276
vn -0.5740 -0.2346 -0.7845
vn 0.6663 -0.1515 -0.7301
vn 0.7194 0.2088 -0.6624
vn 0.5086 0.5797 -0.6367
vn 0.6575 -0.7213 -0.2178
vn 0.4908 -0.7960 -0.3543
vn -0.7062 -0.6861 0.1748
vn -0.5123 -0.8024 -0.3062
vn -0.8020 0.2802 -0.5276
vn 0.1464 -0.4666 -0.8723
vt -0.122747 1.291199
vt -0.136707 1.271210
vt -0.139506 1.284738
vt -0.505288 1.884265
vt -0.505153 1.897755
vt -0.492973 1.878506
vt -0.417596 1.955124
vt -0.417581 1.968617
vt -0.414962 1.954795
vt -0.415090 1.968164
vt -0.112491 1.285558
vt -0.134865 1.269404
vt -0.439021 1.194209
vt -0.440294 1.194802
vt -0.437632 1.202225
vt -0.435708 1.185985
vt -0.438727 1.187437
vt -0.130295 1.295046
vt -0.532646 1.173168
vt -0.527425 1.172840
vt -0.532650 1.164783
vt -0.449866 1.169011
vt -0.531090 1.188297
vt -0.533504 1.189915
vt -0.444608 1.170446
vt -0.852477 1.463872
vt -0.847186 1.464039
vt -0.852089 1.445538
vt -0.473328 1.890560
vt -0.473329 1.872227
vt -0.477665 1.871836
vt -0.849567 1.447727
vt -0.477205 1.890377
vt -0.143381 1.301085
vt -0.477526 1.913036
vt -0.473648 1.913140
vt -0.493108 1.894578
vt -0.504958 1.913551
vt -0.493252 1.913381
vt -0.504808 1.925759
vt -0.493374 1.927915
vt -0.478267 1.930750
vt -0.478825 1.952385
vt -0.474387 1.930853
vt -0.476562 1.952008
vt -0.017472 1.831931
vt -0.015843 1.819450
vt -0.017672 1.820403
vt -0.851174 1.525401
vt -0.848716 1.523321
vt -0.852284 1.504159
vt -0.532244 1.014320
vt -0.527019 1.014708
vt -0.532492 1.001953
vt -0.530244 1.003549
vt -0.526953 1.021625
vt -0.532274 1.021610
vt -0.527184 1.038962
vt -0.527493 1.047513
vt -0.532468 1.038957
vt -0.532665 1.047461
vt -0.527629 1.054136
vt -0.532959 1.054132
vt -0.015122 1.872378
vt -0.015951 1.865058
vt -0.018740 1.864738
vt -0.016588 1.856417
vt -0.019135 1.856421
vt -0.131246 1.195583
vt -0.127673 1.197634
vt -0.106535 1.185602
vt -0.113243 1.181397
vt -0.101857 1.190712
vt -0.018097 1.872145
vt -0.124368 1.202314
vt -0.099447 1.198418
vt -0.018072 1.880706
vt -0.015330 1.880670
vt -0.532649 1.061419
vt -0.527444 1.061410
vt -0.527451 1.066332
vt -0.532672 1.066373
vt -0.015567 1.886217
vt -0.018602 1.886254
vt -0.015833 1.891707
vt -0.532641 1.071044
vt -0.527427 1.070971
vt -0.527219 1.077203
vt -0.532500 1.077264
vt -0.527173 1.088116
vt -0.532500 1.088132
vt -0.527195 1.096071
vt -0.532527 1.096081
vt -0.527211 1.105102
vt -0.527411 1.115822
vt -0.532527 1.105105
vt -0.532654 1.115769
vt -0.527645 1.119885
vt -0.532800 1.119806
vt -0.527624 1.123991
vt -0.527679 1.132257
vt -0.532832 1.124005
vt -0.532878 1.132320
vt -0.527879 1.137653
vt -0.533158 1.137660
vt -0.527559 1.143629
vt -0.527541 1.152755
vt -0.532794 1.143649
vt -0.532813 1.152782
vt -0.527350 1.164723
vt -0.439135 1.201700
vt -0.438632 1.210034
vt -0.435791 1.212252
vt -0.105215 1.280550
vt -0.443310 1.216089
vt -0.101409 1.275580
vt -0.132060 1.266998
vt -0.411519 1.967451
vt -0.411299 1.954192
vt -0.408094 1.966894
vt -0.129333 1.264778
vt -0.407512 1.953747
vt -0.402826 1.953505
vt -0.403067 1.965166
vt -0.099604 1.270090
vt -0.125487 1.260917
vt -0.098994 1.261205
vt -0.015887 1.956281
vt -0.013283 1.956169
vt -0.015803 1.946958
vt -0.016248 1.962373
vt -0.013683 1.962359
vt -0.121728 1.255809
vt -0.013249 1.947037
vt -0.016481 1.941665
vt -0.099297 1.255949
vt -0.119495 1.252237
vt -0.099405 1.251355
vt -0.013597 1.942032
vt -0.016920 1.936963
vt -0.013989 1.937264
vt -0.018415 1.926007
vt -0.101088 1.241108
vt -0.118285 1.249260
vt -0.394665 1.959586
vt -0.392787 1.957259
vt -0.392138 1.949690
vt -0.118604 1.241113
vt -0.394262 1.950695
vt -0.392088 1.940743
vt -0.101389 1.232954
vt -0.119071 1.231568
vt -0.014932 1.926426
vt -0.019013 1.917286
vt -0.015569 1.917423
vt -0.019337 1.909252
vt -0.101268 1.225323
vt -0.015775 1.909383
vt -0.019557 1.898323
vt -0.118530 1.221460
vt -0.100078 1.215192
vt -0.393768 1.920738
vt -0.393762 1.929781
vt -0.391684 1.931299
vt -0.393993 1.940727
vt -0.392010 1.925151
vt -0.118271 1.214862
vt -0.099150 1.209268
vt -0.119216 1.209828
vt -0.015886 1.898416
vt -0.019429 1.891922
vt -0.099296 1.203644
vt -0.396228 1.918313
vt -0.120904 1.206561
vt -0.400815 1.915722
vt -0.397583 1.929011
vt -0.401763 1.927965
vt -0.402405 1.940304
vt -0.397833 1.940125
vt -0.397984 1.951904
vt -0.397843 1.962003
vt -0.406759 1.940338
vt -0.410814 1.940323
vt -0.410426 1.926768
vt -0.406231 1.927133
vt -0.409862 1.912950
vt -0.405800 1.913299
vt -0.414565 1.926537
vt -0.414748 1.912463
vt -0.137265 1.190417
vt -0.135130 1.192463
vt -0.417620 1.912106
vt -0.417569 1.927120
vt -0.504646 1.940768
vt -0.139205 1.178170
vt -0.133998 1.168808
vt -0.493526 1.945807
vt -0.128476 1.172982
vt -0.019584 1.838805
vt -0.017046 1.839023
vt -0.019458 1.831833
vt -0.143529 1.162553
vt -0.417573 1.939327
vt -0.414495 1.940157
vt -0.445532 1.213886
vt -0.847001 1.503821
vt -0.852940 1.486442
vt -0.847645 1.486381
vt 0.263635 1.958317
vt 0.264064 1.958355
vt 0.264087 1.955597
vt 0.269287 1.958353
vt 0.269435 1.963691
vt 0.263866 1.963554
vt 0.264321 1.963573
vt 0.269884 1.963647
vt 0.269538 1.970044
vt 0.269719 1.958287
vt 0.270004 1.970062
vt 0.271242 1.963658
vt 0.271195 1.970058
vt 0.271655 1.970009
vt 0.271694 1.963675
vt 0.581757 1.247712
vt 0.581765 1.246524
vt 0.581295 1.247715
vt 0.273410 1.958530
vt 0.271590 1.958341
vt 0.273492 1.963769
vt 0.273478 1.955610
vt 0.271571 1.955494
vt 0.271150 1.958295
vt 0.269700 1.955481
vt 0.271102 1.955464
vt 0.269877 1.952563
vt 0.271582 1.952586
vt 0.271130 1.952579
vt 0.269839 1.944540
vt 0.271126 1.944543
vt 0.271587 1.944531
vt 0.273452 1.944485
vt 0.271570 1.935880
vt 0.273439 1.935825
vt 0.273432 1.952618
vt 0.274711 1.952662
vt 0.274742 1.944500
vt 0.279797 1.952772
vt 0.279738 1.944587
vt 0.274737 1.935836
vt 0.279655 1.935903
vt 0.274726 1.926625
vt 0.273432 1.926612
vt 0.271573 1.926665
vt 0.582844 1.481621
vt 0.584715 1.481620
vt 0.584716 1.480313
vt 0.582380 1.481621
vt 0.582844 1.480317
vt 0.271109 1.926678
vt 0.271107 1.935894
vt 0.269809 1.935901
vt 0.269799 1.926692
vt 0.269335 1.926678
vt 0.269347 1.935886
vt 0.582381 1.480317
vt 0.264469 1.926733
vt 0.264426 1.935947
vt 0.269379 1.944522
vt 0.263962 1.935961
vt 0.264394 1.944566
vt 0.263932 1.944580
vt 0.263934 1.952550
vt 0.262396 1.944615
vt 0.262460 1.935991
vt 0.262515 1.926768
vt 0.261996 1.935977
vt 0.261933 1.944600
vt 0.262044 1.926756
vt 0.582403 1.474027
vt 0.582401 1.475488
vt 0.582866 1.474028
vt 0.263999 1.926746
vt 0.582864 1.475488
vt 0.584733 1.474022
vt 0.260167 1.926707
vt 0.584730 1.475481
vt 0.281153 1.935932
vt 0.281007 1.926696
vt 0.279547 1.926677
vt 0.260128 1.935925
vt 0.281271 1.944624
vt 0.260065 1.944547
vt 0.281363 1.952844
vt 0.261918 1.952597
vt 0.260044 1.952584
vt 0.262381 1.952608
vt 0.261731 1.955678
vt 0.262170 1.955662
vt 0.263645 1.955573
vt 0.262151 1.958294
vt 0.261733 1.958346
vt 0.259921 1.955759
vt 0.259999 1.958546
vt 0.261827 1.963510
vt 0.262173 1.969924
vt 0.260048 1.963639
vt 0.262280 1.963481
vt 0.260247 1.969781
vt 0.280971 1.969419
vt 0.281368 1.963359
vt 0.279824 1.963451
vt 0.280172 1.958413
vt 0.281728 1.958367
vt 0.579357 1.240209
vt 0.579380 1.241746
vt 0.581243 1.240248
vt 0.279435 1.969506
vt 0.581263 1.241782
vt 0.579419 1.246503
vt 0.274793 1.963698
vt 0.274655 1.969736
vt 0.274873 1.958477
vt 0.274902 1.955661
vt 0.280173 1.955793
vt 0.281734 1.955875
vt 0.581300 1.246527
vt 0.579419 1.247700
vt 0.273468 1.969811
vt 0.581708 1.240252
vt 0.264218 1.970027
vt 0.264686 1.969986
vt 0.581726 1.241786
vt 0.262646 1.969958
vt 0.264395 1.952554
vt 0.269421 1.952541
vt 0.269240 1.955482
vt 0.990966 1.917863
vt 0.991611 1.916268
vt 0.990770 1.916173
vt 0.994843 1.918346
vt 0.993304 1.925835
vt 0.990610 1.925500
vt 0.989825 1.917727
vt 0.989485 1.917659
vt 0.990918 1.915938
vt 0.990476 1.915984
vt 0.001953 1.904950
vt 0.002551 1.906719
vt 0.004108 1.904960
vt 0.003543 1.906624
vt 0.002671 1.907038
vt 0.990709 1.915668
vt 0.003435 1.906962
vt 0.003384 1.907353
vt 0.991094 1.915538
vt 0.991206 1.915862
vt 0.002746 1.907377
vt 0.991812 1.915594
vt 0.991748 1.915926
vt 0.002781 1.908053
vt 0.003388 1.908034
vt 0.002862 1.910795
vt 0.994565 1.915935
vt 0.994546 1.916273
vt 0.994597 1.916639
vt 0.995055 1.916342
vt 0.995933 1.918486
vt 0.995397 1.916748
vt 0.995312 1.916486
vt 0.995578 1.916273
vt 0.995236 1.916053
vt 0.002865 1.911439
vt 0.002810 1.911793
vt 0.003577 1.911793
vt 0.002700 1.912090
vt 0.995729 1.916636
vt 0.996278 1.918504
vt 0.002206 1.913863
vt 0.003697 1.912155
vt 0.004359 1.913811
vt 0.982896 1.534367
vt 0.983189 1.534558
vt 0.984185 1.532884
vt 0.982749 1.534600
vt 0.982954 1.534873
vt 0.982095 1.534276
vt 0.982465 1.534676
vt 0.982569 1.535002
vt 0.981955 1.534619
vt 0.981890 1.534950
vt 0.003503 1.911417
vt 0.003468 1.910777
vt 0.979157 1.534265
vt 0.979138 1.534601
vt 0.979109 1.533899
vt 0.978617 1.534192
vt 0.978878 1.532195
vt 0.977738 1.532045
vt 0.978270 1.533783
vt 0.978357 1.534048
vt 0.978088 1.534258
vt 0.978430 1.534479
vt 0.977939 1.533894
vt 0.977393 1.532025
vt 0.979686 1.524615
vt 0.980419 1.524706
vt 0.979753 1.524224
vt 0.979345 1.524525
vt 0.002403 1.897325
vt 0.003289 1.897266
vt 0.003244 1.896789
vt 0.979533 1.524012
vt 0.002418 1.896819
vt 0.003215 1.926192
vt 0.003218 1.926475
vt 0.004009 1.926454
vt 0.979962 1.524151
vt 0.979840 1.523863
vt 0.003995 1.926169
vt 0.980517 1.524205
vt 0.983112 1.525045
vt 0.980555 1.523900
vt 0.983141 1.524536
vt 0.003196 1.925526
vt 0.003974 1.925502
vt 0.003898 1.922891
vt 0.983180 1.524229
vt 0.003118 1.922915
vt 0.003883 1.922256
vt 0.983661 1.524619
vt 0.983850 1.524370
vt 0.983844 1.524744
vt 0.984108 1.524592
vt 0.983809 1.525136
vt 0.984162 1.525134
vt 0.003886 1.921965
vt 0.003076 1.922008
vt 0.003909 1.921467
vt 0.003025 1.921525
vt 0.983846 1.532816
vt 0.982755 1.532683
vt 0.994342 1.926009
vt 0.994001 1.925919
vt 0.993938 1.926309
vt 0.994157 1.926521
vt 0.993730 1.926384
vt 0.993851 1.926672
vt 0.993205 1.926335
vt 0.993169 1.926642
vt 0.990580 1.926008
vt 0.990541 1.926314
vt 0.990029 1.925924
vt 0.989839 1.926173
vt 0.989845 1.925801
vt 0.989579 1.925952
vt 0.989877 1.925406
vt 0.989525 1.925409
vt 0.003095 1.922286
vt 0.888030 1.429833
vt 0.887566 1.429833
vt 0.887567 1.431290
vt 0.418900 1.940091
vt 0.418958 1.950494
vt 0.419364 1.940087
vt 0.417443 1.940060
vt 0.888030 1.431290
vt 0.416979 1.940055
vt 0.417041 1.950477
vt 0.415104 1.940031
vt 0.885694 1.431290
vt 0.417504 1.950478
vt 0.417053 1.959044
vt 0.415171 1.950476
vt 0.417064 1.966465
vt 0.415182 1.959061
vt 0.417516 1.959039
vt 0.415192 1.966497
vt 0.435916 1.966562
vt 0.435943 1.959093
vt 0.434486 1.959096
vt 0.435975 1.950501
vt 0.434519 1.950514
vt 0.434460 1.966550
vt 0.429641 1.959093
vt 0.429663 1.950559
vt 0.429728 1.940173
vt 0.428360 1.950570
vt 0.428409 1.940198
vt 0.426511 1.940218
vt 0.426494 1.950567
vt 0.887566 1.423669
vt 0.885694 1.423669
vt 0.885694 1.424975
vt 0.426033 1.950566
vt 0.426022 1.959063
vt 0.426482 1.959069
vt 0.428342 1.959093
vt 0.426472 1.966369
vt 0.426012 1.966359
vt 0.428327 1.966418
vt 0.426444 1.969565
vt 0.425990 1.969545
vt 0.426007 1.972495
vt 0.426446 1.972538
vt 0.428294 1.969674
vt 0.428245 1.972701
vt 0.429594 1.969719
vt 0.429545 1.972734
vt 0.429622 1.966444
vt 0.434432 1.969876
vt 0.434413 1.972869
vt 0.435907 1.978037
vt 0.435871 1.972911
vt 0.434461 1.978039
vt 0.435863 1.982646
vt 0.415181 1.982744
vt 0.417029 1.982849
vt 0.415126 1.978099
vt 0.416971 1.978009
vt 0.415306 1.972931
vt 0.417433 1.977991
vt 0.417573 1.972693
vt 0.417128 1.972741
vt 0.418911 1.978008
vt 0.418984 1.982976
vt 0.417498 1.982878
vt 0.576723 1.442193
vt 0.576260 1.442194
vt 0.576263 1.443650
vt 0.576726 1.443649
vt 0.574398 1.443659
vt 0.419450 1.982967
vt 0.419373 1.978037
vt 0.424162 1.983178
vt 0.574341 1.448378
vt 0.576199 1.448323
vt 0.434407 1.982725
vt 0.574393 1.442201
vt 0.429612 1.983031
vt 0.429685 1.978073
vt 0.428361 1.978085
vt 0.428292 1.983134
vt 0.426451 1.983224
vt 0.426485 1.977999
vt 0.426014 1.977982
vt 0.425986 1.983251
vt 0.424662 1.977994
vt 0.424736 1.972534
vt 0.424195 1.978014
vt 0.424296 1.972576
vt 0.424711 1.969544
vt 0.424256 1.969559
vt 0.424717 1.966359
vt 0.424258 1.966366
vt 0.424726 1.959057
vt 0.424266 1.959061
vt 0.424733 1.950551
vt 0.424721 1.940197
vt 0.424270 1.950551
vt 0.424252 1.940191
vt 0.888030 1.424975
vt 0.888029 1.423669
vt 0.887566 1.424975
vt 0.426042 1.940223
vt 0.885694 1.429833
vt 0.436078 1.940054
vt 0.434619 1.940079
vt 0.419421 1.950495
vt 0.418969 1.959044
vt 0.419431 1.959048
vt 0.419440 1.966438
vt 0.418979 1.966437
vt 0.417527 1.966456
vt 0.419002 1.969670
vt 0.419458 1.969676
vt 0.419015 1.972656
vt 0.417573 1.969703
vt 0.417119 1.969727
vt 0.415261 1.969820
vt 0.435887 1.969894
vt 0.419457 1.972704
vt 0.424633 1.983200
vt 0.576643 1.449645
vt 0.576660 1.448321
vt 0.576179 1.449647
vt 0.574319 1.449695
vt 0.888030 1.321339
vt 0.886158 1.321339
vt 0.886158 1.322795
vt 0.888030 1.318802
vt 0.285873 1.624976
vt 0.288410 1.624973
vt 0.285868 1.617052
vt 0.288404 1.617050
vt 0.289866 1.624972
vt 0.888030 1.322795
vt 0.885694 1.322795
vt 0.271333 1.617023
vt 0.270869 1.617033
vt 0.270863 1.625007
vt 0.271328 1.625006
vt 0.268990 1.625007
vt 0.268996 1.617071
vt 0.271355 1.610148
vt 0.270892 1.610165
vt 0.269023 1.610231
vt 0.269063 1.607323
vt 0.270924 1.607281
vt 0.271382 1.607270
vt 0.272821 1.607269
vt 0.271365 1.604286
vt 0.272812 1.610149
vt 0.271349 1.594351
vt 0.270902 1.604287
vt 0.272817 1.604285
vt 0.270886 1.594351
vt 0.269032 1.604290
vt 0.269014 1.594352
vt 0.269009 1.587716
vt 0.289844 1.604314
vt 0.289847 1.594356
vt 0.288391 1.594356
vt 0.288391 1.587715
vt 0.289848 1.587714
vt 0.270882 1.587715
vt 0.289846 1.577696
vt 0.288390 1.577697
vt 0.269006 1.577699
vt 0.837789 1.487649
vt 0.839661 1.487649
vt 0.839661 1.486193
vt 0.837788 1.486193
vt 0.270879 1.577699
vt 0.837325 1.487649
vt 0.271342 1.577698
vt 0.837325 1.486193
vt 0.272799 1.577698
vt 0.272802 1.587715
vt 0.273262 1.577699
vt 0.273265 1.587715
vt 0.272805 1.594351
vt 0.271345 1.587715
vt 0.273269 1.594351
vt 0.273280 1.604285
vt 0.275809 1.604286
vt 0.275804 1.594351
vt 0.278125 1.604289
vt 0.278124 1.594352
vt 0.275802 1.587715
vt 0.275799 1.577698
vt 0.278123 1.587715
vt 0.278586 1.587715
vt 0.278584 1.577698
vt 0.278120 1.577698
vt 0.837325 1.492507
vt 0.837325 1.493813
vt 0.837789 1.492507
vt 0.279892 1.587715
vt 0.279890 1.577698
vt 0.279893 1.594353
vt 0.280356 1.587715
vt 0.280353 1.577698
vt 0.837789 1.493813
vt 0.839661 1.492507
vt 0.839661 1.493813
vt 0.282226 1.577698
vt 0.283533 1.587715
vt 0.283532 1.577697
vt 0.282228 1.587715
vt 0.283533 1.594355
vt 0.285854 1.587715
vt 0.285854 1.594356
vt 0.288388 1.604314
vt 0.285850 1.604312
vt 0.288389 1.607327
vt 0.289845 1.607327
vt 0.288392 1.610210
vt 0.285849 1.607327
vt 0.289849 1.610209
vt 0.285855 1.610211
vt 0.289860 1.617049
vt 0.283533 1.610215
vt 0.283522 1.607327
vt 0.282207 1.607326
vt 0.283548 1.617055
vt 0.282228 1.610219
vt 0.280361 1.610157
vt 0.280336 1.607282
vt 0.282223 1.604304
vt 0.283528 1.604308
vt 0.282228 1.594355
vt 0.280352 1.604295
vt 0.279890 1.604294
vt 0.280356 1.594353
vt 0.279878 1.607271
vt 0.278587 1.604290
vt 0.279899 1.610142
vt 0.278586 1.607270
vt 0.279909 1.617014
vt 0.278592 1.610146
vt 0.278129 1.610163
vt 0.278598 1.617017
vt 0.278133 1.617026
vt 0.278125 1.607279
vt 0.275810 1.607279
vt 0.275809 1.610165
vt 0.273280 1.607279
vt 0.273274 1.610166
vt 0.272796 1.617022
vt 0.273261 1.617031
vt 0.275805 1.617029
vt 0.275805 1.625003
vt 0.278135 1.624999
vt 0.888030 1.316481
vt 0.886158 1.316481
vt 0.886157 1.318802
vt 0.888030 1.315175
vt 0.278600 1.624997
vt 0.885694 1.316481
vt 0.886158 1.315175
vt 0.279913 1.624993
vt 0.280379 1.624992
vt 0.280373 1.617023
vt 0.282244 1.617057
vt 0.282249 1.624986
vt 0.885694 1.315175
vt 0.283554 1.624981
vt 0.273258 1.625006
vt 0.272792 1.625006
vt 0.885694 1.321339
vt 0.278587 1.594352
vt 0.285853 1.577697
vt 0.837789 1.490186
vt 0.839661 1.490186
vt 0.803994 1.944746
vt 0.803545 1.944804
vt 0.803530 1.949385
vt 0.798650 1.944976
vt 0.583715 1.229897
vt 0.581844 1.229885
vt 0.581858 1.234843
vt 0.583727 1.234848
vt 0.581857 1.236300
vt 0.581394 1.234842
vt 0.581394 1.236299
vt 0.805435 1.944725
vt 0.805497 1.949418
vt 0.805880 1.944783
vt 0.805346 1.953820
vt 0.805954 1.949401
vt 0.803979 1.949406
vt 0.803913 1.953806
vt 0.805325 1.956885
vt 0.805777 1.953763
vt 0.807563 1.953533
vt 0.807637 1.956784
vt 0.805780 1.956868
vt 0.805810 1.960339
vt 0.807685 1.960305
vt 0.805345 1.960345
vt 0.807667 1.967752
vt 0.805339 1.967776
vt 0.805800 1.967771
vt 0.805288 1.977415
vt 0.805748 1.977420
vt 0.807608 1.977442
vt 0.788389 1.977455
vt 0.786942 1.977380
vt 0.788629 1.985211
vt 0.786940 1.967627
vt 0.787189 1.985087
vt 0.807481 1.985099
vt 0.838190 1.315237
vt 0.836317 1.315237
vt 0.836317 1.316694
vt 0.805592 1.985045
vt 0.838190 1.316694
vt 0.838653 1.315237
vt 0.803656 1.985154
vt 0.803854 1.977481
vt 0.803189 1.985169
vt 0.803393 1.977484
vt 0.798586 1.977706
vt 0.838190 1.310379
vt 0.798431 1.985596
vt 0.798122 1.977701
vt 0.797987 1.985587
vt 0.798621 1.967773
vt 0.798581 1.960080
vt 0.803435 1.967770
vt 0.798151 1.967777
vt 0.803898 1.967780
vt 0.803885 1.960301
vt 0.803421 1.960283
vt 0.798613 1.956789
vt 0.803434 1.956868
vt 0.803891 1.956887
vt 0.798152 1.956791
vt 0.798614 1.953659
vt 0.798119 1.960079
vt 0.803481 1.953749
vt 0.798580 1.949410
vt 0.798178 1.953713
vt 0.798136 1.949445
vt 0.796926 1.953671
vt 0.796775 1.949457
vt 0.798210 1.944943
vt 0.796880 1.945001
vt 0.796446 1.945075
vt 0.796326 1.949446
vt 0.581373 1.228502
vt 0.581381 1.229882
vt 0.581834 1.228504
vt 0.794639 1.945397
vt 0.794618 1.949379
vt 0.583705 1.228519
vt 0.794660 1.953354
vt 0.793323 1.949425
vt 0.793316 1.945458
vt 0.788420 1.945400
vt 0.788476 1.949473
vt 0.793351 1.953384
vt 0.793334 1.956535
vt 0.794591 1.956572
vt 0.788450 1.953450
vt 0.796477 1.956723
vt 0.796487 1.953606
vt 0.794560 1.959929
vt 0.796425 1.960011
vt 0.793322 1.959931
vt 0.794511 1.967727
vt 0.796939 1.956757
vt 0.796416 1.967769
vt 0.796888 1.960033
vt 0.796888 1.967780
vt 0.796382 1.977763
vt 0.796847 1.977761
vt 0.796322 1.985708
vt 0.794560 1.985754
vt 0.794505 1.977771
vt 0.793220 1.977704
vt 0.793343 1.985645
vt 0.838190 1.309074
vt 0.836318 1.309073
vt 0.836318 1.310379
vt 0.788391 1.967645
vt 0.793233 1.967708
vt 0.788459 1.960021
vt 0.787000 1.960045
vt 0.787001 1.956501
vt 0.788462 1.956510
vt 0.786988 1.953463
vt 0.838654 1.309074
vt 0.796759 1.985695
vt 0.838654 1.310379
vt 0.787023 1.949475
vt 0.807713 1.949309
vt 0.786964 1.945374
vt 0.807735 1.945031
vt 0.583727 1.236303
vt 0.805120 1.985033
vt 0.838654 1.316694
vt 0.970812 1.910086
vt 0.971459 1.908491
vt 0.970618 1.908397
vt 0.974690 1.910571
vt 0.973144 1.918059
vt 0.970451 1.917723
vt 0.969671 1.909948
vt 0.969332 1.909881
vt 0.970766 1.908162
vt 0.970324 1.908206
vt 0.631944 1.400511
vt 0.631388 1.398722
vt 0.629790 1.400450
vt 0.630393 1.398807
vt 0.631267 1.398431
vt 0.970558 1.907892
vt 0.630501 1.398439
vt 0.630564 1.398077
vt 0.970943 1.907761
vt 0.971054 1.908085
vt 0.631202 1.398063
vt 0.631183 1.397389
vt 0.630576 1.397394
vt 0.461886 1.890013
vt 0.461679 1.890285
vt 0.462064 1.890414
vt 0.462174 1.890089
vt 0.462779 1.890356
vt 0.462715 1.890025
vt 0.465531 1.890013
vt 0.631168 1.394647
vt 0.630561 1.394649
vt 0.631180 1.394010
vt 0.630542 1.394002
vt 0.466202 1.889896
vt 0.465512 1.889676
vt 0.462578 1.889683
vt 0.465563 1.889309
vt 0.466021 1.889607
vt 0.466543 1.889675
vt 0.466277 1.889462
vt 0.466362 1.889200
vt 0.466693 1.889313
vt 0.631358 1.393353
vt 0.630363 1.393269
vt 0.630474 1.393639
vt 0.631894 1.391595
vt 0.467244 1.887444
vt 0.629741 1.391596
vt 0.631259 1.383914
vt 0.630372 1.383953
vt 0.466898 1.887462
vt 0.465300 1.879940
vt 0.464960 1.880030
vt 0.464263 1.880116
vt 0.465809 1.887602
vt 0.461931 1.888089
vt 0.461569 1.880452
vt 0.461539 1.879943
vt 0.460804 1.880153
vt 0.460837 1.880547
vt 0.460988 1.880028
vt 0.460484 1.880543
vt 0.460537 1.880002
vt 0.630425 1.408161
vt 0.631311 1.408123
vt 0.630466 1.408637
vt 0.460450 1.888294
vt 0.969718 1.917627
vt 0.969366 1.917631
vt 0.969419 1.918173
vt 0.631277 1.408631
vt 0.969685 1.918022
vt 0.969679 1.918394
vt 0.969870 1.918146
vt 0.970381 1.918537
vt 0.631266 1.409582
vt 0.631267 1.408915
vt 0.630487 1.409587
vt 0.630478 1.408921
vt 0.630501 1.412199
vt 0.464126 1.879307
vt 0.461500 1.879638
vt 0.464164 1.879614
vt 0.460797 1.879781
vt 0.464688 1.879564
vt 0.464896 1.879640
vt 0.464809 1.879277
vt 0.465116 1.879428
vt 0.630500 1.413114
vt 0.631291 1.413112
vt 0.630504 1.412831
vt 0.631226 1.383438
vt 0.630400 1.383448
vt 0.973690 1.918898
vt 0.973997 1.918747
vt 0.973569 1.918610
vt 0.973778 1.918535
vt 0.974182 1.918235
vt 0.631284 1.412827
vt 0.973007 1.918867
vt 0.973045 1.918560
vt 0.631280 1.412194
vt 0.970420 1.918231
vt 0.973842 1.918145
vt 0.975779 1.910714
vt 0.976125 1.910731
vt 0.974445 1.908864
vt 0.975244 1.908975
vt 0.975576 1.908863
vt 0.975159 1.908713
vt 0.975425 1.908500
vt 0.631242 1.393642
vt 0.975084 1.908279
vt 0.974903 1.908569
vt 0.974414 1.908162
vt 0.974394 1.908499
vt 0.971596 1.908149
vt 0.971661 1.907818
vt 0.460790 1.888227
vt 0.461444 1.889969
vt 0.461737 1.889779
vt 0.837790 1.235170
vt 0.839662 1.235170
vt 0.839662 1.233714
vt 0.837789 1.240028
vt 0.930173 1.935124
vt 0.930130 1.925181
vt 0.925259 1.925133
vt 0.837326 1.235170
vt 0.837790 1.233714
vt 0.924795 1.925138
vt 0.924870 1.935059
vt 0.925332 1.935064
vt 0.930636 1.935117
vt 0.930199 1.943260
vt 0.930598 1.925184
vt 0.930660 1.943246
vt 0.931943 1.943264
vt 0.931929 1.935133
vt 0.931968 1.951285
vt 0.932404 1.943277
vt 0.932391 1.935137
vt 0.931947 1.953956
vt 0.930689 1.951260
vt 0.932430 1.951303
vt 0.934291 1.951384
vt 0.934269 1.943333
vt 0.932398 1.953987
vt 0.934247 1.954145
vt 0.932407 1.956464
vt 0.931970 1.956414
vt 0.932056 1.961446
vt 0.930706 1.956413
vt 0.930698 1.953922
vt 0.930268 1.956462
vt 0.930243 1.953934
vt 0.925432 1.953908
vt 0.925410 1.951237
vt 0.930227 1.951274
vt 0.925371 1.943197
vt 0.924947 1.951227
vt 0.924910 1.943184
vt 0.923449 1.943164
vt 0.923413 1.935041
vt 0.922952 1.935047
vt 0.922988 1.943179
vt 0.923342 1.925122
vt 0.837325 1.233714
vt 0.922878 1.925118
vt 0.921085 1.935072
vt 0.921011 1.925101
vt 0.921125 1.943237
vt 0.941884 1.935039
vt 0.941934 1.925048
vt 0.940476 1.925069
vt 0.940421 1.935062
vt 0.941867 1.943220
vt 0.921126 1.951299
vt 0.923002 1.951234
vt 0.941848 1.951357
vt 0.940399 1.943244
vt 0.923467 1.951216
vt 0.923075 1.953934
vt 0.921225 1.954054
vt 0.923085 1.956477
vt 0.923528 1.953908
vt 0.922845 1.961558
vt 0.921278 1.956685
vt 0.923527 1.956427
vt 0.924980 1.956406
vt 0.924808 1.961505
vt 0.923306 1.961532
vt 0.925262 1.961537
vt 0.925416 1.956459
vt 0.924728 1.966740
vt 0.923254 1.966759
vt 0.838651 1.204881
vt 0.838659 1.203418
vt 0.838188 1.204882
vt 0.925192 1.966724
vt 0.930236 1.966710
vt 0.838196 1.203418
vt 0.836325 1.204893
vt 0.836317 1.209934
vt 0.838180 1.209931
vt 0.922792 1.966736
vt 0.921010 1.961689
vt 0.836337 1.203433
vt 0.920963 1.966660
vt 0.942019 1.961547
vt 0.941854 1.956646
vt 0.940382 1.956627
vt 0.942122 1.966421
vt 0.940554 1.961517
vt 0.935515 1.956642
vt 0.935526 1.954174
vt 0.940367 1.954180
vt 0.941839 1.954170
vt 0.940376 1.951377
vt 0.935558 1.951385
vt 0.935558 1.943315
vt 0.934264 1.935157
vt 0.935563 1.935138
vt 0.935593 1.925142
vt 0.934273 1.925163
vt 0.837789 1.241334
vt 0.839661 1.240028
vt 0.839661 1.241334
vt 0.837325 1.241334
vt 0.931915 1.925195
vt 0.932384 1.925189
vt 0.837325 1.240028
vt 0.934215 1.956654
vt 0.935639 1.961540
vt 0.935676 1.966486
vt 0.940658 1.966399
vt 0.934332 1.961560
vt 0.932515 1.961466
vt 0.934330 1.966551
vt 0.932524 1.966687
vt 0.932067 1.966719
vt 0.930695 1.966724
vt 0.930703 1.961463
vt 0.838650 1.211306
vt 0.838642 1.209934
vt 0.838187 1.211303
vt 0.930247 1.961495
vt 0.836320 1.211298
vt 0.924976 1.953897
vt 0.888717 1.604915
vt 0.889152 1.604915
vt 0.889152 1.603550
vt 0.621934 1.988774
vt 0.621945 1.982836
vt 0.621498 1.988772
vt 0.623304 1.988780
vt 0.888717 1.603550
vt 0.623740 1.988783
vt 0.623749 1.982849
vt 0.628305 1.988795
vt 0.890906 1.598998
vt 0.889151 1.598998
vt 0.890906 1.603550
vt 0.890906 1.597774
vt 0.889151 1.597774
vt 0.888717 1.598998
vt 0.628741 1.988796
vt 0.628743 1.982854
vt 0.628307 1.982860
vt 0.628299 1.977573
vt 0.623758 1.977565
vt 0.628732 1.977561
vt 0.623762 1.975385
vt 0.628298 1.975390
vt 0.628727 1.975387
vt 0.623765 1.973119
vt 0.628301 1.973122
vt 0.628732 1.973131
vt 0.629930 1.975389
vt 0.629950 1.973134
vt 0.628752 1.967467
vt 0.629975 1.967469
vt 0.628319 1.967459
vt 0.628770 1.961008
vt 0.629994 1.961010
vt 0.628797 1.952991
vt 0.628336 1.961000
vt 0.628361 1.952983
vt 0.623789 1.952978
vt 0.623780 1.960996
vt 0.169663 1.106878
vt 0.171415 1.106878
vt 0.171416 1.102325
vt 0.169663 1.108101
vt 0.169229 1.108101
vt 0.169663 1.102325
vt 0.169229 1.106878
vt 0.630030 1.952993
vt 0.630467 1.952986
vt 0.618428 1.960958
vt 0.618427 1.952939
vt 0.613878 1.952934
vt 0.171416 1.100960
vt 0.619794 1.960959
vt 0.619789 1.952940
vt 0.619791 1.967425
vt 0.621541 1.967457
vt 0.621546 1.960994
vt 0.621543 1.952975
vt 0.621979 1.952984
vt 0.621980 1.961002
vt 0.623345 1.961003
vt 0.623338 1.967464
vt 0.621974 1.967465
vt 0.623334 1.973128
vt 0.623771 1.967456
vt 0.621974 1.973132
vt 0.623332 1.975381
vt 0.623326 1.977551
vt 0.621986 1.975380
vt 0.621964 1.977545
vt 0.623314 1.982841
vt 0.621531 1.977555
vt 0.621510 1.982841
vt 0.619759 1.982863
vt 0.619782 1.977593
vt 0.618418 1.977587
vt 0.618429 1.975400
vt 0.619806 1.975400
vt 0.618428 1.973110
vt 0.621558 1.975384
vt 0.619794 1.973105
vt 0.618426 1.967425
vt 0.621542 1.973126
vt 0.613876 1.960954
vt 0.613873 1.967423
vt 0.612650 1.967421
vt 0.612652 1.960952
vt 0.613871 1.973111
vt 0.613868 1.975395
vt 0.612647 1.973109
vt 0.632129 1.973104
vt 0.632158 1.967431
vt 0.630382 1.973128
vt 0.630355 1.975394
vt 0.632095 1.975413
vt 0.612644 1.975394
vt 0.629953 1.977561
vt 0.630386 1.977573
vt 0.629971 1.982856
vt 0.632135 1.977623
vt 0.630406 1.982863
vt 0.612638 1.977574
vt 0.613862 1.977576
vt 0.632161 1.982894
vt 0.612623 1.982844
vt 0.613846 1.982846
vt 0.618396 1.982858
vt 0.618383 1.988756
vt 0.619747 1.988763
vt 0.890906 1.604915
vt 0.613834 1.988742
vt 0.612611 1.988740
vt 0.630407 1.988798
vt 0.632162 1.988801
vt 0.629971 1.988798
vt 0.888717 1.597774
vt 0.630408 1.967461
vt 0.632179 1.960972
vt 0.630428 1.961002
vt 0.632224 1.952955
vt 0.171415 1.108101
vt 0.612654 1.952932
vt 0.623352 1.952985
vt 0.169229 1.102325
vt 0.169663 1.100960
vt 0.169229 1.100960
vt 0.482084 1.832976
vt 0.481711 1.825340
vt 0.480979 1.825435
vt 0.485961 1.832483
vt 0.485718 1.834190
vt 0.482733 1.834569
vt 0.480943 1.833115
vt 0.480945 1.825040
vt 0.480626 1.825432
vt 0.480604 1.833183
vt 0.433452 1.697019
vt 0.432572 1.697059
vt 0.432613 1.697514
vt 0.433515 1.689284
vt 0.431339 1.689487
vt 0.480678 1.824891
vt 0.433403 1.697548
vt 0.433364 1.697853
vt 0.432602 1.697776
vt 0.481129 1.824916
vt 0.480938 1.824668
vt 0.481680 1.824831
vt 0.481641 1.824525
vt 0.484305 1.824497
vt 0.484404 1.824998
vt 0.484829 1.824447
vt 0.484267 1.824190
vt 0.432722 1.701117
vt 0.431962 1.700951
vt 0.431824 1.701569
vt 0.433262 1.698545
vt 0.432494 1.698403
vt 0.484950 1.824160
vt 0.432585 1.701736
vt 0.432534 1.702016
vt 0.431753 1.701844
vt 0.485037 1.824522
vt 0.485256 1.824309
vt 0.485101 1.824912
vt 0.485442 1.824822
vt 0.487050 1.832342
vt 0.487396 1.832323
vt 0.486517 1.834080
vt 0.425798 1.687849
vt 0.427795 1.688748
vt 0.427943 1.686977
vt 0.423319 1.695160
vt 0.424132 1.695507
vt 0.486848 1.834192
vt 0.427160 1.686506
vt 0.428015 1.686712
vt 0.486433 1.834343
vt 0.486698 1.834556
vt 0.486176 1.834487
vt 0.486358 1.834776
vt 0.485668 1.834557
vt 0.485687 1.834894
vt 0.427922 1.686005
vt 0.428179 1.686515
vt 0.428667 1.686406
vt 0.994571 1.901234
vt 0.994230 1.901014
vt 0.994306 1.901448
vt 0.427496 1.686238
vt 0.428682 1.685831
vt 0.994049 1.901303
vt 0.993559 1.900897
vt 0.990807 1.900554
vt 0.993541 1.901234
vt 0.431460 1.686381
vt 0.431247 1.686939
vt 0.993591 1.901600
vt 0.990742 1.900885
vt 0.990201 1.900821
vt 0.990605 1.901227
vt 0.990092 1.900496
vt 0.432423 1.687222
vt 0.432132 1.686845
vt 0.431684 1.687250
vt 0.989706 1.900626
vt 0.431811 1.687474
vt 0.431747 1.687762
vt 0.432683 1.687573
vt 0.989913 1.900896
vt 0.989470 1.900941
vt 0.989764 1.901131
vt 0.989959 1.902821
vt 0.988817 1.902684
vt 0.988478 1.902617
vt 0.993836 1.903307
vt 0.992291 1.910794
vt 0.989598 1.910458
vt 0.992988 1.910879
vt 0.992717 1.911345
vt 0.992193 1.911297
vt 0.992925 1.911269
vt 0.992837 1.911632
vt 0.993144 1.911482
vt 0.993330 1.910970
vt 0.994925 1.903448
vt 0.995271 1.903467
vt 0.994390 1.901709
vt 0.994722 1.901598
vt 0.992156 1.911602
vt 0.989568 1.910966
vt 0.989528 1.911273
vt 0.989017 1.910882
vt 0.988826 1.911131
vt 0.988832 1.910759
vt 0.988567 1.910909
vt 0.988865 1.910364
vt 0.988513 1.910367
vt 0.481599 1.834857
vt 0.481835 1.835172
vt 0.481892 1.834666
vt 0.482042 1.834901
vt 0.482221 1.835300
vt 0.482330 1.834975
vt 0.482871 1.834911
vt 0.482937 1.835242
vt 0.423166 1.695632
vt 0.423902 1.695944
vt 0.290624 1.779830
vt 0.291277 1.778239
vt 0.290437 1.778140
vt 0.294499 1.780333
vt 0.292922 1.787813
vt 0.290230 1.787466
vt 0.289483 1.779688
vt 0.290143 1.777949
vt 0.289144 1.779620
vt 0.290587 1.777906
vt 0.290381 1.777635
vt 0.290874 1.777832
vt 0.953783 1.944006
vt 0.953900 1.944300
vt 0.954778 1.943917
vt 0.954667 1.944282
vt 0.954602 1.944659
vt 0.290767 1.777506
vt 0.953964 1.944653
vt 0.291482 1.777567
vt 0.291416 1.777898
vt 0.953976 1.945333
vt 0.294213 1.778258
vt 0.294262 1.778625
vt 0.295588 1.780479
vt 0.295061 1.778739
vt 0.294978 1.778476
vt 0.294722 1.778331
vt 0.294904 1.778042
vt 0.294233 1.777921
vt 0.295244 1.778264
vt 0.953942 1.948715
vt 0.953875 1.949056
vt 0.954641 1.949114
vt 0.954581 1.948724
vt 0.953961 1.948076
vt 0.954569 1.948079
vt 0.996581 1.896189
vt 0.997252 1.896074
vt 0.996563 1.895853
vt 0.993766 1.896202
vt 0.954583 1.945336
vt 0.993830 1.896533
vt 0.993628 1.895859
vt 0.993224 1.896266
vt 0.992937 1.896190
vt 0.993114 1.896590
vt 0.992730 1.896462
vt 0.992788 1.895956
vt 0.992494 1.896147
vt 0.991840 1.894404
vt 0.992982 1.894266
vt 0.991501 1.894471
vt 0.991888 1.886723
vt 0.991855 1.886328
vt 0.991535 1.886720
vt 0.992620 1.886629
vt 0.953880 1.934566
vt 0.953247 1.942245
vt 0.954766 1.934602
vt 0.955400 1.942245
vt 0.954731 1.934105
vt 0.991589 1.886178
vt 0.953932 1.933803
vt 0.953919 1.934081
vt 0.954721 1.933814
vt 0.992039 1.886204
vt 0.991849 1.885956
vt 0.992591 1.886120
vt 0.992552 1.885814
vt 0.995216 1.885791
vt 0.995314 1.886293
vt 0.995740 1.885742
vt 0.995178 1.885484
vt 0.953955 1.930528
vt 0.954734 1.930532
vt 0.954737 1.929899
vt 0.953940 1.933140
vt 0.954720 1.933144
vt 0.995862 1.885455
vt 0.953954 1.929610
vt 0.953958 1.929896
vt 0.995948 1.885818
vt 0.996168 1.885606
vt 0.954745 1.929617
vt 0.996011 1.886208
vt 0.997949 1.893639
vt 0.996353 1.886118
vt 0.997412 1.895378
vt 0.996859 1.893780
vt 0.998294 1.893621
vt 0.996613 1.895487
vt 0.997744 1.895490
vt 0.997327 1.895640
vt 0.997071 1.895784
vt 0.997593 1.895853
vt 0.953764 1.949380
vt 0.954758 1.949451
vt 0.953209 1.951162
vt 0.955362 1.951100
vt 0.953843 1.958774
vt 0.293959 1.787993
vt 0.295933 1.780500
vt 0.293618 1.787902
vt 0.295393 1.778629
vt 0.293553 1.788292
vt 0.293772 1.788504
vt 0.293345 1.788366
vt 0.293465 1.788654
vt 0.292821 1.788315
vt 0.290198 1.787975
vt 0.292782 1.788622
vt 0.290158 1.788280
vt 0.289647 1.787888
vt 0.289456 1.788134
vt 0.289464 1.787763
vt 0.289197 1.787912
vt 0.289497 1.787368
vt 0.289145 1.787370
vt 0.954729 1.958810
vt 0.953871 1.959265
vt 0.954697 1.959301
vt 0.329745 1.940696
vt 0.329475 1.942884
vt 0.331374 1.943113
vt 0.327208 1.940380
vt 0.329268 1.930103
vt 0.331026 1.930315
vt 0.332217 1.940998
vt 0.332261 1.943552
vt 0.332453 1.943237
vt 0.331891 1.943653
vt 0.331198 1.943568
vt 0.332516 1.943812
vt 0.332802 1.943401
vt 0.334068 1.941238
vt 0.846348 1.031525
vt 0.844613 1.033223
vt 0.847404 1.033330
vt 0.845071 1.034006
vt 0.844278 1.033553
vt 0.029161 1.866502
vt 0.030429 1.868663
vt 0.029534 1.866439
vt 0.844619 1.034137
vt 0.030714 1.869074
vt 0.030777 1.868500
vt 0.029545 1.855912
vt 0.031011 1.866260
vt 0.031855 1.868375
vt 0.033754 1.868145
vt 0.033812 1.868611
vt 0.032032 1.868830
vt 0.031339 1.868915
vt 0.030969 1.868816
vt 0.031202 1.869241
vt 0.032105 1.869160
vt 0.843131 1.034277
vt 0.843422 1.034776
vt 0.844181 1.034335
vt 0.843890 1.033836
vt 0.329377 1.943683
vt 0.331126 1.943898
vt 0.329418 1.943351
vt 0.841618 1.035157
vt 0.332028 1.943978
vt 0.327590 1.943122
vt 0.327526 1.942637
vt 0.325797 1.940201
vt 0.326500 1.942504
vt 0.326608 1.942854
vt 0.326938 1.943040
vt 0.326732 1.943325
vt 0.327581 1.943460
vt 0.840066 1.036063
vt 0.841909 1.035656
vt 0.840357 1.036562
vt 0.839349 1.036480
vt 0.033854 1.868944
vt 0.035648 1.868719
vt 0.035639 1.868382
vt 0.036497 1.868584
vt 0.839639 1.036980
vt 0.839250 1.037263
vt 0.036291 1.868300
vt 0.036929 1.868304
vt 0.036621 1.868113
vt 0.037105 1.867836
vt 0.838458 1.036807
vt 0.838914 1.037591
vt 0.838910 1.036677
vt 0.036728 1.867763
vt 0.035702 1.867897
vt 0.036020 1.865639
vt 0.033483 1.865958
vt 0.032199 1.855576
vt 0.033956 1.855363
vt 0.037430 1.865461
vt 0.037808 1.865432
vt 0.035226 1.855177
vt 0.034853 1.855254
vt 0.836125 1.037476
vt 0.837173 1.039286
vt 0.827300 1.043304
vt 0.827723 1.044036
vt 0.327998 1.929915
vt 0.325420 1.940172
vt 0.328371 1.929994
vt 0.826730 1.043666
vt 0.328447 1.929448
vt 0.328202 1.929229
vt 0.328721 1.929343
vt 0.328590 1.929046
vt 0.329400 1.929416
vt 0.331111 1.929624
vt 0.329441 1.929107
vt 0.825736 1.044418
vt 0.826245 1.044912
vt 0.826799 1.044551
vt 0.824472 1.045347
vt 0.331149 1.929317
vt 0.826403 1.043834
vt 0.034504 1.854603
vt 0.034634 1.854307
vt 0.033783 1.854367
vt 0.827117 1.044351
vt 0.034777 1.854709
vt 0.035022 1.854490
vt 0.033824 1.854676
vt 0.032113 1.854885
vt 0.032075 1.854578
vt 0.030447 1.855095
vt 0.030411 1.854785
vt 0.029731 1.855193
vt 0.030488 1.855792
vt 0.029528 1.854938
vt 0.822525 1.047046
vt 0.822209 1.046499
vt 0.822245 1.046762
vt 0.823248 1.046649
vt 0.029196 1.855211
vt 0.855772 1.026727
vt 0.856202 1.027458
vt 0.856715 1.027074
vt 0.856427 1.026448
vt 0.029490 1.855361
vt 0.029165 1.855927
vt 0.822313 1.046791
vt 0.334060 1.930663
vt 0.334027 1.929948
vt 0.333678 1.930649
vt 0.333734 1.930099
vt 0.333696 1.929677
vt 0.333492 1.929931
vt 0.332736 1.930531
vt 0.332777 1.929832
vt 0.332812 1.929523
vt 0.822937 1.045970
vt 0.824788 1.045987
vt 0.333695 1.941175
vt 0.326123 1.942577
vt 0.326300 1.943044
vt 0.046735 1.990865
vt 0.046724 1.985704
vt 0.044988 1.990875
vt 0.047954 1.990857
vt 0.808102 1.582975
vt 0.808102 1.584199
vt 0.809856 1.582976
vt 0.809857 1.584199
vt 0.043325 1.985691
vt 0.042892 1.985699
vt 0.042894 1.990886
vt 0.043329 1.990883
vt 0.038356 1.985706
vt 0.809857 1.578423
vt 0.038345 1.990896
vt 0.810291 1.582976
vt 0.044554 1.990877
vt 0.810291 1.584199
vt 0.044979 1.985689
vt 0.044546 1.985685
vt 0.046692 1.981347
vt 0.044955 1.981332
vt 0.046653 1.979470
vt 0.044917 1.979503
vt 0.044525 1.981326
vt 0.043317 1.981334
vt 0.043315 1.979509
vt 0.044500 1.979511
vt 0.043315 1.977612
vt 0.044519 1.977630
vt 0.044943 1.977600
vt 0.044982 1.971422
vt 0.046700 1.971266
vt 0.046664 1.977483
vt 0.047894 1.977488
vt 0.047930 1.971260
vt 0.046730 1.964801
vt 0.047966 1.964794
vt 0.046807 1.960241
vt 0.045009 1.964963
vt 0.044551 1.971461
vt 0.045088 1.960405
vt 0.044573 1.965004
vt 0.801236 1.274536
vt 0.800796 1.274549
vt 0.800763 1.275787
vt 0.799033 1.275797
vt 0.044635 1.960446
vt 0.799065 1.274580
vt 0.052504 1.964780
vt 0.052523 1.960227
vt 0.048021 1.960234
vt 0.799059 1.280304
vt 0.052476 1.971243
vt 0.053831 1.971237
vt 0.053853 1.964778
vt 0.034421 1.971213
vt 0.036138 1.971372
vt 0.034361 1.964777
vt 0.053867 1.960228
vt 0.036076 1.964937
vt 0.034199 1.960241
vt 0.035946 1.960400
vt 0.036510 1.964977
vt 0.036401 1.960439
vt 0.037872 1.964979
vt 0.037922 1.971417
vt 0.036568 1.971412
vt 0.037969 1.977584
vt 0.038351 1.971376
vt 0.038306 1.964937
vt 0.038265 1.960393
vt 0.042892 1.971405
vt 0.042893 1.964954
vt 0.043322 1.971447
vt 0.043328 1.964995
vt 0.042891 1.977574
vt 0.043342 1.960439
vt 0.801202 1.275772
vt 0.042895 1.960397
vt 0.042893 1.979501
vt 0.038392 1.977547
vt 0.037967 1.979486
vt 0.038390 1.979480
vt 0.037954 1.981327
vt 0.036646 1.979479
vt 0.036633 1.977582
vt 0.036209 1.977550
vt 0.036229 1.979472
vt 0.034506 1.979443
vt 0.034489 1.977418
vt 0.036174 1.981328
vt 0.053813 1.977472
vt 0.052452 1.977479
vt 0.053820 1.979434
vt 0.052455 1.979439
vt 0.053831 1.981306
vt 0.047893 1.979462
vt 0.052465 1.981307
vt 0.053852 1.985679
vt 0.034430 1.981360
vt 0.036121 1.985705
vt 0.034367 1.985731
vt 0.053863 1.990840
vt 0.052487 1.985680
vt 0.034350 1.990898
vt 0.036105 1.990897
vt 0.047942 1.985698
vt 0.047912 1.981333
vt 0.052498 1.990841
vt 0.808102 1.578423
vt 0.809857 1.577058
vt 0.808102 1.577058
vt 0.810291 1.577058
vt 0.036541 1.990897
vt 0.036556 1.985700
vt 0.037910 1.990896
vt 0.036604 1.981321
vt 0.037922 1.985700
vt 0.038383 1.981339
vt 0.042889 1.981346
vt 0.810291 1.578423
vt 0.037819 1.960436
vt 0.801229 1.280340
vt 0.800789 1.280324
vt 0.800841 1.281676
vt 0.799111 1.281633
vt 0.801280 1.281690
vt 0.191463 1.986138
vt 0.191920 1.986205
vt 0.191876 1.978333
vt 0.196866 1.986321
vt 0.887720 1.510953
vt 0.889437 1.511106
vt 0.889411 1.506401
vt 0.889856 1.506438
vt 0.890044 1.505050
vt 0.887709 1.506258
vt 0.889598 1.505014
vt 0.189939 1.986126
vt 0.190001 1.978224
vt 0.189476 1.986192
vt 0.190061 1.976776
vt 0.189550 1.978291
vt 0.191434 1.978250
vt 0.191464 1.976779
vt 0.189631 1.976845
vt 0.190108 1.975430
vt 0.189659 1.975447
vt 0.189992 1.961018
vt 0.191476 1.975407
vt 0.189562 1.961034
vt 0.803231 1.292904
vt 0.803229 1.291511
vt 0.802797 1.292892
vt 0.191370 1.960966
vt 0.191799 1.960968
vt 0.802795 1.291498
vt 0.196550 1.975529
vt 0.196357 1.960881
vt 0.191927 1.975405
vt 0.801049 1.291451
vt 0.801051 1.292844
vt 0.802792 1.286880
vt 0.191890 1.976866
vt 0.196592 1.976989
vt 0.197021 1.976920
vt 0.196609 1.978454
vt 0.196999 1.975527
vt 0.196789 1.960872
vt 0.198266 1.976959
vt 0.198213 1.975604
vt 0.198028 1.960882
vt 0.803226 1.286889
vt 0.803231 1.285650
vt 0.198463 1.960880
vt 0.802798 1.285640
vt 0.198658 1.975603
vt 0.200214 1.960884
vt 0.801055 1.285596
vt 0.801048 1.286836
vt 0.186441 1.975575
vt 0.186443 1.961092
vt 0.181875 1.961103
vt 0.181725 1.975776
vt 0.180638 1.961136
vt 0.181728 1.977259
vt 0.186450 1.977089
vt 0.180465 1.975864
vt 0.180453 1.977314
vt 0.200426 1.977277
vt 0.200450 1.975626
vt 0.198695 1.977022
vt 0.198353 1.978408
vt 0.198810 1.978471
vt 0.200570 1.978749
vt 0.199164 1.986356
vt 0.198703 1.986300
vt 0.197316 1.986255
vt 0.197051 1.978376
vt 0.890045 1.512443
vt 0.889885 1.511150
vt 0.889597 1.512398
vt 0.887872 1.512242
vt 0.200872 1.986593
vt 0.180314 1.986715
vt 0.181615 1.986650
vt 0.180456 1.978819
vt 0.181737 1.978761
vt 0.186364 1.986489
vt 0.186444 1.978608
vt 0.187784 1.986469
vt 0.187840 1.978598
vt 0.187898 1.977119
vt 0.187861 1.975549
vt 0.187829 1.961110
vt 0.887896 1.504875
vt 0.324158 1.889134
vt 0.323311 1.891248
vt 0.324388 1.891375
vt 0.319147 1.888515
vt 0.321211 1.878236
vt 0.324679 1.878665
vt 0.325636 1.889313
vt 0.324195 1.891690
vt 0.326008 1.889377
vt 0.324736 1.891539
vt 0.117041 1.613003
vt 0.116421 1.610698
vt 0.114974 1.613015
vt 0.115491 1.610647
vt 0.116303 1.610234
vt 0.324449 1.891950
vt 0.115593 1.610209
vt 0.115646 1.609741
vt 0.323825 1.891788
vt 0.323960 1.892115
vt 0.116240 1.609751
vt 0.116225 1.608870
vt 0.115648 1.608874
vt 0.045707 1.816159
vt 0.045844 1.815833
vt 0.044939 1.815917
vt 0.046077 1.816258
vt 0.046332 1.815999
vt 0.045192 1.816700
vt 0.046270 1.816573
vt 0.047515 1.818638
vt 0.046618 1.816411
vt 0.046037 1.818815
vt 0.047888 1.818574
vt 0.047488 1.829168
vt 0.047542 1.829718
vt 0.047869 1.829153
vt 0.046545 1.829285
vt 0.041026 1.819428
vt 0.043076 1.829709
vt 0.046583 1.829982
vt 0.047300 1.829885
vt 0.047836 1.829869
vt 0.047502 1.830141
vt 0.046617 1.830290
vt 0.116050 1.584643
vt 0.115307 1.584648
vt 0.115314 1.585507
vt 0.115298 1.584279
vt 0.116056 1.585501
vt 0.116053 1.584270
vt 0.325637 1.877811
vt 0.325434 1.878065
vt 0.325676 1.878233
vt 0.324752 1.877660
vt 0.325970 1.878082
vt 0.326003 1.878798
vt 0.325622 1.878783
vt 0.116446 1.624200
vt 0.116473 1.623511
vt 0.115668 1.624202
vt 0.115630 1.623542
vt 0.324718 1.877969
vt 0.321389 1.877242
vt 0.116083 1.588867
vt 0.115340 1.588872
vt 0.321345 1.877549
vt 0.320667 1.877475
vt 0.320536 1.877178
vt 0.116106 1.590059
vt 0.116092 1.589683
vt 0.115344 1.589686
vt 0.320147 1.877360
vt 0.320392 1.877580
vt 0.319941 1.878047
vt 0.116148 1.590737
vt 0.115305 1.590722
vt 0.115336 1.590050
vt 0.114814 1.601281
vt 0.039615 1.819604
vt 0.039238 1.819631
vt 0.041806 1.829895
vt 0.042011 1.830582
vt 0.042179 1.829818
vt 0.040325 1.817301
vt 0.041351 1.817171
vt 0.040434 1.816952
vt 0.039948 1.817226
vt 0.116881 1.601213
vt 0.115433 1.603552
vt 0.116363 1.603616
vt 0.115542 1.604041
vt 0.040127 1.816758
vt 0.116253 1.604028
vt 0.116200 1.604511
vt 0.115605 1.604509
vt 0.040765 1.816767
vt 0.040562 1.816481
vt 0.041418 1.816687
vt 0.045013 1.816247
vt 0.041410 1.816350
vt 0.116197 1.605335
vt 0.115620 1.605339
vt 0.319529 1.891594
vt 0.323057 1.892029
vt 0.319537 1.891257
vt 0.318884 1.891176
vt 0.318680 1.891462
vt 0.319469 1.890773
vt 0.318552 1.890991
vt 0.318246 1.891184
vt 0.318444 1.890641
vt 0.318066 1.890715
vt 0.317736 1.888337
vt 0.317359 1.888308
vt 0.320314 1.878126
vt 0.323132 1.891701
vt 0.042256 1.830363
vt 0.042530 1.830469
vt 0.042399 1.830765
vt 0.043209 1.830396
vt 0.043252 1.830703
vt 0.270293 1.455806
vt 0.270028 1.453617
vt 0.268130 1.453853
vt 0.272832 1.455502
vt 0.273306 1.465973
vt 0.271549 1.466190
vt 0.267822 1.456108
vt 0.267164 1.453639
vt 0.267053 1.453991
vt 0.267498 1.453453
vt 0.268191 1.453369
vt 0.266854 1.453449
vt 0.266676 1.453916
vt 0.267288 1.453170
vt 0.777321 1.386966
vt 0.777273 1.386482
vt 0.776679 1.386479
vt 0.776611 1.386945
vt 0.777428 1.387380
vt 0.776497 1.387434
vt 0.775856 1.389699
vt 0.795588 1.926923
vt 0.794321 1.924762
vt 0.795215 1.926988
vt 0.794036 1.924351
vt 0.793973 1.924926
vt 0.792895 1.925050
vt 0.793781 1.924610
vt 0.793411 1.924510
vt 0.793547 1.924184
vt 0.792719 1.924595
vt 0.792646 1.924265
vt 0.777280 1.385612
vt 0.777311 1.383868
vt 0.776703 1.385602
vt 0.776735 1.383858
vt 0.790897 1.924479
vt 0.268183 1.453031
vt 0.269931 1.452818
vt 0.269971 1.453151
vt 0.271979 1.453387
vt 0.271800 1.452932
vt 0.272454 1.452855
vt 0.271728 1.452601
vt 0.272819 1.452958
vt 0.272584 1.452529
vt 0.273007 1.453270
vt 0.273071 1.452697
vt 0.274244 1.455336
vt 0.273355 1.453109
vt 0.274617 1.455273
vt 0.777545 1.380354
vt 0.778125 1.377974
vt 0.776617 1.380284
vt 0.776722 1.380749
vt 0.777432 1.380791
vt 0.777367 1.381258
vt 0.788129 1.925309
vt 0.787822 1.925117
vt 0.787644 1.925584
vt 0.776772 1.381233
vt 0.788459 1.925122
vt 0.788254 1.924837
vt 0.789048 1.925525
vt 0.789111 1.925041
vt 0.790996 1.925278
vt 0.789102 1.924703
vt 0.790938 1.924812
vt 0.793737 1.927166
vt 0.791266 1.927467
vt 0.792544 1.937848
vt 0.794254 1.937633
vt 0.788728 1.927782
vt 0.795197 1.937515
vt 0.795253 1.938065
vt 0.795010 1.938233
vt 0.794295 1.938330
vt 0.795578 1.937500
vt 0.795546 1.938215
vt 0.777085 1.400255
vt 0.776241 1.400261
vt 0.776261 1.400937
vt 0.777922 1.389788
vt 0.265967 1.456320
vt 0.266344 1.456292
vt 0.268520 1.466583
vt 0.268893 1.466505
vt 0.269837 1.466393
vt 0.268972 1.467052
vt 0.268724 1.467270
vt 0.777722 1.361389
vt 0.777735 1.361017
vt 0.776980 1.361006
vt 0.777040 1.400929
vt 0.269112 1.467454
vt 0.269248 1.467158
vt 0.270006 1.467389
vt 0.777706 1.362247
vt 0.776964 1.362234
vt 0.776979 1.361375
vt 0.269966 1.467080
vt 0.271671 1.467188
vt 0.271633 1.466881
vt 0.273378 1.466981
vt 0.273344 1.466670
vt 0.777646 1.365612
vt 0.777676 1.363908
vt 0.776903 1.365599
vt 0.776886 1.366413
vt 0.777634 1.366427
vt 0.274219 1.466835
vt 0.274551 1.466564
vt 0.274020 1.466579
vt 0.777637 1.366795
vt 0.274260 1.466410
vt 0.274203 1.465863
vt 0.274584 1.465849
vt 0.777662 1.367484
vt 0.776057 1.377989
vt 0.776820 1.367446
vt 0.787317 1.927960
vt 0.786940 1.927989
vt 0.789516 1.938247
vt 0.776869 1.366785
vt 0.789720 1.938933
vt 0.789889 1.938169
vt 0.790786 1.938059
vt 0.788022 1.925658
vt 0.792629 1.938539
vt 0.790917 1.938746
vt 0.790240 1.938819
vt 0.789966 1.938715
vt 0.790958 1.939055
vt 0.790108 1.939116
vt 0.792667 1.938846
vt 0.776934 1.363894
vt 0.794331 1.938641
vt 0.795214 1.938488
vt 0.777343 1.382078
vt 0.776767 1.382067
vt 0.335439 1.976005
vt 0.335007 1.976018
vt 0.335010 1.981262
vt 0.335436 1.973924
vt 0.336660 1.976000
vt 0.336671 1.981252
vt 0.335444 1.981255
vt 0.330467 1.976019
vt 0.330452 1.981267
vt 0.335010 1.986777
vt 0.799207 1.354406
vt 0.797453 1.354406
vt 0.797452 1.355629
vt 0.799207 1.355629
vt 0.335446 1.986776
vt 0.797017 1.355630
vt 0.797452 1.360182
vt 0.330446 1.986784
vt 0.799207 1.360182
vt 0.330010 1.986784
vt 0.797453 1.361547
vt 0.797018 1.360182
vt 0.797018 1.361547
vt 0.328638 1.986784
vt 0.328647 1.981261
vt 0.328201 1.986784
vt 0.330017 1.981261
vt 0.328674 1.976005
vt 0.328211 1.981267
vt 0.328242 1.976016
vt 0.326493 1.976060
vt 0.326457 1.981294
vt 0.326537 1.973938
vt 0.345985 1.976039
vt 0.345983 1.973948
vt 0.344619 1.973947
vt 0.344621 1.976039
vt 0.345993 1.981271
vt 0.344629 1.981271
vt 0.340065 1.976044
vt 0.340057 1.973945
vt 0.340079 1.981277
vt 0.338842 1.976048
vt 0.338821 1.973944
vt 0.337093 1.976010
vt 0.337068 1.973929
vt 0.338837 1.971739
vt 0.340062 1.971746
vt 0.338849 1.965891
vt 0.337088 1.971763
vt 0.336656 1.971770
vt 0.337099 1.965927
vt 0.336641 1.973926
vt 0.335438 1.971765
vt 0.335443 1.965934
vt 0.336666 1.965936
vt 0.336672 1.959210
vt 0.335446 1.959209
vt 0.337105 1.959200
vt 0.335453 1.952433
vt 0.335012 1.959199
vt 0.335011 1.965923
vt 0.335017 1.952424
vt 0.330453 1.959197
vt 0.330440 1.952422
vt 0.151835 1.421112
vt 0.150083 1.421112
vt 0.150083 1.425664
vt 0.151835 1.425664
vt 0.152269 1.421112
vt 0.152269 1.419888
vt 0.151835 1.419888
vt 0.150083 1.419888
vt 0.344634 1.959166
vt 0.344644 1.952388
vt 0.340097 1.952387
vt 0.340081 1.959164
vt 0.338877 1.952386
vt 0.338857 1.959162
vt 0.340073 1.965894
vt 0.344626 1.965898
vt 0.344619 1.971755
vt 0.345984 1.971755
vt 0.328276 1.973926
vt 0.328252 1.971752
vt 0.326505 1.971719
vt 0.345990 1.965899
vt 0.326482 1.965879
vt 0.328683 1.971761
vt 0.328665 1.965928
vt 0.328232 1.965918
vt 0.330041 1.971758
vt 0.330029 1.965928
vt 0.328652 1.959206
vt 0.330019 1.959206
vt 0.328624 1.952431
vt 0.328218 1.959196
vt 0.326467 1.959157
vt 0.326428 1.952382
vt 0.328186 1.952422
vt 0.152269 1.427029
vt 0.152269 1.425664
vt 0.151835 1.427029
vt 0.150083 1.427029
vt 0.330003 1.952431
vt 0.345999 1.959166
vt 0.346008 1.952388
vt 0.330462 1.965919
vt 0.330472 1.971749
vt 0.335007 1.971754
vt 0.335007 1.973927
vt 0.330042 1.973922
vt 0.330471 1.973925
vt 0.330035 1.976007
vt 0.328701 1.973923
vt 0.337124 1.952425
vt 0.336687 1.952434
vt 0.337107 1.981257
vt 0.338858 1.981280
vt 0.336674 1.986771
vt 0.337110 1.986770
vt 0.797018 1.354406
vt 0.338862 1.986763
vt 0.340083 1.986759
vt 0.344632 1.986751
vt 0.345997 1.986751
vt 0.326447 1.986784
vt 0.799207 1.361546
vt 0.271298 1.483008
vt 0.271563 1.485197
vt 0.273461 1.484961
vt 0.268760 1.483311
vt 0.268286 1.472840
vt 0.270043 1.472624
vt 0.273770 1.482706
vt 0.273399 1.485445
vt 0.274537 1.484823
vt 0.274426 1.485176
vt 0.274092 1.485361
vt 0.274737 1.485366
vt 0.274915 1.484898
vt 0.274303 1.485645
vt 0.783807 1.194735
vt 0.783853 1.195235
vt 0.784447 1.195248
vt 0.784516 1.194796
vt 0.783702 1.194275
vt 0.784630 1.194355
vt 0.802458 1.336689
vt 0.802769 1.336500
vt 0.802335 1.336220
vt 0.802568 1.337041
vt 0.802945 1.336968
vt 0.801492 1.336902
vt 0.803272 1.339345
vt 0.801795 1.339157
vt 0.803649 1.339373
vt 0.800697 1.349552
vt 0.783150 1.191953
vt 0.785217 1.192001
vt 0.784865 1.181461
vt 0.801070 1.349630
vt 0.784020 1.181465
vt 0.784846 1.180785
vt 0.800616 1.350099
vt 0.800864 1.350317
vt 0.800341 1.350204
vt 0.799754 1.349437
vt 0.800476 1.350500
vt 0.799623 1.350124
vt 0.783928 1.220345
vt 0.783185 1.220328
vt 0.783926 1.220713
vt 0.799582 1.350433
vt 0.783945 1.219486
vt 0.783171 1.220701
vt 0.272345 1.471656
vt 0.272482 1.471360
vt 0.271587 1.471425
vt 0.783203 1.219470
vt 0.272869 1.471545
vt 0.272620 1.471763
vt 0.273072 1.472231
vt 0.272699 1.472309
vt 0.784068 1.180791
vt 0.275248 1.482523
vt 0.271755 1.472422
vt 0.269961 1.471932
vt 0.271628 1.471734
vt 0.269923 1.471626
vt 0.783238 1.217810
vt 0.783980 1.217825
vt 0.784016 1.216120
vt 0.783273 1.216105
vt 0.268215 1.471832
vt 0.784036 1.215304
vt 0.783288 1.215293
vt 0.267374 1.471978
vt 0.268249 1.472142
vt 0.267572 1.472234
vt 0.267041 1.472250
vt 0.267332 1.472403
vt 0.267008 1.472965
vt 0.267389 1.472950
vt 0.266975 1.483541
vt 0.782910 1.203691
vt 0.783263 1.214255
vt 0.784976 1.203786
vt 0.784106 1.214252
vt 0.783286 1.214925
vt 0.795374 1.338369
vt 0.795002 1.338305
vt 0.795007 1.348882
vt 0.784054 1.214930
vt 0.795039 1.349597
vt 0.795389 1.348897
vt 0.796618 1.336307
vt 0.796286 1.349009
vt 0.796786 1.338540
vt 0.797645 1.336427
vt 0.796807 1.335994
vt 0.796270 1.336143
vt 0.797173 1.335894
vt 0.796556 1.335733
vt 0.797825 1.335973
vt 0.797043 1.335567
vt 0.784337 1.200479
vt 0.783743 1.200473
vt 0.784383 1.200963
vt 0.797899 1.335643
vt 0.784346 1.199655
vt 0.799693 1.335863
vt 0.799652 1.336196
vt 0.783769 1.199643
vt 0.784383 1.197865
vt 0.801431 1.336417
vt 0.783807 1.197853
vt 0.784420 1.196121
vt 0.801441 1.336079
vt 0.802124 1.336503
vt 0.783843 1.196109
vt 0.271659 1.485996
vt 0.273408 1.485783
vt 0.271619 1.485664
vt 0.269613 1.485426
vt 0.269791 1.485881
vt 0.269138 1.485958
vt 0.269863 1.486212
vt 0.268773 1.485856
vt 0.269008 1.486284
vt 0.268585 1.485543
vt 0.268520 1.486117
vt 0.267348 1.483478
vt 0.268236 1.485705
vt 0.783558 1.201428
vt 0.784489 1.201377
vt 0.783674 1.200940
vt 0.799594 1.336662
vt 0.799324 1.338850
vt 0.798042 1.349231
vt 0.797957 1.349922
vt 0.796246 1.349707
vt 0.797919 1.350228
vt 0.795570 1.349613
vt 0.796211 1.350017
vt 0.795330 1.349444
vt 0.795371 1.349869
vt 0.275625 1.482496
vt 0.576243 1.301797
vt 0.576478 1.299529
vt 0.575392 1.299690
vt 0.581287 1.301088
vt 0.581784 1.311671
vt 0.578285 1.312164
vt 0.574758 1.302011
vt 0.574947 1.299598
vt 0.574319 1.302063
vt 0.575494 1.299337
vt 0.575125 1.299118
vt 0.575826 1.299143
vt 0.575559 1.298819
vt 0.576526 1.299042
vt 0.576472 1.298650
vt 0.332268 1.201266
vt 0.331728 1.201018
vt 0.331519 1.201674
vt 0.330725 1.200822
vt 0.330793 1.201524
vt 0.327109 1.201396
vt 0.580156 1.298529
vt 0.580040 1.298144
vt 0.580354 1.298981
vt 0.580817 1.298442
vt 0.582707 1.300894
vt 0.581392 1.298844
vt 0.581190 1.298537
vt 0.581429 1.298221
vt 0.580920 1.298058
vt 0.581753 1.298631
vt 0.325869 1.202350
vt 0.325540 1.202806
vt 0.326566 1.202668
vt 0.326270 1.201907
vt 0.326600 1.203073
vt 0.326767 1.202368
vt 0.583540 1.531892
vt 0.583377 1.531494
vt 0.582887 1.531666
vt 0.583173 1.531995
vt 0.582598 1.532097
vt 0.324413 1.205069
vt 0.326972 1.205446
vt 0.582992 1.532321
vt 0.581373 1.534373
vt 0.584032 1.532447
vt 0.583228 1.534648
vt 0.581806 1.534468
vt 0.582739 1.545142
vt 0.581832 1.545023
vt 0.581385 1.544997
vt 0.324450 1.215771
vt 0.324503 1.216497
vt 0.325488 1.215881
vt 0.325447 1.216517
vt 0.581435 1.545730
vt 0.325480 1.216864
vt 0.581781 1.545568
vt 0.581768 1.546021
vt 0.324560 1.216896
vt 0.324696 1.217742
vt 0.325613 1.217645
vt 0.582022 1.545736
vt 0.582629 1.546199
vt 0.582700 1.545842
vt 0.586036 1.546643
vt 0.325398 1.221086
vt 0.326311 1.220963
vt 0.325590 1.221936
vt 0.326502 1.221808
vt 0.586960 1.546704
vt 0.586110 1.546285
vt 0.586832 1.546362
vt 0.586240 1.545598
vt 0.588281 1.535305
vt 0.587194 1.545719
vt 0.587104 1.546258
vt 0.587365 1.546503
vt 0.587598 1.545803
vt 0.340420 1.212023
vt 0.334750 1.203025
vt 0.339603 1.212672
vt 0.332746 1.204663
vt 0.590177 1.535511
vt 0.340037 1.213191
vt 0.576904 1.312418
vt 0.577131 1.313117
vt 0.577334 1.312296
vt 0.340779 1.212603
vt 0.577419 1.312844
vt 0.577695 1.312945
vt 0.577525 1.313303
vt 0.578418 1.312856
vt 0.578443 1.313233
vt 0.581824 1.312377
vt 0.581846 1.312756
vt 0.582707 1.312578
vt 0.582501 1.312265
vt 0.582738 1.312089
vt 0.583047 1.312289
vt 0.582689 1.311541
vt 0.583101 1.311550
vt 0.583109 1.300829
vt 0.325650 1.222303
vt 0.326585 1.222171
vt 0.332751 1.201533
vt 0.331965 1.202311
vt 0.589394 1.532969
vt 0.589768 1.535503
vt 0.589003 1.533101
vt 0.587913 1.532950
vt 0.588880 1.532735
vt 0.589189 1.532473
vt 0.331801 1.201927
vt 0.588740 1.532182
vt 0.588539 1.532538
vt 0.587826 1.532030
vt 0.587837 1.532445
vt 0.584201 1.531975
vt 0.584253 1.531569
vt 0.327376 1.202053
vt -0.717478 1.215459
vt -0.722380 1.211274
vt -0.727947 1.218695
vt -0.713146 1.209634
vt -0.706783 1.215873
vt -0.710727 1.221763
vt -0.722346 1.222342
vt -0.738082 1.212448
vt -0.732620 1.226957
vt -0.731589 1.204385
vt -0.717773 1.204683
vt -0.727213 1.197388
vt -0.820598 1.013688
vt -0.820385 1.020240
vt -0.812350 1.014174
vt -0.811012 1.003082
vt -0.819222 1.001953
vt -0.801104 1.003954
vt -0.790706 1.004876
vt -0.802988 1.014868
vt -0.792909 1.015682
vt -0.782391 1.015855
vt -0.780189 1.004004
vt -0.768896 1.004976
vt -0.771221 1.016490
vt -0.758318 1.008129
vt -0.760089 1.018139
vt -0.747456 1.010667
vt -0.761189 1.023702
vt -0.749131 1.019574
vt -0.750193 1.024397
vt -0.738636 1.020161
vt -0.769439 1.318546
vt -0.766416 1.309900
vt -0.774236 1.306164
vt -0.762054 1.311769
vt -0.739783 1.024897
vt -0.764955 1.320534
vt -0.736954 1.011469
vt -0.777364 1.314420
vt -0.758591 1.302819
vt -0.754750 1.315196
vt -0.763345 1.300873
vt -0.758101 1.323351
vt -0.749420 1.317768
vt -0.751969 1.305736
vt -0.753993 1.294021
vt -0.746637 1.297130
vt -0.747265 1.308126
vt -0.745444 1.320203
vt -0.742896 1.311077
vt -0.740996 1.300227
vt -0.741515 1.288267
vt -0.735626 1.291684
vt -0.735955 1.303656
vt -0.730450 1.282203
vt -0.736610 1.278630
vt -0.730392 1.295215
vt -0.743606 1.274550
vt -0.732465 1.268144
vt -0.726086 1.272035
vt -0.719732 1.275687
vt -0.722086 1.262010
vt -0.715558 1.265980
vt -0.711964 1.269177
vt -0.707655 1.259522
vt -0.711279 1.256298
vt -0.702170 1.250348
vt -0.697555 1.253208
vt -0.703083 1.262546
vt -0.698164 1.240810
vt -0.691487 1.255774
vt -0.693698 1.243201
vt -0.687509 1.245820
vt -0.683591 1.237199
vt -0.679992 1.248536
vt -0.676443 1.239492
vt -0.689762 1.235391
vt -0.681038 1.228730
vt -0.673255 1.230586
vt -0.819863 1.057292
vt -0.819570 1.065756
vt -0.811361 1.058776
vt -0.665893 1.233207
vt -0.810466 1.067803
vt -0.819607 1.074258
vt -0.810545 1.076727
vt -0.820355 1.083258
vt -0.658505 1.236608
vt -0.668896 1.242374
vt -0.660945 1.245364
vt -0.662780 1.254617
vt -0.671617 1.251424
vt -0.664895 1.264983
vt -0.674729 1.261654
vt -0.653244 1.257829
vt -0.678465 1.272152
vt -0.654360 1.268080
vt -0.667943 1.275676
vt -0.688201 1.268840
vt -0.692568 1.279464
vt -0.682669 1.283053
vt -0.700940 1.275874
vt -0.705445 1.286968
vt -0.696906 1.291227
vt -0.711924 1.282692
vt -0.707465 1.272386
vt -0.696522 1.265659
vt -0.716279 1.279029
vt -0.724464 1.285761
vt -0.720975 1.289299
vt -0.716329 1.293308
vt -0.722432 1.303318
vt -0.727289 1.298820
vt -0.727889 1.312551
vt -0.733052 1.307424
vt -0.732748 1.320332
vt -0.738349 1.314933
vt -0.737601 1.327280
vt -0.741793 1.322915
vt -0.747137 1.328999
vt -0.744283 1.333220
vt -0.733156 1.334844
vt -0.726243 1.328107
vt -0.719707 1.337635
vt -0.719896 1.319797
vt -0.709562 1.329794
vt -0.728559 1.343895
vt -0.714048 1.348529
vt -0.704540 1.345079
vt -0.723494 1.352937
vt -0.709705 1.358565
vt -0.700380 1.356215
vt -0.693153 1.354617
vt -0.695490 1.344329
vt -0.698069 1.364714
vt -0.687400 1.346344
vt -0.685698 1.335780
vt -0.696486 1.332245
vt -0.682721 1.323878
vt -0.694346 1.319768
vt -0.704995 1.315505
vt -0.690740 1.307327
vt -0.679131 1.311405
vt -0.666555 1.315955
vt -0.662701 1.303020
vt -0.675297 1.298847
vt -0.686695 1.295042
vt -0.671070 1.329248
vt -0.659770 1.335285
vt -0.667330 1.349375
vt -0.676091 1.341381
vt -0.680961 1.351322
vt -0.685878 1.358692
vt -0.677089 1.357989
vt -0.688546 1.353444
vt -0.691313 1.362791
vt -0.695854 1.372881
vt -0.689686 1.369893
vt -0.689480 1.381568
vt -0.683804 1.365286
vt -0.686891 1.377687
vt -0.682159 1.372436
vt -0.723230 1.123435
vt -0.727660 1.114167
vt -0.724277 1.125644
vt -0.728620 1.120717
vt -0.726091 1.128581
vt -0.730527 1.125252
vt -0.726905 1.132141
vt -0.675934 1.365997
vt -0.732654 1.129505
vt -0.668017 1.361066
vt -0.726604 1.136290
vt -0.737996 1.127764
vt -0.741743 1.133291
vt -0.734213 1.134207
vt -0.734259 1.122898
vt -0.743199 1.124348
vt -0.751400 1.129810
vt -0.744479 1.115926
vt -0.753076 1.116633
vt -0.738251 1.121098
vt -0.732287 1.117089
vt -0.737572 1.115504
vt -0.731802 1.110395
vt -0.736929 1.107821
vt -0.744321 1.105896
vt -0.737281 1.098868
vt -0.744041 1.095355
vt -0.753026 1.104080
vt -0.762626 1.102259
vt -0.752188 1.091587
vt -0.761905 1.088808
vt -0.749982 1.078080
vt -0.741764 1.085621
vt -0.736600 1.076247
vt -0.741304 1.069070
vt -0.736205 1.089773
vt -0.732635 1.092108
vt -0.732630 1.081017
vt -0.732362 1.101113
vt -0.729548 1.363454
vt -0.727211 1.366713
vt -0.717444 1.366050
vt -0.730212 1.082899
vt -0.733222 1.357736
vt -0.719422 1.360790
vt -0.707718 1.365692
vt -0.707031 1.371113
vt -0.716824 1.370018
vt -0.717453 1.373911
vt -0.708196 1.376109
vt -0.719175 1.378453
vt -0.698725 1.379235
vt -0.710679 1.381448
vt -0.714358 1.387979
vt -0.702199 1.385186
vt -0.706627 1.392004
vt -0.711359 1.398215
vt -0.722427 1.384387
vt -0.718372 1.394239
vt -0.704628 1.403142
vt -0.717225 1.405405
vt -0.710221 1.408601
vt -0.698501 1.115674
vt -0.695283 1.113408
vt -0.700636 1.106731
vt -0.713110 1.413535
vt -0.703750 1.116341
vt -0.703177 1.108323
vt -0.705130 1.098732
vt -0.701433 1.096902
vt -0.697201 1.104384
vt -0.691749 1.110875
vt -0.696639 1.094808
vt -0.692838 1.101476
vt -0.687055 1.107303
vt -0.719671 1.424134
vt -0.715817 1.418381
vt -0.723126 1.414379
vt -0.720422 1.410041
vt -0.722632 1.400091
vt -0.727086 1.405817
vt -0.729208 1.395711
vt -0.733769 1.401002
vt -0.730392 1.409402
vt -0.726768 1.419111
vt -0.737599 1.404444
vt -0.733137 1.412401
vt -0.736435 1.416545
vt -0.723482 1.428050
vt -0.729032 1.422443
vt -0.738893 1.419982
vt -0.744533 1.411790
vt -0.743229 1.425301
vt -0.746651 1.421224
vt -0.737851 1.426699
vt -0.746482 1.414521
vt -0.731336 1.424918
vt -0.751293 1.421962
vt -0.751812 1.412399
vt -0.691466 1.085989
vt -0.690256 1.079857
vt -0.693942 1.079776
vt -0.750353 1.408162
vt -0.682685 1.081909
vt -0.690303 1.092047
vt -0.686203 1.085367
vt -0.694438 1.086611
vt -0.686774 1.097456
vt -0.683932 1.089046
vt -0.693174 1.093284
vt -0.682303 1.093598
vt -0.689466 1.099363
vt -0.680825 1.101234
vt -0.677029 1.093562
vt -0.683445 1.104347
vt -0.727803 1.430441
vt -0.737998 1.431933
vt -0.677942 1.086707
vt -0.746207 1.429137
vt -0.697867 1.087581
vt -0.702686 1.088775
vt -0.698028 1.080279
vt -0.744060 1.399068
vt -0.748058 1.404059
vt -0.741561 1.408885
vt -0.703569 1.080803
vt -0.706704 1.089812
vt -0.707977 1.081505
vt -0.740324 1.395052
vt -0.709909 1.090878
vt -0.707154 1.100066
vt -0.709617 1.100712
vt -0.706904 1.108376
vt -0.713321 1.109809
vt -0.709756 1.117955
vt -0.699121 1.397169
vt -0.694121 1.390486
vt -0.716488 1.119830
vt -0.720271 1.111277
vt -0.721193 1.121598
vt -0.691006 1.385160
vt -0.725081 1.112811
vt -0.726363 1.103165
vt -0.722124 1.102942
vt -0.715814 1.102128
vt -0.723727 1.095399
vt -0.717881 1.094849
vt -0.711894 1.092829
vt -0.714744 1.085382
vt -0.711528 1.082972
vt -0.737103 1.391245
vt -0.734318 1.386251
vt -0.730671 1.380371
vt -0.726089 1.390548
vt -0.719899 1.086650
vt -0.724444 1.086604
vt -0.728091 1.374956
vt -0.726495 1.371606
vt -0.726983 1.085449
vt -0.726244 1.369039
vt -0.727609 1.094571
vt -0.728649 1.084178
vt -0.730211 1.093336
vt -0.729196 1.102566
vt -0.753013 1.063511
vt -0.743809 1.059461
vt -0.741082 1.340874
vt -0.737793 1.349894
vt -0.745131 1.050362
vt -0.754231 1.052040
vt -0.763177 1.054435
vt -0.754593 1.045250
vt -0.763821 1.048463
vt -0.754619 1.041701
vt -0.745551 1.044605
vt -0.753823 1.037567
vt -0.764414 1.044598
vt -0.745535 1.041097
vt -0.764148 1.039488
vt -0.752435 1.032107
vt -0.744071 1.036990
vt -0.753129 1.325159
vt -0.749572 1.326989
vt -0.742012 1.031947
vt -0.763006 1.032526
vt -0.772565 1.022962
vt -0.773954 1.032450
vt -0.783550 1.022485
vt -0.784883 1.032403
vt -0.775179 1.040927
vt -0.785908 1.041351
vt -0.774623 1.045578
vt -0.773703 1.050119
vt -0.785126 1.046215
vt -0.795823 1.039463
vt -0.795524 1.045947
vt -0.783999 1.050776
vt -0.805130 1.044244
vt -0.805277 1.037616
vt -0.795324 1.031100
vt -0.804925 1.029767
vt -0.794053 1.021690
vt -0.803923 1.020890
vt -0.813563 1.028965
vt -0.812857 1.020287
vt -0.820873 1.028914
vt -0.813713 1.036385
vt -0.820855 1.036197
vt -0.820792 1.042657
vt -0.813582 1.043131
vt -0.820386 1.045916
vt -0.812940 1.046379
vt -0.819999 1.050248
vt -0.812195 1.050950
vt -0.804270 1.048042
vt -0.794486 1.050338
vt -0.803286 1.053127
vt -0.793366 1.055686
vt -0.802174 1.061049
vt -0.792288 1.063304
vt -0.801213 1.070259
vt -0.782883 1.056199
vt -0.782044 1.063779
vt -0.791516 1.072388
vt -0.781523 1.073191
vt -0.791548 1.082170
vt -0.781573 1.084380
vt -0.792246 1.092725
vt -0.801370 1.079434
vt -0.802325 1.089028
vt -0.803571 1.099740
vt -0.811615 1.085820
vt -0.812602 1.095489
vt -0.806238 1.111415
vt -0.814037 1.105386
vt -0.793691 1.104496
vt -0.797221 1.118062
vt -0.783372 1.109106
vt -0.781955 1.096368
vt -0.772093 1.099708
vt -0.771924 1.086558
vt -0.771922 1.074421
vt -0.772344 1.064018
vt -0.761504 1.076081
vt -0.762380 1.064250
vt -0.772827 1.055769
vt -0.772938 1.113121
vt -0.762751 1.115641
vt -0.764203 1.129672
vt -0.769205 1.145529
vt -0.757060 1.145999
vt -0.775700 1.127162
vt -0.782233 1.143027
vt -0.786969 1.123448
vt -0.794414 1.137401
vt -0.804610 1.130236
vt -0.802798 1.148109
vt -0.791309 1.158202
vt -0.811523 1.121391
vt -0.816637 1.139354
vt -0.818976 1.127236
vt -0.827928 1.137235
vt -0.807818 1.153273
vt -0.818158 1.147077
vt -0.828469 1.144157
vt -0.831324 1.144744
vt -0.833607 1.143064
vt -0.826410 1.128904
vt -0.830800 1.136181
vt -0.825827 1.120500
vt -0.829577 1.128510
vt -0.820946 1.118925
vt -0.824026 1.112781
vt -0.816880 1.113944
vt -0.822254 1.109126
vt -0.821382 1.101523
vt -0.635487 1.246152
vt -0.638806 1.245492
vt -0.636050 1.252471
vt -0.644080 1.251361
vt -0.644361 1.243256
vt -0.651005 1.239711
vt -0.652500 1.248361
vt -0.820816 1.092642
vt -0.643038 1.260016
vt -0.632848 1.260253
vt -0.642923 1.270236
vt -0.631059 1.252146
vt -0.625546 1.258833
vt -0.630355 1.270772
vt -0.644022 1.281854
vt -0.618109 1.268008
vt -0.629941 1.283994
vt -0.646292 1.294605
vt -0.631833 1.298563
vt -0.618281 1.285204
vt -0.649459 1.307819
vt -0.616000 1.302252
vt -0.635660 1.313588
vt -0.653722 1.321375
vt -0.640528 1.328483
vt -0.623891 1.319712
vt -0.626708 1.339849
vt -0.648290 1.341873
vt -0.617636 1.323565
vt -0.638262 1.349532
vt -0.624440 1.353727
vt -0.616396 1.356578
vt -0.619318 1.353479
vt -0.621133 1.336628
vt -0.610845 1.311560
vt -0.613849 1.325711
vt -0.607555 1.315085
vt -0.616897 1.336679
vt -0.609940 1.327764
vt -0.604369 1.317654
vt -0.619406 1.348584
vt -0.616879 1.347250
vt -0.612865 1.337806
vt -0.614301 1.347713
vt -0.608396 1.339927
vt -0.604932 1.330867
vt -0.599549 1.334033
vt -0.594565 1.324327
vt -0.599675 1.320820
vt -0.593830 1.312834
vt -0.589452 1.316077
vt -0.584825 1.319684
vt -0.783781 1.183372
vt -0.793369 1.183008
vt -0.784032 1.189667
vt -0.793521 1.188537
vt -0.793287 1.177962
vt -0.589800 1.327537
vt -0.581022 1.322471
vt -0.784347 1.194249
vt -0.793618 1.192868
vt -0.577594 1.324616
vt -0.585648 1.330199
vt -0.793652 1.196360
vt -0.784539 1.197673
vt -0.581878 1.332452
vt -0.589693 1.339542
vt -0.594375 1.337032
vt -0.602751 1.343152
vt -0.597351 1.346297
vt -0.605579 1.351942
vt -0.610851 1.349305
vt -0.599893 1.355045
vt -0.757847 1.187167
vt -0.767333 1.186630
vt -0.757831 1.192926
vt -0.757775 1.181864
vt -0.767500 1.180277
vt -0.775602 1.184889
vt -0.767014 1.192851
vt -0.775417 1.178330
vt -0.775503 1.191475
vt -0.783637 1.177305
vt -0.784003 1.173092
vt -0.793608 1.174897
vt -0.794296 1.173030
vt -0.597037 1.311131
vt -0.599302 1.309920
vt -0.784951 1.170034
vt -0.795565 1.171452
vt -0.601125 1.307935
vt -0.786649 1.166838
vt -0.601208 1.305079
vt -0.796716 1.169927
vt -0.775130 1.167179
vt -0.775433 1.170597
vt -0.775461 1.173847
vt -0.767356 1.175747
vt -0.766690 1.172595
vt -0.765014 1.169675
vt -0.757801 1.176312
vt -0.757800 1.178529
vt -0.757371 1.174363
vt -0.758568 1.163063
vt -0.773781 1.158709
vt -0.747020 1.154417
vt -0.744774 1.158757
vt -0.752842 1.164540
vt -0.759037 1.172714
vt -0.741689 1.161111
vt -0.748977 1.166321
vt -0.757344 1.171506
vt -0.739187 1.163185
vt -0.754180 1.172979
vt -0.745905 1.168288
vt -0.736231 1.165831
vt -0.742281 1.171123
vt -0.751050 1.175013
vt -0.612733 1.368343
vt -0.613413 1.363958
vt -0.621525 1.363490
vt -0.622670 1.359227
vt -0.614655 1.360488
vt -0.747158 1.177794
vt -0.620899 1.368209
vt -0.612623 1.374453
vt -0.737133 1.174929
vt -0.741616 1.181272
vt -0.620604 1.374412
vt -0.612743 1.380577
vt -0.732003 1.178569
vt -0.736217 1.184566
vt -0.620749 1.380521
vt -0.613125 1.385263
vt -0.728296 1.181003
vt -0.732396 1.187033
vt -0.725290 1.182912
vt -0.621169 1.385330
vt -0.729344 1.189091
vt -0.613561 1.389284
vt -0.621457 1.389589
vt -0.613817 1.393377
vt -0.723018 1.184548
vt -0.726362 1.191061
vt -0.621492 1.394059
vt -0.719665 1.186530
vt -0.613308 1.399143
vt -0.721930 1.193675
vt -0.612239 1.405189
vt -0.621002 1.400007
vt -0.714550 1.189140
vt -0.716971 1.195922
vt -0.612157 1.411469
vt -0.619972 1.405824
vt -0.709620 1.191791
vt -0.712000 1.197919
vt -0.706029 1.193773
vt -0.704956 1.184918
vt -0.701466 1.186849
vt -0.696077 1.180324
vt -0.693310 1.181832
vt -0.698799 1.188286
vt -0.690715 1.183555
vt -0.696263 1.189706
vt -0.703180 1.195256
vt -0.700427 1.196518
vt -0.705217 1.201567
vt -0.708300 1.199758
vt -0.612811 1.416144
vt -0.623408 1.410406
vt -0.619796 1.417332
vt -0.613154 1.419892
vt -0.629236 1.407376
vt -0.631090 1.411233
vt -0.638274 1.406851
vt -0.636499 1.411773
vt -0.628504 1.418891
vt -0.620103 1.421076
vt -0.628523 1.422372
vt -0.636680 1.420402
vt -0.636685 1.423862
vt -0.645600 1.415845
vt -0.644425 1.420582
vt -0.704312 1.175741
vt -0.699579 1.178429
vt -0.694237 1.172399
vt -0.700640 1.168775
vt -0.646585 1.406928
vt -0.690960 1.174641
vt -0.645992 1.403009
vt -0.708905 1.172912
vt -0.703331 1.166932
vt -0.711866 1.170772
vt -0.717632 1.177363
vt -0.714726 1.179379
vt -0.709875 1.182188
vt -0.720023 1.176208
vt -0.723036 1.174517
vt -0.715061 1.169277
vt -0.726664 1.172404
vt -0.718019 1.167761
vt -0.713847 1.160693
vt -0.711050 1.162306
vt -0.721539 1.165905
vt -0.645487 1.388414
vt -0.645504 1.392189
vt -0.637787 1.391504
vt -0.717085 1.158946
vt -0.637677 1.387504
vt -0.645580 1.384243
vt -0.726114 1.163208
vt -0.645874 1.379040
vt -0.637758 1.383204
vt -0.721150 1.156468
vt -0.724944 1.154079
vt -0.730459 1.160422
vt -0.646477 1.374189
vt -0.638044 1.377872
vt -0.638811 1.372668
vt -0.629594 1.381678
vt -0.629676 1.375976
vt -0.639732 1.368693
vt -0.647106 1.370781
vt -0.630191 1.370202
vt -0.735770 1.156288
vt -0.733470 1.158306
vt -0.727489 1.152365
vt -0.729297 1.150977
vt -0.647859 1.368201
vt -0.640799 1.365251
vt -0.649437 1.366029
vt -0.730517 1.149315
vt -0.737816 1.153649
vt -0.738810 1.149733
vt -0.737708 1.142159
vt -0.746376 1.144044
vt -0.730820 1.146803
vt -0.728986 1.141551
vt -0.659061 1.360781
vt -0.652186 1.363635
vt -0.646562 1.357229
vt -0.642490 1.361745
vt -0.655398 1.352188
vt -0.633567 1.356858
vt -0.631998 1.361508
vt -0.630992 1.365630
vt -0.629684 1.386242
vt -0.629781 1.390435
vt -0.629836 1.395005
vt -0.637969 1.395968
vt -0.629883 1.401601
vt -0.637878 1.401929
vt -0.645450 1.396554
vt -0.707801 1.163972
vt -0.731575 1.169253
vt -0.628560 1.425730
vt -0.636673 1.427482
vt -0.643678 1.424491
vt -0.687976 1.176487
vt -0.685281 1.178813
vt -0.643402 1.428351
vt -0.682276 1.182279
vt -0.642816 1.433308
vt -0.636395 1.431802
vt -0.628535 1.428547
vt -0.636315 1.435366
vt -0.641809 1.437175
vt -0.635689 1.438480
vt -0.627458 1.436323
vt -0.627941 1.432686
vt -0.619171 1.432121
vt -0.614148 1.435316
vt -0.613213 1.431695
vt -0.618901 1.435179
vt -0.620025 1.428765
vt -0.618476 1.442678
vt -0.621638 1.440645
vt -0.684934 1.203838
vt -0.679985 1.199981
vt -0.687218 1.200410
vt -0.625590 1.446993
vt -0.691545 1.204796
vt -0.691970 1.199609
vt -0.684134 1.197092
vt -0.694375 1.198875
vt -0.690848 1.192913
vt -0.688779 1.194147
vt -0.681608 1.193627
vt -0.683914 1.189902
vt -0.685654 1.188020
vt -0.680192 1.185099
vt -0.678717 1.188033
vt -0.677565 1.194545
vt -0.639825 1.440682
vt -0.631528 1.442414
vt -0.633337 1.445806
vt -0.626394 1.443214
vt -0.687674 1.186026
vt -0.693094 1.191559
vt -0.696963 1.197984
vt -0.702095 1.203125
vt -0.697833 1.204397
vt -0.612926 1.428071
vt -0.620110 1.424573
vt -0.613092 1.423444
vt -0.694575 1.204738
vt -0.601033 1.302559
vt -0.609677 1.296323
vt -0.797435 1.171572
vt -0.605021 1.294082
vt -0.800118 1.161587
vt -0.799483 1.171675
vt -0.597756 1.300676
vt -0.607723 1.284528
vt -0.600943 1.292331
vt -0.604092 1.283329
vt -0.600070 1.281646
vt -0.602149 1.272258
vt -0.605310 1.273773
vt -0.604072 1.262774
vt -0.600912 1.260712
vt -0.597995 1.270073
vt -0.597250 1.258882
vt -0.822961 1.157606
vt -0.829739 1.151443
vt -0.826793 1.160470
vt -0.832645 1.154106
vt -0.827283 1.149005
vt -0.821898 1.166137
vt -0.819597 1.154333
vt -0.817793 1.162970
vt -0.825579 1.168905
vt -0.817127 1.172059
vt -0.820786 1.174936
vt -0.824728 1.177800
vt -0.830095 1.162890
vt -0.829668 1.172124
vt -0.818117 1.184093
vt -0.821308 1.186281
vt -0.827584 1.180184
vt -0.823499 1.188074
vt -0.829332 1.181796
vt -0.832809 1.174562
vt -0.834485 1.175866
vt -0.833665 1.166090
vt -0.836950 1.168777
vt -0.834427 1.185013
vt -0.839070 1.169897
vt -0.839234 1.179129
vt -0.843563 1.173356
vt -0.842232 1.181924
vt -0.838208 1.187923
vt -0.841787 1.191055
vt -0.833789 1.194677
vt -0.837893 1.198367
vt -0.841606 1.201279
vt -0.554537 1.265913
vt -0.547705 1.273806
vt -0.547421 1.264048
vt -0.543578 1.270731
vt -0.553207 1.276671
vt -0.557240 1.269044
vt -0.558280 1.259808
vt -0.552487 1.256263
vt -0.548248 1.253937
vt -0.553843 1.247204
vt -0.558310 1.249166
vt -0.544610 1.252056
vt -0.548450 1.244948
vt -0.543519 1.261268
vt -0.552705 1.238275
vt -0.543928 1.235234
vt -0.541485 1.240785
vt -0.864359 1.191331
vt -0.870161 1.188864
vt -0.868157 1.196008
vt -0.865067 1.181867
vt -0.533670 1.236169
vt -0.873054 1.197020
vt -0.866492 1.200173
vt -0.871582 1.203406
vt -0.864083 1.203575
vt -0.860533 1.196121
vt -0.854941 1.192015
vt -0.859063 1.186220
vt -0.858756 1.202077
vt -0.852432 1.198838
vt -0.859403 1.208038
vt -0.867044 1.207368
vt -0.851312 1.205918
vt -0.534510 1.264581
vt -0.528065 1.258583
vt -0.531558 1.254216
vt -0.528924 1.248475
vt -0.524915 1.249748
vt -0.530064 1.243855
vt -0.526636 1.241515
vt -0.534294 1.240824
vt -0.535308 1.247154
vt -0.538647 1.257986
vt -0.539502 1.267933
vt -0.844866 1.193784
vt -0.845796 1.203634
vt -0.848127 1.196165
vt -0.847962 1.186666
vt -0.850995 1.189000
vt -0.852043 1.180219
vt -0.855184 1.182776
vt -0.857651 1.174520
vt -0.861006 1.177579
vt -0.558352 1.240897
vt -0.562926 1.242851
vt -0.562915 1.253107
vt -0.567527 1.244462
vt -0.854177 1.172105
vt -0.567689 1.253730
vt -0.571185 1.246638
vt -0.851296 1.170025
vt -0.848966 1.178149
vt -0.844958 1.184379
vt -0.846574 1.176145
vt -0.847812 1.167065
vt -0.843632 1.163296
vt -0.575885 1.249570
vt -0.572907 1.256951
vt -0.578472 1.260369
vt -0.581924 1.252950
vt -0.582368 1.261882
vt -0.578248 1.269518
vt -0.573954 1.267179
vt -0.573895 1.277555
vt -0.568603 1.264215
vt -0.569708 1.275010
vt -0.577837 1.280003
vt -0.573225 1.287154
vt -0.569373 1.284572
vt -0.576899 1.289548
vt -0.581792 1.282385
vt -0.582393 1.271622
vt -0.815034 1.181884
vt -0.580620 1.292145
vt -0.811858 1.179447
vt -0.585482 1.295238
vt -0.585927 1.284870
vt -0.807825 1.176405
vt -0.813031 1.168804
vt -0.590933 1.287584
vt -0.590663 1.297945
vt -0.803908 1.173626
vt -0.808638 1.165588
vt -0.805383 1.163633
vt -0.810830 1.156796
vt -0.813530 1.159359
vt -0.817979 1.151764
vt -0.817716 1.149670
vt -0.826567 1.147540
vt -0.827092 1.146417
vt -0.828704 1.144886
vt -0.606713 1.265868
vt -0.607811 1.265832
vt -0.612416 1.274119
vt -0.608329 1.274560
vt -0.605712 1.264516
vt -0.611938 1.285352
vt -0.607239 1.262699
vt -0.809290 1.155112
vt -0.802953 1.162585
vt -0.801368 1.172182
vt -0.594576 1.299472
vt -0.596509 1.290352
vt -0.595024 1.278953
vt -0.593866 1.267616
vt -0.590402 1.276204
vt -0.590118 1.265570
vt -0.586330 1.273823
vt -0.586339 1.263690
vt -0.589868 1.255496
vt -0.585472 1.253755
vt -0.841102 1.161895
vt -0.838156 1.159149
vt -0.593827 1.257353
vt -0.835324 1.156404
vt -0.566453 1.282558
vt -0.563972 1.271880
vt -0.559592 1.279290
vt -0.562413 1.261321
vt -0.828993 1.191116
vt -0.766649 1.197319
vt -0.775267 1.196051
vt -0.774999 1.198873
vt -0.766084 1.199943
vt -0.757264 1.200576
vt -0.757152 1.204145
vt -0.766328 1.202805
vt -0.757317 1.208644
vt -0.766663 1.207496
vt -0.774888 1.200940
vt -0.775064 1.205848
vt -0.784471 1.199722
vt -0.766537 1.214591
vt -0.784023 1.204674
vt -0.775116 1.213040
vt -0.766285 1.221615
vt -0.775091 1.220078
vt -0.783836 1.211591
vt -0.793434 1.204052
vt -0.793252 1.210663
vt -0.783828 1.218352
vt -0.793357 1.217337
vt -0.783841 1.223174
vt -0.775144 1.224865
vt -0.775167 1.228696
vt -0.766214 1.230166
vt -0.766153 1.226372
vt -0.757334 1.230841
vt -0.758071 1.235591
vt -0.766545 1.234488
vt -0.759696 1.242034
vt -0.767178 1.240033
vt -0.775132 1.232930
vt -0.775112 1.238302
vt -0.783756 1.227216
vt -0.783537 1.231678
vt -0.767910 1.243912
vt -0.783284 1.237442
vt -0.775332 1.242072
vt -0.761201 1.246634
vt -0.775493 1.245734
vt -0.768821 1.247623
vt -0.544580 1.375208
vt -0.545470 1.382036
vt -0.540111 1.377015
vt -0.550474 1.380530
vt -0.539986 1.382205
vt -0.763513 1.250855
vt -0.532583 1.375121
vt -0.530363 1.378771
vt -0.769553 1.257274
vt -0.528985 1.370721
vt -0.524876 1.372039
vt -0.771150 1.252966
vt -0.776136 1.258906
vt -0.775841 1.253107
vt -0.780556 1.251754
vt -0.782469 1.245713
vt -0.782999 1.241671
vt -0.788705 1.248001
vt -0.782841 1.256022
vt -0.524632 1.362899
vt -0.530108 1.353102
vt -0.534122 1.357389
vt -0.534254 1.349141
vt -0.538713 1.355255
vt -0.790582 1.243114
vt -0.542435 1.365219
vt -0.548574 1.362378
vt -0.543695 1.353563
vt -0.548929 1.350830
vt -0.552432 1.360288
vt -0.538915 1.346252
vt -0.556164 1.358783
vt -0.558659 1.367714
vt -0.554875 1.369931
vt -0.563659 1.365255
vt -0.553108 1.348486
vt -0.561119 1.355643
vt -0.565533 1.374105
vt -0.570582 1.371754
vt -0.568676 1.362987
vt -0.756969 1.222073
vt -0.757223 1.215238
vt -0.577105 1.367604
vt -0.757013 1.226831
vt -0.573511 1.359434
vt -0.583344 1.364028
vt -0.564074 1.353511
vt -0.570199 1.349634
vt -0.579182 1.356199
vt -0.567183 1.339900
vt -0.575626 1.346713
vt -0.561289 1.343145
vt -0.557321 1.345658
vt -0.552497 1.338425
vt -0.557003 1.335660
vt -0.548764 1.340931
vt -0.793512 1.222327
vt -0.793164 1.226610
vt -0.544655 1.343198
vt -0.792531 1.231314
vt -0.791566 1.237897
vt -0.572677 1.337094
vt -0.563084 1.332150
vt -0.577639 1.334718
vt -0.580718 1.344239
vt -0.569439 1.328814
vt -0.585316 1.341833
vt -0.588567 1.351081
vt -0.584061 1.353485
vt -0.592754 1.348876
vt -0.595356 1.357426
vt -0.757612 1.197247
vt -0.591612 1.359248
vt -0.587792 1.361344
vt -0.574406 1.326677
vt -0.793910 1.199472
vt -0.561289 1.375592
vt -0.556720 1.377652
vt -0.549075 1.372839
vt -0.536847 1.367693
vt -0.529004 1.364671
vt -0.659442 1.290715
vt -0.656481 1.279078
vt -0.671659 1.286802
vt -0.621341 1.256203
vt -0.614732 1.259881
vt -0.619184 1.252962
vt -0.625508 1.249587
vt -0.627284 1.251543
vt -0.631660 1.246730
vt -0.631302 1.245173
vt -0.624422 1.247482
vt -0.828225 1.112703
vt -0.830077 1.112741
vt -0.830992 1.120921
vt -0.833746 1.120571
vt -0.832306 1.112631
vt -0.630963 1.242709
vt -0.837290 1.119652
vt -0.623451 1.244678
vt -0.629994 1.239212
vt -0.835265 1.112088
vt -0.840595 1.118409
vt -0.837994 1.111036
vt -0.628929 1.235810
vt -0.622370 1.241112
vt -0.616474 1.246550
vt -0.615259 1.242654
vt -0.621469 1.237629
vt -0.620759 1.234690
vt -0.628056 1.233292
vt -0.614102 1.238995
vt -0.626275 1.231089
vt -0.839786 1.109862
vt -0.840957 1.107398
vt -0.843693 1.115388
vt -0.842643 1.117247
vt -0.846047 1.123403
vt -0.847115 1.123037
vt -0.845362 1.114815
vt -0.849654 1.122588
vt -0.847755 1.115894
vt -0.843420 1.106629
vt -0.845973 1.107737
vt -0.625860 1.228245
vt -0.619694 1.231982
vt -0.627045 1.225406
vt -0.619305 1.228943
vt -0.852430 1.114258
vt -0.619729 1.226065
vt -0.626353 1.220274
vt -0.850332 1.106349
vt -0.857278 1.112348
vt -0.855182 1.104647
vt -0.625978 1.214347
vt -0.619726 1.221086
vt -0.612321 1.226304
vt -0.611887 1.222109
vt -0.618179 1.214399
vt -0.625333 1.209609
vt -0.619533 1.211210
vt -0.612162 1.214149
vt -0.603529 1.222642
vt -0.603227 1.217186
vt -0.611306 1.212227
vt -0.618663 1.207842
vt -0.611096 1.209200
vt -0.603089 1.213836
vt -0.603141 1.210478
vt -0.610693 1.206425
vt -0.617934 1.204551
vt -0.610045 1.203958
vt -0.616639 1.200869
vt -0.602935 1.207359
vt -0.621973 1.197518
vt -0.617696 1.192543
vt -0.614883 1.195407
vt -0.612058 1.189386
vt -0.877762 1.105386
vt -0.882917 1.108539
vt -0.880678 1.110574
vt -0.876925 1.109938
vt -0.871477 1.104294
vt -0.877542 1.114960
vt -0.881960 1.113730
vt -0.871615 1.110059
vt -0.872728 1.116151
vt -0.882164 1.117220
vt -0.879238 1.119553
vt -0.874645 1.121705
vt -0.869016 1.116785
vt -0.867647 1.110166
vt -0.864308 1.110466
vt -0.862870 1.103680
vt -0.866765 1.103683
vt -0.623646 1.201898
vt -0.624510 1.205712
vt -0.859200 1.104062
vt -0.861071 1.111193
vt -0.865886 1.117292
vt -0.862811 1.117981
vt -0.865041 1.124625
vt -0.868042 1.123848
vt -0.859161 1.119084
vt -0.854395 1.120937
vt -0.861405 1.125573
vt -0.863562 1.131744
vt -0.867210 1.130698
vt -0.856727 1.127073
vt -0.852227 1.128615
vt -0.859049 1.132932
vt -0.854914 1.134385
vt -0.597503 1.227427
vt -0.597253 1.222787
vt -0.596917 1.217885
vt -0.849969 1.130637
vt -0.603999 1.227009
vt -0.599374 1.230327
vt -0.853234 1.136855
vt -0.848462 1.131146
vt -0.846779 1.130547
vt -0.851086 1.137893
vt -0.844913 1.123912
vt -0.842564 1.124757
vt -0.838835 1.126035
vt -0.844356 1.131074
vt -0.835110 1.127067
vt -0.840493 1.132365
vt -0.842521 1.139248
vt -0.846301 1.137967
vt -0.836239 1.133940
vt -0.599200 1.244048
vt -0.598436 1.239428
vt -0.605671 1.239911
vt -0.600720 1.248905
vt -0.607263 1.243651
vt -0.838485 1.140787
vt -0.613184 1.235822
vt -0.605021 1.236561
vt -0.598395 1.236306
vt -0.605648 1.233393
vt -0.613028 1.232727
vt -0.613014 1.229246
vt -0.605523 1.229852
vt -0.599512 1.233512
vt -0.848775 1.137308
vt -0.602372 1.252333
vt -0.608788 1.248137
vt -0.835663 1.141878
vt -0.833116 1.135215
vt -0.610393 1.252119
vt -0.604240 1.255143
vt -0.617678 1.250043
vt -0.612278 1.255293
vt -0.606647 1.259116
vt -0.832181 1.127764
vt -0.828625 1.120951
vt -0.826335 1.112982
vt -0.632727 1.247304
vt -0.870235 1.129604
vt -0.596763 1.213863
vt -0.596672 1.210568
vt -0.596588 1.207236
vt -0.873350 1.128317
vt -0.602688 1.203790
vt -0.871070 1.122957
vt -0.877056 1.126295
vt -0.596731 1.203087
vt -0.601612 1.198364
vt -0.598242 1.197328
vt -0.603635 1.193901
vt -0.607116 1.191828
vt -0.607619 1.197330
vt -0.601547 1.192133
vt -0.606423 1.189240
vt -0.610908 1.192187
vt -0.884813 1.117835
vt -0.885186 1.112844
vt -0.881690 1.122782
vt -0.687959 1.227476
vt -0.692394 1.226315
vt -0.694325 1.233593
vt -0.698115 1.231605
vt -0.695599 1.224868
vt -0.704460 1.226972
vt -0.701853 1.238445
vt -0.708624 1.233786
vt -0.713301 1.242051
vt -0.715292 1.228535
vt -0.720131 1.236751
vt -0.727287 1.230627
vt -0.724673 1.246919
vt -0.731751 1.241128
vt -0.728542 1.257652
vt -0.717958 1.251766
vt -0.706068 1.247120
vt -0.735550 1.252411
vt -0.739376 1.263550
vt -0.744846 1.259946
vt -0.749385 1.271307
vt -0.759703 1.265509
vt -0.754765 1.253444
vt -0.740638 1.248316
vt -0.737145 1.237682
vt -0.746977 1.231553
vt -0.749905 1.240948
vt -0.742340 1.220468
vt -0.764535 1.277066
vt -0.754471 1.282011
vt -0.759068 1.291436
vt -0.767998 1.286426
vt -0.771785 1.296978
vt -0.748774 1.284699
vt -0.701083 1.220826
vt -0.700998 1.303222
vt -0.709540 1.298235
vt -0.714335 1.309398
vt -0.683832 1.258564
vt -0.538429 1.804681
vt -0.530703 1.806158
vt -0.538412 1.800530
vt -0.242833 1.512280
vt -0.245466 1.505733
vt -0.249898 1.515908
vt -0.009472 1.618722
vt -0.006874 1.618681
vt -0.008266 1.612340
vt -0.009204 1.621275
vt -0.006938 1.621275
vt -0.006878 1.623330
vt -0.009507 1.623474
vt -0.006247 1.627255
vt -0.531654 1.796111
vt -0.538542 1.796958
vt -0.418014 1.156400
vt -0.421651 1.155903
vt -0.416636 1.164073
vt -0.420326 1.165596
vt -0.008891 1.626897
vt -0.008678 1.491347
vt -0.005980 1.491360
vt -0.008355 1.485852
vt -0.979837 1.874365
vt -0.979367 1.879524
vt -0.973244 1.874866
vt -0.969489 1.881550
vt -0.005646 1.485470
vt -0.006617 1.495745
vt -0.009204 1.495749
vt -0.006177 1.499359
vt -0.008900 1.499323
vt -0.006118 1.502970
vt -0.006166 1.510265
vt -0.008882 1.502957
vt -0.252594 1.415171
vt -0.256774 1.415119
vt -0.253355 1.422498
vt -0.252593 1.411578
vt -0.009001 1.510252
vt -0.008932 1.518957
vt -0.006160 1.518956
vt -0.260534 1.432233
vt -0.255110 1.431359
vt -0.258275 1.423090
vt -0.671563 1.866965
vt -0.670094 1.862294
vt -0.678267 1.857161
vt -0.666550 1.870090
vt -0.664758 1.866121
vt -0.261835 1.438763
vt -0.256246 1.438441
vt -0.008991 1.526081
vt -0.006200 1.526097
vt -0.009041 1.534880
vt -0.006269 1.534862
vt -0.257026 1.447232
vt -0.006409 1.540960
vt -0.006707 1.547345
vt -0.009108 1.540965
vt -0.262436 1.447362
vt -0.262360 1.453121
vt -0.257822 1.453399
vt -0.257373 1.459812
vt -0.009372 1.547343
vt -0.261495 1.458391
vt -0.653787 1.881639
vt -0.653873 1.887548
vt -0.648828 1.884717
vt -0.651371 1.881205
vt -0.651592 1.891332
vt -0.009278 1.553283
vt -0.006706 1.553244
vt -0.006620 1.558100
vt -0.006486 1.566219
vt -0.009251 1.558050
vt -0.006162 1.575884
vt -0.009205 1.566214
vt -0.008949 1.575880
vt -0.006242 1.583570
vt -0.009076 1.583583
vt -0.006149 1.589004
vt -0.008952 1.589003
vt -0.006210 1.593645
vt -0.009008 1.593639
vt -0.006261 1.597579
vt -0.007026 1.600700
vt -0.008974 1.597665
vt -0.218578 1.406670
vt -0.224144 1.406756
vt -0.223638 1.410783
vt -0.217733 1.411009
vt -0.009305 1.600629
vt -0.217223 1.414742
vt -0.222170 1.414461
vt -0.693911 1.917824
vt -0.692284 1.920536
vt -0.688294 1.919002
vt -0.684847 1.917513
vt -0.687581 1.912444
vt -0.690538 1.914958
vt -0.228594 1.508770
vt -0.228792 1.499640
vt -0.238252 1.504242
vt -0.236703 1.511193
vt -0.699772 1.910772
vt -0.229167 1.511842
vt -0.005625 1.612363
vt -0.008736 1.604905
vt -0.233378 1.515341
vt -0.006045 1.604939
vt -0.253367 1.511993
vt -0.016996 1.815161
vt -0.013373 1.810862
vt -0.022948 1.815800
vt -0.022508 1.811211
vt -0.022790 1.804765
vt -0.013161 1.804669
vt -0.694319 1.907818
vt -0.013260 1.799239
vt -0.689411 1.905483
vt -0.023053 1.799100
vt -0.022931 1.792106
vt -0.013187 1.792496
vt -0.683190 1.902884
vt -0.683274 1.910136
vt -0.675832 1.899869
vt -0.681350 1.915280
vt -0.678201 1.907406
vt -0.013171 1.784535
vt -0.022778 1.783853
vt -0.022354 1.778100
vt -0.013360 1.778788
vt -0.670573 1.897582
vt -0.013755 1.771353
vt -0.664683 1.900222
vt -0.663772 1.894713
vt -0.672298 1.904301
vt -0.662915 1.902682
vt -0.660036 1.897167
vt -0.660148 1.892233
vt -0.014773 1.766937
vt -0.021161 1.766455
vt -0.019805 1.763203
vt -0.016383 1.763992
vt -0.657616 1.889869
vt -0.656630 1.892879
vt -0.656478 1.886584
vt -0.658694 1.899477
vt -0.654156 1.896651
vt -0.658883 1.899541
vt -0.218094 1.441618
vt -0.220286 1.449443
vt -0.216228 1.446597
vt -0.215132 1.441189
vt -0.026090 1.766077
vt -0.023120 1.763622
vt -0.655943 1.883487
vt -0.657581 1.880484
vt -0.027996 1.770117
vt -0.661059 1.877976
vt -0.655918 1.877732
vt -0.651936 1.880019
vt -0.654368 1.875700
vt -0.660183 1.874296
vt -0.658006 1.871321
vt -0.021796 1.770662
vt -0.029557 1.777475
vt -0.667716 1.874765
vt -0.030601 1.783197
vt -0.672870 1.872238
vt -0.030668 1.791733
vt -0.680976 1.869728
vt -0.679521 1.863706
vt -0.687839 1.867518
vt -0.686279 1.860989
vt -0.690752 1.859175
vt -0.689064 1.852596
vt -0.685364 1.853123
vt -0.256820 1.411195
vt -0.256649 1.406984
vt -0.693286 1.852121
vt -0.695857 1.857104
vt -0.979909 1.869751
vt -0.976082 1.870060
vt -0.253082 1.407190
vt -0.693458 1.865831
vt -0.699748 1.863608
vt -0.030257 1.804827
vt -0.029512 1.811461
vt -0.030609 1.798963
vt -0.670878 1.908440
vt -0.215334 1.431376
vt -0.218963 1.431799
vt -0.215827 1.423794
vt -0.677263 1.912575
vt -0.216445 1.418923
vt -0.220912 1.418789
vt -0.219772 1.424082
vt -0.531285 1.800511
vt -0.027638 1.815221
vt -0.800285 1.443480
vt -0.785763 1.421763
vt -0.785714 1.419524
vt -0.799534 1.447846
vt -0.759661 1.845143
vt -0.759479 1.840717
vt -0.765028 1.846647
vt -0.800540 1.442218
vt -0.765271 1.842767
vt -0.759503 1.839429
vt -0.765271 1.840588
vt -0.000871 1.714126
vt -0.009633 1.686017
vt -0.014545 1.689254
vt -0.568193 1.626960
vt -0.568753 1.629820
vt -0.557299 1.635523
vt -0.014545 1.716361
vt -0.557406 1.637558
vt -0.568731 1.634988
vt -0.843617 1.022317
vt -0.843807 1.017169
vt -0.844681 1.017258
vt -0.844729 1.015253
vt -0.844048 1.014235
vt -0.846131 1.013297
vt -0.846301 1.015290
vt -0.846239 1.016413
vt -0.852373 1.014870
vt -0.042605 1.581242
vt -0.043768 1.581242
vt -0.042603 1.587342
vt -0.170575 1.012413
vt -0.171655 1.012490
vt -0.170498 1.013608
vt -0.043767 1.587342
vt -0.002327 1.631283
vt -0.008483 1.631161
vt -0.008499 1.632624
vt -0.890154 1.153863
vt -0.890154 1.155337
vt -0.888991 1.155334
vt -0.890187 1.148125
vt -0.888993 1.153858
vt -0.002271 1.632423
vt -0.008414 1.638462
vt -0.852519 1.016335
vt -0.858311 1.016321
vt -0.858230 1.021981
vt -0.852695 1.022038
vt -0.889024 1.148140
vt -0.889056 1.146465
vt -0.890224 1.146426
vt -0.858411 1.023631
vt -0.852714 1.023704
vt -0.008379 1.640155
vt -0.002152 1.639828
vt -0.037722 1.581261
vt -0.037722 1.587272
vt -0.036559 1.587253
vt -0.002111 1.638691
vt -0.179676 1.037079
vt -0.179638 1.035947
vt -0.180807 1.035830
vt -0.036559 1.581241
vt -0.846135 1.029999
vt -0.846701 1.023827
vt -0.844720 1.024065
vt -0.844371 1.029378
vt -0.844720 1.022160
vt -0.846521 1.022763
vt -0.180814 1.036903
vt -0.038730 1.266066
vt -0.038670 1.272268
vt -0.037507 1.272279
vt -0.836742 1.003198
vt -0.836788 1.002044
vt -0.837732 1.003119
vt -0.037567 1.266077
vt -0.852333 1.029849
vt -0.844198 1.031814
vt -0.846131 1.030982
vt -0.837825 1.001953
vt -0.870071 1.001953
vt -0.869732 1.003401
vt -0.867481 1.002319
vt -0.843827 1.827511
vt -0.837611 1.827733
vt -0.843846 1.826455
vt -0.837662 1.826335
vt -0.837737 1.819761
vt -0.844058 1.819732
vt -0.845851 1.820347
vt -0.845886 1.825899
vt -0.868041 1.003184
vt -0.645201 1.596525
vt -0.645164 1.591486
vt -0.646327 1.591495
vt -0.646364 1.596533
vt -0.738913 1.043269
vt -0.740079 1.043252
vt -0.738883 1.045399
vt -0.843373 1.039739
vt -0.843391 1.036654
vt -0.844034 1.036846
vt -0.844343 1.039099
vt -0.845941 1.037780
vt -0.557849 1.652955
vt -0.568517 1.652401
vt -0.568493 1.659162
vt -0.843367 1.046504
vt -0.557497 1.651273
vt -0.568530 1.649321
vt -0.557634 1.647587
vt -0.677789 1.113578
vt -0.675236 1.107260
vt -0.676595 1.108309
vt -0.678676 1.113086
vt -0.679503 1.117380
vt -0.680916 1.114695
vt -0.681184 1.121389
vt -0.686542 1.120636
vt -0.682658 1.124801
vt -0.683577 1.117210
vt -0.684614 1.113323
vt -0.682062 1.111690
vt -0.562321 1.661287
vt -0.568495 1.661151
vt -0.564516 1.666219
vt -0.560955 1.658583
vt -0.689028 1.116432
vt -0.690822 1.118382
vt -0.689869 1.122022
vt -0.565015 1.668821
vt -0.568598 1.668519
vt -0.568557 1.666053
vt -0.844424 1.055422
vt -0.843525 1.055864
vt -0.844202 1.053546
vt -0.843509 1.060988
vt -0.568675 1.673638
vt -0.566294 1.673106
vt -0.843430 1.053394
vt -0.694105 1.121423
vt -0.692788 1.123089
vt -0.695802 1.123164
vt -0.694813 1.124737
vt -0.566969 1.675443
vt -0.689488 1.125522
vt -0.691069 1.127462
vt -0.687123 1.125764
vt -0.688792 1.131030
vt -0.697046 1.135616
vt -0.692963 1.141930
vt -0.683092 1.131129
vt -0.694789 1.133401
vt -0.683262 1.126859
vt -0.693523 1.128261
vt -0.699106 1.132443
vt -0.696765 1.130528
vt -0.330709 1.602169
vt -0.330859 1.604022
vt -0.328315 1.603748
vt -0.326208 1.606923
vt -0.698286 1.129099
vt -0.699681 1.130825
vt -0.329358 1.602373
vt -0.844754 1.070798
vt -0.844636 1.069366
vt -0.846639 1.070830
vt -0.843734 1.070775
vt -0.330465 1.601181
vt -0.843360 1.069295
vt -0.700242 1.128224
vt -0.700780 1.129651
vt -0.567947 1.679337
vt -0.568773 1.680112
vt -0.568696 1.681945
vt -0.843443 1.067461
vt -0.844596 1.067568
vt -0.698426 1.126205
vt -0.568699 1.675185
vt -0.696936 1.127368
vt -0.844619 1.060841
vt -0.843494 1.062540
vt -0.844722 1.062928
vt -0.515365 1.002280
vt -0.514833 1.003253
vt -0.515056 1.004572
vt -0.513048 1.001953
vt -0.846460 1.061309
vt -0.846465 1.062237
vt -0.976724 1.243862
vt -0.977888 1.243864
vt -0.976730 1.248510
vt -0.571391 1.706197
vt -0.573288 1.705737
vt -0.571406 1.711295
vt -0.977893 1.248511
vt -0.573147 1.711776
vt -0.609091 1.001953
vt -0.613111 1.007215
vt -0.611741 1.005469
vt -0.606828 1.002346
vt -0.180756 1.003175
vt -0.180415 1.002025
vt -0.181821 1.001953
vt -0.573232 1.712764
vt -0.578654 1.711933
vt -0.181604 1.002706
vt -0.846361 1.068197
vt -0.846414 1.069102
vt -0.851995 1.071262
vt -0.851699 1.069287
vt -0.644194 1.550778
vt -0.645357 1.550807
vt -0.644192 1.556069
vt -0.860052 1.072154
vt -0.859695 1.069336
vt -0.851724 1.068318
vt -0.882872 1.129409
vt -0.884040 1.129301
vt -0.882845 1.130388
vt -0.645355 1.556098
vt -0.883995 1.130334
vt -0.578637 1.712975
vt -0.859705 1.068192
vt -0.851885 1.062212
vt -0.882945 1.136529
vt -0.884108 1.136549
vt -0.883003 1.137470
vt -0.859282 1.062599
vt -0.851911 1.061280
vt -0.873513 1.062010
vt -0.859360 1.061657
vt -0.874172 1.068391
vt -0.886624 1.068785
vt -0.887727 1.063126
vt -0.873058 1.056267
vt -0.859327 1.055812
vt -0.311908 1.258912
vt -0.320882 1.265419
vt -0.312623 1.268379
vt -0.898784 1.063885
vt -0.899533 1.058142
vt -0.887798 1.055187
vt -0.258405 1.241508
vt -0.258405 1.251001
vt -0.256293 1.251832
vt -0.253159 1.243940
vt -0.298749 1.001953
vt -0.305547 1.006718
vt -0.302828 1.014715
vt -0.306253 1.015277
vt -0.308790 1.007578
vt -0.708044 1.073236
vt -0.710856 1.074188
vt -0.710647 1.076247
vt -0.308083 1.015891
vt -0.707677 1.075021
vt -0.316746 1.270697
vt -0.316042 1.271770
vt -0.311912 1.271131
vt -0.605331 1.370135
vt -0.603181 1.361083
vt -0.608072 1.365022
vt -0.603935 1.369706
vt -0.601959 1.360473
vt -0.603242 1.378136
vt -0.604092 1.378092
vt -0.729320 1.002119
vt -0.730249 1.002062
vt -0.726869 1.010890
vt -0.728725 1.012416
vt -0.736034 1.696306
vt -0.732535 1.696929
vt -0.731566 1.694736
vt -0.735941 1.693400
vt -0.769389 1.331279
vt -0.769784 1.324379
vt -0.772599 1.323941
vt -0.771521 1.331366
vt -0.390272 1.658745
vt -0.390429 1.664858
vt -0.388357 1.664198
vt -0.393435 1.648337
vt -0.388019 1.658254
vt -0.390653 1.648704
vt -0.249987 1.001989
vt -0.252880 1.001969
vt -0.249481 1.007730
vt -0.252676 1.009162
vt -0.256390 1.001953
vt -0.387541 1.649710
vt -0.385584 1.657086
vt -0.385742 1.662841
vt -0.896793 1.036294
vt -0.887734 1.040014
vt -0.896595 1.030566
vt -0.887627 1.031270
vt -0.887618 1.021199
vt -0.896401 1.023976
vt -0.871607 1.015828
vt -0.887345 1.014784
vt -0.676634 1.067439
vt -0.682641 1.069736
vt -0.676787 1.071664
vt -0.256389 1.011184
vt -0.871543 1.022074
vt -0.873381 1.007554
vt -0.858358 1.014799
vt -0.860097 1.010723
vt -0.799355 1.450374
vt -0.797587 1.459278
vt -0.786190 1.449593
vt -0.785401 1.435955
vt -0.795378 1.470380
vt -0.785403 1.463358
vt -0.886827 1.004486
vt -0.793912 1.477741
vt -0.785400 1.473442
vt -0.896588 1.001953
vt -0.897170 1.011301
vt -0.763256 1.337629
vt -0.760538 1.337970
vt -0.763256 1.327204
vt -0.215406 1.596316
vt -0.213620 1.578600
vt -0.216199 1.579499
vt -0.220113 1.588030
vt -0.760207 1.329997
vt -0.211189 1.597046
vt -0.757924 1.338463
vt -0.210975 1.578323
vt -0.763947 1.869282
vt -0.764136 1.876942
vt -0.760084 1.875555
vt -0.764491 1.858124
vt -0.760210 1.868052
vt -0.760365 1.856729
vt -0.765006 1.849960
vt -0.759975 1.847658
vt -0.757455 1.332046
vt -0.678046 1.075734
vt -0.676637 1.075162
vt -0.679984 1.072902
vt -0.785616 1.429636
vt -0.853866 1.011781
vt -0.871852 1.031023
vt -0.872099 1.038574
vt -0.858376 1.031249
vt -0.858280 1.029977
vt -0.858501 1.038740
vt -0.858549 1.037648
vt -0.872459 1.047904
vt -0.887864 1.046951
vt -0.900301 1.052190
vt -0.732018 1.001953
vt -0.732011 1.015454
vt -0.736049 1.688460
vt -0.729484 1.690777
vt -0.605649 1.377568
vt -0.607776 1.371248
vt -0.852169 1.037666
vt -0.849687 1.430946
vt -0.850850 1.430936
vt -0.849680 1.432097
vt -0.852146 1.038816
vt -0.852283 1.031183
vt -0.850841 1.432087
vt -0.849715 1.438595
vt -0.837755 1.818609
vt -0.843992 1.818806
vt -0.040736 1.462960
vt -0.040745 1.469045
vt -0.039582 1.469043
vt -0.294542 1.076900
vt -0.294486 1.075940
vt -0.295690 1.075931
vt -0.039573 1.462958
vt -0.846159 1.046832
vt -0.846058 1.038693
vt -0.295662 1.076822
vt -0.844551 1.046151
vt -0.164533 1.011276
vt -0.165401 1.011616
vt -0.164275 1.012464
vt -0.040745 1.453161
vt -0.040676 1.459038
vt -0.039513 1.459052
vt -0.039582 1.453175
vt -0.852031 1.046664
vt -0.846149 1.047805
vt -0.844312 1.048661
vt -0.165698 1.012481
vt -0.746976 1.002017
vt -0.748141 1.001953
vt -0.746864 1.004071
vt -0.002562 1.961826
vt -0.008499 1.961606
vt -0.008497 1.968579
vt -0.002563 1.968507
vt -0.000687 1.967726
vt -0.002625 1.960753
vt -0.748017 1.004060
vt -0.000687 1.962836
vt -0.677447 1.030037
vt -0.677394 1.025147
vt -0.678557 1.025160
vt -0.903165 1.067794
vt -0.904332 1.067768
vt -0.903121 1.069792
vt -0.904278 1.069791
vt -0.846016 1.054363
vt -0.846004 1.055197
vt -0.294530 1.008128
vt -0.293591 1.008365
vt -0.294682 1.007423
vt -0.851882 1.055399
vt -0.027484 1.325721
vt -0.028647 1.325722
vt -0.027490 1.331597
vt -0.293306 1.007405
vt -0.028653 1.331598
vt -0.360182 1.095664
vt -0.359021 1.095696
vt -0.360170 1.094792
vt -0.851899 1.054526
vt -0.859286 1.055025
vt -0.359011 1.094825
vt -0.858979 1.047952
vt -0.852014 1.047645
vt -0.359954 1.087893
vt -0.358795 1.087882
vt -0.359892 1.086898
vt -0.858917 1.046700
vt -0.008485 1.969450
vt -0.002609 1.969340
vt -0.678610 1.030049
vt -0.008498 1.960529
vt -0.358715 1.086823
vt -0.843349 1.048495
vt -0.850877 1.438616
vt -0.849754 1.439940
vt -0.777364 1.322643
vt -0.774480 1.331631
vt -0.944553 1.557796
vt -0.946235 1.556634
vt -0.951822 1.562230
vt -0.955693 1.559044
vt -0.956956 1.565945
vt -0.944462 1.567504
vt -0.898487 1.076267
vt -0.894197 1.086856
vt -0.882158 1.080915
vt -0.947388 1.569829
vt -0.331012 1.641038
vt -0.328050 1.654098
vt -0.324354 1.642626
vt -0.324329 1.654354
vt -0.958747 1.563519
vt -0.319650 1.655121
vt -0.690827 1.074626
vt -0.686166 1.075767
vt -0.691710 1.071018
vt -0.689283 1.069991
vt -0.560101 1.896609
vt -0.560676 1.907742
vt -0.557400 1.908271
vt -0.556641 1.896891
vt -0.561696 1.885211
vt -0.554688 1.886383
vt -0.553916 1.880459
vt -0.684472 1.155800
vt -0.675242 1.156236
vt -0.682935 1.137762
vt -0.562727 1.878285
vt -0.314090 1.633344
vt -0.312611 1.626491
vt -0.324102 1.630512
vt -0.323313 1.621576
vt -0.324564 1.613406
vt -0.321840 1.613083
vt -0.331311 1.609339
vt -0.331966 1.617376
vt -0.331948 1.628444
vt -0.870668 1.075497
vt -0.316254 1.644628
vt -0.578831 1.705695
vt -0.573353 1.704727
vt -0.578850 1.704684
vt -0.884178 1.137544
vt -0.898457 1.041239
vt -0.904332 1.042768
vt -0.903413 1.043853
vt -0.898793 1.042406
vt -0.287628 1.002071
vt -0.287512 1.003134
vt -0.286465 1.002831
vt -0.286394 1.001953
vt -0.695701 1.129418
vt -0.568583 1.644234
vt -0.557698 1.645228
vt -0.568631 1.641859
vt -0.843497 1.031570
vt -0.843432 1.029193
vt -0.568730 1.636847
vt -0.557672 1.641924
vt -0.843604 1.024179
vt -0.557598 1.640067
vt -0.740043 1.045401
vt -0.850925 1.440000
vt -0.292364 1.002192
vt -0.294682 1.001953
vt -0.294397 1.002950
vt -0.292959 1.003500
vt -0.000465 1.638239
vt -0.000604 1.632883
vt -0.757204 1.003252
vt -0.752290 1.003116
vt -0.752292 1.001953
vt -0.723907 1.077603
vt -0.723956 1.079378
vt -0.722792 1.079335
vt -0.757210 1.002088
vt -0.171744 1.013538
vt -0.722747 1.077571
vt -0.742689 1.189316
vt -0.745538 1.189201
vt -0.742988 1.197389
vt -0.314257 1.763950
vt -0.314240 1.757732
vt -0.317267 1.764006
vt -0.310395 1.765265
vt -0.739056 1.189881
vt -0.739325 1.196816
vt -0.743341 1.201078
vt -0.088277 1.718616
vt -0.088503 1.713821
vt -0.092250 1.713808
vt -0.083778 1.718493
vt -0.082322 1.712462
vt -0.740217 1.200923
vt -0.745871 1.197437
vt -0.743533 1.203753
vt -0.739873 1.204360
vt -0.746156 1.203841
vt -0.746037 1.201139
vt -0.854800 1.083610
vt -0.851233 1.087504
vt -0.851047 1.085215
vt -0.748632 1.203924
vt -0.855029 1.092201
vt -0.851104 1.089866
vt -0.855760 1.097670
vt -0.848291 1.099435
vt -0.858357 1.091246
vt -0.849430 1.093019
vt -0.858364 1.084136
vt -0.843843 1.099980
vt -0.472072 1.604872
vt -0.469626 1.608709
vt -0.468737 1.607947
vt -0.464022 1.614232
vt -0.465637 1.615369
vt -0.462122 1.612962
vt -0.460422 1.618107
vt -0.463642 1.618821
vt -0.463012 1.621968
vt -0.458310 1.621770
vt -0.452356 1.620642
vt -0.455940 1.617116
vt -0.034273 1.957327
vt -0.035375 1.962574
vt -0.032829 1.962756
vt -0.034040 1.970158
vt -0.031492 1.957968
vt -0.037745 1.957000
vt -0.033776 1.952819
vt -0.037689 1.952163
vt -0.037046 1.946981
vt -0.034015 1.947086
vt -0.030658 1.954297
vt -0.037655 1.941347
vt -0.030790 1.947446
vt -0.033979 1.941711
vt -0.031028 1.942004
vt -0.448334 1.630673
vt -0.454861 1.629966
vt -0.455004 1.635136
vt -0.450320 1.623950
vt -0.448901 1.636230
vt -0.034941 1.936441
vt -0.030898 1.937215
vt -0.451384 1.640506
vt -0.455493 1.638463
vt -0.462319 1.638119
vt -0.463275 1.642946
vt -0.460865 1.645053
vt -0.456903 1.646991
vt -0.464845 1.646320
vt -0.462937 1.647388
vt -0.857642 1.077697
vt -0.860974 1.079008
vt -0.865032 1.081379
vt -0.864871 1.083951
vt -0.861185 1.084715
vt -0.861103 1.090038
vt -0.859548 1.096799
vt -0.862251 1.095386
vt -0.864963 1.088692
vt -0.864626 1.093945
vt -0.456317 1.625185
vt -0.462617 1.624926
vt -0.462949 1.630504
vt -0.463076 1.635498
vt -0.467015 1.650176
vt -0.853486 1.076511
vt -0.850347 1.082659
vt -0.847542 1.081631
vt -0.848692 1.075330
vt -0.468655 1.654804
vt -0.465663 1.650781
vt -0.469511 1.654554
vt -0.469270 1.658346
vt -0.465616 1.658450
vt -0.467429 1.655168
vt -0.472246 1.658610
vt -0.470881 1.663428
vt -0.469137 1.663588
vt -0.471297 1.667500
vt -0.040675 1.916488
vt -0.043864 1.911153
vt -0.046637 1.912504
vt -0.047799 1.908782
vt -0.046463 1.907525
vt -0.331492 1.781099
vt -0.327949 1.781760
vt -0.331958 1.777233
vt -0.129422 1.215909
vt -0.125960 1.214316
vt -0.125990 1.212203
vt -0.870795 1.223562
vt -0.869593 1.227530
vt -0.864784 1.228068
vt -0.326489 1.778118
vt -0.128769 1.212237
vt -0.865254 1.223481
vt -0.863229 1.228084
vt -0.128872 1.211023
vt -0.125934 1.210838
vt -0.125930 1.209904
vt -0.472270 1.666694
vt -0.472966 1.666101
vt -0.472143 1.663314
vt -0.258405 1.307276
vt -0.253972 1.308013
vt -0.252651 1.303510
vt -0.258220 1.311450
vt -0.255255 1.310611
vt -0.862822 1.223550
vt -0.861031 1.223528
vt -0.862118 1.217787
vt -0.862174 1.227955
vt -0.859384 1.218273
vt -0.258404 1.302597
vt -0.862703 1.214983
vt -0.860132 1.215500
vt -0.844123 1.081096
vt -0.843849 1.075278
vt -0.860683 1.212755
vt -0.863085 1.212577
vt -0.865818 1.214253
vt -0.865643 1.216387
vt -0.872282 1.217033
vt -0.331966 1.770702
vt -0.325503 1.771262
vt -0.331511 1.767091
vt -0.324683 1.768117
vt -0.872645 1.213899
vt -0.043985 1.918489
vt -0.042481 1.921827
vt -0.324095 1.765363
vt -0.865885 1.212433
vt -0.873094 1.211077
vt -0.325450 1.757959
vt -0.328959 1.757426
vt -0.321296 1.764233
vt -0.748763 1.197557
vt -0.749252 1.189251
vt -0.752172 1.189496
vt -0.331074 1.763976
vt -0.751486 1.197585
vt -0.748669 1.201258
vt -0.751350 1.201262
vt -0.751312 1.203851
vt -0.041126 1.924694
vt -0.038697 1.931216
vt -0.036548 1.930112
vt -0.038615 1.923933
vt -0.039574 1.920482
vt -0.033732 1.929277
vt -0.035167 1.924294
vt -0.035940 1.920528
vt -0.036913 1.916176
vt -0.463913 1.652491
vt -0.460876 1.650215
vt -0.037564 1.936456
vt -0.326563 1.752805
vt -0.325426 1.754596
vt -0.323037 1.749643
vt -0.321747 1.752485
vt -0.317201 1.752391
vt -0.317608 1.748350
vt -0.320780 1.757416
vt -0.317509 1.757577
vt -0.312895 1.752684
vt -0.312545 1.749525
vt -0.309625 1.757527
vt -0.310159 1.754135
vt -0.309238 1.752872
vt -0.306435 1.756573
vt -0.038227 1.961773
vt -0.304091 1.762857
vt -0.040681 1.968090
vt -0.037703 1.969604
vt -0.036677 1.977026
vt -0.040584 1.976951
vt -0.043398 1.974823
vt -0.043993 1.982193
vt -0.465688 1.604098
vt -0.469192 1.598898
vt -0.469417 1.604569
vt -0.467124 1.607670
vt -0.472106 1.600498
vt -0.470883 1.599827
vt -0.473042 1.597274
vt -0.472283 1.596619
vt -0.789205 1.377630
vt -0.792147 1.377622
vt -0.792118 1.378836
vt -0.789183 1.378654
vt -0.471216 1.595734
vt -0.789331 1.376174
vt -0.091595 1.728485
vt -0.092034 1.724187
vt -0.094220 1.724105
vt -0.089566 1.728543
vt -0.092998 1.728416
vt -0.792228 1.376009
vt -0.089096 1.724032
vt -0.086157 1.728142
vt -0.789566 1.373828
vt -0.792479 1.373305
vt -0.084943 1.724291
vt -0.307240 1.777846
vt -0.305327 1.781279
vt -0.302868 1.779880
vt -0.308890 1.771384
vt -0.302179 1.776528
vt -0.046266 1.980866
vt -0.302343 1.769862
vt -0.047795 1.983933
vt -0.046072 1.985311
vt -0.096168 1.719414
vt -0.948760 1.573733
vt -0.949126 1.577469
vt -0.945452 1.574177
vt -0.944572 1.577566
vt -0.949678 1.581847
vt -0.844286 1.094110
vt -0.095653 1.714142
vt -0.092187 1.719299
vt -0.944078 1.582053
vt -0.128905 1.210084
vt -0.285264 1.389047
vt -0.285716 1.377003
vt -0.291659 1.376730
vt -0.280239 1.388639
vt -0.603772 1.710660
vt -0.603571 1.715411
vt -0.600528 1.715323
vt -0.289538 1.388446
vt -0.604042 1.719428
vt -0.600809 1.719526
vt -0.597160 1.719504
vt -0.600499 1.722806
vt -0.597104 1.715234
vt -0.597033 1.710800
vt -0.315752 1.803091
vt -0.311648 1.804523
vt -0.314711 1.799543
vt -0.307546 1.804965
vt -0.310850 1.800805
vt -0.306955 1.801306
vt -0.305395 1.791108
vt -0.308673 1.790427
vt -0.307430 1.786160
vt -0.310828 1.785136
vt -0.311866 1.789642
vt -0.030192 1.279107
vt -0.030668 1.282685
vt -0.027724 1.278487
vt -0.313458 1.784262
vt -0.027617 1.277013
vt -0.029838 1.277132
vt -0.842840 1.225029
vt -0.841858 1.224497
vt -0.843067 1.221000
vt -0.027114 1.274559
vt -0.029383 1.274707
vt -0.708802 1.138653
vt -0.706765 1.138583
vt -0.706692 1.135084
vt -0.843727 1.221576
vt -0.706050 1.129986
vt -0.708357 1.130255
vt -0.846116 1.216915
vt -0.845036 1.216155
vt -0.708654 1.135236
vt -0.840706 1.215029
vt -0.841795 1.211542
vt -0.846618 1.212803
vt -0.845726 1.212583
vt -0.842671 1.208895
vt -0.847252 1.213445
vt -0.847902 1.210734
vt -0.846269 1.209820
vt -0.847665 1.210184
vt -0.530427 1.406926
vt -0.527494 1.406475
vt -0.526689 1.400835
vt -0.527324 1.395963
vt -0.530481 1.395707
vt -0.529248 1.400808
vt -0.838679 1.207040
vt -0.504123 1.807655
vt -0.504839 1.796452
vt -0.507678 1.796766
vt -0.278758 1.376408
vt -0.529880 1.408026
vt -0.504390 1.809333
vt -0.509377 1.809132
vt -0.509349 1.807101
vt -0.530786 1.978711
vt -0.530933 1.976613
vt -0.533744 1.978526
vt -0.530674 1.984748
vt -0.509663 1.814330
vt -0.505621 1.814203
vt -0.526683 1.412089
vt -0.527303 1.408659
vt -0.528801 1.411880
vt -0.528421 1.414066
vt -0.506092 1.816763
vt -0.525887 1.418512
vt -0.526361 1.414449
vt -0.509720 1.816976
vt -0.510327 1.821700
vt -0.507328 1.821099
vt -0.527730 1.418206
vt -0.298821 1.086831
vt -0.302793 1.086991
vt -0.299716 1.089432
vt -0.300165 1.081299
vt -0.303623 1.081224
vt -0.530820 1.993387
vt -0.530414 1.987929
vt -0.536110 1.994897
vt -0.301817 1.089375
vt -0.710397 1.124204
vt -0.714620 1.124742
vt -0.715319 1.127218
vt -0.710294 1.126515
vt -0.716902 1.132284
vt -0.710705 1.130512
vt -0.708340 1.126578
vt -0.711542 1.135656
vt -0.716661 1.135865
vt -0.303751 1.077324
vt -0.300990 1.077115
vt -0.716554 1.138916
vt -0.303071 1.074523
vt -0.711808 1.138821
vt -0.027952 1.266460
vt -0.028921 1.266438
vt -0.027132 1.271194
vt -0.302086 1.074588
vt -0.316489 1.777154
vt -0.316894 1.772855
vt -0.319719 1.772868
vt -0.029259 1.270759
vt -0.321854 1.783636
vt -0.315610 1.781408
vt -0.321258 1.779695
vt -0.538127 1.984980
vt -0.539154 1.988715
vt -0.534663 1.988374
vt -0.540558 1.995413
vt -0.534135 1.984724
vt -0.537103 1.978487
vt -0.533710 1.976324
vt -0.536842 1.976037
vt -0.314882 1.788146
vt -0.321890 1.790356
vt -0.317500 1.797995
vt -0.318464 1.801557
vt -0.321833 1.792756
vt -0.536944 1.966541
vt -0.534025 1.966573
vt -0.597352 1.707688
vt -0.600444 1.707664
vt -0.600621 1.710627
vt -0.531455 1.966822
vt -0.603156 1.707939
vt -0.705246 1.123580
vt -0.708223 1.123845
vt -0.705543 1.126347
vt -0.527017 1.394094
vt -0.837899 1.209814
vt -0.839711 1.208022
vt -0.841215 1.208301
vt -0.838105 1.210311
vt -0.839662 1.210644
vt -0.837319 1.213554
vt -0.836005 1.213338
vt -0.835370 1.208978
vt -0.833842 1.211875
vt -0.830794 1.210834
vt -0.833498 1.207766
vt -0.836467 1.206710
vt -0.831356 1.204445
vt -0.834767 1.206091
vt -0.829059 1.205881
vt -0.825433 1.209665
vt -0.525705 1.383608
vt -0.527802 1.383437
vt -0.525744 1.387832
vt -0.235551 1.252421
vt -0.235950 1.255027
vt -0.233168 1.252759
vt -0.528338 1.388196
vt -0.452963 1.956690
vt -0.455288 1.956175
vt -0.452385 1.961952
vt -0.232333 1.254835
vt -0.455377 1.962112
vt -0.828524 1.652083
vt -0.829120 1.645307
vt -0.832485 1.651611
vt -0.834056 1.643920
vt -0.234193 1.260003
vt -0.837135 1.651123
vt -0.838832 1.643441
vt -0.236709 1.260373
vt -0.235335 1.264649
vt -0.429230 1.016707
vt -0.426965 1.023301
vt -0.424310 1.022513
vt -0.236104 1.267227
vt -0.237244 1.264796
vt -0.823647 1.213277
vt -0.828277 1.215035
vt -0.826131 1.217724
vt -0.822564 1.215333
vt -0.237097 1.267186
vt -0.028570 1.293126
vt -0.027954 1.297618
vt -0.026968 1.297581
vt -0.026648 1.293347
vt -0.028875 1.290710
vt -0.423725 1.017659
vt -0.424181 1.014271
vt -0.430222 1.014071
vt -0.429864 1.006813
vt -0.026892 1.290969
vt -0.027682 1.288174
vt -0.030310 1.287625
vt -0.425348 1.008263
vt -0.830054 1.220309
vt -0.827974 1.218937
vt -0.830637 1.216232
vt -0.832600 1.217491
vt -0.836022 1.218631
vt -0.834901 1.218357
vt -0.834581 1.222048
vt -0.833121 1.221360
vt -0.028055 1.286198
vt -0.030582 1.285639
vt -0.028376 1.282631
vt -0.837883 1.223330
vt -0.839119 1.219913
vt -0.304569 1.786723
vt -0.302788 1.790824
vt -0.301971 1.786985
vt -0.304017 1.800825
vt -0.439191 1.003536
vt -0.436126 1.012326
vt -0.442812 1.001953
vt -0.304629 1.804401
vt -0.597489 1.722523
vt -0.834809 1.672802
vt -0.831918 1.672568
vt -0.834304 1.663532
vt -0.437938 1.010820
vt -0.831604 1.663346
vt -0.834609 1.661246
vt -0.831648 1.661265
vt -0.829029 1.663264
vt -0.829389 1.672253
vt -0.456920 1.972310
vt -0.451768 1.971691
vt -0.456768 1.970332
vt -0.452482 1.982276
vt -0.456035 1.981771
vt -0.828848 1.661260
vt -0.828716 1.655513
vt -0.451772 1.969821
vt -0.452360 1.964628
vt -0.455961 1.964875
vt -0.529848 1.394637
vt -0.526052 1.389974
vt -0.528817 1.390383
vt -0.831965 1.655434
vt -0.835745 1.655073
vt -0.603163 1.722603
vt -0.904938 1.498893
vt -0.905328 1.507519
vt -0.898602 1.508626
vt -0.911044 1.499586
vt -0.905112 1.493160
vt -0.899098 1.499197
vt -0.899727 1.493346
vt -0.358800 1.078112
vt -0.355169 1.076815
vt -0.355551 1.071528
vt -0.358845 1.071568
vt -0.640990 1.897187
vt -0.638214 1.892105
vt -0.644339 1.894459
vt -0.356534 1.067336
vt -0.900686 1.786472
vt -0.903425 1.785447
vt -0.899092 1.794063
vt -0.359174 1.066107
vt -0.642422 1.890435
vt -0.906241 1.788901
vt -0.900880 1.795048
vt -0.903806 1.795814
vt -0.896927 1.798403
vt -0.900504 1.798822
vt -0.903910 1.799002
vt -0.904614 1.804531
vt -0.900890 1.805439
vt -0.644148 1.873150
vt -0.640947 1.872492
vt -0.640902 1.868233
vt -0.644349 1.879118
vt -0.901242 1.810933
vt -0.643684 1.868042
vt -0.905562 1.809430
vt -0.906347 1.815329
vt -0.901915 1.817488
vt -0.896022 1.812692
vt -0.896881 1.818690
vt -0.030656 1.344148
vt -0.026657 1.344209
vt -0.030668 1.338984
vt -0.026757 1.349264
vt -0.030630 1.349053
vt -0.760193 1.964619
vt -0.759861 1.968745
vt -0.755821 1.962119
vt -0.027055 1.351863
vt -0.029117 1.351940
vt -0.762010 1.966497
vt -0.755559 1.966924
vt -0.759706 1.972302
vt -0.761767 1.973474
vt -0.761817 1.970075
vt -0.897756 1.527089
vt -0.895719 1.526767
vt -0.898051 1.523503
vt -0.895539 1.523053
vt -0.895556 1.518819
vt -0.898250 1.520068
vt -0.750672 1.966037
vt -0.755258 1.970806
vt -0.755104 1.974475
vt -0.750252 1.969366
vt -0.754915 1.976903
vt -0.748690 1.974799
vt -0.754902 1.974949
vt -0.759372 1.976354
vt -0.748967 1.973391
vt -0.749478 1.972100
vt -0.051938 1.426140
vt -0.052381 1.423394
vt -0.056868 1.424377
vt -0.056832 1.425836
vt -0.744915 1.972665
vt -0.445055 1.652911
vt -0.440420 1.656042
vt -0.441758 1.652590
vt -0.442311 1.649760
vt -0.436566 1.654127
vt -0.745736 1.967327
vt -0.434054 1.654809
vt -0.745963 1.964762
vt -0.750656 1.961178
vt -0.747540 1.960947
vt -0.435667 1.657447
vt -0.430149 1.656225
vt -0.027234 1.335824
vt -0.028835 1.335508
vt -0.026843 1.338935
vt -0.431041 1.657590
vt -0.523199 1.964197
vt -0.517249 1.964785
vt -0.515888 1.961097
vt -0.520398 1.960010
vt -0.524879 1.957872
vt -0.528919 1.953894
vt -0.532799 1.955747
vt -0.529682 1.961640
vt -0.894714 1.805576
vt -0.536739 1.961930
vt -0.529390 1.950548
vt -0.534645 1.951183
vt -0.541311 1.951699
vt -0.538702 1.956589
vt -0.549911 1.952336
vt -0.546872 1.956943
vt -0.541939 1.946570
vt -0.550634 1.945770
vt -0.540548 1.942150
vt -0.535204 1.946701
vt -0.529895 1.946565
vt -0.529154 1.942743
vt -0.534398 1.942515
vt -0.444899 1.642137
vt -0.445835 1.645777
vt -0.441577 1.641840
vt -0.526913 1.939557
vt -0.438991 1.640535
vt -0.442214 1.639435
vt -0.438347 1.637739
vt -0.753299 1.721182
vt -0.756065 1.721942
vt -0.753907 1.726369
vt -0.436989 1.640038
vt -0.751357 1.720556
vt -0.752846 1.725955
vt -0.746852 1.978397
vt -0.752550 1.981083
vt -0.744898 1.982838
vt -0.750132 1.985925
vt -0.754666 1.732329
vt -0.051519 1.430266
vt -0.056236 1.429888
vt -0.056224 1.434702
vt -0.051304 1.433918
vt -0.442190 1.645475
vt -0.445442 1.649659
vt -0.756707 1.983065
vt -0.754170 1.988804
vt -0.752718 1.731576
vt -0.755207 1.737223
vt -0.750048 1.730277
vt -0.750128 1.735056
vt -0.752920 1.736624
vt -0.753279 1.739141
vt -0.913521 1.515182
vt -0.915311 1.512935
vt -0.916772 1.517163
vt -0.914871 1.518307
vt -0.756202 1.740188
vt -0.911278 1.512965
vt -0.750145 1.737980
vt -0.747009 1.736349
vt -0.915200 1.521896
vt -0.917432 1.521049
vt -0.236998 1.887042
vt -0.233954 1.886883
vt -0.237184 1.883080
vt -0.234069 1.883071
vt -0.235226 1.876356
vt -0.238094 1.879444
vt -0.917424 1.524798
vt -0.915554 1.525696
vt -0.519523 1.922446
vt -0.526319 1.922106
vt -0.517626 1.926180
vt -0.354349 1.714921
vt -0.358082 1.715736
vt -0.355861 1.718855
vt -0.354345 1.710729
vt -0.358166 1.711263
vt -0.746964 1.733706
vt -0.742661 1.732151
vt -0.742086 1.727731
vt -0.357919 1.718592
vt -0.743532 1.734856
vt -0.746637 1.729036
vt -0.747346 1.724269
vt -0.750483 1.725307
vt -0.742899 1.722830
vt -0.744791 1.718785
vt -0.354666 1.706129
vt -0.357953 1.706290
vt -0.358017 1.701822
vt -0.748935 1.719730
vt -0.430315 1.638660
vt -0.430233 1.636532
vt -0.434444 1.639681
vt -0.356056 1.702652
vt -0.519083 1.935812
vt -0.515831 1.934299
vt -0.516566 1.930640
vt -0.433772 1.637204
vt -0.523521 1.931180
vt -0.529570 1.933219
vt -0.523488 1.937068
vt -0.529873 1.931763
vt -0.524556 1.926150
vt -0.530067 1.926360
vt -0.530134 1.922282
vt -0.536915 1.929731
vt -0.535984 1.925942
vt -0.541463 1.922532
vt -0.540812 1.925823
vt -0.535715 1.922365
vt -0.234294 1.892450
vt -0.237758 1.891514
vt -0.240267 1.897092
vt -0.235171 1.898138
vt -0.239398 1.905248
vt -0.235343 1.903913
vt -0.912170 1.507751
vt -0.905444 1.513101
vt -0.547139 1.923569
vt -0.548973 1.926537
vt -0.233950 1.907112
vt -0.353128 1.005696
vt -0.348840 1.006757
vt -0.349067 1.003323
vt -0.353079 1.001953
vt -0.236561 1.910360
vt -0.547329 1.929504
vt -0.540524 1.933594
vt -0.546411 1.937614
vt -0.536902 1.933325
vt -0.540320 1.928477
vt -0.538849 1.937780
vt -0.549399 1.941056
vt -0.532589 1.938241
vt -0.359113 1.082918
vt -0.355371 1.082251
vt -0.910613 1.493668
vt -0.762248 1.979795
vt -0.759831 1.984530
vt -0.757177 1.989687
vt -0.900158 1.513924
vt -0.898860 1.516548
vt -0.759312 1.978401
vt -0.761881 1.976951
vt -0.762209 1.979817
vt -0.896238 1.514063
vt -0.637681 1.882722
vt -0.640221 1.877294
vt -0.640662 1.864518
vt -0.642850 1.862107
vt -0.643981 1.882890
vt -0.540877 1.961505
vt -0.351363 1.545281
vt -0.350978 1.551779
vt -0.345140 1.552222
vt -0.356258 1.544704
vt -0.351799 1.540735
vt -0.346251 1.545512
vt -0.346483 1.541121
vt -0.739928 1.978451
vt -0.733646 1.978454
vt -0.734516 1.974063
vt -0.739878 1.983798
vt -0.880522 1.727959
vt -0.881401 1.724078
vt -0.885045 1.726641
vt -0.733490 1.983736
vt -0.740079 1.989399
vt -0.428704 1.422022
vt -0.428636 1.426282
vt -0.423734 1.421136
vt -0.428128 1.430079
vt -0.423142 1.425519
vt -0.423183 1.429897
vt -0.417489 1.429627
vt -0.417827 1.425189
vt -0.413284 1.424814
vt -0.413410 1.419923
vt -0.417758 1.420907
vt -0.772030 1.975502
vt -0.772325 1.978840
vt -0.768732 1.974993
vt -0.412533 1.415556
vt -0.768184 1.972362
vt -0.770655 1.973075
vt -0.905900 1.023650
vt -0.907130 1.025629
vt -0.903376 1.026793
vt -0.767587 1.969833
vt -0.769716 1.970330
vt -0.674999 1.138228
vt -0.675587 1.140307
vt -0.672776 1.140841
vt -0.903166 1.024817
vt -0.673024 1.138234
vt -0.087074 1.015663
vt -0.085687 1.018302
vt -0.082236 1.015517
vt -0.082224 1.015862
vt -0.087227 1.013134
vt -0.082089 1.013874
vt -0.080907 1.017659
vt -0.086395 1.009531
vt -0.090526 1.008308
vt -0.091555 1.013056
vt -0.091445 1.012406
vt -0.094780 1.007157
vt -0.094621 1.015202
vt -0.091216 1.015483
vt -0.095032 1.012318
vt -0.095160 1.013055
vt -0.056629 1.393992
vt -0.053501 1.394597
vt -0.053640 1.388210
vt -0.052603 1.381932
vt -0.056868 1.382639
vt -0.056689 1.388105
vt -0.092390 1.001953
vt -0.101206 1.170649
vt -0.100025 1.177525
vt -0.097277 1.177197
vt -0.357159 1.552683
vt -0.054970 1.397032
vt -0.100473 1.166155
vt -0.097091 1.166384
vt -0.096756 1.171835
vt -0.312057 1.978224
vt -0.311788 1.972972
vt -0.315609 1.977477
vt -0.312473 1.983299
vt -0.096869 1.161592
vt -0.100198 1.161405
vt -0.051835 1.401423
vt -0.052610 1.397786
vt -0.054659 1.400948
vt -0.054638 1.404746
vt -0.100079 1.157099
vt -0.051669 1.408264
vt -0.051744 1.404871
vt -0.096826 1.157311
vt -0.096203 1.152795
vt -0.054269 1.408025
vt -0.099138 1.153550
vt -0.054919 1.410614
vt -0.051195 1.410823
vt -0.054888 1.414891
vt -0.051275 1.415097
vt -0.314046 1.992644
vt -0.313083 1.987691
vt -0.318088 1.993910
vt -0.092125 1.021139
vt -0.090089 1.023850
vt -0.088124 1.025250
vt -0.088892 1.021501
vt -0.083980 1.025752
vt -0.089998 1.018368
vt -0.084759 1.021515
vt -0.079880 1.020524
vt -0.079400 1.024940
vt -0.051435 1.419490
vt -0.054198 1.418952
vt -0.670855 1.131414
vt -0.672864 1.132273
vt -0.672688 1.135248
vt -0.716977 1.075842
vt -0.717910 1.077737
vt -0.715493 1.078574
vt -0.674174 1.135384
vt -0.767110 1.963490
vt -0.768287 1.963670
vt -0.767143 1.966706
vt -0.715705 1.075944
vt -0.412801 1.407280
vt -0.413470 1.403169
vt -0.415827 1.402361
vt -0.769144 1.967146
vt -0.416336 1.412698
vt -0.412344 1.411133
vt -0.415566 1.407567
vt -0.321297 1.982251
vt -0.321420 1.988503
vt -0.317286 1.988219
vt -0.321890 1.994498
vt -0.316551 1.982861
vt -0.318960 1.976316
vt -0.314926 1.972531
vt -0.318088 1.972903
vt -0.417203 1.416926
vt -0.422060 1.413348
vt -0.423314 1.417051
vt -0.427920 1.418465
vt -0.425694 1.414785
vt -0.318657 1.968660
vt -0.314226 1.966510
vt -0.159652 1.049690
vt -0.155268 1.050095
vt -0.155810 1.045183
vt -0.100863 1.180702
vt -0.097186 1.179849
vt -0.159191 1.043617
vt -0.312537 1.968125
vt -0.356380 1.541023
vt -0.733772 1.988599
vt -0.093375 1.018277
vt -0.051432 1.379149
vt -0.089175 1.003843
vt -0.870136 1.085651
vt -0.869844 1.083247
vt -0.873710 1.086050
vt -0.873470 1.083752
vt -0.877479 1.084924
vt -0.877812 1.086773
vt -0.874378 1.089165
vt -0.878432 1.089780
vt -0.878945 1.093273
vt -0.874772 1.092811
vt -0.870355 1.088644
vt -0.871455 1.095015
vt -0.870490 1.092458
vt -0.875405 1.096471
vt -0.879681 1.097557
vt -0.050423 1.368914
vt -0.052719 1.368777
vt -0.049796 1.371757
vt -0.658888 1.217382
vt -0.659192 1.221484
vt -0.656851 1.217385
vt -0.053770 1.371778
vt -0.881823 1.700364
vt -0.886194 1.698968
vt -0.881431 1.704363
vt -0.656189 1.221937
vt -0.884288 1.704738
vt -0.392470 1.975636
vt -0.393454 1.969316
vt -0.396333 1.975299
vt -0.397113 1.969172
vt -0.656027 1.225811
vt -0.399873 1.975349
vt -0.399458 1.969261
vt -0.658941 1.225847
vt -0.656143 1.228182
vt -0.414809 1.443894
vt -0.414627 1.449781
vt -0.412161 1.448202
vt -0.450873 1.003989
vt -0.448307 1.005259
vt -0.448290 1.001953
vt -0.659464 1.228824
vt -0.664304 1.225217
vt -0.665203 1.221053
vt -0.667529 1.220627
vt -0.882853 1.097712
vt -0.882861 1.093365
vt -0.450440 1.002116
vt -0.666287 1.224464
vt -0.766808 1.992845
vt -0.769068 1.992303
vt -0.765950 1.996573
vt -0.770542 1.988456
vt -0.668481 1.217177
vt -0.767717 1.989105
vt -0.669541 1.214293
vt -0.665677 1.217791
vt -0.768678 1.985608
vt -0.883171 1.087499
vt -0.882841 1.089968
vt -0.666521 1.215289
vt -0.080327 1.007982
vt -0.079305 1.006800
vt -0.084298 1.004395
vt -0.903184 1.032962
vt -0.907126 1.032423
vt -0.903355 1.034515
vt -0.906383 1.035237
vt -0.768752 1.982336
vt -0.771971 1.982206
vt -0.771537 1.985276
vt -0.768718 1.978831
vt -0.907355 1.029172
vt -0.903163 1.029500
vt -0.085519 1.005617
vt -0.081667 1.011184
vt -0.413069 1.434043
vt -0.413188 1.429633
vt -0.416586 1.434100
vt -0.415145 1.438590
vt -0.420795 1.438099
vt -0.422266 1.434408
vt -0.412482 1.439336
vt -0.426943 1.433861
vt -0.739512 1.973933
vt -0.399127 1.995473
vt -0.395200 1.995831
vt -0.398619 1.990856
vt -0.425134 1.437285
vt -0.395799 1.990618
vt -0.399363 1.986988
vt -0.395682 1.986516
vt -0.392889 1.990299
vt -0.393578 1.995162
vt -0.885483 1.718823
vt -0.881196 1.718384
vt -0.885247 1.714632
vt -0.884924 1.724331
vt -0.392402 1.986469
vt -0.392361 1.980680
vt -0.881610 1.713767
vt -0.881354 1.708871
vt -0.884536 1.709270
vt -0.054782 1.379680
vt -0.050420 1.375764
vt -0.054149 1.375933
vt -0.395832 1.980833
vt -0.400489 1.981043
vt -0.412296 1.444219
vt -0.767758 1.995898
vt -0.763058 1.707886
vt -0.765948 1.704206
vt -0.770988 1.707036
vt -0.759434 1.705412
vt -0.760115 1.711932
vt -0.766818 1.710228
vt -0.764572 1.713941
vt -0.757607 1.717021
vt -0.763729 1.718834
vt -0.767503 1.714463
vt -0.768581 1.718094
vt -0.772711 1.716680
vt -0.768765 1.712003
vt -0.772293 1.713393
vt -0.772184 1.710722
vt -0.776479 1.712686
vt -0.776207 1.716016
vt -0.776258 1.709694
vt -0.781065 1.708550
vt -0.781689 1.711727
vt -0.782072 1.714633
vt -0.787857 1.713067
vt -0.786917 1.710347
vt -0.790525 1.706004
vt -0.792196 1.709227
vt -0.785453 1.707143
vt -0.792479 1.711608
vt -0.596047 1.183769
vt -0.598797 1.183832
vt -0.596278 1.186090
vt -0.598553 1.179775
vt -0.596192 1.180139
vt -0.888322 1.263116
vt -0.890914 1.265008
vt -0.884774 1.264887
vt -0.597770 1.176531
vt -0.596474 1.176693
vt -0.891155 1.261894
vt -0.887398 1.267281
vt -0.893506 1.267646
vt -0.896766 1.265817
vt -0.894532 1.262765
vt -0.894324 1.262088
vt -0.599003 1.173537
vt -0.596320 1.173770
vt -0.397300 1.392471
vt -0.399987 1.395757
vt -0.394888 1.393781
vt -0.397156 1.396945
vt -0.402512 1.399333
vt -0.776465 1.706679
vt -0.780864 1.704960
vt -0.784783 1.703065
vt -0.404520 1.403646
vt -0.398967 1.399528
vt -0.401348 1.403522
vt -0.898449 1.268192
vt -0.901110 1.271571
vt -0.896105 1.269644
vt -0.897530 1.272131
vt -0.893803 1.272998
vt -0.892484 1.271701
vt -0.894289 1.277158
vt -0.889449 1.278212
vt -0.897457 1.272352
vt -0.888554 1.275200
vt -0.889392 1.280556
vt -0.875594 1.150340
vt -0.878549 1.149864
vt -0.878645 1.153285
vt -0.875299 1.153228
vt -0.878609 1.155796
vt -0.894565 1.280978
vt -0.878632 1.157607
vt -0.876398 1.158130
vt -0.888761 1.282182
vt -0.875542 1.155949
vt -0.270957 1.079177
vt -0.267954 1.079276
vt -0.269256 1.076491
vt -0.271888 1.082080
vt -0.268192 1.081753
vt -0.266610 1.077016
vt -0.877922 1.160170
vt -0.277545 1.082969
vt -0.273065 1.082779
vt -0.272803 1.079159
vt -0.277226 1.079044
vt -0.271876 1.085174
vt -0.271516 1.075882
vt -0.282074 1.079219
vt -0.275609 1.075266
vt -0.269380 1.073054
vt -0.273178 1.071338
vt -0.279213 1.071473
vt -0.280870 1.074930
vt -0.285768 1.074463
vt -0.283184 1.071948
vt -0.533027 1.742593
vt -0.532558 1.737685
vt -0.536320 1.741932
vt -0.535274 1.738091
vt -0.533390 1.747776
vt -0.537534 1.747905
vt -0.529641 1.747747
vt -0.532931 1.752843
vt -0.529500 1.752076
vt -0.532369 1.757690
vt -0.536576 1.753870
vt -0.534854 1.759316
vt -0.266158 1.070844
vt -0.261898 1.068913
vt -0.262763 1.066521
vt -0.267786 1.069095
vt -0.599580 1.168478
vt -0.596740 1.169632
vt -0.600011 1.165551
vt -0.403643 1.084072
vt -0.405528 1.084487
vt -0.404874 1.087525
vt -0.403560 1.085352
vt -0.262835 1.071249
vt -0.266617 1.073887
vt -0.264380 1.074441
vt -0.261603 1.071725
vt -0.883422 1.164905
vt -0.880346 1.162544
vt -0.881569 1.162180
vt -0.885614 1.286756
vt -0.889615 1.288387
vt -0.885419 1.290937
vt -0.885186 1.164274
vt -0.887137 1.283732
vt -0.879274 1.159702
vt -0.891500 1.285602
vt -0.893654 1.283444
vt -0.895552 1.286977
vt -0.893516 1.289616
vt -0.898966 1.281796
vt -0.897652 1.284618
vt -0.900571 1.285295
vt -0.398929 1.417245
vt -0.400932 1.416856
vt -0.399616 1.420365
vt -0.396982 1.420432
vt -0.902317 1.281767
vt -0.400701 1.413244
vt -0.898959 1.288245
vt -0.897641 1.290427
vt -0.395623 1.422762
vt -0.398421 1.423570
vt -0.526547 1.748013
vt -0.526152 1.751663
vt -0.529017 1.756185
vt -0.525733 1.754412
vt -0.396847 1.425802
vt -0.394850 1.424740
vt -0.599827 1.161959
vt -0.596591 1.162701
vt -0.598410 1.158596
vt -0.596238 1.166180
vt -0.892056 1.292740
vt -0.888639 1.292227
vt -0.596200 1.158177
vt -0.896494 1.292151
vt -0.526623 1.743531
vt -0.529685 1.743070
vt -0.403576 1.413082
vt -0.525760 1.738147
vt -0.529581 1.738365
vt -0.530064 1.734465
vt -0.532075 1.733602
vt -0.536864 1.729515
vt -0.536183 1.734550
vt -0.531294 1.729625
vt -0.527808 1.733123
vt -0.752707 1.713817
vt -0.756109 1.709369
vt -0.288388 1.078875
vt -0.288636 1.084654
vt -0.761835 1.700638
vt -0.403737 1.408303
vt -0.400860 1.407956
vt -0.901043 1.272407
vt -0.902156 1.276280
vt -0.898520 1.276531
vt -0.898827 1.281440
vt -0.902104 1.281073
vt -0.282144 1.083835
vt -0.287202 1.088176
vt -0.281251 1.087085
vt -0.276509 1.086722
vt -0.272657 1.086622
vt -0.275658 1.090600
vt -0.271952 1.090433
vt -0.267332 1.087673
vt -0.270981 1.088179
vt -0.269331 1.090886
vt -0.267813 1.084620
vt -0.270151 1.094076
vt -0.266468 1.090074
vt -0.266600 1.093235
vt -0.274121 1.096519
vt -0.262203 1.094013
vt -0.264335 1.092131
vt -0.263124 1.095286
vt -0.268837 1.098852
vt -0.267100 1.097126
vt -0.264063 1.099057
vt -0.259073 1.096089
vt -0.259956 1.096817
vt -0.263180 1.098330
vt -0.261727 1.099371
vt -0.883280 1.141969
vt -0.885006 1.141630
vt -0.880224 1.144043
vt -0.882599 1.144328
vt -0.882429 1.266836
vt -0.884399 1.269793
vt -0.598865 1.186970
vt -0.264329 1.100522
vt -0.890088 1.269674
vt -0.878401 1.146098
vt -0.880329 1.146674
vt -0.886528 1.272082
vt -0.876538 1.148170
vt -0.887520 1.274202
vt -0.878356 1.148312
vt -0.279375 1.093974
vt -0.280663 1.090197
vt -0.285847 1.090071
vt -0.787782 1.703812
vt -0.282384 1.092291
vt -0.758819 1.895561
vt -0.758453 1.881118
vt -0.767438 1.880856
vt -0.757138 1.895149
vt -0.152675 1.304503
vt -0.152759 1.302545
vt -0.159906 1.305167
vt -0.152536 1.293706
vt -0.160151 1.302341
vt -0.766959 1.895208
vt -0.163683 1.304743
vt -0.481657 1.289267
vt -0.479661 1.292760
vt -0.478244 1.285624
vt -0.482159 1.282429
vt -0.486142 1.283926
vt -0.474974 1.271695
vt -0.478060 1.271461
vt -0.474430 1.285539
vt -0.896775 1.822592
vt -0.900784 1.826458
vt -0.899305 1.831192
vt -0.902815 1.833355
vt -0.903324 1.845662
vt -0.470294 1.272175
vt -0.900079 1.844991
vt -0.471042 1.265901
vt -0.899565 1.851107
vt -0.902783 1.851377
vt -0.902101 1.859220
vt -0.899005 1.860140
vt -0.471812 1.256924
vt -0.478874 1.251345
vt -0.480336 1.256343
vt -0.475483 1.261369
vt -0.220018 1.567366
vt -0.215677 1.573142
vt -0.212468 1.574419
vt -0.789256 1.936976
vt -0.789454 1.942177
vt -0.788215 1.936944
vt -0.788188 1.942127
vt -0.215449 1.567105
vt -0.220031 1.566471
vt -0.215494 1.568509
vt -0.215298 1.561281
vt -0.220113 1.561354
vt -0.220094 1.560624
vt -0.215413 1.560056
vt -0.782248 1.941885
vt -0.781158 1.941839
vt -0.782424 1.936718
vt -0.782520 1.932919
vt -0.781492 1.936651
vt -0.781455 1.932887
vt -0.835051 1.973260
vt -0.833683 1.976797
vt -0.831974 1.968745
vt -0.829165 1.972015
vt -0.832104 1.981749
vt -0.827514 1.966640
vt -0.831077 1.965101
vt -0.825325 1.976476
vt -0.832102 1.961559
vt -0.824981 1.967981
vt -0.827278 1.960799
vt -0.824535 1.960517
vt -0.834125 1.948054
vt -0.835364 1.951199
vt -0.836935 1.944301
vt -0.839840 1.949914
vt -0.829662 1.946663
vt -0.994671 1.305976
vt -0.991930 1.320209
vt -0.988862 1.321049
vt -0.834517 1.940929
vt -0.998047 1.299460
vt -0.991100 1.307908
vt -0.159300 1.290805
vt -0.163505 1.291180
vt -0.163223 1.293134
vt -0.578277 1.003287
vt -0.583888 1.001953
vt -0.583513 1.003945
vt -0.578293 1.004973
vt -0.993621 1.302350
vt -0.420643 1.169501
vt -0.420632 1.175239
vt -0.417823 1.176042
vt -0.117329 1.491590
vt -0.117329 1.501037
vt -0.111521 1.500646
vt -0.111611 1.491993
vt -0.417501 1.170229
vt -0.130736 1.148998
vt -0.133766 1.149357
vt -0.131331 1.154661
vt -0.134460 1.154989
vt -0.997370 1.544751
vt -0.995977 1.544919
vt -0.998047 1.539132
vt -0.163416 1.302800
vt -0.996220 1.539392
vt -0.159989 1.293512
vt -0.152577 1.291070
vt -0.988952 1.327820
vt -0.992116 1.327469
vt -0.990381 1.334507
vt -0.994176 1.335286
vt -0.211589 1.553631
vt -0.215432 1.555084
vt -0.836998 1.962889
vt -0.769066 1.880840
vt -0.769302 1.894603
vt -0.021633 1.518363
vt -0.015844 1.519958
vt -0.021832 1.517429
vt -0.839836 1.968592
vt -0.016272 1.518350
vt -0.782325 1.926280
vt -0.783227 1.926316
vt -0.016484 1.510188
vt -0.022607 1.512001
vt -0.788149 1.926500
vt -0.016268 1.508272
vt -0.789198 1.926538
vt -0.788239 1.933146
vt -0.022487 1.510902
vt -0.482969 1.270463
vt -0.756564 1.881135
vt -0.486142 1.264870
vt -0.481738 1.259867
vt -0.478167 1.264628
vt -0.474068 1.266666
vt -0.477067 1.266910
vt -0.789456 1.933195
vt -0.763646 1.940442
vt -0.763418 1.924825
vt -0.773082 1.924540
vt -0.761752 1.939529
vt -0.986692 1.947605
vt -0.986795 1.945450
vt -0.994297 1.948060
vt -0.772962 1.940292
vt -0.986853 1.935721
vt -0.994831 1.935683
vt -0.994445 1.945295
vt -0.530481 1.875134
vt -0.526609 1.881463
vt -0.525389 1.873398
vt -0.998047 1.948552
vt -0.522108 1.875226
vt -0.523782 1.883959
vt -0.517815 1.876445
vt -0.193914 1.060741
vt -0.189519 1.057874
vt -0.189638 1.052554
vt -0.997543 1.945913
vt -0.911835 1.027924
vt -0.911849 1.022480
vt -0.914409 1.021928
vt -0.186614 1.051284
vt -0.913697 1.027694
vt -0.135360 1.145010
vt -0.134826 1.139124
vt -0.138063 1.139353
vt -0.138491 1.145415
vt -0.075007 1.453201
vt -0.068943 1.453507
vt -0.074689 1.443924
vt -0.607415 1.184489
vt -0.607593 1.178671
vt -0.611095 1.178102
vt -0.610484 1.184180
vt -0.068493 1.443712
vt -0.993206 1.065509
vt -0.998047 1.062626
vt -0.997962 1.064398
vt -0.993226 1.066882
vt -0.992721 1.070227
vt -0.994464 1.087395
vt -0.995245 1.071082
vt -0.659764 1.740520
vt -0.663660 1.725779
vt -0.669172 1.724829
vt -0.671365 1.720700
vt -0.669534 1.718314
vt -0.997803 1.087027
vt -0.676595 1.727517
vt -0.672042 1.728781
vt -0.986496 1.934106
vt -0.994883 1.933124
vt -0.997696 1.934891
vt -0.997864 1.933074
vt -0.667084 1.741367
vt -0.662733 1.740838
vt -0.662613 1.745064
vt -0.660531 1.745866
vt -0.272062 1.719385
vt -0.270613 1.708731
vt -0.274256 1.709703
vt -0.661807 1.757012
vt -0.271881 1.724699
vt -0.275262 1.724465
vt -0.275536 1.719393
vt -0.679626 1.209639
vt -0.683144 1.208140
vt -0.686664 1.212132
vt -0.691710 1.211578
vt -0.691704 1.212398
vt -0.686562 1.213305
vt -0.686583 1.217415
vt -0.691619 1.220043
vt -0.686498 1.219437
vt -0.691636 1.218688
vt -0.522632 1.840647
vt -0.523952 1.845072
vt -0.518596 1.850316
vt -0.515281 1.846329
vt -0.476742 1.683229
vt -0.477073 1.687833
vt -0.475597 1.683272
vt -0.475720 1.687869
vt -0.682981 1.223475
vt -0.679627 1.221715
vt -0.188347 1.023550
vt -0.192110 1.022973
vt -0.185987 1.031461
vt -0.189860 1.030768
vt -0.185254 1.037796
vt -0.517774 1.855821
vt -0.514644 1.854350
vt -0.513997 1.862614
vt -0.188577 1.038399
vt -0.517000 1.862033
vt -0.521891 1.862253
vt -0.520888 1.857834
vt -0.521777 1.854156
vt -0.527300 1.860836
vt -0.761336 1.924884
vt -0.925492 1.158950
vt -0.925493 1.161032
vt -0.918990 1.157059
vt -0.918960 1.158317
vt -0.530460 1.854511
vt -0.476456 1.671575
vt -0.476760 1.678818
vt -0.475478 1.678854
vt -0.525547 1.849184
vt -0.475201 1.671488
vt -0.469524 1.679020
vt -0.468749 1.679042
vt -0.469482 1.683440
vt -0.469373 1.671415
vt -0.919461 1.151249
vt -0.925491 1.149282
vt -0.468614 1.671405
vt -0.919523 1.150493
vt -0.925491 1.148022
vt -0.673347 1.741908
vt -0.676583 1.747493
vt -0.668042 1.748861
vt -0.774335 1.939246
vt -0.774341 1.924500
vt -0.665492 1.745465
vt -0.672027 1.753618
vt -0.670573 1.757776
vt -0.664988 1.752859
vt -0.669408 1.762241
vt -0.468853 1.683450
vt -0.468621 1.688059
vt -0.469439 1.688037
vt -0.720474 1.448369
vt -0.720532 1.435402
vt -0.727514 1.435297
vt -0.719073 1.447536
vt -0.224009 1.769274
vt -0.223498 1.770821
vt -0.217162 1.767818
vt -0.728087 1.448623
vt -0.223165 1.778434
vt -0.216518 1.779307
vt -0.216498 1.770642
vt -0.802556 1.650857
vt -0.798254 1.656377
vt -0.795932 1.652235
vt -0.214060 1.767540
vt -0.796797 1.659128
vt -0.792471 1.653397
vt -0.796076 1.639784
vt -0.799226 1.649703
vt -0.792277 1.640181
vt -0.791509 1.634563
vt -0.794309 1.635451
vt -0.788238 1.640076
vt -0.795778 1.633485
vt -0.793182 1.630230
vt -0.788870 1.633701
vt -0.789783 1.625978
vt -0.332432 1.908043
vt -0.333144 1.900301
vt -0.336267 1.899948
vt -0.333807 1.893937
vt -0.336602 1.894249
vt -0.335748 1.906055
vt -0.522882 1.344463
vt -0.528925 1.342235
vt -0.533394 1.342794
vt -0.526601 1.345521
vt -0.795562 1.621487
vt -0.797097 1.626011
vt -0.723292 1.490138
vt -0.724601 1.490087
vt -0.723441 1.494913
vt -0.533504 1.341486
vt -0.529057 1.341309
vt -0.533406 1.336851
vt -0.528935 1.336759
vt -0.528799 1.335945
vt -0.525563 1.332452
vt -0.533170 1.335063
vt -0.522881 1.333981
vt -0.149469 1.037740
vt -0.150256 1.041801
vt -0.146993 1.040885
vt -0.146450 1.037027
vt -0.462771 1.981002
vt -0.465018 1.978513
vt -0.462947 1.984895
vt -0.464107 1.974734
vt -0.462187 1.975870
vt -0.147646 1.045807
vt -0.461799 1.970916
vt -0.464908 1.972110
vt -0.147204 1.050546
vt -0.150583 1.046123
vt -0.150344 1.050249
vt -0.146696 1.054589
vt -0.149660 1.054477
vt -0.463029 1.967081
vt -0.466469 1.967996
vt -0.468636 1.961625
vt -0.465070 1.958945
vt -0.145237 1.062662
vt -0.469380 1.953023
vt -0.471838 1.955774
vt -0.141596 1.068770
vt -0.148032 1.061896
vt -0.145320 1.067093
vt -0.384169 1.086764
vt -0.384519 1.082537
vt -0.386056 1.082642
vt -0.386382 1.087387
vt -0.738137 1.002104
vt -0.741087 1.001953
vt -0.740625 1.006851
vt -0.737949 1.007103
vt -0.036714 1.001953
vt -0.036362 1.010491
vt -0.031340 1.010187
vt -0.031532 1.002075
vt -0.752172 1.212974
vt -0.749647 1.212706
vt -0.751850 1.207970
vt -0.665273 1.192671
vt -0.664076 1.192730
vt -0.665511 1.187837
vt -0.749128 1.207830
vt -0.214048 1.769353
vt -0.663715 1.188031
vt -0.333982 1.879968
vt -0.333091 1.872844
vt -0.336250 1.876391
vt -0.337005 1.882879
vt -0.218026 1.782177
vt -0.214499 1.783266
vt -0.214049 1.781023
vt -0.476063 1.960515
vt -0.224144 1.780466
vt -0.730002 1.447432
vt -0.730002 1.435258
vt -0.473220 1.972355
vt -0.469486 1.969833
vt -0.470872 1.963867
vt -0.467073 1.974789
vt -0.466733 1.981176
vt -0.469083 1.977978
vt -0.476066 1.977530
vt -0.472156 1.981939
vt -0.470765 1.985357
vt -0.069696 1.004536
vt -0.075006 1.001953
vt -0.069702 1.005884
vt -0.729590 1.504888
vt -0.728243 1.504833
vt -0.728723 1.498925
vt -0.730273 1.499032
vt -0.728940 1.495243
vt -0.724430 1.494968
vt -0.724372 1.498624
vt -0.724463 1.504674
vt -0.075006 1.011425
vt -0.069721 1.009667
vt -0.075005 1.013158
vt -0.069726 1.010606
vt -0.723525 1.504635
vt -0.723292 1.498549
vt -0.802553 1.633917
vt -0.799757 1.639068
vt -0.798499 1.629370
vt -0.718799 1.435426
vt -0.729218 1.490436
vt -0.731010 1.490608
vt -0.730350 1.495343
vt -0.075007 1.004442
vt -0.469244 1.989889
vt -0.125361 1.299739
vt -0.112925 1.310869
vt -0.111306 1.299245
vt -0.125391 1.302161
vt -0.443820 1.441512
vt -0.441013 1.439820
vt -0.437331 1.437584
vt -0.118303 1.295400
vt -0.433234 1.452047
vt -0.433114 1.446966
vt -0.433088 1.436042
vt -0.452889 1.878909
vt -0.449775 1.884678
vt -0.445431 1.880117
vt -0.447240 1.887340
vt -0.441134 1.434552
vt -0.449036 1.877578
vt -0.442389 1.881177
vt -0.442188 1.869101
vt -0.445876 1.868000
vt -0.438804 1.868831
vt -0.443998 1.862962
vt -0.441750 1.862269
vt -0.445367 1.861019
vt -0.450243 1.867182
vt -0.452883 1.861907
vt -0.448562 1.856355
vt -0.442740 1.857712
vt -0.447231 1.852836
vt -0.439603 1.861609
vt -0.440224 1.854568
vt -0.446184 1.849370
vt -0.713563 1.852302
vt -0.713619 1.856071
vt -0.712557 1.852242
vt -0.712635 1.856008
vt -0.713878 1.859682
vt -0.707754 1.855695
vt -0.708054 1.851974
vt -0.707469 1.859247
vt -0.712708 1.859603
vt -0.196548 1.888298
vt -0.196552 1.883042
vt -0.200889 1.883632
vt -0.196555 1.881868
vt -0.201000 1.887643
vt -0.201079 1.882698
vt -0.200901 1.888959
vt -0.207013 1.891252
vt -0.203770 1.892322
vt -0.196549 1.889255
vt -0.706515 1.859183
vt -0.706977 1.855636
vt -0.796842 1.732590
vt -0.803115 1.737300
vt -0.795813 1.736016
vt -0.800602 1.740515
vt -0.797979 1.743898
vt -0.794483 1.739485
vt -0.707234 1.851927
vt -0.793110 1.750206
vt -0.790374 1.745068
vt -0.707222 1.844991
vt -0.708084 1.845023
vt -0.740078 1.366025
vt -0.740078 1.373888
vt -0.734688 1.367725
vt -0.734561 1.372464
vt -0.740078 1.364594
vt -0.712822 1.845196
vt -0.734712 1.366863
vt -0.740079 1.375644
vt -0.734566 1.373524
vt -0.713879 1.845267
vt -0.799060 1.745726
vt -0.116034 1.296564
vt -0.112580 1.300585
vt -0.790373 1.762199
vt -0.796039 1.750362
vt -0.801565 1.744604
vt -0.801007 1.751007
vt -0.803955 1.743534
vt -0.159270 1.763294
vt -0.156421 1.763440
vt -0.158264 1.758493
vt -0.156841 1.771933
vt -0.154935 1.757637
vt -0.804571 1.752093
vt -0.154561 1.784197
vt -0.159652 1.771572
vt -0.800820 1.764455
vt -0.799351 1.759855
vt -0.158050 1.782489
vt -0.155415 1.787582
vt -0.151355 1.790126
vt -0.796616 1.770050
vt -0.794482 1.768074
vt -0.431859 1.444628
vt -0.430183 1.440145
vt -0.432836 1.441419
vt -0.983984 1.242131
vt -0.984947 1.246820
vt -0.982070 1.241871
vt -0.536830 1.006985
vt -0.536857 1.002176
vt -0.539550 1.001953
vt -0.983167 1.246388
vt -0.539451 1.006579
vt -0.958144 1.001993
vt -0.967816 1.001953
vt -0.966746 1.006200
vt -0.960075 1.007828
vt -0.416381 1.322218
vt -0.415855 1.317418
vt -0.418627 1.322431
vt -0.418607 1.317208
vt -0.437259 1.224618
vt -0.435521 1.219715
vt -0.437202 1.219222
vt -0.438407 1.433304
vt -0.438781 1.223808
vt -0.146899 1.280296
vt -0.150583 1.286757
vt -0.146361 1.284077
vt -0.144258 1.279310
vt -0.145458 1.267662
vt -0.142609 1.267157
vt -0.142800 1.260694
vt -0.145715 1.260626
vt -0.147095 1.253850
vt -0.143775 1.254402
vt -0.204016 1.879244
vt -0.207009 1.880720
vt -0.432283 1.449433
vt -0.795530 1.759140
vt -0.115348 1.311270
vt -0.262744 1.871426
vt -0.263397 1.858138
vt -0.272513 1.858508
vt -0.362488 1.691750
vt -0.367039 1.691818
vt -0.362279 1.704981
vt -0.760680 1.421765
vt -0.757768 1.415657
vt -0.760162 1.411865
vt -0.760674 1.402537
vt -0.767170 1.398964
vt -0.272086 1.872026
vt -0.765770 1.417120
vt -0.776317 1.402451
vt -0.240243 1.271140
vt -0.240267 1.280850
vt -0.237356 1.280605
vt -0.465035 1.537393
vt -0.468004 1.537160
vt -0.464926 1.544621
vt -0.467795 1.544196
vt -0.158644 1.747588
vt -0.156477 1.747585
vt -0.158583 1.740904
vt -0.237404 1.271133
vt -0.155190 1.753733
vt -0.157894 1.753205
vt -0.156524 1.740722
vt -0.156924 1.727277
vt -0.154092 1.727251
vt -0.154096 1.722533
vt -0.156775 1.722499
vt -0.158199 1.719092
vt -0.154940 1.718982
vt -0.156295 1.713907
vt -0.153757 1.713901
vt -0.156551 1.708608
vt -0.153703 1.708671
vt -0.115314 1.793642
vt -0.114987 1.797589
vt -0.112121 1.797407
vt -0.112356 1.794114
vt -0.110966 1.802922
vt -0.156362 1.705850
vt -0.113397 1.787075
vt -0.110760 1.788712
vt -0.153657 1.705945
vt -0.155459 1.700095
vt -0.152802 1.699684
vt -0.850721 1.005103
vt -0.860959 1.001953
vt -0.861002 1.004510
vt -0.852112 1.007273
vt -0.878877 1.695405
vt -0.879852 1.688624
vt -0.882666 1.688694
vt -0.881533 1.695007
vt -0.110807 1.621081
vt -0.110482 1.617123
vt -0.113402 1.617407
vt -0.115303 1.611459
vt -0.882680 1.685930
vt -0.113567 1.620690
vt -0.662861 1.119111
vt -0.662542 1.113816
vt -0.666914 1.113755
vt -0.112134 1.625912
vt -0.671530 1.116730
vt -0.669030 1.120637
vt -0.110524 1.142221
vt -0.104377 1.147349
vt -0.108748 1.132137
vt -0.111283 1.148016
vt -0.106279 1.153393
vt -0.102516 1.129518
vt -0.094375 1.148889
vt -0.666046 1.127631
vt -0.522419 1.104228
vt -0.522387 1.109727
vt -0.519504 1.109713
vt -0.671700 1.126192
vt -0.093010 1.133974
vt -0.522020 1.089163
vt -0.519512 1.104209
vt -0.519367 1.114047
vt -0.884832 1.676208
vt -0.881574 1.676526
vt -0.883652 1.673572
vt -0.881181 1.673188
vt -0.883370 1.668294
vt -0.880581 1.668279
vt -0.883029 1.654260
vt -0.885114 1.654070
vt -0.882984 1.647546
vt -0.885186 1.647548
vt -0.843821 1.326710
vt -0.846893 1.326125
vt -0.843885 1.335821
vt -0.467853 1.554634
vt -0.467557 1.561408
vt -0.464346 1.561020
vt -0.884515 1.642114
vt -0.464722 1.554033
vt -0.664308 1.001953
vt -0.664503 1.004422
vt -0.654580 1.002719
vt -0.881811 1.641610
vt -0.654843 1.005432
vt -0.846894 1.336154
vt -0.518992 1.088988
vt -0.880042 1.681351
vt -0.882549 1.681293
vt -0.879952 1.685914
vt -0.115314 1.633169
vt -0.112395 1.633808
vt -0.114780 1.625458
vt -0.522357 1.113963
vt -0.675587 1.124065
vt -0.827748 1.045771
vt -0.827747 1.058925
vt -0.825324 1.056985
vt -0.367235 1.705040
vt -0.112713 1.609900
vt -0.825348 1.047608
vt -0.768540 1.426798
vt -0.763397 1.424572
vt -0.113203 1.802983
vt -0.770555 1.421808
vt -0.776284 1.427197
vt -0.113512 1.810792
vt -0.110753 1.810545
vt -0.776356 1.421558
vt -0.069269 1.094896
vt -0.066360 1.095035
vt -0.069084 1.089247
vt -0.066312 1.089243
vt -0.069439 1.099644
vt -0.066519 1.099582
vt -0.776227 1.416832
vt -0.069968 1.114040
vt -0.067109 1.114287
vt -0.204191 1.316827
vt -0.204148 1.327728
vt -0.197125 1.327434
vt -0.206006 1.317733
vt -0.185140 1.899356
vt -0.185798 1.897438
vt -0.189649 1.901043
vt -0.197487 1.316610
vt -0.185790 1.890730
vt -0.190128 1.890203
vt -0.190024 1.898303
vt -0.191652 1.901278
vt -0.828751 1.696873
vt -0.825904 1.700756
vt -0.825489 1.695431
vt -0.825255 1.702665
vt -0.823454 1.696583
vt -0.821881 1.698391
vt -0.820399 1.688528
vt -0.822742 1.687777
vt -0.818406 1.688551
vt -0.820660 1.680763
vt -0.822557 1.681414
vt -0.819386 1.677360
vt -0.409845 1.592843
vt -0.413774 1.582375
vt -0.415838 1.583295
vt -0.415692 1.572933
vt -0.417620 1.575744
vt -0.412403 1.592699
vt -0.534325 1.772586
vt -0.537534 1.772614
vt -0.530521 1.775310
vt -0.532900 1.776294
vt -0.823758 1.673552
vt -0.824447 1.675386
vt -0.039683 1.420955
vt -0.040829 1.421023
vt -0.039838 1.422908
vt -0.537374 1.771501
vt -0.534235 1.771325
vt -0.537237 1.766816
vt -0.534091 1.767041
vt -0.534616 1.766646
vt -0.529974 1.764003
vt -0.532513 1.763221
vt -0.537006 1.765313
vt -0.682675 1.012362
vt -0.680513 1.012864
vt -0.681597 1.002808
vt -0.679050 1.001953
vt -0.838832 1.799155
vt -0.835597 1.809106
vt -0.833946 1.807891
vt -0.836663 1.798960
vt -0.837939 1.788170
vt -0.683083 1.023001
vt -0.834176 1.798860
vt -0.831682 1.806157
vt -0.836796 1.789680
vt -0.835282 1.791216
vt -0.832943 1.786488
vt -0.832405 1.788149
vt -0.046568 1.423338
vt -0.046396 1.425078
vt -0.045380 1.423262
vt -0.046791 1.421395
vt -0.833491 1.784610
vt -0.045228 1.425001
vt -0.040810 1.422971
vt -0.045549 1.421317
vt -0.040794 1.424712
vt -0.040695 1.426887
vt -0.039743 1.426824
vt -0.039836 1.424651
vt -0.825013 1.677031
vt -0.825809 1.679050
vt -0.828756 1.683026
vt -0.826688 1.687021
vt -0.039684 1.431781
vt -0.824150 1.682319
vt -0.205664 1.327792
vt -0.202466 1.331617
vt -0.203363 1.331662
vt -0.198311 1.331405
vt -0.040580 1.431841
vt -0.045104 1.427180
vt -0.044734 1.432111
vt -0.046264 1.427258
vt -0.045826 1.432193
vt -0.197217 1.331362
vt -0.195557 1.327437
vt -0.830638 1.798052
vt -0.828779 1.794222
vt -0.833069 1.792320
vt -0.831647 1.790189
vt -0.828785 1.807967
vt -0.195557 1.327427
vt -0.195555 1.317347
vt -0.185138 1.888766
vt -0.189570 1.887942
vt -0.830995 1.811893
vt -0.191898 1.888935
vt -0.832620 1.813496
vt -0.191619 1.886927
vt -0.686672 1.025845
vt -0.685690 1.029409
vt -0.684048 1.028216
vt -0.722907 1.003320
vt -0.722949 1.005304
vt -0.719525 1.001953
vt -0.719409 1.004152
vt -0.838140 1.347824
vt -0.838141 1.339723
vt -0.841800 1.340027
vt -0.841856 1.347516
vt -0.890798 1.173193
vt -0.889214 1.172406
vt -0.891232 1.169490
vt -0.889209 1.168538
vt -0.414178 1.566509
vt -0.417461 1.568346
vt -0.417213 1.569831
vt -0.413886 1.568212
vt -0.191893 1.899534
vt -0.685656 1.024951
vt -0.684921 1.020800
vt -0.889005 1.098429
vt -0.887973 1.098419
vt -0.887359 1.090476
vt -0.598818 1.138332
vt -0.607613 1.132900
vt -0.601159 1.145943
vt -0.841856 1.630048
vt -0.840823 1.630043
vt -0.840773 1.619706
vt -0.841806 1.619711
vt -0.501712 1.959650
vt -0.502779 1.949573
vt -0.511335 1.948604
vt -0.509815 1.958829
vt -0.839440 1.738890
vt -0.847906 1.740474
vt -0.839262 1.739908
vt -0.495767 1.959347
vt -0.497368 1.949914
vt -0.852940 1.742496
vt -0.847513 1.741979
vt -0.610017 1.141061
vt -0.602458 1.149411
vt -0.851373 1.743616
vt -0.611095 1.145115
vt -0.460281 1.874488
vt -0.469012 1.874733
vt -0.460581 1.883769
vt -0.467731 1.884158
vt -0.460755 1.890430
vt -0.597223 1.153390
vt -0.085398 1.253896
vt -0.085370 1.259839
vt -0.082329 1.253609
vt -0.081922 1.259812
vt -0.467045 1.890621
vt -0.082775 1.244001
vt -0.087591 1.243009
vt -0.093816 1.252242
vt -0.263444 1.088171
vt -0.261589 1.088306
vt -0.261591 1.079698
vt -0.748306 1.391998
vt -0.748211 1.386268
vt -0.750156 1.392029
vt -0.749771 1.386298
vt -0.932227 1.008489
vt -0.930194 1.003423
vt -0.936931 1.002500
vt -0.936995 1.008409
vt -0.672365 1.189064
vt -0.672564 1.193783
vt -0.670798 1.189091
vt -0.924225 1.007724
vt -0.927669 1.012027
vt -0.916911 1.012993
vt -0.535458 1.204500
vt -0.523715 1.204377
vt -0.523838 1.195287
vt -0.535065 1.211868
vt -0.523947 1.211691
vt -0.494332 1.966568
vt -0.500062 1.965309
vt -0.496617 1.973101
vt -0.535343 1.218791
vt -0.502388 1.970465
vt -0.499895 1.981044
vt -0.524032 1.218477
vt -0.535519 1.227440
vt -0.307820 1.377759
vt -0.308888 1.372766
vt -0.309311 1.378061
vt -0.505366 1.980501
vt -0.524021 1.227374
vt -0.303509 1.383880
vt -0.304415 1.385465
vt -0.795502 1.481645
vt -0.794076 1.490520
vt -0.787328 1.490366
vt -0.591189 1.154400
vt -0.582674 1.156255
vt -0.590973 1.150278
vt -0.580725 1.152420
vt -0.310805 1.372625
vt -0.786620 1.481690
vt -0.085609 1.264831
vt -0.081987 1.265218
vt -0.085638 1.275080
vt -0.082214 1.274696
vt -0.787198 1.496356
vt -0.300961 1.386427
vt -0.300706 1.387920
vt -0.295892 1.380314
vt -0.092662 1.276222
vt -0.297064 1.380305
vt -0.947205 1.006542
vt -0.949678 1.013279
vt -0.945871 1.001953
vt -0.369201 1.486400
vt -0.368168 1.486405
vt -0.368218 1.475082
vt -0.369251 1.475077
vt -0.938371 1.013890
vt -0.433731 1.422066
vt -0.434749 1.422237
vt -0.434750 1.427806
vt -0.091155 1.265022
vt -0.432894 1.427655
vt -0.670718 1.193813
vt -0.578124 1.147089
vt -0.589490 1.145339
vt -0.307752 1.365264
vt -0.309044 1.365277
vt -0.511329 1.980277
vt -0.507531 1.969423
vt -0.827748 1.028714
vt -0.827748 1.040214
vt -0.826715 1.028722
vt -0.652410 1.118384
vt -0.652411 1.123632
vt -0.651377 1.118368
vt -0.826715 1.040222
vt -0.650556 1.123459
vt -0.786914 1.531357
vt -0.788448 1.531590
vt -0.788448 1.537181
vt -0.596486 1.149348
vt -0.786594 1.537006
vt -0.746125 1.376445
vt -0.746071 1.382290
vt -0.744567 1.376538
vt -0.744218 1.382362
vt -0.793416 1.496577
vt -0.918656 1.018749
vt -0.852759 1.753915
vt -0.851227 1.752662
vt -0.846965 1.755550
vt -0.535216 1.195019
vt -0.929652 1.020414
vt -0.846603 1.754042
vt -0.839472 1.757062
vt -0.921143 1.025975
vt -0.384185 1.001953
vt -0.392428 1.007901
vt -0.383575 1.002787
vt -0.839260 1.756051
vt -0.095160 1.242110
vt -0.391818 1.008736
vt -0.262619 1.079592
vt -0.889217 1.090291
vt -0.277560 1.681010
vt -0.281487 1.680849
vt -0.282590 1.687863
vt -0.576785 1.303156
vt -0.567927 1.303114
vt -0.576572 1.296204
vt -0.567326 1.313918
vt -0.577842 1.314202
vt -0.275986 1.669199
vt -0.280804 1.670034
vt -0.266559 1.667667
vt -0.046791 1.823023
vt -0.045219 1.824152
vt -0.040596 1.822538
vt -0.040985 1.821033
vt -0.031316 1.820267
vt -0.046708 1.836196
vt -0.001007 1.682141
vt -0.001012 1.671459
vt -0.014223 1.682059
vt -0.606672 1.863033
vt -0.604657 1.873545
vt -0.598537 1.873989
vt -0.014545 1.671103
vt -0.001116 1.663636
vt -0.608072 1.855300
vt -0.600562 1.862248
vt -0.601821 1.855205
vt -0.172752 1.007251
vt -0.171378 1.008507
vt -0.166847 1.003038
vt -0.167960 1.001953
vt -0.144537 1.191399
vt -0.144325 1.201429
vt -0.142679 1.191563
vt -0.588955 1.875160
vt -0.590601 1.863493
vt -0.473460 1.238066
vt -0.482112 1.246063
vt -0.472751 1.238818
vt -0.143293 1.201425
vt -0.481404 1.246816
vt -0.267807 1.679386
vt -0.031495 1.819250
vt -0.605092 1.848063
vt -0.778853 1.431103
vt -0.780387 1.431337
vt -0.780386 1.436991
vt -0.778529 1.436864
vt -0.599389 1.849976
vt -0.280028 1.694371
vt -0.278657 1.704788
vt -0.276416 1.693393
vt -0.278309 1.688072
vt -0.274496 1.704471
vt -0.270233 1.692389
vt -0.753179 1.339244
vt -0.751322 1.339117
vt -0.752141 1.332905
vt -0.753174 1.332919
vt -0.266592 1.704827
vt -0.366228 1.092841
vt -0.365195 1.092849
vt -0.365193 1.079888
vt -0.596889 1.838994
vt -0.593206 1.851308
vt -0.588946 1.839067
vt -0.366226 1.079880
vt -0.860100 1.895245
vt -0.859938 1.894225
vt -0.867610 1.892339
vt -0.867935 1.893860
vt -0.602182 1.838077
vt -0.871521 1.890929
vt -0.873094 1.892077
vt -0.000719 1.655861
vt -0.001099 1.645472
vt -0.014424 1.655888
vt -0.014223 1.645609
vt -0.870938 1.880271
vt -0.872438 1.878976
vt -0.638286 1.592535
vt -0.633585 1.601756
vt -0.627742 1.600194
vt -0.866202 1.879266
vt -0.866397 1.877723
vt -0.267631 1.953523
vt -0.271233 1.965092
vt -0.261185 1.953532
vt -0.274751 1.963466
vt -0.859876 1.878079
vt -0.272467 1.953328
vt -0.276544 1.970371
vt -0.849663 1.986429
vt -0.858773 1.986007
vt -0.849996 1.993496
vt -0.858986 1.975764
vt -0.848583 1.975852
vt -0.275474 1.976723
vt -0.272855 1.970147
vt -0.568028 1.296512
vt -0.858496 1.993057
vt -0.749599 1.217214
vt -0.751424 1.216879
vt -0.752172 1.222140
vt -0.637318 1.001953
vt -0.638303 1.003452
vt -0.630391 1.005315
vt -0.270956 1.977338
vt -0.750651 1.222465
vt -0.263444 1.104428
vt -0.263377 1.111380
vt -0.261591 1.104446
vt -0.641326 1.585138
vt -0.633045 1.589307
vt -0.635545 1.584586
vt -0.621360 1.599212
vt -0.626201 1.587720
vt -0.262337 1.111431
vt -0.541220 1.218611
vt -0.550634 1.226861
vt -0.540531 1.219381
vt -0.264268 1.965668
vt -0.549947 1.227633
vt -0.859960 1.877050
vt -0.014448 1.663852
vt -0.640673 1.577939
vt -0.633901 1.577262
vt -0.630689 1.003473
vt -0.640164 1.567087
vt -0.363205 1.025751
vt -0.361346 1.025650
vt -0.362171 1.016959
vt -0.625397 1.575313
vt -0.634272 1.565978
vt -0.363204 1.016963
vt -0.270654 1.988599
vt -0.262365 1.978917
vt -0.261219 1.990383
vt -0.789439 1.527449
vt -0.788406 1.527451
vt -0.788423 1.515929
vt -0.789456 1.515927
vt -0.031492 1.839678
vt -0.031311 1.838661
vt -0.040657 1.836446
vt -0.624833 1.563790
vt -0.040998 1.837960
vt -0.045182 1.834983
vt -0.275341 1.987817
vt -0.346651 1.951628
vt -0.352253 1.952563
vt -0.352790 1.962884
vt -0.931720 1.990354
vt -0.921401 1.989689
vt -0.930913 1.980188
vt -0.559650 1.982234
vt -0.558108 1.981033
vt -0.558144 1.970415
vt -0.559703 1.969277
vt -0.552877 1.968669
vt -0.160120 1.962536
vt -0.147186 1.962599
vt -0.147128 1.953032
vt -0.160124 1.952744
vt -0.439408 1.964633
vt -0.434169 1.966744
vt -0.437858 1.955221
vt -0.431651 1.954450
vt -0.553688 1.984107
vt -0.424508 1.964595
vt -0.553306 1.982604
vt -0.544570 1.985955
vt -0.422468 1.952969
vt -0.782377 1.392408
vt -0.782371 1.380604
vt -0.783410 1.392409
vt -0.544363 1.984942
vt -0.783404 1.380605
vt -0.181818 1.987749
vt -0.172770 1.989654
vt -0.174283 1.977946
vt -0.143529 1.248842
vt -0.141675 1.248901
vt -0.141880 1.239029
vt -0.183753 1.975341
vt -0.142918 1.239008
vt -0.443031 1.531568
vt -0.444590 1.531634
vt -0.444827 1.537255
vt -0.442977 1.537179
vt -0.186751 1.986609
vt -0.186870 1.976889
vt -0.184375 1.969783
vt -0.187867 1.969906
vt -0.182749 1.964500
vt -0.447013 1.541244
vt -0.448858 1.541161
vt -0.448777 1.546730
vt -0.447217 1.546819
vt -0.257398 1.381886
vt -0.256569 1.388474
vt -0.255546 1.381702
vt -0.435310 1.972274
vt -0.440797 1.972301
vt -0.433175 1.977474
vt -0.438476 1.979793
vt -0.430561 1.988403
vt -0.426608 1.976497
vt -0.160312 1.970486
vt -0.147346 1.970430
vt -0.160660 1.978675
vt -0.147438 1.978300
vt -0.160579 1.988314
vt -0.965092 1.839576
vt -0.971062 1.839070
vt -0.965326 1.849691
vt -0.970668 1.832687
vt -0.964631 1.832452
vt -0.803242 1.432238
vt -0.801706 1.432010
vt -0.801705 1.426334
vt -0.803563 1.426432
vt -0.259382 1.255735
vt -0.259413 1.262537
vt -0.257822 1.255796
vt -0.970963 1.825368
vt -0.965109 1.825161
vt -0.972962 1.813909
vt -0.257558 1.262584
vt -0.159652 1.189750
vt -0.158724 1.199512
vt -0.157787 1.189767
vt -0.981924 1.812582
vt -0.980362 1.823879
vt -0.544544 1.965547
vt -0.553269 1.967164
vt -0.544360 1.966563
vt -0.790418 1.500483
vt -0.791451 1.500484
vt -0.791471 1.512021
vt -0.790438 1.512019
vt -0.337845 1.950356
vt -0.348986 1.963056
vt -0.339595 1.961631
vt -0.157696 1.199424
vt -0.965942 1.815007
vt -0.349150 1.970037
vt -0.353128 1.969820
vt -0.931052 1.973080
vt -0.922892 1.973070
vt -0.931614 1.965833
vt -0.922529 1.980268
vt -0.352963 1.976493
vt -0.922956 1.965979
vt -0.932547 1.955922
vt -0.353087 1.986789
vt -0.348930 1.976083
vt -0.922527 1.955918
vt -0.699772 1.888463
vt -0.698208 1.887306
vt -0.698068 1.876921
vt -0.348549 1.987310
vt -0.694089 1.890359
vt -0.693699 1.888856
vt -0.971490 1.850354
vt -0.976908 1.839475
vt -0.687428 1.891679
vt -0.978245 1.851490
vt -0.687213 1.890668
vt -0.357154 1.257911
vt -0.357159 1.270096
vt -0.356121 1.257903
vt -0.356126 1.270089
vt -0.341864 1.988479
vt -0.343138 1.976505
vt -0.754676 1.395912
vt -0.755195 1.401725
vt -0.753633 1.395962
vt -0.753350 1.401868
vt -0.180794 1.953447
vt -0.183913 1.953003
vt -0.186056 1.963149
vt -0.699601 1.875714
vt -0.695059 1.876004
vt -0.434807 1.989433
vt -0.147850 1.988611
vt -0.695399 1.874490
vt -0.172733 1.953360
vt -0.687321 1.873603
vt -0.687225 1.874111
vt -0.368218 1.429245
vt -0.368218 1.423137
vt -0.368734 1.417025
vt -0.368218 1.417030
vt -0.687417 1.873096
vt -0.691408 1.873793
vt -0.369251 1.417020
vt -0.426515 1.988196
vt -0.424539 1.982243
vt -0.422469 1.987989
vt -0.176152 1.965086
vt -0.369251 1.429235
vt -0.255546 1.388328
vt -0.626915 1.974545
vt -0.626697 1.982012
vt -0.624641 1.974522
vt -0.473335 1.737830
vt -0.477853 1.737900
vt -0.471986 1.744880
vt -0.478025 1.732584
vt -0.473421 1.732483
vt -0.624588 1.969170
vt -0.626611 1.969284
vt -0.583888 1.303778
vt -0.582053 1.303876
vt -0.582218 1.300492
vt -0.624895 1.965354
vt -0.656561 1.116085
vt -0.658125 1.116106
vt -0.658457 1.121326
vt -0.583790 1.300416
vt -0.662670 1.369781
vt -0.663163 1.365270
vt -0.664503 1.370008
vt -0.680229 1.049738
vt -0.676511 1.050164
vt -0.680326 1.045827
vt -0.679492 1.038046
vt -0.675852 1.044422
vt -0.685452 1.036693
vt -0.684650 1.045454
vt -0.676631 1.055678
vt -0.602449 1.985371
vt -0.612099 1.985344
vt -0.611969 1.991557
vt -0.602328 1.978324
vt -0.612041 1.978598
vt -0.602792 1.973199
vt -0.133588 1.223317
vt -0.134857 1.228306
vt -0.131928 1.231688
vt -0.137483 1.234854
vt -0.143529 1.077075
vt -0.141696 1.077276
vt -0.141916 1.072727
vt -0.440823 1.237178
vt -0.440935 1.233638
vt -0.442657 1.237266
vt -0.133275 1.235048
vt -0.129450 1.224159
vt -0.127546 1.232712
vt -0.142965 1.072676
vt -0.879093 1.193093
vt -0.878060 1.193098
vt -0.878107 1.184056
vt -0.990243 1.416147
vt -0.990592 1.407518
vt -0.995180 1.414959
vt -0.994851 1.407329
vt -0.998047 1.414804
vt -0.090678 1.112192
vt -0.089092 1.112144
vt -0.089396 1.108782
vt -0.090688 1.117409
vt -0.089577 1.117424
vt -0.879140 1.184050
vt -0.124524 1.224190
vt -0.996914 1.408570
vt -0.479084 1.720832
vt -0.478347 1.726297
vt -0.473459 1.726465
vt -0.472154 1.721114
vt -0.091130 1.108927
vt -0.089079 1.101922
vt -0.627218 1.957777
vt -0.627097 1.963955
vt -0.625149 1.957647
vt -0.090626 1.101621
vt -0.088655 1.099460
vt -0.676189 1.038725
vt -0.612103 1.973437
vt -0.090246 1.099350
vt -0.619171 1.956593
vt -0.088771 1.093106
vt -0.620494 1.965227
vt -0.089881 1.093079
vt -0.885168 1.636978
vt -0.884135 1.636980
vt -0.884153 1.628111
vt -0.664208 1.365336
vt -0.885186 1.628109
vt -0.996394 1.403052
vt -0.442503 1.233683
vt -0.440961 1.228521
vt -0.132782 1.240196
vt -0.131883 1.248302
vt -0.136900 1.240970
vt -0.442812 1.228538
vt -0.261428 1.054592
vt -0.260780 1.061699
vt -0.259579 1.054533
vt -0.124520 1.249506
vt -0.125660 1.241254
vt -0.259736 1.061676
vt -0.028628 1.309855
vt -0.028601 1.301525
vt -0.029661 1.309858
vt -0.029634 1.301528
vt -0.987179 1.397308
vt -0.985637 1.389030
vt -0.994206 1.397995
vt -0.354561 1.034015
vt -0.356151 1.033936
vt -0.356148 1.041814
vt -0.993069 1.389870
vt -0.355046 1.041849
vt -0.354234 1.031628
vt -0.355745 1.031336
vt -0.996414 1.397876
vt -0.995410 1.390108
vt -0.479089 1.745406
vt -0.353662 1.024239
vt -0.355413 1.024356
vt -0.680824 1.055442
vt -0.677420 1.062959
vt -0.611971 1.998537
vt -0.602703 1.991505
vt -0.602522 1.998941
vt -0.682356 1.063634
vt -0.354280 1.020578
vt -0.687438 1.056480
vt -0.355871 1.020570
vt -0.354342 1.013995
vt -0.688687 1.064434
vt -0.355445 1.013967
vt -0.028648 1.313765
vt -0.028653 1.321815
vt -0.027615 1.313765
vt -0.027620 1.321814
vt -0.617033 1.983908
vt -0.617991 1.975901
vt -0.623209 1.982794
vt -0.243052 1.291767
vt -0.242450 1.285012
vt -0.244094 1.291727
vt -0.244298 1.284896
vt -0.656608 1.121310
vt -0.135365 1.248252
vt -0.994235 1.403328
vt -0.810789 1.829175
vt -0.810836 1.830736
vt -0.801309 1.826482
vt -0.810852 1.832464
vt -0.816247 1.827845
vt -0.814899 1.825305
vt -0.816775 1.829767
vt -0.817671 1.838875
vt -0.811003 1.839230
vt -0.810758 1.845547
vt -0.817437 1.845684
vt -0.817020 1.852094
vt -0.810407 1.851878
vt -0.810287 1.861510
vt -0.816928 1.861413
vt -0.810470 1.865644
vt -0.817126 1.865531
vt -0.792679 1.859774
vt -0.792130 1.864946
vt -0.810592 1.869115
vt -0.791657 1.869299
vt -0.810832 1.878087
vt -0.817193 1.869070
vt -0.817457 1.878059
vt -0.810962 1.882691
vt -0.817629 1.882793
vt -0.811084 1.885911
vt -0.817660 1.886214
vt -0.817630 1.891221
vt -0.811146 1.890361
vt -0.817039 1.896099
vt -0.810971 1.895150
vt -0.810475 1.899865
vt -0.813123 1.902342
vt -0.800992 1.904647
vt -0.798549 1.900717
vt -0.789942 1.900048
vt -0.795772 1.895733
vt -0.795112 1.907677
vt -0.793151 1.904639
vt -0.791176 1.907346
vt -0.792789 1.909203
vt -0.789066 1.904594
vt -0.789511 1.909369
vt -0.788616 1.907416
vt -0.786737 1.907184
vt -0.786390 1.905500
vt -0.788638 1.910407
vt -0.791399 1.912002
vt -0.795156 1.912628
vt -0.790956 1.910136
vt -0.798918 1.912101
vt -0.803964 1.909046
vt -0.785875 1.901077
vt -0.782666 1.896861
vt -0.786785 1.894257
vt -0.794272 1.890109
vt -0.793275 1.886065
vt -0.785408 1.888013
vt -0.782394 1.892931
vt -0.778847 1.895209
vt -0.777740 1.891940
vt -0.776682 1.890505
vt -0.781411 1.889169
vt -0.775055 1.892705
vt -0.773872 1.891018
vt -0.776492 1.888216
vt -0.773607 1.888089
vt -0.779620 1.883759
vt -0.777335 1.881026
vt -0.783830 1.879286
vt -0.779095 1.876695
vt -0.778499 1.871746
vt -0.782929 1.870602
vt -0.777615 1.866591
vt -0.775301 1.868973
vt -0.771338 1.865050
vt -0.774007 1.864207
vt -0.773780 1.862403
vt -0.778214 1.863099
vt -0.773489 1.860040
vt -0.770221 1.862006
vt -0.771625 1.858158
vt -0.776056 1.854451
vt -0.777829 1.858295
vt -0.782924 1.856213
vt -0.778600 1.851289
vt -0.784930 1.846903
vt -0.794636 1.849438
vt -0.783125 1.864029
vt -0.795854 1.843230
vt -0.787404 1.841182
vt -0.797094 1.837022
vt -0.783953 1.839656
vt -0.789223 1.835109
vt -0.800074 1.828575
vt -0.785116 1.830227
vt -0.793947 1.826293
vt -0.784958 1.836041
vt -0.782124 1.831584
vt -0.796685 1.823576
vt -0.797977 1.821260
vt -0.794341 1.819529
vt -0.795547 1.819377
vt -0.795583 1.816373
vt -0.793371 1.817117
vt -0.791159 1.819292
vt -0.788605 1.823237
vt -0.793720 1.821061
vt -0.802805 1.816245
vt -0.808234 1.818699
vt -0.802107 1.824328
vt -0.778066 1.834274
vt -0.776501 1.835938
vt -0.781507 1.836644
vt -0.780971 1.838556
vt -0.780111 1.840455
vt -0.776060 1.838360
vt -0.777745 1.843883
vt -0.778764 1.847171
vt -0.782265 1.843163
vt -0.791862 1.880353
vt -0.055982 1.542246
vt -0.055905 1.549018
vt -0.051248 1.549887
vt -0.819686 1.198344
vt -0.815498 1.199092
vt -0.819367 1.193381
vt -0.814644 1.204852
vt -0.818320 1.205900
vt -0.056087 1.533608
vt -0.051659 1.541960
vt -0.043640 1.550230
vt -0.044927 1.541694
vt -0.050943 1.557515
vt -0.045280 1.533644
vt -0.041156 1.550260
vt -0.042371 1.541669
vt -0.042699 1.533632
vt -0.045205 1.525462
vt -0.051994 1.533667
vt -0.042609 1.525486
vt -0.042246 1.518678
vt -0.044838 1.518609
vt -0.043829 1.513073
vt -0.051384 1.518459
vt -0.051809 1.525532
vt -0.056370 1.518345
vt -0.056188 1.525547
vt -0.811420 1.220710
vt -0.812206 1.216352
vt -0.814653 1.219245
vt -0.813591 1.222273
vt -0.056273 1.514218
vt -0.813505 1.210911
vt -0.816698 1.213167
vt -0.809555 1.214648
vt -0.808802 1.219535
vt -0.806248 1.218686
vt -0.806834 1.213500
vt -0.807396 1.207809
vt -0.810425 1.209225
vt -0.811271 1.203532
vt -0.812076 1.198076
vt -0.807991 1.202013
vt -0.808625 1.196437
vt -0.804758 1.200338
vt -0.804440 1.206541
vt -0.804155 1.212860
vt -0.801519 1.213144
vt -0.801538 1.205209
vt -0.801526 1.218754
vt -0.799702 1.221759
vt -0.799091 1.216174
vt -0.055076 1.480325
vt -0.054019 1.485903
vt -0.052090 1.482196
vt -0.798886 1.203413
vt -0.057821 1.467157
vt -0.054478 1.468129
vt -0.046193 1.484174
vt -0.044914 1.488744
vt -0.050848 1.487431
vt -0.053664 1.490182
vt -0.050235 1.490852
vt -0.044469 1.491301
vt -0.053839 1.494695
vt -0.049533 1.495175
vt -0.043009 1.495784
vt -0.042101 1.498504
vt -0.049075 1.497891
vt -0.054059 1.497573
vt -0.805534 1.223461
vt -0.805035 1.228678
vt -0.803240 1.227890
vt -0.808010 1.223989
vt -0.807770 1.229044
vt -0.054384 1.501630
vt -0.810020 1.223781
vt -0.811210 1.226458
vt -0.055450 1.507652
vt -0.049086 1.506096
vt -0.048644 1.501305
vt -0.041445 1.501383
vt -0.038973 1.501383
vt -0.041650 1.505126
vt -0.039225 1.505093
vt -0.041315 1.513120
vt -0.039647 1.498502
vt -0.040487 1.495745
vt -0.041889 1.491272
vt -0.042338 1.488733
vt -0.043621 1.484128
vt -0.046328 1.469185
vt -0.048924 1.469166
vt -0.049766 1.461150
vt -0.047120 1.461191
vt -0.044364 1.447181
vt -0.046920 1.447193
vt -0.041196 1.436815
vt -0.043493 1.437293
vt -0.041895 1.576955
vt -0.039743 1.577336
vt -0.042043 1.572006
vt -0.039547 1.572019
vt -0.043710 1.563953
vt -0.041138 1.563973
vt -0.043803 1.558177
vt -0.050937 1.563301
vt -0.056293 1.557231
vt -0.056607 1.563010
vt -0.056997 1.570550
vt -0.049805 1.571093
vt -0.049812 1.575515
vt -0.057466 1.574366
vt -0.800882 1.183088
vt -0.803612 1.187976
vt -0.802378 1.192977
vt -0.799423 1.191032
vt -0.056928 1.443731
vt -0.058884 1.452232
vt -0.052829 1.450081
vt -0.804415 1.182585
vt -0.049579 1.441233
vt -0.054509 1.460339
vt -0.058764 1.459288
vt -0.801774 1.198551
vt -0.798885 1.196459
vt -0.805197 1.194569
vt -0.809229 1.191077
vt -0.805224 1.188846
vt -0.810246 1.186149
vt -0.813005 1.193252
vt -0.815952 1.195242
vt -0.814416 1.188889
vt -0.041260 1.558238
vt -0.050757 1.513664
vt -0.803532 1.222756
vt -0.802187 1.221844
vt -0.803864 1.218267
vt -0.800858 1.225441
vt -0.021600 1.553357
vt -0.014073 1.552490
vt -0.014413 1.548362
vt -0.022126 1.558093
vt -0.024061 1.553393
vt -0.020955 1.547204
vt -0.023543 1.547193
vt -0.023650 1.539282
vt -0.023244 1.634793
vt -0.022345 1.641744
vt -0.019714 1.641661
vt -0.021114 1.539311
vt -0.020792 1.634750
vt -0.023287 1.630690
vt -0.013189 1.641642
vt -0.013842 1.634775
vt -0.014074 1.630075
vt -0.020815 1.630660
vt -0.897213 1.220688
vt -0.894634 1.217160
vt -0.899294 1.217655
vt -0.013957 1.625832
vt -0.898840 1.214407
vt -0.889372 1.219758
vt -0.887367 1.214804
vt -0.891948 1.213218
vt -0.889530 1.208071
vt -0.896765 1.211358
vt -0.885557 1.209443
vt -0.893948 1.206910
vt -0.886854 1.202227
vt -0.889653 1.200564
vt -0.014124 1.607360
vt -0.019633 1.607885
vt -0.013937 1.615687
vt -0.021640 1.601311
vt -0.014248 1.602167
vt -0.886748 1.197904
vt -0.014491 1.597724
vt -0.883548 1.197656
vt -0.022179 1.597630
vt -0.014772 1.593474
vt -0.883438 1.204165
vt -0.880883 1.199293
vt -0.881809 1.210796
vt -0.880655 1.205742
vt -0.879429 1.200482
vt -0.877942 1.206194
vt -0.878295 1.211033
vt -0.021343 1.590707
vt -0.021777 1.593133
vt -0.015062 1.590952
vt -0.015240 1.588191
vt -0.878204 1.202132
vt -0.021098 1.588646
vt -0.014830 1.583265
vt -0.023700 1.588664
vt -0.020223 1.584098
vt -0.022829 1.584049
vt -0.023855 1.590687
vt -0.024215 1.593102
vt -0.024571 1.597633
vt -0.024115 1.601290
vt -0.022253 1.607981
vt -0.019332 1.615563
vt -0.021952 1.615583
vt -0.021927 1.621291
vt -0.019286 1.621322
vt -0.019759 1.626272
vt -0.022337 1.626229
vt -0.013889 1.621446
vt -0.022255 1.578604
vt -0.019616 1.578615
vt -0.022057 1.572182
vt -0.019422 1.572124
vt -0.022351 1.566091
vt -0.019716 1.565974
vt -0.024173 1.560560
vt -0.013963 1.565552
vt -0.014401 1.561590
vt -0.021759 1.560557
vt -0.014368 1.557868
vt -0.879886 1.226832
vt -0.877941 1.225040
vt -0.878109 1.222179
vt -0.883328 1.222560
vt -0.883676 1.227716
vt -0.892149 1.224342
vt -0.886622 1.227371
vt -0.882651 1.216380
vt -0.878052 1.217003
vt -0.014280 1.577991
vt -0.014122 1.571542
vt -0.024622 1.558113
vt -0.014494 1.540744
vt -0.103617 1.992713
vt -0.101831 1.992676
vt -0.101878 1.988244
vt -0.631458 1.986979
vt -0.631446 1.980801
vt -0.635589 1.987276
vt -0.915789 1.976433
vt -0.917203 1.975911
vt -0.917373 1.982346
vt -0.915609 1.982363
vt -0.913362 1.975255
vt -0.911565 1.982343
vt -0.914847 1.974367
vt -0.912299 1.970076
vt -0.908013 1.982552
vt -0.908381 1.975487
vt -0.913985 1.969841
vt -0.908401 1.969565
vt -0.912217 1.964353
vt -0.913283 1.957525
vt -0.913849 1.964506
vt -0.908674 1.963717
vt -0.914902 1.958227
vt -0.908872 1.957045
vt -0.915487 1.955670
vt -0.912543 1.950238
vt -0.915689 1.950264
vt -0.645536 1.824256
vt -0.645600 1.820941
vt -0.647324 1.824207
vt -0.917432 1.950400
vt -0.916969 1.956174
vt -0.631998 1.961481
vt -0.631971 1.955893
vt -0.634602 1.962947
vt -0.647338 1.820849
vt -0.635110 1.955832
vt -0.645224 1.818061
vt -0.646905 1.817803
vt -0.637802 1.956075
vt -0.637687 1.962591
vt -0.637689 1.969181
vt -0.642717 1.962013
vt -0.642659 1.955956
vt -0.646476 1.962212
vt -0.642652 1.968811
vt -0.645581 1.968343
vt -0.645910 1.955395
vt -0.896963 1.962707
vt -0.895299 1.962836
vt -0.894351 1.957079
vt -0.896027 1.956470
vt -0.892844 1.955212
vt -0.648491 1.961001
vt -0.894368 1.954876
vt -0.892678 1.949339
vt -0.648374 1.955252
vt -0.894421 1.949299
vt -0.896933 1.949516
vt -0.645643 1.809196
vt -0.647372 1.809202
vt -0.646866 1.812829
vt -0.644893 1.812747
vt -0.901396 1.950234
vt -0.645550 1.806566
vt -0.901161 1.956319
vt -0.908737 1.950496
vt -0.901158 1.963172
vt -0.900986 1.969042
vt -0.896780 1.968393
vt -0.895170 1.968141
vt -0.895166 1.974660
vt -0.900594 1.975231
vt -0.895723 1.981639
vt -0.893010 1.975459
vt -0.893632 1.973691
vt -0.892830 1.981549
vt -0.891073 1.981439
vt -0.891583 1.974945
vt -0.103817 1.973463
vt -0.103719 1.976571
vt -0.102028 1.973462
vt -0.649270 1.980324
vt -0.649388 1.986682
vt -0.646956 1.980095
vt -0.646496 1.986902
vt -0.101999 1.976590
vt -0.642895 1.980470
vt -0.642860 1.987578
vt -0.104095 1.980443
vt -0.102387 1.980592
vt -0.900594 1.982395
vt -0.104229 1.985749
vt -0.637933 1.987569
vt -0.102276 1.985558
vt -0.637783 1.980568
vt -0.634193 1.980304
vt -0.103607 1.988333
vt -0.637806 1.974797
vt -0.635164 1.975255
vt -0.642698 1.974458
vt -0.645677 1.973932
vt -0.635388 1.969645
vt -0.647337 1.806556
vt -0.610938 1.968340
vt -0.605621 1.969293
vt -0.605831 1.960425
vt -0.598400 1.969151
vt -0.056347 1.713492
vt -0.058055 1.713675
vt -0.058051 1.720563
vt -0.056131 1.720659
vt -0.058882 1.726136
vt -0.612086 1.958587
vt -0.057138 1.726171
vt -0.058884 1.730664
vt -0.615126 1.967701
vt -0.605748 1.952061
vt -0.610572 1.951302
vt -0.708269 1.935296
vt -0.709772 1.936233
vt -0.708169 1.942896
vt -0.710978 1.934104
vt -0.615037 1.959313
vt -0.712427 1.934635
vt -0.711127 1.925937
vt -0.706959 1.925391
vt -0.057091 1.730688
vt -0.712872 1.926027
vt -0.706531 1.942642
vt -0.700436 1.941785
vt -0.700589 1.933320
vt -0.700349 1.924415
vt -0.690504 1.924488
vt -0.690307 1.933108
vt -0.683399 1.934986
vt -0.685356 1.942726
vt -0.690671 1.942245
vt -0.685283 1.951028
vt -0.700617 1.951355
vt -0.690436 1.950987
vt -0.683595 1.950878
vt -0.683729 1.942934
vt -0.683972 1.959795
vt -0.680404 1.962241
vt -0.682474 1.959008
vt -0.690341 1.960917
vt -0.684933 1.969474
vt -0.680185 1.969896
vt -0.690962 1.969484
vt -0.700578 1.969679
vt -0.700747 1.961536
vt -0.707679 1.960194
vt -0.706019 1.951591
vt -0.709225 1.959382
vt -0.711983 1.961420
vt -0.706877 1.969539
vt -0.710516 1.961963
vt -0.615106 1.924965
vt -0.614866 1.932687
vt -0.611249 1.924787
vt -0.611702 1.933966
vt -0.712542 1.969365
vt -0.115496 1.814698
vt -0.117288 1.814721
vt -0.117329 1.818841
vt -0.710803 1.969476
vt -0.115580 1.818824
vt -0.116592 1.824153
vt -0.606143 1.924512
vt -0.114869 1.824040
vt -0.116436 1.830966
vt -0.599075 1.924661
vt -0.598505 1.933168
vt -0.606151 1.932601
vt -0.610089 1.942445
vt -0.605986 1.942708
vt -0.598454 1.943000
vt -0.598651 1.951555
vt -0.594666 1.942848
vt -0.593543 1.934204
vt -0.594646 1.951080
vt -0.598317 1.960584
vt -0.592843 1.958722
vt -0.589287 1.959494
vt -0.594264 1.968382
vt -0.681941 1.935940
vt -0.678713 1.934222
vt -0.589340 1.968106
vt -0.680114 1.933631
vt -0.678482 1.925283
vt -0.680234 1.925261
vt -0.685112 1.925191
vt -0.056802 1.704007
vt -0.058594 1.703996
vt -0.058644 1.709255
vt -0.056891 1.709245
vt -0.707660 1.951454
vt -0.594324 1.924716
vt -0.114519 1.831079
vt -0.117085 1.835987
vt -0.589682 1.924327
vt -0.115350 1.836019
vt -0.117108 1.840990
vt -0.589654 1.932194
vt -0.115313 1.840993
vt -0.678442 1.969816
vt -0.678970 1.961640
vt -0.103309 1.946085
vt -0.103021 1.956045
vt -0.093500 1.956359
vt -0.103063 1.969556
vt -0.110240 1.967672
vt -0.109804 1.956083
vt -0.108039 1.946668
vt -0.103753 1.935090
vt -0.093686 1.945486
vt -0.108563 1.935371
vt -0.104001 1.926447
vt -0.093888 1.935329
vt -0.104065 1.916758
vt -0.093101 1.926730
vt -0.109995 1.927569
vt -0.309503 1.943746
vt -0.311179 1.943525
vt -0.312484 1.950878
vt -0.310959 1.951687
vt -0.315247 1.953019
vt -0.113029 1.926155
vt -0.109748 1.916919
vt -0.309056 1.932352
vt -0.303733 1.952796
vt -0.303519 1.944068
vt -0.310966 1.922831
vt -0.310694 1.932502
vt -0.303149 1.932929
vt -0.291055 1.933520
vt -0.290987 1.922604
vt -0.302957 1.922869
vt -0.291431 1.909531
vt -0.302769 1.909354
vt -0.284712 1.922766
vt -0.286090 1.932933
vt -0.086914 1.955402
vt -0.088327 1.945881
vt -0.088383 1.956251
vt -0.089997 1.946052
vt -0.088196 1.936329
vt -0.286015 1.942886
vt -0.089848 1.936146
vt -0.291291 1.943748
vt -0.284285 1.951363
vt -0.086435 1.928434
vt -0.083375 1.925848
vt -0.087990 1.927660
vt -0.290495 1.952394
vt -0.284699 1.962442
vt -0.281098 1.962713
vt -0.280868 1.953212
vt -0.083357 1.916130
vt -0.085043 1.916117
vt -0.084886 1.925379
vt -0.032908 1.567917
vt -0.032952 1.564050
vt -0.034699 1.567878
vt -0.088750 1.916502
vt -0.034698 1.564011
vt -0.093499 1.916537
vt -0.032287 1.559261
vt -0.034009 1.559029
vt -0.290633 1.962579
vt -0.303569 1.962513
vt -0.031985 1.548706
vt -0.033839 1.548837
vt -0.032923 1.543027
vt -0.310448 1.962469
vt -0.313766 1.953531
vt -0.032840 1.539201
vt -0.034665 1.543010
vt -0.314118 1.962604
vt -0.315844 1.962495
vt -0.034636 1.539208
vt -0.113299 1.916842
vt -0.084822 1.957680
vt -0.090428 1.968967
vt -0.094168 1.969449
vt -0.031676 1.591243
vt -0.029811 1.590991
vt -0.029795 1.582438
vt -0.030938 1.595135
vt -0.029197 1.595063
vt -0.030855 1.600731
vt -0.286487 1.910123
vt -0.280992 1.921901
vt -0.281252 1.910434
vt -0.083374 1.957148
vt -0.085050 1.968867
vt -0.083318 1.968882
vt -0.029070 1.600701
vt -0.031545 1.582406
vt -0.028986 1.574877
vt -0.311142 1.911125
vt -0.030734 1.574905
vt -0.029081 1.571823
vt -0.313872 1.911971
vt -0.030867 1.571836
vt -0.112961 1.966736
vt -0.113008 1.956888
vt -0.315607 1.912008
vt -0.315402 1.922061
vt -0.313942 1.921552
vt -0.312477 1.923704
vt -0.802849 1.933145
vt -0.802305 1.925123
vt -0.808914 1.924697
vt -0.802208 1.916224
vt -0.796786 1.917203
vt -0.797428 1.925712
vt -0.051017 1.939313
vt -0.052941 1.939267
vt -0.053845 1.944957
vt -0.052106 1.944991
vt -0.793948 1.917680
vt -0.053828 1.948018
vt -0.052037 1.948069
vt -0.872348 1.932214
vt -0.874102 1.932285
vt -0.873684 1.940362
vt -0.794208 1.925558
vt -0.869278 1.940626
vt -0.869509 1.931934
vt -0.872294 1.939751
vt -0.870698 1.941529
vt -0.863018 1.940046
vt -0.867951 1.949622
vt -0.869638 1.949763
vt -0.862385 1.948178
vt -0.862799 1.931099
vt -0.853798 1.939633
vt -0.854144 1.930876
vt -0.848124 1.940420
vt -0.849097 1.947710
vt -0.853402 1.947518
vt -0.848999 1.956352
vt -0.862245 1.956423
vt -0.853320 1.955895
vt -0.813797 1.932829
vt -0.813947 1.941026
vt -0.812150 1.932710
vt -0.812284 1.941250
vt -0.847448 1.963204
vt -0.815498 1.947302
vt -0.853163 1.964111
vt -0.848432 1.971776
vt -0.844187 1.971908
vt -0.844363 1.964293
vt -0.818269 1.949278
vt -0.814010 1.948145
vt -0.809473 1.948920
vt -0.809271 1.940756
vt -0.812635 1.956812
vt -0.816994 1.957186
vt -0.816797 1.949820
vt -0.818679 1.957095
vt -0.008606 1.020616
vt -0.010354 1.020580
vt -0.010333 1.025165
vt -0.008533 1.025181
vt -0.008151 1.017242
vt -0.009851 1.017033
vt -0.809428 1.956691
vt -0.007766 1.010411
vt -0.852940 1.971838
vt -0.862273 1.971815
vt -0.009687 1.010514
vt -0.008766 1.005650
vt -0.862557 1.964173
vt -0.868218 1.972158
vt -0.869147 1.963837
vt -0.867828 1.956504
vt -0.870716 1.963029
vt -0.873133 1.964877
vt -0.871658 1.965365
vt -0.794660 1.949558
vt -0.797514 1.948560
vt -0.798087 1.956755
vt -0.794633 1.956680
vt -0.873449 1.972162
vt -0.008666 1.001953
vt -0.010464 1.001978
vt -0.010515 1.005657
vt -0.871707 1.972223
vt -0.802765 1.956505
vt -0.802711 1.948890
vt -0.798688 1.941354
vt -0.869460 1.956346
vt -0.798506 1.934531
vt -0.802974 1.941231
vt -0.809204 1.932498
vt -0.813394 1.925370
vt -0.817142 1.923869
vt -0.811983 1.916134
vt -0.808233 1.915917
vt -0.814869 1.926286
vt -0.051170 1.933225
vt -0.052886 1.933392
vt -0.051669 1.929336
vt -0.053415 1.929357
vt -0.051513 1.924034
vt -0.849070 1.931262
vt -0.844139 1.939729
vt -0.844165 1.931987
vt -0.818532 1.924478
vt -0.816921 1.916423
vt -0.818610 1.916437
vt -0.053309 1.924051
s 1
usemtl Arms_Mat1
f 7/1/1 1/2/2 2/3/3
f 1/4/2 3/5/4 2/6/3
f 3/7/4 1/8/2 4/9/5
f 1/8/2 5/10/6 4/9/5
f 6/11/7 5/12/6 1/2/2
f 7/1/1 6/11/7 1/2/2
f 7/13/1 9/14/8 6/15/7
f 8/16/9 10/17/10 7/13/1
f 8/18/9 7/1/1 2/3/3
f 10/17/10 9/14/8 7/13/1
f 10/19/10 11/20/11 9/21/8
f 13/22/12 10/17/10 8/16/9
f 12/23/13 11/20/11 10/19/10
f 13/24/12 12/23/13 10/19/10
f 16/25/14 13/22/12 8/16/9
f 14/26/15 15/27/16 13/28/12
f 14/29/15 13/30/12 16/31/14
f 15/27/16 12/32/13 13/28/12
f 17/33/17 14/29/15 16/31/14
f 17/33/17 16/31/14 2/6/3
f 8/18/9 2/3/3 16/34/14
f 18/35/18 19/36/19 17/33/17
f 18/35/18 17/33/17 20/37/20
f 19/36/19 14/29/15 17/33/17
f 20/37/20 17/33/17 2/6/3
f 3/5/4 21/38/21 20/37/20
f 3/5/4 20/37/20 2/6/3
f 21/38/21 22/39/22 20/37/20
f 22/39/22 18/35/18 20/37/20
f 21/38/21 23/40/23 22/39/22
f 23/40/23 24/41/24 22/39/22
f 24/41/24 25/42/25 22/39/22
f 25/42/25 18/35/18 22/39/22
f 26/43/26 25/42/25 24/41/24
f 25/42/25 27/44/27 18/35/18
f 26/43/26 28/45/28 25/42/25
f 28/45/28 27/44/27 25/42/25
f 29/46/29 28/47/28 26/48/26
f 28/49/28 30/50/30 27/51/27
f 29/52/29 31/53/31 28/54/28
f 31/53/31 30/55/30 28/54/28
f 32/56/32 31/53/31 29/52/29
f 33/57/33 32/56/32 29/52/29
f 34/58/34 32/56/32 33/57/33
f 36/59/35 34/58/34 35/60/36
f 35/60/36 34/58/34 33/57/33
f 38/61/37 36/59/35 35/60/36
f 37/62/38 36/59/35 38/61/37
f 39/63/39 37/62/38 38/61/37
f 39/64/39 38/65/37 41/66/40
f 38/65/37 35/67/36 40/68/41
f 41/66/40 38/65/37 40/68/41
f 42/69/42 43/70/43 41/71/40
f 42/69/42 41/71/40 40/72/41
f 43/70/43 44/73/44 41/71/40
f 44/74/44 39/64/39 41/66/40
f 43/70/43 45/75/45 44/73/44
f 45/75/45 46/76/46 44/73/44
f 46/77/46 47/78/47 44/74/44
f 47/78/47 39/64/39 44/74/44
f 47/79/47 49/80/48 39/63/39
f 48/81/49 49/80/48 47/79/47
f 50/82/50 48/81/49 47/79/47
f 50/83/50 47/78/47 46/77/46
f 51/84/51 50/83/50 46/77/46
f 52/85/52 50/83/50 51/84/51
f 52/86/52 53/87/53 50/82/50
f 53/87/53 48/81/49 50/82/50
f 54/88/54 53/87/53 52/86/52
f 55/89/55 54/88/54 52/86/52
f 56/90/56 54/88/54 55/89/55
f 57/91/57 56/90/56 55/89/55
f 58/92/58 56/90/56 57/91/57
f 59/93/59 58/92/58 57/91/57
f 60/94/60 58/92/58 59/93/59
f 62/95/61 60/94/60 61/96/62
f 61/96/62 60/94/60 59/93/59
f 63/97/63 62/95/61 61/96/62
f 64/98/64 62/95/61 63/97/63
f 65/99/65 64/98/64 63/97/63
f 66/100/66 64/98/64 65/99/65
f 68/101/67 66/100/66 67/102/68
f 67/102/68 66/100/66 65/99/65
f 69/103/69 68/101/67 67/102/68
f 70/104/70 68/101/67 69/103/69
f 71/105/71 70/104/70 69/103/69
f 72/106/72 70/104/70 71/105/71
f 74/107/73 72/106/72 73/108/74
f 73/108/74 72/106/72 71/105/71
f 75/109/75 74/107/73 73/108/74
f 76/110/76 74/107/73 75/109/75
f 11/20/11 76/110/76 9/21/8
f 9/21/8 76/110/76 75/109/75
f 75/111/75 73/112/74 77/113/77
f 9/14/8 75/111/75 6/15/7
f 6/15/7 75/111/75 77/113/77
f 6/11/7 77/114/77 5/12/6
f 77/113/77 73/112/74 78/115/78
f 77/114/77 78/116/78 79/117/79
f 77/114/77 79/117/79 5/12/6
f 5/10/6 79/118/79 4/9/5
f 79/118/79 80/119/80 4/9/5
f 79/118/79 81/120/81 80/119/80
f 78/116/78 81/121/81 79/117/79
f 84/122/82 81/120/81 82/123/83
f 81/120/81 83/124/84 82/123/83
f 85/125/85 83/126/84 81/121/81
f 81/120/81 84/122/82 80/119/80
f 78/116/78 85/125/85 81/121/81
f 85/125/85 86/127/86 83/126/84
f 85/128/85 69/129/69 86/130/86
f 78/131/78 71/132/71 85/128/85
f 71/132/71 69/129/69 85/128/85
f 86/127/86 87/133/87 83/126/84
f 69/129/69 67/134/68 86/130/86
f 86/130/86 67/134/68 88/135/88
f 87/133/87 86/127/86 88/136/88
f 89/137/89 87/133/87 88/136/88
f 89/137/89 88/136/88 90/138/90
f 88/135/88 65/139/65 90/140/90
f 67/134/68 65/139/65 88/135/88
f 90/140/90 63/141/63 91/142/91
f 90/138/90 91/143/91 92/144/92
f 92/144/92 89/137/89 90/138/90
f 65/139/65 63/141/63 90/140/90
f 89/145/89 92/146/92 93/147/93
f 91/143/91 93/148/93 92/144/92
f 94/149/94 93/147/93 95/150/95
f 94/149/94 89/145/89 93/147/93
f 96/151/96 95/152/95 93/148/93
f 91/143/91 96/151/96 93/148/93
f 91/142/91 61/153/62 96/154/96
f 96/154/96 59/155/59 97/156/97
f 95/152/95 96/151/96 97/157/97
f 61/153/62 59/155/59 96/154/96
f 97/156/97 57/158/57 98/159/98
f 99/160/99 97/157/97 98/161/98
f 59/155/59 57/158/57 97/156/97
f 99/160/99 95/152/95 97/157/97
f 102/162/100 100/163/101 99/164/99
f 100/163/101 101/165/102 99/164/99
f 101/165/102 95/150/95 99/164/99
f 103/166/103 102/162/100 99/164/99
f 103/167/103 99/160/99 98/161/98
f 103/167/103 98/161/98 104/168/104
f 102/169/100 103/167/103 104/168/104
f 98/159/98 55/170/55 104/171/104
f 102/169/100 104/168/104 51/172/51
f 104/171/104 52/85/52 51/84/51
f 55/170/55 52/85/52 104/171/104
f 102/162/100 105/173/105 100/163/101
f 105/174/105 102/169/100 51/172/51
f 105/173/105 45/175/45 106/176/106
f 105/173/105 106/176/106 100/163/101
f 45/75/45 105/174/105 46/76/46
f 105/174/105 51/172/51 46/76/46
f 45/175/45 107/177/107 106/176/106
f 107/177/107 108/178/108 106/176/106
f 108/178/108 109/179/109 106/176/106
f 106/176/106 109/179/109 100/163/101
f 108/178/108 82/123/83 109/179/109
f 82/123/83 110/180/110 109/179/109
f 109/179/109 110/180/110 101/165/102
f 109/179/109 101/165/102 100/163/101
f 82/123/83 83/124/84 110/180/110
f 110/180/110 94/149/94 101/165/102
f 110/180/110 87/181/87 94/149/94
f 83/124/84 87/181/87 110/180/110
f 111/182/111 108/178/108 107/177/107
f 84/122/82 82/123/83 108/178/108
f 111/182/111 84/122/82 108/178/108
f 84/122/82 111/182/111 112/183/112
f 112/183/112 111/182/111 113/184/113
f 111/182/111 114/185/114 113/184/113
f 114/185/114 111/182/111 107/177/107
f 42/186/42 113/184/113 114/185/114
f 43/187/43 114/185/114 107/177/107
f 43/187/43 42/186/42 114/185/114
f 112/183/112 113/184/113 115/188/115
f 116/189/116 115/188/115 113/184/113
f 42/186/42 116/189/116 113/184/113
f 117/190/117 116/191/116 40/72/41
f 116/189/116 117/192/117 115/188/115
f 116/191/116 42/69/42 40/72/41
f 117/192/117 23/193/23 115/188/115
f 23/40/23 117/194/117 24/41/24
f 118/195/118 117/190/117 120/196/119
f 117/194/117 118/197/118 24/41/24
f 119/198/120 117/190/117 40/72/41
f 117/190/117 119/198/120 120/196/119
f 119/199/120 33/200/33 120/201/119
f 120/201/119 29/46/29 26/48/26
f 26/202/26 118/195/118 120/196/119
f 33/200/33 29/46/29 120/201/119
f 35/67/36 33/200/33 119/199/120
f 40/68/41 35/67/36 119/199/120
f 118/197/118 26/43/26 24/41/24
f 23/193/23 21/203/21 115/188/115
f 21/203/21 121/204/121 115/188/115
f 121/204/121 112/183/112 115/188/115
f 80/119/80 112/183/112 121/204/121
f 21/203/21 3/7/4 121/204/121
f 3/7/4 4/9/5 121/204/121
f 4/9/5 80/119/80 121/204/121
f 80/119/80 84/122/82 112/183/112
f 45/175/45 43/187/43 107/177/107
f 101/165/102 94/149/94 95/150/95
f 57/158/57 55/170/55 98/159/98
f 87/181/87 89/145/89 94/149/94
f 63/141/63 61/153/62 91/142/91
f 73/112/74 71/205/71 78/115/78
f 49/80/48 37/62/38 39/63/39
f 30/50/30 122/206/122 27/51/27
f 27/51/27 122/206/122 19/207/19
f 122/206/122 123/208/123 19/207/19
f 123/208/123 15/27/16 14/26/15
f 19/207/19 123/208/123 14/26/15
f 27/44/27 19/36/19 18/35/18
f 127/209/124 124/210/125 125/211/126
f 124/210/125 126/212/127 125/211/126
f 130/213/128 126/212/127 124/210/125
f 127/209/124 128/214/129 124/210/125
f 128/214/129 129/215/130 124/210/125
f 129/215/130 130/213/128 124/210/125
f 133/216/131 130/213/128 131/217/132
f 131/217/132 130/213/128 129/215/130
f 133/216/131 132/218/133 130/213/128
f 132/218/133 126/212/127 130/213/128
f 134/219/134 133/216/131 131/217/132
f 133/216/131 135/220/135 132/218/133
f 134/219/134 136/221/136 133/216/131
f 136/221/136 135/220/135 133/216/131
f 136/221/136 137/222/137 138/223/138
f 136/224/136 134/225/134 137/226/137
f 135/220/135 136/221/136 138/223/138
f 139/227/139 141/228/140 138/223/138
f 140/229/141 139/227/139 138/223/138
f 140/229/141 138/223/138 137/222/137
f 135/220/135 138/223/138 141/228/140
f 139/227/139 143/230/142 141/228/140
f 143/230/142 142/231/143 141/228/140
f 144/232/144 141/228/140 142/231/143
f 144/232/144 135/220/135 141/228/140
f 135/220/135 144/232/144 132/218/133
f 132/218/133 144/232/144 145/233/145
f 144/232/144 146/234/146 145/233/145
f 146/234/146 144/232/144 142/231/143
f 145/233/145 146/234/146 148/235/147
f 146/234/146 142/231/143 147/236/148
f 149/237/149 146/234/146 147/236/148
f 146/234/146 149/237/149 148/235/147
f 148/235/147 149/237/149 150/238/150
f 149/237/149 151/239/151 150/238/150
f 151/239/151 149/237/149 152/240/152
f 149/237/149 147/236/148 152/240/152
f 155/241/153 152/240/152 147/236/148
f 151/239/151 152/240/152 154/242/154
f 153/243/155 154/242/154 152/240/152
f 155/241/153 153/243/155 152/240/152
f 156/244/156 155/241/153 147/236/148
f 156/244/156 157/245/157 155/241/153
f 157/245/157 158/246/158 155/241/153
f 155/241/153 158/246/158 153/243/155
f 157/245/157 159/247/159 158/246/158
f 159/247/159 160/248/160 158/246/158
f 158/246/158 160/248/160 161/249/161
f 158/246/158 161/249/161 153/243/155
f 160/248/160 162/250/162 161/249/161
f 161/249/161 162/250/162 163/251/163
f 161/249/161 163/251/163 164/252/164
f 153/243/155 161/249/161 164/252/164
f 164/252/164 165/253/165 154/242/154
f 165/254/165 164/255/164 163/256/163
f 153/243/155 164/252/164 154/242/154
f 167/257/166 165/254/165 166/258/167
f 166/258/167 165/254/165 163/256/163
f 167/259/166 168/260/168 165/253/165
f 168/260/168 154/242/154 165/253/165
f 151/239/151 168/260/168 169/261/169
f 168/260/168 151/239/151 154/242/154
f 168/260/168 167/259/166 170/262/170
f 169/261/169 168/260/168 170/262/170
f 170/262/170 166/263/167 171/264/171
f 170/265/170 167/257/166 166/258/167
f 169/261/169 170/262/170 171/264/171
f 171/264/171 166/263/167 172/266/172
f 174/267/173 171/264/171 172/266/172
f 169/261/169 171/264/171 173/268/174
f 173/268/174 171/264/171 174/267/173
f 176/269/175 174/267/173 172/266/172
f 175/270/176 173/268/174 174/267/173
f 177/271/177 175/270/176 174/267/173
f 176/269/175 177/271/177 174/267/173
f 177/271/177 178/272/178 175/270/176
f 178/272/178 177/271/177 179/273/179
f 179/273/179 177/271/177 180/274/180
f 177/271/177 176/269/175 180/274/180
f 180/274/180 183/275/181 181/276/182
f 180/274/180 181/276/182 182/277/183
f 179/273/179 180/274/180 182/277/183
f 180/274/180 176/269/175 183/275/181
f 183/275/181 184/278/184 181/276/182
f 183/279/181 185/280/185 184/281/184
f 176/269/175 185/282/185 183/275/181
f 185/280/185 172/283/172 184/281/184
f 185/282/185 176/269/175 172/266/172
f 184/281/184 172/283/172 186/284/186
f 181/276/182 184/278/184 186/285/186
f 172/283/172 187/286/187 186/284/186
f 188/287/188 186/288/186 187/289/187
f 188/290/188 181/276/182 186/285/186
f 162/250/162 188/287/188 187/289/187
f 189/291/189 188/287/188 162/250/162
f 189/292/189 182/277/183 188/290/188
f 182/277/183 181/276/182 188/290/188
f 160/248/160 189/291/189 162/250/162
f 190/293/190 189/291/189 160/248/160
f 191/294/191 182/277/183 189/292/189
f 190/295/190 191/294/191 189/292/189
f 193/296/192 191/294/191 192/297/193
f 192/297/193 191/294/191 190/295/190
f 193/296/192 179/273/179 191/294/191
f 179/273/179 182/277/183 191/294/191
f 195/298/194 193/296/192 192/297/193
f 194/299/195 178/272/178 193/296/192
f 195/298/194 194/299/195 193/296/192
f 193/296/192 178/272/178 179/273/179
f 196/300/196 127/209/124 195/298/194
f 196/300/196 195/298/194 197/301/197
f 195/298/194 192/297/193 197/301/197
f 127/209/124 194/299/195 195/298/194
f 197/301/197 192/297/193 198/302/198
f 199/303/199 197/301/197 198/302/198
f 200/304/200 197/301/197 199/303/199
f 196/300/196 197/301/197 200/304/200
f 201/305/201 200/304/200 203/306/202
f 202/307/203 200/304/200 201/305/201
f 202/307/203 196/300/196 200/304/200
f 203/306/202 200/304/200 199/303/199
f 206/308/204 201/305/201 203/306/202
f 206/309/204 203/310/202 204/311/205
f 204/311/205 203/310/202 205/312/206
f 203/310/202 199/313/199 205/312/206
f 206/314/204 207/315/207 201/316/201
f 207/317/207 206/309/204 204/311/205
f 207/315/207 208/318/208 201/316/201
f 207/315/207 209/319/209 208/318/208
f 207/317/207 204/311/205 210/320/210
f 209/321/209 207/317/207 210/320/210
f 140/229/141 210/320/210 139/227/139
f 210/320/210 211/322/211 139/227/139
f 210/320/210 204/311/205 211/322/211
f 209/321/209 210/320/210 140/229/141
f 139/227/139 211/322/211 143/230/142
f 211/322/211 212/323/212 143/230/142
f 211/322/211 205/312/206 212/323/212
f 204/311/205 205/312/206 211/322/211
f 143/230/142 212/323/212 156/244/156
f 205/312/206 213/324/213 212/323/212
f 212/323/212 213/324/213 157/245/157
f 212/323/212 157/245/157 156/244/156
f 205/312/206 199/313/199 213/324/213
f 213/324/213 159/247/159 157/245/157
f 213/324/213 198/325/198 159/247/159
f 199/313/199 198/325/198 213/324/213
f 209/319/209 131/326/132 208/318/208
f 209/319/209 214/327/214 131/326/132
f 214/328/214 209/321/209 140/229/141
f 214/327/214 137/226/137 131/326/132
f 214/328/214 140/229/141 137/222/137
f 216/329/215 201/316/201 208/318/208
f 215/330/216 208/331/208 129/215/130
f 215/332/216 216/329/215 208/318/208
f 208/331/208 131/217/132 129/215/130
f 216/333/215 202/307/203 201/305/201
f 216/333/215 215/330/216 202/307/203
f 215/330/216 128/214/129 202/307/203
f 128/214/129 215/330/216 129/215/130
f 202/307/203 128/214/129 196/300/196
f 198/302/198 192/297/193 190/295/190
f 198/325/198 190/293/190 159/247/159
f 128/214/129 127/209/124 196/300/196
f 178/272/178 194/299/195 217/334/217
f 194/299/195 127/209/124 125/211/126
f 194/299/195 125/211/126 217/334/217
f 217/334/217 218/335/218 175/270/176
f 219/336/219 218/335/218 217/334/217
f 178/272/178 217/334/217 175/270/176
f 125/211/126 219/336/219 217/334/217
f 145/233/145 219/336/219 126/212/127
f 126/212/127 219/336/219 125/211/126
f 145/233/145 148/235/147 219/336/219
f 148/235/147 218/335/218 219/336/219
f 218/335/218 173/268/174 175/270/176
f 150/238/150 173/268/174 218/335/218
f 148/235/147 150/238/150 218/335/218
f 159/247/159 190/293/190 160/248/160
f 166/258/167 163/256/163 187/286/187
f 172/283/172 166/258/167 187/286/187
f 162/250/162 187/289/187 163/251/163
f 150/238/150 169/261/169 173/268/174
f 150/238/150 151/239/151 169/261/169
f 156/244/156 147/236/148 142/231/143
f 143/230/142 156/244/156 142/231/143
f 132/218/133 145/233/145 126/212/127
f 134/225/134 131/326/132 137/226/137
f 220/337/220 221/338/221 226/339/222
f 220/337/220 222/340/223 221/338/221
f 224/341/224 222/340/223 220/337/220
f 223/342/225 220/337/220 225/343/226
f 223/342/225 224/341/224 220/337/220
f 225/343/226 220/337/220 226/339/222
f 225/343/226 226/339/222 228/344/227
f 221/338/221 227/345/228 226/339/222
f 226/339/222 227/345/228 229/346/229
f 226/339/222 229/346/229 228/344/227
f 228/347/227 229/348/229 230/349/230
f 229/348/229 231/350/231 230/349/230
f 229/348/229 232/351/232 231/350/231
f 227/345/228 232/352/232 229/346/229
f 232/351/232 233/353/233 231/350/231
f 233/353/233 232/351/232 235/354/234
f 236/355/235 232/352/232 234/356/236
f 232/352/232 227/345/228 234/356/236
f 232/351/232 236/357/235 235/354/234
f 238/358/237 236/355/235 237/359/238
f 236/355/235 234/356/236 237/359/238
f 236/357/235 238/360/237 235/354/234
f 238/360/237 239/361/239 235/354/234
f 238/360/237 240/362/240 239/361/239
f 240/363/240 238/358/237 241/364/241
f 238/358/237 237/359/238 241/364/241
f 243/365/242 241/364/241 237/359/238
f 241/364/241 242/366/243 240/363/240
f 243/365/242 242/366/243 241/364/241
f 222/340/223 244/367/244 243/365/242
f 222/340/223 243/365/242 221/338/221
f 221/338/221 243/365/242 237/359/238
f 244/367/244 245/368/245 243/365/242
f 246/369/246 243/365/242 245/368/245
f 246/369/246 242/366/243 243/365/242
f 248/370/247 247/371/248 246/369/246
f 247/371/248 242/366/243 246/369/246
f 248/370/247 246/369/246 245/368/245
f 247/372/248 248/373/247 249/374/249
f 248/373/247 250/375/250 249/374/249
f 250/376/250 248/370/247 245/368/245
f 251/377/251 250/376/250 244/367/244
f 250/375/250 251/378/251 252/379/252
f 250/376/250 245/368/245 244/367/244
f 250/375/250 252/379/252 249/374/249
f 251/378/251 253/380/253 252/379/252
f 254/381/254 252/382/252 253/383/253
f 255/384/255 249/385/249 252/382/252
f 254/381/254 255/384/255 252/382/252
f 256/386/256 255/384/255 254/381/254
f 257/387/257 255/384/255 256/386/256
f 255/384/255 257/387/257 249/385/249
f 259/388/258 257/387/257 258/389/259
f 257/387/257 256/386/256 258/389/259
f 257/387/257 259/388/258 249/385/249
f 260/390/260 259/388/258 258/389/259
f 259/391/258 247/372/248 249/374/249
f 247/372/248 259/391/258 260/392/260
f 258/389/259 261/393/261 260/390/260
f 261/393/261 239/394/239 260/390/260
f 240/362/240 247/372/248 260/392/260
f 240/362/240 260/392/260 239/361/239
f 261/393/261 258/389/259 263/395/262
f 261/393/261 262/396/263 239/394/239
f 263/395/262 262/396/263 261/393/261
f 263/395/262 264/397/264 265/398/265
f 263/395/262 256/386/256 264/397/264
f 258/389/259 256/386/256 263/395/262
f 266/399/266 263/395/262 265/398/265
f 267/400/267 263/395/262 266/399/266
f 267/400/267 262/396/263 263/395/262
f 233/401/233 267/400/267 266/399/266
f 262/396/263 267/400/267 235/402/234
f 267/400/267 233/401/233 235/402/234
f 231/403/231 233/401/233 266/399/266
f 231/403/231 266/399/266 265/398/265
f 230/404/230 231/403/231 265/398/265
f 230/404/230 265/398/265 268/405/268
f 265/398/265 264/397/264 268/405/268
f 269/406/269 270/407/270 268/405/268
f 264/397/264 269/406/269 268/405/268
f 268/405/268 270/407/270 271/408/271
f 271/408/271 230/404/230 268/405/268
f 272/409/272 228/347/227 271/410/271
f 228/347/227 230/349/230 271/410/271
f 272/409/272 271/410/271 273/411/273
f 270/407/270 273/412/273 271/408/271
f 274/413/274 272/409/272 273/411/273
f 276/414/275 274/415/274 273/416/273
f 277/417/276 275/418/277 273/412/273
f 275/419/277 276/414/275 273/416/273
f 270/407/270 277/417/276 273/412/273
f 275/418/277 277/417/276 278/420/278
f 277/417/276 269/406/269 278/420/278
f 277/417/276 270/407/270 269/406/269
f 269/406/269 280/421/279 278/420/278
f 281/422/280 278/420/278 279/423/281
f 280/421/279 279/423/281 278/420/278
f 281/422/280 275/418/277 278/420/278
f 282/424/282 276/414/275 281/425/280
f 282/424/282 281/425/280 283/426/283
f 283/427/283 281/422/280 279/423/281
f 276/414/275 275/419/277 281/425/280
f 284/428/284 283/426/283 285/429/285
f 284/428/284 282/424/282 283/426/283
f 286/430/286 285/431/285 283/427/283
f 279/423/281 286/430/286 283/427/283
f 280/421/279 286/430/286 279/423/281
f 287/432/287 286/430/286 280/421/279
f 286/430/286 287/432/287 285/431/285
f 289/433/288 287/432/287 288/434/289
f 287/432/287 280/421/279 288/434/289
f 287/432/287 289/433/288 285/431/285
f 291/435/290 289/433/288 288/434/289
f 289/436/288 290/437/291 285/429/285
f 290/437/291 289/436/288 291/438/290
f 292/439/292 290/437/291 291/438/290
f 292/439/292 291/438/290 253/380/253
f 293/440/293 253/383/253 291/435/290
f 288/434/289 293/440/293 291/435/290
f 293/440/293 288/434/289 280/421/279
f 294/441/294 293/440/293 280/421/279
f 293/440/293 254/381/254 253/383/253
f 254/381/254 293/440/293 294/441/294
f 256/386/256 294/441/294 264/397/264
f 264/397/264 294/441/294 269/406/269
f 294/441/294 280/421/279 269/406/269
f 256/386/256 254/381/254 294/441/294
f 292/442/292 251/377/251 295/443/295
f 251/378/251 292/439/292 253/380/253
f 296/444/296 290/445/291 292/442/292
f 295/443/295 296/444/296 292/442/292
f 297/446/297 296/444/296 224/341/224
f 224/341/224 296/444/296 295/443/295
f 290/445/291 296/444/296 297/446/297
f 298/447/298 290/445/291 297/446/297
f 298/447/298 297/446/297 299/448/299
f 297/446/297 224/341/224 299/448/299
f 284/449/284 298/447/298 299/448/299
f 299/448/299 300/450/300 284/449/284
f 300/450/300 299/448/299 223/342/225
f 299/448/299 224/341/224 223/342/225
f 300/450/300 282/451/282 284/449/284
f 300/450/300 301/452/301 282/451/282
f 223/342/225 301/452/301 300/450/300
f 276/453/275 301/452/301 302/454/302
f 302/454/302 301/452/301 223/342/225
f 301/452/301 276/453/275 282/451/282
f 274/455/274 302/454/302 303/456/303
f 302/454/302 223/342/225 303/456/303
f 274/455/274 276/453/275 302/454/302
f 272/457/272 274/455/274 303/456/303
f 303/456/303 225/343/226 272/457/272
f 303/456/303 223/342/225 225/343/226
f 298/458/298 284/428/284 285/429/285
f 290/437/291 298/458/298 285/429/285
f 295/443/295 244/367/244 222/340/223
f 224/341/224 295/443/295 222/340/223
f 251/377/251 244/367/244 295/443/295
f 225/343/226 228/344/227 272/457/272
f 262/396/263 235/402/234 239/394/239
f 242/366/243 247/371/248 240/363/240
f 234/356/236 221/338/221 237/359/238
f 234/356/236 227/345/228 221/338/221
f 304/459/304 305/460/305 308/461/306
f 304/462/304 306/463/307 305/464/305
f 306/463/307 304/462/304 307/465/308
f 307/466/308 304/459/304 308/461/306
f 307/465/308 308/467/306 310/468/309
f 310/468/309 308/467/306 309/469/310
f 308/461/306 305/460/305 309/470/310
f 311/471/311 307/465/308 310/468/309
f 311/471/311 310/468/309 313/472/312
f 312/473/313 310/468/309 309/469/310
f 313/472/312 310/468/309 312/473/313
f 314/474/314 313/472/312 316/475/315
f 315/476/316 313/472/312 314/474/314
f 315/476/316 311/471/311 313/472/312
f 316/475/315 313/472/312 312/473/313
f 317/477/317 314/474/314 316/475/315
f 317/478/317 316/479/315 319/480/318
f 316/479/315 312/481/313 318/482/319
f 319/480/318 316/479/315 318/482/319
f 320/483/320 317/478/317 319/480/318
f 320/483/320 319/480/318 321/484/318
f 321/484/318 319/480/318 322/485/321
f 319/480/318 318/482/319 322/485/321
f 322/485/321 318/482/319 324/486/322
f 323/487/323 322/485/321 325/488/324
f 321/484/318 322/485/321 323/487/323
f 322/485/321 324/486/322 325/488/324
f 325/488/324 326/489/325 327/490/326
f 326/491/325 325/492/324 324/493/322
f 323/487/323 325/488/324 327/490/326
f 328/494/327 329/495/327 327/490/326
f 328/494/327 327/490/326 326/489/325
f 329/495/327 330/496/328 327/490/326
f 323/487/323 327/490/326 330/496/328
f 331/497/329 323/487/323 330/496/328
f 331/497/329 330/496/328 333/498/330
f 329/495/327 332/499/331 330/496/328
f 332/499/331 333/498/330 330/496/328
f 334/500/332 331/497/329 333/498/330
f 334/500/332 333/498/330 336/501/333
f 332/499/331 335/502/334 333/498/330
f 335/502/334 336/501/333 333/498/330
f 335/502/334 337/503/335 336/501/333
f 337/503/335 338/504/336 336/501/333
f 339/505/337 336/501/333 338/504/336
f 339/505/337 334/500/332 336/501/333
f 340/506/338 339/505/337 338/504/336
f 339/505/337 342/507/339 334/500/332
f 340/506/338 341/508/340 339/505/337
f 341/508/340 342/507/339 339/505/337
f 342/507/339 343/509/341 334/500/332
f 342/507/339 344/510/342 343/509/341
f 345/511/343 344/510/342 342/507/339
f 341/508/340 345/511/343 342/507/339
f 348/512/344 346/513/345 345/511/343
f 345/511/343 346/513/345 344/510/342
f 347/514/346 345/511/343 341/508/340
f 347/514/346 348/512/344 345/511/343
f 349/515/347 348/512/344 347/514/346
f 349/516/347 350/517/348 348/518/344
f 350/517/348 351/519/349 348/518/344
f 348/518/344 351/519/349 346/520/345
f 354/521/350 351/519/349 350/517/348
f 354/521/350 352/522/351 351/519/349
f 352/522/351 353/523/352 351/519/349
f 351/519/349 353/523/352 346/520/345
f 354/521/350 355/524/353 352/522/351
f 356/525/354 355/524/353 354/521/350
f 357/526/355 354/521/350 350/517/348
f 357/526/355 356/525/354 354/521/350
f 357/527/355 350/528/348 358/529/356
f 356/530/354 357/527/355 358/529/356
f 362/531/357 358/529/356 350/528/348
f 356/525/354 358/532/356 361/533/358
f 358/532/356 359/534/359 361/533/358
f 360/535/360 359/536/359 358/529/356
f 362/531/357 360/535/360 358/529/356
f 362/537/357 349/515/347 347/514/346
f 349/538/347 362/531/357 350/528/348
f 360/539/360 362/537/357 363/540/361
f 362/537/357 347/514/346 363/540/361
f 360/539/360 363/540/361 364/541/362
f 364/541/362 363/540/361 340/506/338
f 363/540/361 341/508/340 340/506/338
f 363/540/361 347/514/346 341/508/340
f 365/542/363 364/541/362 366/543/364
f 365/542/363 360/539/360 364/541/362
f 364/541/362 367/544/365 366/543/364
f 364/541/362 340/506/338 367/544/365
f 340/506/338 338/504/336 367/544/365
f 369/545/366 367/544/365 338/504/336
f 368/546/367 366/543/364 367/544/365
f 369/545/366 368/546/367 367/544/365
f 337/503/335 369/545/366 338/504/336
f 368/546/367 369/545/366 370/547/368
f 370/547/368 369/545/366 371/548/369
f 369/545/366 337/503/335 371/548/369
f 370/547/368 371/548/369 372/549/370
f 371/548/369 373/550/371 372/549/370
f 371/548/369 374/551/372 373/550/371
f 371/548/369 337/503/335 374/551/372
f 374/551/372 375/552/373 373/550/371
f 374/551/372 376/553/374 375/552/373
f 374/551/372 335/502/334 376/553/374
f 337/503/335 335/502/334 374/551/372
f 376/553/374 377/554/375 375/552/373
f 376/553/374 378/555/376 377/554/375
f 335/502/334 332/499/331 376/553/374
f 376/553/374 332/499/331 378/555/376
f 332/499/331 329/495/327 378/555/376
f 378/555/376 379/556/311 377/554/375
f 378/555/376 380/557/377 379/556/311
f 378/555/376 329/495/327 380/557/377
f 380/557/377 382/558/378 381/559/379
f 380/557/377 381/559/379 379/556/311
f 380/557/377 328/494/327 382/558/378
f 329/495/327 328/494/327 380/557/377
f 382/558/378 383/560/380 381/559/379
f 382/561/378 384/562/381 383/563/380
f 328/494/327 384/564/381 382/558/378
f 384/562/381 326/491/325 383/563/380
f 384/564/381 328/494/327 326/489/325
f 383/563/380 324/493/322 385/565/382
f 383/563/380 326/491/325 324/493/322
f 305/460/305 383/563/380 385/565/382
f 381/559/379 383/560/380 305/464/305
f 312/481/313 309/566/310 385/567/382
f 305/460/305 385/565/382 309/470/310
f 318/482/319 385/567/382 324/486/322
f 318/482/319 312/481/313 385/567/382
f 386/568/383 381/559/379 305/464/305
f 379/556/311 381/559/379 386/568/383
f 306/463/307 387/569/384 386/568/383
f 306/463/307 386/568/383 305/464/305
f 387/569/384 388/570/385 386/568/383
f 388/570/385 379/556/311 386/568/383
f 389/571/386 377/554/375 388/570/385
f 390/572/387 389/571/386 388/570/385
f 387/569/384 390/572/387 388/570/385
f 377/554/375 379/556/311 388/570/385
f 391/573/388 390/572/387 315/476/316
f 392/574/389 390/572/387 391/573/388
f 390/572/387 392/574/389 389/571/386
f 390/572/387 387/569/384 315/476/316
f 392/574/389 393/575/390 389/571/386
f 392/574/389 394/576/391 393/575/390
f 394/576/391 392/574/389 395/577/392
f 395/577/392 392/574/389 391/573/388
f 352/522/351 394/576/391 395/577/392
f 395/577/392 391/573/388 396/578/393
f 395/577/392 396/578/393 353/523/352
f 352/522/351 395/577/392 353/523/352
f 391/573/388 314/474/314 396/578/393
f 396/578/393 314/474/314 317/477/317
f 353/523/352 396/578/393 397/579/394
f 397/579/394 396/578/393 317/477/317
f 397/580/394 317/478/317 320/483/320
f 344/510/342 397/580/394 320/483/320
f 346/520/345 353/523/352 397/579/394
f 346/513/345 397/580/394 344/510/342
f 394/576/391 398/581/395 393/575/390
f 394/576/391 355/524/353 398/581/395
f 355/524/353 394/576/391 352/522/351
f 398/581/395 373/550/371 393/575/390
f 372/549/370 373/550/371 398/581/395
f 355/524/353 361/533/358 398/581/395
f 361/533/358 372/549/370 398/581/395
f 393/575/390 375/552/373 389/571/386
f 373/550/371 375/552/373 393/575/390
f 391/573/388 315/476/316 314/474/314
f 375/552/373 377/554/375 389/571/386
f 315/476/316 387/569/384 311/471/311
f 387/569/384 306/463/307 311/471/311
f 359/534/359 372/549/370 361/533/358
f 370/547/368 372/549/370 359/534/359
f 399/582/396 368/546/367 370/547/368
f 399/582/396 370/547/368 359/534/359
f 368/583/367 399/584/396 366/585/364
f 399/584/396 359/536/359 366/585/364
f 365/586/363 366/585/364 359/536/359
f 360/535/360 365/586/363 359/536/359
f 355/524/353 356/525/354 361/533/358
f 344/510/342 320/483/320 343/509/341
f 343/509/341 320/483/320 321/484/318
f 334/500/332 343/509/341 331/497/329
f 343/509/341 321/484/318 331/497/329
f 331/497/329 321/484/318 323/487/323
f 311/471/311 306/463/307 307/465/308
f 400/587/397 401/588/398 406/589/399
f 400/587/397 402/590/400 401/588/398
f 402/591/400 400/592/397 403/593/401
f 400/592/397 404/594/402 403/593/401
f 400/592/397 405/595/403 404/594/402
f 405/596/403 400/587/397 406/589/399
f 408/597/404 406/589/399 401/588/398
f 407/598/405 410/599/406 406/600/399
f 408/601/404 407/598/405 406/600/399
f 405/602/403 406/600/399 409/603/407
f 406/600/399 410/599/406 409/603/407
f 411/604/408 413/605/409 410/599/406
f 407/598/405 411/604/408 410/599/406
f 409/603/407 410/599/406 412/606/410
f 410/599/406 413/605/409 412/606/410
f 412/606/410 413/605/409 414/607/411
f 413/605/409 415/608/412 414/607/411
f 416/609/413 415/608/412 413/605/409
f 411/604/408 416/609/413 413/605/409
f 416/609/413 417/610/414 419/611/415
f 418/612/416 417/610/414 416/609/413
f 411/604/408 418/612/416 416/609/413
f 416/609/413 419/611/415 415/608/412
f 419/611/415 420/613/417 422/614/418
f 419/611/415 421/615/419 420/613/417
f 417/610/414 421/615/419 419/611/415
f 419/611/415 422/614/418 415/608/412
f 420/613/417 424/616/420 422/614/418
f 423/617/421 422/614/418 425/618/422
f 415/608/412 422/614/418 423/617/421
f 422/614/418 424/616/420 425/618/422
f 425/618/422 424/616/420 428/619/423
f 423/620/421 425/621/422 426/622/424
f 426/622/424 425/621/422 427/623/425
f 425/621/422 428/624/423 427/623/425
f 424/616/420 430/625/426 428/619/423
f 428/624/423 431/626/427 429/627/428
f 427/623/425 428/624/423 429/627/428
f 428/619/423 430/625/426 431/628/427
f 432/629/429 429/630/428 431/631/427
f 433/632/430 432/629/429 431/631/427
f 430/625/426 433/633/430 431/628/427
f 435/634/431 432/629/429 433/632/430
f 434/635/432 433/633/430 430/625/426
f 434/636/432 435/634/431 433/632/430
f 435/637/431 436/638/433 432/639/429
f 436/638/433 435/637/431 434/635/432
f 436/638/433 437/640/434 432/639/429
f 436/638/433 439/641/435 437/640/434
f 438/642/436 436/638/433 434/635/432
f 439/641/435 436/638/433 438/642/436
f 439/641/435 421/615/419 440/643/437
f 421/615/419 439/641/435 420/613/417
f 420/613/417 439/641/435 438/642/436
f 439/641/435 440/643/437 437/640/434
f 421/615/419 441/644/438 440/643/437
f 441/644/438 442/645/439 440/643/437
f 442/645/439 443/646/440 440/643/437
f 440/643/437 443/646/440 437/640/434
f 442/645/439 444/647/441 443/646/440
f 444/647/441 445/648/442 443/646/440
f 443/646/440 445/648/442 446/649/443
f 443/646/440 446/649/443 437/640/434
f 446/649/443 447/650/444 432/639/429
f 446/649/443 448/651/445 447/650/444
f 437/640/434 446/649/443 432/639/429
f 445/648/442 448/651/445 446/649/443
f 449/652/446 451/653/447 448/651/445
f 449/652/446 448/651/445 445/648/442
f 448/651/445 450/654/448 447/650/444
f 451/653/447 450/654/448 448/651/445
f 451/655/447 452/656/449 450/657/448
f 453/658/450 452/659/449 451/653/447
f 449/652/446 453/658/450 451/653/447
f 453/658/450 455/660/451 454/661/452
f 453/658/450 454/661/452 456/662/453
f 455/660/451 453/658/450 449/652/446
f 452/659/449 453/658/450 456/662/453
f 452/656/449 456/663/453 450/657/448
f 450/657/448 456/663/453 457/664/454
f 456/663/453 458/665/455 457/664/454
f 458/666/455 456/662/453 454/661/452
f 460/667/456 457/668/454 458/666/455
f 459/669/457 460/667/456 458/666/455
f 459/669/457 458/666/455 454/661/452
f 462/670/458 460/667/456 459/669/457
f 460/667/456 461/671/459 457/668/454
f 463/672/425 461/671/459 460/667/456
f 462/670/458 463/672/425 460/667/456
f 463/672/425 426/622/424 461/671/459
f 465/673/460 426/622/424 463/672/425
f 464/674/461 463/672/425 462/670/458
f 464/674/461 465/673/460 463/672/425
f 466/675/462 414/676/411 465/673/460
f 466/675/462 465/673/460 464/674/461
f 414/676/411 423/620/421 465/673/460
f 465/673/460 423/620/421 426/622/424
f 468/677/463 466/675/462 467/678/464
f 467/678/464 466/675/462 464/674/461
f 468/677/463 412/679/410 466/675/462
f 412/679/410 414/676/411 466/675/462
f 404/594/402 468/677/463 469/680/465
f 469/680/465 468/677/463 467/678/464
f 404/594/402 409/681/407 468/677/463
f 409/681/407 412/679/410 468/677/463
f 471/682/466 469/680/465 470/683/467
f 469/680/465 467/678/464 470/683/467
f 403/593/401 404/594/402 469/680/465
f 403/593/401 469/680/465 471/682/466
f 471/682/466 470/683/467 474/684/468
f 473/685/469 471/682/466 472/686/470
f 472/686/470 471/682/466 474/684/468
f 473/685/469 403/593/401 471/682/466
f 472/686/470 474/684/468 475/687/471
f 474/684/468 476/688/472 475/687/471
f 474/684/468 477/689/473 476/688/472
f 474/684/468 470/683/467 477/689/473
f 470/683/467 478/690/474 477/689/473
f 477/689/473 478/690/474 479/691/475
f 477/689/473 479/691/475 480/692/476
f 477/689/473 480/692/476 476/688/472
f 481/693/434 480/692/476 483/694/476
f 481/693/434 482/695/477 480/692/476
f 482/695/477 476/688/472 480/692/476
f 479/691/475 483/694/476 480/692/476
f 455/660/451 481/693/434 483/694/476
f 459/669/457 454/661/452 483/694/476
f 455/660/451 483/694/476 454/661/452
f 479/691/475 459/669/457 483/694/476
f 482/695/477 481/693/434 485/696/478
f 482/695/477 486/697/479 476/688/472
f 484/698/480 482/695/477 485/696/478
f 486/697/479 482/695/477 484/698/480
f 486/697/479 475/687/471 476/688/472
f 486/697/479 487/699/481 475/687/471
f 487/699/481 486/697/479 488/700/482
f 488/700/482 486/697/479 484/698/480
f 488/700/482 484/698/480 491/701/483
f 489/702/484 488/700/482 490/703/485
f 489/702/484 487/699/481 488/700/482
f 488/700/482 491/701/483 490/703/485
f 484/698/480 492/704/486 491/701/483
f 491/701/483 492/704/486 494/705/487
f 493/706/488 491/701/483 494/705/487
f 490/703/485 491/701/483 493/706/488
f 495/707/489 494/705/487 441/644/438
f 494/705/487 442/645/439 441/644/438
f 494/705/487 492/704/486 442/645/439
f 493/706/488 494/705/487 495/707/489
f 417/610/414 495/707/489 441/644/438
f 417/610/414 418/612/416 495/707/489
f 418/612/416 496/708/481 495/707/489
f 496/708/481 493/706/488 495/707/489
f 418/612/416 497/709/490 496/708/481
f 497/709/490 498/710/491 496/708/481
f 498/710/491 499/711/492 496/708/481
f 499/711/492 493/706/488 496/708/481
f 500/712/493 501/713/494 499/711/492
f 500/712/493 499/711/492 498/710/491
f 499/711/492 490/703/485 493/706/488
f 501/713/494 490/703/485 499/711/492
f 502/714/495 501/715/494 500/716/493
f 502/714/495 504/717/496 501/715/494
f 489/702/484 490/703/485 501/713/494
f 503/718/497 489/702/484 501/713/494
f 503/719/497 501/715/494 505/720/498
f 504/717/496 505/720/498 501/715/494
f 507/721/499 505/722/498 506/723/500
f 508/724/501 506/723/500 505/722/498
f 504/725/496 508/724/501 505/722/498
f 507/726/499 503/719/497 505/720/498
f 508/724/501 472/686/470 506/723/500
f 504/725/496 502/727/495 508/724/501
f 508/724/501 473/685/469 472/686/470
f 502/727/495 473/685/469 508/724/501
f 487/699/481 507/721/499 506/723/500
f 507/721/499 487/699/481 489/702/484
f 503/718/497 507/721/499 489/702/484
f 472/686/470 475/687/471 506/723/500
f 487/699/481 506/723/500 475/687/471
f 402/590/400 502/714/495 500/716/493
f 502/727/495 402/591/400 473/685/469
f 401/728/398 500/712/493 498/710/491
f 402/590/400 500/716/493 401/588/398
f 509/729/502 401/728/398 498/710/491
f 497/709/490 509/729/502 498/710/491
f 509/730/502 408/597/404 401/588/398
f 509/729/502 497/709/490 407/598/405
f 408/601/404 509/729/502 407/598/405
f 407/598/405 497/709/490 411/604/408
f 497/709/490 418/612/416 411/604/408
f 485/696/478 444/647/441 492/704/486
f 484/698/480 485/696/478 492/704/486
f 492/704/486 444/647/441 442/645/439
f 485/696/478 481/693/434 510/731/442
f 485/696/478 510/731/442 444/647/441
f 481/693/434 455/660/451 510/731/442
f 510/731/442 455/660/451 449/652/446
f 510/731/442 449/652/446 445/648/442
f 510/731/442 445/648/442 444/647/441
f 478/690/474 462/670/458 479/691/475
f 479/691/475 462/670/458 459/669/457
f 470/683/467 467/678/464 478/690/474
f 478/690/474 464/674/461 462/670/458
f 467/678/464 464/674/461 478/690/474
f 402/591/400 403/593/401 473/685/469
f 461/671/459 427/623/425 511/732/503
f 461/671/459 511/732/503 457/668/454
f 426/622/424 427/623/425 461/671/459
f 447/733/444 511/734/503 429/630/428
f 447/733/444 450/657/448 511/734/503
f 427/623/425 429/627/428 511/732/503
f 450/657/448 457/664/454 511/734/503
f 432/629/429 447/733/444 429/630/428
f 421/615/419 417/610/414 441/644/438
f 438/642/436 430/625/426 424/616/420
f 420/613/417 438/642/436 424/616/420
f 438/642/436 434/635/432 430/625/426
f 414/607/411 415/608/412 423/617/421
f 405/595/403 409/681/407 404/594/402
f 517/735/504 512/736/505 513/737/506
f 512/736/505 514/738/507 513/737/506
f 516/739/508 514/740/507 512/741/505
f 515/742/509 512/741/505 518/743/510
f 515/742/509 516/739/508 512/741/505
f 517/744/504 519/745/511 512/741/505
f 519/745/511 518/743/510 512/741/505
f 519/746/511 517/735/504 520/747/512
f 519/746/511 520/747/512 518/748/510
f 520/747/512 523/749/513 521/750/514
f 520/747/512 521/750/514 518/748/510
f 517/735/504 522/751/515 520/747/512
f 520/747/512 522/751/515 523/749/513
f 522/751/515 524/752/516 523/749/513
f 523/749/513 524/752/516 525/753/517
f 523/749/513 526/754/518 521/750/514
f 523/749/513 525/753/517 526/754/518
f 527/755/519 526/754/518 528/756/520
f 521/750/514 526/754/518 527/755/519
f 526/754/518 529/757/521 528/756/520
f 525/753/517 529/757/521 526/754/518
f 529/757/521 532/758/522 530/759/523
f 528/756/520 529/757/521 530/759/523
f 525/753/517 531/760/524 529/757/521
f 531/760/524 532/758/522 529/757/521
f 530/759/523 532/758/522 533/761/525
f 531/760/524 534/762/526 532/758/522
f 532/758/522 535/763/527 533/761/525
f 534/762/526 535/763/527 532/758/522
f 534/762/526 536/764/528 535/763/527
f 536/764/528 537/765/529 535/763/527
f 535/763/527 537/765/529 538/766/530
f 533/761/525 535/763/527 538/766/530
f 539/767/531 538/768/530 540/769/532
f 533/770/525 538/768/530 539/767/531
f 538/768/530 541/771/533 540/769/532
f 538/766/530 537/765/529 541/772/533
f 543/773/534 540/774/532 541/775/533
f 537/765/529 542/776/535 541/772/533
f 542/777/535 543/773/534 541/775/533
f 544/778/536 543/773/534 542/777/535
f 544/779/536 545/780/537 543/781/534
f 545/780/537 546/782/538 543/781/534
f 546/782/538 548/783/539 543/781/534
f 543/773/534 547/784/540 540/774/532
f 548/783/539 547/785/540 543/781/534
f 549/786/541 550/787/542 548/783/539
f 549/786/541 548/783/539 551/788/543
f 550/787/542 547/785/540 548/783/539
f 551/788/543 548/783/539 546/782/538
f 552/789/544 551/788/543 554/790/545
f 553/791/546 551/788/543 552/789/544
f 553/791/546 549/786/541 551/788/543
f 554/790/545 551/788/543 546/782/538
f 557/792/547 555/793/548 554/790/545
f 555/793/548 556/794/549 554/790/545
f 556/794/549 552/789/544 554/790/545
f 557/792/547 554/790/545 546/782/538
f 555/793/548 557/792/547 534/762/526
f 534/762/526 557/792/547 536/764/528
f 557/792/547 545/780/537 536/764/528
f 545/780/537 557/792/547 546/782/538
f 560/795/550 552/789/544 556/794/549
f 558/796/551 560/795/550 556/794/549
f 559/797/552 558/796/551 556/794/549
f 555/793/548 559/797/552 556/794/549
f 561/798/553 560/795/550 563/799/554
f 561/798/553 562/800/555 560/795/550
f 562/800/555 552/789/544 560/795/550
f 563/799/554 560/795/550 558/796/551
f 565/801/556 563/799/554 558/796/551
f 564/802/557 563/799/554 565/801/556
f 566/803/558 563/799/554 564/802/557
f 566/803/558 561/798/553 563/799/554
f 569/804/559 566/803/558 564/802/557
f 566/803/558 567/805/560 561/798/553
f 568/806/561 567/805/560 566/803/558
f 569/804/559 568/806/561 566/803/558
f 569/804/559 564/802/557 514/738/507
f 570/807/562 571/808/563 569/804/559
f 570/807/562 569/804/559 514/738/507
f 571/808/563 568/806/561 569/804/559
f 571/808/563 573/809/564 572/810/565
f 568/806/561 571/808/563 572/810/565
f 571/811/563 570/812/562 573/813/564
f 574/814/566 575/815/567 573/809/564
f 574/816/566 573/813/564 514/740/507
f 570/812/562 514/740/507 573/813/564
f 575/815/567 572/810/565 573/809/564
f 575/815/567 576/817/568 572/810/565
f 575/815/567 577/818/569 576/817/568
f 574/814/566 516/819/508 575/815/567
f 516/819/508 577/818/569 575/815/567
f 516/819/508 515/820/509 577/818/569
f 515/820/509 578/821/570 577/818/569
f 577/818/569 578/821/570 579/822/571
f 577/818/569 579/822/571 576/817/568
f 579/822/571 580/823/572 582/824/573
f 579/822/571 581/825/574 580/823/572
f 578/821/570 581/825/574 579/822/571
f 576/817/568 579/822/571 582/824/573
f 582/824/573 583/826/575 584/827/576
f 582/824/573 585/828/577 583/826/575
f 576/817/568 582/824/573 584/827/576
f 582/824/573 580/823/572 585/828/577
f 585/828/577 588/829/578 583/826/575
f 585/828/577 586/830/579 587/831/580
f 580/823/572 586/830/579 585/828/577
f 585/828/577 587/831/580 588/829/578
f 591/832/581 583/826/575 588/829/578
f 587/831/580 589/833/582 588/829/578
f 590/834/583 588/829/578 589/833/582
f 590/834/583 591/832/581 588/829/578
f 561/798/553 591/832/581 562/800/555
f 567/805/560 591/832/581 561/798/553
f 591/832/581 567/805/560 583/826/575
f 591/832/581 590/834/583 562/800/555
f 590/834/583 592/835/584 553/791/546
f 562/800/555 590/834/583 553/791/546
f 592/835/584 590/834/583 589/833/582
f 553/791/546 592/835/584 549/786/541
f 592/835/584 589/833/582 594/836/585
f 592/835/584 593/837/586 549/786/541
f 593/837/586 592/835/584 594/836/585
f 593/837/586 594/836/585 595/838/587
f 597/839/588 595/838/587 594/836/585
f 596/840/589 594/836/585 589/833/582
f 596/840/589 597/839/588 594/836/585
f 599/841/590 598/842/591 597/839/588
f 595/843/587 597/844/588 598/845/591
f 596/840/589 599/841/590 597/839/588
f 599/841/590 539/767/531 598/842/591
f 600/846/592 539/767/531 599/841/590
f 601/847/593 599/841/590 596/840/589
f 601/847/593 600/846/592 599/841/590
f 602/848/594 600/846/592 601/847/593
f 586/830/579 602/848/594 601/847/593
f 586/830/579 601/847/593 587/831/580
f 587/831/580 601/847/593 596/840/589
f 602/848/594 530/849/523 600/846/592
f 528/850/520 530/849/523 602/848/594
f 603/851/595 528/850/520 602/848/594
f 603/851/595 602/848/594 586/830/579
f 580/823/572 603/851/595 586/830/579
f 527/852/519 528/850/520 603/851/595
f 581/825/574 527/852/519 603/851/595
f 581/825/574 603/851/595 580/823/572
f 530/849/523 533/770/525 600/846/592
f 600/846/592 533/770/525 539/767/531
f 539/767/531 540/769/532 598/842/591
f 547/784/540 598/845/591 540/774/532
f 547/784/540 595/843/587 598/845/591
f 587/831/580 596/840/589 589/833/582
f 604/853/596 595/843/587 547/784/540
f 604/854/596 593/837/586 595/838/587
f 593/837/586 604/854/596 550/787/542
f 550/855/542 604/853/596 547/784/540
f 549/786/541 593/837/586 550/787/542
f 567/805/560 584/827/576 583/826/575
f 576/817/568 584/827/576 572/810/565
f 568/806/561 572/810/565 584/827/576
f 567/805/560 568/806/561 584/827/576
f 578/821/570 605/856/597 581/825/574
f 605/856/597 527/852/519 581/825/574
f 605/857/597 521/750/514 527/755/519
f 518/748/510 521/750/514 605/857/597
f 606/858/598 605/856/597 578/821/570
f 606/859/598 518/748/510 605/857/597
f 515/820/509 606/858/598 578/821/570
f 606/860/598 515/742/509 518/743/510
f 516/739/508 574/816/566 514/740/507
f 524/752/516 522/751/515 565/801/556
f 524/752/516 565/801/556 558/796/551
f 522/751/515 513/737/506 565/801/556
f 513/737/506 564/802/557 565/801/556
f 514/738/507 564/802/557 513/737/506
f 562/800/555 553/791/546 552/789/544
f 559/797/552 524/752/516 558/796/551
f 524/752/516 559/797/552 525/753/517
f 525/753/517 559/797/552 531/760/524
f 559/797/552 555/793/548 531/760/524
f 531/760/524 555/793/548 534/762/526
f 545/780/537 544/779/536 607/861/599
f 536/764/528 545/780/537 607/861/599
f 607/861/599 542/776/535 537/765/529
f 607/862/599 544/778/536 542/777/535
f 536/764/528 607/861/599 537/765/529
f 522/751/515 517/735/504 513/737/506
f 608/863/600 609/864/242 614/865/601
f 608/863/600 610/866/602 609/864/242
f 612/867/603 610/866/602 608/863/600
f 611/868/604 608/863/600 613/869/605
f 611/868/604 612/867/603 608/863/600
f 613/869/605 608/863/600 614/865/601
f 613/869/605 614/865/601 616/870/606
f 614/865/601 615/871/607 617/872/608
f 609/864/242 615/871/607 614/865/601
f 614/865/601 617/872/608 616/870/606
f 616/873/606 617/874/608 618/875/609
f 617/874/608 619/876/610 618/875/609
f 617/874/608 620/877/611 619/876/610
f 615/871/607 620/878/611 617/872/608
f 621/879/612 620/877/611 624/880/613
f 620/877/611 621/879/612 619/876/610
f 623/881/614 620/878/611 622/882/615
f 620/878/611 615/871/607 622/882/615
f 620/877/611 623/883/614 624/880/613
f 623/883/614 625/884/616 624/880/613
f 625/884/616 628/885/617 624/880/613
f 627/886/618 621/887/612 624/888/613
f 626/889/619 627/886/618 624/888/613
f 626/889/619 624/888/613 628/890/617
f 629/891/620 626/889/619 628/890/617
f 629/891/620 628/890/617 631/892/621
f 625/884/616 630/893/622 628/885/617
f 630/893/622 631/894/621 628/885/617
f 632/895/623 633/896/624 631/894/621
f 630/893/622 632/895/623 631/894/621
f 631/892/621 633/897/624 634/898/625
f 634/898/625 629/891/620 631/892/621
f 629/891/620 634/898/625 635/899/626
f 634/898/625 636/900/627 635/899/626
f 637/901/628 636/900/627 634/898/625
f 633/897/624 637/901/628 634/898/625
f 637/901/628 633/897/624 638/902/629
f 639/903/630 637/901/628 638/902/629
f 637/901/628 639/903/630 636/900/627
f 640/904/631 639/903/630 641/905/632
f 636/900/627 639/903/630 640/904/631
f 639/903/630 638/902/629 641/905/632
f 642/906/633 641/907/632 638/908/629
f 642/906/633 643/909/634 641/907/632
f 640/904/631 641/905/632 644/910/635
f 643/909/634 644/911/635 641/907/632
f 643/909/634 645/912/636 644/911/635
f 645/912/636 646/913/637 644/911/635
f 647/914/638 644/910/635 646/915/637
f 647/914/638 640/904/631 644/910/635
f 649/916/639 647/914/638 646/915/637
f 647/914/638 649/916/639 648/917/640
f 650/918/641 647/914/638 648/917/640
f 640/904/631 647/914/638 650/918/641
f 636/900/627 650/918/641 651/919/642
f 651/919/642 650/918/641 652/920/643
f 650/918/641 648/917/640 652/920/643
f 636/900/627 640/904/631 650/918/641
f 652/920/643 648/917/640 654/921/644
f 652/920/643 656/922/645 653/923/646
f 651/919/642 652/920/643 653/923/646
f 655/924/647 652/920/643 654/921/644
f 655/924/647 656/922/645 652/920/643
f 653/923/646 656/922/645 658/925/648
f 656/922/645 655/924/647 657/926/649
f 656/922/645 657/926/649 658/925/648
f 616/873/606 618/875/609 658/927/648
f 659/928/650 616/873/606 658/927/648
f 659/928/650 658/927/648 657/929/649
f 658/925/648 618/930/609 653/923/646
f 661/931/651 613/869/605 659/932/650
f 613/869/605 616/870/606 659/932/650
f 659/932/650 660/933/652 661/931/651
f 660/934/652 659/928/650 657/929/649
f 661/931/651 611/868/604 613/869/605
f 660/933/652 662/935/653 661/931/651
f 662/935/653 611/868/604 661/931/651
f 664/936/654 663/937/655 662/935/653
f 662/935/653 663/937/655 611/868/604
f 660/933/652 664/936/654 662/935/653
f 663/937/655 664/936/654 665/938/656
f 665/939/656 664/940/654 667/941/657
f 666/942/658 664/940/654 657/929/649
f 664/940/654 666/942/658 667/941/657
f 664/940/654 660/934/652 657/929/649
f 665/939/656 667/941/657 668/943/659
f 668/944/659 667/945/657 669/946/660
f 667/945/657 666/947/658 654/921/644
f 667/945/657 654/921/644 669/946/660
f 648/917/640 670/948/661 669/946/660
f 648/917/640 669/946/660 654/921/644
f 669/946/660 670/948/661 668/944/659
f 672/949/662 670/948/661 648/917/640
f 670/948/661 672/949/662 671/950/663
f 670/948/661 671/950/663 668/944/659
f 672/949/662 648/917/640 649/916/639
f 672/949/662 673/951/664 671/950/663
f 673/951/664 672/949/662 649/916/639
f 673/952/664 674/953/665 671/954/663
f 674/955/665 673/956/664 646/913/637
f 646/915/637 673/951/664 649/916/639
f 645/912/636 674/955/665 646/913/637
f 677/957/666 674/958/665 675/959/667
f 674/958/665 676/960/668 675/959/667
f 676/960/668 674/958/665 645/961/636
f 674/953/665 677/962/666 671/954/663
f 678/963/669 677/957/666 679/964/670
f 677/962/666 678/965/669 671/954/663
f 677/957/666 675/959/667 679/964/670
f 679/964/670 680/966/671 678/963/669
f 680/966/671 679/964/670 611/868/604
f 675/959/667 612/867/603 679/964/670
f 679/964/670 612/867/603 611/868/604
f 680/966/671 665/938/656 678/963/669
f 680/966/671 663/937/655 665/938/656
f 611/868/604 663/937/655 680/966/671
f 678/965/669 668/943/659 671/954/663
f 678/965/669 665/939/656 668/943/659
f 681/967/672 676/960/668 645/961/636
f 612/867/603 676/960/668 681/967/672
f 675/959/667 676/960/668 612/867/603
f 681/967/672 682/968/673 610/866/602
f 612/867/603 681/967/672 610/866/602
f 643/969/634 682/968/673 681/967/672
f 645/961/636 643/969/634 681/967/672
f 610/866/602 682/968/673 683/970/674
f 682/968/673 684/971/675 683/970/674
f 643/969/634 642/972/633 682/968/673
f 642/972/633 684/971/675 682/968/673
f 685/973/676 683/970/674 684/971/675
f 686/974/677 685/973/676 684/971/675
f 642/972/633 686/974/677 684/971/675
f 686/975/677 642/906/633 638/908/629
f 632/895/623 686/975/677 638/908/629
f 686/974/677 632/976/623 685/973/676
f 632/976/623 687/977/678 685/973/676
f 685/973/676 687/977/678 683/970/674
f 687/977/678 632/976/623 630/978/622
f 683/970/674 687/977/678 688/979/679
f 688/979/679 687/977/678 630/978/622
f 683/970/674 688/979/679 689/980/680
f 625/981/616 689/980/680 688/979/679
f 630/978/622 625/981/616 688/979/679
f 622/882/615 609/864/242 689/980/680
f 609/864/242 683/970/674 689/980/680
f 625/981/616 623/881/614 689/980/680
f 623/881/614 622/882/615 689/980/680
f 610/866/602 683/970/674 609/864/242
f 666/947/658 655/924/647 654/921/644
f 655/924/647 666/947/658 657/926/649
f 618/930/609 690/982/681 653/923/646
f 690/982/681 651/919/642 653/923/646
f 619/983/610 691/984/682 690/982/681
f 691/984/682 635/899/626 690/982/681
f 635/899/626 651/919/642 690/982/681
f 618/930/609 619/983/610 690/982/681
f 627/886/618 635/899/626 691/984/682
f 621/887/612 627/886/618 691/984/682
f 619/983/610 621/887/612 691/984/682
f 635/899/626 636/900/627 651/919/642
f 633/896/624 632/895/623 638/908/629
f 635/899/626 626/889/619 629/891/620
f 627/886/618 626/889/619 635/899/626
f 622/882/615 615/871/607 609/864/242
f 692/985/683 693/986/684 699/987/685
f 692/985/683 694/988/686 693/986/684
f 700/989/687 694/990/686 692/991/683
f 695/992/688 692/985/683 698/993/689
f 695/994/688 696/995/690 692/991/683
f 696/995/690 697/996/690 692/991/683
f 697/996/690 700/989/687 692/991/683
f 698/993/689 692/985/683 699/987/685
f 703/997/691 700/989/687 701/998/692
f 701/998/692 700/989/687 697/996/690
f 702/999/693 694/990/686 700/989/687
f 703/997/691 702/999/693 700/989/687
f 704/1000/694 706/1001/695 703/997/691
f 704/1000/694 703/997/691 701/998/692
f 703/997/691 705/1002/696 702/999/693
f 706/1001/695 705/1002/696 703/997/691
f 709/1003/697 706/1001/695 704/1000/694
f 706/1001/695 707/1004/698 708/1005/699
f 706/1001/695 709/1003/697 707/1004/698
f 705/1002/696 706/1001/695 708/1005/699
f 711/1006/700 709/1003/697 710/1007/701
f 710/1007/701 709/1003/697 704/1000/694
f 709/1003/697 711/1006/700 712/1008/702
f 709/1003/697 712/1008/702 707/1004/698
f 713/1009/703 714/1010/704 712/1008/702
f 713/1009/703 712/1008/702 715/1011/705
f 714/1010/704 707/1004/698 712/1008/702
f 711/1006/700 715/1011/705 712/1008/702
f 716/1012/706 713/1009/703 715/1011/705
f 716/1012/706 715/1011/705 717/1013/707
f 718/1014/708 717/1013/707 715/1011/705
f 711/1006/700 718/1014/708 715/1011/705
f 719/1015/709 718/1014/708 720/1016/710
f 718/1014/708 719/1015/709 717/1013/707
f 718/1014/708 711/1006/700 721/1017/711
f 720/1016/710 718/1014/708 721/1017/711
f 720/1016/710 721/1017/711 722/1018/712
f 721/1017/711 723/1019/713 722/1018/712
f 721/1017/711 711/1006/700 710/1007/701
f 721/1017/711 710/1007/701 723/1019/713
f 722/1018/712 723/1019/713 724/1020/714
f 724/1020/714 723/1019/713 725/1021/715
f 723/1019/713 726/1022/716 725/1021/715
f 710/1007/701 726/1022/716 723/1019/713
f 704/1000/694 701/998/692 726/1022/716
f 710/1007/701 704/1000/694 726/1022/716
f 725/1021/715 726/1022/716 727/1023/717
f 726/1022/716 701/998/692 727/1023/717
f 727/1023/717 701/998/692 697/996/690
f 728/1024/718 725/1021/715 727/1023/717
f 729/1025/719 728/1024/718 727/1023/717
f 729/1025/719 727/1023/717 697/996/690
f 728/1024/718 729/1025/719 730/1026/720
f 730/1026/720 729/1025/719 731/1027/721
f 729/1025/719 696/995/690 731/1027/721
f 696/995/690 729/1025/719 697/996/690
f 731/1027/721 733/1028/722 732/1029/723
f 730/1026/720 731/1027/721 732/1029/723
f 731/1027/721 734/1030/724 733/1028/722
f 731/1027/721 696/995/690 734/1030/724
f 696/995/690 695/994/688 734/1030/724
f 734/1031/724 695/992/688 698/993/689
f 734/1030/724 698/1032/689 733/1028/722
f 732/1029/723 733/1028/722 735/1033/725
f 735/1033/725 733/1028/722 699/1034/685
f 733/1028/722 698/1032/689 699/1034/685
f 737/1035/726 732/1029/723 735/1033/725
f 735/1036/725 699/1037/685 693/1038/684
f 736/1039/727 735/1036/725 693/1038/684
f 737/1040/726 735/1036/725 736/1039/727
f 738/1041/728 740/1042/729 737/1035/726
f 738/1043/728 737/1040/726 739/1044/730
f 739/1044/730 737/1040/726 736/1039/727
f 740/1042/729 732/1029/723 737/1035/726
f 741/1045/731 730/1026/720 740/1042/729
f 741/1045/731 740/1042/729 742/1046/732
f 742/1046/732 740/1042/729 738/1041/728
f 730/1026/720 732/1029/723 740/1042/729
f 743/1047/733 742/1046/732 738/1041/728
f 745/1048/734 742/1046/732 743/1047/733
f 744/1049/735 742/1046/732 745/1048/734
f 744/1049/735 741/1045/731 742/1046/732
f 747/1050/736 745/1048/734 746/1051/737
f 746/1051/737 745/1048/734 743/1047/733
f 748/1052/738 745/1048/734 747/1050/736
f 748/1052/738 744/1049/735 745/1048/734
f 748/1052/738 749/1053/739 744/1049/735
f 751/1054/740 749/1053/739 748/1052/738
f 750/1055/741 748/1052/738 747/1050/736
f 750/1055/741 751/1054/740 748/1052/738
f 751/1054/740 753/1056/742 752/1057/743
f 749/1053/739 751/1054/740 752/1057/743
f 751/1054/740 754/1058/744 753/1056/742
f 754/1058/744 751/1054/740 750/1055/741
f 755/1059/745 754/1058/744 750/1055/741
f 754/1060/744 755/1061/745 756/1062/746
f 754/1058/744 756/1063/746 753/1056/742
f 756/1063/746 759/1064/747 753/1056/742
f 755/1061/745 760/1065/748 756/1062/746
f 758/1066/749 757/1067/750 756/1062/746
f 757/1067/750 759/1068/747 756/1062/746
f 758/1066/749 756/1062/746 760/1065/748
f 755/1059/745 750/1055/741 760/1069/748
f 750/1055/741 747/1050/736 760/1069/748
f 760/1069/748 747/1050/736 762/1070/751
f 761/1071/752 758/1066/749 760/1065/748
f 761/1072/752 760/1069/748 762/1070/751
f 762/1070/751 747/1050/736 746/1051/737
f 762/1073/751 746/1074/737 764/1075/753
f 761/1076/752 762/1073/751 763/1077/754
f 763/1077/754 762/1073/751 764/1075/753
f 763/1077/754 764/1075/753 765/1078/755
f 765/1078/755 764/1075/753 766/1079/756
f 764/1075/753 767/1080/757 766/1079/756
f 764/1075/753 746/1074/737 767/1080/757
f 746/1074/737 743/1081/733 767/1080/757
f 767/1080/757 743/1081/733 768/1082/758
f 767/1080/757 768/1082/758 769/1083/759
f 766/1079/756 767/1080/757 769/1083/759
f 769/1083/759 768/1082/758 770/1084/760
f 766/1079/756 769/1083/759 713/1009/703
f 713/1009/703 769/1083/759 714/1010/704
f 769/1083/759 770/1084/760 714/1010/704
f 768/1082/758 739/1044/730 770/1084/760
f 714/1010/704 770/1084/760 771/1085/761
f 770/1084/760 772/1086/762 771/1085/761
f 770/1084/760 739/1044/730 772/1086/762
f 772/1086/762 736/1039/727 774/1087/763
f 739/1044/730 736/1039/727 772/1086/762
f 772/1086/762 774/1087/763 773/1088/764
f 771/1085/761 772/1086/762 773/1088/764
f 694/988/686 775/1089/765 774/1090/763
f 694/988/686 774/1090/763 693/986/684
f 736/1039/727 693/1038/684 774/1087/763
f 775/1089/765 773/1091/764 774/1090/763
f 776/1092/766 775/1089/765 694/988/686
f 776/1093/766 705/1002/696 775/1094/765
f 705/1002/696 708/1005/699 775/1094/765
f 773/1088/764 775/1094/765 708/1005/699
f 702/1095/693 776/1092/766 694/988/686
f 705/1002/696 776/1093/766 702/999/693
f 771/1085/761 773/1088/764 708/1005/699
f 771/1085/761 708/1005/699 707/1004/698
f 714/1010/704 771/1085/761 707/1004/698
f 743/1081/733 738/1043/728 768/1082/758
f 768/1082/758 738/1043/728 739/1044/730
f 716/1012/706 766/1079/756 713/1009/703
f 765/1078/755 766/1079/756 716/1012/706
f 777/1096/767 765/1078/755 716/1012/706
f 778/1097/768 765/1078/755 777/1096/767
f 778/1097/768 763/1077/754 765/1078/755
f 757/1098/750 758/1099/749 778/1097/768
f 757/1098/750 778/1097/768 779/1100/769
f 779/1100/769 778/1097/768 777/1096/767
f 758/1099/749 763/1077/754 778/1097/768
f 779/1100/769 777/1096/767 782/1101/770
f 780/1102/771 757/1098/750 779/1100/769
f 780/1102/771 779/1100/769 781/1103/772
f 779/1100/769 782/1101/770 781/1103/772
f 777/1096/767 717/1013/707 782/1101/770
f 719/1015/709 783/1104/773 782/1101/770
f 719/1015/709 782/1101/770 717/1013/707
f 783/1104/773 781/1103/772 782/1101/770
f 784/1105/774 783/1104/773 785/1106/775
f 783/1107/773 784/1108/774 781/1109/772
f 783/1104/773 719/1015/709 785/1106/775
f 784/1105/774 785/1106/775 759/1064/747
f 785/1106/775 786/1110/776 759/1064/747
f 785/1106/775 720/1016/710 786/1110/776
f 785/1106/775 719/1015/709 720/1016/710
f 759/1064/747 786/1110/776 753/1056/742
f 753/1056/742 786/1110/776 752/1057/743
f 786/1110/776 722/1018/712 752/1057/743
f 720/1016/710 722/1018/712 786/1110/776
f 784/1108/774 759/1068/747 781/1109/772
f 780/1111/771 781/1109/772 759/1068/747
f 757/1067/750 780/1111/771 759/1068/747
f 777/1096/767 716/1012/706 717/1013/707
f 758/1099/749 761/1076/752 763/1077/754
f 749/1053/739 752/1057/743 724/1020/714
f 752/1057/743 722/1018/712 724/1020/714
f 787/1112/777 749/1053/739 724/1020/714
f 749/1053/739 787/1112/777 744/1049/735
f 728/1024/718 787/1112/777 725/1021/715
f 787/1112/777 724/1020/714 725/1021/715
f 744/1049/735 787/1112/777 741/1045/731
f 787/1112/777 728/1024/718 741/1045/731
f 741/1045/731 728/1024/718 730/1026/720
f 788/1113/778 789/1114/779 792/1115/780
f 788/1116/778 790/1117/781 789/1118/779
f 788/1116/778 791/1119/782 790/1117/781
f 791/1120/782 788/1113/778 792/1115/780
f 791/1119/782 792/1121/780 793/1122/783
f 792/1121/780 796/1123/784 793/1122/783
f 794/1124/785 796/1125/784 792/1115/780
f 795/1126/786 794/1124/785 792/1115/780
f 795/1126/786 792/1115/780 789/1114/779
f 794/1124/785 797/1127/787 796/1125/784
f 797/1127/787 798/1128/788 796/1125/784
f 799/1129/789 796/1125/784 798/1128/788
f 799/1130/789 800/1131/790 796/1123/784
f 800/1131/790 801/1132/791 796/1123/784
f 796/1123/784 801/1132/791 793/1122/783
f 801/1132/791 804/1133/792 802/1134/793
f 793/1122/783 801/1132/791 802/1134/793
f 803/1135/794 804/1133/792 801/1132/791
f 800/1131/790 803/1135/794 801/1132/791
f 802/1134/793 804/1133/792 805/1136/795
f 804/1133/792 807/1137/796 805/1136/795
f 803/1135/794 806/1138/797 804/1133/792
f 806/1138/797 807/1137/796 804/1133/792
f 805/1136/795 807/1137/796 808/1139/798
f 807/1137/796 809/1140/799 808/1139/798
f 810/1141/800 809/1140/799 807/1137/796
f 806/1138/797 810/1141/800 807/1137/796
f 806/1138/797 811/1142/801 810/1141/800
f 811/1142/801 812/1143/802 810/1141/800
f 810/1141/800 812/1143/802 813/1144/803
f 810/1141/800 813/1144/803 809/1140/799
f 812/1143/802 814/1145/804 813/1144/803
f 813/1144/803 815/1146/805 809/1140/799
f 813/1144/803 814/1145/804 816/1147/806
f 813/1144/803 816/1147/806 815/1146/805
f 816/1147/806 817/1148/807 818/1149/808
f 814/1145/804 817/1148/807 816/1147/806
f 816/1147/806 818/1149/808 819/1150/809
f 816/1147/806 819/1150/809 815/1146/805
f 819/1150/809 822/1151/810 820/1152/811
f 821/1153/812 819/1150/809 820/1152/811
f 818/1149/808 822/1151/810 819/1150/809
f 815/1146/805 819/1150/809 821/1153/812
f 822/1154/810 823/1155/813 825/1156/814
f 822/1154/810 824/1157/815 823/1155/813
f 826/1158/816 824/1157/815 822/1154/810
f 820/1159/811 822/1154/810 825/1156/814
f 818/1160/808 826/1158/816 822/1154/810
f 826/1161/816 817/1148/807 824/1162/815
f 817/1148/807 826/1161/816 818/1149/808
f 828/1163/817 825/1164/814 823/1165/813
f 820/1159/811 825/1156/814 827/1166/818
f 829/1167/819 827/1168/818 825/1164/814
f 828/1163/817 829/1167/819 825/1164/814
f 830/1169/820 829/1167/819 828/1163/817
f 830/1169/820 831/1170/821 829/1167/819
f 829/1167/819 832/1171/822 827/1168/818
f 831/1170/821 832/1171/822 829/1167/819
f 832/1171/822 833/1172/823 827/1168/818
f 834/1173/824 833/1172/823 832/1171/822
f 835/1174/825 834/1173/824 832/1171/822
f 835/1174/825 832/1171/822 831/1170/821
f 835/1174/825 836/1175/826 834/1173/824
f 838/1176/827 836/1175/826 835/1174/825
f 837/1177/828 835/1174/825 831/1170/821
f 837/1177/828 838/1176/827 835/1174/825
f 838/1176/827 839/1178/829 840/1179/830
f 839/1178/829 838/1176/827 837/1177/828
f 836/1175/826 838/1176/827 821/1153/812
f 838/1176/827 840/1179/830 821/1153/812
f 839/1178/829 808/1139/798 840/1179/830
f 808/1139/798 809/1140/799 840/1179/830
f 840/1179/830 815/1146/805 821/1153/812
f 809/1140/799 815/1146/805 840/1179/830
f 841/1180/831 839/1178/829 837/1177/828
f 839/1178/829 842/1181/832 808/1139/798
f 842/1181/832 839/1178/829 841/1180/831
f 842/1181/832 844/1182/833 805/1136/795
f 842/1181/832 805/1136/795 808/1139/798
f 844/1182/833 842/1181/832 843/1183/834
f 843/1183/834 842/1181/832 841/1180/831
f 844/1182/833 802/1134/793 805/1136/795
f 845/1184/835 844/1182/833 843/1183/834
f 844/1182/833 846/1185/836 802/1134/793
f 846/1185/836 844/1182/833 845/1184/835
f 846/1185/836 793/1122/783 802/1134/793
f 846/1185/836 791/1119/782 793/1122/783
f 790/1117/781 846/1185/836 845/1184/835
f 791/1119/782 846/1185/836 790/1117/781
f 845/1184/835 843/1183/834 847/1186/837
f 845/1184/835 847/1186/837 848/1187/838
f 790/1117/781 845/1184/835 848/1187/838
f 790/1117/781 848/1187/838 789/1118/779
f 789/1118/779 848/1187/838 849/1188/839
f 849/1188/839 848/1187/838 850/1189/840
f 848/1187/838 847/1186/837 850/1189/840
f 849/1188/839 850/1189/840 851/1190/841
f 851/1190/841 850/1189/840 852/1191/842
f 850/1189/840 853/1192/843 852/1191/842
f 850/1189/840 847/1186/837 853/1192/843
f 852/1191/842 853/1192/843 855/1193/844
f 847/1186/837 854/1194/845 853/1192/843
f 853/1192/843 854/1194/845 856/1195/846
f 853/1192/843 856/1195/846 855/1193/844
f 856/1195/846 830/1169/820 857/1196/847
f 855/1193/844 856/1195/846 857/1196/847
f 854/1194/845 858/1197/848 856/1195/846
f 856/1195/846 858/1197/848 830/1169/820
f 841/1180/831 837/1177/828 858/1197/848
f 841/1180/831 858/1197/848 854/1194/845
f 837/1177/828 831/1170/821 858/1197/848
f 858/1197/848 831/1170/821 830/1169/820
f 857/1196/847 830/1169/820 828/1163/817
f 857/1196/847 828/1163/817 859/1198/849
f 860/1199/850 857/1196/847 859/1198/849
f 855/1193/844 857/1196/847 860/1199/850
f 861/1200/851 860/1199/850 862/1201/852
f 863/1202/853 860/1199/850 861/1200/851
f 860/1199/850 859/1198/849 862/1201/852
f 863/1202/853 855/1193/844 860/1199/850
f 864/1203/854 863/1202/853 865/1204/855
f 864/1203/854 852/1191/842 863/1202/853
f 852/1191/842 855/1193/844 863/1202/853
f 865/1204/855 863/1202/853 861/1200/851
f 865/1205/855 861/1206/851 866/1207/856
f 865/1205/855 866/1207/856 868/1208/857
f 867/1209/858 865/1205/855 868/1208/857
f 867/1210/858 864/1203/854 865/1204/855
f 811/1142/801 868/1208/857 866/1207/856
f 811/1142/801 869/1211/859 868/1208/857
f 869/1211/859 870/1212/860 868/1208/857
f 867/1209/858 868/1208/857 870/1212/860
f 869/1211/859 871/1213/859 870/1212/860
f 873/1214/861 867/1209/858 870/1212/860
f 871/1213/859 872/1215/862 870/1212/860
f 873/1214/861 870/1212/860 872/1215/862
f 873/1216/861 876/1217/863 867/1210/858
f 874/1218/864 873/1214/861 872/1215/862
f 874/1219/864 875/1220/865 873/1216/861
f 875/1220/865 876/1217/863 873/1216/861
f 876/1217/863 864/1203/854 867/1210/858
f 876/1217/863 851/1190/841 864/1203/854
f 875/1220/865 877/1221/863 876/1217/863
f 877/1221/863 851/1190/841 876/1217/863
f 795/1222/786 878/1223/866 877/1221/863
f 795/1222/786 877/1221/863 875/1220/865
f 878/1223/866 849/1188/839 877/1221/863
f 877/1221/863 849/1188/839 851/1190/841
f 878/1224/866 795/1126/786 789/1114/779
f 878/1223/866 789/1118/779 849/1188/839
f 794/1225/785 875/1220/865 874/1219/864
f 794/1225/785 795/1222/786 875/1220/865
f 797/1226/787 794/1225/785 874/1219/864
f 874/1218/864 872/1215/862 798/1227/788
f 797/1228/787 874/1218/864 798/1227/788
f 871/1213/859 879/1229/867 872/1215/862
f 879/1229/867 798/1227/788 872/1215/862
f 879/1230/867 799/1129/789 798/1128/788
f 799/1130/789 879/1229/867 800/1131/790
f 879/1229/867 871/1213/859 800/1131/790
f 871/1213/859 869/1211/859 803/1135/794
f 800/1131/790 871/1213/859 803/1135/794
f 869/1211/859 811/1142/801 806/1138/797
f 803/1135/794 869/1211/859 806/1138/797
f 812/1143/802 811/1142/801 866/1207/856
f 861/1206/851 880/1231/868 866/1207/856
f 812/1143/802 866/1207/856 880/1231/868
f 861/1206/851 862/1232/852 880/1231/868
f 862/1232/852 881/1233/869 880/1231/868
f 814/1145/804 880/1231/868 881/1233/869
f 814/1145/804 812/1143/802 880/1231/868
f 882/1234/870 824/1162/815 881/1233/869
f 817/1148/807 881/1233/869 824/1162/815
f 817/1148/807 814/1145/804 881/1233/869
f 862/1232/852 882/1234/870 881/1233/869
f 824/1157/815 882/1235/870 823/1155/813
f 859/1198/849 823/1165/813 882/1236/870
f 862/1201/852 859/1198/849 882/1236/870
f 851/1190/841 852/1191/842 864/1203/854
f 859/1198/849 828/1163/817 823/1165/813
f 843/1183/834 854/1194/845 847/1186/837
f 843/1183/834 841/1180/831 854/1194/845
f 836/1175/826 883/1237/871 834/1173/824
f 883/1237/871 836/1175/826 820/1152/811
f 836/1175/826 821/1153/812 820/1152/811
f 883/1238/871 820/1159/811 833/1239/823
f 834/1240/824 883/1238/871 833/1239/823
f 833/1239/823 820/1159/811 827/1166/818
f 884/1241/872 885/1242/873 890/1243/874
f 884/1241/872 886/1244/875 885/1242/873
f 888/1245/876 886/1244/875 884/1241/872
f 887/1246/877 884/1241/872 889/1247/878
f 887/1246/877 888/1245/876 884/1241/872
f 889/1247/878 884/1241/872 890/1243/874
f 890/1243/874 891/1248/879 893/1249/880
f 885/1242/873 891/1248/879 890/1243/874
f 890/1243/874 893/1249/880 892/1250/881
f 889/1247/878 890/1243/874 892/1250/881
f 894/1251/882 893/1252/880 896/1253/883
f 894/1251/882 895/1254/884 893/1252/880
f 895/1254/884 892/1255/881 893/1252/880
f 891/1248/879 896/1256/883 893/1249/880
f 897/1257/885 894/1251/882 896/1253/883
f 898/1258/886 897/1257/885 896/1253/883
f 899/1259/887 898/1258/886 896/1253/883
f 900/1260/888 899/1261/887 896/1256/883
f 891/1248/879 900/1260/888 896/1256/883
f 900/1260/888 891/1248/879 885/1242/873
f 900/1260/888 885/1242/873 901/1262/889
f 899/1261/887 900/1260/888 901/1262/889
f 902/1263/890 899/1261/887 901/1262/889
f 902/1263/890 901/1262/889 904/1264/891
f 885/1242/873 903/1265/892 901/1262/889
f 903/1265/892 904/1264/891 901/1262/889
f 904/1264/891 905/1266/893 906/1267/894
f 903/1265/892 905/1266/893 904/1264/891
f 906/1267/894 902/1263/890 904/1264/891
f 907/1268/895 906/1269/894 909/1270/896
f 907/1268/895 908/1271/897 906/1269/894
f 908/1271/897 902/1272/890 906/1269/894
f 905/1266/893 909/1273/896 906/1267/894
f 910/1274/898 907/1268/895 909/1270/896
f 911/1275/899 910/1274/898 909/1270/896
f 912/1276/900 911/1275/899 909/1270/896
f 913/1277/901 912/1278/900 909/1273/896
f 905/1266/893 913/1277/901 909/1273/896
f 912/1278/900 913/1277/901 914/1279/902
f 913/1277/901 903/1265/892 914/1279/902
f 913/1277/901 905/1266/893 903/1265/892
f 915/1280/903 912/1278/900 914/1279/902
f 915/1280/903 914/1279/902 916/1281/904
f 916/1281/904 914/1279/902 903/1265/892
f 918/1282/905 915/1280/903 916/1281/904
f 916/1281/904 917/1283/906 918/1282/905
f 917/1283/906 916/1281/904 886/1244/875
f 886/1244/875 916/1281/904 903/1265/892
f 919/1284/907 918/1285/905 921/1286/908
f 919/1284/907 920/1287/909 918/1285/905
f 920/1287/909 915/1288/903 918/1285/905
f 917/1283/906 921/1289/908 918/1282/905
f 922/1290/910 919/1284/907 921/1286/908
f 922/1290/910 921/1286/908 923/1291/911
f 924/1292/912 923/1293/911 921/1289/908
f 917/1283/906 924/1292/912 921/1289/908
f 925/1294/913 924/1292/912 888/1245/876
f 888/1245/876 924/1292/912 917/1283/906
f 924/1292/912 925/1294/913 923/1293/911
f 927/1295/914 925/1294/913 926/1296/915
f 925/1294/913 888/1245/876 926/1296/915
f 925/1294/913 927/1295/914 923/1293/911
f 928/1297/916 927/1295/914 926/1296/915
f 929/1298/917 927/1299/914 928/1300/916
f 927/1299/914 929/1298/917 923/1291/911
f 930/1301/918 929/1302/917 931/1303/919
f 929/1298/917 930/1304/918 923/1291/911
f 933/1305/920 929/1298/917 928/1300/916
f 929/1302/917 932/1306/921 931/1303/919
f 932/1306/921 929/1302/917 933/1307/920
f 933/1307/920 934/1308/922 936/1309/923
f 934/1310/922 933/1305/920 935/1311/924
f 933/1305/920 928/1300/916 935/1311/924
f 936/1309/923 932/1306/921 933/1307/920
f 937/1312/925 932/1306/921 936/1309/923
f 937/1312/925 936/1309/923 938/1313/926
f 934/1308/922 938/1313/926 936/1309/923
f 940/1314/927 939/1315/928 938/1313/926
f 939/1315/928 937/1312/925 938/1313/926
f 941/1316/929 940/1314/927 938/1313/926
f 934/1308/922 941/1316/929 938/1313/926
f 943/1317/930 941/1318/929 942/1319/931
f 941/1318/929 934/1310/922 942/1319/931
f 941/1316/929 943/1320/930 940/1314/927
f 943/1317/930 946/1321/932 944/1322/933
f 945/1323/934 943/1317/930 944/1322/933
f 946/1321/932 943/1317/930 942/1319/931
f 947/1324/935 943/1320/930 945/1325/934
f 943/1320/930 947/1324/935 940/1314/927
f 940/1314/927 947/1324/935 939/1315/928
f 939/1315/928 947/1324/935 948/1326/936
f 948/1326/936 947/1324/935 945/1325/934
f 950/1327/937 939/1315/928 948/1326/936
f 949/1328/938 948/1326/936 895/1329/884
f 949/1328/938 950/1327/937 948/1326/936
f 948/1326/936 945/1325/934 895/1329/884
f 950/1327/937 951/1330/939 939/1315/928
f 953/1331/940 951/1330/939 950/1327/937
f 952/1332/941 950/1327/937 949/1328/938
f 952/1332/941 953/1331/940 950/1327/937
f 953/1331/940 955/1333/942 951/1330/939
f 957/1334/943 953/1331/940 954/1335/944
f 954/1335/944 953/1331/940 952/1332/941
f 953/1331/940 956/1336/945 955/1333/942
f 957/1334/943 956/1336/945 953/1331/940
f 910/1337/898 911/1338/899 957/1334/943
f 911/1338/899 956/1336/945 957/1334/943
f 910/1337/898 957/1334/943 954/1335/944
f 956/1336/945 911/1338/899 920/1339/909
f 955/1333/942 956/1336/945 920/1339/909
f 955/1333/942 958/1340/946 951/1330/939
f 955/1333/942 920/1339/909 919/1341/907
f 958/1340/946 955/1333/942 919/1341/907
f 951/1330/939 958/1340/946 937/1312/925
f 958/1340/946 959/1342/947 937/1312/925
f 919/1341/907 922/1343/910 958/1340/946
f 922/1343/910 959/1342/947 958/1340/946
f 931/1303/919 937/1312/925 959/1342/947
f 930/1301/918 931/1303/919 959/1342/947
f 922/1343/910 930/1301/918 959/1342/947
f 907/1344/895 910/1337/898 954/1335/944
f 954/1335/944 960/1345/948 907/1344/895
f 960/1345/948 954/1335/944 952/1332/941
f 960/1345/948 908/1346/897 907/1344/895
f 960/1345/948 961/1347/949 908/1346/897
f 952/1332/941 961/1347/949 960/1345/948
f 898/1348/886 961/1347/949 962/1349/950
f 962/1349/950 961/1347/949 952/1332/941
f 961/1347/949 898/1348/886 908/1346/897
f 897/1350/885 898/1348/886 962/1349/950
f 897/1350/885 962/1349/950 963/1351/951
f 962/1349/950 952/1332/941 963/1351/951
f 894/1352/882 897/1350/885 963/1351/951
f 894/1352/882 963/1351/951 949/1328/938
f 963/1351/951 952/1332/941 949/1328/938
f 951/1330/939 937/1312/925 939/1315/928
f 895/1329/884 894/1352/882 949/1328/938
f 944/1353/933 946/1354/932 965/1355/952
f 964/1356/953 946/1354/932 942/1357/931
f 946/1354/932 964/1356/953 965/1355/952
f 944/1353/933 965/1355/952 889/1247/878
f 964/1356/953 887/1246/877 965/1355/952
f 965/1355/952 887/1246/877 889/1247/878
f 964/1356/953 966/1358/954 887/1246/877
f 966/1358/954 964/1356/953 942/1357/931
f 887/1246/877 966/1358/954 967/1359/955
f 967/1359/955 966/1358/954 935/1360/924
f 966/1358/954 942/1357/931 935/1360/924
f 967/1359/955 926/1296/915 887/1246/877
f 926/1296/915 967/1359/955 928/1297/916
f 967/1359/955 935/1360/924 928/1297/916
f 895/1254/884 945/1323/934 892/1255/881
f 945/1323/934 944/1322/933 892/1255/881
f 892/1250/881 944/1353/933 889/1247/878
f 934/1310/922 935/1311/924 942/1319/931
f 931/1303/919 932/1306/921 937/1312/925
f 930/1304/918 922/1290/910 923/1291/911
f 926/1296/915 888/1245/876 887/1246/877
f 920/1287/909 911/1361/899 915/1288/903
f 888/1245/876 917/1283/906 886/1244/875
f 911/1361/899 912/1362/900 915/1288/903
f 908/1271/897 898/1258/886 902/1272/890
f 886/1244/875 903/1265/892 885/1242/873
f 898/1258/886 899/1259/887 902/1272/890
f 968/1363/956 969/1364/957 974/1365/958
f 968/1363/956 970/1366/956 969/1364/957
f 971/1367/959 970/1366/956 968/1363/956
f 972/1368/960 971/1367/959 968/1363/956
f 972/1368/960 968/1363/956 973/1369/961
f 973/1369/961 968/1363/956 974/1365/958
f 974/1365/958 976/1370/962 975/1371/963
f 973/1369/961 974/1365/958 975/1371/963
f 974/1365/958 977/1372/964 976/1370/962
f 969/1364/957 977/1372/964 974/1365/958
f 979/1373/965 977/1372/964 978/1374/966
f 978/1374/966 977/1372/964 969/1364/957
f 977/1372/964 979/1373/965 976/1370/962
f 976/1375/962 979/1376/965 980/1377/967
f 979/1376/965 981/1378/968 980/1377/967
f 981/1378/968 979/1376/965 982/1379/969
f 983/1380/970 979/1373/965 978/1374/966
f 979/1376/965 983/1381/970 982/1379/969
f 984/1382/971 983/1380/970 985/1383/972
f 983/1381/970 984/1384/971 982/1379/969
f 983/1380/970 978/1374/966 985/1383/972
f 984/1382/971 985/1383/972 986/1385/973
f 978/1374/966 969/1364/957 985/1383/972
f 969/1364/957 987/1386/974 985/1383/972
f 987/1386/974 986/1385/973 985/1383/972
f 970/1366/956 988/1387/975 987/1386/974
f 970/1366/956 987/1386/974 969/1364/957
f 988/1387/975 989/1388/976 987/1386/974
f 990/1389/977 987/1386/974 989/1388/976
f 987/1386/974 991/1390/978 986/1385/973
f 990/1389/977 991/1390/978 987/1386/974
f 993/1391/979 991/1390/978 990/1389/977
f 991/1390/978 993/1391/979 992/1392/980
f 986/1385/973 991/1390/978 992/1392/980
f 994/1393/981 993/1391/979 990/1389/977
f 993/1394/979 994/1395/981 995/1396/982
f 996/1397/983 993/1394/979 995/1396/982
f 992/1398/980 993/1394/979 997/1399/984
f 993/1394/979 996/1397/983 997/1399/984
f 997/1400/984 996/1401/983 998/1402/985
f 998/1402/985 1000/1403/986 997/1400/984
f 992/1398/980 997/1399/984 999/1404/987
f 1000/1403/986 999/1405/987 997/1400/984
f 1001/1406/988 1002/1407/989 1000/1403/986
f 1000/1403/986 998/1402/985 1001/1406/988
f 1000/1403/986 1002/1407/989 999/1405/987
f 1003/1408/990 1002/1407/989 1001/1406/988
f 1002/1407/989 982/1409/969 999/1405/987
f 1002/1407/989 1003/1408/990 982/1409/969
f 981/1410/968 1003/1408/990 1004/1411/991
f 1003/1408/990 1001/1406/988 1004/1411/991
f 1003/1408/990 981/1410/968 982/1409/969
f 980/1412/967 981/1410/968 1004/1411/991
f 1004/1411/991 1001/1406/988 1005/1413/992
f 980/1412/967 1004/1411/991 1005/1413/992
f 1001/1406/988 1007/1414/993 1005/1413/992
f 1006/1415/994 980/1412/967 1005/1413/992
f 1006/1415/994 1005/1413/992 1008/1416/995
f 1005/1413/992 1007/1414/993 1008/1416/995
f 1008/1416/995 1009/1417/996 1011/1418/997
f 1010/1419/998 1009/1417/996 1008/1416/995
f 1007/1414/993 1010/1419/998 1008/1416/995
f 1011/1418/997 1006/1415/994 1008/1416/995
f 1012/1420/999 975/1421/963 1011/1422/997
f 975/1421/963 1006/1423/994 1011/1422/997
f 1012/1420/999 1011/1422/997 1013/1424/1000
f 1009/1417/996 1013/1425/1000 1011/1418/997
f 1015/1426/1001 1014/1427/1002 1013/1424/1000
f 1014/1427/1002 1012/1420/999 1013/1424/1000
f 1016/1428/1003 1015/1426/1001 1013/1424/1000
f 1017/1429/1004 1016/1430/1003 1013/1425/1000
f 1009/1417/996 1017/1429/1004 1013/1425/1000
f 1017/1429/1004 1009/1417/996 1010/1419/998
f 1017/1429/1004 1010/1419/998 1018/1431/1005
f 1016/1430/1003 1017/1429/1004 1018/1431/1005
f 1019/1432/1006 1016/1430/1003 1018/1431/1005
f 1019/1432/1006 1018/1431/1005 1021/1433/1007
f 1010/1419/998 1020/1434/1008 1018/1431/1005
f 1020/1434/1008 1021/1433/1007 1018/1431/1005
f 1021/1433/1007 1022/1435/1009 1023/1436/1010
f 1020/1434/1008 1022/1435/1009 1021/1433/1007
f 1023/1436/1010 1019/1432/1006 1021/1433/1007
f 1024/1437/1011 1023/1438/1010 1026/1439/1012
f 1024/1437/1011 1025/1440/1013 1023/1438/1010
f 1025/1440/1013 1019/1441/1006 1023/1438/1010
f 1022/1435/1009 1026/1442/1012 1023/1436/1010
f 1029/1443/1014 1027/1444/1015 1026/1439/1012
f 1027/1444/1015 1024/1437/1011 1026/1439/1012
f 1030/1445/1016 1028/1446/1017 1026/1442/1012
f 1028/1447/1017 1029/1443/1014 1026/1439/1012
f 1022/1435/1009 1030/1445/1016 1026/1442/1012
f 1030/1445/1016 1022/1435/1009 1020/1434/1008
f 1030/1445/1016 1020/1434/1008 1031/1448/1018
f 1028/1446/1017 1030/1445/1016 1031/1448/1018
f 1033/1449/1019 1031/1448/1018 1020/1434/1008
f 1032/1450/1020 1028/1446/1017 1031/1448/1018
f 1031/1448/1018 1033/1449/1019 1032/1450/1020
f 1036/1451/1021 1033/1449/1019 1034/1452/1022
f 1034/1452/1022 1033/1449/1019 1020/1434/1008
f 1033/1449/1019 1036/1451/1021 1035/1453/1023
f 1033/1449/1019 1035/1453/1023 1032/1450/1020
f 1038/1454/1024 1036/1451/1021 1034/1452/1022
f 1036/1451/1021 1037/1455/1025 1035/1453/1023
f 1036/1451/1021 1039/1456/1026 1037/1455/1025
f 1038/1454/1024 1039/1456/1026 1036/1451/1021
f 1039/1456/1026 1040/1457/1027 995/1458/982
f 1039/1456/1026 995/1458/982 1037/1455/1025
f 1040/1457/1027 1039/1456/1026 1038/1454/1024
f 996/1401/983 1040/1457/1027 998/1402/985
f 1040/1457/1027 1038/1454/1024 998/1402/985
f 1040/1457/1027 996/1401/983 995/1458/982
f 1038/1454/1024 1034/1452/1022 1007/1414/993
f 998/1402/985 1038/1454/1024 1001/1406/988
f 1001/1406/988 1038/1454/1024 1007/1414/993
f 1041/1459/1028 1037/1460/1025 995/1396/982
f 1041/1459/1028 1042/1461/1029 1037/1460/1025
f 1042/1461/1029 1035/1462/1023 1037/1460/1025
f 1042/1461/1029 1043/1463/1030 1035/1462/1023
f 1043/1464/1030 1042/1465/1029 1044/1466/1031
f 1042/1465/1029 1041/1467/1028 988/1387/975
f 1042/1465/1029 988/1387/975 1044/1466/1031
f 1044/1466/1031 988/1387/975 970/1366/956
f 971/1367/959 1044/1466/1031 970/1366/956
f 1044/1466/1031 1045/1468/1032 1043/1464/1030
f 971/1367/959 1045/1468/1032 1044/1466/1031
f 1045/1468/1032 1029/1469/1014 1043/1464/1030
f 1046/1470/1033 1045/1468/1032 971/1367/959
f 1029/1469/1014 1045/1468/1032 1046/1470/1033
f 1027/1471/1015 1046/1470/1033 1047/1472/1034
f 1027/1471/1015 1029/1469/1014 1046/1470/1033
f 1046/1470/1033 971/1367/959 1047/1472/1034
f 1047/1472/1034 971/1367/959 972/1368/960
f 1047/1472/1034 1048/1473/1035 1024/1474/1011
f 1048/1473/1035 1047/1472/1034 972/1368/960
f 1024/1474/1011 1027/1471/1015 1047/1472/1034
f 1048/1473/1035 1025/1475/1013 1024/1474/1011
f 972/1368/960 1049/1476/1036 1048/1473/1035
f 1048/1473/1035 1049/1476/1036 1025/1475/1013
f 1015/1477/1001 1049/1476/1036 1050/1478/1037
f 1050/1478/1037 1049/1476/1036 972/1368/960
f 1049/1476/1036 1015/1477/1001 1025/1475/1013
f 1014/1479/1002 1015/1477/1001 1050/1478/1037
f 1014/1479/1002 1050/1478/1037 1051/1480/1038
f 1050/1478/1037 972/1368/960 1051/1480/1038
f 1012/1481/999 1014/1479/1002 1051/1480/1038
f 1051/1480/1038 973/1369/961 1012/1481/999
f 1051/1480/1038 972/1368/960 973/1369/961
f 1043/1463/1030 1032/1482/1020 1035/1462/1023
f 1043/1463/1030 1029/1483/1014 1032/1482/1020
f 1041/1467/1028 994/1393/981 989/1388/976
f 994/1395/981 1041/1459/1028 995/1396/982
f 1041/1467/1028 989/1388/976 988/1387/975
f 1034/1452/1022 1020/1434/1008 1010/1419/998
f 1007/1414/993 1034/1452/1022 1010/1419/998
f 1029/1483/1014 1028/1484/1017 1032/1482/1020
f 1025/1440/1013 1015/1426/1001 1019/1441/1006
f 1015/1426/1001 1016/1428/1003 1019/1441/1006
f 973/1369/961 975/1371/963 1012/1481/999
f 975/1421/963 976/1375/962 1006/1423/994
f 976/1375/962 980/1377/967 1006/1423/994
f 984/1384/971 999/1404/987 982/1379/969
f 984/1384/971 992/1398/980 999/1404/987
f 994/1393/981 990/1389/977 989/1388/976
f 992/1392/980 984/1382/971 986/1385/973
f 1052/1485/1039 1053/1486/1040 1058/1487/1041
f 1052/1485/1039 1054/1488/1042 1053/1486/1040
f 1055/1489/1043 1054/1488/1042 1052/1485/1039
f 1056/1490/1044 1055/1489/1043 1052/1485/1039
f 1056/1490/1044 1052/1485/1039 1057/1491/1045
f 1057/1491/1045 1052/1485/1039 1058/1487/1041
f 1058/1487/1041 1062/1492/1046 1059/1493/1047
f 1057/1491/1045 1058/1487/1041 1059/1493/1047
f 1061/1494/1048 1058/1487/1041 1060/1495/1049
f 1058/1487/1041 1053/1486/1040 1060/1495/1049
f 1061/1494/1048 1062/1492/1046 1058/1487/1041
f 1063/1496/1050 1062/1492/1046 1061/1494/1048
f 1059/1493/1047 1062/1492/1046 1064/1497/1051
f 1062/1492/1046 1063/1496/1050 1064/1497/1051
f 1059/1493/1047 1064/1497/1051 1065/1498/1052
f 1065/1499/1052 1064/1500/1051 1066/1501/1053
f 1064/1500/1051 1067/1502/1054 1066/1501/1053
f 1064/1500/1051 1063/1503/1050 1067/1502/1054
f 1066/1504/1053 1067/1505/1054 1070/1506/1055
f 1063/1503/1050 1068/1507/1056 1067/1502/1054
f 1067/1505/1054 1068/1508/1056 1069/1509/1057
f 1067/1505/1054 1069/1509/1057 1070/1506/1055
f 1066/1504/1053 1070/1506/1055 1072/1510/1058
f 1070/1506/1055 1071/1511/1059 1072/1510/1058
f 1073/1512/1060 1071/1511/1059 1070/1506/1055
f 1069/1509/1057 1073/1512/1060 1070/1506/1055
f 1073/1512/1060 1074/1513/1061 1071/1511/1059
f 1075/1514/1062 1074/1513/1061 1073/1512/1060
f 1076/1515/1063 1075/1514/1062 1073/1512/1060
f 1073/1512/1060 1078/1516/1064 1076/1515/1063
f 1077/1517/1065 1073/1512/1060 1069/1509/1057
f 1077/1517/1065 1078/1516/1064 1073/1512/1060
f 1078/1516/1064 1080/1518/1066 1079/1519/1067
f 1076/1515/1063 1078/1516/1064 1079/1519/1067
f 1078/1516/1064 1077/1517/1065 1080/1518/1066
f 1082/1520/1068 1079/1521/1067 1080/1522/1066
f 1063/1503/1050 1081/1523/1069 1080/1522/1066
f 1081/1523/1069 1082/1520/1068 1080/1522/1066
f 1068/1507/1056 1063/1503/1050 1080/1522/1066
f 1077/1517/1065 1068/1508/1056 1080/1518/1066
f 1083/1524/1070 1082/1525/1068 1084/1526/1071
f 1082/1520/1068 1083/1527/1070 1079/1521/1067
f 1082/1525/1068 1081/1528/1069 1060/1495/1049
f 1082/1525/1068 1060/1495/1049 1084/1526/1071
f 1084/1526/1071 1085/1529/1072 1083/1524/1070
f 1086/1530/1073 1085/1529/1072 1084/1526/1071
f 1053/1486/1040 1084/1526/1071 1060/1495/1049
f 1053/1486/1040 1086/1530/1073 1084/1526/1071
f 1054/1488/1042 1087/1531/1074 1086/1530/1073
f 1054/1488/1042 1086/1530/1073 1053/1486/1040
f 1087/1531/1074 1088/1532/1075 1086/1530/1073
f 1089/1533/1076 1086/1530/1073 1088/1532/1075
f 1086/1530/1073 1090/1534/1077 1085/1529/1072
f 1089/1533/1076 1090/1534/1077 1086/1530/1073
f 1090/1534/1077 1091/1535/1078 1092/1536/1079
f 1091/1535/1078 1090/1534/1077 1089/1533/1076
f 1085/1529/1072 1090/1534/1077 1092/1536/1079
f 1085/1529/1072 1092/1536/1079 1083/1524/1070
f 1083/1527/1070 1092/1537/1079 1093/1538/1080
f 1092/1537/1079 1094/1539/1081 1093/1538/1080
f 1092/1537/1079 1091/1540/1078 1094/1539/1081
f 1093/1541/1080 1094/1542/1081 1075/1514/1062
f 1094/1542/1081 1095/1543/1082 1075/1514/1062
f 1094/1542/1081 1096/1544/1083 1095/1543/1082
f 1091/1540/1078 1096/1545/1083 1094/1539/1081
f 1096/1545/1083 1091/1540/1078 1098/1546/1084
f 1096/1544/1083 1097/1547/1085 1095/1543/1082
f 1097/1547/1085 1096/1544/1083 1098/1548/1084
f 1102/1549/1086 1098/1548/1084 1099/1550/1087
f 1101/1551/1088 1099/1552/1087 1098/1546/1084
f 1091/1540/1078 1100/1553/1089 1098/1546/1084
f 1100/1553/1089 1101/1551/1088 1098/1546/1084
f 1102/1549/1086 1097/1547/1085 1098/1548/1084
f 1103/1554/1090 1102/1549/1086 1099/1550/1087
f 1104/1555/1091 1102/1549/1086 1103/1554/1090
f 1097/1547/1085 1102/1549/1086 1104/1555/1091
f 1104/1555/1091 1106/1556/1092 1105/1557/1093
f 1074/1513/1061 1104/1555/1091 1105/1557/1093
f 1104/1555/1091 1103/1554/1090 1106/1556/1092
f 1095/1543/1082 1104/1555/1091 1074/1513/1061
f 1097/1547/1085 1104/1555/1091 1095/1543/1082
f 1105/1557/1093 1106/1556/1092 1107/1558/1094
f 1106/1556/1092 1108/1559/1095 1107/1558/1094
f 1106/1556/1092 1109/1560/1096 1108/1559/1095
f 1103/1554/1090 1109/1560/1096 1106/1556/1092
f 1109/1560/1096 1112/1561/1097 1110/1562/1098
f 1111/1563/1099 1109/1560/1096 1110/1562/1098
f 1109/1560/1096 1111/1563/1099 1108/1559/1095
f 1109/1560/1096 1103/1554/1090 1112/1561/1097
f 1113/1564/1100 1112/1565/1097 1099/1552/1087
f 1113/1564/1100 1114/1566/1101 1112/1565/1097
f 1114/1566/1101 1110/1567/1098 1112/1565/1097
f 1103/1554/1090 1099/1550/1087 1112/1561/1097
f 1114/1568/1101 1113/1569/1100 1116/1570/1102
f 1114/1566/1101 1115/1571/1103 1110/1567/1098
f 1117/1572/1104 1115/1573/1103 1114/1568/1101
f 1116/1570/1102 1117/1572/1104 1114/1568/1101
f 1115/1573/1103 1117/1572/1104 1118/1574/1105
f 1118/1574/1105 1117/1572/1104 1055/1489/1043
f 1055/1489/1043 1117/1572/1104 1116/1570/1102
f 1119/1575/1106 1115/1573/1103 1118/1574/1105
f 1119/1575/1106 1118/1574/1105 1120/1576/1107
f 1118/1574/1105 1055/1489/1043 1120/1576/1107
f 1121/1577/1108 1120/1576/1107 1056/1490/1044
f 1120/1576/1107 1055/1489/1043 1056/1490/1044
f 1122/1578/1109 1120/1576/1107 1121/1577/1108
f 1122/1578/1109 1119/1575/1106 1120/1576/1107
f 1122/1579/1109 1123/1580/1110 1125/1581/1111
f 1122/1579/1109 1124/1582/1112 1123/1580/1110
f 1124/1583/1112 1122/1578/1109 1121/1577/1108
f 1119/1584/1106 1122/1579/1109 1125/1581/1111
f 1127/1585/1113 1125/1586/1111 1123/1587/1110
f 1115/1571/1103 1119/1584/1106 1125/1581/1111
f 1126/1588/1114 1115/1571/1103 1125/1581/1111
f 1128/1589/1115 1126/1590/1114 1125/1586/1111
f 1127/1585/1113 1128/1589/1115 1125/1586/1111
f 1126/1590/1114 1128/1589/1115 1111/1563/1099
f 1128/1589/1115 1108/1559/1095 1111/1563/1099
f 1128/1589/1115 1127/1585/1113 1108/1559/1095
f 1129/1591/1116 1127/1585/1113 1123/1587/1110
f 1108/1559/1095 1127/1585/1113 1129/1591/1116
f 1108/1559/1095 1129/1591/1116 1131/1592/1117
f 1129/1591/1116 1123/1587/1110 1130/1593/1118
f 1131/1592/1117 1129/1591/1116 1130/1593/1118
f 1107/1558/1094 1131/1592/1117 1133/1594/1119
f 1107/1558/1094 1108/1559/1095 1131/1592/1117
f 1130/1593/1118 1132/1595/1120 1131/1592/1117
f 1132/1595/1120 1133/1594/1119 1131/1592/1117
f 1135/1596/1121 1134/1597/1122 1133/1594/1119
f 1134/1597/1122 1107/1558/1094 1133/1594/1119
f 1136/1598/1123 1135/1596/1121 1133/1594/1119
f 1132/1595/1120 1136/1598/1123 1133/1594/1119
f 1136/1599/1123 1137/1600/1124 1138/1601/1125
f 1137/1600/1124 1136/1599/1123 1132/1602/1120
f 1135/1596/1121 1136/1598/1123 1138/1603/1125
f 1139/1604/1126 1140/1605/1127 1138/1606/1125
f 1141/1607/1128 1139/1604/1126 1138/1606/1125
f 1142/1608/1129 1138/1603/1125 1140/1609/1127
f 1137/1600/1124 1141/1610/1128 1138/1601/1125
f 1142/1608/1129 1135/1596/1121 1138/1603/1125
f 1072/1510/1058 1142/1608/1129 1140/1609/1127
f 1134/1597/1122 1142/1608/1129 1072/1510/1058
f 1135/1596/1121 1142/1608/1129 1134/1597/1122
f 1139/1611/1126 1141/1612/1128 1143/1613/1130
f 1141/1612/1128 1144/1614/1131 1143/1613/1130
f 1141/1612/1128 1137/1615/1124 1144/1614/1131
f 1144/1614/1131 1146/1616/1132 1145/1617/1133
f 1144/1614/1131 1145/1617/1133 1143/1613/1130
f 1137/1615/1124 1146/1616/1132 1144/1614/1131
f 1145/1617/1133 1146/1616/1132 1147/1618/1134
f 1146/1616/1132 1137/1615/1124 1148/1619/1135
f 1147/1618/1134 1146/1616/1132 1148/1619/1135
f 1147/1618/1134 1148/1619/1135 1124/1583/1112
f 1124/1582/1112 1148/1620/1135 1130/1621/1118
f 1148/1620/1135 1132/1602/1120 1130/1621/1118
f 1148/1620/1135 1137/1600/1124 1132/1602/1120
f 1147/1618/1134 1121/1577/1108 1145/1617/1133
f 1121/1577/1108 1147/1618/1134 1124/1583/1112
f 1121/1577/1108 1056/1490/1044 1145/1617/1133
f 1145/1617/1133 1056/1490/1044 1057/1491/1045
f 1143/1613/1130 1145/1617/1133 1149/1622/1136
f 1145/1617/1133 1057/1491/1045 1149/1622/1136
f 1149/1622/1136 1059/1493/1047 1065/1498/1052
f 1149/1622/1136 1057/1491/1045 1059/1493/1047
f 1143/1613/1130 1149/1622/1136 1139/1611/1126
f 1149/1622/1136 1065/1498/1052 1139/1611/1126
f 1139/1604/1126 1065/1499/1052 1140/1605/1127
f 1140/1609/1127 1066/1504/1053 1072/1510/1058
f 1065/1499/1052 1066/1501/1053 1140/1605/1127
f 1071/1511/1059 1105/1557/1093 1134/1597/1122
f 1105/1557/1093 1107/1558/1094 1134/1597/1122
f 1071/1511/1059 1134/1597/1122 1072/1510/1058
f 1124/1582/1112 1130/1621/1118 1123/1580/1110
f 1110/1562/1098 1126/1590/1114 1111/1563/1099
f 1115/1571/1103 1126/1588/1114 1110/1567/1098
f 1116/1570/1102 1087/1531/1074 1054/1488/1042
f 1055/1489/1043 1116/1570/1102 1054/1488/1042
f 1113/1569/1100 1087/1531/1074 1116/1570/1102
f 1101/1551/1088 1113/1564/1100 1099/1552/1087
f 1113/1569/1100 1101/1623/1088 1087/1531/1074
f 1074/1513/1061 1105/1557/1093 1071/1511/1059
f 1101/1623/1088 1100/1624/1089 1088/1532/1075
f 1101/1623/1088 1088/1532/1075 1087/1531/1074
f 1100/1624/1089 1089/1533/1076 1088/1532/1075
f 1100/1624/1089 1091/1535/1078 1089/1533/1076
f 1075/1514/1062 1095/1543/1082 1074/1513/1061
f 1075/1514/1062 1076/1515/1063 1093/1541/1080
f 1083/1527/1070 1093/1538/1080 1079/1521/1067
f 1076/1515/1063 1079/1519/1067 1093/1541/1080
f 1081/1528/1069 1061/1494/1048 1060/1495/1049
f 1081/1528/1069 1063/1496/1050 1061/1494/1048
f 1068/1508/1056 1077/1517/1065 1069/1509/1057
f 1150/1625/1137 1151/1626/1138 1153/1627/1139
f 1150/1625/1137 1152/1628/1140 1151/1626/1138
f 1152/1629/1140 1150/1630/1137 1154/1631/1141
f 1150/1630/1137 1153/1632/1139 1154/1631/1141
f 1155/1633/1142 1156/1634/1143 1154/1635/1141
f 1159/1636/1144 1155/1633/1142 1154/1635/1141
f 1154/1635/1141 1156/1634/1143 1158/1637/1145
f 1152/1629/1140 1154/1631/1141 1157/1638/1146
f 1157/1639/1146 1154/1635/1141 1158/1637/1145
f 1159/1640/1144 1154/1631/1141 1153/1632/1139
f 1159/1636/1144 1160/1641/1147 1155/1633/1142
f 1160/1642/1147 1159/1640/1144 1153/1632/1139
f 1160/1641/1147 1153/1627/1139 1162/1643/1148
f 1160/1641/1147 1161/1644/1149 1155/1633/1142
f 1161/1644/1149 1160/1641/1147 1162/1643/1148
f 1151/1626/1138 1162/1643/1148 1153/1627/1139
f 1151/1626/1138 1163/1645/1150 1162/1643/1148
f 1163/1645/1150 1164/1646/1151 1162/1643/1148
f 1161/1644/1149 1162/1643/1148 1164/1646/1151
f 1163/1645/1150 1165/1647/1152 1164/1646/1151
f 1165/1647/1152 1166/1648/1153 1164/1646/1151
f 1167/1649/1154 1164/1646/1151 1166/1648/1153
f 1167/1649/1154 1161/1644/1149 1164/1646/1151
f 1161/1644/1149 1167/1649/1154 1168/1650/1155
f 1168/1650/1155 1167/1649/1154 1169/1651/1156
f 1167/1649/1154 1170/1652/1157 1169/1651/1156
f 1170/1652/1157 1167/1649/1154 1166/1648/1153
f 1169/1651/1156 1170/1652/1157 1171/1653/1158
f 1170/1652/1157 1172/1654/1159 1171/1653/1158
f 1172/1654/1159 1170/1652/1157 1173/1655/1160
f 1170/1652/1157 1166/1648/1153 1173/1655/1160
f 1172/1654/1159 1173/1655/1160 1174/1656/1161
f 1176/1657/1162 1174/1656/1161 1173/1655/1160
f 1175/1658/1163 1173/1655/1160 1166/1648/1153
f 1175/1658/1163 1176/1657/1162 1173/1655/1160
f 1175/1658/1163 1177/1659/1164 1176/1657/1162
f 1177/1659/1164 1178/1660/1165 1176/1657/1162
f 1176/1657/1162 1179/1661/1166 1174/1656/1161
f 1176/1657/1162 1178/1660/1165 1179/1661/1166
f 1178/1660/1165 1180/1662/1167 1179/1661/1166
f 1179/1661/1166 1180/1662/1167 1181/1663/1168
f 1179/1661/1166 1182/1664/1169 1174/1656/1161
f 1179/1661/1166 1181/1663/1168 1182/1664/1169
f 1184/1665/1170 1174/1656/1161 1182/1664/1169
f 1181/1663/1168 1185/1666/1171 1182/1664/1169
f 1183/1667/1172 1184/1665/1170 1182/1664/1169
f 1183/1667/1172 1182/1664/1169 1185/1666/1171
f 1187/1668/1173 1185/1669/1171 1186/1670/1174
f 1186/1670/1174 1185/1669/1171 1188/1671/1175
f 1187/1672/1173 1183/1667/1172 1185/1666/1171
f 1185/1669/1171 1181/1673/1168 1188/1671/1175
f 1190/1674/1176 1189/1675/1177 1188/1676/1175
f 1186/1670/1174 1188/1671/1175 1189/1677/1177
f 1180/1662/1167 1188/1676/1175 1181/1663/1168
f 1180/1662/1167 1190/1674/1176 1188/1676/1175
f 1191/1678/1178 1190/1674/1176 1180/1662/1167
f 1191/1678/1178 1192/1679/1179 1190/1674/1176
f 1192/1679/1179 1193/1680/1180 1190/1674/1176
f 1190/1674/1176 1193/1680/1180 1189/1675/1177
f 1192/1681/1179 1195/1682/1181 1193/1683/1180
f 1193/1680/1180 1194/1684/1182 1189/1675/1177
f 1193/1683/1180 1196/1685/1183 1194/1686/1182
f 1195/1682/1181 1196/1685/1183 1193/1683/1180
f 1196/1685/1183 1198/1687/1184 1194/1686/1182
f 1199/1688/1185 1196/1685/1183 1195/1682/1181
f 1199/1688/1185 1197/1689/1186 1196/1685/1183
f 1197/1689/1186 1198/1687/1184 1196/1685/1183
f 1199/1688/1185 1200/1690/1187 1197/1689/1186
f 1202/1691/1188 1200/1690/1187 1199/1688/1185
f 1201/1692/1189 1202/1691/1188 1199/1688/1185
f 1201/1692/1189 1199/1688/1185 1195/1682/1181
f 1202/1691/1188 1203/1693/1190 1204/1694/1191
f 1203/1693/1190 1202/1691/1188 1201/1692/1189
f 1202/1691/1188 1204/1694/1191 1205/1695/1192
f 1200/1690/1187 1202/1691/1188 1205/1695/1192
f 1200/1690/1187 1205/1695/1192 1207/1696/1193
f 1204/1694/1191 1208/1697/1194 1205/1695/1192
f 1205/1695/1192 1206/1698/1195 1207/1696/1193
f 1208/1697/1194 1206/1698/1195 1205/1695/1192
f 1209/1699/1196 1211/1700/1197 1208/1697/1194
f 1209/1699/1196 1208/1697/1194 1210/1701/1198
f 1210/1701/1198 1208/1697/1194 1204/1694/1191
f 1211/1700/1197 1206/1698/1195 1208/1697/1194
f 1211/1700/1197 1183/1667/1172 1212/1702/1199
f 1184/1665/1170 1183/1667/1172 1211/1700/1197
f 1209/1699/1196 1184/1665/1170 1211/1700/1197
f 1211/1700/1197 1212/1702/1199 1206/1698/1195
f 1183/1667/1172 1187/1672/1173 1212/1702/1199
f 1212/1703/1199 1187/1668/1173 1186/1670/1174
f 1212/1702/1199 1186/1704/1174 1206/1698/1195
f 1171/1653/1158 1209/1699/1196 1210/1701/1198
f 1171/1653/1158 1210/1701/1198 1213/1705/1200
f 1213/1705/1200 1210/1701/1198 1214/1706/1201
f 1214/1706/1201 1210/1701/1198 1204/1694/1191
f 1216/1707/1202 1215/1708/1203 1214/1706/1201
f 1215/1708/1203 1213/1705/1200 1214/1706/1201
f 1203/1693/1190 1214/1706/1201 1204/1694/1191
f 1203/1693/1190 1216/1707/1202 1214/1706/1201
f 1216/1707/1202 1217/1709/1204 1215/1708/1203
f 1217/1709/1204 1216/1707/1202 1218/1710/1205
f 1218/1710/1205 1216/1707/1202 1219/1711/1206
f 1216/1707/1202 1203/1693/1190 1219/1711/1206
f 1219/1711/1206 1201/1692/1189 1220/1712/1207
f 1219/1711/1206 1220/1712/1207 1221/1713/1208
f 1219/1711/1206 1203/1693/1190 1201/1692/1189
f 1218/1710/1205 1219/1711/1206 1221/1713/1208
f 1222/1714/1209 1221/1713/1208 1224/1715/1210
f 1223/1716/1211 1221/1713/1208 1222/1714/1209
f 1218/1710/1205 1221/1713/1208 1223/1716/1211
f 1221/1713/1208 1220/1712/1207 1224/1715/1210
f 1224/1715/1210 1220/1712/1207 1192/1681/1179
f 1224/1717/1210 1192/1679/1179 1191/1678/1178
f 1225/1718/1212 1224/1717/1210 1191/1678/1178
f 1222/1719/1209 1224/1717/1210 1225/1718/1212
f 1226/1720/1213 1222/1719/1209 1225/1718/1212
f 1226/1720/1213 1225/1718/1212 1177/1659/1164
f 1177/1659/1164 1225/1718/1212 1178/1660/1165
f 1225/1718/1212 1191/1678/1178 1178/1660/1165
f 1229/1721/1214 1222/1719/1209 1226/1720/1213
f 1227/1722/1215 1226/1720/1213 1177/1659/1164
f 1228/1723/1216 1226/1720/1213 1227/1722/1215
f 1228/1723/1216 1229/1721/1214 1226/1720/1213
f 1231/1724/1217 1229/1721/1214 1228/1723/1216
f 1229/1725/1214 1223/1716/1211 1222/1714/1209
f 1230/1726/1218 1223/1716/1211 1229/1725/1214
f 1231/1727/1217 1230/1726/1218 1229/1725/1214
f 1232/1728/1219 1231/1724/1217 1234/1729/1220
f 1232/1730/1219 1233/1731/1221 1231/1727/1217
f 1233/1731/1221 1230/1726/1218 1231/1727/1217
f 1234/1729/1220 1231/1724/1217 1228/1723/1216
f 1235/1732/1222 1234/1729/1220 1236/1733/1223
f 1237/1734/1224 1234/1729/1220 1235/1732/1222
f 1234/1729/1220 1228/1723/1216 1236/1733/1223
f 1237/1734/1224 1232/1728/1219 1234/1729/1220
f 1152/1628/1140 1237/1734/1224 1235/1732/1222
f 1237/1735/1224 1152/1629/1140 1157/1638/1146
f 1237/1735/1224 1157/1638/1146 1233/1736/1221
f 1232/1737/1219 1237/1735/1224 1233/1736/1221
f 1235/1732/1222 1236/1733/1223 1163/1645/1150
f 1163/1645/1150 1236/1733/1223 1165/1647/1152
f 1236/1733/1223 1227/1722/1215 1165/1647/1152
f 1236/1733/1223 1228/1723/1216 1227/1722/1215
f 1151/1626/1138 1235/1732/1222 1163/1645/1150
f 1152/1628/1140 1235/1732/1222 1151/1626/1138
f 1238/1738/1225 1233/1736/1221 1157/1638/1146
f 1238/1739/1225 1239/1740/1226 1233/1731/1221
f 1239/1740/1226 1230/1726/1218 1233/1731/1221
f 1238/1739/1225 1241/1741/1227 1239/1740/1226
f 1239/1740/1226 1240/1742/1228 1230/1726/1218
f 1239/1740/1226 1242/1743/1229 1240/1742/1228
f 1241/1741/1227 1242/1743/1229 1239/1740/1226
f 1242/1743/1229 1158/1637/1145 1243/1744/1230
f 1217/1709/1204 1242/1743/1229 1243/1744/1230
f 1242/1743/1229 1217/1709/1204 1240/1742/1228
f 1242/1743/1229 1241/1741/1227 1158/1637/1145
f 1243/1744/1230 1244/1745/1231 1215/1708/1203
f 1217/1709/1204 1243/1744/1230 1215/1708/1203
f 1158/1637/1145 1156/1634/1143 1243/1744/1230
f 1156/1634/1143 1244/1745/1231 1243/1744/1230
f 1244/1745/1231 1213/1705/1200 1215/1708/1203
f 1169/1651/1156 1213/1705/1200 1244/1745/1231
f 1168/1650/1155 1244/1745/1231 1156/1634/1143
f 1168/1650/1155 1169/1651/1156 1244/1745/1231
f 1241/1746/1227 1238/1738/1225 1157/1638/1146
f 1241/1741/1227 1157/1639/1146 1158/1637/1145
f 1240/1742/1228 1218/1710/1205 1223/1716/1211
f 1240/1742/1228 1217/1709/1204 1218/1710/1205
f 1240/1742/1228 1223/1716/1211 1230/1726/1218
f 1165/1647/1152 1227/1722/1215 1175/1658/1163
f 1227/1722/1215 1177/1659/1164 1175/1658/1163
f 1220/1712/1207 1195/1682/1181 1192/1681/1179
f 1201/1692/1189 1195/1682/1181 1220/1712/1207
f 1169/1651/1156 1171/1653/1158 1213/1705/1200
f 1171/1653/1158 1172/1654/1159 1209/1699/1196
f 1172/1654/1159 1184/1665/1170 1209/1699/1196
f 1245/1747/1232 1200/1690/1187 1207/1696/1193
f 1245/1748/1232 1207/1749/1193 1198/1750/1184
f 1198/1750/1184 1207/1749/1193 1194/1751/1182
f 1207/1749/1193 1189/1677/1177 1194/1751/1182
f 1207/1749/1193 1186/1670/1174 1189/1677/1177
f 1206/1698/1195 1186/1704/1174 1207/1696/1193
f 1200/1690/1187 1245/1747/1232 1197/1689/1186
f 1197/1752/1186 1245/1748/1232 1198/1750/1184
f 1178/1660/1165 1191/1678/1178 1180/1662/1167
f 1184/1665/1170 1172/1654/1159 1174/1656/1161
f 1165/1647/1152 1175/1658/1163 1166/1648/1153
f 1155/1633/1142 1161/1644/1149 1168/1650/1155
f 1155/1633/1142 1168/1650/1155 1156/1634/1143
f 1249/1753/1233 1246/1754/1234 1247/1755/1235
f 1246/1754/1234 1248/1756/1236 1247/1755/1235
f 1252/1757/1237 1248/1758/1236 1246/1759/1234
f 1249/1760/1233 1253/1761/1238 1246/1759/1234
f 1250/1762/1239 1252/1757/1237 1246/1759/1234
f 1250/1762/1239 1246/1759/1234 1251/1763/1240
f 1253/1761/1238 1251/1763/1240 1246/1759/1234
f 1253/1764/1238 1249/1753/1233 1254/1765/1241
f 1253/1764/1238 1254/1765/1241 1251/1766/1240
f 1254/1765/1241 1257/1767/1242 1255/1768/1243
f 1254/1765/1241 1255/1768/1243 1251/1766/1240
f 1249/1753/1233 1256/1769/1244 1254/1765/1241
f 1254/1765/1241 1256/1769/1244 1257/1767/1242
f 1256/1769/1244 1259/1770/1245 1257/1767/1242
f 1257/1767/1242 1258/1771/1246 1255/1768/1243
f 1257/1767/1242 1260/1772/1247 1258/1771/1246
f 1257/1767/1242 1259/1770/1245 1260/1772/1247
f 1260/1772/1247 1261/1773/1248 1258/1771/1246
f 1260/1772/1247 1263/1774/1249 1261/1773/1248
f 1259/1770/1245 1262/1775/1250 1260/1772/1247
f 1260/1772/1247 1262/1775/1250 1263/1774/1249
f 1263/1774/1249 1264/1776/1251 1261/1773/1248
f 1263/1777/1249 1265/1778/1252 1264/1779/1251
f 1262/1775/1250 1265/1780/1252 1263/1774/1249
f 1265/1780/1252 1262/1775/1250 1266/1781/1253
f 1265/1778/1252 1266/1782/1253 1264/1779/1251
f 1267/1783/1254 1270/1784/1255 1266/1781/1253
f 1271/1785/1256 1267/1783/1254 1266/1781/1253
f 1266/1782/1253 1269/1786/1257 1268/1787/1258
f 1264/1779/1251 1266/1782/1253 1268/1787/1258
f 1266/1782/1253 1270/1788/1255 1269/1786/1257
f 1262/1775/1250 1271/1785/1256 1266/1781/1253
f 1259/1770/1245 1272/1789/1259 1271/1785/1256
f 1272/1789/1259 1273/1790/1260 1271/1785/1256
f 1273/1790/1260 1267/1783/1254 1271/1785/1256
f 1262/1775/1250 1259/1770/1245 1271/1785/1256
f 1275/1791/1261 1273/1790/1260 1274/1792/1262
f 1274/1792/1262 1273/1790/1260 1272/1789/1259
f 1276/1793/1263 1267/1783/1254 1273/1790/1260
f 1275/1791/1261 1276/1793/1263 1273/1790/1260
f 1276/1793/1263 1279/1794/1264 1267/1783/1254
f 1277/1795/1265 1278/1796/1266 1276/1793/1263
f 1275/1791/1261 1277/1795/1265 1276/1793/1263
f 1276/1793/1263 1278/1796/1266 1279/1794/1264
f 1278/1796/1266 1280/1797/1267 1279/1794/1264
f 1279/1798/1264 1280/1799/1267 1270/1788/1255
f 1279/1794/1264 1270/1784/1255 1267/1783/1254
f 1280/1797/1267 1278/1796/1266 1281/1800/1268
f 1280/1799/1267 1281/1801/1268 1270/1788/1255
f 1278/1796/1266 1282/1802/1269 1281/1800/1268
f 1283/1803/1270 1281/1800/1268 1282/1802/1269
f 1281/1801/1268 1283/1804/1270 1284/1805/1271
f 1270/1788/1255 1281/1801/1268 1284/1805/1271
f 1285/1806/1272 1269/1807/1257 1284/1808/1271
f 1286/1809/1273 1285/1806/1272 1284/1808/1271
f 1286/1809/1273 1284/1808/1271 1283/1810/1270
f 1270/1788/1255 1284/1805/1271 1269/1786/1257
f 1287/1811/1274 1288/1812/1275 1286/1809/1273
f 1287/1811/1274 1286/1809/1273 1289/1813/1276
f 1288/1812/1275 1285/1806/1272 1286/1809/1273
f 1289/1813/1276 1286/1809/1273 1283/1810/1270
f 1290/1814/1277 1287/1811/1274 1289/1813/1276
f 1290/1815/1277 1289/1816/1276 1291/1817/1278
f 1289/1816/1276 1282/1802/1269 1291/1817/1278
f 1289/1816/1276 1283/1803/1270 1282/1802/1269
f 1277/1795/1265 1291/1817/1278 1282/1802/1269
f 1277/1795/1265 1292/1818/1279 1291/1817/1278
f 1292/1818/1279 1293/1819/1280 1291/1817/1278
f 1290/1815/1277 1291/1817/1278 1293/1819/1280
f 1294/1820/1281 1290/1815/1277 1293/1819/1280
f 1294/1820/1281 1293/1819/1280 1295/1821/1282
f 1296/1822/1283 1295/1821/1282 1293/1819/1280
f 1292/1818/1279 1296/1822/1283 1293/1819/1280
f 1297/1823/1284 1296/1822/1283 1298/1824/1285
f 1296/1825/1283 1297/1826/1284 1295/1827/1282
f 1296/1822/1283 1292/1818/1279 1298/1824/1285
f 1297/1823/1284 1298/1824/1285 1248/1756/1236
f 1298/1824/1285 1274/1792/1262 1248/1756/1236
f 1298/1824/1285 1292/1818/1279 1275/1791/1261
f 1298/1824/1285 1275/1791/1261 1274/1792/1262
f 1297/1826/1284 1248/1758/1236 1295/1827/1282
f 1299/1828/1286 1295/1827/1282 1248/1758/1236
f 1299/1829/1286 1294/1820/1281 1295/1821/1282
f 1299/1830/1286 1252/1831/1237 1294/1832/1281
f 1252/1757/1237 1299/1828/1286 1248/1758/1236
f 1294/1832/1281 1300/1833/1287 1290/1814/1277
f 1252/1831/1237 1300/1833/1287 1294/1832/1281
f 1252/1831/1237 1250/1834/1239 1300/1833/1287
f 1300/1833/1287 1287/1811/1274 1290/1814/1277
f 1300/1833/1287 1301/1835/1288 1287/1811/1274
f 1250/1834/1239 1301/1835/1288 1300/1833/1287
f 1301/1835/1288 1288/1812/1275 1287/1811/1274
f 1250/1834/1239 1302/1836/1289 1301/1835/1288
f 1301/1835/1288 1303/1837/1290 1288/1812/1275
f 1302/1836/1289 1303/1837/1290 1301/1835/1288
f 1302/1836/1289 1251/1766/1240 1303/1837/1290
f 1251/1766/1240 1255/1768/1243 1303/1837/1290
f 1303/1837/1290 1255/1768/1243 1304/1838/1291
f 1303/1837/1290 1304/1838/1291 1288/1812/1275
f 1255/1768/1243 1258/1771/1246 1304/1838/1291
f 1304/1838/1291 1258/1771/1246 1305/1839/1292
f 1304/1838/1291 1305/1839/1292 1285/1806/1272
f 1288/1812/1275 1304/1838/1291 1285/1806/1272
f 1258/1771/1246 1261/1773/1248 1305/1839/1292
f 1305/1839/1292 1261/1773/1248 1268/1840/1258
f 1305/1839/1292 1268/1840/1258 1269/1807/1257
f 1285/1806/1272 1305/1839/1292 1269/1807/1257
f 1302/1841/1289 1250/1762/1239 1251/1763/1240
f 1292/1818/1279 1277/1795/1265 1275/1791/1261
f 1278/1796/1266 1277/1795/1265 1282/1802/1269
f 1248/1756/1236 1274/1792/1262 1247/1755/1235
f 1247/1755/1235 1274/1792/1262 1272/1789/1259
f 1256/1769/1244 1247/1755/1235 1272/1789/1259
f 1259/1770/1245 1256/1769/1244 1272/1789/1259
f 1261/1773/1248 1264/1776/1251 1268/1840/1258
f 1256/1769/1244 1249/1753/1233 1247/1755/1235
f 1306/1842/1293 1307/1843/1294 1312/1844/1295
f 1306/1842/1293 1308/1845/1296 1307/1843/1294
f 1310/1846/1297 1308/1845/1296 1306/1842/1293
f 1309/1847/1298 1306/1842/1293 1311/1848/1299
f 1309/1847/1298 1310/1846/1297 1306/1842/1293
f 1311/1848/1299 1306/1842/1293 1312/1844/1295
f 1307/1843/1294 1314/1849/1300 1312/1844/1295
f 1311/1848/1299 1312/1844/1295 1313/1850/1301
f 1312/1844/1295 1315/1851/1302 1313/1850/1301
f 1312/1844/1295 1314/1849/1300 1315/1851/1302
f 1313/1852/1301 1315/1853/1302 1316/1854/1303
f 1315/1853/1302 1317/1855/1304 1316/1854/1303
f 1315/1853/1302 1318/1856/1305 1317/1855/1304
f 1314/1849/1300 1318/1857/1305 1315/1851/1302
f 1319/1858/1306 1318/1856/1305 1322/1859/1307
f 1318/1856/1305 1319/1858/1306 1317/1855/1304
f 1318/1857/1305 1314/1849/1300 1320/1860/1308
f 1321/1861/1309 1318/1857/1305 1320/1860/1308
f 1318/1856/1305 1321/1862/1309 1322/1859/1307
f 1323/1863/1310 1324/1864/1311 1322/1859/1307
f 1321/1862/1309 1323/1863/1310 1322/1859/1307
f 1325/1865/1312 1322/1866/1307 1324/1867/1311
f 1326/1868/1313 1319/1869/1306 1322/1866/1307
f 1325/1865/1312 1326/1868/1313 1322/1866/1307
f 1326/1868/1313 1325/1865/1312 1327/1870/1314
f 1326/1868/1313 1327/1870/1314 1328/1871/1315
f 1319/1869/1306 1326/1868/1313 1328/1871/1315
f 1328/1871/1315 1327/1870/1314 1329/1872/1316
f 1317/1873/1304 1319/1869/1306 1328/1871/1315
f 1317/1873/1304 1328/1871/1315 1329/1872/1316
f 1327/1870/1314 1330/1874/1317 1329/1872/1316
f 1316/1875/1303 1317/1873/1304 1329/1872/1316
f 1316/1875/1303 1329/1872/1316 1331/1876/1318
f 1329/1872/1316 1330/1874/1317 1331/1876/1318
f 1331/1876/1318 1332/1877/1319 1333/1878/1320
f 1334/1879/1321 1332/1877/1319 1331/1876/1318
f 1333/1878/1320 1316/1875/1303 1331/1876/1318
f 1330/1874/1317 1334/1879/1321 1331/1876/1318
f 1330/1874/1317 1335/1880/1317 1334/1879/1321
f 1335/1880/1317 1336/1881/1322 1334/1879/1321
f 1334/1879/1321 1336/1881/1322 1337/1882/1323
f 1338/1883/1324 1334/1879/1321 1337/1882/1323
f 1338/1883/1324 1332/1877/1319 1334/1879/1321
f 1332/1877/1319 1338/1883/1324 1339/1884/1325
f 1338/1883/1324 1340/1885/1326 1339/1884/1325
f 1340/1885/1326 1338/1883/1324 1337/1882/1323
f 1341/1886/1327 1340/1885/1326 1337/1882/1323
f 1342/1887/1328 1340/1888/1326 1341/1889/1327
f 1340/1888/1326 1342/1887/1328 1339/1890/1325
f 1345/1891/1329 1342/1887/1328 1341/1889/1327
f 1342/1887/1328 1346/1892/1330 1339/1890/1325
f 1342/1893/1328 1343/1894/1331 1344/1895/1332
f 1343/1894/1331 1342/1893/1328 1345/1896/1329
f 1346/1897/1330 1342/1893/1328 1344/1895/1332
f 1347/1898/1333 1346/1897/1330 1348/1899/1334
f 1346/1900/1330 1347/1901/1333 1339/1902/1325
f 1346/1897/1330 1344/1895/1332 1348/1899/1334
f 1348/1899/1334 1311/1848/1299 1347/1898/1333
f 1348/1899/1334 1309/1847/1298 1311/1848/1299
f 1344/1895/1332 1309/1847/1298 1348/1899/1334
f 1311/1848/1299 1313/1850/1301 1347/1898/1333
f 1347/1901/1333 1313/1852/1301 1333/1903/1320
f 1347/1901/1333 1333/1903/1320 1339/1902/1325
f 1351/1904/1335 1345/1896/1329 1349/1905/1336
f 1349/1906/1336 1345/1891/1329 1350/1907/1337
f 1345/1891/1329 1341/1889/1327 1350/1907/1337
f 1351/1904/1335 1343/1894/1331 1345/1896/1329
f 1309/1847/1298 1343/1894/1331 1351/1904/1335
f 1351/1904/1335 1352/1908/1338 1309/1847/1298
f 1352/1908/1338 1351/1904/1335 1349/1905/1336
f 1352/1908/1338 1310/1846/1297 1309/1847/1298
f 1353/1909/1339 1310/1846/1297 1352/1908/1338
f 1349/1905/1336 1354/1910/1340 1352/1908/1338
f 1354/1910/1340 1353/1909/1339 1352/1908/1338
f 1356/1911/1341 1354/1912/1340 1355/1913/1342
f 1354/1912/1340 1349/1906/1336 1355/1913/1342
f 1354/1910/1340 1356/1914/1341 1353/1909/1339
f 1359/1915/1343 1356/1914/1341 1357/1916/1344
f 1357/1917/1344 1356/1911/1341 1360/1918/1345
f 1356/1911/1341 1358/1919/1346 1360/1918/1345
f 1358/1919/1346 1356/1911/1341 1355/1913/1342
f 1356/1914/1341 1359/1915/1343 1353/1909/1339
f 1357/1917/1344 1360/1918/1345 1361/1920/1347
f 1363/1921/1348 1361/1922/1347 1360/1923/1345
f 1360/1923/1345 1358/1924/1346 1362/1925/1349
f 1362/1925/1349 1363/1921/1348 1360/1923/1345
f 1363/1921/1348 1362/1925/1349 1336/1881/1322
f 1363/1921/1348 1364/1926/1350 1361/1922/1347
f 1364/1926/1350 1363/1921/1348 1335/1880/1317
f 1335/1880/1317 1363/1921/1348 1336/1881/1322
f 1365/1927/1351 1366/1928/1352 1364/1926/1350
f 1365/1927/1351 1364/1926/1350 1335/1880/1317
f 1364/1926/1350 1366/1928/1352 1367/1929/1353
f 1364/1926/1350 1367/1929/1353 1361/1922/1347
f 1368/1930/1354 1361/1920/1347 1367/1931/1353
f 1369/1932/1355 1368/1930/1354 1367/1931/1353
f 1369/1932/1355 1367/1931/1353 1370/1933/1356
f 1366/1928/1352 1370/1934/1356 1367/1929/1353
f 1371/1935/1357 1369/1932/1355 1370/1933/1356
f 1372/1936/1358 1371/1935/1357 1370/1933/1356
f 1373/1937/1359 1372/1936/1358 1370/1933/1356
f 1374/1938/1360 1373/1939/1359 1370/1934/1356
f 1366/1928/1352 1374/1938/1360 1370/1934/1356
f 1374/1938/1360 1365/1927/1351 1375/1940/1361
f 1374/1938/1360 1366/1928/1352 1365/1927/1351
f 1373/1939/1359 1374/1938/1360 1375/1940/1361
f 1375/1940/1361 1365/1927/1351 1327/1870/1314
f 1376/1941/1362 1375/1940/1361 1327/1870/1314
f 1375/1940/1361 1376/1941/1362 1377/1942/1363
f 1377/1942/1363 1373/1939/1359 1375/1940/1361
f 1376/1941/1362 1324/1867/1311 1377/1942/1363
f 1378/1943/1364 1372/1936/1358 1377/1944/1363
f 1378/1943/1364 1377/1944/1363 1324/1864/1311
f 1372/1936/1358 1373/1937/1359 1377/1944/1363
f 1378/1945/1364 1323/1946/1310 1379/1947/1365
f 1323/1863/1310 1378/1943/1364 1324/1864/1311
f 1380/1948/1366 1372/1949/1358 1378/1945/1364
f 1379/1947/1365 1380/1948/1366 1378/1945/1364
f 1381/1950/1367 1380/1948/1366 1379/1947/1365
f 1382/1951/1368 1380/1948/1366 1381/1950/1367
f 1372/1949/1358 1380/1948/1366 1382/1951/1368
f 1371/1952/1357 1382/1951/1368 1383/1953/1369
f 1382/1951/1368 1381/1950/1367 1383/1953/1369
f 1371/1952/1357 1372/1949/1358 1382/1951/1368
f 1369/1954/1355 1371/1952/1357 1383/1953/1369
f 1369/1954/1355 1383/1953/1369 1384/1955/1370
f 1384/1955/1370 1383/1953/1369 1381/1950/1367
f 1308/1845/1296 1384/1955/1370 1381/1950/1367
f 1368/1956/1354 1369/1954/1355 1384/1955/1370
f 1368/1956/1354 1384/1955/1370 1385/1957/1371
f 1385/1957/1371 1384/1955/1370 1308/1845/1296
f 1385/1957/1371 1359/1915/1343 1357/1916/1344
f 1310/1846/1297 1359/1915/1343 1385/1957/1371
f 1357/1916/1344 1368/1956/1354 1385/1957/1371
f 1310/1846/1297 1385/1957/1371 1308/1845/1296
f 1307/1843/1294 1381/1950/1367 1386/1958/1372
f 1308/1845/1296 1381/1950/1367 1307/1843/1294
f 1381/1950/1367 1379/1947/1365 1386/1958/1372
f 1320/1860/1308 1307/1843/1294 1386/1958/1372
f 1323/1946/1310 1386/1958/1372 1379/1947/1365
f 1321/1861/1309 1320/1860/1308 1386/1958/1372
f 1323/1946/1310 1321/1861/1309 1386/1958/1372
f 1327/1870/1314 1325/1865/1312 1376/1941/1362
f 1376/1941/1362 1325/1865/1312 1324/1867/1311
f 1368/1930/1354 1357/1917/1344 1361/1920/1347
f 1327/1870/1314 1365/1927/1351 1330/1874/1317
f 1365/1927/1351 1335/1880/1317 1330/1874/1317
f 1358/1924/1346 1387/1959/1373 1362/1925/1349
f 1387/1959/1373 1336/1881/1322 1362/1925/1349
f 1388/1960/1374 1387/1959/1373 1355/1961/1342
f 1387/1959/1373 1388/1960/1374 1336/1881/1322
f 1387/1959/1373 1358/1924/1346 1355/1961/1342
f 1389/1962/1375 1388/1960/1374 1350/1963/1337
f 1336/1881/1322 1388/1960/1374 1389/1962/1375
f 1388/1960/1374 1355/1961/1342 1350/1963/1337
f 1350/1963/1337 1341/1886/1327 1389/1962/1375
f 1341/1886/1327 1337/1882/1323 1389/1962/1375
f 1336/1881/1322 1389/1962/1375 1337/1882/1323
f 1353/1909/1339 1359/1915/1343 1310/1846/1297
f 1349/1906/1336 1350/1907/1337 1355/1913/1342
f 1344/1895/1332 1343/1894/1331 1309/1847/1298
f 1332/1877/1319 1339/1884/1325 1333/1878/1320
f 1313/1852/1301 1316/1854/1303 1333/1903/1320
f 1320/1860/1308 1314/1849/1300 1307/1843/1294
f 1390/1964/1376 1391/1965/1377 1396/1966/1378
f 1390/1964/1376 1392/1967/1379 1391/1965/1377
f 1393/1968/1380 1392/1967/1379 1390/1964/1376
f 1394/1969/1381 1393/1968/1380 1390/1964/1376
f 1394/1969/1381 1390/1964/1376 1395/1970/1382
f 1395/1970/1382 1390/1964/1376 1396/1966/1378
f 1396/1966/1378 1400/1971/1383 1397/1972/1384
f 1395/1970/1382 1396/1966/1378 1397/1972/1384
f 1399/1973/1385 1396/1966/1378 1398/1974/1386
f 1396/1966/1378 1391/1965/1377 1398/1974/1386
f 1399/1973/1385 1400/1971/1383 1396/1966/1378
f 1402/1975/1387 1400/1971/1383 1399/1973/1385
f 1397/1972/1384 1400/1971/1383 1401/1976/1388
f 1400/1971/1383 1402/1975/1387 1401/1976/1388
f 1403/1977/1389 1402/1975/1387 1399/1973/1385
f 1402/1978/1387 1403/1979/1389 1404/1980/1390
f 1405/1981/1391 1402/1978/1387 1404/1980/1390
f 1401/1982/1388 1402/1978/1387 1406/1983/1392
f 1402/1978/1387 1405/1981/1391 1406/1983/1392
f 1401/1982/1388 1406/1983/1392 1407/1984/1393
f 1407/1985/1393 1406/1986/1392 1408/1987/1394
f 1406/1986/1392 1405/1988/1391 1409/1989/1395
f 1406/1986/1392 1409/1989/1395 1408/1987/1394
f 1409/1989/1395 1410/1990/1396 1408/1987/1394
f 1411/1991/1397 1410/1990/1396 1409/1989/1395
f 1405/1988/1391 1411/1991/1397 1409/1989/1395
f 1411/1991/1397 1412/1992/1398 1410/1990/1396
f 1411/1991/1397 1405/1988/1391 1404/1993/1390
f 1412/1992/1398 1411/1991/1397 1404/1993/1390
f 1410/1990/1396 1412/1992/1398 1413/1994/1399
f 1412/1992/1398 1404/1993/1390 1414/1995/1400
f 1413/1994/1399 1412/1992/1398 1414/1995/1400
f 1417/1996/1401 1415/1997/1402 1414/1998/1400
f 1415/1997/1402 1416/1999/1403 1414/1998/1400
f 1413/1994/1399 1414/1995/1400 1416/2000/1403
f 1417/1996/1401 1414/1998/1400 1404/1980/1390
f 1417/2001/1401 1403/1977/1389 1398/1974/1386
f 1403/1979/1389 1417/1996/1401 1404/1980/1390
f 1415/2002/1402 1417/2001/1401 1418/2003/1404
f 1417/2001/1401 1398/1974/1386 1418/2003/1404
f 1419/2004/1405 1420/2005/1406 1418/2003/1404
f 1391/1965/1377 1419/2004/1405 1418/2003/1404
f 1418/2003/1404 1420/2005/1406 1415/2002/1402
f 1391/1965/1377 1418/2003/1404 1398/1974/1386
f 1419/2004/1405 1422/2006/1407 1420/2005/1406
f 1420/2005/1406 1421/2007/1408 1415/2002/1402
f 1420/2005/1406 1422/2006/1407 1421/2007/1408
f 1424/2008/1409 1422/2006/1407 1419/2004/1405
f 1423/2009/1410 1422/2006/1407 1424/2008/1409
f 1422/2006/1407 1423/2009/1410 1421/2007/1408
f 1424/2008/1409 1419/2004/1405 1426/2010/1411
f 1425/2011/1412 1423/2009/1410 1424/2008/1409
f 1425/2011/1412 1424/2008/1409 1426/2010/1411
f 1427/2012/1413 1426/2010/1411 1419/2004/1405
f 1428/2013/1414 1426/2010/1411 1427/2012/1413
f 1428/2013/1414 1425/2011/1412 1426/2010/1411
f 1429/2014/1415 1428/2013/1414 1427/2012/1413
f 1428/2015/1414 1429/2016/1415 1430/2017/1416
f 1428/2015/1414 1430/2017/1416 1431/2018/1417
f 1425/2019/1412 1428/2015/1414 1431/2018/1417
f 1423/2020/1410 1425/2019/1412 1431/2018/1417
f 1433/2021/1418 1431/2022/1417 1430/2023/1416
f 1432/2024/1419 1423/2020/1410 1431/2018/1417
f 1434/2025/1420 1432/2026/1419 1431/2022/1417
f 1433/2021/1418 1434/2025/1420 1431/2022/1417
f 1434/2025/1420 1433/2021/1418 1435/2027/1421
f 1434/2025/1420 1435/2027/1421 1436/2028/1422
f 1432/2026/1419 1434/2025/1420 1436/2028/1422
f 1436/2028/1422 1435/2027/1421 1439/2029/1423
f 1438/2030/1424 1436/2028/1422 1437/2031/1425
f 1437/2031/1425 1436/2028/1422 1439/2029/1423
f 1438/2030/1424 1432/2026/1419 1436/2028/1422
f 1410/1990/1396 1439/2029/1423 1440/2032/1426
f 1439/2029/1423 1441/2033/1427 1440/2032/1426
f 1439/2029/1423 1435/2027/1421 1441/2033/1427
f 1437/2031/1425 1439/2029/1423 1410/1990/1396
f 1441/2033/1427 1442/2034/1428 1444/2035/1429
f 1441/2033/1427 1443/2036/1430 1442/2034/1428
f 1435/2027/1421 1443/2036/1430 1441/2033/1427
f 1440/2032/1426 1441/2033/1427 1444/2035/1429
f 1440/2032/1426 1444/2035/1429 1445/2037/1431
f 1444/2035/1429 1448/2038/1432 1445/2037/1431
f 1447/2039/1433 1444/2035/1429 1446/2040/1434
f 1444/2035/1429 1442/2034/1428 1446/2040/1434
f 1447/2039/1433 1448/2038/1432 1444/2035/1429
f 1445/2037/1431 1448/2038/1432 1450/2041/1435
f 1448/2038/1432 1449/2042/1436 1450/2041/1435
f 1448/2038/1432 1447/2039/1433 1449/2042/1436
f 1451/2043/1437 1450/2044/1435 1449/2045/1436
f 1451/2043/1437 1452/2046/1438 1450/2044/1435
f 1450/2041/1435 1407/1985/1393 1445/2037/1431
f 1452/2046/1438 1407/1984/1393 1450/2044/1435
f 1452/2046/1438 1401/1982/1388 1407/1984/1393
f 1397/1972/1384 1401/1976/1388 1452/2047/1438
f 1453/2048/1439 1452/2047/1438 1451/2049/1437
f 1453/2048/1439 1397/1972/1384 1452/2047/1438
f 1455/2050/1440 1454/2051/1441 1453/2048/1439
f 1454/2051/1441 1395/1970/1382 1453/2048/1439
f 1453/2048/1439 1395/1970/1382 1397/1972/1384
f 1455/2050/1440 1453/2048/1439 1451/2049/1437
f 1456/2052/1442 1454/2051/1441 1455/2050/1440
f 1451/2049/1437 1457/2053/1443 1455/2050/1440
f 1457/2053/1443 1456/2052/1442 1455/2050/1440
f 1458/2054/1444 1457/2055/1443 1449/2056/1436
f 1457/2057/1443 1451/2043/1437 1449/2045/1436
f 1457/2053/1443 1458/2058/1444 1456/2052/1442
f 1462/2059/1445 1458/2058/1444 1459/2060/1446
f 1459/2061/1446 1458/2054/1444 1460/2062/1447
f 1461/2063/1448 1458/2054/1444 1449/2056/1436
f 1458/2054/1444 1461/2063/1448 1460/2062/1447
f 1458/2058/1444 1462/2059/1445 1456/2052/1442
f 1454/2051/1441 1462/2059/1445 1463/2064/1449
f 1456/2052/1442 1462/2059/1445 1454/2051/1441
f 1463/2064/1449 1462/2059/1445 1459/2060/1446
f 1463/2064/1449 1459/2060/1446 1464/2065/1450
f 1465/2066/1451 1463/2064/1449 1464/2065/1450
f 1463/2064/1449 1465/2066/1451 1454/2051/1441
f 1464/2065/1450 1467/2067/1452 1465/2066/1451
f 1465/2066/1451 1394/1969/1381 1454/2051/1441
f 1465/2066/1451 1466/2068/1453 1394/1969/1381
f 1467/2067/1452 1466/2068/1453 1465/2066/1451
f 1467/2069/1452 1464/2070/1450 1468/2071/1454
f 1467/2069/1452 1468/2071/1454 1469/2072/1455
f 1470/2073/1456 1467/2069/1452 1469/2072/1455
f 1467/2067/1452 1470/2074/1456 1466/2068/1453
f 1470/2074/1456 1471/2075/1457 1472/2076/1458
f 1471/2077/1457 1470/2073/1456 1469/2072/1455
f 1470/2074/1456 1472/2076/1458 1466/2068/1453
f 1472/2076/1458 1393/1968/1380 1466/2068/1453
f 1472/2076/1458 1473/2078/1459 1393/1968/1380
f 1471/2075/1457 1473/2078/1459 1472/2076/1458
f 1393/1968/1380 1473/2078/1459 1475/2079/1460
f 1473/2078/1459 1471/2075/1457 1474/2080/1461
f 1475/2079/1460 1473/2078/1459 1474/2080/1461
f 1393/1968/1380 1475/2079/1460 1392/1967/1379
f 1429/2014/1415 1427/2012/1413 1475/2079/1460
f 1474/2080/1461 1429/2014/1415 1475/2079/1460
f 1475/2079/1460 1427/2012/1413 1392/1967/1379
f 1429/2016/1415 1474/2081/1461 1476/2082/1462
f 1474/2081/1461 1477/2083/1463 1476/2082/1462
f 1474/2081/1461 1471/2077/1457 1477/2083/1463
f 1480/2084/1464 1476/2085/1462 1477/2086/1463
f 1471/2077/1457 1478/2087/1465 1477/2083/1463
f 1477/2086/1463 1478/2088/1465 1479/2089/1466
f 1479/2089/1466 1480/2084/1464 1477/2086/1463
f 1480/2084/1464 1479/2089/1466 1482/2090/1467
f 1480/2084/1464 1481/2091/1468 1476/2085/1462
f 1481/2091/1468 1480/2084/1464 1443/2036/1430
f 1443/2036/1430 1480/2084/1464 1482/2090/1467
f 1443/2036/1430 1482/2090/1467 1442/2034/1428
f 1442/2034/1428 1482/2090/1467 1483/2092/1469
f 1482/2090/1467 1484/2093/1470 1483/2092/1469
f 1482/2090/1467 1486/2094/1471 1484/2093/1470
f 1485/2095/1472 1482/2090/1467 1479/2089/1466
f 1485/2095/1472 1486/2094/1471 1482/2090/1467
f 1484/2093/1470 1486/2094/1471 1468/2096/1454
f 1486/2094/1471 1485/2095/1472 1469/2097/1455
f 1486/2094/1471 1469/2097/1455 1468/2096/1454
f 1478/2088/1465 1485/2095/1472 1479/2089/1466
f 1485/2095/1472 1478/2088/1465 1469/2097/1455
f 1483/2092/1469 1484/2093/1470 1487/2098/1473
f 1484/2093/1470 1468/2096/1454 1487/2098/1473
f 1464/2070/1450 1487/2099/1473 1468/2071/1454
f 1464/2070/1450 1459/2061/1446 1487/2099/1473
f 1459/2061/1446 1460/2062/1447 1487/2099/1473
f 1487/2098/1473 1460/2100/1447 1483/2092/1469
f 1460/2100/1447 1446/2040/1434 1483/2092/1469
f 1442/2034/1428 1483/2092/1469 1446/2040/1434
f 1435/2027/1421 1433/2021/1418 1481/2091/1468
f 1435/2027/1421 1481/2091/1468 1443/2036/1430
f 1481/2091/1468 1433/2021/1418 1430/2023/1416
f 1481/2091/1468 1430/2023/1416 1476/2085/1462
f 1478/2087/1465 1471/2077/1457 1469/2072/1455
f 1429/2016/1415 1476/2082/1462 1430/2017/1416
f 1466/2068/1453 1393/1968/1380 1394/1969/1381
f 1447/2039/1433 1461/2101/1448 1449/2042/1436
f 1460/2100/1447 1461/2101/1448 1446/2040/1434
f 1461/2101/1448 1447/2039/1433 1446/2040/1434
f 1454/2051/1441 1394/1969/1381 1395/1970/1382
f 1407/1985/1393 1408/1987/1394 1445/2037/1431
f 1408/1987/1394 1440/2032/1426 1445/2037/1431
f 1410/1990/1396 1440/2032/1426 1408/1987/1394
f 1416/2000/1403 1438/2030/1424 1437/2031/1425
f 1421/2102/1408 1423/2020/1410 1438/2103/1424
f 1421/2102/1408 1438/2103/1424 1416/1999/1403
f 1423/2020/1410 1432/2024/1419 1438/2103/1424
f 1413/1994/1399 1437/2031/1425 1410/1990/1396
f 1437/2031/1425 1413/1994/1399 1416/2000/1403
f 1392/1967/1379 1427/2012/1413 1419/2004/1405
f 1415/1997/1402 1421/2102/1408 1416/1999/1403
f 1392/1967/1379 1419/2004/1405 1391/1965/1377
f 1403/1977/1389 1399/1973/1385 1398/1974/1386
f 1488/2104/1474 1489/2105/1475 1494/2106/1476
f 1488/2104/1474 1490/2107/1477 1489/2105/1475
f 1488/2104/1474 1491/2108/1478 1490/2107/1477
f 1492/2109/1479 1491/2108/1478 1488/2104/1474
f 1493/2110/1480 1492/2109/1479 1488/2104/1474
f 1493/2110/1480 1488/2104/1474 1494/2106/1476
f 1494/2106/1476 1489/2105/1475 1495/2111/1481
f 1496/2112/1482 1494/2106/1476 1495/2111/1481
f 1497/2113/1483 1494/2106/1476 1496/2112/1482
f 1493/2110/1480 1494/2106/1476 1497/2113/1483
f 1498/2114/1484 1501/2115/1485 1497/2116/1483
f 1500/2117/1486 1498/2114/1484 1497/2116/1483
f 1499/2118/1487 1493/2110/1480 1497/2113/1483
f 1499/2119/1487 1497/2116/1483 1501/2115/1485
f 1500/2117/1486 1497/2116/1483 1502/2120/1488
f 1502/2121/1488 1497/2113/1483 1496/2112/1482
f 1503/2122/1489 1500/2117/1486 1502/2120/1488
f 1504/2123/1490 1502/2121/1488 1496/2112/1482
f 1503/2122/1489 1502/2120/1488 1505/2124/1491
f 1504/2125/1490 1506/2126/1492 1502/2120/1488
f 1506/2126/1492 1505/2124/1491 1502/2120/1488
f 1506/2127/1492 1504/2123/1490 1507/2128/1493
f 1506/2127/1492 1507/2128/1493 1505/2129/1491
f 1507/2128/1493 1508/2130/1494 1509/2131/1495
f 1504/2123/1490 1508/2130/1494 1507/2128/1493
f 1507/2128/1493 1509/2131/1495 1510/2132/1496
f 1507/2128/1493 1510/2132/1496 1505/2129/1491
f 1510/2132/1496 1511/2133/1497 1513/2134/1498
f 1509/2131/1495 1511/2133/1497 1510/2132/1496
f 1512/2135/1499 1510/2132/1496 1513/2134/1498
f 1505/2129/1491 1510/2132/1496 1512/2135/1499
f 1513/2134/1498 1511/2133/1497 1514/2136/1500
f 1513/2137/1498 1514/2138/1500 1515/2139/1501
f 1516/2140/1502 1513/2137/1498 1515/2139/1501
f 1512/2141/1499 1513/2137/1498 1516/2140/1502
f 1517/2142/1503 1516/2140/1502 1519/2143/1504
f 1517/2142/1503 1512/2141/1499 1516/2140/1502
f 1519/2143/1504 1516/2140/1502 1518/2144/1505
f 1516/2140/1502 1515/2139/1501 1518/2144/1505
f 1521/2145/1506 1517/2142/1503 1519/2143/1504
f 1521/2145/1506 1519/2143/1504 1520/2146/1507
f 1520/2146/1507 1519/2143/1504 1522/2147/1508
f 1519/2143/1504 1518/2144/1505 1522/2147/1508
f 1520/2146/1507 1522/2147/1508 1523/2148/1509
f 1522/2147/1508 1524/2149/1510 1523/2148/1509
f 1522/2147/1508 1525/2150/1511 1524/2149/1510
f 1522/2147/1508 1518/2144/1505 1525/2150/1511
f 1518/2144/1505 1526/2151/1512 1525/2150/1511
f 1525/2150/1511 1526/2151/1512 1527/2152/1513
f 1525/2150/1511 1527/2152/1513 1528/2153/1514
f 1525/2150/1511 1528/2153/1514 1524/2149/1510
f 1531/2154/1515 1528/2153/1514 1529/2155/1516
f 1527/2152/1513 1529/2155/1516 1528/2153/1514
f 1531/2154/1515 1530/2156/1517 1528/2153/1514
f 1530/2156/1517 1524/2149/1510 1528/2153/1514
f 1530/2156/1517 1531/2154/1515 1532/2157/1518
f 1532/2157/1518 1531/2154/1515 1533/2158/1519
f 1531/2154/1515 1534/2159/1520 1533/2158/1519
f 1534/2159/1520 1531/2154/1515 1529/2155/1516
f 1534/2159/1520 1535/2160/1521 1537/2161/1519
f 1535/2160/1521 1534/2159/1520 1536/2162/1522
f 1534/2159/1520 1529/2155/1516 1536/2162/1522
f 1533/2158/1519 1534/2159/1520 1537/2161/1519
f 1537/2161/1519 1538/2163/1523 1540/2164/1524
f 1537/2161/1519 1535/2160/1521 1538/2163/1523
f 1537/2161/1519 1540/2164/1524 1539/2165/1525
f 1533/2158/1519 1537/2161/1519 1539/2165/1525
f 1538/2163/1523 1543/2166/1526 1540/2164/1524
f 1539/2165/1525 1540/2164/1524 1541/2167/1527
f 1541/2167/1527 1540/2164/1524 1542/2168/1528
f 1540/2164/1524 1543/2166/1526 1542/2168/1528
f 1543/2169/1526 1547/2170/1529 1544/2171/1530
f 1542/2172/1528 1543/2169/1526 1544/2171/1530
f 1538/2173/1523 1545/2174/1531 1543/2169/1526
f 1545/2174/1531 1546/2175/1532 1543/2169/1526
f 1543/2169/1526 1546/2175/1532 1547/2170/1529
f 1546/2175/1532 1548/2176/1533 1547/2170/1529
f 1549/2177/1534 1544/2178/1530 1547/2179/1529
f 1550/2180/1535 1547/2179/1529 1548/2181/1533
f 1550/2180/1535 1549/2177/1534 1547/2179/1529
f 1551/2182/1536 1550/2180/1535 1548/2181/1533
f 1553/2183/1537 1550/2180/1535 1551/2182/1536
f 1552/2184/1538 1549/2177/1534 1550/2180/1535
f 1553/2183/1537 1552/2184/1538 1550/2180/1535
f 1554/2185/1539 1552/2184/1538 1553/2183/1537
f 1526/2151/1512 1554/2185/1539 1553/2183/1537
f 1527/2152/1513 1553/2183/1537 1551/2182/1536
f 1526/2151/1512 1553/2183/1537 1527/2152/1513
f 1554/2185/1539 1555/2186/1540 1552/2184/1538
f 1514/2138/1500 1555/2186/1540 1554/2185/1539
f 1515/2139/1501 1514/2138/1500 1554/2185/1539
f 1515/2139/1501 1554/2185/1539 1526/2151/1512
f 1556/2187/1541 1558/2188/1542 1555/2189/1540
f 1514/2136/1500 1556/2187/1541 1555/2189/1540
f 1555/2186/1540 1557/2190/1543 1552/2184/1538
f 1555/2189/1540 1558/2188/1542 1557/2191/1543
f 1559/2192/1544 1558/2188/1542 1556/2187/1541
f 1559/2192/1544 1561/2193/1545 1558/2188/1542
f 1558/2188/1542 1560/2194/1546 1557/2191/1543
f 1561/2193/1545 1560/2194/1546 1558/2188/1542
f 1559/2192/1544 1562/2195/1547 1561/2193/1545
f 1562/2195/1547 1563/2196/1548 1561/2193/1545
f 1561/2193/1545 1563/2196/1548 1564/2197/1519
f 1561/2193/1545 1564/2197/1519 1560/2194/1546
f 1564/2197/1519 1566/2198/1549 1565/2199/1550
f 1564/2197/1519 1565/2199/1550 1567/2200/1551
f 1563/2196/1548 1566/2198/1549 1564/2197/1519
f 1564/2197/1519 1567/2200/1551 1560/2194/1546
f 1568/2201/1552 1567/2200/1551 1569/2202/1553
f 1560/2194/1546 1567/2200/1551 1568/2201/1552
f 1565/2199/1550 1570/2203/1554 1567/2200/1551
f 1567/2200/1551 1570/2203/1554 1569/2202/1553
f 1565/2204/1550 1571/2205/1555 1570/2206/1554
f 1571/2205/1555 1542/2172/1528 1570/2206/1554
f 1570/2206/1554 1542/2172/1528 1569/2207/1553
f 1566/2198/1549 1571/2208/1555 1565/2199/1550
f 1571/2208/1555 1566/2198/1549 1542/2168/1528
f 1568/2209/1552 1569/2210/1553 1544/2178/1530
f 1542/2172/1528 1544/2171/1530 1569/2207/1553
f 1557/2191/1543 1560/2194/1546 1568/2201/1552
f 1549/2177/1534 1568/2209/1552 1544/2178/1530
f 1557/2190/1543 1568/2209/1552 1549/2177/1534
f 1566/2198/1549 1541/2167/1527 1542/2168/1528
f 1566/2198/1549 1563/2196/1548 1541/2167/1527
f 1563/2196/1548 1562/2195/1547 1572/2211/1556
f 1563/2196/1548 1572/2211/1556 1541/2167/1527
f 1574/2212/1557 1573/2213/1558 1572/2211/1556
f 1573/2213/1558 1539/2165/1525 1572/2211/1556
f 1572/2211/1556 1539/2165/1525 1541/2167/1527
f 1562/2195/1547 1574/2212/1557 1572/2211/1556
f 1576/2214/1559 1573/2213/1558 1574/2212/1557
f 1577/2215/1560 1575/2216/1561 1574/2212/1557
f 1575/2216/1561 1576/2214/1559 1574/2212/1557
f 1562/2195/1547 1577/2215/1560 1574/2212/1557
f 1578/2217/1562 1577/2215/1560 1579/2218/1563
f 1577/2215/1560 1578/2217/1562 1575/2216/1561
f 1577/2215/1560 1562/2195/1547 1559/2192/1544
f 1579/2218/1563 1577/2215/1560 1559/2192/1544
f 1509/2131/1495 1578/2217/1562 1579/2218/1563
f 1509/2131/1495 1579/2218/1563 1511/2133/1497
f 1579/2218/1563 1556/2187/1541 1511/2133/1497
f 1579/2218/1563 1559/2192/1544 1556/2187/1541
f 1508/2130/1494 1578/2217/1562 1509/2131/1495
f 1578/2217/1562 1508/2130/1494 1495/2111/1481
f 1578/2217/1562 1495/2111/1481 1575/2216/1561
f 1490/2107/1477 1532/2157/1518 1576/2214/1559
f 1490/2107/1477 1576/2214/1559 1489/2105/1475
f 1489/2105/1475 1576/2214/1559 1575/2216/1561
f 1532/2157/1518 1573/2213/1558 1576/2214/1559
f 1495/2111/1481 1489/2105/1475 1575/2216/1561
f 1533/2158/1519 1539/2165/1525 1573/2213/1558
f 1532/2157/1518 1533/2158/1519 1573/2213/1558
f 1552/2184/1538 1557/2190/1543 1549/2177/1534
f 1511/2133/1497 1556/2187/1541 1514/2136/1500
f 1527/2152/1513 1551/2182/1536 1529/2155/1516
f 1551/2182/1536 1548/2181/1533 1536/2162/1522
f 1551/2182/1536 1536/2162/1522 1529/2155/1516
f 1548/2181/1533 1546/2219/1532 1536/2162/1522
f 1545/2220/1531 1535/2160/1521 1546/2219/1532
f 1535/2160/1521 1536/2162/1522 1546/2219/1532
f 1535/2160/1521 1545/2220/1531 1538/2163/1523
f 1490/2107/1477 1530/2156/1517 1532/2157/1518
f 1491/2108/1478 1530/2156/1517 1490/2107/1477
f 1530/2156/1517 1491/2108/1478 1524/2149/1510
f 1518/2144/1505 1515/2139/1501 1526/2151/1512
f 1491/2108/1478 1523/2148/1509 1524/2149/1510
f 1520/2146/1507 1523/2148/1509 1580/2221/1564
f 1491/2108/1478 1492/2109/1479 1523/2148/1509
f 1492/2109/1479 1580/2221/1564 1523/2148/1509
f 1581/2222/1565 1520/2146/1507 1580/2221/1564
f 1492/2109/1479 1582/2223/1566 1580/2221/1564
f 1581/2222/1565 1580/2221/1564 1501/2224/1485
f 1582/2223/1566 1501/2224/1485 1580/2221/1564
f 1582/2225/1566 1499/2119/1487 1501/2115/1485
f 1499/2118/1487 1582/2223/1566 1493/2110/1480
f 1582/2223/1566 1492/2109/1479 1493/2110/1480
f 1581/2222/1565 1521/2145/1506 1520/2146/1507
f 1498/2226/1484 1581/2222/1565 1501/2224/1485
f 1498/2226/1484 1500/2227/1486 1581/2222/1565
f 1500/2227/1486 1521/2145/1506 1581/2222/1565
f 1500/2227/1486 1503/2228/1489 1521/2145/1506
f 1503/2228/1489 1517/2142/1503 1521/2145/1506
f 1583/2229/1567 1512/2141/1499 1517/2142/1503
f 1503/2228/1489 1583/2229/1567 1517/2142/1503
f 1583/2230/1567 1505/2129/1491 1512/2135/1499
f 1583/2231/1567 1503/2122/1489 1505/2124/1491
f 1508/2130/1494 1496/2112/1482 1495/2111/1481
f 1508/2130/1494 1504/2123/1490 1496/2112/1482
f 1584/2232/1568 1585/2233/1569 1590/2234/1570
f 1584/2232/1568 1586/2235/1571 1585/2233/1569
f 1588/2236/1572 1586/2235/1571 1584/2232/1568
f 1587/2237/1573 1584/2232/1568 1589/2238/1574
f 1587/2237/1573 1588/2236/1572 1584/2232/1568
f 1589/2238/1574 1584/2232/1568 1590/2234/1570
f 1590/2234/1570 1585/2233/1569 1592/2239/1575
f 1589/2238/1574 1590/2234/1570 1591/2240/1576
f 1590/2234/1570 1594/2241/1577 1591/2240/1576
f 1593/2242/1578 1590/2234/1570 1592/2239/1575
f 1593/2242/1578 1594/2241/1577 1590/2234/1570
f 1596/2243/1579 1594/2241/1577 1593/2242/1578
f 1591/2240/1576 1594/2241/1577 1595/2244/1580
f 1594/2241/1577 1596/2243/1579 1595/2244/1580
f 1597/2245/1581 1596/2243/1579 1593/2242/1578
f 1596/2246/1579 1597/2247/1581 1598/2248/1582
f 1600/2249/1583 1596/2246/1579 1598/2248/1582
f 1595/2250/1580 1596/2246/1579 1599/2251/1584
f 1596/2246/1579 1600/2249/1583 1599/2251/1584
f 1601/2252/1585 1600/2253/1583 1598/2254/1582
f 1600/2253/1583 1601/2252/1585 1602/2255/1586
f 1599/2256/1584 1600/2253/1583 1602/2255/1586
f 1601/2252/1585 1603/2257/1587 1602/2255/1586
f 1602/2255/1586 1603/2257/1587 1604/2258/1588
f 1599/2256/1584 1602/2255/1586 1604/2258/1588
f 1603/2257/1587 1606/2259/1589 1604/2258/1588
f 1607/2260/1590 1604/2258/1588 1605/2261/1591
f 1604/2258/1588 1606/2259/1589 1605/2261/1591
f 1607/2260/1590 1599/2256/1584 1604/2258/1588
f 1608/2262/1592 1607/2263/1590 1609/2264/1593
f 1608/2262/1592 1595/2250/1580 1607/2263/1590
f 1595/2250/1580 1599/2251/1584 1607/2263/1590
f 1609/2265/1593 1607/2260/1590 1605/2261/1591
f 1610/2266/1594 1609/2264/1593 1611/2267/1595
f 1610/2266/1594 1608/2262/1592 1609/2264/1593
f 1612/2268/1596 1611/2269/1595 1609/2265/1593
f 1605/2261/1591 1612/2268/1596 1609/2265/1593
f 1612/2268/1596 1614/2270/1597 1611/2269/1595
f 1614/2270/1597 1612/2268/1596 1613/2271/1598
f 1613/2271/1598 1612/2268/1596 1605/2261/1591
f 1614/2270/1597 1616/2272/1599 1611/2269/1595
f 1616/2272/1599 1614/2270/1597 1615/2273/1600
f 1614/2270/1597 1613/2271/1598 1615/2273/1600
f 1616/2274/1599 1618/2275/1601 1611/2276/1595
f 1617/2277/1602 1616/2272/1599 1615/2273/1600
f 1618/2275/1601 1616/2274/1599 1617/2278/1602
f 1618/2275/1601 1622/2279/1603 1611/2276/1595
f 1621/2280/1604 1618/2281/1601 1619/2282/1605
f 1619/2283/1605 1618/2275/1601 1617/2278/1602
f 1622/2284/1603 1618/2281/1601 1620/2285/1606
f 1618/2281/1601 1621/2280/1604 1620/2285/1606
f 1610/2286/1594 1622/2284/1603 1623/2287/1607
f 1622/2288/1603 1610/2266/1594 1611/2267/1595
f 1622/2284/1603 1620/2285/1606 1623/2287/1607
f 1623/2287/1607 1624/2289/1608 1610/2286/1594
f 1623/2287/1607 1625/2290/1609 1624/2289/1608
f 1620/2285/1606 1625/2290/1609 1623/2287/1607
f 1625/2290/1609 1589/2238/1574 1624/2289/1608
f 1625/2290/1609 1587/2237/1573 1589/2238/1574
f 1626/2291/1610 1587/2237/1573 1625/2290/1609
f 1627/2292/1611 1626/2291/1610 1625/2290/1609
f 1625/2290/1609 1621/2280/1604 1627/2292/1611
f 1620/2285/1606 1621/2280/1604 1625/2290/1609
f 1627/2292/1611 1621/2280/1604 1619/2282/1605
f 1627/2292/1611 1619/2282/1605 1628/2293/1612
f 1626/2291/1610 1627/2292/1611 1628/2293/1612
f 1628/2294/1612 1629/2295/1613 1630/2296/1614
f 1628/2294/1612 1619/2283/1605 1629/2295/1613
f 1631/2297/1615 1628/2294/1612 1630/2296/1614
f 1628/2293/1612 1631/2298/1615 1626/2291/1610
f 1631/2297/1615 1630/2296/1614 1632/2299/1616
f 1633/2300/1617 1631/2297/1615 1632/2299/1616
f 1631/2298/1615 1633/2301/1617 1634/2302/1618
f 1631/2298/1615 1634/2302/1618 1626/2291/1610
f 1626/2291/1610 1634/2302/1618 1587/2237/1573
f 1634/2302/1618 1588/2236/1572 1587/2237/1573
f 1635/2303/1619 1588/2236/1572 1634/2302/1618
f 1633/2301/1617 1635/2303/1619 1634/2302/1618
f 1633/2301/1617 1636/2304/1620 1635/2303/1619
f 1636/2304/1620 1637/2305/1621 1635/2303/1619
f 1635/2303/1619 1637/2305/1621 1588/2236/1572
f 1637/2305/1621 1636/2304/1620 1639/2306/1622
f 1588/2236/1572 1637/2305/1621 1638/2307/1623
f 1638/2307/1623 1637/2305/1621 1639/2306/1622
f 1639/2306/1622 1640/2308/1624 1638/2307/1623
f 1640/2309/1624 1639/2310/1622 1641/2311/1625
f 1639/2310/1622 1642/2312/1626 1641/2311/1625
f 1639/2310/1622 1636/2313/1620 1642/2312/1626
f 1645/2314/1627 1641/2315/1625 1642/2316/1626
f 1636/2313/1620 1643/2317/1628 1642/2312/1626
f 1642/2316/1626 1643/2318/1628 1644/2319/1629
f 1644/2319/1629 1645/2314/1627 1642/2316/1626
f 1645/2314/1627 1648/2320/1630 1641/2315/1625
f 1645/2314/1627 1644/2319/1629 1646/2321/1631
f 1647/2322/1632 1645/2314/1627 1646/2321/1631
f 1648/2320/1630 1645/2314/1627 1647/2322/1632
f 1649/2323/1633 1651/2324/1634 1648/2320/1630
f 1649/2323/1633 1648/2320/1630 1647/2322/1632
f 1648/2320/1630 1650/2325/1635 1641/2315/1625
f 1648/2320/1630 1651/2324/1634 1650/2325/1635
f 1653/2326/1636 1651/2324/1634 1649/2323/1633
f 1651/2324/1634 1652/2327/1637 1650/2325/1635
f 1651/2324/1634 1653/2326/1636 1652/2327/1637
f 1653/2326/1636 1649/2323/1633 1654/2328/1638
f 1653/2326/1636 1655/2329/1639 1652/2327/1637
f 1655/2329/1639 1653/2326/1636 1654/2328/1638
f 1655/2330/1639 1656/2331/1640 1652/2332/1637
f 1657/2333/1641 1655/2329/1639 1654/2328/1638
f 1656/2331/1640 1655/2330/1639 1657/2334/1641
f 1660/2335/1642 1657/2333/1641 1658/2336/1643
f 1657/2333/1641 1654/2328/1638 1658/2336/1643
f 1659/2337/1644 1656/2331/1640 1657/2334/1641
f 1659/2337/1644 1657/2334/1641 1660/2338/1642
f 1658/2336/1643 1663/2339/1645 1660/2335/1642
f 1661/2340/1646 1660/2338/1642 1662/2341/1647
f 1661/2340/1646 1659/2337/1644 1660/2338/1642
f 1663/2339/1645 1662/2342/1647 1660/2335/1642
f 1603/2257/1587 1664/2343/1648 1663/2339/1645
f 1663/2339/1645 1658/2336/1643 1603/2257/1587
f 1663/2339/1645 1664/2343/1648 1662/2342/1647
f 1601/2252/1585 1664/2343/1648 1603/2257/1587
f 1664/2343/1648 1598/2254/1582 1662/2342/1647
f 1664/2343/1648 1601/2252/1585 1598/2254/1582
f 1665/2344/1649 1661/2340/1646 1662/2341/1647
f 1665/2344/1649 1662/2341/1647 1598/2248/1582
f 1661/2345/1646 1665/2346/1649 1666/2347/1650
f 1665/2346/1649 1597/2245/1581 1592/2239/1575
f 1597/2247/1581 1665/2344/1649 1598/2248/1582
f 1665/2346/1649 1592/2239/1575 1666/2347/1650
f 1585/2233/1569 1666/2347/1650 1592/2239/1575
f 1585/2233/1569 1667/2348/1651 1666/2347/1650
f 1667/2348/1651 1668/2349/1652 1666/2347/1650
f 1666/2347/1650 1668/2349/1652 1661/2345/1646
f 1667/2348/1651 1669/2350/1653 1668/2349/1652
f 1668/2349/1652 1659/2351/1644 1661/2345/1646
f 1668/2349/1652 1669/2350/1653 1659/2351/1644
f 1670/2352/1654 1669/2350/1653 1667/2348/1651
f 1656/2353/1640 1669/2350/1653 1670/2352/1654
f 1669/2350/1653 1656/2353/1640 1659/2351/1644
f 1670/2352/1654 1667/2348/1651 1672/2354/1655
f 1671/2355/1656 1656/2353/1640 1670/2352/1654
f 1671/2355/1656 1670/2352/1654 1672/2354/1655
f 1673/2356/1657 1672/2354/1655 1667/2348/1651
f 1674/2357/1658 1672/2354/1655 1673/2356/1657
f 1674/2357/1658 1671/2355/1656 1672/2354/1655
f 1674/2358/1658 1650/2359/1635 1652/2332/1637
f 1674/2358/1658 1640/2309/1624 1650/2359/1635
f 1671/2360/1656 1674/2358/1658 1652/2332/1637
f 1640/2308/1624 1674/2357/1658 1673/2356/1657
f 1638/2307/1623 1673/2356/1657 1586/2235/1571
f 1586/2235/1571 1673/2356/1657 1667/2348/1651
f 1640/2308/1624 1673/2356/1657 1638/2307/1623
f 1656/2331/1640 1671/2360/1656 1652/2332/1637
f 1586/2235/1571 1667/2348/1651 1585/2233/1569
f 1658/2336/1643 1675/2361/1659 1603/2257/1587
f 1658/2336/1643 1654/2328/1638 1675/2361/1659
f 1603/2257/1587 1675/2361/1659 1606/2259/1589
f 1675/2361/1659 1676/2362/1660 1606/2259/1589
f 1675/2361/1659 1649/2323/1633 1676/2362/1660
f 1654/2328/1638 1649/2323/1633 1675/2361/1659
f 1676/2362/1660 1677/2363/1661 1613/2271/1598
f 1676/2362/1660 1647/2322/1632 1677/2363/1661
f 1649/2323/1633 1647/2322/1632 1676/2362/1660
f 1606/2259/1589 1676/2362/1660 1613/2271/1598
f 1677/2363/1661 1646/2321/1631 1678/2364/1662
f 1647/2322/1632 1646/2321/1631 1677/2363/1661
f 1613/2271/1598 1677/2363/1661 1615/2273/1600
f 1677/2363/1661 1678/2364/1662 1615/2273/1600
f 1646/2321/1631 1679/2365/1663 1678/2364/1662
f 1629/2366/1613 1617/2277/1602 1678/2364/1662
f 1678/2364/1662 1679/2365/1663 1629/2366/1613
f 1617/2277/1602 1615/2273/1600 1678/2364/1662
f 1646/2321/1631 1680/2367/1664 1679/2365/1663
f 1679/2365/1663 1630/2368/1614 1629/2366/1613
f 1679/2365/1663 1680/2367/1664 1630/2368/1614
f 1680/2367/1664 1681/2369/1665 1632/2370/1616
f 1681/2369/1665 1680/2367/1664 1646/2321/1631
f 1680/2367/1664 1632/2370/1616 1630/2368/1614
f 1643/2318/1628 1681/2369/1665 1644/2319/1629
f 1681/2369/1665 1646/2321/1631 1644/2319/1629
f 1681/2369/1665 1643/2318/1628 1632/2370/1616
f 1640/2309/1624 1641/2311/1625 1650/2359/1635
f 1643/2317/1628 1636/2313/1620 1632/2299/1616
f 1588/2236/1572 1638/2307/1623 1586/2235/1571
f 1636/2313/1620 1633/2300/1617 1632/2299/1616
f 1619/2283/1605 1617/2278/1602 1629/2295/1613
f 1624/2289/1608 1589/2238/1574 1591/2240/1576
f 1624/2289/1608 1591/2240/1576 1608/2371/1592
f 1624/2289/1608 1608/2371/1592 1610/2286/1594
f 1606/2259/1589 1613/2271/1598 1605/2261/1591
f 1591/2240/1576 1595/2244/1580 1608/2371/1592
f 1597/2245/1581 1593/2242/1578 1592/2239/1575
f 1682/2372/1666 1683/2373/1667 1688/2374/1668
f 1682/2372/1666 1684/2375/1669 1683/2373/1667
f 1686/2376/1670 1684/2375/1669 1682/2372/1666
f 1685/2377/1671 1682/2372/1666 1687/2378/1672
f 1685/2377/1671 1686/2376/1670 1682/2372/1666
f 1687/2378/1672 1682/2372/1666 1688/2374/1668
f 1688/2374/1668 1690/2379/1673 1689/2380/1674
f 1687/2378/1672 1688/2374/1668 1689/2380/1674
f 1688/2374/1668 1691/2381/1675 1690/2379/1673
f 1683/2373/1667 1691/2381/1675 1688/2374/1668
f 1691/2381/1675 1692/2382/1676 1690/2379/1673
f 1692/2382/1676 1691/2381/1675 1693/2383/1677
f 1693/2383/1677 1691/2381/1675 1683/2373/1667
f 1695/2384/1678 1693/2383/1677 1694/2385/1679
f 1693/2383/1677 1683/2373/1667 1694/2385/1679
f 1695/2384/1678 1692/2382/1676 1693/2383/1677
f 1697/2386/1680 1695/2384/1678 1694/2385/1679
f 1692/2387/1676 1695/2388/1678 1696/2389/1681
f 1695/2388/1678 1697/2390/1680 1696/2389/1681
f 1697/2390/1680 1698/2391/1682 1696/2389/1681
f 1697/2390/1680 1699/2392/1683 1698/2391/1682
f 1700/2393/1684 1699/2394/1683 1697/2386/1680
f 1694/2385/1679 1700/2393/1684 1697/2386/1680
f 1702/2395/1685 1700/2393/1684 1694/2385/1679
f 1700/2393/1684 1701/2396/1686 1699/2394/1683
f 1702/2395/1685 1701/2396/1686 1700/2393/1684
f 1684/2375/1669 1703/2397/1687 1702/2395/1685
f 1684/2375/1669 1702/2395/1685 1683/2373/1667
f 1683/2373/1667 1702/2395/1685 1694/2385/1679
f 1703/2397/1687 1704/2398/1688 1702/2395/1685
f 1705/2399/1689 1702/2395/1685 1704/2398/1688
f 1705/2399/1689 1701/2396/1686 1702/2395/1685
f 1707/2400/1690 1706/2401/1691 1705/2399/1689
f 1706/2401/1691 1701/2396/1686 1705/2399/1689
f 1707/2400/1690 1705/2399/1689 1704/2398/1688
f 1708/2402/1692 1707/2400/1690 1704/2398/1688
f 1707/2403/1690 1708/2404/1692 1709/2405/1693
f 1706/2406/1691 1707/2403/1690 1709/2405/1693
f 1708/2404/1692 1713/2407/1694 1709/2405/1693
f 1710/2408/1695 1706/2406/1691 1709/2405/1693
f 1712/2409/1696 1710/2410/1695 1709/2411/1693
f 1711/2412/1697 1712/2409/1696 1709/2411/1693
f 1711/2412/1697 1709/2411/1693 1713/2413/1694
f 1708/2404/1692 1714/2414/1698 1713/2407/1694
f 1714/2414/1698 1715/2415/1699 1713/2407/1694
f 1716/2416/1700 1713/2413/1694 1715/2417/1699
f 1716/2416/1700 1711/2412/1697 1713/2413/1694
f 1717/2418/1701 1711/2412/1697 1716/2416/1700
f 1717/2418/1701 1716/2416/1700 1718/2419/1702
f 1716/2416/1700 1719/2420/1703 1718/2419/1702
f 1719/2420/1703 1716/2416/1700 1715/2417/1699
f 1718/2419/1702 1719/2420/1703 1721/2421/1704
f 1720/2422/1705 1719/2420/1703 1722/2423/1706
f 1719/2420/1703 1720/2422/1705 1721/2421/1704
f 1719/2420/1703 1715/2417/1699 1722/2423/1706
f 1723/2424/1707 1724/2425/1708 1722/2426/1706
f 1723/2424/1707 1722/2426/1706 1715/2415/1699
f 1724/2425/1708 1725/2427/1709 1722/2426/1706
f 1722/2423/1706 1725/2428/1709 1720/2422/1705
f 1725/2427/1709 1724/2425/1708 1727/2429/1710
f 1726/2430/1711 1725/2428/1709 1727/2431/1710
f 1725/2428/1709 1726/2430/1711 1720/2422/1705
f 1724/2425/1708 1728/2432/1712 1727/2429/1710
f 1728/2432/1712 1729/2433/1713 1727/2429/1710
f 1729/2433/1713 1731/2434/1714 1727/2429/1710
f 1730/2435/1715 1726/2430/1711 1727/2431/1710
f 1730/2435/1715 1727/2431/1710 1731/2436/1714
f 1732/2437/1716 1730/2435/1715 1731/2436/1714
f 1732/2437/1716 1731/2436/1714 1734/2438/1717
f 1729/2433/1713 1733/2439/1718 1731/2434/1714
f 1733/2439/1718 1734/2440/1717 1731/2434/1714
f 1735/2441/1719 1736/2442/1720 1734/2440/1717
f 1733/2439/1718 1735/2441/1719 1734/2440/1717
f 1734/2438/1717 1736/2443/1720 1737/2444/1721
f 1737/2444/1721 1732/2437/1716 1734/2438/1717
f 1721/2421/1704 1732/2437/1716 1737/2444/1721
f 1736/2443/1720 1738/2445/1722 1737/2444/1721
f 1738/2445/1722 1739/2446/1723 1737/2444/1721
f 1739/2446/1723 1721/2421/1704 1737/2444/1721
f 1740/2447/1724 1739/2446/1723 1741/2448/1725
f 1740/2447/1724 1718/2419/1702 1739/2446/1723
f 1718/2419/1702 1721/2421/1704 1739/2446/1723
f 1739/2446/1723 1742/2449/1726 1741/2448/1725
f 1738/2445/1722 1742/2449/1726 1739/2446/1723
f 1742/2449/1726 1743/2450/1727 1744/2451/1728
f 1742/2449/1726 1738/2445/1722 1743/2450/1727
f 1741/2448/1725 1742/2449/1726 1744/2451/1728
f 1746/2452/1729 1689/2453/1674 1744/2454/1728
f 1689/2453/1674 1745/2455/1730 1744/2454/1728
f 1744/2451/1728 1745/2456/1730 1741/2448/1725
f 1746/2452/1729 1744/2454/1728 1743/2457/1727
f 1687/2378/1672 1689/2380/1674 1746/2458/1729
f 1746/2458/1729 1747/2459/1731 1748/2460/1732
f 1747/2461/1731 1746/2452/1729 1743/2457/1727
f 1748/2460/1732 1687/2378/1672 1746/2458/1729
f 1749/2462/1733 1685/2377/1671 1748/2460/1732
f 1748/2460/1732 1685/2377/1671 1687/2378/1672
f 1747/2459/1731 1749/2462/1733 1748/2460/1732
f 1749/2462/1733 1750/2463/1734 1685/2377/1671
f 1735/2464/1719 1750/2463/1734 1749/2462/1733
f 1747/2459/1731 1735/2464/1719 1749/2462/1733
f 1685/2377/1671 1750/2463/1734 1751/2465/1735
f 1751/2465/1735 1750/2463/1734 1733/2466/1718
f 1750/2463/1734 1735/2464/1719 1733/2466/1718
f 1751/2465/1735 1752/2467/1736 1685/2377/1671
f 1729/2468/1713 1752/2467/1736 1751/2465/1735
f 1733/2466/1718 1729/2468/1713 1751/2465/1735
f 1752/2467/1736 1686/2376/1670 1685/2377/1671
f 1728/2469/1712 1753/2470/1737 1752/2467/1736
f 1753/2470/1737 1686/2376/1670 1752/2467/1736
f 1729/2468/1713 1728/2469/1712 1752/2467/1736
f 1753/2470/1737 1754/2471/1738 1686/2376/1670
f 1724/2472/1708 1754/2471/1738 1753/2470/1737
f 1728/2469/1712 1724/2472/1708 1753/2470/1737
f 1686/2376/1670 1754/2471/1738 1755/2473/1739
f 1754/2471/1738 1724/2472/1708 1723/2474/1707
f 1755/2473/1739 1754/2471/1738 1723/2474/1707
f 1686/2376/1670 1755/2473/1739 1684/2375/1669
f 1714/2475/1698 1703/2397/1687 1755/2473/1739
f 1755/2473/1739 1703/2397/1687 1684/2375/1669
f 1723/2474/1707 1714/2475/1698 1755/2473/1739
f 1735/2441/1719 1747/2476/1731 1743/2477/1727
f 1689/2453/1674 1690/2478/1673 1745/2455/1730
f 1690/2478/1673 1756/2479/1740 1745/2455/1730
f 1745/2456/1730 1756/2480/1740 1757/2481/1741
f 1745/2456/1730 1757/2481/1741 1741/2448/1725
f 1759/2482/1742 1758/2483/1743 1757/2481/1741
f 1758/2483/1743 1740/2447/1724 1757/2481/1741
f 1757/2481/1741 1740/2447/1724 1741/2448/1725
f 1756/2480/1740 1759/2482/1742 1757/2481/1741
f 1760/2484/1744 1758/2483/1743 1759/2482/1742
f 1756/2480/1740 1761/2485/1745 1759/2482/1742
f 1761/2485/1745 1760/2484/1744 1759/2482/1742
f 1761/2486/1745 1692/2387/1676 1696/2389/1681
f 1692/2387/1676 1761/2486/1745 1756/2479/1740
f 1760/2484/1744 1761/2485/1745 1696/2487/1681
f 1760/2484/1744 1762/2488/1746 1758/2483/1743
f 1762/2488/1746 1760/2484/1744 1696/2487/1681
f 1762/2488/1746 1696/2487/1681 1698/2489/1682
f 1763/2490/1747 1762/2488/1746 1698/2489/1682
f 1758/2483/1743 1762/2488/1746 1763/2490/1747
f 1763/2490/1747 1764/2491/1748 1758/2483/1743
f 1765/2492/1749 1764/2491/1748 1763/2490/1747
f 1698/2489/1682 1765/2492/1749 1763/2490/1747
f 1699/2392/1683 1765/2493/1749 1698/2391/1682
f 1706/2406/1691 1710/2408/1695 1765/2493/1749
f 1699/2392/1683 1706/2406/1691 1765/2493/1749
f 1765/2492/1749 1710/2410/1695 1764/2491/1748
f 1712/2409/1696 1717/2418/1701 1764/2491/1748
f 1764/2491/1748 1717/2418/1701 1758/2483/1743
f 1710/2410/1695 1712/2409/1696 1764/2491/1748
f 1758/2483/1743 1717/2418/1701 1740/2447/1724
f 1690/2478/1673 1692/2387/1676 1756/2479/1740
f 1738/2445/1722 1736/2443/1720 1743/2450/1727
f 1736/2442/1720 1735/2441/1719 1743/2477/1727
f 1717/2418/1701 1718/2419/1702 1740/2447/1724
f 1721/2421/1704 1730/2435/1715 1732/2437/1716
f 1726/2430/1711 1730/2435/1715 1721/2421/1704
f 1726/2430/1711 1721/2421/1704 1720/2422/1705
f 1714/2414/1698 1723/2424/1707 1715/2415/1699
f 1712/2409/1696 1711/2412/1697 1717/2418/1701
f 1714/2475/1698 1708/2402/1692 1703/2397/1687
f 1708/2402/1692 1704/2398/1688 1703/2397/1687
f 1701/2396/1686 1706/2401/1691 1699/2394/1683
f 1766/2494/1750 1767/2495/1751 1772/2496/1752
f 1766/2494/1750 1768/2497/1753 1767/2495/1751
f 1769/2498/1754 1768/2497/1753 1766/2494/1750
f 1770/2499/1755 1769/2498/1754 1766/2494/1750
f 1770/2499/1755 1766/2494/1750 1771/2500/1756
f 1771/2500/1756 1766/2494/1750 1772/2496/1752
f 1772/2496/1752 1774/2501/1757 1773/2502/1758
f 1771/2500/1756 1772/2496/1752 1773/2502/1758
f 1775/2503/1759 1774/2501/1757 1772/2496/1752
f 1767/2495/1751 1775/2503/1759 1772/2496/1752
f 1777/2504/1760 1776/2505/1761 1775/2503/1759
f 1767/2495/1751 1777/2504/1760 1775/2503/1759
f 1777/2506/1760 1768/2507/1753 1778/2508/1762
f 1768/2497/1753 1777/2504/1760 1767/2495/1751
f 1777/2506/1760 1778/2508/1762 1779/2509/1763
f 1776/2510/1761 1777/2506/1760 1779/2509/1763
f 1780/2511/1764 1779/2509/1763 1778/2508/1762
f 1782/2512/1765 1780/2511/1764 1781/2513/1766
f 1781/2513/1766 1780/2511/1764 1778/2508/1762
f 1782/2512/1765 1783/2514/1767 1784/2515/1768
f 1783/2514/1767 1782/2512/1765 1781/2513/1766
f 1785/2516/1769 1782/2512/1765 1784/2515/1768
f 1787/2517/1770 1785/2516/1769 1786/2518/1771
f 1785/2516/1769 1784/2515/1768 1786/2518/1771
f 1787/2517/1770 1786/2518/1771 1788/2519/1772
f 1786/2518/1771 1790/2520/1773 1788/2519/1772
f 1789/2521/1774 1788/2519/1772 1790/2520/1773
f 1790/2520/1773 1786/2518/1771 1791/2522/1775
f 1792/2523/1776 1790/2520/1773 1791/2522/1775
f 1792/2523/1776 1789/2521/1774 1790/2520/1773
f 1792/2523/1776 1793/2524/1777 1794/2525/1778
f 1793/2524/1777 1792/2523/1776 1791/2522/1775
f 1789/2521/1774 1792/2523/1776 1794/2525/1778
f 1794/2526/1778 1795/2527/1779 1798/2528/1780
f 1795/2527/1779 1794/2526/1778 1799/2529/1781
f 1793/2524/1777 1796/2530/1782 1794/2525/1778
f 1794/2526/1778 1796/2531/1782 1799/2529/1781
f 1797/2532/1783 1789/2521/1774 1794/2525/1778
f 1797/2533/1783 1794/2526/1778 1798/2528/1780
f 1800/2534/1784 1799/2529/1781 1802/2535/1785
f 1800/2534/1784 1801/2536/1786 1799/2529/1781
f 1801/2536/1786 1795/2527/1779 1799/2529/1781
f 1799/2529/1781 1796/2531/1782 1802/2535/1785
f 1796/2531/1782 1803/2537/1787 1802/2535/1785
f 1802/2535/1785 1803/2537/1787 1804/2538/1788
f 1805/2539/1789 1802/2535/1785 1804/2538/1788
f 1805/2539/1789 1800/2534/1784 1802/2535/1785
f 1806/2540/1790 1800/2534/1784 1805/2539/1789
f 1807/2541/1791 1806/2540/1790 1805/2539/1789
f 1807/2541/1791 1805/2539/1789 1808/2542/1792
f 1808/2542/1792 1805/2539/1789 1804/2538/1788
f 1808/2542/1792 1804/2538/1788 1809/2543/1793
f 1810/2544/1794 1808/2542/1792 1809/2543/1793
f 1811/2545/1795 1807/2541/1791 1808/2542/1792
f 1811/2545/1795 1808/2542/1792 1810/2544/1794
f 1813/2546/1796 1807/2541/1791 1811/2545/1795
f 1814/2547/1797 1811/2545/1795 1812/2548/1798
f 1812/2548/1798 1811/2545/1795 1810/2544/1794
f 1814/2547/1797 1813/2546/1796 1811/2545/1795
f 1815/2549/1799 1817/2550/1800 1814/2547/1797
f 1815/2549/1799 1814/2547/1797 1816/2551/1801
f 1816/2551/1801 1814/2547/1797 1812/2548/1798
f 1817/2550/1800 1813/2546/1796 1814/2547/1797
f 1817/2550/1800 1818/2552/1802 1813/2546/1796
f 1818/2552/1802 1817/2550/1800 1819/2553/1803
f 1819/2553/1803 1817/2550/1800 1820/2554/1804
f 1817/2550/1800 1815/2549/1799 1820/2554/1804
f 1820/2554/1804 1815/2549/1799 1822/2555/1805
f 1820/2554/1804 1821/2556/1806 1819/2553/1803
f 1823/2557/1807 1821/2556/1806 1820/2554/1804
f 1822/2555/1805 1823/2557/1807 1820/2554/1804
f 1824/2558/1808 1823/2557/1807 1822/2555/1805
f 1823/2557/1807 1824/2558/1808 1826/2559/1809
f 1821/2556/1806 1823/2557/1807 1825/2560/1810
f 1825/2560/1810 1823/2557/1807 1826/2559/1809
f 1825/2560/1810 1826/2559/1809 1827/2561/1811
f 1827/2561/1811 1826/2559/1809 1829/2562/1812
f 1826/2559/1809 1828/2563/1813 1829/2562/1812
f 1826/2559/1809 1824/2558/1808 1828/2563/1813
f 1830/2564/1814 1827/2561/1811 1829/2562/1812
f 1832/2565/1815 1829/2562/1812 1828/2563/1813
f 1831/2566/1816 1830/2564/1814 1829/2562/1812
f 1833/2567/1817 1831/2566/1816 1829/2562/1812
f 1832/2565/1815 1833/2567/1817 1829/2562/1812
f 1833/2567/1817 1836/2568/1818 1831/2566/1816
f 1835/2569/1819 1834/2570/1820 1833/2567/1817
f 1834/2570/1820 1836/2568/1818 1833/2567/1817
f 1835/2569/1819 1833/2567/1817 1832/2565/1815
f 1836/2568/1818 1837/2571/1821 1831/2566/1816
f 1836/2568/1818 1838/2572/1822 1837/2571/1821
f 1839/2573/1823 1838/2572/1822 1836/2568/1818
f 1834/2570/1820 1839/2573/1823 1836/2568/1818
f 1838/2574/1822 1839/2575/1823 1840/2576/1824
f 1842/2577/1825 1839/2573/1823 1834/2570/1820
f 1839/2575/1823 1841/2578/1826 1840/2576/1824
f 1841/2578/1826 1839/2575/1823 1842/2579/1825
f 1843/2580/1827 1841/2578/1826 1842/2579/1825
f 1843/2580/1827 1842/2579/1825 1844/2581/1828
f 1844/2582/1828 1842/2577/1825 1845/2583/1829
f 1845/2583/1829 1842/2577/1825 1834/2570/1820
f 1846/2584/1830 1844/2582/1828 1845/2583/1829
f 1846/2584/1830 1845/2583/1829 1847/2585/1831
f 1845/2583/1829 1834/2570/1820 1848/2586/1832
f 1845/2583/1829 1848/2586/1832 1847/2585/1831
f 1834/2570/1820 1835/2569/1819 1848/2586/1832
f 1847/2585/1831 1848/2586/1832 1850/2587/1833
f 1848/2586/1832 1849/2588/1834 1850/2587/1833
f 1848/2586/1832 1835/2569/1819 1849/2588/1834
f 1852/2589/1835 1847/2585/1831 1850/2587/1833
f 1850/2587/1833 1849/2588/1834 1854/2590/1836
f 1851/2591/1837 1850/2587/1833 1853/2592/1838
f 1851/2591/1837 1852/2589/1835 1850/2587/1833
f 1853/2592/1838 1850/2587/1833 1854/2590/1836
f 1854/2590/1836 1855/2593/1839 1857/2594/1840
f 1854/2590/1836 1849/2588/1834 1855/2593/1839
f 1853/2592/1838 1854/2590/1836 1856/2595/1841
f 1856/2595/1841 1854/2590/1836 1857/2594/1840
f 1857/2594/1840 1860/2596/1842 1858/2597/1843
f 1859/2598/1844 1857/2594/1840 1858/2597/1843
f 1856/2595/1841 1857/2594/1840 1859/2598/1844
f 1857/2594/1840 1855/2593/1839 1860/2596/1842
f 1858/2597/1843 1860/2596/1842 1861/2599/1845
f 1860/2596/1842 1863/2600/1846 1861/2599/1845
f 1855/2593/1839 1862/2601/1847 1860/2596/1842
f 1860/2596/1842 1862/2601/1847 1863/2600/1846
f 1861/2599/1845 1863/2600/1846 1864/2602/1848
f 1862/2601/1847 1828/2563/1813 1863/2600/1846
f 1824/2558/1808 1863/2600/1846 1828/2563/1813
f 1863/2600/1846 1824/2558/1808 1864/2602/1848
f 1822/2555/1805 1865/2603/1849 1864/2602/1848
f 1865/2603/1849 1866/2604/1850 1864/2602/1848
f 1864/2602/1848 1824/2558/1808 1822/2555/1805
f 1864/2602/1848 1866/2604/1850 1861/2599/1845
f 1866/2604/1850 1867/2605/1851 1861/2599/1845
f 1867/2605/1851 1866/2604/1850 1868/2606/1852
f 1866/2604/1850 1869/2607/1853 1868/2606/1852
f 1866/2604/1850 1865/2603/1849 1869/2607/1853
f 1868/2606/1852 1869/2607/1853 1870/2608/1854
f 1869/2607/1853 1871/2609/1855 1870/2608/1854
f 1869/2607/1853 1816/2551/1801 1871/2609/1855
f 1865/2603/1849 1816/2551/1801 1869/2607/1853
f 1870/2608/1854 1871/2609/1855 1872/2610/1856
f 1871/2609/1855 1873/2611/1857 1872/2610/1856
f 1871/2609/1855 1812/2548/1798 1873/2611/1857
f 1816/2551/1801 1812/2548/1798 1871/2609/1855
f 1872/2610/1856 1873/2611/1857 1875/2612/1858
f 1812/2548/1798 1810/2544/1794 1873/2611/1857
f 1873/2611/1857 1810/2544/1794 1874/2613/1859
f 1873/2611/1857 1874/2613/1859 1875/2612/1858
f 1874/2613/1859 1876/2614/1860 1875/2612/1858
f 1876/2614/1860 1877/2615/1861 1875/2612/1858
f 1875/2612/1858 1877/2615/1861 1878/2616/1862
f 1872/2610/1856 1875/2612/1858 1879/2617/1863
f 1875/2612/1858 1878/2616/1862 1879/2617/1863
f 1879/2617/1863 1878/2616/1862 1882/2618/1864
f 1872/2610/1856 1879/2617/1863 1880/2619/1865
f 1880/2619/1865 1879/2617/1863 1881/2620/1866
f 1879/2617/1863 1882/2618/1864 1881/2620/1866
f 1878/2616/1862 1883/2621/1867 1882/2618/1864
f 1882/2618/1864 1883/2621/1867 1885/2622/1868
f 1881/2620/1866 1882/2618/1864 1884/2623/1869
f 1882/2618/1864 1885/2622/1868 1884/2623/1869
f 1885/2622/1868 1887/2624/1870 1886/2625/1871
f 1885/2622/1868 1886/2625/1871 1888/2626/1872
f 1883/2621/1867 1887/2624/1870 1885/2622/1868
f 1884/2623/1869 1885/2622/1868 1888/2626/1872
f 1888/2626/1872 1889/2627/1873 1891/2628/1874
f 1888/2626/1872 1890/2629/1875 1889/2627/1873
f 1888/2626/1872 1886/2625/1871 1890/2629/1875
f 1884/2623/1869 1888/2626/1872 1891/2628/1874
f 1891/2628/1874 1889/2627/1873 1892/2630/1876
f 1891/2628/1874 1892/2630/1876 1893/2631/1877
f 1894/2632/1878 1891/2628/1874 1893/2631/1877
f 1884/2623/1869 1891/2628/1874 1894/2632/1878
f 1893/2631/1877 1895/2633/1879 1894/2632/1878
f 1895/2633/1879 1896/2634/1880 1894/2632/1878
f 1881/2620/1866 1884/2623/1869 1894/2632/1878
f 1894/2632/1878 1896/2634/1880 1881/2620/1866
f 1896/2634/1880 1897/2635/1881 1881/2620/1866
f 1896/2634/1880 1898/2636/1882 1897/2635/1881
f 1899/2637/1883 1898/2636/1882 1896/2634/1880
f 1895/2633/1879 1899/2637/1883 1896/2634/1880
f 1899/2637/1883 1902/2638/1884 1900/2639/1885
f 1901/2640/1886 1899/2637/1883 1900/2639/1885
f 1899/2637/1883 1901/2640/1886 1903/2641/1887
f 1904/2642/1888 1902/2638/1884 1899/2637/1883
f 1898/2636/1882 1899/2637/1883 1903/2641/1887
f 1895/2633/1879 1904/2642/1888 1899/2637/1883
f 1904/2642/1888 1905/2643/1889 1902/2638/1884
f 1906/2644/1890 1905/2643/1889 1904/2642/1888
f 1907/2645/1891 1906/2644/1890 1904/2642/1888
f 1907/2645/1891 1904/2642/1888 1895/2633/1879
f 1893/2631/1877 1892/2630/1876 1907/2645/1891
f 1893/2631/1877 1907/2645/1891 1895/2633/1879
f 1907/2645/1891 1908/2646/1892 1906/2644/1890
f 1892/2630/1876 1908/2646/1892 1907/2645/1891
f 1908/2646/1892 1910/2647/1893 1909/2648/1894
f 1908/2646/1892 1909/2648/1894 1906/2644/1890
f 1892/2630/1876 1911/2649/1895 1908/2646/1892
f 1911/2649/1895 1910/2647/1893 1908/2646/1892
f 1889/2627/1873 1911/2649/1895 1892/2630/1876
f 1889/2627/1873 1912/2650/1896 1911/2649/1895
f 1912/2650/1896 1910/2647/1893 1911/2649/1895
f 1890/2629/1875 1913/2651/1897 1912/2650/1896
f 1890/2629/1875 1912/2650/1896 1889/2627/1873
f 1913/2651/1897 1914/2652/1898 1912/2650/1896
f 1912/2650/1896 1914/2652/1898 1910/2647/1893
f 1913/2651/1897 1916/2653/1899 1914/2652/1898
f 1914/2652/1898 1915/2654/1900 1910/2647/1893
f 1914/2652/1898 1917/2655/1901 1915/2654/1900
f 1916/2653/1899 1917/2655/1901 1914/2652/1898
f 1917/2655/1901 1920/2656/1902 1915/2654/1900
f 1916/2657/1899 1918/2658/1903 1917/2659/1901
f 1918/2658/1903 1919/2660/1904 1917/2659/1901
f 1917/2659/1901 1919/2660/1904 1920/2661/1902
f 1919/2660/1904 1921/2662/1905 1920/2661/1902
f 1920/2661/1902 1921/2662/1905 1922/2663/1906
f 1920/2656/1902 1922/2664/1906 1909/2648/1894
f 1915/2654/1900 1920/2656/1902 1909/2648/1894
f 1909/2648/1894 1922/2664/1906 1906/2644/1890
f 1921/2662/1905 1924/2665/1907 1922/2663/1906
f 1922/2664/1906 1923/2666/1908 1906/2644/1890
f 1922/2663/1906 1924/2665/1907 1923/2667/1908
f 1924/2665/1907 1927/2668/1909 1925/2669/1910
f 1926/2670/1911 1924/2665/1907 1925/2669/1910
f 1924/2665/1907 1921/2662/1905 1927/2668/1909
f 1924/2665/1907 1926/2670/1911 1923/2667/1908
f 1927/2668/1909 1928/2671/1912 1930/2672/1913
f 1921/2662/1905 1928/2671/1912 1927/2668/1909
f 1925/2669/1910 1927/2668/1909 1929/2673/1914
f 1927/2668/1909 1930/2672/1913 1929/2673/1914
f 1930/2672/1913 1932/2674/1915 1931/2675/1916
f 1929/2673/1914 1930/2672/1913 1931/2675/1916
f 1928/2671/1912 1933/2676/1917 1930/2672/1913
f 1930/2672/1913 1933/2676/1917 1932/2674/1915
f 1928/2671/1912 1934/2677/1918 1933/2676/1917
f 1934/2677/1918 1935/2678/1919 1933/2676/1917
f 1933/2676/1917 1935/2678/1919 1932/2674/1915
f 1934/2677/1918 1936/2679/1920 1935/2678/1919
f 1936/2679/1920 1937/2680/1921 1935/2678/1919
f 1935/2678/1919 1937/2680/1921 1938/2681/1922
f 1932/2674/1915 1935/2678/1919 1938/2681/1922
f 1940/2682/1923 1939/2683/1924 1938/2681/1922
f 1938/2681/1922 1939/2683/1924 1941/2684/1925
f 1932/2674/1915 1938/2681/1922 1941/2684/1925
f 1937/2680/1921 1940/2682/1923 1938/2681/1922
f 1931/2675/1916 1932/2674/1915 1941/2684/1925
f 1941/2684/1925 1942/2685/1926 1931/2675/1916
f 1942/2685/1926 1941/2684/1925 1943/2686/1927
f 1939/2683/1924 1943/2686/1927 1941/2684/1925
f 1944/2687/1928 1942/2685/1926 1943/2686/1927
f 1944/2687/1928 1943/2686/1927 1945/2688/1929
f 1946/2689/1930 1945/2688/1929 1943/2686/1927
f 1939/2683/1924 1946/2689/1930 1943/2686/1927
f 1946/2689/1930 1947/2690/1931 1948/2691/1932
f 1946/2689/1930 1949/2692/1933 1947/2690/1931
f 1949/2692/1933 1946/2689/1930 1939/2683/1924
f 1945/2688/1929 1946/2689/1930 1948/2691/1932
f 1949/2692/1933 1950/2693/1934 1952/2694/1935
f 1950/2693/1934 1949/2692/1933 1951/2695/1936
f 1949/2692/1933 1940/2682/1923 1951/2695/1936
f 1940/2682/1923 1949/2692/1933 1939/2683/1924
f 1949/2692/1933 1952/2694/1935 1947/2690/1931
f 1952/2696/1935 1953/2697/1937 1955/2698/1938
f 1950/2693/1934 1953/2699/1937 1952/2694/1935
f 1947/2700/1931 1952/2696/1935 1954/2701/1939
f 1954/2701/1939 1952/2696/1935 1955/2698/1938
f 1954/2701/1939 1955/2698/1938 1956/2702/1940
f 1956/2702/1940 1955/2698/1938 1958/2703/1941
f 1955/2698/1938 1953/2697/1937 1957/2704/1942
f 1955/2698/1938 1957/2704/1942 1958/2703/1941
f 1959/2705/1943 1960/2706/1944 1958/2703/1941
f 1957/2704/1942 1959/2705/1943 1958/2703/1941
f 1956/2702/1940 1958/2703/1941 1913/2651/1897
f 1958/2703/1941 1960/2706/1944 1913/2651/1897
f 1959/2705/1943 1961/2707/1945 1960/2706/1944
f 1960/2706/1944 1962/2708/1946 1913/2651/1897
f 1961/2707/1945 1963/2709/1947 1960/2706/1944
f 1960/2706/1944 1963/2709/1947 1962/2708/1946
f 1963/2709/1947 1961/2707/1945 1966/2710/1948
f 1963/2709/1947 1964/2711/1949 1962/2708/1946
f 1964/2711/1949 1963/2709/1947 1965/2712/1950
f 1963/2709/1947 1966/2710/1948 1965/2712/1950
f 1965/2712/1950 1966/2710/1948 1969/2713/1951
f 1961/2707/1945 1967/2714/1952 1966/2710/1948
f 1966/2710/1948 1967/2714/1952 1968/2715/1953
f 1966/2710/1948 1968/2715/1953 1969/2713/1951
f 1969/2713/1951 1970/2716/1954 1965/2712/1950
f 1969/2713/1951 1968/2715/1953 1971/2717/1955
f 1972/2718/1956 1970/2716/1954 1969/2713/1951
f 1971/2717/1955 1972/2718/1956 1969/2713/1951
f 1972/2719/1956 1973/2720/1957 1975/2721/1958
f 1973/2722/1957 1972/2718/1956 1971/2717/1955
f 1970/2723/1954 1972/2719/1956 1974/2724/1959
f 1974/2724/1959 1972/2719/1956 1975/2721/1958
f 1974/2724/1959 1975/2721/1958 1976/2725/1960
f 1976/2725/1960 1975/2721/1958 1977/2726/1961
f 1975/2721/1958 1973/2720/1957 1978/2727/1962
f 1975/2721/1958 1978/2727/1962 1977/2726/1961
f 1973/2720/1957 1981/2728/1963 1978/2727/1962
f 1977/2726/1961 1978/2727/1962 1979/2729/1964
f 1978/2727/1962 1980/2730/1965 1979/2729/1964
f 1978/2727/1962 1981/2728/1963 1980/2730/1965
f 1981/2728/1963 1982/2731/1966 1980/2730/1965
f 1982/2732/1966 1981/2733/1963 1983/2734/1967
f 1981/2733/1963 1973/2722/1957 1984/2735/1968
f 1983/2734/1967 1981/2733/1963 1984/2735/1968
f 1984/2735/1968 1973/2722/1957 1971/2717/1955
f 1971/2717/1955 1985/2736/1969 1984/2735/1968
f 1985/2736/1969 1986/2737/1970 1984/2735/1968
f 1984/2735/1968 1986/2737/1970 1983/2734/1967
f 1985/2736/1969 1987/2738/1971 1986/2737/1970
f 1987/2738/1971 1988/2739/1972 1986/2737/1970
f 1986/2737/1970 1988/2739/1972 1989/2740/1973
f 1986/2737/1970 1989/2740/1973 1983/2734/1967
f 1983/2734/1967 1989/2740/1973 1992/2741/1974
f 1989/2740/1973 1990/2742/1975 1991/2743/1976
f 1988/2739/1972 1990/2742/1975 1989/2740/1973
f 1989/2740/1973 1991/2743/1976 1992/2741/1974
f 1992/2741/1974 1982/2732/1966 1983/2734/1967
f 1991/2743/1976 1995/2744/1977 1992/2741/1974
f 1993/2745/1978 1982/2732/1966 1992/2741/1974
f 1994/2746/1979 1993/2745/1978 1992/2741/1974
f 1995/2744/1977 1994/2746/1979 1992/2741/1974
f 1997/2747/1980 1995/2744/1977 1996/2748/1981
f 1995/2744/1977 1991/2743/1976 1996/2748/1981
f 1995/2744/1977 1997/2747/1980 1994/2746/1979
f 1998/2749/1982 1997/2747/1980 2002/2750/1983
f 1997/2747/1980 1998/2749/1982 1999/2751/1984
f 2000/2752/1985 1997/2747/1980 1996/2748/1981
f 2001/2753/1986 1997/2747/1980 1999/2751/1984
f 1997/2747/1980 2000/2752/1985 2002/2750/1983
f 1997/2747/1980 2001/2753/1986 1994/2746/1979
f 2002/2750/1983 2003/2754/1987 1998/2749/1982
f 2004/2755/1988 2003/2754/1987 2002/2750/1983
f 2000/2752/1985 2004/2755/1988 2002/2750/1983
f 2006/2756/1989 2004/2757/1988 2005/2758/1990
f 2005/2759/1990 2004/2755/1988 2000/2752/1985
f 2004/2757/1988 2006/2756/1989 2003/2760/1987
f 2006/2756/1989 2009/2761/1991 2007/2762/1992
f 2006/2756/1989 2007/2762/1992 2003/2760/1987
f 2008/2763/1993 2006/2756/1989 2005/2758/1990
f 2009/2761/1991 2006/2756/1989 2008/2763/1993
f 2009/2761/1991 2012/2764/1994 2010/2765/1995
f 2009/2761/1991 2010/2765/1995 2007/2762/1992
f 2012/2764/1994 2009/2761/1991 2011/2766/1996
f 2011/2766/1996 2009/2761/1991 2008/2763/1993
f 2012/2764/1994 2013/2767/1997 2010/2765/1995
f 2014/2768/1998 2012/2764/1994 2011/2766/1996
f 2012/2764/1994 2015/2769/1999 2013/2767/1997
f 2015/2769/1999 2012/2764/1994 2014/2768/1998
f 2015/2769/1999 2016/2770/2000 2013/2767/1997
f 1993/2771/1978 2015/2769/1999 2014/2768/1998
f 2015/2772/1999 1993/2745/1978 1994/2746/1979
f 2016/2773/2000 2015/2772/1999 2001/2753/1986
f 2001/2753/1986 2015/2772/1999 1994/2746/1979
f 2016/2770/2000 2017/2774/2001 2013/2767/1997
f 2017/2775/2001 2016/2773/2000 1999/2751/1984
f 1999/2751/1984 2016/2773/2000 2001/2753/1986
f 2003/2754/1987 2017/2775/2001 1998/2749/1982
f 1998/2749/1982 2017/2775/2001 1999/2751/1984
f 2017/2774/2001 2003/2760/1987 2010/2765/1995
f 2017/2774/2001 2010/2765/1995 2013/2767/1997
f 1980/2730/1965 2014/2768/1998 2011/2766/1996
f 1982/2731/1966 1993/2771/1978 2014/2768/1998
f 1980/2730/1965 1982/2731/1966 2014/2768/1998
f 1979/2729/1964 2011/2766/1996 2008/2763/1993
f 1979/2729/1964 1980/2730/1965 2011/2766/1996
f 2003/2760/1987 2007/2762/1992 2010/2765/1995
f 2018/2776/2002 2008/2763/1993 2005/2758/1990
f 2018/2776/2002 1979/2729/1964 2008/2763/1993
f 2019/2777/2003 1977/2726/1961 2018/2776/2002
f 2019/2777/2003 2018/2776/2002 2020/2778/2004
f 2020/2778/2004 2018/2776/2002 2005/2758/1990
f 1977/2726/1961 1979/2729/1964 2018/2776/2002
f 2021/2779/2005 2020/2780/2004 2022/2781/2006
f 2021/2782/2005 2019/2777/2003 2020/2778/2004
f 2020/2780/2004 2005/2759/1990 1996/2748/1981
f 2022/2781/2006 2020/2780/2004 1996/2748/1981
f 1990/2742/1975 2021/2779/2005 2022/2781/2006
f 1990/2742/1975 2022/2781/2006 1991/2743/1976
f 1991/2743/1976 2022/2781/2006 1996/2748/1981
f 2024/2783/2007 2019/2777/2003 2021/2782/2005
f 2023/2784/2008 2024/2783/2007 2021/2782/2005
f 2023/2785/2008 2021/2779/2005 1990/2742/1975
f 2025/2786/2009 2026/2787/2010 2024/2783/2007
f 2025/2786/2009 2024/2783/2007 2023/2784/2008
f 2026/2787/2010 1976/2725/1960 2024/2783/2007
f 2024/2783/2007 1976/2725/1960 2019/2777/2003
f 2027/2788/2011 2026/2787/2010 2025/2786/2009
f 2026/2787/2010 1974/2724/1959 1976/2725/1960
f 2028/2789/2012 1974/2724/1959 2026/2787/2010
f 2027/2788/2011 2028/2789/2012 2026/2787/2010
f 2029/2790/2013 2030/2791/2014 2028/2789/2012
f 2029/2790/2013 2028/2789/2012 2027/2788/2011
f 2030/2791/2014 1970/2723/1954 2028/2789/2012
f 2028/2789/2012 1970/2723/1954 1974/2724/1959
f 2030/2792/2014 2031/2793/2015 1964/2711/1949
f 2031/2794/2015 2030/2791/2014 2029/2790/2013
f 1970/2716/1954 2030/2792/2014 1965/2712/1950
f 1965/2712/1950 2030/2792/2014 1964/2711/1949
f 2032/2795/2016 2031/2794/2015 2029/2790/2013
f 2033/2796/2017 2031/2794/2015 2032/2795/2016
f 2031/2793/2015 2033/2797/2017 1962/2708/1946
f 1964/2711/1949 2031/2793/2015 1962/2708/1946
f 1962/2708/1946 2033/2797/2017 1913/2651/1897
f 2033/2797/2017 1916/2653/1899 1913/2651/1897
f 2034/2798/2018 2033/2796/2017 2032/2795/2016
f 1916/2657/1899 2033/2796/2017 2034/2798/2018
f 1918/2658/1903 2034/2798/2018 2035/2799/2019
f 1918/2658/1903 1916/2657/1899 2034/2798/2018
f 2034/2798/2018 2032/2795/2016 2036/2800/2020
f 2035/2799/2019 2034/2798/2018 2036/2800/2020
f 2036/2800/2020 2032/2795/2016 2039/2801/2021
f 2035/2799/2019 2036/2800/2020 2037/2802/2022
f 2037/2802/2022 2036/2800/2020 2038/2803/2023
f 2036/2800/2020 2039/2801/2021 2038/2803/2023
f 2032/2795/2016 2029/2790/2013 2039/2801/2021
f 2038/2803/2023 2039/2801/2021 2040/2804/2024
f 2039/2801/2021 2027/2788/2011 2040/2804/2024
f 2039/2801/2021 2029/2790/2013 2027/2788/2011
f 2038/2803/2023 2040/2804/2024 2041/2805/2025
f 2041/2805/2025 2040/2804/2024 2042/2806/2026
f 2040/2804/2024 2027/2788/2011 2025/2786/2009
f 2040/2804/2024 2025/2786/2009 2042/2806/2026
f 2042/2806/2026 2025/2786/2009 2023/2784/2008
f 2042/2807/2026 2023/2785/2008 1988/2739/1972
f 2041/2808/2025 2042/2807/2026 1987/2738/1971
f 1987/2738/1971 2042/2807/2026 1988/2739/1972
f 2043/2809/2027 2041/2808/2025 2044/2810/2028
f 2043/2811/2027 2038/2803/2023 2041/2805/2025
f 2044/2810/2028 2041/2808/2025 1987/2738/1971
f 1967/2714/1952 2043/2809/2027 2044/2810/2028
f 1967/2714/1952 2044/2810/2028 1968/2715/1953
f 1968/2715/1953 2044/2810/2028 1985/2736/1969
f 2044/2810/2028 1987/2738/1971 1985/2736/1969
f 2037/2802/2022 2038/2803/2023 2043/2811/2027
f 2045/2812/2029 2037/2802/2022 2043/2811/2027
f 2045/2813/2029 2043/2809/2027 1967/2714/1952
f 2046/2814/2030 2045/2813/2029 1961/2707/1945
f 2037/2802/2022 2045/2812/2029 2046/2815/2030
f 1961/2707/1945 2045/2813/2029 1967/2714/1952
f 2048/2816/2031 2046/2814/2030 1959/2705/1943
f 1959/2705/1943 2046/2814/2030 1961/2707/1945
f 2047/2817/2032 2037/2802/2022 2046/2815/2030
f 2047/2817/2032 2046/2815/2030 2048/2818/2031
f 2049/2819/2033 2048/2818/2031 1953/2699/1937
f 2049/2819/2033 2047/2817/2032 2048/2818/2031
f 1957/2704/1942 2048/2816/2031 1959/2705/1943
f 1953/2697/1937 2048/2816/2031 1957/2704/1942
f 2049/2819/2033 2050/2820/2034 2047/2817/2032
f 2049/2819/2033 1950/2693/1934 2050/2820/2034
f 1950/2693/1934 2049/2819/2033 1953/2699/1937
f 2050/2820/2034 1951/2695/1936 1918/2658/1903
f 2050/2820/2034 1918/2658/1903 2035/2799/2019
f 2050/2820/2034 2035/2799/2019 2047/2817/2032
f 1950/2693/1934 1951/2695/1936 2050/2820/2034
f 2047/2817/2032 2035/2799/2019 2037/2802/2022
f 1988/2739/1972 2023/2785/2008 1990/2742/1975
f 1976/2725/1960 1977/2726/1961 2019/2777/2003
f 1996/2748/1981 2005/2759/1990 2000/2752/1985
f 1968/2715/1953 1985/2736/1969 1971/2717/1955
f 1886/2625/1871 1954/2701/1939 1956/2702/1940
f 1886/2625/1871 1956/2702/1940 1890/2629/1875
f 1890/2629/1875 1956/2702/1940 1913/2651/1897
f 1887/2624/1870 1954/2701/1939 1886/2625/1871
f 1887/2624/1870 1947/2700/1931 1954/2701/1939
f 1951/2695/1936 1936/2679/1920 1918/2658/1903
f 1951/2695/1936 1940/2682/1923 1936/2679/1920
f 1945/2688/1929 1948/2691/1932 2051/2821/2035
f 1948/2691/1932 2052/2822/2036 2051/2821/2035
f 2052/2823/2036 1948/2824/1932 1883/2621/1867
f 1883/2621/1867 1948/2824/1932 1887/2624/1870
f 1948/2824/1932 1947/2700/1931 1887/2624/1870
f 2052/2822/2036 1877/2825/1861 2053/2826/2037
f 2051/2821/2035 2052/2822/2036 2053/2826/2037
f 1877/2615/1861 2052/2823/2036 1878/2616/1862
f 1878/2616/1862 2052/2823/2036 1883/2621/1867
f 2053/2826/2037 2054/2827/2038 2051/2821/2035
f 2053/2826/2037 2055/2828/2039 2054/2827/2038
f 2055/2828/2039 2053/2826/2037 1877/2825/1861
f 2055/2828/2039 2056/2829/2040 2054/2827/2038
f 2055/2828/2039 2057/2830/2041 2056/2829/2040
f 2057/2830/2041 2055/2828/2039 1876/2831/1860
f 1876/2831/1860 2055/2828/2039 1877/2825/1861
f 2057/2830/2041 2060/2832/2042 2058/2833/2043
f 2057/2830/2041 2058/2833/2043 2056/2829/2040
f 2059/2834/2044 2057/2830/2041 1876/2831/1860
f 2060/2832/2042 2057/2830/2041 2059/2834/2044
f 2060/2832/2042 2061/2835/2045 2058/2833/2043
f 2060/2832/2042 2062/2836/2046 2061/2835/2045
f 2062/2836/2046 2060/2832/2042 2063/2837/2047
f 2063/2837/2047 2060/2832/2042 2059/2834/2044
f 1804/2538/1788 2063/2838/2047 1809/2543/1793
f 2063/2838/2047 2059/2839/2044 1809/2543/1793
f 1803/2840/1787 2062/2836/2046 2063/2837/2047
f 1803/2537/1787 2063/2838/2047 1804/2538/1788
f 2062/2836/2046 2064/2841/2048 2061/2835/2045
f 2062/2836/2046 1793/2524/1777 2064/2841/2048
f 1793/2524/1777 2062/2836/2046 1803/2840/1787
f 1793/2524/1777 1791/2522/1775 2064/2841/2048
f 1791/2522/1775 2065/2842/2049 2064/2841/2048
f 2065/2842/2049 2066/2843/2050 2064/2841/2048
f 2064/2841/2048 2066/2843/2050 2061/2835/2045
f 2065/2842/2049 2067/2844/2051 2066/2843/2050
f 2067/2844/2051 2068/2845/2052 2066/2843/2050
f 2066/2843/2050 2068/2845/2052 2069/2846/2053
f 2066/2843/2050 2069/2846/2053 2061/2835/2045
f 2068/2845/2052 2070/2847/2054 2069/2846/2053
f 2069/2846/2053 2070/2847/2054 2071/2848/2055
f 2061/2835/2045 2069/2846/2053 2058/2833/2043
f 2069/2846/2053 2071/2848/2055 2058/2833/2043
f 2071/2848/2055 2072/2849/2056 2056/2829/2040
f 2071/2848/2055 2073/2850/2057 2072/2849/2056
f 2070/2847/2054 2073/2850/2057 2071/2848/2055
f 2058/2833/2043 2071/2848/2055 2056/2829/2040
f 2076/2851/2058 2074/2852/2059 2073/2850/2057
f 2073/2850/2057 2074/2852/2059 2075/2853/2060
f 2073/2850/2057 2075/2853/2060 2072/2849/2056
f 2070/2847/2054 2076/2851/2058 2073/2850/2057
f 2074/2852/2059 2076/2851/2058 2077/2854/2061
f 2076/2851/2058 2078/2855/2062 2077/2854/2061
f 2076/2851/2058 2079/2856/2063 2078/2855/2062
f 2079/2856/2063 2076/2851/2058 2070/2847/2054
f 2079/2856/2063 2080/2857/2064 2078/2855/2062
f 2079/2856/2063 2081/2858/2065 2080/2857/2064
f 2081/2858/2065 2079/2856/2063 2068/2845/2052
f 2068/2845/2052 2079/2856/2063 2070/2847/2054
f 2081/2858/2065 2082/2859/2066 2080/2857/2064
f 2081/2858/2065 1783/2514/1767 2082/2859/2066
f 1783/2514/1767 2081/2858/2065 1784/2515/1768
f 2081/2858/2065 2067/2844/2051 1784/2515/1768
f 2067/2844/2051 2081/2858/2065 2068/2845/2052
f 2080/2857/2064 2082/2859/2066 2084/2860/2067
f 2082/2859/2066 1781/2513/1766 2083/2861/2068
f 2082/2859/2066 2083/2861/2068 2084/2860/2067
f 1783/2514/1767 1781/2513/1766 2082/2859/2066
f 1769/2862/1754 2084/2860/2067 2083/2861/2068
f 2080/2857/2064 2084/2860/2067 2086/2863/2069
f 2085/2864/2070 2086/2863/2069 2084/2860/2067
f 1769/2862/1754 2085/2864/2070 2084/2860/2067
f 2078/2855/2062 2080/2857/2064 2086/2863/2069
f 2087/2865/2071 2088/2866/2072 2086/2863/2069
f 2085/2864/2070 2087/2865/2071 2086/2863/2069
f 2078/2855/2062 2086/2863/2069 2088/2866/2072
f 2087/2865/2071 2089/2867/2073 2088/2866/2072
f 2089/2867/2073 2090/2868/2074 2088/2866/2072
f 2077/2854/2061 2088/2866/2072 2090/2868/2074
f 2077/2854/2061 2078/2855/2062 2088/2866/2072
f 2089/2867/2073 2091/2869/2075 2090/2868/2074
f 2091/2869/2075 2092/2870/2076 2090/2868/2074
f 2093/2871/2077 2090/2868/2074 2092/2870/2076
f 2093/2871/2077 2077/2854/2061 2090/2868/2074
f 2094/2872/2078 2074/2852/2059 2093/2871/2077
f 2094/2872/2078 2093/2871/2077 2095/2873/2079
f 2095/2873/2079 2093/2871/2077 2092/2870/2076
f 2074/2852/2059 2077/2854/2061 2093/2871/2077
f 2096/2874/2080 2095/2873/2079 2097/2875/2081
f 2096/2874/2080 2094/2872/2078 2095/2873/2079
f 2097/2875/2081 2095/2873/2079 1840/2576/1824
f 2095/2873/2079 2092/2870/2076 1840/2576/1824
f 2099/2876/2082 2096/2874/2080 2097/2875/2081
f 2099/2876/2082 2097/2875/2081 2098/2877/2083
f 2098/2877/2083 2097/2875/2081 1841/2578/1826
f 2097/2875/2081 1840/2576/1824 1841/2578/1826
f 2100/2878/2084 2096/2874/2080 2099/2876/2082
f 2101/2879/2085 2100/2878/2084 2099/2876/2082
f 2102/2880/2086 2099/2876/2082 2098/2877/2083
f 2101/2879/2085 2099/2876/2082 2102/2880/2086
f 2103/2881/2087 2101/2879/2085 2102/2880/2086
f 2102/2880/2086 2104/2882/2088 2103/2881/2087
f 2102/2880/2086 2098/2877/2083 2104/2882/2088
f 2104/2882/2088 2105/2883/2089 2103/2881/2087
f 2104/2882/2088 2106/2884/2090 2105/2883/2089
f 2104/2882/2088 2107/2885/2091 2106/2884/2090
f 2098/2877/2083 2107/2885/2091 2104/2882/2088
f 2107/2885/2091 2108/2886/2092 2106/2884/2090
f 1841/2578/1826 1843/2580/1827 2107/2885/2091
f 2107/2885/2091 1843/2580/1827 2108/2886/2092
f 2098/2877/2083 1841/2578/1826 2107/2885/2091
f 2106/2884/2090 2108/2886/2092 2111/2887/2093
f 1843/2580/1827 2110/2888/2094 2108/2886/2092
f 2111/2887/2093 2108/2886/2092 2109/2889/2095
f 2108/2886/2092 2110/2888/2094 2109/2889/2095
f 2112/2890/2096 2111/2887/2093 2113/2891/2097
f 2114/2892/2098 2111/2887/2093 2112/2890/2096
f 2111/2887/2093 2109/2889/2095 2113/2891/2097
f 2114/2892/2098 2106/2884/2090 2111/2887/2093
f 2115/2893/2099 2114/2892/2098 2112/2890/2096
f 2116/2894/2100 2114/2892/2098 2115/2893/2099
f 2117/2895/2101 2106/2884/2090 2114/2892/2098
f 2116/2894/2100 2117/2895/2101 2114/2892/2098
f 2106/2884/2090 2117/2895/2101 2105/2883/2089
f 2118/2896/2102 2117/2895/2101 2116/2894/2100
f 2117/2895/2101 2118/2896/2102 2119/2897/2103
f 2105/2883/2089 2117/2895/2101 2119/2897/2103
f 2105/2883/2089 2119/2897/2103 2120/2898/2104
f 2120/2898/2104 2119/2897/2103 1944/2687/1928
f 1944/2687/1928 2119/2897/2103 1942/2685/1926
f 2119/2897/2103 2118/2896/2102 1942/2685/1926
f 2122/2899/2105 2120/2898/2104 2121/2900/2106
f 2121/2900/2106 2120/2898/2104 1944/2687/1928
f 2120/2898/2104 2122/2899/2105 2103/2881/2087
f 2103/2881/2087 2105/2883/2089 2120/2898/2104
f 2122/2899/2105 2101/2879/2085 2103/2881/2087
f 2124/2901/2107 2122/2899/2105 2121/2900/2106
f 2123/2902/2108 2122/2899/2105 2124/2901/2107
f 2122/2899/2105 2123/2902/2108 2101/2879/2085
f 2124/2901/2107 2121/2900/2106 1945/2688/1929
f 2054/2827/2038 2123/2902/2108 2124/2901/2107
f 2051/2821/2035 2124/2901/2107 1945/2688/1929
f 2054/2827/2038 2124/2901/2107 2051/2821/2035
f 2072/2849/2056 2123/2902/2108 2054/2827/2038
f 2072/2849/2056 2075/2853/2060 2123/2902/2108
f 2075/2853/2060 2100/2878/2084 2123/2902/2108
f 2123/2902/2108 2100/2878/2084 2101/2879/2085
f 2121/2900/2106 1944/2687/1928 1945/2688/1929
f 2118/2896/2102 2125/2903/2109 2126/2904/2110
f 2125/2903/2109 2118/2896/2102 2116/2894/2100
f 1942/2685/1926 2118/2896/2102 2126/2904/2110
f 1942/2685/1926 2126/2904/2110 1931/2675/1916
f 1931/2675/1916 2126/2904/2110 1929/2673/1914
f 2126/2904/2110 2125/2903/2109 2127/2905/2111
f 2126/2904/2110 2127/2905/2111 1929/2673/1914
f 2128/2906/2112 2129/2907/2113 2127/2905/2111
f 2127/2905/2111 2130/2908/2114 2128/2906/2112
f 2129/2907/2113 1929/2673/1914 2127/2905/2111
f 2125/2903/2109 2130/2908/2114 2127/2905/2111
f 2130/2908/2114 2131/2909/2115 2128/2906/2112
f 2131/2909/2115 2130/2908/2114 2132/2910/2116
f 2130/2908/2114 2125/2903/2109 2132/2910/2116
f 2132/2910/2116 2116/2894/2100 2115/2893/2099
f 2133/2911/2117 2132/2910/2116 2115/2893/2099
f 2133/2911/2117 2131/2909/2115 2132/2910/2116
f 2125/2903/2109 2116/2894/2100 2132/2910/2116
f 2136/2912/2118 2133/2911/2117 2115/2893/2099
f 2134/2913/2119 2135/2914/2120 2133/2911/2117
f 2134/2913/2119 2133/2911/2117 2136/2912/2118
f 2135/2914/2120 2131/2909/2115 2133/2911/2117
f 2137/2915/2121 2136/2912/2118 2112/2890/2096
f 2138/2916/2122 2136/2912/2118 2137/2915/2121
f 2138/2916/2122 2134/2913/2119 2136/2912/2118
f 2136/2912/2118 2115/2893/2099 2112/2890/2096
f 2138/2916/2122 2139/2917/2123 2144/2918/2124
f 2139/2917/2123 2138/2916/2122 2137/2915/2121
f 2134/2913/2119 2138/2916/2122 2140/2919/2125
f 2138/2916/2122 2141/2920/2126 2140/2919/2125
f 2138/2916/2122 2142/2921/2127 2141/2920/2126
f 2142/2921/2127 2138/2916/2122 2143/2922/2128
f 2138/2916/2122 2144/2918/2124 2143/2922/2128
f 2143/2922/2128 2144/2918/2124 2145/2923/2129
f 2139/2917/2123 2147/2924/2130 2144/2918/2124
f 2144/2918/2124 2146/2925/2131 2145/2923/2129
f 2144/2918/2124 2147/2924/2130 2146/2925/2131
f 2147/2924/2130 2148/2926/2132 2149/2927/2133
f 2150/2928/2134 2148/2926/2132 2147/2924/2130
f 2147/2924/2130 2149/2927/2133 2146/2925/2131
f 2139/2917/2123 2150/2928/2134 2147/2924/2130
f 2150/2928/2134 2151/2929/2135 2148/2926/2132
f 2151/2929/2135 2150/2928/2134 2152/2930/2136
f 2150/2928/2134 2139/2917/2123 2152/2930/2136
f 2152/2930/2136 2137/2915/2121 2113/2891/2097
f 2153/2931/2137 2152/2930/2136 2113/2891/2097
f 2153/2931/2137 2151/2929/2135 2152/2930/2136
f 2139/2917/2123 2137/2915/2121 2152/2930/2136
f 2156/2932/2138 2153/2931/2137 2113/2891/2097
f 2151/2933/2135 2153/2934/2137 2154/2935/2139
f 2154/2935/2139 2153/2934/2137 2155/2936/2140
f 2153/2934/2137 2156/2937/2138 2155/2936/2140
f 2156/2937/2138 2158/2938/2141 2157/2939/2142
f 2155/2936/2140 2156/2937/2138 2157/2939/2142
f 2158/2940/2141 2156/2932/2138 2109/2889/2095
f 2156/2932/2138 2113/2891/2097 2109/2889/2095
f 2158/2938/2141 1844/2582/1828 1846/2584/1830
f 2157/2939/2142 2158/2938/2141 1846/2584/1830
f 1844/2581/1828 2158/2940/2141 2110/2888/2094
f 2158/2940/2141 2109/2889/2095 2110/2888/2094
f 2157/2939/2142 1846/2584/1830 1847/2585/1831
f 1852/2589/1835 2157/2939/2142 1847/2585/1831
f 2155/2936/2140 2157/2939/2142 1852/2589/1835
f 2154/2935/2139 2155/2936/2140 2159/2941/2143
f 2159/2941/2143 2155/2936/2140 1852/2589/1835
f 2161/2942/2144 2159/2941/2143 2160/2943/2145
f 2160/2943/2145 2159/2941/2143 1851/2591/1837
f 2159/2941/2143 1852/2589/1835 1851/2591/1837
f 2161/2942/2144 2154/2935/2139 2159/2941/2143
f 2162/2944/2146 2154/2935/2139 2161/2942/2144
f 2163/2945/2147 2162/2944/2146 2161/2942/2144
f 2164/2946/2148 2161/2942/2144 2160/2943/2145
f 2163/2945/2147 2161/2942/2144 2164/2946/2148
f 2164/2946/2148 2160/2943/2145 2166/2947/2149
f 2165/2948/2150 2164/2946/2148 2167/2949/2151
f 2165/2948/2150 2163/2945/2147 2164/2946/2148
f 2167/2949/2151 2164/2946/2148 2166/2947/2149
f 2167/2949/2151 2166/2947/2149 2168/2950/2152
f 2170/2951/2153 2167/2949/2151 2168/2950/2152
f 2169/2952/2154 2167/2949/2151 2170/2951/2153
f 2169/2952/2154 2165/2948/2150 2167/2949/2151
f 2170/2951/2153 2168/2950/2152 2173/2953/2155
f 2171/2954/2156 2170/2951/2153 2172/2955/2157
f 2171/2954/2156 2169/2952/2154 2170/2951/2153
f 2172/2955/2157 2170/2951/2153 2173/2953/2155
f 2173/2953/2155 2168/2950/2152 1900/2639/1885
f 2172/2955/2157 2173/2953/2155 2174/2956/2158
f 1902/2638/1884 2174/2956/2158 2173/2953/2155
f 1900/2639/1885 1902/2638/1884 2173/2953/2155
f 2175/2957/2159 2174/2956/2158 1905/2643/1889
f 2175/2957/2159 2172/2955/2157 2174/2956/2158
f 1905/2643/1889 2174/2956/2158 1902/2638/1884
f 2176/2958/2160 2172/2955/2157 2175/2957/2159
f 2178/2959/2161 2176/2958/2160 2175/2957/2159
f 2177/2960/2162 2175/2957/2159 1905/2643/1889
f 2178/2959/2161 2175/2957/2159 2177/2960/2162
f 2176/2958/2160 2178/2959/2161 2184/2961/2163
f 2179/2962/2164 2178/2959/2161 2177/2960/2162
f 2178/2959/2161 2179/2962/2164 2180/2963/2165
f 2180/2963/2165 2181/2964/2166 2178/2959/2161
f 2181/2964/2166 2182/2965/2167 2178/2959/2161
f 2178/2959/2161 2182/2965/2167 2183/2966/2168
f 2178/2959/2161 2183/2966/2168 2184/2961/2163
f 2184/2961/2163 2185/2967/2169 2176/2958/2160
f 2184/2961/2163 2183/2966/2168 2187/2968/2170
f 2186/2969/2171 2185/2967/2169 2184/2961/2163
f 2187/2968/2170 2186/2969/2171 2184/2961/2163
f 2183/2966/2168 2190/2970/2172 2187/2968/2170
f 2189/2971/2173 2188/2972/2174 2187/2968/2170
f 2188/2972/2174 2186/2969/2171 2187/2968/2170
f 2187/2968/2170 2190/2970/2172 2189/2971/2173
f 2183/2966/2168 2191/2973/2175 2190/2970/2172
f 2191/2973/2175 2192/2974/2176 2190/2970/2172
f 2190/2970/2172 2192/2974/2176 2193/2975/2177
f 2190/2970/2172 2193/2975/2177 2189/2971/2173
f 2193/2975/2177 2194/2976/2178 2195/2977/2179
f 2192/2974/2176 2194/2976/2178 2193/2975/2177
f 2193/2975/2177 2195/2977/2179 2196/2978/2180
f 2189/2971/2173 2193/2975/2177 2196/2978/2180
f 2197/2979/2181 2198/2980/2182 2196/2978/2180
f 2196/2978/2180 2195/2977/2179 2197/2979/2181
f 2198/2980/2182 2199/2981/2183 2196/2978/2180
f 2196/2978/2180 2199/2981/2183 2189/2971/2173
f 2199/2981/2183 2188/2972/2174 2189/2971/2173
f 2199/2981/2183 2200/2982/2184 2188/2972/2174
f 2201/2983/2185 2200/2982/2184 2199/2981/2183
f 2198/2980/2182 2201/2983/2185 2199/2981/2183
f 2204/2984/2186 2201/2983/2185 2198/2980/2182
f 2203/2985/2187 2201/2986/2185 2202/2987/2188
f 2201/2986/2185 2204/2988/2186 2202/2987/2188
f 2200/2989/2184 2201/2986/2185 2203/2985/2187
f 2205/2990/2189 2204/2984/2186 2198/2980/2182
f 2207/2991/2190 2204/2984/2186 2205/2990/2189
f 2202/2987/2188 2204/2988/2186 2206/2992/2191
f 2204/2988/2186 2207/2993/2190 2206/2992/2191
f 2208/2994/2192 2207/2991/2190 2210/2995/2193
f 2207/2993/2190 2208/2996/2192 2209/2997/2194
f 2210/2995/2193 2207/2991/2190 2205/2990/2189
f 2206/2992/2191 2207/2993/2190 2209/2997/2194
f 2211/2998/2195 2208/2994/2192 2210/2995/2193
f 2211/2998/2195 2210/2995/2193 2212/2999/2196
f 2212/2999/2196 2210/2995/2193 2213/3000/2197
f 2210/2995/2193 2205/2990/2189 2213/3000/2197
f 2213/3000/2197 2205/2990/2189 2197/2979/2181
f 2215/3001/2198 2214/3002/2199 2213/3000/2197
f 2213/3000/2197 2214/3002/2199 2212/2999/2196
f 2197/2979/2181 2215/3001/2198 2213/3000/2197
f 2195/2977/2179 2215/3001/2198 2197/2979/2181
f 2215/3001/2198 2217/3003/2200 2214/3002/2199
f 2216/3004/2201 2217/3003/2200 2215/3001/2198
f 2195/2977/2179 2216/3004/2201 2215/3001/2198
f 2217/3003/2200 2218/3005/2202 2214/3002/2199
f 2217/3006/2200 2220/3007/2203 2218/3008/2202
f 2216/3009/2201 2219/3010/2204 2217/3006/2200
f 2219/3010/2204 2220/3007/2203 2217/3006/2200
f 2220/3007/2203 2223/3011/2205 2221/3012/2206
f 2220/3007/2203 2221/3012/2206 2218/3008/2202
f 2222/3013/2207 2223/3011/2205 2220/3007/2203
f 2219/3010/2204 2222/3013/2207 2220/3007/2203
f 2223/3011/2205 2224/3014/2208 2221/3012/2206
f 2223/3011/2205 2203/2985/2187 2224/3014/2208
f 2222/3013/2207 2225/3015/2209 2223/3011/2205
f 2225/3015/2209 2203/2985/2187 2223/3011/2205
f 2226/3016/2210 2227/3017/2211 2225/3015/2209
f 2226/3016/2210 2225/3015/2209 2222/3013/2207
f 2227/3017/2211 2200/2989/2184 2225/3015/2209
f 2225/3015/2209 2200/2989/2184 2203/2985/2187
f 2228/3018/2212 2227/3017/2211 2226/3016/2210
f 2200/2982/2184 2227/3019/2211 2188/2972/2174
f 2188/2972/2174 2227/3019/2211 2186/2969/2171
f 2227/3019/2211 2228/3020/2212 2186/2969/2171
f 2229/3021/2213 2228/3018/2212 2226/3016/2210
f 2230/3022/2214 2228/3018/2212 2229/3021/2213
f 2228/3020/2212 2230/3023/2214 2185/2967/2169
f 2186/2969/2171 2228/3020/2212 2185/2967/2169
f 2232/3024/2215 2230/3022/2214 2229/3021/2213
f 2230/3023/2214 2231/3025/2216 2171/2954/2156
f 2231/3026/2216 2230/3022/2214 2232/3024/2215
f 2185/2967/2169 2230/3023/2214 2171/2954/2156
f 2135/2914/2120 2231/3026/2216 2232/3024/2215
f 2135/2914/2120 2232/3024/2215 2233/3027/2217
f 2233/3027/2217 2232/3024/2215 2234/3028/2218
f 2232/3024/2215 2229/3021/2213 2234/3028/2218
f 2234/3028/2218 2229/3021/2213 2236/3029/2219
f 2234/3028/2218 2236/3029/2219 2235/3030/2220
f 2237/3031/2221 2234/3028/2218 2235/3030/2220
f 2233/3027/2217 2234/3028/2218 2237/3031/2221
f 2238/3032/2222 2233/3027/2217 2237/3031/2221
f 2238/3032/2222 2237/3031/2221 2192/3033/2176
f 2192/3033/2176 2237/3031/2221 2194/3034/2178
f 2237/3031/2221 2235/3030/2220 2194/3034/2178
f 2191/3035/2175 2238/3032/2222 2192/3033/2176
f 2240/3036/2223 2238/3032/2222 2191/3035/2175
f 2239/3037/2224 2233/3027/2217 2238/3032/2222
f 2240/3036/2223 2239/3037/2224 2238/3032/2222
f 2240/3036/2223 2129/2907/2113 2128/2906/2112
f 2240/3036/2223 2241/3038/2225 2129/2907/2113
f 2241/3038/2225 2240/3036/2223 2242/3039/2226
f 2239/3037/2224 2240/3036/2223 2128/2906/2112
f 2240/3036/2223 2243/3040/2227 2242/3039/2226
f 2240/3036/2223 2182/3041/2167 2243/3040/2227
f 2182/3041/2167 2240/3036/2223 2191/3035/2175
f 2242/3039/2226 2243/3040/2227 2244/3042/2228
f 2243/3040/2227 2245/3043/2229 2244/3042/2228
f 2243/3040/2227 2181/3044/2166 2245/3043/2229
f 2182/3041/2167 2181/3044/2166 2243/3040/2227
f 2244/3042/2228 2245/3043/2229 2247/3045/2230
f 2181/3044/2166 2246/3046/2231 2245/3043/2229
f 2245/3043/2229 2246/3046/2231 2248/3047/2232
f 2245/3043/2229 2248/3047/2232 2247/3045/2230
f 2247/3045/2230 2248/3047/2232 2249/3048/2233
f 2248/3047/2232 2250/3049/2234 2249/3048/2233
f 2248/3047/2232 2251/3050/2235 2250/3049/2234
f 2246/3046/2231 2251/3050/2235 2248/3047/2232
f 2254/3051/2236 2251/3052/2235 2252/3053/2237
f 2252/3053/2237 2251/3052/2235 2253/3054/2238
f 2251/3052/2235 2246/3055/2231 2253/3054/2238
f 2251/3050/2235 2254/3056/2236 2250/3049/2234
f 2255/3057/2239 2254/3051/2236 2252/3053/2237
f 2257/3058/2240 2254/3051/2236 2255/3057/2239
f 2250/3049/2234 2254/3056/2236 2256/3059/2241
f 2254/3056/2236 2257/3060/2240 2256/3059/2241
f 2258/3061/2242 2257/3058/2240 2255/3057/2239
f 2260/3062/2243 2257/3058/2240 2258/3061/2242
f 2256/3059/2241 2257/3060/2240 2259/3063/2244
f 2257/3060/2240 2260/3064/2243 2259/3063/2244
f 2261/3065/2245 2260/3062/2243 2258/3061/2242
f 2263/3066/2246 2260/3062/2243 2261/3065/2245
f 2259/3063/2244 2260/3064/2243 2262/3067/2247
f 2260/3064/2243 2263/3068/2246 2262/3067/2247
f 2262/3067/2247 2263/3068/2246 2264/3069/2248
f 2265/3070/2249 2263/3066/2246 2261/3065/2245
f 2263/3068/2246 2266/3071/2250 2264/3069/2248
f 2266/3072/2250 2263/3066/2246 2265/3070/2249
f 2267/3073/2251 2266/3072/2250 2265/3070/2249
f 2269/3074/2252 2266/3072/2250 2267/3073/2251
f 2264/3069/2248 2266/3071/2250 2268/3075/2253
f 2266/3071/2250 2269/3076/2252 2268/3075/2253
f 2270/3077/2254 2269/3074/2252 2267/3073/2251
f 2268/3075/2253 2269/3076/2252 2271/3078/2255
f 2272/3079/2256 2269/3074/2252 2270/3077/2254
f 2269/3076/2252 2272/3080/2256 2271/3078/2255
f 2275/3081/2257 2272/3079/2256 2273/3082/2258
f 2273/3082/2258 2272/3079/2256 2270/3077/2254
f 2271/3078/2255 2272/3080/2256 2274/3083/2259
f 2272/3080/2256 2275/3084/2257 2274/3083/2259
f 2277/3085/2260 2275/3081/2257 2276/3086/2261
f 2276/3086/2261 2275/3081/2257 2273/3082/2258
f 2274/3083/2259 2275/3084/2257 2278/3087/2262
f 2275/3084/2257 2277/3088/2260 2278/3087/2262
f 2278/3087/2262 2277/3088/2260 2280/3089/2263
f 2279/3090/2264 2278/3087/2262 2281/3091/2265
f 2274/3083/2259 2278/3087/2262 2279/3090/2264
f 2278/3087/2262 2280/3089/2263 2281/3091/2265
f 2283/3092/2266 2281/3091/2265 2282/3093/2267
f 2281/3091/2265 2284/3094/2268 2282/3093/2267
f 2281/3091/2265 2280/3089/2263 2284/3094/2268
f 2279/3090/2264 2281/3091/2265 2283/3092/2266
f 2282/3093/2267 2284/3094/2268 2285/3095/2269
f 2284/3094/2268 2286/3096/2270 2285/3095/2269
f 2284/3094/2268 2287/3097/2271 2286/3096/2270
f 2280/3089/2263 2287/3097/2271 2284/3094/2268
f 2287/3097/2271 2288/3098/2272 2286/3096/2270
f 2287/3097/2271 2289/3099/2273 2288/3098/2272
f 2290/3100/2274 2289/3099/2273 2287/3097/2271
f 2280/3089/2263 2290/3100/2274 2287/3097/2271
f 2290/3101/2274 2277/3085/2260 2292/3102/2275
f 2277/3088/2260 2290/3100/2274 2280/3089/2263
f 2291/3103/2276 2290/3101/2274 2292/3102/2275
f 2289/3104/2273 2290/3101/2274 2291/3103/2276
f 2292/3102/2275 2277/3085/2260 2276/3086/2261
f 2276/3086/2261 2293/3105/2277 2292/3102/2275
f 2293/3105/2277 2294/3106/2278 2292/3102/2275
f 2292/3102/2275 2294/3106/2278 2291/3103/2276
f 2293/3105/2277 2295/3107/2279 2294/3106/2278
f 2295/3107/2279 2296/3108/2280 2294/3106/2278
f 2294/3106/2278 2296/3108/2280 2297/3109/2281
f 2294/3106/2278 2297/3109/2281 2291/3103/2276
f 2291/3103/2276 2297/3109/2281 2298/3110/2282
f 2297/3109/2281 2299/3111/2283 2298/3110/2282
f 2297/3109/2281 2300/3112/2284 2299/3111/2283
f 2296/3108/2280 2300/3112/2284 2297/3109/2281
f 2300/3112/2284 2302/3113/2285 2299/3111/2283
f 2303/3114/2286 2301/3115/2287 2300/3112/2284
f 2300/3112/2284 2301/3115/2287 2302/3113/2285
f 2296/3108/2280 2303/3114/2286 2300/3112/2284
f 2304/3116/2288 2305/3117/2289 2303/3118/2286
f 2306/3119/2290 2304/3116/2288 2303/3118/2286
f 2306/3120/2290 2303/3114/2286 2296/3108/2280
f 2303/3118/2286 2305/3117/2289 2301/3121/2287
f 2295/3107/2279 2306/3120/2290 2296/3108/2280
f 2307/3122/2291 2306/3120/2290 2295/3107/2279
f 2308/3123/2292 2304/3116/2288 2306/3119/2290
f 2307/3124/2291 2308/3123/2292 2306/3119/2290
f 2309/3125/2293 2310/3126/2294 2308/3123/2292
f 2309/3125/2293 2308/3123/2292 2307/3124/2291
f 2310/3126/2294 2311/3127/2295 2308/3123/2292
f 2308/3123/2292 2311/3127/2295 2304/3116/2288
f 2310/3126/2294 2268/3075/2253 2311/3127/2295
f 2268/3075/2253 2271/3078/2255 2311/3127/2295
f 2311/3127/2295 2271/3078/2255 2312/3128/2296
f 2311/3127/2295 2312/3128/2296 2304/3116/2288
f 2304/3116/2288 2312/3128/2296 2305/3117/2289
f 2312/3128/2296 2279/3090/2264 2305/3117/2289
f 2312/3128/2296 2274/3083/2259 2279/3090/2264
f 2271/3078/2255 2274/3083/2259 2312/3128/2296
f 2264/3069/2248 2268/3075/2253 2310/3126/2294
f 2313/3129/2297 2264/3069/2248 2310/3126/2294
f 2313/3129/2297 2310/3126/2294 2309/3125/2293
f 2315/3130/2298 2313/3129/2297 2314/3131/2299
f 2314/3131/2299 2313/3129/2297 2309/3125/2293
f 2262/3067/2247 2264/3069/2248 2313/3129/2297
f 2315/3130/2298 2262/3067/2247 2313/3129/2297
f 2259/3063/2244 2262/3067/2247 2315/3130/2298
f 2316/3132/2300 2259/3063/2244 2315/3130/2298
f 2316/3132/2300 2315/3130/2298 2317/3133/2301
f 2317/3133/2301 2315/3130/2298 2314/3131/2299
f 2320/3134/2302 2317/3133/2301 2318/3135/2303
f 2317/3133/2301 2314/3131/2299 2318/3135/2303
f 2319/3136/2304 2317/3133/2301 2320/3134/2302
f 2319/3136/2304 2316/3132/2300 2317/3133/2301
f 2320/3137/2302 2318/3138/2303 2321/3139/2305
f 2323/3140/2306 2319/3136/2304 2320/3134/2302
f 2322/3141/2307 2320/3137/2302 2321/3139/2305
f 2323/3142/2306 2320/3137/2302 2322/3141/2307
f 2325/3143/2308 2319/3136/2304 2323/3140/2306
f 2326/3144/2309 2323/3142/2306 2324/3145/2310
f 2324/3145/2310 2323/3142/2306 2322/3141/2307
f 2326/3146/2309 2325/3143/2308 2323/3140/2306
f 2327/3147/2311 2328/3148/2312 2326/3146/2309
f 2327/3149/2311 2326/3144/2309 2329/3150/2313
f 2328/3148/2312 2325/3143/2308 2326/3146/2309
f 2329/3150/2313 2326/3144/2309 2324/3145/2310
f 2332/3151/2314 2327/3149/2311 2329/3150/2313
f 2329/3150/2313 2324/3145/2310 2330/3152/2315
f 2331/3153/2316 2329/3150/2313 2330/3152/2315
f 2332/3151/2314 2329/3150/2313 2331/3153/2316
f 2333/3154/2317 2335/3155/2318 2332/3151/2314
f 2333/3154/2317 2332/3151/2314 2334/3156/2319
f 2334/3156/2319 2332/3151/2314 2331/3153/2316
f 2335/3155/2318 2327/3149/2311 2332/3151/2314
f 2336/3157/2320 2337/3158/2321 2335/3159/2318
f 2338/3160/2322 2336/3157/2320 2335/3159/2318
f 2338/3161/2322 2335/3155/2318 2333/3154/2317
f 2335/3159/2318 2337/3158/2321 2327/3147/2311
f 2339/3162/2323 2338/3161/2322 2333/3154/2317
f 2340/3163/2324 2338/3161/2322 2339/3162/2323
f 2340/3164/2324 2341/3165/2325 2338/3160/2322
f 2341/3165/2325 2336/3157/2320 2338/3160/2322
f 2342/3166/2326 2341/3165/2325 2340/3164/2324
f 2342/3166/2326 2241/3038/2225 2341/3165/2325
f 2341/3165/2325 2242/3039/2226 2336/3157/2320
f 2241/3038/2225 2242/3039/2226 2341/3165/2325
f 2342/3166/2326 2343/3167/2327 2345/3168/2328
f 2342/3166/2326 2344/3169/2329 2343/3167/2327
f 2344/3169/2329 2342/3166/2326 2340/3164/2324
f 2241/3038/2225 2342/3166/2326 2345/3168/2328
f 2129/2907/2113 2345/3168/2328 1929/2673/1914
f 2241/3038/2225 2345/3168/2328 2129/2907/2113
f 2345/3168/2328 1925/2669/1910 1929/2673/1914
f 2345/3168/2328 2343/3167/2327 1925/2669/1910
f 2344/3169/2329 2346/3170/2330 2343/3167/2327
f 2346/3171/2330 2344/3172/2329 2348/3173/2331
f 2344/3172/2329 2340/3163/2324 2347/3174/2332
f 2348/3173/2331 2344/3172/2329 2347/3174/2332
f 2349/3175/2333 2346/3171/2330 2348/3173/2331
f 2348/3173/2331 2179/2962/2164 2349/3175/2333
f 2179/2962/2164 2348/3173/2331 2350/3176/2334
f 2348/3173/2331 2347/3174/2332 2350/3176/2334
f 2179/2962/2164 2350/3176/2334 2180/2963/2165
f 2350/3176/2334 2347/3174/2332 2351/3177/2335
f 2350/3176/2334 2351/3177/2335 2253/3054/2238
f 2180/2963/2165 2350/3176/2334 2253/3054/2238
f 2347/3174/2332 2339/3162/2323 2351/3177/2335
f 2351/3177/2335 2339/3162/2323 2352/3178/2336
f 2253/3054/2238 2351/3177/2335 2252/3053/2237
f 2351/3177/2335 2352/3178/2336 2252/3053/2237
f 2252/3053/2237 2352/3178/2336 2255/3057/2239
f 2352/3178/2336 2333/3154/2317 2334/3156/2319
f 2339/3162/2323 2333/3154/2317 2352/3178/2336
f 2352/3178/2336 2334/3156/2319 2255/3057/2239
f 2179/2962/2164 2177/2960/2162 2349/3175/2333
f 2349/3175/2333 2177/2960/2162 1906/2644/1890
f 1906/2644/1890 1923/2666/1908 2349/3175/2333
f 1923/2666/1908 2346/3171/2330 2349/3175/2333
f 2347/3174/2332 2340/3163/2324 2339/3162/2323
f 2343/3167/2327 2346/3170/2330 1926/2670/1911
f 2346/3170/2330 1923/2667/1908 1926/2670/1911
f 2343/3167/2327 1926/2670/1911 1925/2669/1910
f 2336/3157/2320 2244/3042/2228 2337/3158/2321
f 2244/3042/2228 2247/3045/2230 2337/3158/2321
f 2337/3158/2321 2328/3148/2312 2327/3147/2311
f 2337/3158/2321 2247/3045/2230 2328/3148/2312
f 2242/3039/2226 2244/3042/2228 2336/3157/2320
f 2255/3057/2239 2334/3156/2319 2258/3061/2242
f 2334/3156/2319 2331/3153/2316 2258/3061/2242
f 2258/3061/2242 2331/3153/2316 2261/3065/2245
f 2331/3153/2316 2330/3152/2315 2261/3065/2245
f 2261/3065/2245 2330/3152/2315 2265/3070/2249
f 2330/3152/2315 2353/3179/2337 2265/3070/2249
f 2330/3152/2315 2324/3145/2310 2353/3179/2337
f 2265/3070/2249 2353/3179/2337 2267/3073/2251
f 2353/3179/2337 2354/3180/2338 2267/3073/2251
f 2353/3179/2337 2322/3141/2307 2354/3180/2338
f 2324/3145/2310 2322/3141/2307 2353/3179/2337
f 2267/3073/2251 2354/3180/2338 2270/3077/2254
f 2354/3180/2338 2355/3181/2339 2270/3077/2254
f 2354/3180/2338 2321/3139/2305 2355/3181/2339
f 2322/3141/2307 2321/3139/2305 2354/3180/2338
f 2270/3077/2254 2355/3181/2339 2273/3082/2258
f 2321/3139/2305 2356/3182/2340 2355/3181/2339
f 2355/3181/2339 2356/3182/2340 2357/3183/2341
f 2355/3181/2339 2357/3183/2341 2273/3082/2258
f 2356/3182/2340 2358/3184/2342 2357/3183/2341
f 2357/3183/2341 2358/3184/2342 2293/3105/2277
f 2273/3082/2258 2357/3183/2341 2276/3086/2261
f 2357/3183/2341 2293/3105/2277 2276/3086/2261
f 2356/3182/2340 2359/3185/2343 2358/3184/2342
f 2359/3185/2343 2307/3122/2291 2358/3184/2342
f 2358/3184/2342 2307/3122/2291 2295/3107/2279
f 2358/3184/2342 2295/3107/2279 2293/3105/2277
f 2318/3135/2303 2314/3131/2299 2359/3186/2343
f 2318/3138/2303 2359/3185/2343 2356/3182/2340
f 2314/3131/2299 2309/3125/2293 2359/3186/2343
f 2359/3186/2343 2309/3125/2293 2307/3124/2291
f 2321/3139/2305 2318/3138/2303 2356/3182/2340
f 2247/3045/2230 2249/3048/2233 2328/3148/2312
f 2328/3148/2312 2249/3048/2233 2325/3143/2308
f 2325/3143/2308 2360/3187/2344 2319/3136/2304
f 2249/3048/2233 2360/3187/2344 2325/3143/2308
f 2360/3187/2344 2316/3132/2300 2319/3136/2304
f 2360/3187/2344 2256/3059/2241 2316/3132/2300
f 2249/3048/2233 2250/3049/2234 2360/3187/2344
f 2250/3049/2234 2256/3059/2241 2360/3187/2344
f 2256/3059/2241 2259/3063/2244 2316/3132/2300
f 2305/3117/2289 2279/3090/2264 2283/3092/2266
f 2305/3117/2289 2283/3092/2266 2301/3121/2287
f 2299/3111/2283 2302/3113/2285 2361/3188/2345
f 2302/3113/2285 2362/3189/2346 2361/3188/2345
f 2302/3113/2285 2363/3190/2347 2362/3189/2346
f 2301/3115/2287 2363/3190/2347 2302/3113/2285
f 2363/3191/2347 2282/3093/2267 2364/3192/2348
f 2363/3190/2347 2364/3193/2348 2362/3189/2346
f 2283/3092/2266 2282/3093/2267 2363/3191/2347
f 2301/3121/2287 2283/3092/2266 2363/3191/2347
f 2282/3093/2267 2285/3095/2269 2364/3192/2348
f 2364/3192/2348 2285/3095/2269 2365/3194/2349
f 2364/3193/2348 2365/3195/2349 2366/3196/2350
f 2362/3189/2346 2364/3193/2348 2366/3196/2350
f 2362/3189/2346 2366/3196/2350 2367/3197/2351
f 2367/3197/2351 2366/3196/2350 2368/3198/2352
f 2366/3196/2350 2365/3195/2349 2368/3198/2352
f 2368/3198/2352 2369/3199/2353 2370/3200/2354
f 2365/3195/2349 2369/3199/2353 2368/3198/2352
f 2370/3200/2354 2371/3201/2355 2368/3198/2352
f 2371/3201/2355 2372/3202/2356 2368/3198/2352
f 2372/3202/2356 2367/3197/2351 2368/3198/2352
f 2372/3202/2356 2371/3201/2355 2373/3203/2357
f 2367/3197/2351 2372/3202/2356 2373/3203/2357
f 2374/3204/2358 2376/3205/2359 2373/3203/2357
f 2377/3206/2360 2374/3204/2358 2373/3203/2357
f 2373/3203/2357 2376/3205/2359 2375/3207/2361
f 2375/3207/2361 2367/3197/2351 2373/3203/2357
f 2371/3201/2355 2377/3206/2360 2373/3203/2357
f 2379/3208/2362 2374/3204/2358 2377/3206/2360
f 2377/3206/2360 2371/3201/2355 2378/3209/2363
f 2378/3209/2363 2379/3208/2362 2377/3206/2360
f 2379/3210/2362 2380/3211/2364 2381/3212/2365
f 2380/3213/2364 2379/3208/2362 2378/3209/2363
f 2374/3214/2358 2379/3210/2362 2381/3212/2365
f 2383/3215/2366 2381/3212/2365 2382/3216/2367
f 2380/3211/2364 2382/3216/2367 2381/3212/2365
f 2383/3215/2366 2374/3214/2358 2381/3212/2365
f 2374/3214/2358 2383/3215/2366 2384/3217/2368
f 2384/3217/2368 2383/3215/2366 2385/3218/2369
f 2386/3219/2370 2383/3215/2366 2382/3216/2367
f 2383/3215/2366 2386/3219/2370 2385/3218/2369
f 2386/3219/2370 2382/3216/2367 2387/3220/2371
f 2389/3221/2372 2386/3219/2370 2387/3220/2371
f 2385/3218/2369 2386/3219/2370 2388/3222/2373
f 2386/3219/2370 2389/3221/2372 2388/3222/2373
f 2388/3222/2373 2389/3221/2372 2369/3223/2353
f 2391/3224/2374 2389/3221/2372 2390/3225/2375
f 2389/3221/2372 2387/3220/2371 2390/3225/2375
f 2389/3221/2372 2391/3224/2374 2369/3223/2353
f 2370/3200/2354 2391/3226/2374 2392/3227/2376
f 2391/3226/2374 2390/3228/2375 2392/3227/2376
f 2369/3199/2353 2391/3226/2374 2370/3200/2354
f 2392/3227/2376 2390/3228/2375 2393/3229/2377
f 2371/3201/2355 2370/3200/2354 2392/3227/2376
f 2393/3229/2377 2371/3201/2355 2392/3227/2376
f 2371/3201/2355 2393/3229/2377 2378/3209/2363
f 2393/3229/2377 2380/3213/2364 2378/3209/2363
f 2390/3228/2375 2380/3213/2364 2393/3229/2377
f 2390/3225/2375 2387/3220/2371 2382/3216/2367
f 2380/3211/2364 2390/3225/2375 2382/3216/2367
f 2395/3230/2378 2388/3222/2373 2369/3223/2353
f 2395/3230/2378 2394/3231/2379 2388/3222/2373
f 2394/3231/2379 2385/3218/2369 2388/3222/2373
f 2285/3095/2269 2286/3096/2270 2395/3230/2378
f 2285/3095/2269 2395/3230/2378 2365/3194/2349
f 2365/3194/2349 2395/3230/2378 2369/3223/2353
f 2286/3096/2270 2394/3231/2379 2395/3230/2378
f 2286/3096/2270 2288/3098/2272 2394/3231/2379
f 2288/3098/2272 2396/3232/2380 2394/3231/2379
f 2394/3231/2379 2396/3232/2380 2385/3218/2369
f 2288/3098/2272 2397/3233/2381 2396/3232/2380
f 2397/3233/2381 2398/3234/2382 2396/3232/2380
f 2396/3232/2380 2398/3234/2382 2384/3217/2368
f 2396/3232/2380 2384/3217/2368 2385/3218/2369
f 2376/3205/2359 2398/3235/2382 2375/3207/2361
f 2375/3207/2361 2398/3235/2382 2399/3236/2383
f 2398/3235/2382 2397/3237/2381 2399/3236/2383
f 2398/3234/2382 2376/3238/2359 2384/3217/2368
f 2399/3236/2383 2397/3237/2381 2298/3110/2282
f 2298/3110/2282 2299/3111/2283 2399/3236/2383
f 2299/3111/2283 2361/3188/2345 2399/3236/2383
f 2399/3236/2383 2361/3188/2345 2375/3207/2361
f 2397/3237/2381 2289/3104/2273 2298/3110/2282
f 2289/3099/2273 2397/3233/2381 2288/3098/2272
f 2376/3238/2359 2374/3214/2358 2384/3217/2368
f 2361/3188/2345 2367/3197/2351 2375/3207/2361
f 2361/3188/2345 2362/3189/2346 2367/3197/2351
f 2298/3110/2282 2289/3104/2273 2291/3103/2276
f 2253/3054/2238 2246/3055/2231 2180/2963/2165
f 2246/3055/2231 2181/2964/2166 2180/2963/2165
f 2128/2906/2112 2131/2909/2115 2239/3037/2224
f 2239/3037/2224 2135/2914/2120 2233/3027/2217
f 2131/2909/2115 2135/2914/2120 2239/3037/2224
f 2229/3021/2213 2226/3016/2210 2236/3029/2219
f 2235/3030/2220 2236/3029/2219 2219/3010/2204
f 2236/3029/2219 2222/3013/2207 2219/3010/2204
f 2236/3029/2219 2226/3016/2210 2222/3013/2207
f 2194/3034/2178 2235/3030/2220 2216/3009/2201
f 2235/3030/2220 2219/3010/2204 2216/3009/2201
f 2231/3025/2216 2401/3239/2384 2400/3240/2385
f 2171/2954/2156 2231/3025/2216 2400/3240/2385
f 2231/3026/2216 2135/2914/2120 2401/3241/2384
f 2400/3240/2385 2401/3239/2384 2404/3242/2386
f 2401/3241/2384 2402/3243/2387 2403/3244/2388
f 2135/2914/2120 2402/3243/2387 2401/3241/2384
f 2401/3239/2384 2403/3245/2388 2404/3242/2386
f 2400/3240/2385 2404/3242/2386 2405/3246/2389
f 2404/3242/2386 2403/3245/2388 2406/3247/2390
f 2405/3246/2389 2404/3242/2386 2407/3248/2391
f 2404/3242/2386 2406/3247/2390 2407/3248/2391
f 2407/3248/2391 2408/3249/2392 2410/3250/2393
f 2407/3248/2391 2406/3247/2390 2408/3249/2392
f 2405/3246/2389 2407/3248/2391 2409/3251/2394
f 2409/3251/2394 2407/3248/2391 2410/3250/2393
f 2410/3250/2393 2411/3252/2395 2409/3251/2394
f 2413/3253/2396 2411/3252/2395 2410/3250/2393
f 2410/3250/2393 2408/3249/2392 2412/3254/2397
f 2412/3254/2397 2413/3253/2396 2410/3250/2393
f 2415/3255/2398 2413/3253/2396 2412/3254/2397
f 2416/3256/2399 2413/3257/2396 2414/3258/2400
f 2413/3257/2396 2415/3259/2398 2414/3258/2400
f 2411/3260/2395 2413/3257/2396 2416/3256/2399
f 2416/3256/2399 2414/3258/2400 2419/3261/2401
f 2417/3262/2402 2416/3256/2399 2418/3263/2403
f 2417/3262/2402 2411/3260/2395 2416/3256/2399
f 2418/3263/2403 2416/3256/2399 2419/3261/2401
f 2419/3261/2401 2414/3258/2400 2422/3264/2404
f 2418/3263/2403 2419/3261/2401 2420/3265/2405
f 2420/3265/2405 2419/3261/2401 2421/3266/2406
f 2419/3261/2401 2422/3264/2404 2421/3266/2406
f 2421/3266/2406 2422/3264/2404 2425/3267/2407
f 2414/3258/2400 2423/3268/2408 2422/3264/2404
f 2422/3264/2404 2423/3268/2408 2424/3269/2409
f 2422/3264/2404 2424/3269/2409 2425/3267/2407
f 2421/3266/2406 2425/3267/2407 2426/3270/2410
f 2426/3270/2410 2425/3267/2407 2427/3271/2411
f 2425/3267/2407 2428/3272/2412 2427/3271/2411
f 2425/3267/2407 2424/3269/2409 2428/3272/2412
f 2427/3271/2411 2428/3272/2412 2429/3273/2413
f 2428/3272/2412 2430/3274/2414 2429/3273/2413
f 2428/3272/2412 2431/3275/2415 2430/3274/2414
f 2424/3269/2409 2431/3275/2415 2428/3272/2412
f 2431/3275/2415 2434/3276/2416 2430/3274/2414
f 2424/3269/2409 2432/3277/2417 2431/3275/2415
f 2432/3277/2417 2433/3278/2418 2431/3275/2415
f 2431/3275/2415 2433/3278/2418 2434/3276/2416
f 2430/3274/2414 2434/3276/2416 2436/3279/2419
f 2433/3278/2418 2435/3280/2420 2434/3276/2416
f 2434/3276/2416 2435/3280/2420 2437/3281/2421
f 2434/3276/2416 2437/3281/2421 2436/3279/2419
f 2435/3280/2420 2438/3282/2422 2437/3281/2421
f 2437/3281/2421 2438/3282/2422 2439/3283/2423
f 2436/3279/2419 2437/3281/2421 2440/3284/2424
f 2437/3281/2421 2439/3283/2423 2440/3284/2424
f 2440/3284/2424 2439/3283/2423 2442/3285/2425
f 2441/3286/2426 2440/3284/2424 2443/3287/2427
f 2436/3279/2419 2440/3284/2424 2441/3286/2426
f 2440/3284/2424 2442/3285/2425 2443/3287/2427
f 2443/3287/2427 2442/3285/2425 2445/3288/2428
f 2446/3289/2429 2443/3290/2427 2444/3291/2430
f 2443/3290/2427 2445/3292/2428 2444/3291/2430
f 2441/3293/2426 2443/3290/2427 2446/3289/2429
f 2447/3294/2431 2441/3293/2426 2446/3289/2429
f 2447/3294/2431 2446/3289/2429 2448/3295/2432
f 2446/3289/2429 2444/3291/2430 2449/3296/2433
f 2448/3295/2432 2446/3289/2429 2449/3296/2433
f 2449/3296/2433 2444/3291/2430 2452/3297/2434
f 2449/3296/2433 2452/3297/2434 2450/3298/2435
f 2451/3299/2436 2449/3296/2433 2450/3298/2435
f 2448/3295/2432 2449/3296/2433 2451/3299/2436
f 2452/3297/2434 2453/3300/2437 2455/3301/2438
f 2452/3297/2434 2454/3302/2439 2453/3300/2437
f 2444/3291/2430 2454/3302/2439 2452/3297/2434
f 2450/3298/2435 2452/3297/2434 2455/3301/2438
f 2455/3301/2438 2456/3303/2440 2450/3298/2435
f 2458/3304/2441 2456/3303/2440 2455/3301/2438
f 2457/3305/2442 2455/3301/2438 2453/3300/2437
f 2457/3305/2442 2458/3304/2441 2455/3301/2438
f 2459/3306/2443 2458/3307/2441 2461/3308/2444
f 2456/3309/2440 2458/3307/2441 2459/3306/2443
f 2460/3310/2445 2458/3304/2441 2457/3305/2442
f 2458/3307/2441 2460/3311/2445 2461/3308/2444
f 2459/3306/2443 2461/3308/2444 2462/3312/2446
f 2462/3312/2446 2461/3308/2444 2460/3311/2445
f 2463/3313/2447 2462/3312/2446 2460/3311/2445
f 2464/3314/2448 2462/3312/2446 2463/3313/2447
f 2465/3315/2449 2462/3312/2446 2464/3314/2448
f 2465/3315/2449 2459/3306/2443 2462/3312/2446
f 2467/3316/2450 2466/3317/2451 2465/3315/2449
f 2466/3317/2451 2459/3306/2443 2465/3315/2449
f 2468/3318/2452 2465/3315/2449 2464/3314/2448
f 2467/3316/2450 2465/3315/2449 2468/3318/2452
f 2469/3319/2453 2468/3318/2452 2471/3320/2454
f 2469/3319/2453 2467/3316/2450 2468/3318/2452
f 2468/3318/2452 2464/3314/2448 2470/3321/2455
f 2471/3320/2454 2468/3318/2452 2470/3321/2455
f 2472/3322/2456 2469/3319/2453 2471/3320/2454
f 2472/3323/2456 2471/3324/2454 2473/3325/2457
f 2473/3325/2457 2471/3324/2454 2474/3326/2458
f 2471/3324/2454 2470/3327/2455 2474/3326/2458
f 2474/3326/2458 2475/3328/2459 2473/3325/2457
f 2474/3326/2458 2470/3327/2455 2475/3328/2459
f 2475/3328/2459 2463/3329/2447 2476/3330/2460
f 2470/3327/2455 2463/3329/2447 2475/3328/2459
f 2476/3330/2460 2457/3305/2442 2475/3328/2459
f 2457/3305/2442 2477/3331/2461 2475/3328/2459
f 2475/3328/2459 2477/3331/2461 2473/3325/2457
f 2473/3325/2457 2477/3331/2461 2453/3300/2437
f 2477/3331/2461 2457/3305/2442 2453/3300/2437
f 2463/3329/2447 2460/3310/2445 2476/3330/2460
f 2476/3330/2460 2460/3310/2445 2457/3305/2442
f 2478/3332/2462 2472/3323/2456 2473/3325/2457
f 2478/3332/2462 2473/3325/2457 2453/3300/2437
f 2479/3333/2463 2472/3323/2456 2478/3332/2462
f 2454/3302/2439 2478/3332/2462 2453/3300/2437
f 2454/3302/2439 2479/3333/2463 2478/3332/2462
f 2445/3288/2428 2480/3334/2464 2479/3335/2463
f 2445/3292/2428 2479/3333/2463 2454/3302/2439
f 2480/3334/2464 2481/3336/2465 2479/3335/2463
f 2479/3335/2463 2481/3336/2465 2472/3322/2456
f 2480/3334/2464 2482/3337/2466 2481/3336/2465
f 2481/3336/2465 2469/3319/2453 2472/3322/2456
f 2481/3336/2465 2483/3338/2467 2469/3319/2453
f 2482/3337/2466 2483/3338/2467 2481/3336/2465
f 2483/3338/2467 2467/3316/2450 2469/3319/2453
f 2482/3337/2466 2484/3339/2468 2483/3338/2467
f 2484/3339/2468 2485/3340/2469 2483/3338/2467
f 2483/3338/2467 2485/3340/2469 2467/3316/2450
f 2484/3339/2468 2486/3341/2470 2485/3340/2469
f 2485/3340/2469 2466/3317/2451 2467/3316/2450
f 2485/3340/2469 2487/3342/2471 2466/3317/2451
f 2486/3341/2470 2487/3342/2471 2485/3340/2469
f 2487/3342/2471 2456/3309/2440 2466/3317/2451
f 2487/3343/2471 2486/3344/2470 2451/3299/2436
f 2456/3303/2440 2487/3343/2471 2450/3298/2435
f 2450/3298/2435 2487/3343/2471 2451/3299/2436
f 2451/3299/2436 2486/3344/2470 2488/3345/2472
f 2486/3344/2470 2489/3346/2473 2488/3345/2472
f 2489/3347/2473 2486/3341/2470 2484/3339/2468
f 2488/3345/2472 2489/3346/2473 2490/3348/2474
f 2489/3346/2473 2491/3349/2475 2490/3348/2474
f 2491/3350/2475 2489/3347/2473 2492/3351/2476
f 2492/3351/2476 2489/3347/2473 2484/3339/2468
f 2494/3352/2477 2492/3351/2476 2482/3337/2466
f 2492/3351/2476 2484/3339/2468 2482/3337/2466
f 2493/3353/2478 2491/3350/2475 2492/3351/2476
f 2493/3353/2478 2492/3351/2476 2494/3352/2477
f 2439/3283/2423 2494/3352/2477 2442/3285/2425
f 2439/3283/2423 2493/3353/2478 2494/3352/2477
f 2442/3285/2425 2494/3352/2477 2480/3334/2464
f 2494/3352/2477 2482/3337/2466 2480/3334/2464
f 2438/3282/2422 2493/3353/2478 2439/3283/2423
f 2438/3282/2422 2495/3354/2479 2493/3353/2478
f 2495/3354/2479 2491/3350/2475 2493/3353/2478
f 2497/3355/2480 2495/3354/2479 2438/3282/2422
f 2491/3349/2475 2495/3356/2479 2496/3357/2481
f 2496/3357/2481 2495/3356/2479 2498/3358/2482
f 2495/3356/2479 2497/3359/2480 2498/3358/2482
f 2499/3360/2483 2500/3361/2484 2498/3358/2482
f 2498/3358/2482 2497/3359/2480 2499/3360/2483
f 2500/3361/2484 2501/3362/2485 2498/3358/2482
f 2498/3358/2482 2501/3362/2485 2496/3357/2481
f 2500/3361/2484 2504/3363/2486 2501/3362/2485
f 2501/3362/2485 2502/3364/2487 2496/3357/2481
f 2501/3362/2485 2503/3365/2488 2502/3364/2487
f 2504/3363/2486 2503/3365/2488 2501/3362/2485
f 2505/3366/2489 2504/3363/2486 2500/3361/2484
f 2505/3366/2489 2426/3367/2410 2504/3363/2486
f 2426/3367/2410 2427/3368/2411 2504/3363/2486
f 2504/3363/2486 2427/3368/2411 2503/3365/2488
f 2508/3369/2490 2426/3367/2410 2505/3366/2489
f 2507/3370/2491 2505/3366/2489 2506/3371/2492
f 2506/3371/2492 2505/3366/2489 2500/3361/2484
f 2507/3370/2491 2508/3369/2490 2505/3366/2489
f 2420/3265/2405 2421/3266/2406 2508/3372/2490
f 2508/3372/2490 2421/3266/2406 2426/3270/2410
f 2509/3373/2493 2508/3369/2490 2507/3370/2491
f 2509/3374/2493 2420/3265/2405 2508/3372/2490
f 2512/3375/2494 2509/3373/2493 2510/3376/2495
f 2510/3376/2495 2509/3373/2493 2507/3370/2491
f 2512/3377/2494 2511/3378/2496 2509/3374/2493
f 2511/3378/2496 2420/3265/2405 2509/3374/2493
f 2513/3379/2497 2512/3375/2494 2510/3376/2495
f 2514/3380/2498 2512/3375/2494 2513/3379/2497
f 2514/3381/2498 2515/3382/2499 2512/3377/2494
f 2515/3382/2499 2511/3378/2496 2512/3377/2494
f 2516/3383/2500 2517/3384/2501 2515/3382/2499
f 2516/3383/2500 2515/3382/2499 2514/3381/2498
f 2517/3384/2501 2518/3385/2502 2515/3382/2499
f 2515/3382/2499 2518/3385/2502 2511/3378/2496
f 2517/3384/2501 2519/3386/2503 2518/3385/2502
f 2519/3386/2503 2417/3262/2402 2518/3385/2502
f 2518/3385/2502 2417/3262/2402 2418/3263/2403
f 2518/3385/2502 2418/3263/2403 2511/3378/2496
f 2521/3387/2504 2519/3386/2503 2517/3384/2501
f 2519/3386/2503 2520/3388/2505 2417/3262/2402
f 2522/3389/2506 2520/3388/2505 2519/3386/2503
f 2521/3387/2504 2522/3389/2506 2519/3386/2503
f 2523/3390/2507 2522/3389/2506 2521/3387/2504
f 2522/3391/2506 2523/3392/2507 2524/3393/2508
f 2525/3394/2509 2522/3391/2506 2524/3393/2508
f 2520/3395/2505 2522/3391/2506 2525/3394/2509
f 2524/3393/2508 2526/3396/2510 2525/3394/2509
f 2526/3396/2510 2405/3246/2389 2525/3394/2509
f 2525/3394/2509 2405/3246/2389 2409/3251/2394
f 2409/3251/2394 2520/3395/2505 2525/3394/2509
f 2526/3396/2510 2400/3240/2385 2405/3246/2389
f 2171/2954/2156 2400/3240/2385 2526/3396/2510
f 2169/2952/2154 2171/2954/2156 2526/3396/2510
f 2169/2952/2154 2526/3396/2510 2524/3393/2508
f 2165/2948/2150 2169/2952/2154 2524/3393/2508
f 2524/3393/2508 2523/3392/2507 2165/2948/2150
f 2142/2921/2127 2523/3390/2507 2141/2920/2126
f 2141/2920/2126 2523/3390/2507 2521/3387/2504
f 2523/3392/2507 2142/3397/2127 2165/2948/2150
f 2141/2920/2126 2521/3387/2504 2527/3398/2511
f 2527/3398/2511 2521/3387/2504 2517/3384/2501
f 2140/2919/2125 2141/2920/2126 2527/3398/2511
f 2527/3398/2511 2517/3384/2501 2516/3383/2500
f 2528/3399/2512 2527/3398/2511 2516/3383/2500
f 2140/2919/2125 2527/3398/2511 2528/3399/2512
f 2402/3243/2387 2140/2919/2125 2528/3399/2512
f 2402/3243/2387 2528/3399/2512 2403/3244/2388
f 2403/3244/2388 2528/3399/2512 2529/3400/2513
f 2528/3399/2512 2516/3383/2500 2529/3400/2513
f 2406/3247/2390 2529/3401/2513 2530/3402/2514
f 2403/3245/2388 2529/3401/2513 2406/3247/2390
f 2529/3400/2513 2516/3383/2500 2514/3381/2498
f 2529/3401/2513 2514/3380/2498 2530/3402/2514
f 2406/3247/2390 2530/3402/2514 2408/3249/2392
f 2530/3402/2514 2514/3380/2498 2513/3379/2497
f 2408/3249/2392 2530/3402/2514 2531/3403/2515
f 2530/3402/2514 2513/3379/2497 2531/3403/2515
f 2408/3249/2392 2531/3403/2515 2412/3254/2397
f 2412/3254/2397 2531/3403/2515 2532/3404/2516
f 2531/3403/2515 2513/3379/2497 2533/3405/2517
f 2531/3403/2515 2533/3405/2517 2532/3404/2516
f 2532/3404/2516 2533/3405/2517 2534/3406/2518
f 2533/3405/2517 2535/3407/2519 2534/3406/2518
f 2533/3405/2517 2510/3376/2495 2535/3407/2519
f 2513/3379/2497 2510/3376/2495 2533/3405/2517
f 2535/3407/2519 2506/3371/2492 2536/3408/2520
f 2534/3406/2518 2535/3407/2519 2536/3408/2520
f 2535/3407/2519 2507/3370/2491 2506/3371/2492
f 2510/3376/2495 2507/3370/2491 2535/3407/2519
f 2536/3408/2520 2537/3409/2521 2534/3406/2518
f 2538/3410/2522 2537/3409/2521 2536/3408/2520
f 2499/3360/2483 2538/3410/2522 2536/3408/2520
f 2536/3408/2520 2506/3371/2492 2499/3360/2483
f 2538/3411/2522 2497/3355/2480 2435/3280/2420
f 2433/3278/2418 2538/3411/2522 2435/3280/2420
f 2537/3412/2521 2538/3411/2522 2433/3278/2418
f 2497/3359/2480 2538/3410/2522 2499/3360/2483
f 2537/3409/2521 2539/3413/2523 2534/3406/2518
f 2539/3414/2523 2537/3412/2521 2432/3277/2417
f 2432/3277/2417 2537/3412/2521 2433/3278/2418
f 2415/3259/2398 2539/3414/2523 2423/3268/2408
f 2423/3268/2408 2539/3414/2523 2432/3277/2417
f 2539/3413/2523 2415/3255/2398 2532/3404/2516
f 2534/3406/2518 2539/3413/2523 2532/3404/2516
f 2532/3404/2516 2415/3255/2398 2412/3254/2397
f 2520/3388/2505 2411/3260/2395 2417/3262/2402
f 2411/3252/2395 2520/3395/2505 2409/3251/2394
f 2511/3378/2496 2418/3263/2403 2420/3265/2405
f 2506/3371/2492 2500/3361/2484 2499/3360/2483
f 2503/3365/2488 2429/3415/2413 2540/3416/2524
f 2427/3368/2411 2429/3415/2413 2503/3365/2488
f 2503/3365/2488 2540/3416/2524 2502/3364/2487
f 2429/3415/2413 2542/3417/2525 2540/3416/2524
f 2502/3364/2487 2540/3416/2524 2541/3418/2526
f 2540/3416/2524 2447/3294/2431 2541/3418/2526
f 2540/3416/2524 2542/3417/2525 2447/3294/2431
f 2429/3273/2413 2430/3274/2414 2542/3419/2525
f 2542/3417/2525 2441/3293/2426 2447/3294/2431
f 2430/3274/2414 2436/3279/2419 2542/3419/2525
f 2542/3419/2525 2436/3279/2419 2441/3286/2426
f 2502/3364/2487 2541/3418/2526 2490/3348/2474
f 2541/3418/2526 2447/3294/2431 2448/3295/2432
f 2490/3348/2474 2541/3418/2526 2488/3345/2472
f 2541/3418/2526 2448/3295/2432 2488/3345/2472
f 2496/3357/2481 2502/3364/2487 2490/3348/2474
f 2435/3280/2420 2497/3355/2480 2438/3282/2422
f 2490/3348/2474 2491/3349/2475 2496/3357/2481
f 2488/3345/2472 2448/3295/2432 2451/3299/2436
f 2442/3285/2425 2480/3334/2464 2445/3288/2428
f 2470/3321/2455 2464/3314/2448 2463/3313/2447
f 2466/3317/2451 2456/3309/2440 2459/3306/2443
f 2444/3291/2430 2445/3292/2428 2454/3302/2439
f 2423/3268/2408 2432/3277/2417 2424/3269/2409
f 2414/3258/2400 2415/3259/2398 2423/3268/2408
f 2134/2913/2119 2140/2919/2125 2402/3243/2387
f 2135/2914/2120 2134/2913/2119 2402/3243/2387
f 2221/3012/2206 2224/3014/2208 2543/3420/2527
f 2224/3014/2208 2544/3421/2528 2543/3420/2527
f 2224/3014/2208 2202/2987/2188 2544/3421/2528
f 2203/2985/2187 2202/2987/2188 2224/3014/2208
f 2544/3421/2528 2206/2992/2191 2545/3422/2529
f 2544/3421/2528 2545/3422/2529 2546/3423/2530
f 2543/3420/2527 2544/3421/2528 2546/3423/2530
f 2202/2987/2188 2206/2992/2191 2544/3421/2528
f 2543/3420/2527 2546/3423/2530 2547/3424/2531
f 2547/3424/2531 2546/3423/2530 2548/3425/2532
f 2546/3423/2530 2549/3426/2533 2548/3425/2532
f 2546/3423/2530 2545/3422/2529 2549/3426/2533
f 2548/3425/2532 2549/3426/2533 2550/3427/2534
f 2549/3426/2533 2551/3428/2535 2550/3427/2534
f 2549/3426/2533 2552/3429/2536 2551/3428/2535
f 2545/3422/2529 2552/3429/2536 2549/3426/2533
f 2552/3429/2536 2554/3430/2537 2551/3428/2535
f 2545/3422/2529 2209/2997/2194 2552/3429/2536
f 2209/2997/2194 2553/3431/2538 2552/3429/2536
f 2552/3429/2536 2553/3431/2538 2554/3430/2537
f 2551/3428/2535 2554/3430/2537 2556/3432/2539
f 2553/3431/2538 2555/3433/2540 2554/3430/2537
f 2554/3430/2537 2555/3433/2540 2557/3434/2541
f 2554/3430/2537 2557/3434/2541 2556/3432/2539
f 2556/3432/2539 2557/3434/2541 2559/3435/2542
f 2557/3434/2541 2558/3436/2543 2559/3435/2542
f 2557/3434/2541 2560/3437/2544 2558/3436/2543
f 2555/3433/2540 2560/3437/2544 2557/3434/2541
f 2561/3438/2545 2562/3439/2546 2560/3437/2544
f 2555/3433/2540 2561/3438/2545 2560/3437/2544
f 2560/3437/2544 2562/3439/2546 2563/3440/2547
f 2560/3437/2544 2563/3440/2547 2558/3436/2543
f 2562/3439/2546 2564/3441/2548 2563/3440/2547
f 2563/3440/2547 2564/3441/2548 2565/3442/2549
f 2558/3436/2543 2563/3440/2547 2566/3443/2550
f 2563/3440/2547 2565/3442/2549 2566/3443/2550
f 2566/3443/2550 2565/3442/2549 2567/3444/2551
f 2566/3443/2550 2567/3444/2551 2569/3445/2552
f 2558/3436/2543 2566/3443/2550 2568/3446/2553
f 2568/3446/2553 2566/3443/2550 2569/3445/2552
f 2568/3446/2553 2569/3445/2552 2570/3447/2554
f 2570/3447/2554 2569/3445/2552 2571/3448/2555
f 2569/3445/2552 2572/3449/2556 2571/3448/2555
f 2569/3445/2552 2567/3444/2551 2572/3449/2556
f 2571/3448/2555 2572/3449/2556 2573/3450/2557
f 2572/3449/2556 2574/3451/2558 2573/3450/2557
f 2572/3449/2556 2575/3452/2559 2574/3451/2558
f 2567/3444/2551 2575/3452/2559 2572/3449/2556
f 2575/3452/2559 2578/3453/2560 2574/3451/2558
f 2567/3444/2551 2576/3454/2561 2575/3452/2559
f 2576/3454/2561 2577/3455/2562 2575/3452/2559
f 2575/3452/2559 2577/3455/2562 2578/3453/2560
f 2574/3451/2558 2578/3453/2560 2581/3456/2563
f 2577/3455/2562 2579/3457/2564 2578/3453/2560
f 2578/3453/2560 2579/3457/2564 2580/3458/2565
f 2578/3453/2560 2580/3458/2565 2581/3456/2563
f 2574/3451/2558 2581/3456/2563 2584/3459/2566
f 2580/3458/2565 2582/3460/2567 2581/3456/2563
f 2582/3460/2567 2583/3461/2568 2581/3456/2563
f 2581/3456/2563 2583/3461/2568 2584/3459/2566
f 2585/3462/2569 2584/3463/2566 2586/3464/2570
f 2573/3465/2557 2584/3463/2566 2585/3462/2569
f 2573/3450/2557 2574/3451/2558 2584/3459/2566
f 2584/3463/2566 2587/3466/2571 2586/3464/2570
f 2583/3461/2568 2587/3467/2571 2584/3459/2566
f 2586/3464/2570 2587/3466/2571 2588/3468/2572
f 2587/3466/2571 2589/3469/2573 2588/3468/2572
f 2587/3467/2571 2583/3461/2568 2589/3470/2573
f 2588/3468/2572 2589/3469/2573 2590/3471/2574
f 2589/3469/2573 2591/3472/2575 2590/3471/2574
f 2589/3470/2573 2592/3473/2576 2591/3474/2575
f 2583/3461/2568 2592/3473/2576 2589/3470/2573
f 2592/3473/2576 2593/3475/2577 2591/3474/2575
f 2582/3460/2567 2593/3475/2577 2592/3473/2576
f 2583/3461/2568 2582/3460/2567 2592/3473/2576
f 2593/3475/2577 2594/3476/2578 2591/3474/2575
f 2595/3477/2579 2594/3476/2578 2593/3475/2577
f 2582/3460/2567 2595/3477/2579 2593/3475/2577
f 2596/3478/2580 2595/3477/2579 2582/3460/2567
f 2597/3479/2581 2595/3477/2579 2596/3478/2580
f 2595/3477/2579 2597/3479/2581 2594/3476/2578
f 2597/3479/2581 2598/3480/2582 2594/3476/2578
f 2598/3481/2582 2597/3482/2581 2600/3483/2583
f 2597/3482/2581 2599/3484/2584 2601/3485/2585
f 2599/3486/2584 2597/3479/2581 2596/3478/2580
f 2600/3483/2583 2597/3482/2581 2601/3485/2585
f 2603/3487/2586 2601/3485/2585 2602/3488/2587
f 2601/3485/2585 2604/3489/2588 2602/3488/2587
f 2600/3483/2583 2601/3485/2585 2603/3487/2586
f 2601/3485/2585 2599/3484/2584 2604/3489/2588
f 2604/3489/2588 2605/3490/2589 2607/3491/2590
f 2604/3489/2588 2606/3492/2591 2605/3490/2589
f 2599/3484/2584 2606/3492/2591 2604/3489/2588
f 2602/3488/2587 2604/3489/2588 2607/3491/2590
f 2610/3493/2592 2608/3494/2593 2607/3491/2590
f 2608/3494/2593 2609/3495/2594 2607/3491/2590
f 2607/3491/2590 2605/3490/2589 2610/3493/2592
f 2607/3491/2590 2609/3495/2594 2602/3488/2587
f 2613/3496/2595 2608/3494/2593 2610/3493/2592
f 2605/3490/2589 2611/3497/2596 2610/3493/2592
f 2610/3493/2592 2611/3497/2596 2612/3498/2597
f 2612/3498/2597 2613/3496/2595 2610/3493/2592
f 2613/3496/2595 2614/3499/2598 2608/3494/2593
f 2616/3500/2599 2614/3499/2598 2613/3496/2595
f 2615/3501/2600 2616/3500/2599 2613/3496/2595
f 2615/3501/2600 2613/3496/2595 2612/3498/2597
f 2556/3432/2539 2559/3435/2542 2616/3502/2599
f 2617/3503/2601 2556/3432/2539 2616/3502/2599
f 2617/3504/2601 2616/3500/2599 2615/3501/2600
f 2616/3502/2599 2559/3435/2542 2614/3505/2598
f 2618/3506/2602 2617/3504/2601 2615/3501/2600
f 2550/3507/2534 2617/3504/2601 2618/3506/2602
f 2551/3428/2535 2556/3432/2539 2617/3503/2601
f 2550/3427/2534 2551/3428/2535 2617/3503/2601
f 2618/3506/2602 2615/3501/2600 2619/3508/2603
f 2621/3509/2604 2618/3506/2602 2619/3508/2603
f 2620/3510/2605 2550/3507/2534 2618/3506/2602
f 2620/3510/2605 2618/3506/2602 2621/3509/2604
f 2621/3509/2604 2623/3511/2606 2622/3512/2607
f 2622/3512/2607 2620/3510/2605 2621/3509/2604
f 2624/3513/2608 2623/3511/2606 2621/3509/2604
f 2619/3508/2603 2624/3513/2608 2621/3509/2604
f 2625/3514/2609 2624/3513/2608 2619/3508/2603
f 2626/3515/2610 2564/3516/2548 2624/3513/2608
f 2624/3513/2608 2564/3516/2548 2623/3511/2606
f 2625/3514/2609 2626/3515/2610 2624/3513/2608
f 2627/3517/2611 2626/3515/2610 2625/3514/2609
f 2626/3518/2610 2627/3519/2611 2576/3454/2561
f 2565/3442/2549 2626/3518/2610 2576/3454/2561
f 2564/3441/2548 2626/3518/2610 2565/3442/2549
f 2628/3520/2612 2627/3517/2611 2611/3497/2596
f 2627/3519/2611 2628/3521/2612 2577/3455/2562
f 2611/3497/2596 2627/3517/2611 2625/3514/2609
f 2576/3454/2561 2627/3519/2611 2577/3455/2562
f 2606/3492/2591 2628/3520/2612 2605/3490/2589
f 2605/3490/2589 2628/3520/2612 2611/3497/2596
f 2628/3521/2612 2606/3522/2591 2579/3457/2564
f 2577/3455/2562 2628/3521/2612 2579/3457/2564
f 2612/3498/2597 2625/3514/2609 2619/3508/2603
f 2611/3497/2596 2625/3514/2609 2612/3498/2597
f 2623/3511/2606 2629/3523/2613 2622/3512/2607
f 2623/3511/2606 2562/3524/2546 2629/3523/2613
f 2564/3516/2548 2562/3524/2546 2623/3511/2606
f 2629/3523/2613 2630/3525/2614 2631/3526/2615
f 2629/3523/2613 2561/3527/2545 2630/3525/2614
f 2562/3524/2546 2561/3527/2545 2629/3523/2613
f 2622/3512/2607 2629/3523/2613 2631/3526/2615
f 2634/3528/2616 2632/3529/2617 2631/3526/2615
f 2632/3529/2617 2633/3530/2618 2631/3526/2615
f 2631/3526/2615 2630/3525/2614 2634/3528/2616
f 2631/3526/2615 2633/3530/2618 2622/3512/2607
f 2635/3531/2619 2632/3529/2617 2634/3528/2616
f 2630/3525/2614 2211/2998/2195 2634/3528/2616
f 2634/3528/2616 2211/2998/2195 2212/2999/2196
f 2212/2999/2196 2635/3531/2619 2634/3528/2616
f 2635/3531/2619 2636/3532/2620 2632/3529/2617
f 2214/3002/2199 2218/3005/2202 2635/3531/2619
f 2214/3002/2199 2635/3531/2619 2212/2999/2196
f 2218/3005/2202 2636/3532/2620 2635/3531/2619
f 2221/3012/2206 2543/3420/2527 2636/3533/2620
f 2218/3008/2202 2221/3012/2206 2636/3533/2620
f 2636/3532/2620 2547/3534/2531 2632/3529/2617
f 2636/3533/2620 2543/3420/2527 2547/3424/2531
f 2632/3529/2617 2547/3534/2531 2633/3530/2618
f 2547/3534/2531 2548/3535/2532 2633/3530/2618
f 2633/3530/2618 2548/3535/2532 2620/3510/2605
f 2633/3530/2618 2620/3510/2605 2622/3512/2607
f 2561/3527/2545 2637/3536/2621 2630/3525/2614
f 2630/3525/2614 2637/3536/2621 2211/2998/2195
f 2637/3536/2621 2208/2994/2192 2211/2998/2195
f 2208/2996/2192 2637/3537/2621 2553/3431/2538
f 2637/3537/2621 2561/3438/2545 2555/3433/2540
f 2553/3431/2538 2637/3537/2621 2555/3433/2540
f 2548/3535/2532 2550/3507/2534 2620/3510/2605
f 2619/3508/2603 2615/3501/2600 2612/3498/2597
f 2614/3499/2598 2570/3538/2554 2608/3494/2593
f 2614/3505/2598 2568/3446/2553 2570/3447/2554
f 2559/3435/2542 2568/3446/2553 2614/3505/2598
f 2608/3494/2593 2570/3538/2554 2609/3495/2594
f 2570/3538/2554 2571/3539/2555 2609/3495/2594
f 2609/3495/2594 2571/3539/2555 2638/3540/2622
f 2609/3495/2594 2638/3540/2622 2602/3488/2587
f 2638/3540/2622 2585/3462/2569 2602/3488/2587
f 2638/3540/2622 2573/3465/2557 2585/3462/2569
f 2571/3539/2555 2573/3465/2557 2638/3540/2622
f 2579/3457/2564 2606/3522/2591 2596/3478/2580
f 2606/3522/2591 2599/3486/2584 2596/3478/2580
f 2585/3462/2569 2603/3487/2586 2602/3488/2587
f 2585/3462/2569 2586/3464/2570 2603/3487/2586
f 2586/3464/2570 2639/3541/2623 2603/3487/2586
f 2639/3541/2623 2600/3483/2583 2603/3487/2586
f 2640/3542/2624 2600/3483/2583 2639/3541/2623
f 2590/3471/2574 2639/3541/2623 2586/3464/2570
f 2590/3471/2574 2640/3542/2624 2639/3541/2623
f 2640/3542/2624 2598/3481/2582 2600/3483/2583
f 2598/3481/2582 2640/3542/2624 2590/3471/2574
f 2591/3472/2575 2598/3481/2582 2590/3471/2574
f 2594/3476/2578 2598/3480/2582 2591/3474/2575
f 2580/3458/2565 2596/3478/2580 2582/3460/2567
f 2579/3457/2564 2596/3478/2580 2580/3458/2565
f 2588/3468/2572 2590/3471/2574 2586/3464/2570
f 2565/3442/2549 2576/3454/2561 2567/3444/2551
f 2559/3435/2542 2558/3436/2543 2568/3446/2553
f 2209/2997/2194 2208/2996/2192 2553/3431/2538
f 2206/2992/2191 2209/2997/2194 2545/3422/2529
f 2194/2976/2178 2216/3004/2201 2195/2977/2179
f 2205/2990/2189 2198/2980/2182 2197/2979/2181
f 2182/2965/2167 2191/2973/2175 2183/2966/2168
f 2185/2967/2169 2171/2954/2156 2176/2958/2160
f 2177/2960/2162 1905/2643/1889 1906/2644/1890
f 2176/2958/2160 2171/2954/2156 2172/2955/2157
f 2168/2950/2152 2641/3543/2625 1900/2639/1885
f 2168/2950/2152 2166/2947/2149 2641/3543/2625
f 2641/3543/2625 2642/3544/2626 2643/3545/2627
f 2166/2947/2149 2642/3544/2626 2641/3543/2625
f 1900/2639/1885 2641/3543/2625 1901/2640/1886
f 2641/3543/2625 2643/3545/2627 1901/2640/1886
f 2642/3544/2626 1853/2592/1838 2643/3545/2627
f 2643/3545/2627 1853/2592/1838 1856/2595/1841
f 2643/3545/2627 1856/2595/1841 1903/2641/1887
f 1901/2640/1886 2643/3545/2627 1903/2641/1887
f 2160/2943/2145 1851/2591/1837 2642/3544/2626
f 2166/2947/2149 2160/2943/2145 2642/3544/2626
f 2642/3544/2626 1851/2591/1837 1853/2592/1838
f 2163/2945/2147 2165/2948/2150 2645/3546/2628
f 2165/2948/2150 2142/3397/2127 2644/3547/2629
f 2165/2948/2150 2644/3547/2629 2645/3546/2628
f 2645/3546/2628 2646/3548/2630 2648/3549/2631
f 2645/3546/2628 2644/3547/2629 2646/3548/2630
f 2647/3550/2632 2645/3546/2628 2648/3549/2631
f 2163/2945/2147 2645/3546/2628 2647/3550/2632
f 2648/3549/2631 2649/3551/2633 2647/3550/2632
f 2651/3552/2634 2649/3551/2633 2648/3549/2631
f 2648/3549/2631 2646/3548/2630 2650/3553/2635
f 2650/3553/2635 2651/3552/2634 2648/3549/2631
f 2649/3554/2633 2651/3555/2634 2652/3556/2636
f 2652/3556/2636 2651/3555/2634 2653/3557/2637
f 2651/3555/2634 2654/3558/2638 2653/3557/2637
f 2654/3559/2638 2651/3552/2634 2650/3553/2635
f 2653/3557/2637 2654/3558/2638 2656/3560/2639
f 2655/3561/2640 2654/3559/2638 2650/3553/2635
f 2657/3562/2641 2654/3559/2638 2655/3561/2640
f 2654/3558/2638 2657/3563/2641 2656/3560/2639
f 2656/3560/2639 2657/3563/2641 2658/3564/2642
f 2657/3563/2641 2659/3565/2643 2658/3564/2642
f 2659/3566/2643 2657/3562/2641 2660/3567/2644
f 2660/3567/2644 2657/3562/2641 2655/3561/2640
f 2661/3568/2645 2662/3569/2646 2660/3567/2644
f 2655/3561/2640 2661/3568/2645 2660/3567/2644
f 2663/3570/2647 2659/3566/2643 2660/3567/2644
f 2660/3567/2644 2662/3569/2646 2663/3570/2647
f 2664/3571/2648 2666/3572/2649 2663/3570/2647
f 2663/3570/2647 2665/3573/2650 2664/3571/2648
f 2662/3569/2646 2665/3573/2650 2663/3570/2647
f 2666/3572/2649 2659/3566/2643 2663/3570/2647
f 2667/3574/2651 2666/3572/2649 2664/3571/2648
f 2666/3575/2649 2667/3576/2651 2669/3577/2652
f 2659/3565/2643 2666/3575/2649 2668/3578/2653
f 2668/3578/2653 2666/3575/2649 2669/3577/2652
f 2668/3578/2653 2669/3577/2652 2670/3579/2654
f 2670/3579/2654 2669/3577/2652 2671/3580/2655
f 2669/3577/2652 2672/3581/2656 2671/3580/2655
f 2669/3577/2652 2667/3576/2651 2672/3581/2656
f 2671/3580/2655 2672/3581/2656 2673/3582/2657
f 2672/3581/2656 2674/3583/2658 2673/3582/2657
f 2672/3581/2656 2675/3584/2659 2674/3583/2658
f 2667/3576/2651 2675/3584/2659 2672/3581/2656
f 2675/3584/2659 2678/3585/2660 2674/3583/2658
f 2675/3586/2659 2667/3574/2651 2677/3587/2661
f 2678/3588/2660 2675/3586/2659 2676/3589/2662
f 2676/3589/2662 2675/3586/2659 2677/3587/2661
f 2674/3583/2658 2678/3585/2660 2680/3590/2663
f 2679/3591/2664 2678/3588/2660 2676/3589/2662
f 2681/3592/2665 2678/3588/2660 2679/3591/2664
f 2678/3585/2660 2681/3593/2665 2680/3590/2663
f 2680/3590/2663 2681/3593/2665 2683/3594/2666
f 2681/3593/2665 2682/3595/2667 2683/3594/2666
f 2682/3596/2667 2681/3592/2665 2684/3597/2668
f 2684/3597/2668 2681/3592/2665 2679/3591/2664
f 2685/3598/2669 2686/3599/2670 2684/3597/2668
f 2679/3591/2664 2685/3598/2669 2684/3597/2668
f 2684/3597/2668 2686/3599/2670 2687/3600/2671
f 2687/3600/2671 2682/3596/2667 2684/3597/2668
f 2689/3601/2672 2682/3596/2667 2687/3600/2671
f 2688/3602/2673 2689/3601/2672 2687/3600/2671
f 2687/3600/2671 2690/3603/2674 2688/3602/2673
f 2686/3599/2670 2690/3603/2674 2687/3600/2671
f 2686/3599/2670 2691/3604/2675 2690/3603/2674
f 2691/3604/2675 2692/3605/2676 2690/3603/2674
f 2690/3603/2674 2692/3605/2676 2693/3606/2677
f 2690/3603/2674 2693/3606/2677 2688/3602/2673
f 2688/3602/2673 2693/3606/2677 2694/3607/2678
f 2693/3606/2677 2696/3608/2679 2694/3607/2678
f 2692/3605/2676 2695/3609/2680 2693/3606/2677
f 2693/3606/2677 2695/3609/2680 2696/3608/2679
f 2695/3609/2680 2697/3610/2681 2696/3608/2679
f 2696/3608/2679 2697/3610/2681 2699/3611/2682
f 2696/3608/2679 2699/3611/2682 2698/3612/2683
f 2694/3607/2678 2696/3608/2679 2698/3612/2683
f 2699/3611/2682 2700/3613/2684 2702/3614/2685
f 2699/3611/2682 2701/3615/2686 2700/3613/2684
f 2697/3610/2681 2701/3615/2686 2699/3611/2682
f 2698/3612/2683 2699/3611/2682 2702/3614/2685
f 2702/3614/2685 2703/3616/2687 2698/3612/2683
f 2705/3617/2688 2703/3616/2687 2702/3614/2685
f 2704/3618/2689 2702/3614/2685 2700/3613/2684
f 2704/3618/2689 2705/3617/2688 2702/3614/2685
f 2706/3619/2690 2705/3617/2688 2704/3618/2689
f 2705/3620/2688 2706/3621/2690 2707/3622/2691
f 2708/3623/2692 2705/3620/2688 2707/3622/2691
f 2703/3624/2687 2705/3620/2688 2708/3623/2692
f 2711/3625/2693 2708/3623/2692 2709/3626/2694
f 2708/3623/2692 2707/3622/2691 2709/3626/2694
f 2710/3627/2695 2708/3623/2692 2711/3625/2693
f 2710/3627/2695 2703/3624/2687 2708/3623/2692
f 2714/3628/2696 2710/3627/2695 2711/3625/2693
f 2711/3625/2693 2709/3626/2694 2713/3629/2697
f 2714/3628/2696 2711/3625/2693 2712/3630/2698
f 2712/3630/2698 2711/3625/2693 2713/3629/2697
f 2715/3631/2699 2714/3628/2696 2712/3630/2698
f 2716/3632/2700 2714/3628/2696 2715/3631/2699
f 2716/3632/2700 2717/3633/2701 2714/3628/2696
f 2717/3633/2701 2710/3627/2695 2714/3628/2696
f 2718/3634/2702 2717/3633/2701 2716/3632/2700
f 2718/3634/2702 2719/3635/2703 2717/3633/2701
f 2717/3633/2701 2720/3636/2704 2710/3627/2695
f 2719/3635/2703 2720/3636/2704 2717/3633/2701
f 2720/3636/2704 2703/3624/2687 2710/3627/2695
f 2720/3637/2704 2719/3638/2703 2694/3607/2678
f 2703/3616/2687 2720/3637/2704 2698/3612/2683
f 2698/3612/2683 2720/3637/2704 2694/3607/2678
f 2694/3607/2678 2719/3638/2703 2688/3602/2673
f 2719/3638/2703 2689/3601/2672 2688/3602/2673
f 2689/3639/2672 2719/3635/2703 2718/3634/2702
f 2722/3640/2705 2718/3634/2702 2721/3641/2706
f 2721/3641/2706 2718/3634/2702 2716/3632/2700
f 2722/3640/2705 2689/3639/2672 2718/3634/2702
f 2682/3595/2667 2689/3639/2672 2722/3640/2705
f 2683/3594/2666 2682/3595/2667 2722/3640/2705
f 2723/3642/2707 2722/3640/2705 2721/3641/2706
f 2683/3594/2666 2722/3640/2705 2723/3642/2707
f 2724/3643/2708 2723/3642/2707 2725/3644/2709
f 2726/3645/2710 2723/3642/2707 2724/3643/2708
f 2723/3642/2707 2721/3641/2706 2725/3644/2709
f 2726/3645/2710 2683/3594/2666 2723/3642/2707
f 2727/3646/2711 2680/3590/2663 2726/3645/2710
f 2680/3590/2663 2683/3594/2666 2726/3645/2710
f 2727/3646/2711 2726/3645/2710 2728/3647/2712
f 2728/3647/2712 2726/3645/2710 2724/3643/2708
f 2729/3648/2713 2728/3647/2712 2730/3649/2714
f 2731/3650/2715 2728/3647/2712 2729/3648/2713
f 2728/3647/2712 2724/3643/2708 2730/3649/2714
f 2731/3650/2715 2727/3646/2711 2728/3647/2712
f 2732/3651/2716 2731/3650/2715 2733/3652/2717
f 2732/3651/2716 2673/3582/2657 2731/3650/2715
f 2673/3582/2657 2727/3646/2711 2731/3650/2715
f 2733/3652/2717 2731/3650/2715 2729/3648/2713
f 2734/3653/2718 2732/3651/2716 2733/3652/2717
f 2734/3654/2718 2733/3655/2717 2691/3604/2675
f 2733/3655/2717 2729/3656/2713 2692/3605/2676
f 2691/3604/2675 2733/3655/2717 2692/3605/2676
f 2737/3657/2719 2732/3651/2716 2734/3653/2718
f 2735/3658/2720 2734/3654/2718 2691/3604/2675
f 2736/3659/2721 2734/3654/2718 2735/3658/2720
f 2736/3660/2721 2737/3657/2719 2734/3653/2718
f 2738/3661/2722 2737/3657/2719 2736/3660/2721
f 2738/3661/2722 2670/3579/2654 2737/3657/2719
f 2737/3657/2719 2671/3580/2655 2732/3651/2716
f 2670/3579/2654 2671/3580/2655 2737/3657/2719
f 2740/3662/2723 2738/3661/2722 2739/3663/2724
f 2739/3663/2724 2738/3661/2722 2736/3660/2721
f 2741/3664/2725 2670/3579/2654 2738/3661/2722
f 2740/3662/2723 2741/3664/2725 2738/3661/2722
f 2658/3564/2642 2668/3578/2653 2741/3664/2725
f 2742/3665/2726 2658/3564/2642 2741/3664/2725
f 2741/3664/2725 2668/3578/2653 2670/3579/2654
f 2742/3665/2726 2741/3664/2725 2740/3662/2723
f 2656/3560/2639 2658/3564/2642 2742/3665/2726
f 2744/3666/2727 2742/3665/2726 2743/3667/2728
f 2743/3667/2728 2742/3665/2726 2740/3662/2723
f 2744/3666/2727 2656/3560/2639 2742/3665/2726
f 2745/3668/2729 2744/3666/2727 2746/3669/2730
f 2745/3668/2729 2653/3557/2637 2744/3666/2727
f 2653/3557/2637 2656/3560/2639 2744/3666/2727
f 2746/3669/2730 2744/3666/2727 2743/3667/2728
f 2749/3670/2731 2746/3669/2730 2747/3671/2732
f 2746/3669/2730 2743/3667/2728 2747/3671/2732
f 2748/3672/2733 2745/3668/2729 2746/3669/2730
f 2748/3672/2733 2746/3669/2730 2749/3670/2731
f 2749/3673/2731 2747/3674/2732 2752/3675/2734
f 2751/3676/2735 2749/3673/2731 2750/3677/2736
f 2750/3677/2736 2749/3673/2731 2752/3675/2734
f 2751/3678/2735 2748/3672/2733 2749/3670/2731
f 2750/3677/2736 2752/3675/2734 2665/3573/2650
f 2665/3573/2650 2752/3675/2734 2753/3679/2737
f 2752/3675/2734 2754/3680/2738 2753/3679/2737
f 2752/3675/2734 2747/3674/2732 2754/3680/2738
f 2747/3674/2732 2755/3681/2739 2754/3680/2738
f 2754/3680/2738 2755/3681/2739 2756/3682/2740
f 2754/3680/2738 2756/3682/2740 2757/3683/2741
f 2753/3679/2737 2754/3680/2738 2757/3683/2741
f 2757/3683/2741 2756/3682/2740 2758/3684/2742
f 2757/3683/2741 2758/3684/2742 2676/3589/2662
f 2677/3587/2661 2757/3683/2741 2676/3589/2662
f 2753/3679/2737 2757/3683/2741 2677/3587/2661
f 2758/3684/2742 2685/3598/2669 2679/3591/2664
f 2758/3684/2742 2759/3685/2743 2685/3598/2669
f 2756/3682/2740 2759/3685/2743 2758/3684/2742
f 2676/3589/2662 2758/3684/2742 2679/3591/2664
f 2756/3682/2740 2739/3686/2724 2759/3685/2743
f 2739/3686/2724 2736/3659/2721 2759/3685/2743
f 2759/3685/2743 2736/3659/2721 2735/3658/2720
f 2759/3685/2743 2735/3658/2720 2685/3598/2669
f 2755/3681/2739 2739/3686/2724 2756/3682/2740
f 2747/3671/2732 2743/3667/2728 2755/3687/2739
f 2755/3687/2739 2740/3662/2723 2739/3663/2724
f 2743/3667/2728 2740/3662/2723 2755/3687/2739
f 2665/3573/2650 2753/3679/2737 2664/3571/2648
f 2664/3571/2648 2753/3679/2737 2677/3587/2661
f 2760/3688/2744 2751/3676/2735 2762/3689/2745
f 2760/3690/2744 2761/3691/2746 2751/3678/2735
f 2761/3691/2746 2748/3672/2733 2751/3678/2735
f 2762/3689/2745 2751/3676/2735 2750/3677/2736
f 2763/3692/2747 2762/3689/2745 2661/3568/2645
f 2763/3692/2747 2760/3688/2744 2762/3689/2745
f 2661/3568/2645 2762/3689/2745 2662/3569/2646
f 2762/3689/2745 2750/3677/2736 2662/3569/2646
f 2145/3693/2129 2760/3688/2744 2763/3692/2747
f 2764/3694/2748 2763/3692/2747 2661/3568/2645
f 2765/3695/2749 2763/3692/2747 2764/3694/2748
f 2765/3695/2749 2145/3693/2129 2763/3692/2747
f 2644/3547/2629 2765/3695/2749 2646/3548/2630
f 2644/3547/2629 2143/3696/2128 2765/3695/2749
f 2143/3696/2128 2145/3693/2129 2765/3695/2749
f 2646/3548/2630 2765/3695/2749 2764/3694/2748
f 2764/3694/2748 2661/3568/2645 2655/3561/2640
f 2646/3548/2630 2764/3694/2748 2650/3553/2635
f 2650/3553/2635 2764/3694/2748 2655/3561/2640
f 2149/2927/2133 2766/3697/2750 2761/3691/2746
f 2146/2925/2131 2149/2927/2133 2761/3691/2746
f 2146/2925/2131 2761/3691/2746 2760/3690/2744
f 2761/3691/2746 2766/3697/2750 2748/3672/2733
f 2766/3697/2750 2652/3556/2636 2745/3668/2729
f 2767/3698/2751 2652/3556/2636 2766/3697/2750
f 2766/3697/2750 2745/3668/2729 2748/3672/2733
f 2149/2927/2133 2767/3698/2751 2766/3697/2750
f 2148/2926/2132 2768/3699/2752 2767/3698/2751
f 2148/2926/2132 2767/3698/2751 2149/2927/2133
f 2768/3699/2752 2649/3554/2633 2767/3698/2751
f 2767/3698/2751 2649/3554/2633 2652/3556/2636
f 2151/2929/2135 2768/3699/2752 2148/2926/2132
f 2647/3550/2632 2768/3700/2752 2162/2944/2146
f 2768/3700/2752 2151/2933/2135 2162/2944/2146
f 2649/3551/2633 2768/3700/2752 2647/3550/2632
f 2145/2923/2129 2146/2925/2131 2760/3690/2744
f 2662/3569/2646 2750/3677/2736 2665/3573/2650
f 2652/3556/2636 2653/3557/2637 2745/3668/2729
f 2685/3598/2669 2735/3658/2720 2686/3599/2670
f 2735/3658/2720 2691/3604/2675 2686/3599/2670
f 2671/3580/2655 2673/3582/2657 2732/3651/2716
f 2730/3649/2714 2724/3643/2708 2769/3701/2753
f 2730/3702/2714 2769/3703/2753 2697/3610/2681
f 2695/3609/2680 2730/3702/2714 2697/3610/2681
f 2729/3656/2713 2730/3702/2714 2695/3609/2680
f 2697/3610/2681 2769/3703/2753 2701/3615/2686
f 2769/3703/2753 2770/3704/2754 2701/3615/2686
f 2769/3701/2753 2725/3644/2709 2770/3705/2754
f 2724/3643/2708 2725/3644/2709 2769/3701/2753
f 2701/3615/2686 2770/3704/2754 2773/3706/2755
f 2725/3644/2709 2771/3707/2756 2770/3705/2754
f 2770/3705/2754 2771/3707/2756 2772/3708/2757
f 2770/3704/2754 2772/3709/2757 2773/3706/2755
f 2773/3706/2755 2772/3709/2757 2774/3710/2758
f 2773/3706/2755 2774/3710/2758 2700/3613/2684
f 2701/3615/2686 2773/3706/2755 2700/3613/2684
f 2772/3709/2757 2775/3711/2759 2774/3710/2758
f 2774/3710/2758 2775/3711/2759 2777/3712/2760
f 2778/3713/2761 2776/3714/2762 2774/3710/2758
f 2774/3710/2758 2776/3714/2762 2700/3613/2684
f 2777/3712/2760 2778/3713/2761 2774/3710/2758
f 2777/3712/2760 2779/3715/2763 2778/3713/2761
f 2779/3715/2763 2780/3716/2764 2778/3713/2761
f 2778/3713/2761 2780/3716/2764 2781/3717/2765
f 2781/3717/2765 2704/3618/2689 2778/3713/2761
f 2704/3618/2689 2776/3714/2762 2778/3713/2761
f 2781/3717/2765 2706/3619/2690 2704/3618/2689
f 2780/3716/2764 2706/3619/2690 2781/3717/2765
f 2779/3718/2763 2713/3629/2697 2780/3719/2764
f 2713/3629/2697 2709/3626/2694 2780/3719/2764
f 2780/3719/2764 2709/3626/2694 2706/3621/2690
f 2775/3711/2759 2779/3715/2763 2777/3712/2760
f 2712/3630/2698 2713/3629/2697 2779/3718/2763
f 2775/3720/2759 2712/3630/2698 2779/3718/2763
f 2776/3714/2762 2704/3618/2689 2700/3613/2684
f 2772/3708/2757 2715/3631/2699 2775/3720/2759
f 2715/3631/2699 2712/3630/2698 2775/3720/2759
f 2771/3707/2756 2715/3631/2699 2772/3708/2757
f 2725/3644/2709 2721/3641/2706 2771/3707/2756
f 2771/3707/2756 2716/3632/2700 2715/3631/2699
f 2721/3641/2706 2716/3632/2700 2771/3707/2756
f 2692/3605/2676 2729/3656/2713 2695/3609/2680
f 2674/3583/2658 2680/3590/2663 2727/3646/2711
f 2673/3582/2657 2674/3583/2658 2727/3646/2711
f 2709/3626/2694 2707/3622/2691 2706/3621/2690
f 2677/3587/2661 2667/3574/2651 2664/3571/2648
f 2658/3564/2642 2659/3565/2643 2668/3578/2653
f 2162/2944/2146 2163/2945/2147 2647/3550/2632
f 2142/3397/2127 2143/3696/2128 2644/3547/2629
f 2162/2944/2146 2151/2933/2135 2154/2935/2139
f 2137/2915/2121 2112/2890/2096 2113/2891/2097
f 2110/2888/2094 1843/2580/1827 1844/2581/1828
f 2094/2872/2078 2096/2874/2080 2100/2878/2084
f 2075/2853/2060 2094/2872/2078 2100/2878/2084
f 2074/2852/2059 2094/2872/2078 2075/2853/2060
f 2091/2869/2075 1838/2574/1822 2092/2870/2076
f 1838/2574/1822 1840/2576/1824 2092/2870/2076
f 2091/3721/2075 2089/3722/2073 2782/3723/2766
f 1838/2572/1822 2091/3721/2075 1837/2571/1821
f 1837/2571/1821 2091/3721/2075 2782/3723/2766
f 2782/3723/2766 2783/3724/2767 1830/2564/1814
f 2782/3723/2766 2089/3722/2073 2783/3724/2767
f 1837/2571/1821 2782/3723/2766 1831/2566/1816
f 2782/3723/2766 1830/2564/1814 1831/2566/1816
f 2089/3722/2073 2087/3725/2071 2783/3724/2767
f 2783/3724/2767 2087/3725/2071 2785/3726/2768
f 2783/3724/2767 2784/3727/2769 1830/2564/1814
f 2784/3727/2769 2783/3724/2767 2786/3728/2770
f 2783/3724/2767 2785/3726/2768 2786/3728/2770
f 2784/3727/2769 2786/3728/2770 2787/3729/2771
f 2786/3728/2770 2785/3726/2768 2789/3730/2772
f 2787/3729/2771 2786/3728/2770 2788/3731/2773
f 2786/3728/2770 2789/3730/2772 2788/3731/2773
f 2785/3726/2768 1770/2499/1755 2789/3730/2772
f 2789/3730/2772 1770/2499/1755 1771/2500/1756
f 2788/3731/2773 2789/3730/2772 2790/3732/2774
f 2789/3730/2772 1771/2500/1756 2790/3732/2774
f 2792/3733/2775 2788/3731/2773 2790/3732/2774
f 2790/3732/2774 1771/2500/1756 1773/2502/1758
f 2791/3734/2776 2790/3732/2774 1773/2502/1758
f 2791/3734/2776 2792/3733/2775 2790/3732/2774
f 2788/3731/2773 2792/3733/2775 2787/3729/2771
f 2793/3735/2777 2792/3733/2775 2791/3734/2776
f 2792/3733/2775 2793/3735/2777 2794/3736/2778
f 2792/3733/2775 2794/3736/2778 2787/3729/2771
f 2794/3736/2778 1825/2560/1810 2795/3737/2779
f 2787/3729/2771 2794/3736/2778 2795/3737/2779
f 2794/3736/2778 1821/2556/1806 1825/2560/1810
f 2793/3735/2777 1821/2556/1806 2794/3736/2778
f 2784/3727/2769 2795/3737/2779 1827/2561/1811
f 2795/3737/2779 1825/2560/1810 1827/2561/1811
f 2795/3737/2779 2784/3727/2769 2787/3729/2771
f 2793/3735/2777 2796/3738/2780 2797/3739/2781
f 2796/3738/2780 2793/3735/2777 2791/3734/2776
f 1819/2553/1803 2793/3735/2777 2797/3739/2781
f 1821/2556/1806 2793/3735/2777 1819/2553/1803
f 1818/2552/1802 2797/3739/2781 2798/3740/2782
f 2797/3739/2781 2796/3738/2780 2798/3740/2782
f 2797/3739/2781 1818/2552/1802 1819/2553/1803
f 2799/3741/2783 1818/2552/1802 2798/3740/2782
f 2800/3742/2784 2799/3741/2783 2798/3740/2782
f 2801/3743/2785 2800/3742/2784 2798/3740/2782
f 2798/3740/2782 2802/3744/2786 2801/3743/2785
f 2796/3738/2780 2802/3744/2786 2798/3740/2782
f 2802/3744/2786 2803/3745/2787 2805/3746/2788
f 2802/3744/2786 2796/3738/2780 2803/3745/2787
f 2802/3744/2786 2804/3747/2789 2801/3743/2785
f 2804/3747/2789 2802/3744/2786 2805/3746/2788
f 2805/3746/2788 2803/3745/2787 2806/3748/2790
f 1774/2501/1757 2806/3748/2790 1773/2502/1758
f 2803/3745/2787 1773/2502/1758 2806/3748/2790
f 2803/3745/2787 2791/3734/2776 1773/2502/1758
f 2796/3738/2780 2791/3734/2776 2803/3745/2787
f 2800/3742/2784 2808/3749/2791 2807/3750/2792
f 2799/3741/2783 2800/3742/2784 2807/3750/2792
f 2807/3750/2792 2808/3749/2791 2809/3751/2793
f 2808/3749/2791 2810/3752/2794 2809/3751/2793
f 2809/3751/2793 2810/3752/2794 1801/2536/1786
f 2810/3752/2794 2811/3753/2795 1801/2536/1786
f 1801/2536/1786 2811/3753/2795 1795/2527/1779
f 2811/3753/2795 1798/2528/1780 1795/2527/1779
f 2807/3750/2792 2809/3751/2793 1806/2540/1790
f 1806/2540/1790 2809/3751/2793 1800/2534/1784
f 2809/3751/2793 1801/2536/1786 1800/2534/1784
f 2812/3754/2796 2807/3750/2792 1806/2540/1790
f 2799/3741/2783 2807/3750/2792 2812/3754/2796
f 1818/2552/1802 2812/3754/2796 1813/2546/1796
f 1818/2552/1802 2799/3741/2783 2812/3754/2796
f 1813/2546/1796 2812/3754/2796 1807/2541/1791
f 2812/3754/2796 1806/2540/1790 1807/2541/1791
f 2785/3726/2768 2085/3755/2070 1770/2499/1755
f 2087/3725/2071 2085/3755/2070 2785/3726/2768
f 1830/2564/1814 2784/3727/2769 1827/2561/1811
f 2085/3755/2070 1769/2498/1754 1770/2499/1755
f 1781/2513/1766 1778/2508/1762 2083/2861/2068
f 1768/2507/1753 2083/2861/2068 1778/2508/1762
f 1768/2507/1753 1769/2862/1754 2083/2861/2068
f 2056/2829/2040 2072/2849/2056 2054/2827/2038
f 1784/2515/1768 2067/2844/2051 1786/2518/1771
f 2067/2844/2051 2065/2842/2049 1786/2518/1771
f 1786/2518/1771 2065/2842/2049 1791/2522/1775
f 1809/2543/1793 2059/2839/2044 1874/2613/1859
f 2059/2839/2044 1876/2614/1860 1874/2613/1859
f 1940/2682/1923 1937/2680/1921 1936/2679/1920
f 1918/2658/1903 1936/2679/1920 1934/2677/1918
f 1919/2660/1904 1918/2658/1903 1934/2677/1918
f 1919/2660/1904 1934/2677/1918 1928/2671/1912
f 1921/2662/1905 1919/2660/1904 1928/2671/1912
f 1910/2647/1893 1915/2654/1900 1909/2648/1894
f 1898/2636/1882 1903/2641/1887 1859/2598/1844
f 1903/2641/1887 1856/2595/1841 1859/2598/1844
f 1898/2636/1882 2813/3756/2797 1897/2635/1881
f 2813/3756/2797 1898/2636/1882 1859/2598/1844
f 2813/3756/2797 2814/3757/2798 1897/2635/1881
f 1859/2598/1844 1858/2597/1843 2813/3756/2797
f 1858/2597/1843 2814/3757/2798 2813/3756/2797
f 1858/2597/1843 1861/2599/1845 2814/3757/2798
f 1861/2599/1845 1867/2605/1851 2814/3757/2798
f 2814/3757/2798 1867/2605/1851 2815/3758/2799
f 2814/3757/2798 2815/3758/2799 1897/2635/1881
f 2815/3758/2799 1868/2606/1852 1880/2619/1865
f 1867/2605/1851 1868/2606/1852 2815/3758/2799
f 1897/2635/1881 2815/3758/2799 1881/2620/1866
f 2815/3758/2799 1880/2619/1865 1881/2620/1866
f 1868/2606/1852 1870/2608/1854 1880/2619/1865
f 1870/2608/1854 1872/2610/1856 1880/2619/1865
f 1810/2544/1794 1809/2543/1793 1874/2613/1859
f 1865/2603/1849 1815/2549/1799 1816/2551/1801
f 1815/2549/1799 1865/2603/1849 1822/2555/1805
f 1855/2593/1839 2816/3759/2800 1862/2601/1847
f 2816/3759/2800 1832/2565/1815 1862/2601/1847
f 1862/2601/1847 1832/2565/1815 1828/2563/1813
f 2816/3759/2800 1835/2569/1819 1832/2565/1815
f 1835/2569/1819 2816/3759/2800 1849/2588/1834
f 1849/2588/1834 2816/3759/2800 1855/2593/1839
f 1796/2530/1782 1793/2524/1777 1803/2840/1787
f 2817/3760/2801 2818/3761/2802 2820/3762/2803
f 2817/3763/2801 2819/3764/2804 2818/3765/2802
f 2817/3766/2801 2821/3767/2805 2819/3768/2804
f 2820/3769/2803 2822/3770/2806 2817/3766/2801
f 2822/3770/2806 2821/3767/2805 2817/3766/2801
f 2823/3771/2807 2822/3770/2806 2820/3769/2803
f 2825/3772/2808 2823/3771/2807 2820/3769/2803
f 2824/3773/2809 2823/3771/2807 2825/3772/2808
f 2826/3774/2810 2825/3775/2808 2820/3762/2803
f 2826/3776/2810 2827/3777/2811 2825/3778/2808
f 2827/3777/2811 2828/3779/2812 2825/3778/2808
f 2828/3780/2812 2824/3773/2809 2825/3772/2808
f 2829/3781/2813 2831/3782/2814 2828/3783/2812
f 2829/3784/2813 2828/3785/2812 2830/3786/2815
f 2828/3785/2812 2827/3787/2811 2830/3786/2815
f 2831/3782/2814 2824/3788/2809 2828/3783/2812
f 2832/3789/2816 2831/3782/2814 2829/3781/2813
f 2833/3790/2817 2832/3789/2816 2829/3781/2813
f 2834/3791/2818 2832/3789/2816 2833/3790/2817
f 2835/3792/2819 2834/3791/2818 2833/3790/2817
f 2836/3793/2820 2834/3791/2818 2835/3792/2819
f 2837/3794/2821 2836/3793/2820 2838/3795/2822
f 2838/3795/2822 2836/3793/2820 2835/3792/2819
f 2838/3796/2822 2839/3797/2823 2840/3798/2824
f 2839/3797/2823 2838/3796/2822 2835/3799/2819
f 2840/3800/2824 2837/3794/2821 2838/3795/2822
f 2841/3801/2825 2842/3802/2826 2840/3800/2824
f 2844/3803/2827 2841/3804/2825 2840/3798/2824
f 2842/3802/2826 2837/3794/2821 2840/3800/2824
f 2839/3797/2823 2843/3805/2828 2840/3798/2824
f 2843/3805/2828 2844/3803/2827 2840/3798/2824
f 2845/3806/2829 2844/3807/2827 2843/3808/2828
f 2844/3807/2827 2845/3806/2829 2846/3809/2830
f 2847/3810/2831 2844/3807/2827 2846/3809/2830
f 2844/3803/2827 2847/3811/2831 2848/3812/2832
f 2841/3804/2825 2844/3803/2827 2848/3812/2832
f 2848/3813/2832 2850/3814/2833 2841/3801/2825
f 2849/3815/2834 2851/3816/2835 2848/3813/2832
f 2848/3812/2832 2847/3811/2831 2849/3817/2834
f 2851/3816/2835 2850/3814/2833 2848/3813/2832
f 2852/3818/2836 2851/3816/2835 2849/3815/2834
f 2853/3819/2837 2852/3818/2836 2854/3820/2838
f 2854/3820/2838 2852/3818/2836 2849/3815/2834
f 2855/3821/2839 2856/3822/2840 2854/3823/2838
f 2849/3817/2834 2855/3821/2839 2854/3823/2838
f 2857/3824/2841 2854/3823/2838 2856/3822/2840
f 2857/3825/2841 2853/3819/2837 2854/3820/2838
f 2859/3826/2842 2857/3824/2841 2856/3822/2840
f 2858/3827/2843 2860/3828/2844 2857/3829/2841
f 2859/3830/2842 2858/3827/2843 2857/3829/2841
f 2857/3829/2841 2860/3828/2844 2861/3831/2845
f 2861/3832/2845 2862/3833/2846 2857/3825/2841
f 2862/3833/2846 2853/3819/2837 2857/3825/2841
f 2863/3834/2847 2862/3833/2846 2861/3832/2845
f 2865/3835/2848 2863/3834/2847 2864/3836/2849
f 2864/3836/2849 2863/3834/2847 2861/3832/2845
f 2867/3837/2850 2865/3835/2848 2866/3838/2851
f 2866/3838/2851 2865/3835/2848 2864/3836/2849
f 2868/3839/2852 2867/3837/2850 2866/3838/2851
f 2869/3840/2853 2867/3837/2850 2868/3839/2852
f 2870/3841/2854 2869/3840/2853 2868/3839/2852
f 2871/3842/2855 2869/3840/2853 2870/3841/2854
f 2872/3843/2856 2871/3842/2855 2870/3841/2854
f 2873/3844/2857 2871/3842/2855 2872/3843/2856
f 2874/3845/2858 2873/3844/2857 2872/3843/2856
f 2875/3846/2859 2873/3844/2857 2874/3845/2858
f 2876/3847/2860 2875/3846/2859 2877/3848/2861
f 2877/3848/2861 2875/3846/2859 2874/3845/2858
f 2878/3849/2862 2879/3850/2863 2877/3851/2861
f 2881/3852/2864 2878/3849/2862 2877/3851/2861
f 2879/3853/2863 2876/3847/2860 2877/3848/2861
f 2880/3854/2865 2881/3852/2864 2877/3851/2861
f 2874/3855/2858 2880/3854/2865 2877/3851/2861
f 2884/3856/2866 2878/3857/2862 2881/3858/2864
f 2880/3859/2865 2883/3860/2867 2881/3858/2864
f 2882/3861/2868 2884/3856/2866 2881/3858/2864
f 2883/3860/2867 2882/3861/2868 2881/3858/2864
f 2884/3862/2866 2885/3863/2869 2819/3864/2804
f 2886/3865/2870 2884/3862/2866 2819/3864/2804
f 2885/3866/2869 2884/3856/2866 2882/3861/2868
f 2884/3862/2866 2886/3865/2870 2878/3867/2862
f 2819/3768/2804 2887/3868/2871 2886/3869/2870
f 2886/3865/2870 2879/3870/2863 2878/3867/2862
f 2886/3869/2870 2888/3871/2872 2879/3853/2863
f 2887/3868/2871 2888/3871/2872 2886/3869/2870
f 2888/3871/2872 2876/3847/2860 2879/3853/2863
f 2821/3767/2805 2887/3868/2871 2819/3768/2804
f 2819/3764/2804 2885/3872/2869 2818/3765/2802
f 2818/3873/2802 2885/3874/2869 2889/3875/2873
f 2885/3874/2869 2890/3876/2874 2889/3875/2873
f 2890/3876/2874 2885/3874/2869 2891/3877/2875
f 2885/3874/2869 2892/3878/2876 2891/3877/2875
f 2892/3879/2876 2885/3866/2869 2882/3861/2868
f 2892/3878/2876 2893/3880/2877 2891/3877/2875
f 2893/3881/2877 2892/3879/2876 2882/3861/2868
f 2893/3880/2877 2894/3882/2878 2891/3877/2875
f 2894/3882/2878 2893/3880/2877 2895/3883/2879
f 2893/3880/2877 2896/3884/2880 2895/3883/2879
f 2896/3885/2880 2893/3881/2877 2897/3886/2881
f 2883/3860/2867 2893/3881/2877 2882/3861/2868
f 2893/3881/2877 2883/3860/2867 2897/3886/2881
f 2900/3887/2882 2896/3885/2880 2897/3886/2881
f 2897/3886/2881 2883/3860/2867 2899/3888/2883
f 2898/3889/2884 2897/3886/2881 2899/3888/2883
f 2898/3889/2884 2900/3887/2882 2897/3886/2881
f 2900/3890/2882 2901/3891/2885 2895/3883/2879
f 2896/3884/2880 2900/3890/2882 2895/3883/2879
f 2901/3891/2885 2900/3890/2882 2902/3892/2886
f 2900/3890/2882 2903/3893/2887 2902/3892/2886
f 2900/3887/2882 2898/3889/2884 2903/3894/2887
f 2903/3893/2887 2904/3895/2888 2902/3892/2886
f 2906/3896/2889 2904/3897/2888 2903/3894/2887
f 2898/3889/2884 2905/3898/2890 2903/3894/2887
f 2905/3898/2890 2906/3896/2889 2903/3894/2887
f 2908/3899/2891 2906/3896/2889 2905/3898/2890
f 2907/3900/2892 2906/3896/2889 2908/3899/2891
f 2907/3900/2892 2909/3901/2893 2906/3896/2889
f 2909/3901/2893 2904/3897/2888 2906/3896/2889
f 2904/3895/2888 2909/3902/2893 2910/3903/2894
f 2910/3903/2894 2909/3902/2893 2911/3904/2895
f 2909/3902/2893 2912/3905/2896 2911/3904/2895
f 2912/3906/2896 2909/3901/2893 2907/3900/2892
f 2912/3906/2896 2913/3907/2897 2911/3908/2895
f 2913/3907/2897 2912/3906/2896 2907/3900/2892
f 2913/3907/2897 2907/3900/2892 2914/3909/2898
f 2860/3828/2844 2913/3907/2897 2864/3910/2849
f 2864/3910/2849 2913/3907/2897 2914/3909/2898
f 2913/3907/2897 2860/3828/2844 2911/3908/2895
f 2914/3911/2898 2907/3900/2892 2908/3899/2891
f 2866/3912/2851 2864/3913/2849 2914/3914/2898
f 2908/3915/2891 2866/3912/2851 2914/3914/2898
f 2915/3916/2899 2910/3903/2894 2911/3904/2895
f 2916/3917/2900 2915/3916/2899 2911/3904/2895
f 2911/3908/2895 2860/3828/2844 2916/3918/2900
f 2860/3828/2844 2858/3827/2843 2916/3918/2900
f 2915/3919/2899 2916/3918/2900 2858/3827/2843
f 2915/3916/2899 2917/3920/2901 2910/3903/2894
f 2917/3921/2901 2915/3919/2899 2918/3922/2902
f 2918/3922/2902 2915/3919/2899 2858/3827/2843
f 2859/3923/2842 2856/3924/2840 2918/3922/2902
f 2919/3925/2903 2918/3922/2902 2856/3924/2840
f 2858/3827/2843 2859/3923/2842 2918/3922/2902
f 2919/3925/2903 2917/3921/2901 2918/3922/2902
f 2919/3925/2903 2855/3926/2839 2846/3809/2830
f 2917/3921/2901 2919/3925/2903 2846/3809/2830
f 2855/3926/2839 2919/3925/2903 2856/3924/2840
f 2917/3920/2901 2920/3927/2904 2910/3903/2894
f 2917/3920/2901 2921/3928/2905 2920/3927/2904
f 2921/3929/2905 2917/3921/2901 2846/3809/2830
f 2921/3928/2905 2902/3892/2886 2920/3927/2904
f 2921/3928/2905 2922/3930/2906 2902/3892/2886
f 2922/3931/2906 2921/3929/2905 2846/3809/2830
f 2922/3930/2906 2923/3932/2907 2901/3891/2885
f 2922/3930/2906 2901/3891/2885 2902/3892/2886
f 2923/3933/2907 2922/3931/2906 2924/3934/2908
f 2922/3931/2906 2845/3806/2829 2924/3934/2908
f 2845/3806/2829 2922/3931/2906 2846/3809/2830
f 2925/3935/2909 2923/3933/2907 2924/3934/2908
f 2926/3936/2910 2925/3935/2909 2924/3934/2908
f 2926/3936/2910 2924/3934/2908 2843/3808/2828
f 2924/3934/2908 2845/3806/2829 2843/3808/2828
f 2925/3935/2909 2926/3936/2910 2927/3937/2911
f 2927/3937/2911 2926/3936/2910 2928/3938/2912
f 2926/3936/2910 2839/3939/2823 2928/3938/2912
f 2839/3939/2823 2926/3936/2910 2843/3808/2828
f 2928/3940/2912 2839/3797/2823 2835/3799/2819
f 2929/3941/2913 2928/3940/2912 2835/3799/2819
f 2929/3942/2913 2830/3943/2815 2928/3938/2912
f 2830/3943/2815 2927/3937/2911 2928/3938/2912
f 2833/3944/2817 2829/3784/2813 2929/3945/2913
f 2829/3784/2813 2830/3786/2815 2929/3945/2913
f 2833/3946/2817 2929/3941/2913 2835/3799/2819
f 2930/3947/2914 2925/3935/2909 2927/3937/2911
f 2827/3948/2811 2930/3947/2914 2927/3937/2911
f 2830/3943/2815 2827/3948/2811 2927/3937/2911
f 2930/3949/2914 2891/3877/2875 2894/3882/2878
f 2930/3949/2914 2827/3950/2811 2891/3877/2875
f 2925/3951/2909 2930/3949/2914 2894/3882/2878
f 2923/3932/2907 2925/3951/2909 2895/3883/2879
f 2925/3951/2909 2894/3882/2878 2895/3883/2879
f 2923/3932/2907 2895/3883/2879 2901/3891/2885
f 2904/3895/2888 2920/3927/2904 2902/3892/2886
f 2920/3927/2904 2904/3895/2888 2910/3903/2894
f 2931/3952/2915 2908/3899/2891 2905/3898/2890
f 2908/3915/2891 2931/3953/2915 2868/3954/2852
f 2866/3912/2851 2908/3915/2891 2868/3954/2852
f 2931/3953/2915 2932/3955/2916 2868/3954/2852
f 2932/3956/2916 2931/3952/2915 2905/3898/2890
f 2932/3956/2916 2898/3889/2884 2899/3888/2883
f 2898/3889/2884 2932/3956/2916 2905/3898/2890
f 2932/3955/2916 2899/3957/2883 2872/3958/2856
f 2932/3955/2916 2870/3959/2854 2868/3954/2852
f 2870/3959/2854 2932/3955/2916 2872/3958/2856
f 2899/3957/2883 2880/3854/2865 2872/3958/2856
f 2883/3860/2867 2880/3859/2865 2899/3888/2883
f 2827/3950/2811 2890/3876/2874 2891/3877/2875
f 2890/3876/2874 2827/3950/2811 2889/3875/2873
f 2889/3960/2873 2826/3774/2810 2820/3762/2803
f 2818/3761/2802 2889/3960/2873 2820/3762/2803
f 2827/3950/2811 2826/3961/2810 2889/3875/2873
f 2880/3854/2865 2874/3855/2858 2872/3958/2856
f 2861/3831/2845 2860/3828/2844 2864/3910/2849
f 2847/3811/2831 2855/3821/2839 2849/3817/2834
f 2855/3926/2839 2847/3810/2831 2846/3809/2830
f 2850/3814/2833 2842/3802/2826 2841/3801/2825
f 2933/3962/2917 2934/3963/2918 2936/3964/2919
f 2933/3962/2917 2935/3965/2920 2934/3963/2918
f 2935/3966/2920 2933/3967/2917 2938/3968/2921
f 2937/3969/2922 2933/3962/2917 2936/3964/2919
f 2939/3970/2923 2933/3967/2917 2937/3971/2922
f 2933/3967/2917 2939/3970/2923 2938/3968/2921
f 2940/3972/2924 2939/3970/2923 2937/3971/2922
f 2941/3973/2925 2940/3974/2924 2937/3975/2922
f 2936/3976/2919 2943/3977/2926 2941/3978/2925
f 2936/3979/2919 2941/3973/2925 2937/3975/2922
f 2943/3977/2926 2942/3980/2927 2941/3978/2925
f 2942/3980/2927 2943/3977/2926 2944/3981/2928
f 2944/3982/2928 2943/3983/2926 2945/3984/2929
f 2945/3984/2929 2943/3983/2926 2946/3985/2930
f 2943/3983/2926 2936/3986/2919 2946/3985/2930
f 2946/3985/2930 2936/3986/2919 2934/3987/2918
f 2948/3988/2931 2946/3985/2930 2934/3987/2918
f 2945/3984/2929 2946/3985/2930 2947/3989/2932
f 2946/3985/2930 2948/3988/2931 2947/3989/2932
f 2948/3988/2931 2934/3987/2918 2949/3990/2933
f 2949/3991/2933 2951/3992/2934 2948/3993/2931
f 2948/3994/2931 2950/3995/2935 2947/3996/2932
f 2951/3992/2934 2950/3997/2935 2948/3993/2931
f 2950/3998/2935 2951/3999/2934 2952/4000/2936
f 2952/4001/2936 2951/4002/2934 2949/4003/2933
f 2953/4004/2937 2952/4001/2936 2955/4005/2938
f 2954/4006/2939 2952/4000/2936 2953/4007/2937
f 2954/4006/2939 2950/3998/2935 2952/4000/2936
f 2955/4005/2938 2952/4001/2936 2949/4003/2933
f 2955/4008/2938 2957/4009/2940 2956/4010/2941
f 2958/4011/2942 2955/4008/2938 2956/4010/2941
f 2958/4012/2942 2953/4004/2937 2955/4005/2938
f 2955/4008/2938 2949/3990/2933 2957/4009/2940
f 2959/4013/2943 2961/4014/2944 2958/4012/2942
f 2960/4015/2945 2959/4016/2943 2958/4011/2942
f 2961/4014/2944 2953/4004/2937 2958/4012/2942
f 2956/4010/2941 2960/4015/2945 2958/4011/2942
f 2961/4017/2944 2962/4018/2946 2953/4007/2937
f 2962/4019/2946 2961/4020/2944 2959/4021/2943
f 2962/4018/2946 2963/4022/2947 2953/4007/2937
f 2963/4023/2947 2962/4024/2946 2964/4025/2948
f 2964/4026/2948 2962/4019/2946 2959/4021/2943
f 2969/4027/2949 2964/4028/2948 2959/4016/2943
f 2965/4029/2950 2964/4028/2948 2968/4030/2951
f 2965/4029/2950 2966/4031/2952 2964/4028/2948
f 2966/4031/2952 2967/4032/2953 2964/4028/2948
f 2967/4033/2953 2963/4023/2947 2964/4025/2948
f 2964/4028/2948 2969/4027/2949 2968/4030/2951
f 2971/4034/2954 2970/4035/2955 2969/4036/2949
f 2969/4037/2949 2970/4038/2955 2974/4039/2956
f 2972/4040/2957 2971/4034/2954 2969/4036/2949
f 2972/4041/2957 2969/4027/2949 2959/4016/2943
f 2968/4030/2951 2969/4027/2949 2973/4042/2958
f 2969/4027/2949 2974/4043/2956 2973/4042/2958
f 2970/4038/2955 2975/4044/2959 2974/4039/2956
f 2974/4045/2956 2975/4046/2959 2973/4047/2958
f 2970/4048/2955 2971/4049/2954 2975/4050/2959
f 2971/4049/2954 2976/4051/2960 2975/4050/2959
f 2976/4051/2960 2977/4052/2961 2975/4050/2959
f 2977/4052/2961 2978/4053/2962 2975/4050/2959
f 2975/4050/2959 2978/4053/2962 2979/4054/2963
f 2980/4055/2964 2975/4050/2959 2979/4054/2963
f 2975/4046/2959 2980/4056/2964 2973/4047/2958
f 2980/4057/2964 2979/4058/2963 2981/4059/2965
f 2973/4060/2958 2980/4057/2964 2981/4059/2965
f 2981/4061/2965 2979/4062/2963 2984/4063/2966
f 2985/4064/2967 2982/4065/2968 2981/4066/2965
f 2973/4042/2958 2981/4066/2965 2982/4065/2968
f 2983/4067/2969 2985/4064/2967 2981/4066/2965
f 2981/4066/2965 2984/4068/2966 2983/4067/2969
f 2987/4069/2970 2985/4070/2967 2986/4071/2971
f 2985/4064/2967 2983/4067/2969 2986/4072/2971
f 2988/4073/2972 2982/4074/2968 2985/4070/2967
f 2987/4069/2970 2988/4073/2972 2985/4070/2967
f 2988/4073/2972 2989/4075/2973 2982/4074/2968
f 2990/4076/2974 2988/4077/2972 2987/4078/2970
f 2990/4076/2974 2991/4079/2975 2992/4080/2976
f 2991/4079/2975 2990/4076/2974 2987/4078/2970
f 2992/4080/2976 2993/4081/2977 2994/4082/2978
f 2991/4079/2975 2993/4081/2977 2992/4080/2976
f 2996/4083/2979 2995/4084/2980 2994/4082/2978
f 2997/4085/2981 2996/4083/2979 2994/4082/2978
f 2993/4081/2977 2997/4085/2981 2994/4082/2978
f 2997/4085/2981 2999/4086/2982 2996/4083/2979
f 2993/4081/2977 2998/4087/2983 2997/4085/2981
f 2998/4087/2983 2999/4086/2982 2997/4085/2981
f 2999/4088/2982 3000/4089/2984 3001/4090/2985
f 2999/4088/2982 2998/4091/2983 3000/4089/2984
f 2999/4086/2982 3001/4092/2985 2996/4083/2979
f 3001/4092/2985 3002/4093/2986 3003/4094/2987
f 3002/4095/2986 3001/4090/2985 3005/4096/2988
f 2996/4083/2979 3001/4092/2985 3003/4094/2987
f 3000/4089/2984 3004/4097/2989 3001/4090/2985
f 3001/4090/2985 3004/4097/2989 3005/4096/2988
f 3006/4098/2990 3005/4099/2988 3008/4100/2991
f 3005/4099/2988 3006/4098/2990 3007/4101/2992
f 3005/4096/2988 3007/4102/2992 3009/4103/2993
f 3005/4099/2988 3004/4104/2989 3008/4100/2991
f 3002/4095/2986 3005/4096/2988 3009/4103/2993
f 3002/4093/2986 3009/4105/2993 3012/4106/2994
f 3009/4105/2993 3010/4107/2995 3011/4108/2996
f 3009/4103/2993 3007/4102/2992 3010/4109/2995
f 3012/4106/2994 3009/4105/2993 3011/4108/2996
f 3003/4094/2987 3012/4106/2994 3014/4110/2997
f 3003/4094/2987 3002/4093/2986 3012/4106/2994
f 3012/4106/2994 3013/4111/2998 3014/4110/2997
f 3013/4111/2998 3012/4106/2994 3011/4108/2996
f 3003/4094/2987 3014/4110/2997 3015/4112/2999
f 3016/4113/3000 3015/4112/2999 3014/4110/2997
f 3013/4111/2998 3016/4113/3000 3014/4110/2997
f 3018/4114/3001 3017/4115/3002 3016/4113/3000
f 3019/4116/3003 3016/4113/3000 3017/4115/3002
f 3021/4117/3004 3018/4114/3001 3016/4113/3000
f 3016/4113/3000 3019/4116/3003 3022/4118/3005
f 3013/4111/2998 3020/4119/3006 3016/4113/3000
f 3020/4119/3006 3021/4117/3004 3016/4113/3000
f 3015/4112/2999 3016/4113/3000 3022/4118/3005
f 3022/4118/3005 2995/4084/2980 3015/4112/2999
f 3018/4114/3001 3021/4117/3004 3024/4120/3007
f 3023/4121/3008 3021/4117/3004 3020/4119/3006
f 3021/4117/3004 3023/4121/3008 3024/4120/3007
f 3028/4122/3009 3025/4123/3010 3024/4124/3007
f 3024/4124/3007 3025/4123/3010 3018/4125/3001
f 3027/4126/3011 3026/4127/3012 3024/4120/3007
f 3026/4128/3012 3028/4122/3009 3024/4124/3007
f 3023/4121/3008 3027/4126/3011 3024/4120/3007
f 3028/4129/3009 3029/4130/3013 3025/4131/3010
f 3029/4130/3013 3028/4129/3009 3030/4132/3014
f 3026/4128/3012 3030/4133/3014 3028/4122/3009
f 3031/4134/3015 3029/4130/3013 3030/4132/3014
f 3031/4135/3015 3030/4136/3014 3026/4127/3012
f 3034/4137/3016 3032/4138/3017 3031/4139/3015
f 3032/4140/3017 3033/4141/3018 3031/4134/3015
f 3033/4141/3018 3029/4130/3013 3031/4134/3015
f 3034/4142/3016 3031/4135/3015 3027/4126/3011
f 3027/4126/3011 3031/4135/3015 3026/4127/3012
f 3036/4143/3019 3032/4138/3017 3034/4137/3016
f 3010/4107/2995 3034/4142/3016 3035/4144/3020
f 3010/4109/2995 3036/4143/3019 3034/4137/3016
f 3035/4144/3020 3034/4142/3016 3027/4126/3011
f 3007/4101/2992 3037/4145/3021 3036/4146/3019
f 3037/4145/3021 3038/4147/3022 3036/4146/3019
f 3036/4146/3019 3038/4147/3022 3032/4140/3017
f 3007/4102/2992 3036/4143/3019 3010/4109/2995
f 3039/4148/3023 3042/4149/3024 3038/4150/3022
f 3041/4151/3025 3039/4148/3023 3038/4150/3022
f 3037/4145/3021 3040/4152/3026 3038/4147/3022
f 3040/4152/3026 3041/4153/3025 3038/4147/3022
f 3038/4147/3022 3033/4141/3018 3032/4140/3017
f 3038/4154/3022 3042/4155/3024 3033/4156/3018
f 3042/4157/3024 3039/4158/3023 3043/4159/3027
f 3042/4155/3024 3043/4160/3027 3033/4156/3018
f 3039/4158/3023 3045/4161/3028 3043/4159/3027
f 3033/4162/3018 3043/4163/3027 3044/4164/3029
f 3043/4163/3027 3045/4165/3028 3044/4164/3029
f 3045/4166/3028 3046/4167/3030 3048/4168/3031
f 3046/4169/3030 3045/4161/3028 3047/4170/3032
f 3045/4161/3028 3039/4158/3023 3047/4170/3032
f 3044/4171/3029 3045/4166/3028 3048/4168/3031
f 3033/4141/3018 3044/4172/3029 3048/4173/3031
f 3029/4130/3013 3033/4141/3018 3048/4173/3031
f 3029/4130/3013 3048/4173/3031 3025/4131/3010
f 3025/4131/3010 3048/4173/3031 3049/4174/3033
f 3048/4173/3031 3050/4175/3034 3049/4174/3033
f 3048/4176/3031 3046/4177/3030 3050/4178/3034
f 3051/4179/3035 3049/4174/3033 3050/4175/3034
f 3052/4180/3036 3051/4179/3035 3050/4175/3034
f 3052/4180/3036 3050/4175/3034 3053/4181/3037
f 3050/4182/3034 3054/4183/3038 3053/4184/3037
f 3046/4177/3030 3054/4185/3038 3050/4178/3034
f 3054/4183/3038 3047/4186/3032 3053/4184/3037
f 3054/4187/3038 3046/4169/3030 3047/4170/3032
f 3055/4188/3039 3052/4180/3036 3053/4181/3037
f 3053/4181/3037 3056/4189/3040 3055/4188/3039
f 3053/4184/3037 3047/4186/3032 3056/4190/3040
f 3056/4190/3040 3058/4191/3041 3057/4192/3042
f 3059/4193/3043 3056/4189/3040 3057/4194/3042
f 3047/4186/3032 3058/4191/3041 3056/4190/3040
f 3056/4189/3040 3059/4193/3043 3055/4188/3039
f 3062/4195/3044 3059/4193/3043 3060/4196/3045
f 3060/4196/3045 3059/4193/3043 3057/4194/3042
f 3062/4195/3044 3061/4197/3046 3059/4193/3043
f 3061/4197/3046 3055/4188/3039 3059/4193/3043
f 3061/4197/3046 3062/4195/3044 3063/4198/3047
f 3062/4195/3044 3066/4199/3048 3063/4198/3047
f 3062/4195/3044 3064/4200/3049 3066/4199/3048
f 3064/4200/3049 3062/4195/3044 3065/4201/3050
f 3062/4195/3044 3060/4196/3045 3065/4201/3050
f 3066/4202/3048 3067/4203/3051 3070/4204/3052
f 3067/4205/3051 3066/4199/3048 3068/4206/3053
f 3066/4199/3048 3069/4207/3054 3068/4206/3053
f 3064/4200/3049 3069/4207/3054 3066/4199/3048
f 3066/4208/3048 3070/4209/3052 3071/4210/3055
f 3063/4211/3047 3066/4208/3048 3071/4210/3055
f 3063/4212/3047 3071/4213/3055 3072/4214/3056
f 3071/4213/3055 3073/4215/3057 3072/4214/3056
f 3073/4215/3057 3071/4213/3055 3074/4216/3058
f 3074/4217/3058 3071/4218/3055 3070/4219/3052
f 3075/4220/3059 3073/4215/3057 3074/4216/3058
f 3076/4221/3060 3074/4217/3058 3070/4219/3052
f 3078/4222/3061 3077/4223/3062 3076/4224/3060
f 3070/4204/3052 3078/4222/3061 3076/4224/3060
f 3079/4225/3063 3078/4226/3061 3067/4227/3051
f 3067/4203/3051 3078/4222/3061 3070/4204/3052
f 3080/4228/3064 3077/4229/3062 3078/4226/3061
f 3079/4225/3063 3080/4228/3064 3078/4226/3061
f 3081/4230/3065 3080/4228/3064 3079/4225/3063
f 3082/4231/3066 3081/4230/3065 3079/4225/3063
f 3081/4232/3065 3082/4233/3066 3083/4234/3067
f 3082/4233/3066 3084/4235/3068 3083/4234/3067
f 3085/4236/3069 3083/4237/3067 3084/4238/3068
f 3086/4239/3070 3085/4236/3069 3084/4238/3068
f 3087/4240/3071 3085/4241/3069 3086/4242/3070
f 3088/4243/3072 3087/4240/3071 3086/4242/3070
f 3089/4244/3073 3087/4245/3071 3088/4246/3072
f 3091/4247/3074 3089/4244/3073 3090/4248/3075
f 3090/4248/3075 3089/4244/3073 3088/4246/3072
f 3093/4249/3076 3091/4247/3074 3090/4248/3075
f 3091/4250/3074 3093/4251/3076 3092/4252/3077
f 3093/4251/3076 3094/4253/3078 3092/4252/3077
f 3093/4251/3076 3095/4254/3079 3094/4253/3078
f 3095/4255/3079 3093/4249/3076 3096/4256/3080
f 3093/4249/3076 3090/4248/3075 3096/4256/3080
f 3096/4256/3080 3090/4248/3075 3097/4257/3081
f 3097/4258/3081 3098/4259/3082 3096/4260/3080
f 3098/4259/3082 3099/4261/3083 3096/4260/3080
f 3099/4261/3083 3100/4262/3084 3096/4260/3080
f 3100/4262/3084 3095/4263/3079 3096/4260/3080
f 3103/4264/3085 3101/4265/3086 3100/4262/3084
f 3100/4266/3084 3101/4267/3086 3094/4268/3078
f 3095/4254/3079 3100/4269/3084 3094/4253/3078
f 3102/4270/3087 3100/4262/3084 3099/4261/3083
f 3102/4270/3087 3103/4264/3085 3100/4262/3084
f 3103/4264/3085 3106/4271/3088 3101/4265/3086
f 3103/4264/3085 3102/4270/3087 2957/4009/2940
f 2957/4009/2940 3104/4272/3089 3103/4264/3085
f 3104/4272/3089 3105/4273/3090 3103/4264/3085
f 3105/4273/3090 3106/4271/3088 3103/4264/3085
f 3107/4274/3091 3108/4275/3092 3106/4276/3088
f 3105/4277/3090 3107/4274/3091 3106/4276/3088
f 3108/4275/3092 3109/4278/3093 3106/4276/3088
f 3109/4278/3093 3110/4279/3094 3106/4276/3088
f 3106/4271/3088 3110/4280/3094 3101/4265/3086
f 3109/4278/3093 3111/4281/3095 3110/4279/3094
f 3111/4281/3095 3112/4282/3096 3110/4279/3094
f 3110/4280/3094 3112/4283/3096 3113/4284/3097
f 3101/4265/3086 3110/4280/3094 3113/4284/3097
f 3113/4285/3097 3114/4286/3098 3101/4287/3086
f 3111/4288/3095 3114/4289/3098 3113/4290/3097
f 3112/4291/3096 3111/4288/3095 3113/4290/3097
f 3114/4286/3098 3115/4292/3099 3101/4287/3086
f 3111/4288/3095 3117/4293/3100 3114/4289/3098
f 3114/4286/3098 3116/4294/3101 3115/4292/3099
f 3117/4293/3100 3116/4295/3101 3114/4289/3098
f 3118/4296/3102 3117/4297/3100 3111/4298/3095
f 3119/4299/3103 3118/4296/3102 3109/4300/3093
f 3109/4300/3093 3118/4296/3102 3111/4298/3095
f 3108/4301/3092 3119/4299/3103 3109/4300/3093
f 3119/4299/3103 3108/4301/3092 3120/4302/3104
f 3120/4302/3104 3107/4303/3091 2935/3966/2920
f 3108/4301/3092 3107/4303/3091 3120/4302/3104
f 2938/3968/2921 3120/4302/3104 2935/3966/2920
f 3116/4294/3101 3121/4304/3105 3115/4292/3099
f 3121/4305/3105 3092/4306/3077 3094/4268/3078
f 3115/4307/3099 3121/4305/3105 3094/4268/3078
f 3101/4267/3086 3115/4307/3099 3094/4268/3078
f 2935/3965/2920 3107/4274/3091 3122/4308/3106
f 3107/4274/3091 3105/4277/3090 3122/4308/3106
f 2934/3987/2918 3122/4309/3106 2949/3990/2933
f 2935/3965/2920 3122/4308/3106 2934/3963/2918
f 3122/4309/3106 3105/4273/3090 3104/4272/3089
f 2949/3990/2933 3122/4309/3106 3104/4272/3089
f 2949/3990/2933 3104/4272/3089 2957/4009/2940
f 3102/4270/3087 2960/4015/2945 2956/4010/2941
f 3102/4270/3087 2956/4010/2941 2957/4009/2940
f 3123/4310/3107 3102/4270/3087 3099/4261/3083
f 2960/4015/2945 3102/4270/3087 3123/4310/3107
f 3123/4310/3107 3099/4261/3083 3098/4259/3082
f 3125/4311/3108 3123/4310/3107 3098/4259/3082
f 3123/4310/3107 3125/4311/3108 3124/4312/3109
f 3124/4312/3109 3126/4313/3110 3123/4310/3107
f 3126/4313/3110 2960/4015/2945 3123/4310/3107
f 3126/4313/3110 3124/4312/3109 2972/4041/2957
f 3126/4313/3110 2972/4041/2957 2960/4015/2945
f 3127/4314/3111 3129/4315/3112 3125/4311/3108
f 3125/4311/3108 3128/4316/3113 3127/4314/3111
f 3098/4259/3082 3130/4317/3114 3125/4311/3108
f 3130/4317/3114 3128/4316/3113 3125/4311/3108
f 3125/4311/3108 3129/4315/3112 3124/4312/3109
f 3130/4317/3114 3131/4318/3115 3068/4206/3053
f 3131/4319/3115 3130/4320/3114 3084/4235/3068
f 3098/4321/3082 3086/4239/3070 3130/4322/3114
f 3086/4239/3070 3084/4238/3068 3130/4322/3114
f 3128/4316/3113 3130/4317/3114 3069/4207/3054
f 3069/4207/3054 3130/4317/3114 3068/4206/3053
f 3131/4323/3115 3082/4231/3066 3068/4324/3053
f 3082/4233/3066 3131/4319/3115 3084/4235/3068
f 3132/4325/3116 3129/4315/3112 3127/4314/3111
f 3129/4315/3112 3132/4325/3116 3124/4312/3109
f 3133/4326/3117 3135/4327/3118 3132/4328/3116
f 3133/4329/3117 3132/4325/3116 3127/4314/3111
f 3132/4325/3116 3134/4330/3119 3124/4312/3109
f 3132/4328/3116 2977/4331/2961 3134/4332/3119
f 3135/4327/3118 2977/4331/2961 3132/4328/3116
f 2977/4052/2961 3135/4333/3118 2978/4053/2962
f 3135/4333/3118 3136/4334/3120 2978/4053/2962
f 3136/4335/3120 3135/4336/3118 3133/4337/3117
f 2978/4338/2962 3136/4339/3120 3137/4340/3121
f 3137/4341/3121 3136/4335/3120 3133/4337/3117
f 3139/4342/3122 3137/4343/3121 3133/4329/3117
f 2984/4344/2966 2978/4338/2962 3137/4340/3121
f 2984/4068/2966 3137/4343/3121 2983/4067/2969
f 2983/4067/2969 3137/4343/3121 3138/4345/3123
f 3137/4343/3121 3139/4342/3122 3138/4345/3123
f 3139/4346/3122 3140/4347/3124 3143/4348/3125
f 3141/4349/3126 3140/4350/3124 3139/4351/3122
f 3142/4352/3127 3141/4349/3126 3139/4351/3122
f 3142/4353/3127 3139/4342/3122 3133/4329/3117
f 3138/4345/3123 3139/4342/3122 3143/4354/3125
f 3144/4355/3128 3138/4345/3123 3143/4354/3125
f 3140/4347/3124 3145/4356/3129 3143/4348/3125
f 3143/4357/3125 3145/4358/3129 3144/4359/3128
f 3145/4360/3129 3148/4361/3130 3146/4362/3131
f 3147/4363/3132 3145/4360/3129 3146/4362/3131
f 3145/4360/3129 3147/4363/3132 3150/4364/3133
f 3145/4360/3129 3140/4365/3124 3148/4361/3130
f 3145/4358/3129 3149/4366/3134 3144/4359/3128
f 3149/4367/3134 3145/4360/3129 3150/4364/3133
f 3149/4368/3134 3150/4369/3133 3008/4370/2991
f 3008/4371/2991 3150/4372/3133 3151/4373/3135
f 3150/4372/3133 3147/4374/3132 3151/4373/3135
f 3151/4375/3135 3152/4376/3136 3006/4098/2990
f 3008/4100/2991 3151/4375/3135 3006/4098/2990
f 3151/4377/3135 3147/4378/3132 3152/4379/3136
f 3152/4376/3136 3040/4152/3026 3037/4145/3021
f 3040/4152/3026 3152/4376/3136 3154/4380/3137
f 3152/4381/3136 3153/4382/3138 3154/4383/3137
f 3147/4378/3132 3153/4384/3138 3152/4379/3136
f 3006/4098/2990 3152/4376/3136 3037/4145/3021
f 3060/4196/3045 3057/4194/3042 3154/4380/3137
f 3057/4194/3042 3040/4152/3026 3154/4380/3137
f 3153/4382/3138 3155/4385/3139 3154/4383/3137
f 3154/4386/3137 3155/4387/3139 3156/4388/3140
f 3065/4201/3050 3060/4196/3045 3154/4380/3137
f 3065/4201/3050 3154/4380/3137 3156/4389/3140
f 3157/4390/3141 3065/4201/3050 3156/4389/3140
f 3155/4387/3139 3146/4391/3131 3156/4388/3140
f 3157/4390/3141 3156/4389/3140 3158/4392/3142
f 3156/4389/3140 3159/4393/3143 3158/4392/3142
f 3156/4388/3140 3146/4391/3131 3159/4394/3143
f 3146/4391/3131 3148/4395/3130 3159/4394/3143
f 3158/4392/3142 3159/4393/3143 3142/4353/3127
f 3159/4394/3143 3148/4395/3130 3142/4396/3127
f 3064/4200/3049 3157/4390/3141 3158/4392/3142
f 3158/4392/3142 3160/4397/3144 3128/4316/3113
f 3160/4397/3144 3158/4392/3142 3142/4353/3127
f 3128/4316/3113 3064/4200/3049 3158/4392/3142
f 3160/4397/3144 3142/4353/3127 3127/4314/3111
f 3128/4316/3113 3160/4397/3144 3127/4314/3111
f 3065/4201/3050 3157/4390/3141 3064/4200/3049
f 3155/4398/3139 3153/4399/3138 3146/4362/3131
f 3153/4399/3138 3147/4363/3132 3146/4362/3131
f 3144/4400/3128 3149/4368/3134 3008/4370/2991
f 3140/4365/3124 3141/4401/3126 3148/4361/3130
f 3148/4395/3130 3141/4402/3126 3142/4396/3127
f 3138/4345/3123 3144/4355/3128 3000/4403/2984
f 3004/4104/2989 3000/4403/2984 3144/4355/3128
f 3008/4100/2991 3004/4104/2989 3144/4355/3128
f 3142/4353/3127 3133/4329/3117 3127/4314/3111
f 2986/4072/2971 3138/4345/3123 3000/4403/2984
f 2983/4067/2969 3138/4345/3123 2986/4072/2971
f 3124/4312/3109 3134/4330/3119 2972/4041/2957
f 2977/4331/2961 2976/4404/2960 3134/4332/3119
f 3134/4332/3119 2976/4404/2960 2972/4405/2957
f 3064/4200/3049 3128/4316/3113 3069/4207/3054
f 3098/4406/3082 3097/4407/3081 3086/4242/3070
f 3097/4407/3081 3088/4243/3072 3086/4242/3070
f 3090/4248/3075 3088/4246/3072 3097/4257/3081
f 3082/4231/3066 3079/4225/3063 3068/4324/3053
f 3068/4324/3053 3079/4225/3063 3067/4227/3051
f 3073/4408/3057 3075/4409/3059 3162/4410/3145
f 3075/4409/3059 3161/4411/3146 3162/4410/3145
f 3162/4410/3145 3163/4412/3147 3073/4413/3057
f 3163/4412/3147 3162/4410/3145 3161/4411/3146
f 3063/4198/3047 3072/4414/3056 3163/4415/3147
f 3164/4416/3148 3063/4198/3047 3163/4415/3147
f 3163/4412/3147 3072/4417/3056 3073/4413/3057
f 3164/4418/3148 3163/4419/3147 3165/4420/3149
f 3163/4419/3147 3166/4421/3150 3165/4420/3149
f 3166/4422/3150 3163/4412/3147 3161/4411/3146
f 3166/4421/3150 3167/4423/3151 3165/4420/3149
f 3167/4424/3151 3166/4425/3150 3168/4426/3152
f 3166/4425/3150 3161/4427/3146 3168/4426/3152
f 3169/4428/3153 3167/4429/3151 3168/4430/3152
f 3170/4431/3154 3169/4428/3153 3168/4430/3152
f 3171/4432/3155 3169/4428/3153 3170/4431/3154
f 3172/4433/3156 3171/4432/3155 3170/4431/3154
f 3172/4433/3156 3173/4434/3157 3171/4432/3155
f 3017/4115/3002 3175/4435/3158 3173/4436/3157
f 3174/4437/3159 3017/4115/3002 3173/4436/3157
f 3173/4434/3157 3175/4438/3158 3171/4432/3155
f 3171/4439/3155 3175/4440/3158 3176/4441/3160
f 3175/4440/3158 3177/4442/3161 3176/4441/3160
f 3177/4442/3161 3175/4440/3158 3178/4443/3162
f 3175/4440/3158 3017/4444/3002 3178/4443/3162
f 3049/4445/3033 3178/4443/3162 3017/4444/3002
f 3178/4443/3162 3049/4445/3033 3051/4446/3035
f 3177/4442/3161 3178/4443/3162 3051/4446/3035
f 3177/4442/3161 3051/4446/3035 3176/4441/3160
f 3176/4441/3160 3179/4447/3163 3165/4420/3149
f 3171/4439/3155 3176/4441/3160 3165/4420/3149
f 3051/4446/3035 3179/4447/3163 3176/4441/3160
f 3051/4179/3035 3052/4180/3036 3179/4448/3163
f 3052/4180/3036 3061/4197/3046 3179/4448/3163
f 3179/4447/3163 3164/4418/3148 3165/4420/3149
f 3164/4416/3148 3179/4448/3163 3061/4197/3046
f 3174/4437/3159 3019/4116/3003 3017/4115/3002
f 3169/4449/3153 3171/4439/3155 3165/4420/3149
f 3167/4423/3151 3169/4449/3153 3165/4420/3149
f 3063/4198/3047 3164/4416/3148 3061/4197/3046
f 3061/4197/3046 3052/4180/3036 3055/4188/3039
f 3039/4158/3023 3058/4450/3041 3047/4170/3032
f 3039/4158/3023 3180/4451/3164 3058/4450/3041
f 3180/4451/3164 3181/4452/3165 3058/4450/3041
f 3058/4191/3041 3181/4453/3165 3057/4192/3042
f 3181/4454/3165 3180/4455/3164 3040/4456/3026
f 3057/4457/3042 3181/4454/3165 3040/4456/3026
f 3180/4458/3164 3039/4459/3023 3041/4460/3025
f 3040/4461/3026 3180/4458/3164 3041/4460/3025
f 3025/4123/3010 3049/4445/3033 3018/4125/3001
f 3018/4125/3001 3049/4445/3033 3017/4444/3002
f 3006/4098/2990 3037/4145/3021 3007/4101/2992
f 3011/4108/2996 3010/4107/2995 3035/4144/3020
f 3182/4462/3166 3035/4144/3020 3027/4126/3011
f 3020/4119/3006 3011/4108/2996 3035/4144/3020
f 3182/4462/3166 3020/4119/3006 3035/4144/3020
f 3182/4462/3166 3023/4121/3008 3020/4119/3006
f 3023/4121/3008 3182/4462/3166 3027/4126/3011
f 3020/4119/3006 3013/4111/2998 3011/4108/2996
f 2995/4084/2980 2996/4083/2979 3015/4112/2999
f 2996/4083/2979 3003/4094/2987 3015/4112/2999
f 2998/4091/2983 2986/4071/2971 3000/4089/2984
f 2998/4091/2983 2987/4069/2970 2986/4071/2971
f 2987/4078/2970 2998/4087/2983 2991/4079/2975
f 2998/4087/2983 2993/4081/2977 2991/4079/2975
f 3184/4463/3167 2989/4075/2973 3183/4464/3168
f 2989/4075/2973 3184/4463/3167 2982/4074/2968
f 3185/4465/3169 3184/4463/3167 3183/4464/3168
f 3184/4466/3167 3185/4467/3169 2968/4030/2951
f 3184/4466/3167 2973/4042/2958 2982/4065/2968
f 2973/4042/2958 3184/4466/3167 2968/4030/2951
f 3186/4468/3170 3185/4465/3169 3187/4469/3171
f 3186/4470/3170 2965/4029/2950 3185/4467/3169
f 3185/4465/3169 3183/4464/3168 3187/4469/3171
f 2965/4029/2950 2968/4030/2951 3185/4467/3169
f 3186/4468/3170 3187/4469/3171 3188/4471/3172
f 2944/3981/2928 3186/4468/3170 3188/4471/3172
f 3188/4471/3172 2942/3980/2927 2944/3981/2928
f 2965/4029/2950 3186/4470/3170 2966/4031/2952
f 3186/4470/3170 2944/3982/2928 2966/4031/2952
f 2979/4062/2963 2978/4472/2962 2984/4063/2966
f 2976/4404/2960 2971/4473/2954 2972/4405/2957
f 2972/4041/2957 2959/4016/2943 2960/4015/2945
f 3189/4474/3173 2963/4475/2947 2967/4476/2953
f 2966/4477/2952 3189/4474/3173 2967/4476/2953
f 2954/4006/2939 2963/4022/2947 3189/4478/3173
f 3190/4479/3174 2954/4006/2939 3189/4478/3173
f 3190/4480/3174 3189/4481/3173 2966/4482/2952
f 2954/4483/2939 3190/4484/3174 2945/4485/2929
f 2945/4486/2929 3190/4480/3174 2966/4482/2952
f 2966/4031/2952 2944/3982/2928 2945/3984/2929
f 2963/4022/2947 2954/4006/2939 2953/4007/2937
f 2950/3995/2935 2954/4487/2939 2947/3996/2932
f 2947/4488/2932 2954/4483/2939 2945/4485/2929
f 3191/4489/3175 3192/4490/3176 3195/4491/3177
f 3191/4492/3175 3193/4493/3178 3192/4494/3176
f 3191/4492/3175 3194/4495/3179 3193/4493/3178
f 3194/4496/3179 3191/4489/3175 3196/4497/3180
f 3191/4489/3175 3195/4491/3177 3196/4497/3180
f 3196/4497/3180 3195/4491/3177 3200/4498/3181
f 3197/4499/3182 3196/4500/3180 3199/4501/3183
f 3197/4499/3182 3198/4502/3184 3196/4500/3180
f 3198/4502/3184 3194/4503/3179 3196/4500/3180
f 3199/4504/3183 3196/4497/3180 3200/4498/3181
f 3195/4491/3177 3204/4505/3185 3200/4498/3181
f 3201/4506/3186 3202/4507/3187 3200/4498/3181
f 3205/4508/3188 3201/4506/3186 3200/4498/3181
f 3202/4507/3187 3199/4504/3183 3200/4498/3181
f 3203/4509/3189 3205/4508/3188 3200/4498/3181
f 3204/4505/3185 3203/4509/3189 3200/4498/3181
f 3207/4510/3190 3205/4511/3188 3206/4512/3191
f 3206/4513/3191 3205/4508/3188 3203/4509/3189
f 3208/4514/3192 3201/4515/3186 3205/4511/3188
f 3207/4510/3190 3208/4514/3192 3205/4511/3188
f 3208/4514/3192 3209/4516/3193 3212/4517/3194
f 3208/4514/3192 3210/4518/3195 3209/4516/3193
f 3208/4514/3192 3202/4519/3187 3201/4515/3186
f 3211/4520/3196 3210/4518/3195 3208/4514/3192
f 3202/4519/3187 3208/4514/3192 3212/4517/3194
f 3207/4510/3190 3211/4520/3196 3208/4514/3192
f 3202/4519/3187 3212/4517/3194 3213/4521/3197
f 3213/4522/3197 3212/4523/3194 3214/4524/3198
f 3215/4525/3199 3214/4524/3198 3212/4523/3194
f 3209/4526/3193 3215/4525/3199 3212/4523/3194
f 3216/4527/3200 3215/4525/3199 3217/4528/3201
f 3215/4525/3199 3216/4527/3200 3214/4524/3198
f 3215/4525/3199 3209/4526/3193 3217/4528/3201
f 3209/4526/3193 3218/4529/3202 3217/4528/3201
f 3218/4529/3202 3219/4530/3203 3217/4528/3201
f 3219/4530/3203 3220/4531/3204 3217/4528/3201
f 3220/4531/3204 3221/4532/3205 3217/4528/3201
f 3221/4532/3205 3222/4533/3206 3217/4528/3201
f 3222/4533/3206 3216/4527/3200 3217/4528/3201
f 3224/4534/3207 3223/4535/3208 3222/4536/3206
f 3222/4536/3206 3223/4535/3208 3216/4537/3200
f 3221/4538/3205 3224/4534/3207 3222/4536/3206
f 3224/4534/3207 3226/4539/3209 3223/4535/3208
f 3227/4540/3210 3225/4541/3211 3224/4534/3207
f 3225/4541/3211 3226/4539/3209 3224/4534/3207
f 3224/4534/3207 3221/4538/3205 3227/4540/3210
f 3228/4542/3212 3225/4541/3211 3227/4540/3210
f 3230/4543/3213 3228/4542/3212 3227/4540/3210
f 3221/4538/3205 3229/4544/3214 3227/4540/3210
f 3230/4543/3213 3227/4540/3210 3229/4544/3214
f 3232/4545/3215 3228/4542/3212 3230/4543/3213
f 3233/4546/3216 3230/4543/3213 3229/4544/3214
f 3230/4543/3213 3233/4546/3216 3231/4547/3217
f 3231/4547/3217 3232/4545/3215 3230/4543/3213
f 3233/4546/3216 3236/4548/3218 3231/4547/3217
f 3233/4549/3216 3234/4550/3219 3235/4551/3220
f 3233/4549/3216 3229/4552/3214 3234/4550/3219
f 3236/4553/3218 3233/4549/3216 3235/4551/3220
f 3237/4554/3221 3231/4547/3217 3236/4548/3218
f 3238/4555/3222 3237/4554/3221 3236/4548/3218
f 3238/4556/3222 3236/4553/3218 3239/4557/3223
f 3236/4553/3218 3235/4551/3220 3239/4557/3223
f 3239/4557/3223 3235/4551/3220 3240/4558/3224
f 3240/4558/3224 3243/4559/3225 3239/4557/3223
f 3243/4559/3225 3241/4560/3226 3239/4557/3223
f 3241/4560/3226 3242/4561/3227 3239/4557/3223
f 3242/4561/3227 3238/4556/3222 3239/4557/3223
f 3243/4559/3225 3245/4562/3228 3244/4563/3229
f 3241/4560/3226 3243/4559/3225 3244/4563/3229
f 3245/4564/3228 3243/4565/3225 3211/4520/3196
f 3240/4566/3224 3246/4567/3230 3243/4565/3225
f 3246/4567/3230 3247/4568/3231 3243/4565/3225
f 3243/4565/3225 3247/4568/3231 3211/4520/3196
f 3248/4569/3232 3210/4518/3195 3247/4568/3231
f 3247/4568/3231 3246/4567/3230 3248/4569/3232
f 3210/4518/3195 3211/4520/3196 3247/4568/3231
f 3210/4518/3195 3248/4569/3232 3218/4570/3202
f 3248/4569/3232 3219/4571/3203 3218/4570/3202
f 3246/4567/3230 3249/4572/3233 3248/4569/3232
f 3219/4571/3203 3248/4569/3232 3249/4572/3233
f 3250/4573/3234 3219/4571/3203 3249/4572/3233
f 3251/4574/3235 3250/4575/3234 3249/4576/3233
f 3234/4550/3219 3251/4574/3235 3249/4576/3233
f 3234/4550/3219 3249/4576/3233 3246/4577/3230
f 3251/4574/3235 3229/4552/3214 3220/4531/3204
f 3250/4575/3234 3251/4574/3235 3220/4531/3204
f 3229/4552/3214 3251/4574/3235 3234/4550/3219
f 3219/4530/3203 3250/4575/3234 3220/4531/3204
f 3235/4551/3220 3234/4550/3219 3246/4577/3230
f 3235/4551/3220 3246/4577/3230 3240/4558/3224
f 3244/4563/3229 3245/4562/3228 3252/4578/3236
f 3207/4510/3190 3252/4579/3236 3245/4564/3228
f 3211/4520/3196 3207/4510/3190 3245/4564/3228
f 3254/4580/3237 3253/4581/3238 3252/4579/3236
f 3253/4581/3238 3256/4582/3239 3252/4579/3236
f 3252/4579/3236 3207/4510/3190 3254/4580/3237
f 3257/4583/3240 3255/4584/3241 3252/4578/3236
f 3255/4584/3241 3244/4563/3229 3252/4578/3236
f 3256/4585/3239 3257/4583/3240 3252/4578/3236
f 3260/4586/3242 3257/4583/3240 3256/4585/3239
f 3258/4587/3243 3259/4588/3244 3257/4583/3240
f 3260/4586/3242 3258/4587/3243 3257/4583/3240
f 3257/4583/3240 3259/4588/3244 3255/4584/3241
f 3260/4586/3242 3261/4589/3245 3262/4590/3246
f 3261/4589/3245 3260/4586/3242 3256/4585/3239
f 3260/4586/3242 3262/4590/3246 3263/4591/3247
f 3258/4587/3243 3260/4586/3242 3263/4591/3247
f 3265/4592/3248 3263/4591/3247 3262/4590/3246
f 3258/4593/3243 3263/4594/3247 3264/4595/3249
f 3264/4595/3249 3263/4594/3247 3266/4596/3250
f 3263/4594/3247 3265/4597/3248 3266/4596/3250
f 3266/4598/3250 3267/4599/3251 3264/4600/3249
f 3267/4601/3251 3266/4602/3250 3265/4603/3248
f 3268/4604/3252 3267/4605/3251 3269/4606/3253
f 3267/4599/3251 3268/4607/3252 3264/4600/3249
f 3269/4608/3253 3267/4601/3251 3265/4603/3248
f 3270/4609/3254 3268/4604/3252 3269/4606/3253
f 3269/4606/3253 3271/4610/3255 3270/4609/3254
f 3271/4611/3255 3269/4608/3253 3272/4612/3256
f 3269/4608/3253 3265/4603/3248 3272/4612/3256
f 3271/4611/3255 3272/4612/3256 3273/4613/3257
f 3272/4614/3256 3265/4592/3248 3262/4590/3246
f 3273/4615/3257 3272/4614/3256 3274/4616/3258
f 3272/4614/3256 3262/4590/3246 3274/4616/3258
f 3261/4589/3245 3274/4616/3258 3262/4590/3246
f 3276/4617/3259 3274/4618/3258 3261/4619/3245
f 3274/4618/3258 3276/4617/3259 3275/4620/3260
f 3273/4621/3257 3274/4618/3258 3275/4620/3260
f 3277/4622/3261 3276/4623/3259 3278/4624/3262
f 3275/4625/3260 3276/4623/3259 3277/4622/3261
f 3276/4623/3259 3279/4626/3263 3278/4624/3262
f 3279/4627/3263 3276/4617/3259 3261/4619/3245
f 3278/4624/3262 3279/4626/3263 3280/4628/3264
f 3279/4626/3263 3253/4629/3238 3280/4628/3264
f 3253/4581/3238 3279/4630/3263 3256/4582/3239
f 3279/4630/3263 3261/4631/3245 3256/4582/3239
f 3253/4629/3238 3254/4632/3237 3280/4628/3264
f 3254/4632/3237 3281/4633/3265 3280/4628/3264
f 3282/4634/3266 3280/4628/3264 3281/4633/3265
f 3282/4634/3266 3283/4635/3267 3280/4628/3264
f 3283/4635/3267 3278/4624/3262 3280/4628/3264
f 3283/4635/3267 3284/4636/3268 3270/4609/3254
f 3284/4636/3268 3283/4635/3267 3282/4634/3266
f 3283/4635/3267 3270/4609/3254 3278/4624/3262
f 3287/4637/3269 3284/4638/3268 3285/4639/3270
f 3284/4638/3268 3286/4640/3271 3285/4639/3270
f 3286/4641/3271 3284/4636/3268 3282/4634/3266
f 3284/4638/3268 3287/4637/3269 3268/4607/3252
f 3284/4636/3268 3268/4604/3252 3270/4609/3254
f 3258/4593/3243 3287/4642/3269 3285/4643/3270
f 3287/4637/3269 3264/4600/3249 3268/4607/3252
f 3287/4642/3269 3258/4593/3243 3264/4595/3249
f 3286/4640/3271 3289/4644/3272 3285/4639/3270
f 3286/4641/3271 3282/4634/3266 3288/4645/3273
f 3289/4646/3272 3286/4641/3271 3288/4645/3273
f 3289/4644/3272 3290/4647/3274 3292/4648/3275
f 3289/4644/3272 3291/4649/3276 3290/4647/3274
f 3294/4650/3277 3291/4651/3276 3289/4652/3272
f 3293/4653/3278 3289/4644/3272 3292/4648/3275
f 3289/4644/3272 3293/4653/3278 3285/4639/3270
f 3288/4654/3273 3294/4650/3277 3289/4652/3272
f 3294/4650/3277 3204/4505/3185 3291/4651/3276
f 3204/4505/3185 3294/4650/3277 3203/4509/3189
f 3294/4650/3277 3288/4654/3273 3295/4655/3279
f 3294/4650/3277 3295/4655/3279 3203/4509/3189
f 3288/4654/3273 3281/4656/3265 3295/4655/3279
f 3254/4657/3237 3206/4513/3191 3295/4655/3279
f 3281/4656/3265 3254/4657/3237 3295/4655/3279
f 3295/4655/3279 3206/4513/3191 3203/4509/3189
f 3293/4658/3278 3292/4659/3275 3296/4660/3280
f 3293/4658/3278 3297/4661/3281 3285/4643/3270
f 3297/4661/3281 3293/4658/3278 3296/4660/3280
f 3297/4661/3281 3299/4662/3282 3285/4643/3270
f 3297/4661/3281 3296/4660/3280 3242/4663/3227
f 3297/4661/3281 3298/4664/3283 3300/4665/3284
f 3298/4664/3283 3297/4661/3281 3242/4663/3227
f 3299/4662/3282 3297/4661/3281 3300/4665/3284
f 3258/4593/3243 3299/4662/3282 3300/4665/3284
f 3259/4666/3244 3258/4593/3243 3300/4665/3284
f 3259/4588/3244 3300/4667/3284 3255/4584/3241
f 3300/4667/3284 3298/4668/3283 3255/4584/3241
f 3299/4662/3282 3258/4593/3243 3285/4643/3270
f 3242/4561/3227 3241/4560/3226 3298/4668/3283
f 3241/4560/3226 3244/4563/3229 3298/4668/3283
f 3298/4668/3283 3244/4563/3229 3255/4584/3241
f 3296/4660/3280 3237/4554/3221 3238/4555/3222
f 3296/4660/3280 3292/4659/3275 3237/4554/3221
f 3242/4663/3227 3296/4660/3280 3238/4555/3222
f 3292/4659/3275 3301/4669/3285 3237/4554/3221
f 3292/4648/3275 3290/4647/3274 3301/4670/3285
f 3301/4670/3285 3302/4671/3286 3232/4672/3215
f 3290/4647/3274 3302/4671/3286 3301/4670/3285
f 3237/4554/3221 3301/4669/3285 3231/4547/3217
f 3301/4669/3285 3232/4545/3215 3231/4547/3217
f 3302/4671/3286 3303/4673/3287 3232/4672/3215
f 3302/4671/3286 3290/4647/3274 3303/4673/3287
f 3303/4673/3287 3304/4674/3288 3228/4675/3212
f 3303/4673/3287 3305/4676/3289 3304/4674/3288
f 3232/4672/3215 3303/4673/3287 3228/4675/3212
f 3290/4647/3274 3305/4676/3289 3303/4673/3287
f 3305/4676/3289 3291/4649/3276 3192/4494/3176
f 3306/4677/3290 3305/4676/3289 3192/4494/3176
f 3305/4676/3289 3306/4677/3290 3304/4674/3288
f 3291/4649/3276 3305/4676/3289 3290/4647/3274
f 3306/4677/3290 3193/4493/3178 3304/4674/3288
f 3193/4493/3178 3306/4677/3290 3192/4494/3176
f 3193/4493/3178 3307/4678/3291 3304/4674/3288
f 3304/4674/3288 3307/4678/3291 3225/4679/3211
f 3228/4675/3212 3304/4674/3288 3225/4679/3211
f 3307/4678/3291 3193/4493/3178 3308/4680/3292
f 3309/4681/3293 3307/4678/3291 3308/4680/3292
f 3307/4678/3291 3309/4681/3293 3226/4682/3209
f 3225/4679/3211 3307/4678/3291 3226/4682/3209
f 3308/4680/3292 3310/4683/3294 3309/4681/3293
f 3310/4683/3294 3226/4682/3209 3309/4681/3293
f 3226/4539/3209 3310/4684/3294 3223/4535/3208
f 3311/4685/3295 3310/4683/3294 3308/4680/3292
f 3310/4684/3294 3311/4686/3295 3312/4687/3296
f 3223/4535/3208 3310/4684/3294 3312/4687/3296
f 3223/4535/3208 3312/4687/3296 3216/4537/3200
f 3216/4537/3200 3312/4687/3296 3313/4688/3297
f 3312/4687/3296 3314/4689/3298 3313/4688/3297
f 3312/4687/3296 3311/4686/3295 3314/4689/3298
f 3311/4686/3295 3315/4690/3299 3314/4689/3298
f 3314/4689/3298 3315/4690/3299 3316/4691/3300
f 3314/4692/3298 3316/4693/3300 3317/4694/3301
f 3313/4695/3297 3314/4692/3298 3214/4524/3198
f 3314/4692/3298 3317/4694/3301 3214/4524/3198
f 3318/4696/3302 3213/4522/3197 3317/4694/3301
f 3319/4697/3303 3318/4696/3302 3317/4694/3301
f 3317/4694/3301 3213/4522/3197 3214/4524/3198
f 3316/4693/3300 3319/4697/3303 3317/4694/3301
f 3320/4698/3304 3318/4696/3302 3319/4697/3303
f 3321/4699/3305 3320/4698/3304 3319/4697/3303
f 3321/4699/3305 3319/4697/3303 3316/4693/3300
f 3321/4700/3305 3324/4701/3306 3322/4702/3307
f 3320/4703/3304 3321/4700/3305 3322/4702/3307
f 3323/4704/3308 3321/4699/3305 3316/4693/3300
f 3321/4700/3305 3323/4705/3308 3324/4701/3306
f 3324/4706/3306 3325/4707/3309 3326/4708/3310
f 3324/4706/3306 3327/4709/3311 3325/4707/3309
f 3322/4710/3307 3324/4706/3306 3326/4708/3310
f 3323/4705/3308 3327/4711/3311 3324/4701/3306
f 3327/4709/3311 3328/4712/3312 3325/4707/3309
f 3328/4712/3312 3327/4709/3311 3330/4713/3313
f 3327/4711/3311 3323/4705/3308 3329/4714/3314
f 3330/4715/3313 3327/4711/3311 3329/4714/3314
f 3331/4716/3315 3328/4712/3312 3330/4713/3313
f 3331/4717/3315 3330/4718/3313 3329/4719/3314
f 3331/4716/3315 3198/4502/3184 3197/4499/3182
f 3198/4720/3184 3331/4717/3315 3332/4721/3316
f 3332/4721/3316 3331/4717/3315 3329/4719/3314
f 3328/4712/3312 3331/4716/3315 3197/4499/3182
f 3315/4690/3299 3332/4722/3316 3316/4691/3300
f 3315/4723/3299 3198/4720/3184 3332/4721/3316
f 3329/4724/3314 3323/4725/3308 3332/4722/3316
f 3323/4725/3308 3316/4691/3300 3332/4722/3316
f 3328/4712/3312 3197/4499/3182 3325/4707/3309
f 3333/4726/3317 3326/4708/3310 3325/4707/3309
f 3322/4727/3307 3326/4728/3310 3320/4729/3304
f 3326/4728/3310 3318/4730/3302 3320/4729/3304
f 3318/4730/3302 3326/4728/3310 3333/4731/3317
f 3333/4732/3317 3202/4519/3187 3213/4521/3197
f 3202/4733/3187 3333/4726/3317 3199/4501/3183
f 3333/4726/3317 3334/4734/3318 3199/4501/3183
f 3334/4734/3318 3333/4726/3317 3325/4707/3309
f 3213/4735/3197 3318/4730/3302 3333/4731/3317
f 3334/4734/3318 3197/4499/3182 3199/4501/3183
f 3197/4499/3182 3334/4734/3318 3325/4707/3309
f 3194/4495/3179 3198/4720/3184 3315/4723/3299
f 3311/4685/3295 3194/4495/3179 3315/4723/3299
f 3216/4527/3200 3313/4695/3297 3214/4524/3198
f 3194/4495/3179 3311/4685/3295 3308/4680/3292
f 3194/4495/3179 3308/4680/3292 3193/4493/3178
f 3204/4505/3185 3192/4490/3176 3291/4651/3276
f 3288/4645/3273 3282/4634/3266 3281/4633/3265
f 3270/4609/3254 3277/4622/3261 3278/4624/3262
f 3271/4610/3255 3275/4625/3260 3277/4622/3261
f 3271/4610/3255 3277/4622/3261 3270/4609/3254
f 3275/4736/3260 3271/4611/3255 3273/4613/3257
f 3207/4510/3190 3206/4512/3191 3254/4580/3237
f 3229/4552/3214 3221/4532/3205 3220/4531/3204
f 3210/4518/3195 3218/4570/3202 3209/4516/3193
f 3192/4490/3176 3204/4505/3185 3195/4491/3177
f 3335/4737/3319 3336/4738/3320 3338/4739/3321
f 3335/4737/3319 3337/4740/3322 3336/4738/3320
f 3337/4741/3322 3335/4742/3319 3340/4743/3323
f 3339/4744/3324 3335/4737/3319 3338/4739/3321
f 3335/4742/3319 3339/4745/3324 3341/4746/3325
f 3340/4743/3323 3335/4742/3319 3341/4746/3325
f 3342/4747/3326 3341/4746/3325 3343/4748/3327
f 3342/4747/3326 3344/4749/3328 3341/4746/3325
f 3341/4746/3325 3339/4745/3324 3343/4748/3327
f 3344/4749/3328 3340/4743/3323 3341/4746/3325
f 3344/4749/3328 3345/4750/3329 3340/4743/3323
f 3345/4751/3329 3344/4752/3328 3346/4753/3330
f 3344/4752/3328 3342/4754/3326 3347/4755/3331
f 3344/4752/3328 3347/4755/3331 3346/4753/3330
f 3342/4754/3326 3348/4756/3332 3347/4755/3331
f 3348/4756/3332 3349/4757/3333 3347/4755/3331
f 3347/4755/3331 3350/4758/3334 3346/4753/3330
f 3349/4757/3333 3350/4758/3334 3347/4755/3331
f 3350/4758/3334 3351/4759/3335 3353/4760/3336
f 3350/4758/3334 3349/4757/3333 3351/4759/3335
f 3352/4761/3337 3350/4758/3334 3353/4760/3336
f 3350/4758/3334 3352/4761/3337 3346/4753/3330
f 3353/4762/3336 3351/4763/3335 3355/4764/3338
f 3352/4761/3337 3353/4760/3336 3354/4765/3339
f 3356/4766/3340 3354/4767/3339 3353/4762/3336
f 3355/4764/3338 3356/4766/3340 3353/4762/3336
f 3356/4768/3340 3355/4769/3338 3359/4770/3341
f 3356/4766/3340 3358/4771/3342 3357/4772/3343
f 3354/4767/3339 3356/4766/3340 3357/4772/3343
f 3358/4773/3342 3356/4774/3340 3360/4775/3344
f 3360/4776/3344 3356/4768/3340 3359/4770/3341
f 3361/4777/3345 3362/4778/3346 3360/4775/3344
f 3361/4779/3345 3360/4776/3344 3364/4780/3347
f 3363/4781/3348 3358/4773/3342 3360/4775/3344
f 3360/4776/3344 3359/4770/3341 3364/4780/3347
f 3362/4778/3346 3363/4781/3348 3360/4775/3344
f 3365/4782/3349 3364/4780/3347 3359/4770/3341
f 3365/4782/3349 3366/4783/3350 3364/4780/3347
f 3366/4783/3350 3367/4784/3351 3364/4780/3347
f 3361/4779/3345 3364/4780/3347 3367/4785/3351
f 3366/4783/3350 3371/4786/3352 3367/4784/3351
f 3368/4787/3353 3361/4779/3345 3367/4785/3351
f 3369/4788/3354 3368/4787/3353 3367/4785/3351
f 3370/4789/3355 3369/4788/3354 3367/4785/3351
f 3371/4786/3352 3370/4790/3355 3367/4784/3351
f 3373/4791/3356 3370/4792/3355 3371/4793/3352
f 3372/4794/3357 3338/4795/3321 3371/4793/3352
f 3338/4795/3321 3336/4796/3320 3371/4793/3352
f 3372/4797/3357 3371/4786/3352 3366/4783/3350
f 3336/4796/3320 3373/4791/3356 3371/4793/3352
f 3373/4798/3356 3337/4799/3322 3376/4800/3358
f 3337/4740/3322 3373/4801/3356 3336/4738/3320
f 3370/4792/3355 3373/4791/3356 3374/4802/3359
f 3374/4803/3359 3373/4798/3356 3377/4804/3360
f 3373/4798/3356 3375/4805/3361 3377/4804/3360
f 3375/4805/3361 3373/4798/3356 3376/4800/3358
f 3377/4806/3360 3375/4807/3361 3379/4808/3362
f 3378/4809/3363 3377/4806/3360 3379/4808/3362
f 3378/4810/3363 3380/4811/3364 3377/4804/3360
f 3380/4811/3364 3374/4803/3359 3377/4804/3360
f 3381/4812/3365 3369/4813/3354 3380/4814/3364
f 3381/4812/3365 3380/4814/3364 3382/4815/3366
f 3380/4811/3364 3378/4810/3363 3382/4816/3366
f 3369/4813/3354 3374/4802/3359 3380/4814/3364
f 3386/4817/3367 3383/4818/3368 3382/4815/3366
f 3383/4818/3368 3381/4812/3365 3382/4815/3366
f 3378/4810/3363 3384/4819/3369 3382/4816/3366
f 3384/4819/3369 3387/4820/3370 3382/4816/3366
f 3387/4820/3370 3385/4821/3371 3382/4816/3366
f 3385/4822/3371 3386/4817/3367 3382/4815/3366
f 3387/4823/3370 3390/4824/3372 3385/4825/3371
f 3387/4823/3370 3388/4826/3373 3389/4827/3374
f 3387/4828/3370 3384/4829/3369 3388/4830/3373
f 3390/4824/3372 3387/4823/3370 3389/4827/3374
f 3390/4824/3372 3386/4831/3367 3385/4825/3371
f 3383/4832/3368 3386/4833/3367 3390/4834/3372
f 3391/4835/3375 3383/4832/3368 3390/4834/3372
f 3391/4835/3375 3390/4834/3372 3389/4836/3374
f 3391/4835/3375 3393/4837/3376 3362/4778/3346
f 3392/4838/3377 3391/4835/3375 3362/4778/3346
f 3391/4835/3375 3392/4838/3377 3383/4832/3368
f 3393/4837/3376 3391/4835/3375 3389/4836/3374
f 3362/4778/3346 3393/4837/3376 3363/4781/3348
f 3393/4837/3376 3394/4839/3378 3363/4781/3348
f 3394/4839/3378 3393/4837/3376 3395/4840/3379
f 3393/4837/3376 3389/4836/3374 3395/4840/3379
f 3395/4841/3379 3389/4827/3374 3388/4826/3373
f 3396/4842/3380 3395/4841/3379 3388/4826/3373
f 3395/4840/3379 3397/4843/3381 3394/4839/3378
f 3397/4844/3381 3395/4841/3379 3396/4842/3380
f 3397/4843/3381 3398/4845/3382 3394/4839/3378
f 3397/4846/3381 3399/4847/3383 3398/4848/3382
f 3399/4849/3383 3397/4844/3381 3396/4842/3380
f 3400/4850/3384 3399/4851/3383 3396/4852/3380
f 3399/4847/3383 3400/4853/3384 3398/4848/3382
f 3401/4854/3385 3357/4855/3343 3400/4850/3384
f 3357/4772/3343 3358/4771/3342 3400/4853/3384
f 3358/4771/3342 3398/4848/3382 3400/4853/3384
f 3402/4856/3386 3401/4854/3385 3400/4850/3384
f 3402/4856/3386 3400/4850/3384 3396/4852/3380
f 3401/4857/3385 3402/4858/3386 3403/4859/3387
f 3402/4858/3386 3396/4860/3380 3403/4859/3387
f 3378/4809/3363 3404/4861/3388 3403/4859/3387
f 3404/4861/3388 3401/4857/3385 3403/4859/3387
f 3384/4829/3369 3378/4809/3363 3403/4859/3387
f 3384/4829/3369 3403/4859/3387 3388/4830/3373
f 3396/4860/3380 3388/4830/3373 3403/4859/3387
f 3404/4861/3388 3378/4809/3363 3379/4808/3362
f 3404/4861/3388 3379/4808/3362 3405/4862/3389
f 3401/4857/3385 3404/4861/3388 3405/4862/3389
f 3406/4863/3390 3410/4864/3391 3405/4862/3389
f 3379/4808/3362 3406/4863/3390 3405/4862/3389
f 3408/4865/3392 3401/4854/3385 3405/4866/3389
f 3407/4867/3393 3408/4865/3392 3405/4866/3389
f 3409/4868/3394 3407/4867/3393 3405/4866/3389
f 3410/4869/3391 3409/4868/3394 3405/4866/3389
f 3410/4864/3391 3406/4863/3390 3409/4870/3394
f 3406/4863/3390 3411/4871/3395 3409/4870/3394
f 3345/4750/3329 3409/4872/3394 3411/4873/3395
f 3407/4867/3393 3409/4868/3394 3346/4753/3330
f 3409/4868/3394 3345/4751/3329 3346/4753/3330
f 3337/4741/3322 3412/4874/3396 3411/4873/3395
f 3412/4874/3396 3345/4750/3329 3411/4873/3395
f 3375/4807/3361 3376/4875/3358 3411/4871/3395
f 3406/4863/3390 3375/4807/3361 3411/4871/3395
f 3376/4876/3358 3337/4741/3322 3411/4873/3395
f 3412/4874/3396 3337/4741/3322 3340/4743/3323
f 3345/4750/3329 3412/4874/3396 3340/4743/3323
f 3408/4865/3392 3407/4867/3393 3346/4753/3330
f 3408/4865/3392 3352/4761/3337 3354/4765/3339
f 3352/4761/3337 3408/4865/3392 3346/4753/3330
f 3408/4865/3392 3354/4765/3339 3357/4855/3343
f 3401/4854/3385 3408/4865/3392 3357/4855/3343
f 3375/4807/3361 3406/4863/3390 3379/4808/3362
f 3398/4845/3382 3358/4773/3342 3394/4839/3378
f 3358/4773/3342 3363/4781/3348 3394/4839/3378
f 3362/4778/3346 3361/4777/3345 3392/4838/3377
f 3369/4877/3354 3381/4878/3365 3392/4838/3377
f 3368/4879/3353 3369/4877/3354 3392/4838/3377
f 3392/4838/3377 3381/4878/3365 3383/4832/3368
f 3361/4777/3345 3368/4879/3353 3392/4838/3377
f 3369/4813/3354 3370/4792/3355 3374/4802/3359
f 3338/4795/3321 3372/4794/3357 3413/4880/3397
f 3414/4881/3398 3372/4797/3357 3366/4783/3350
f 3413/4882/3397 3372/4883/3357 3415/4884/3399
f 3372/4883/3357 3414/4885/3398 3415/4884/3399
f 3416/4886/3400 3417/4887/3401 3415/4884/3399
f 3414/4885/3398 3416/4886/3400 3415/4884/3399
f 3413/4882/3397 3415/4884/3399 3418/4888/3402
f 3415/4884/3399 3417/4887/3401 3418/4888/3402
f 3417/4887/3401 3419/4889/3403 3418/4888/3402
f 3418/4888/3402 3419/4889/3403 3420/4890/3404
f 3422/4891/3405 3418/4888/3402 3420/4890/3404
f 3421/4892/3406 3413/4882/3397 3418/4888/3402
f 3418/4888/3402 3422/4891/3405 3421/4892/3406
f 3426/4893/3407 3423/4894/3408 3422/4891/3405
f 3422/4891/3405 3423/4894/3408 3421/4892/3406
f 3424/4895/3409 3426/4893/3407 3422/4891/3405
f 3424/4895/3409 3422/4891/3405 3425/4896/3410
f 3422/4891/3405 3420/4890/3404 3425/4896/3410
f 3426/4897/3407 3427/4898/3411 3423/4899/3408
f 3426/4900/3407 3424/4901/3409 3427/4902/3411
f 3427/4898/3411 3428/4903/3412 3423/4899/3408
f 3427/4904/3411 3429/4905/3413 3428/4906/3412
f 3424/4901/3409 3429/4907/3413 3427/4902/3411
f 3429/4905/3413 3430/4908/3414 3428/4906/3412
f 3430/4909/3414 3429/4910/3413 3431/4911/3415
f 3429/4910/3413 3432/4912/3416 3431/4911/3415
f 3432/4913/3416 3429/4907/3413 3424/4901/3409
f 3431/4911/3415 3432/4912/3416 3433/4914/3417
f 3432/4912/3416 3434/4915/3418 3433/4914/3417
f 3432/4913/3416 3425/4916/3410 3434/4917/3418
f 3425/4916/3410 3432/4913/3416 3424/4901/3409
f 3433/4918/3417 3434/4919/3418 3435/4920/3419
f 3435/4921/3419 3434/4917/3418 3436/4922/3420
f 3425/4916/3410 3436/4922/3420 3434/4917/3418
f 3436/4923/3420 3437/4924/3421 3438/4925/3422
f 3436/4923/3420 3425/4896/3410 3437/4924/3421
f 3439/4926/3423 3436/4923/3420 3438/4925/3422
f 3439/4927/3423 3435/4921/3419 3436/4922/3420
f 3440/4928/3424 3435/4929/3419 3439/4930/3423
f 3438/4931/3422 3440/4928/3424 3439/4930/3423
f 3440/4928/3424 3438/4931/3422 3441/4932/3425
f 3440/4933/3424 3433/4918/3417 3435/4920/3419
f 3433/4918/3417 3440/4933/3424 3441/4934/3425
f 3442/4935/3426 3433/4918/3417 3441/4934/3425
f 3444/4936/3427 3442/4935/3426 3441/4934/3425
f 3441/4932/3425 3446/4937/3428 3443/4938/3429
f 3445/4939/3430 3441/4932/3425 3443/4938/3429
f 3445/4940/3430 3444/4936/3427 3441/4934/3425
f 3438/4931/3422 3446/4937/3428 3441/4932/3425
f 3443/4941/3429 3446/4942/3428 3447/4943/3431
f 3446/4942/3428 3438/4925/3422 3437/4924/3421
f 3447/4943/3431 3446/4942/3428 3437/4924/3421
f 3417/4887/3401 3448/4944/3432 3447/4943/3431
f 3419/4889/3403 3417/4887/3401 3447/4943/3431
f 3419/4889/3403 3447/4943/3431 3437/4924/3421
f 3448/4944/3432 3443/4941/3429 3447/4943/3431
f 3449/4945/3433 3448/4946/3432 3417/4887/3401
f 3449/4945/3433 3450/4947/3434 3448/4946/3432
f 3450/4947/3434 3443/4948/3429 3448/4946/3432
f 3443/4938/3429 3450/4949/3434 3445/4939/3430
f 3450/4949/3434 3451/4950/3435 3445/4939/3430
f 3450/4949/3434 3452/4951/3436 3451/4950/3435
f 3452/4952/3436 3450/4947/3434 3453/4953/3437
f 3450/4947/3434 3449/4945/3433 3453/4953/3437
f 3449/4945/3433 3416/4886/3400 3453/4953/3437
f 3416/4886/3400 3365/4782/3349 3453/4953/3437
f 3452/4952/3436 3453/4953/3437 3359/4770/3341
f 3453/4953/3437 3365/4782/3349 3359/4770/3341
f 3351/4763/3335 3452/4951/3436 3355/4764/3338
f 3452/4951/3436 3351/4763/3335 3451/4950/3435
f 3355/4769/3338 3452/4952/3436 3359/4770/3341
f 3451/4954/3435 3349/4757/3333 3444/4955/3427
f 3445/4956/3430 3451/4954/3435 3444/4955/3427
f 3349/4757/3333 3451/4954/3435 3351/4759/3335
f 3416/4886/3400 3449/4945/3433 3417/4887/3401
f 3444/4955/3427 3349/4757/3333 3348/4756/3332
f 3455/4957/3438 3444/4955/3427 3348/4756/3332
f 3444/4936/3427 3455/4958/3438 3454/4959/3439
f 3442/4935/3426 3444/4936/3427 3454/4959/3439
f 3455/4958/3438 3456/4960/3440 3454/4959/3439
f 3456/4961/3440 3455/4957/3438 3348/4756/3332
f 3342/4754/3326 3456/4961/3440 3348/4756/3332
f 3456/4962/3440 3342/4747/3326 3343/4748/3327
f 3456/4963/3440 3343/4964/3327 3457/4965/3441
f 3456/4960/3440 3457/4966/3441 3454/4959/3439
f 3343/4964/3327 3458/4967/3442 3457/4965/3441
f 3457/4965/3441 3458/4967/3442 3454/4968/3439
f 3458/4967/3442 3459/4969/3443 3454/4968/3439
f 3458/4967/3442 3461/4970/3444 3459/4969/3443
f 3343/4964/3327 3460/4971/3445 3458/4967/3442
f 3460/4971/3445 3461/4970/3444 3458/4967/3442
f 3461/4972/3444 3338/4973/3321 3462/4974/3446
f 3339/4975/3324 3338/4973/3321 3461/4972/3444
f 3460/4976/3445 3339/4975/3324 3461/4972/3444
f 3461/4970/3444 3462/4977/3446 3459/4969/3443
f 3462/4977/3446 3464/4978/3447 3459/4969/3443
f 3465/4979/3448 3463/4980/3449 3462/4974/3446
f 3463/4980/3449 3464/4981/3447 3462/4974/3446
f 3338/4973/3321 3465/4979/3448 3462/4974/3446
f 3465/4982/3448 3338/4795/3321 3413/4880/3397
f 3465/4982/3448 3413/4880/3397 3421/4983/3406
f 3463/4984/3449 3465/4982/3448 3421/4983/3406
f 3464/4981/3447 3463/4980/3449 3428/4906/3412
f 3430/4908/3414 3464/4981/3447 3428/4906/3412
f 3464/4978/3447 3430/4909/3414 3431/4911/3415
f 3464/4978/3447 3466/4985/3450 3459/4969/3443
f 3466/4985/3450 3464/4978/3447 3431/4911/3415
f 3442/4986/3426 3466/4985/3450 3433/4914/3417
f 3466/4985/3450 3442/4986/3426 3454/4968/3439
f 3459/4969/3443 3466/4985/3450 3454/4968/3439
f 3466/4985/3450 3431/4911/3415 3433/4914/3417
f 3463/4984/3449 3421/4983/3406 3423/4899/3408
f 3428/4903/3412 3463/4984/3449 3423/4899/3408
f 3339/4745/3324 3460/4987/3445 3343/4748/3327
f 3425/4896/3410 3420/4890/3404 3437/4924/3421
f 3420/4890/3404 3419/4889/3403 3437/4924/3421
f 3416/4886/3400 3414/4881/3398 3365/4782/3349
f 3414/4881/3398 3366/4783/3350 3365/4782/3349
f 3467/4988/3451 3468/4989/3452 3470/4990/3453
f 3467/4988/3451 3469/4991/3454 3468/4989/3452
f 3469/4991/3454 3467/4988/3451 3472/4992/3455
f 3471/4993/3456 3467/4988/3451 3470/4990/3453
f 3467/4988/3451 3471/4993/3456 3473/4994/3457
f 3472/4992/3455 3467/4988/3451 3473/4994/3457
f 3474/4995/3458 3472/4996/3455 3473/4997/3457
f 3475/4998/3459 3474/4995/3458 3473/4997/3457
f 3473/4999/3457 3471/5000/3456 3476/5001/3460
f 3475/4998/3459 3473/4997/3457 3476/5002/3460
f 3477/5003/3461 3476/5004/3460 3479/5005/3462
f 3477/5006/3461 3475/4998/3459 3476/5002/3460
f 3471/5000/3456 3478/5007/3463 3476/5001/3460
f 3476/5004/3460 3478/5008/3463 3480/5009/3464
f 3476/5004/3460 3480/5009/3464 3479/5005/3462
f 3478/5008/3463 3481/5010/3465 3480/5009/3464
f 3479/5005/3462 3480/5009/3464 3482/5011/3466
f 3480/5009/3464 3481/5010/3465 3483/5012/3467
f 3480/5009/3464 3483/5012/3467 3482/5011/3466
f 3481/5010/3465 3484/5013/3468 3483/5012/3467
f 3484/5013/3468 3486/5014/3469 3483/5012/3467
f 3483/5012/3467 3485/5015/3470 3482/5011/3466
f 3486/5014/3469 3485/5015/3470 3483/5012/3467
f 3486/5016/3469 3487/5017/3471 3488/5018/3472
f 3487/5017/3471 3486/5016/3469 3484/5019/3468
f 3485/5015/3470 3486/5014/3469 3490/5020/3473
f 3489/5021/3474 3486/5016/3469 3488/5018/3472
f 3486/5014/3469 3489/5022/3474 3490/5020/3473
f 3489/5022/3474 3491/5023/3475 3490/5020/3473
f 3491/5023/3475 3493/5024/3476 3490/5020/3473
f 3485/5015/3470 3490/5020/3473 3492/5025/3477
f 3490/5020/3473 3493/5024/3476 3492/5025/3477
f 3493/5024/3476 3494/5026/3478 3492/5025/3477
f 3493/5027/3476 3495/5028/3479 3494/5029/3478
f 3495/5028/3479 3493/5027/3476 3496/5030/3480
f 3493/5027/3476 3491/5031/3475 3496/5030/3480
f 3496/5032/3480 3499/5033/3481 3495/5034/3479
f 3497/5035/3482 3496/5030/3480 3498/5036/3483
f 3496/5032/3480 3497/5037/3482 3499/5033/3481
f 3496/5030/3480 3491/5031/3475 3498/5036/3483
f 3499/5033/3481 3502/5038/3484 3495/5034/3479
f 3500/5039/3485 3499/5033/3481 3501/5040/3486
f 3499/5033/3481 3500/5039/3485 3502/5038/3484
f 3499/5033/3481 3503/5041/3487 3501/5040/3486
f 3497/5037/3482 3503/5041/3487 3499/5033/3481
f 3497/5042/3482 3498/5043/3483 3503/5044/3487
f 3498/5043/3483 3488/5045/3472 3503/5044/3487
f 3488/5045/3472 3487/5046/3471 3503/5044/3487
f 3487/5046/3471 3501/5047/3486 3503/5044/3487
f 3495/5034/3479 3502/5038/3484 3504/5048/3488
f 3502/5038/3484 3505/5049/3489 3504/5048/3488
f 3500/5039/3485 3505/5049/3489 3502/5038/3484
f 3507/5050/3490 3505/5049/3489 3500/5039/3485
f 3505/5049/3489 3506/5051/3491 3504/5048/3488
f 3505/5049/3489 3507/5050/3490 3506/5051/3491
f 3508/5052/3492 3510/5053/3493 3507/5054/3490
f 3508/5052/3492 3507/5054/3490 3509/5055/3494
f 3509/5055/3494 3507/5050/3490 3500/5039/3485
f 3510/5053/3493 3511/5056/3495 3507/5054/3490
f 3507/5050/3490 3511/5057/3495 3506/5051/3491
f 3512/5058/3496 3513/5059/3497 3511/5060/3495
f 3510/5061/3493 3512/5058/3496 3511/5060/3495
f 3511/5057/3495 3513/5062/3497 3506/5051/3491
f 3514/5063/3498 3515/5064/3499 3513/5065/3497
f 3513/5065/3497 3512/5066/3496 3514/5063/3498
f 3515/5064/3499 3516/5067/3500 3513/5065/3497
f 3513/5062/3497 3516/5068/3500 3506/5051/3491
f 3517/5069/3501 3516/5067/3500 3515/5064/3499
f 3516/5068/3500 3517/5070/3501 3504/5048/3488
f 3506/5051/3491 3516/5068/3500 3504/5048/3488
f 3518/5071/3502 3504/5048/3488 3517/5070/3501
f 3520/5072/3503 3518/5071/3502 3517/5070/3501
f 3519/5073/3504 3517/5069/3501 3515/5064/3499
f 3517/5069/3501 3519/5073/3504 3520/5074/3503
f 3520/5075/3503 3521/5076/3505 3518/5077/3502
f 3519/5073/3504 3521/5078/3505 3520/5074/3503
f 3521/5076/3505 3494/5029/3478 3518/5077/3502
f 3492/5079/3477 3494/5080/3478 3521/5081/3505
f 3519/5082/3504 3492/5079/3477 3521/5081/3505
f 3492/5079/3477 3519/5082/3504 3515/5083/3499
f 3518/5071/3502 3495/5034/3479 3504/5048/3488
f 3495/5028/3479 3518/5077/3502 3494/5029/3478
f 3514/5084/3498 3522/5085/3506 3515/5083/3499
f 3523/5086/3507 3492/5079/3477 3515/5083/3499
f 3522/5085/3506 3523/5086/3507 3515/5083/3499
f 3523/5087/3507 3485/5015/3470 3492/5025/3477
f 3523/5086/3507 3522/5085/3506 3482/5088/3466
f 3485/5015/3470 3523/5087/3507 3482/5011/3466
f 3514/5084/3498 3524/5089/3508 3522/5085/3506
f 3524/5089/3508 3525/5090/3509 3522/5085/3506
f 3522/5085/3506 3525/5090/3509 3527/5091/3510
f 3522/5085/3506 3526/5092/3511 3482/5088/3466
f 3526/5092/3511 3522/5085/3506 3527/5091/3510
f 3475/5093/3459 3477/5094/3461 3527/5091/3510
f 3477/5094/3461 3526/5092/3511 3527/5091/3510
f 3475/5093/3459 3527/5091/3510 3528/5095/3512
f 3527/5091/3510 3525/5090/3509 3528/5095/3512
f 3474/5096/3458 3528/5095/3512 3529/5097/3513
f 3474/5096/3458 3475/5093/3459 3528/5095/3512
f 3528/5095/3512 3530/5098/3514 3529/5097/3513
f 3525/5090/3509 3530/5098/3514 3528/5095/3512
f 3530/5098/3514 3525/5090/3509 3531/5099/3515
f 3530/5098/3514 3531/5099/3515 3533/5100/3516
f 3532/5101/3517 3530/5098/3514 3533/5100/3516
f 3530/5098/3514 3532/5101/3517 3529/5097/3513
f 3533/5102/3516 3531/5103/3515 3535/5104/3518
f 3532/5101/3517 3533/5100/3516 3534/5105/3519
f 3536/5106/3520 3534/5107/3519 3533/5102/3516
f 3535/5104/3518 3536/5106/3520 3533/5102/3516
f 3534/5107/3519 3536/5106/3520 3537/5108/3521
f 3536/5109/3520 3535/5110/3518 3540/5111/3522
f 3536/5106/3520 3538/5112/3523 3537/5108/3521
f 3538/5113/3523 3536/5109/3520 3539/5114/3524
f 3539/5114/3524 3536/5109/3520 3540/5111/3522
f 3544/5115/3525 3541/5116/3526 3540/5117/3522
f 3541/5116/3526 3542/5118/3527 3540/5117/3522
f 3539/5114/3524 3540/5111/3522 3542/5119/3527
f 3543/5120/3528 3544/5121/3525 3540/5122/3522
f 3535/5123/3518 3543/5120/3528 3540/5122/3522
f 3510/5053/3493 3508/5052/3492 3544/5115/3525
f 3508/5052/3492 3541/5116/3526 3544/5115/3525
f 3543/5120/3528 3512/5058/3496 3544/5121/3525
f 3512/5058/3496 3510/5061/3493 3544/5121/3525
f 3543/5124/3528 3531/5103/3515 3524/5125/3508
f 3512/5066/3496 3543/5124/3528 3524/5125/3508
f 3531/5103/3515 3543/5124/3528 3535/5104/3518
f 3541/5116/3526 3545/5126/3529 3542/5118/3527
f 3545/5126/3529 3546/5127/3530 3542/5118/3527
f 3547/5128/3531 3542/5119/3527 3546/5129/3530
f 3547/5128/3531 3539/5114/3524 3542/5119/3527
f 3547/5128/3531 3548/5130/3532 3539/5114/3524
f 3548/5130/3532 3547/5128/3531 3549/5131/3533
f 3547/5128/3531 3550/5132/3534 3549/5131/3533
f 3550/5132/3534 3547/5128/3531 3546/5129/3530
f 3551/5133/3535 3550/5132/3534 3546/5129/3530
f 3550/5132/3534 3551/5133/3535 3549/5131/3533
f 3551/5134/3535 3554/5135/3536 3552/5136/3537
f 3555/5137/3538 3551/5134/3535 3552/5136/3537
f 3553/5138/3539 3551/5133/3535 3546/5129/3530
f 3551/5134/3535 3553/5139/3539 3554/5135/3536
f 3551/5133/3535 3555/5140/3538 3549/5131/3533
f 3549/5131/3533 3555/5140/3538 3556/5141/3540
f 3556/5142/3540 3555/5137/3538 3557/5143/3541
f 3555/5137/3538 3552/5136/3537 3557/5143/3541
f 3552/5144/3537 3558/5145/3542 3557/5146/3541
f 3558/5145/3542 3559/5147/3543 3557/5146/3541
f 3559/5147/3543 3562/5148/3544 3557/5146/3541
f 3562/5148/3544 3560/5149/3545 3557/5146/3541
f 3560/5150/3545 3561/5151/3546 3557/5143/3541
f 3561/5151/3546 3556/5142/3540 3557/5143/3541
f 3562/5152/3544 3559/5153/3543 3563/5154/3547
f 3562/5155/3544 3565/5156/3548 3560/5157/3545
f 3562/5155/3544 3563/5158/3547 3564/5159/3549
f 3565/5156/3548 3562/5155/3544 3564/5159/3549
f 3566/5160/3550 3565/5161/3548 3564/5162/3549
f 3566/5160/3550 3556/5141/3540 3565/5161/3548
f 3565/5156/3548 3561/5163/3546 3560/5157/3545
f 3556/5141/3540 3561/5164/3546 3565/5161/3548
f 3567/5165/3551 3566/5160/3550 3564/5162/3549
f 3566/5160/3550 3567/5165/3551 3548/5130/3532
f 3549/5131/3533 3566/5160/3550 3548/5130/3532
f 3566/5160/3550 3549/5131/3533 3556/5141/3540
f 3567/5165/3551 3568/5166/3552 3570/5167/3553
f 3568/5166/3552 3567/5165/3551 3569/5168/3554
f 3567/5165/3551 3564/5162/3549 3569/5168/3554
f 3548/5130/3532 3567/5165/3551 3570/5167/3553
f 3570/5167/3553 3538/5113/3523 3539/5114/3524
f 3548/5130/3532 3570/5167/3553 3539/5114/3524
f 3538/5113/3523 3570/5167/3553 3568/5166/3552
f 3569/5168/3554 3572/5169/3555 3568/5166/3552
f 3571/5170/3556 3569/5171/3554 3563/5158/3547
f 3572/5172/3555 3569/5171/3554 3571/5170/3556
f 3569/5171/3554 3564/5159/3549 3563/5158/3547
f 3572/5169/3555 3573/5173/3557 3568/5166/3552
f 3572/5174/3555 3574/5175/3558 3573/5176/3557
f 3574/5177/3558 3572/5172/3555 3571/5170/3556
f 3575/5178/3559 3574/5179/3558 3571/5180/3556
f 3574/5175/3558 3575/5181/3559 3573/5176/3557
f 3538/5112/3523 3573/5176/3557 3575/5181/3559
f 3577/5182/3560 3575/5178/3559 3571/5180/3556
f 3577/5182/3560 3576/5183/3561 3575/5178/3559
f 3576/5183/3561 3537/5184/3521 3575/5178/3559
f 3537/5108/3521 3538/5112/3523 3575/5181/3559
f 3576/5185/3561 3577/5182/3560 3578/5186/3562
f 3577/5182/3560 3571/5180/3556 3578/5186/3562
f 3579/5187/3563 3576/5185/3561 3578/5186/3562
f 3559/5153/3543 3578/5186/3562 3563/5154/3547
f 3559/5153/3543 3558/5188/3542 3578/5186/3562
f 3571/5180/3556 3563/5154/3547 3578/5186/3562
f 3558/5188/3542 3579/5187/3563 3578/5186/3562
f 3576/5185/3561 3579/5187/3563 3580/5189/3564
f 3579/5187/3563 3581/5190/3565 3580/5189/3564
f 3579/5187/3563 3558/5188/3542 3581/5190/3565
f 3583/5191/3566 3582/5192/3567 3581/5190/3565
f 3581/5190/3565 3582/5192/3567 3580/5189/3564
f 3584/5193/3568 3583/5191/3566 3581/5190/3565
f 3558/5188/3542 3584/5193/3568 3581/5190/3565
f 3558/5145/3542 3552/5144/3537 3584/5194/3568
f 3552/5144/3537 3554/5195/3536 3584/5194/3568
f 3585/5196/3569 3583/5197/3566 3584/5194/3568
f 3554/5195/3536 3585/5196/3569 3584/5194/3568
f 3585/5196/3569 3469/5198/3454 3587/5199/3570
f 3469/4991/3454 3585/5200/3569 3468/4989/3452
f 3468/4989/3452 3585/5200/3569 3586/5201/3571
f 3585/5200/3569 3553/5139/3539 3586/5201/3571
f 3553/5139/3539 3585/5200/3569 3554/5135/3536
f 3583/5197/3566 3585/5196/3569 3587/5199/3570
f 3583/5191/3566 3587/5202/3570 3588/5203/3572
f 3587/5199/3570 3469/5198/3454 3588/5204/3572
f 3589/5205/3573 3591/5206/3574 3588/5207/3572
f 3590/5208/3575 3589/5205/3573 3588/5207/3572
f 3469/5198/3454 3590/5209/3575 3588/5204/3572
f 3582/5192/3567 3583/5191/3566 3588/5203/3572
f 3582/5192/3567 3588/5203/3572 3591/5210/3574
f 3592/5211/3576 3591/5212/3574 3580/5213/3564
f 3592/5214/3576 3582/5192/3567 3591/5210/3574
f 3591/5212/3574 3593/5215/3577 3580/5213/3564
f 3593/5215/3577 3591/5212/3574 3529/5097/3513
f 3591/5212/3574 3589/5216/3573 3529/5097/3513
f 3594/5217/3578 3593/5215/3577 3529/5097/3513
f 3593/5215/3577 3594/5217/3578 3580/5213/3564
f 3594/5217/3578 3534/5105/3519 3537/5184/3521
f 3594/5217/3578 3532/5101/3517 3534/5105/3519
f 3576/5183/3561 3594/5217/3578 3537/5184/3521
f 3594/5217/3578 3576/5183/3561 3580/5213/3564
f 3532/5101/3517 3594/5217/3578 3529/5097/3513
f 3582/5192/3567 3592/5214/3576 3580/5189/3564
f 3589/5218/3573 3590/5219/3575 3472/4996/3455
f 3590/5220/3575 3469/4991/3454 3472/4992/3455
f 3589/5216/3573 3474/5096/3458 3529/5097/3513
f 3474/4995/3458 3589/5218/3573 3472/4996/3455
f 3595/5221/3579 3586/5222/3571 3545/5126/3529
f 3545/5126/3529 3586/5222/3571 3546/5127/3530
f 3586/5222/3571 3553/5223/3539 3546/5127/3530
f 3595/5224/3579 3470/4990/3453 3586/5201/3571
f 3470/4990/3453 3468/4989/3452 3586/5201/3571
f 3470/4990/3453 3595/5224/3579 3596/5225/3580
f 3597/5226/3581 3595/5221/3579 3545/5126/3529
f 3596/5227/3580 3595/5228/3579 3509/5055/3494
f 3595/5228/3579 3597/5226/3581 3509/5055/3494
f 3508/5052/3492 3597/5226/3581 3541/5116/3526
f 3597/5226/3581 3545/5126/3529 3541/5116/3526
f 3597/5226/3581 3508/5052/3492 3509/5055/3494
f 3598/5229/3582 3470/4990/3453 3596/5225/3580
f 3598/5229/3582 3596/5225/3580 3501/5047/3486
f 3501/5040/3486 3596/5227/3580 3500/5039/3485
f 3596/5227/3580 3509/5055/3494 3500/5039/3485
f 3470/5230/3453 3598/5231/3582 3484/5019/3468
f 3598/5231/3582 3487/5017/3471 3484/5019/3468
f 3487/5046/3471 3598/5229/3582 3501/5047/3486
f 3573/5173/3557 3538/5113/3523 3568/5166/3552
f 3525/5090/3509 3524/5089/3508 3531/5099/3515
f 3526/5092/3511 3477/5094/3461 3482/5088/3466
f 3512/5066/3496 3524/5125/3508 3514/5063/3498
f 3498/5232/3483 3491/5233/3475 3488/5018/3472
f 3491/5233/3475 3489/5021/3474 3488/5018/3472
f 3481/5234/3465 3470/5230/3453 3484/5019/3468
f 3477/5094/3461 3479/5235/3462 3482/5088/3466
f 3471/5000/3456 3470/5230/3453 3481/5234/3465
f 3478/5007/3463 3471/5000/3456 3481/5234/3465
f 3599/5236/3583 3600/5237/3584 3603/5238/3585
f 3599/5236/3583 3601/5239/3586 3600/5237/3584
f 3601/5239/3586 3599/5236/3583 3604/5240/3587
f 3599/5236/3583 3602/5241/3588 3605/5242/3589
f 3602/5241/3588 3599/5236/3583 3603/5238/3585
f 3604/5240/3587 3599/5236/3583 3605/5242/3589
f 3606/5243/3590 3605/5244/3589 3607/5245/3591
f 3606/5243/3590 3608/5246/3592 3605/5244/3589
f 3605/5247/3589 3602/5248/3588 3607/5249/3591
f 3608/5246/3592 3604/5250/3587 3605/5244/3589
f 3608/5246/3592 3609/5251/3593 3604/5250/3587
f 3609/5252/3593 3608/5253/3592 3610/5254/3594
f 3608/5253/3592 3606/5255/3590 3611/5256/3595
f 3608/5253/3592 3611/5256/3595 3610/5254/3594
f 3606/5255/3590 3612/5257/3596 3611/5256/3595
f 3612/5257/3596 3613/5258/3597 3611/5256/3595
f 3611/5256/3595 3614/5259/3598 3610/5254/3594
f 3613/5258/3597 3614/5259/3598 3611/5256/3595
f 3614/5259/3598 3615/5260/3599 3617/5261/3600
f 3614/5259/3598 3613/5258/3597 3615/5260/3599
f 3616/5262/3601 3614/5259/3598 3617/5261/3600
f 3614/5259/3598 3616/5262/3601 3610/5254/3594
f 3617/5263/3600 3615/5264/3599 3619/5265/3602
f 3616/5262/3601 3617/5261/3600 3618/5266/3603
f 3620/5267/3604 3618/5268/3603 3617/5263/3600
f 3619/5265/3602 3620/5267/3604 3617/5263/3600
f 3620/5269/3604 3619/5270/3602 3623/5271/3605
f 3620/5267/3604 3622/5272/3606 3621/5273/3607
f 3618/5268/3603 3620/5267/3604 3621/5273/3607
f 3622/5274/3606 3620/5275/3604 3624/5276/3608
f 3624/5277/3608 3620/5269/3604 3623/5271/3605
f 3627/5278/3609 3622/5274/3606 3624/5276/3608
f 3625/5279/3610 3626/5280/3611 3624/5281/3608
f 3625/5279/3610 3624/5282/3608 3628/5283/3612
f 3624/5282/3608 3623/5284/3605 3628/5283/3612
f 3626/5280/3611 3627/5285/3609 3624/5281/3608
f 3629/5286/3613 3628/5283/3612 3623/5284/3605
f 3629/5286/3613 3630/5287/3614 3628/5283/3612
f 3630/5287/3614 3631/5288/3615 3628/5283/3612
f 3625/5279/3610 3628/5283/3612 3631/5289/3615
f 3630/5287/3614 3635/5290/3616 3631/5288/3615
f 3633/5291/3617 3632/5292/3618 3631/5289/3615
f 3632/5292/3618 3625/5279/3610 3631/5289/3615
f 3634/5293/3619 3633/5291/3617 3631/5289/3615
f 3635/5290/3616 3634/5294/3619 3631/5288/3615
f 3637/5295/3620 3634/5296/3619 3635/5297/3616
f 3636/5298/3621 3603/5299/3585 3635/5297/3616
f 3603/5299/3585 3600/5300/3584 3635/5297/3616
f 3636/5301/3621 3635/5290/3616 3630/5287/3614
f 3600/5300/3584 3637/5295/3620 3635/5297/3616
f 3637/5302/3620 3601/5303/3586 3640/5304/3622
f 3601/5239/3586 3637/5305/3620 3600/5237/3584
f 3634/5296/3619 3637/5295/3620 3638/5306/3623
f 3638/5307/3623 3637/5302/3620 3641/5308/3624
f 3637/5302/3620 3639/5309/3625 3641/5308/3624
f 3639/5309/3625 3637/5302/3620 3640/5304/3622
f 3641/5310/3624 3639/5311/3625 3643/5312/3626
f 3642/5313/3627 3641/5310/3624 3643/5312/3626
f 3642/5314/3627 3644/5315/3628 3641/5308/3624
f 3644/5315/3628 3638/5307/3623 3641/5308/3624
f 3645/5316/3629 3633/5317/3617 3644/5318/3628
f 3645/5316/3629 3644/5318/3628 3646/5319/3630
f 3644/5315/3628 3642/5314/3627 3646/5320/3630
f 3633/5317/3617 3638/5306/3623 3644/5318/3628
f 3649/5321/3631 3647/5322/3632 3646/5319/3630
f 3647/5322/3632 3645/5316/3629 3646/5319/3630
f 3642/5314/3627 3648/5323/3633 3646/5320/3630
f 3648/5323/3633 3651/5324/3634 3646/5320/3630
f 3650/5325/3635 3649/5321/3631 3646/5319/3630
f 3651/5324/3634 3650/5326/3635 3646/5320/3630
f 3651/5327/3634 3654/5328/3636 3650/5325/3635
f 3651/5327/3634 3652/5329/3637 3653/5330/3638
f 3651/5331/3634 3648/5332/3633 3652/5333/3637
f 3654/5328/3636 3651/5327/3634 3653/5330/3638
f 3654/5328/3636 3649/5321/3631 3650/5325/3635
f 3647/5334/3632 3649/5335/3631 3654/5336/3636
f 3655/5337/3639 3647/5334/3632 3654/5336/3636
f 3655/5337/3639 3654/5336/3636 3653/5338/3638
f 3655/5337/3639 3656/5339/3640 3647/5334/3632
f 3656/5339/3640 3655/5337/3639 3626/5280/3611
f 3655/5337/3639 3657/5340/3641 3626/5280/3611
f 3657/5340/3641 3655/5337/3639 3653/5338/3638
f 3626/5280/3611 3657/5340/3641 3627/5285/3609
f 3657/5340/3641 3658/5341/3642 3627/5285/3609
f 3658/5341/3642 3657/5340/3641 3659/5342/3643
f 3657/5340/3641 3653/5338/3638 3659/5342/3643
f 3659/5343/3643 3653/5330/3638 3652/5329/3637
f 3660/5344/3644 3659/5343/3643 3652/5329/3637
f 3659/5345/3643 3661/5346/3645 3658/5347/3642
f 3661/5348/3645 3659/5349/3643 3660/5350/3644
f 3661/5346/3645 3662/5351/3646 3658/5347/3642
f 3661/5352/3645 3663/5353/3647 3662/5354/3646
f 3663/5355/3647 3661/5348/3645 3660/5350/3644
f 3664/5356/3648 3663/5357/3647 3660/5358/3644
f 3663/5353/3647 3664/5359/3648 3662/5354/3646
f 3665/5360/3649 3621/5361/3607 3664/5356/3648
f 3621/5273/3607 3622/5272/3606 3664/5359/3648
f 3622/5272/3606 3662/5354/3646 3664/5359/3648
f 3666/5362/3650 3665/5360/3649 3664/5356/3648
f 3666/5362/3650 3664/5356/3648 3660/5358/3644
f 3665/5363/3649 3666/5364/3650 3667/5365/3651
f 3666/5364/3650 3660/5366/3644 3667/5365/3651
f 3642/5313/3627 3668/5367/3652 3667/5365/3651
f 3668/5367/3652 3665/5363/3649 3667/5365/3651
f 3648/5332/3633 3642/5313/3627 3667/5365/3651
f 3648/5332/3633 3667/5365/3651 3652/5333/3637
f 3660/5366/3644 3652/5333/3637 3667/5365/3651
f 3665/5363/3649 3668/5367/3652 3669/5368/3653
f 3668/5367/3652 3643/5312/3626 3669/5368/3653
f 3668/5367/3652 3642/5313/3627 3643/5312/3626
f 3643/5312/3626 3670/5369/3654 3669/5368/3653
f 3670/5369/3654 3674/5370/3655 3669/5368/3653
f 3672/5371/3656 3665/5360/3649 3669/5372/3653
f 3671/5373/3657 3672/5371/3656 3669/5372/3653
f 3673/5374/3658 3671/5373/3657 3669/5372/3653
f 3674/5375/3655 3673/5374/3658 3669/5372/3653
f 3674/5370/3655 3670/5369/3654 3673/5376/3658
f 3670/5369/3654 3675/5377/3659 3673/5376/3658
f 3609/5378/3593 3673/5379/3658 3675/5380/3659
f 3671/5373/3657 3673/5374/3658 3610/5254/3594
f 3673/5374/3658 3609/5252/3593 3610/5254/3594
f 3601/5303/3586 3676/5381/3660 3675/5382/3659
f 3676/5383/3660 3609/5378/3593 3675/5380/3659
f 3639/5311/3625 3640/5384/3622 3675/5377/3659
f 3670/5369/3654 3639/5311/3625 3675/5377/3659
f 3640/5304/3622 3601/5303/3586 3675/5382/3659
f 3676/5385/3660 3601/5239/3586 3604/5240/3587
f 3609/5251/3593 3676/5386/3660 3604/5250/3587
f 3672/5371/3656 3671/5373/3657 3610/5254/3594
f 3672/5371/3656 3616/5262/3601 3618/5266/3603
f 3616/5262/3601 3672/5371/3656 3610/5254/3594
f 3672/5371/3656 3618/5266/3603 3621/5361/3607
f 3665/5360/3649 3672/5371/3656 3621/5361/3607
f 3639/5311/3625 3670/5369/3654 3643/5312/3626
f 3662/5351/3646 3622/5274/3606 3658/5347/3642
f 3622/5274/3606 3627/5278/3609 3658/5347/3642
f 3626/5280/3611 3625/5279/3610 3656/5339/3640
f 3633/5291/3617 3645/5387/3629 3656/5339/3640
f 3632/5292/3618 3633/5291/3617 3656/5339/3640
f 3656/5339/3640 3645/5387/3629 3647/5334/3632
f 3625/5279/3610 3632/5292/3618 3656/5339/3640
f 3633/5317/3617 3634/5296/3619 3638/5306/3623
f 3603/5299/3585 3636/5298/3621 3677/5388/3661
f 3678/5389/3662 3636/5301/3621 3630/5287/3614
f 3677/5390/3661 3636/5391/3621 3679/5392/3663
f 3636/5391/3621 3678/5393/3662 3679/5392/3663
f 3680/5394/3664 3681/5395/3665 3679/5392/3663
f 3678/5393/3662 3680/5394/3664 3679/5392/3663
f 3677/5390/3661 3679/5392/3663 3682/5396/3666
f 3679/5392/3663 3681/5395/3665 3682/5396/3666
f 3681/5395/3665 3683/5397/3667 3682/5396/3666
f 3682/5396/3666 3683/5397/3667 3684/5398/3668
f 3686/5399/3669 3682/5396/3666 3684/5398/3668
f 3685/5400/3670 3677/5390/3661 3682/5396/3666
f 3682/5396/3666 3686/5399/3669 3685/5400/3670
f 3690/5401/3671 3687/5402/3672 3686/5399/3669
f 3686/5399/3669 3687/5402/3672 3685/5400/3670
f 3688/5403/3673 3690/5401/3671 3686/5399/3669
f 3688/5403/3673 3686/5399/3669 3689/5404/3674
f 3686/5399/3669 3684/5398/3668 3689/5404/3674
f 3690/5405/3671 3691/5406/3675 3687/5407/3672
f 3690/5408/3671 3688/5409/3673 3691/5410/3675
f 3691/5406/3675 3692/5411/3676 3687/5407/3672
f 3691/5412/3675 3693/5413/3677 3692/5414/3676
f 3688/5409/3673 3693/5415/3677 3691/5410/3675
f 3693/5413/3677 3694/5416/3678 3692/5414/3676
f 3694/5417/3678 3693/5418/3677 3695/5419/3679
f 3693/5418/3677 3696/5420/3680 3695/5419/3679
f 3696/5421/3680 3693/5415/3677 3688/5409/3673
f 3695/5419/3679 3696/5420/3680 3697/5422/3681
f 3696/5420/3680 3698/5423/3682 3697/5422/3681
f 3696/5421/3680 3689/5424/3674 3698/5425/3682
f 3689/5424/3674 3696/5421/3680 3688/5409/3673
f 3697/5426/3681 3698/5427/3682 3699/5428/3683
f 3699/5429/3683 3698/5430/3682 3700/5431/3684
f 3689/5424/3674 3700/5432/3684 3698/5425/3682
f 3700/5433/3684 3701/5434/3685 3703/5435/3686
f 3700/5436/3684 3689/5404/3674 3701/5437/3685
f 3702/5438/3687 3699/5429/3683 3700/5431/3684
f 3702/5439/3687 3700/5433/3684 3703/5435/3686
f 3703/5440/3686 3704/5441/3688 3702/5442/3687
f 3704/5441/3688 3703/5440/3686 3705/5443/3689
f 3706/5444/3690 3703/5435/3686 3701/5434/3685
f 3703/5440/3686 3706/5445/3690 3705/5443/3689
f 3707/5446/3691 3706/5444/3690 3708/5447/3692
f 3705/5443/3689 3706/5445/3690 3707/5448/3691
f 3708/5447/3692 3706/5444/3690 3701/5434/3685
f 3681/5395/3665 3709/5449/3693 3708/5450/3692
f 3683/5397/3667 3681/5395/3665 3708/5450/3692
f 3683/5397/3667 3708/5450/3692 3701/5437/3685
f 3709/5451/3693 3707/5446/3691 3708/5447/3692
f 3710/5452/3694 3709/5453/3693 3681/5454/3665
f 3710/5455/3694 3711/5456/3695 3709/5457/3693
f 3711/5456/3695 3707/5458/3691 3709/5457/3693
f 3711/5459/3695 3713/5460/3696 3712/5461/3697
f 3707/5448/3691 3711/5459/3695 3712/5461/3697
f 3711/5459/3695 3714/5462/3698 3713/5460/3696
f 3714/5463/3698 3711/5456/3695 3715/5464/3699
f 3711/5456/3695 3710/5455/3694 3715/5464/3699
f 3710/5452/3694 3680/5465/3664 3715/5466/3699
f 3680/5465/3664 3629/5286/3613 3715/5466/3699
f 3714/5463/3698 3715/5464/3699 3623/5271/3605
f 3715/5466/3699 3629/5286/3613 3623/5284/3605
f 3615/5264/3599 3714/5462/3698 3619/5265/3602
f 3714/5462/3698 3615/5264/3599 3713/5460/3696
f 3619/5270/3602 3714/5463/3698 3623/5271/3605
f 3712/5467/3697 3713/5468/3696 3716/5469/3700
f 3713/5468/3696 3613/5258/3597 3716/5469/3700
f 3613/5258/3597 3713/5468/3696 3615/5260/3599
f 3718/5470/3701 3716/5469/3700 3717/5471/3702
f 3716/5469/3700 3719/5472/3703 3717/5471/3702
f 3716/5469/3700 3613/5258/3597 3612/5257/3596
f 3719/5472/3703 3716/5469/3700 3612/5257/3596
f 3712/5467/3697 3716/5469/3700 3705/5473/3689
f 3716/5469/3700 3718/5470/3701 3705/5473/3689
f 3719/5472/3703 3720/5474/3704 3717/5471/3702
f 3720/5474/3704 3719/5472/3703 3612/5257/3596
f 3606/5255/3590 3720/5474/3704 3612/5257/3596
f 3720/5475/3704 3606/5243/3590 3607/5245/3591
f 3720/5476/3704 3607/5477/3591 3721/5478/3705
f 3720/5474/3704 3721/5479/3705 3717/5471/3702
f 3607/5477/3591 3722/5480/3706 3721/5478/3705
f 3721/5478/3705 3722/5480/3706 3717/5481/3702
f 3722/5480/3706 3723/5482/3707 3717/5481/3702
f 3722/5480/3706 3725/5483/3708 3723/5482/3707
f 3607/5477/3591 3724/5484/3709 3722/5480/3706
f 3724/5484/3709 3725/5483/3708 3722/5480/3706
f 3725/5485/3708 3603/5486/3585 3726/5487/3710
f 3602/5248/3588 3603/5486/3585 3725/5485/3708
f 3724/5488/3709 3602/5248/3588 3725/5485/3708
f 3725/5483/3708 3726/5489/3710 3723/5482/3707
f 3726/5489/3710 3728/5490/3711 3723/5482/3707
f 3729/5491/3712 3727/5492/3713 3726/5487/3710
f 3727/5492/3713 3728/5493/3711 3726/5487/3710
f 3603/5486/3585 3729/5491/3712 3726/5487/3710
f 3729/5494/3712 3603/5299/3585 3677/5388/3661
f 3729/5494/3712 3677/5388/3661 3685/5495/3670
f 3727/5496/3713 3729/5494/3712 3685/5495/3670
f 3728/5493/3711 3727/5492/3713 3692/5414/3676
f 3694/5416/3678 3728/5493/3711 3692/5414/3676
f 3728/5490/3711 3694/5417/3678 3695/5419/3679
f 3728/5490/3711 3730/5497/3714 3723/5482/3707
f 3730/5497/3714 3728/5490/3711 3695/5419/3679
f 3730/5497/3714 3718/5498/3701 3717/5481/3702
f 3718/5498/3701 3730/5497/3714 3697/5422/3681
f 3723/5482/3707 3730/5497/3714 3717/5481/3702
f 3730/5497/3714 3695/5419/3679 3697/5422/3681
f 3727/5496/3713 3685/5495/3670 3687/5407/3672
f 3692/5411/3676 3727/5496/3713 3687/5407/3672
f 3602/5248/3588 3724/5488/3709 3607/5249/3591
f 3718/5470/3701 3697/5426/3681 3705/5473/3689
f 3712/5461/3697 3705/5443/3689 3707/5448/3691
f 3680/5465/3664 3710/5452/3694 3681/5454/3665
f 3697/5426/3681 3704/5499/3688 3705/5473/3689
f 3704/5441/3688 3699/5500/3683 3702/5442/3687
f 3704/5499/3688 3697/5426/3681 3699/5428/3683
f 3689/5404/3674 3684/5398/3668 3701/5437/3685
f 3684/5398/3668 3683/5397/3667 3701/5437/3685
f 3680/5465/3664 3678/5389/3662 3629/5286/3613
f 3678/5389/3662 3630/5287/3614 3629/5286/3613
f 3731/5501/3715 3732/5502/3716 3735/5503/3717
f 3731/5501/3715 3733/5504/3718 3732/5502/3716
f 3733/5504/3718 3731/5501/3715 3736/5505/3719
f 3731/5501/3715 3734/5506/3720 3737/5507/3721
f 3734/5506/3720 3731/5501/3715 3735/5503/3717
f 3736/5505/3719 3731/5501/3715 3737/5507/3721
f 3738/5508/3722 3736/5505/3719 3737/5507/3721
f 3739/5509/3723 3738/5508/3722 3737/5507/3721
f 3737/5507/3721 3734/5506/3720 3740/5510/3724
f 3739/5509/3723 3737/5507/3721 3740/5510/3724
f 3741/5511/3725 3740/5510/3724 3743/5512/3726
f 3741/5511/3725 3739/5509/3723 3740/5510/3724
f 3740/5510/3724 3742/5513/3727 3744/5514/3728
f 3734/5506/3720 3742/5513/3727 3740/5510/3724
f 3740/5510/3724 3744/5514/3728 3743/5512/3726
f 3742/5513/3727 3745/5515/3729 3744/5514/3728
f 3744/5514/3728 3745/5515/3729 3747/5516/3730
f 3743/5512/3726 3744/5514/3728 3746/5517/3731
f 3744/5514/3728 3747/5516/3730 3746/5517/3731
f 3745/5515/3729 3748/5518/3732 3747/5516/3730
f 3748/5518/3732 3749/5519/3733 3747/5516/3730
f 3747/5516/3730 3750/5520/3734 3746/5517/3731
f 3749/5519/3733 3750/5520/3734 3747/5516/3730
f 3752/5521/3735 3750/5520/3734 3751/5522/3736
f 3750/5520/3734 3753/5523/3737 3751/5522/3736
f 3750/5520/3734 3749/5519/3733 3753/5523/3737
f 3750/5520/3734 3752/5521/3735 3746/5517/3731
f 3754/5524/3738 3756/5525/3739 3753/5523/3737
f 3755/5526/3740 3754/5524/3738 3753/5523/3737
f 3749/5519/3733 3755/5526/3740 3753/5523/3737
f 3753/5523/3737 3756/5525/3739 3751/5522/3736
f 3756/5525/3739 3757/5527/3741 3751/5522/3736
f 3756/5528/3739 3758/5529/3742 3757/5530/3741
f 3758/5529/3742 3756/5528/3739 3759/5531/3743
f 3756/5528/3739 3754/5532/3738 3759/5531/3743
f 3759/5533/3743 3762/5534/3744 3758/5535/3742
f 3760/5536/3745 3759/5531/3743 3761/5537/3746
f 3759/5533/3743 3760/5538/3745 3762/5534/3744
f 3759/5531/3743 3754/5532/3738 3761/5537/3746
f 3762/5534/3744 3765/5539/3747 3758/5535/3742
f 3762/5534/3744 3763/5540/3748 3765/5539/3747
f 3763/5540/3748 3762/5534/3744 3764/5541/3749
f 3762/5534/3744 3766/5542/3750 3764/5541/3749
f 3760/5538/3745 3766/5543/3750 3762/5534/3744
f 3760/5536/3745 3761/5537/3746 3766/5544/3750
f 3761/5537/3746 3767/5545/3751 3766/5544/3750
f 3767/5546/3751 3768/5547/3752 3766/5548/3750
f 3768/5547/3752 3764/5549/3749 3766/5548/3750
f 3768/5547/3752 3769/5550/3753 3764/5549/3749
f 3769/5551/3753 3768/5552/3752 3748/5518/3732
f 3768/5552/3752 3749/5519/3733 3748/5518/3732
f 3749/5519/3733 3768/5552/3752 3767/5553/3751
f 3735/5503/3717 3769/5551/3753 3748/5518/3732
f 3769/5550/3753 3735/5554/3717 3770/5555/3754
f 3769/5550/3753 3770/5555/3754 3764/5549/3749
f 3735/5554/3717 3771/5556/3755 3770/5555/3754
f 3770/5557/3754 3771/5558/3755 3772/5559/3756
f 3764/5541/3749 3770/5557/3754 3763/5540/3748
f 3770/5557/3754 3772/5559/3756 3763/5540/3748
f 3771/5558/3755 3773/5560/3757 3772/5559/3756
f 3773/5560/3757 3775/5561/3758 3772/5559/3756
f 3772/5559/3756 3774/5562/3759 3763/5540/3748
f 3775/5561/3758 3774/5562/3759 3772/5559/3756
f 3775/5561/3758 3776/5563/3760 3778/5564/3761
f 3775/5561/3758 3773/5565/3757 3776/5563/3760
f 3775/5561/3758 3777/5566/3762 3774/5562/3759
f 3777/5566/3762 3775/5561/3758 3778/5564/3761
f 3778/5564/3761 3776/5563/3760 3781/5567/3763
f 3779/5568/3764 3777/5569/3762 3778/5570/3761
f 3780/5571/3765 3779/5568/3764 3778/5570/3761
f 3780/5571/3765 3778/5570/3761 3781/5572/3763
f 3776/5563/3760 3783/5573/3766 3781/5567/3763
f 3782/5574/3767 3785/5575/3768 3781/5572/3763
f 3782/5576/3767 3781/5567/3763 3783/5573/3766
f 3784/5577/3769 3780/5571/3765 3781/5572/3763
f 3785/5575/3768 3784/5577/3769 3781/5572/3763
f 3786/5578/3770 3785/5579/3768 3787/5580/3771
f 3785/5579/3768 3786/5578/3770 3789/5581/3772
f 3784/5582/3769 3785/5579/3768 3789/5581/3772
f 3785/5579/3768 3788/5583/3773 3787/5580/3771
f 3788/5584/3773 3785/5575/3768 3782/5574/3767
f 3790/5585/3774 3791/5586/3775 3789/5587/3772
f 3792/5588/3776 3790/5585/3774 3789/5587/3772
f 3789/5581/3772 3791/5589/3775 3784/5582/3769
f 3792/5588/3776 3789/5587/3772 3786/5590/3770
f 3790/5585/3774 3792/5588/3776 3793/5591/3777
f 3792/5588/3776 3794/5592/3778 3793/5591/3777
f 3794/5592/3778 3792/5588/3776 3786/5590/3770
f 3794/5592/3778 3786/5590/3770 3787/5593/3771
f 3795/5594/3779 3794/5592/3778 3787/5593/3771
f 3794/5592/3778 3795/5594/3779 3797/5595/3780
f 3794/5592/3778 3796/5596/3781 3793/5591/3777
f 3796/5596/3781 3794/5592/3778 3797/5595/3780
f 3798/5597/3782 3796/5596/3781 3797/5595/3780
f 3800/5598/3783 3798/5597/3782 3797/5595/3780
f 3801/5599/3784 3799/5600/3785 3797/5601/3780
f 3799/5600/3785 3800/5602/3783 3797/5601/3780
f 3802/5603/3786 3801/5599/3784 3797/5601/3780
f 3795/5604/3779 3802/5603/3786 3797/5601/3780
f 3802/5603/3786 3803/5605/3787 3801/5599/3784
f 3803/5605/3787 3802/5603/3786 3804/5606/3788
f 3802/5603/3786 3795/5604/3779 3804/5606/3788
f 3805/5607/3789 3804/5606/3788 3807/5608/3790
f 3805/5607/3789 3803/5605/3787 3804/5606/3788
f 3795/5604/3779 3806/5609/3791 3804/5606/3788
f 3806/5609/3791 3808/5610/3792 3804/5606/3788
f 3808/5610/3792 3807/5608/3790 3804/5606/3788
f 3809/5611/3793 3812/5612/3794 3808/5613/3792
f 3806/5614/3791 3809/5611/3793 3808/5613/3792
f 3808/5615/3792 3810/5616/3795 3807/5617/3790
f 3811/5618/3796 3810/5619/3795 3808/5620/3792
f 3812/5621/3794 3811/5618/3796 3808/5620/3792
f 3812/5622/3794 3809/5623/3793 3813/5624/3797
f 3811/5625/3796 3812/5622/3794 3813/5624/3797
f 3788/5583/3773 3813/5624/3797 3809/5623/3793
f 3811/5626/3796 3813/5627/3797 3814/5628/3798
f 3813/5627/3797 3788/5584/3773 3814/5628/3798
f 3814/5629/3798 3815/5630/3799 3810/5631/3795
f 3810/5632/3795 3811/5626/3796 3814/5628/3798
f 3815/5630/3799 3814/5629/3798 3816/5633/3800
f 3788/5584/3773 3816/5634/3800 3814/5628/3798
f 3816/5634/3800 3788/5584/3773 3782/5574/3767
f 3817/5635/3801 3816/5633/3800 3782/5576/3767
f 3817/5635/3801 3815/5630/3799 3816/5633/3800
f 3820/5636/3802 3817/5635/3801 3782/5576/3767
f 3818/5637/3803 3819/5638/3804 3817/5635/3801
f 3817/5635/3801 3820/5636/3802 3818/5637/3803
f 3819/5638/3804 3815/5630/3799 3817/5635/3801
f 3820/5636/3802 3782/5576/3767 3783/5573/3766
f 3820/5636/3802 3783/5573/3766 3821/5639/3805
f 3822/5640/3806 3820/5636/3802 3821/5639/3805
f 3820/5636/3802 3822/5640/3806 3818/5637/3803
f 3822/5640/3806 3823/5641/3807 3818/5637/3803
f 3823/5641/3807 3822/5640/3806 3821/5639/3805
f 3823/5642/3807 3826/5643/3808 3824/5644/3809
f 3827/5645/3810 3823/5642/3807 3824/5644/3809
f 3825/5646/3811 3823/5641/3807 3821/5639/3805
f 3823/5642/3807 3825/5647/3811 3826/5643/3808
f 3823/5641/3807 3827/5648/3810 3818/5637/3803
f 3818/5637/3803 3827/5648/3810 3828/5649/3812
f 3828/5650/3812 3827/5645/3810 3829/5651/3813
f 3827/5645/3810 3824/5644/3809 3829/5651/3813
f 3824/5652/3809 3803/5605/3787 3829/5653/3813
f 3803/5605/3787 3805/5607/3789 3829/5653/3813
f 3805/5607/3789 3832/5654/3814 3829/5653/3813
f 3832/5654/3814 3830/5655/3815 3829/5653/3813
f 3830/5656/3815 3831/5657/3816 3829/5651/3813
f 3831/5657/3816 3828/5650/3812 3829/5651/3813
f 3832/5654/3814 3805/5607/3789 3807/5608/3790
f 3832/5658/3814 3834/5659/3817 3830/5660/3815
f 3832/5658/3814 3807/5617/3790 3833/5661/3818
f 3834/5659/3817 3832/5658/3814 3833/5661/3818
f 3819/5638/3804 3834/5662/3817 3833/5663/3818
f 3819/5638/3804 3828/5649/3812 3834/5662/3817
f 3834/5659/3817 3831/5664/3816 3830/5660/3815
f 3828/5649/3812 3831/5665/3816 3834/5662/3817
f 3815/5630/3799 3833/5663/3818 3810/5631/3795
f 3810/5616/3795 3833/5661/3818 3807/5617/3790
f 3815/5630/3799 3819/5638/3804 3833/5663/3818
f 3819/5638/3804 3818/5637/3803 3828/5649/3812
f 3824/5652/3809 3826/5666/3808 3836/5667/3819
f 3825/5647/3811 3835/5668/3820 3826/5643/3808
f 3826/5666/3808 3835/5669/3820 3836/5667/3819
f 3803/5605/3787 3824/5652/3809 3836/5667/3819
f 3836/5667/3819 3837/5670/3821 3801/5599/3784
f 3835/5669/3820 3837/5670/3821 3836/5667/3819
f 3803/5605/3787 3836/5667/3819 3801/5599/3784
f 3837/5670/3821 3838/5671/3822 3839/5672/3823
f 3837/5670/3821 3835/5669/3820 3838/5671/3822
f 3799/5600/3785 3837/5670/3821 3839/5672/3823
f 3837/5670/3821 3799/5600/3785 3801/5599/3784
f 3840/5673/3824 3798/5674/3782 3839/5672/3823
f 3841/5675/3825 3840/5673/3824 3839/5672/3823
f 3733/5676/3718 3841/5675/3825 3839/5672/3823
f 3838/5671/3822 3733/5676/3718 3839/5672/3823
f 3799/5600/3785 3839/5672/3823 3798/5674/3782
f 3840/5677/3824 3841/5678/3825 3736/5505/3719
f 3841/5678/3825 3733/5504/3718 3736/5505/3719
f 3840/5679/3824 3738/5680/3722 3793/5591/3777
f 3738/5508/3722 3840/5677/3824 3736/5505/3719
f 3798/5597/3782 3840/5679/3824 3793/5591/3777
f 3835/5669/3820 3733/5676/3718 3838/5671/3822
f 3733/5504/3718 3835/5681/3820 3732/5502/3716
f 3732/5682/3716 3835/5668/3820 3842/5683/3826
f 3835/5668/3820 3825/5647/3811 3842/5683/3826
f 3771/5684/3755 3842/5685/3826 3843/5686/3827
f 3843/5686/3827 3842/5685/3826 3821/5687/3805
f 3842/5685/3826 3825/5688/3811 3821/5687/3805
f 3771/5556/3755 3735/5554/3717 3842/5683/3826
f 3735/5554/3717 3732/5682/3716 3842/5683/3826
f 3773/5565/3757 3843/5686/3827 3776/5563/3760
f 3776/5563/3760 3843/5686/3827 3783/5573/3766
f 3843/5686/3827 3821/5687/3805 3783/5573/3766
f 3773/5565/3757 3771/5684/3755 3843/5686/3827
f 3795/5594/3779 3787/5593/3771 3809/5611/3793
f 3806/5614/3791 3795/5594/3779 3809/5611/3793
f 3787/5580/3771 3788/5583/3773 3809/5623/3793
f 3800/5602/3783 3799/5600/3785 3798/5674/3782
f 3796/5596/3781 3798/5597/3782 3793/5591/3777
f 3738/5680/3722 3844/5689/3828 3793/5591/3777
f 3844/5689/3828 3790/5585/3774 3793/5591/3777
f 3738/5680/3722 3739/5690/3723 3844/5689/3828
f 3739/5690/3723 3845/5691/3829 3844/5689/3828
f 3845/5691/3829 3846/5692/3830 3844/5689/3828
f 3846/5692/3830 3790/5585/3774 3844/5689/3828
f 3848/5693/3831 3846/5692/3830 3847/5694/3832
f 3847/5694/3832 3846/5692/3830 3845/5691/3829
f 3846/5692/3830 3848/5693/3831 3791/5586/3775
f 3790/5585/3774 3846/5692/3830 3791/5586/3775
f 3849/5695/3833 3848/5693/3831 3847/5694/3832
f 3779/5696/3764 3848/5697/3831 3849/5698/3833
f 3780/5699/3765 3791/5589/3775 3848/5697/3831
f 3779/5696/3764 3780/5699/3765 3848/5697/3831
f 3849/5695/3833 3847/5694/3832 3851/5700/3834
f 3850/5701/3835 3779/5696/3764 3849/5698/3833
f 3849/5698/3833 3851/5702/3834 3850/5701/3835
f 3847/5694/3832 3752/5703/3735 3851/5700/3834
f 3853/5704/3836 3852/5705/3837 3851/5702/3834
f 3851/5702/3834 3852/5705/3837 3850/5701/3835
f 3854/5706/3838 3853/5704/3836 3851/5702/3834
f 3751/5707/3736 3854/5708/3838 3851/5700/3834
f 3752/5703/3735 3751/5707/3736 3851/5700/3834
f 3854/5708/3838 3751/5707/3736 3855/5709/3839
f 3853/5704/3836 3854/5706/3838 3856/5710/3840
f 3854/5706/3838 3855/5711/3839 3856/5710/3840
f 3856/5712/3840 3855/5709/3839 3857/5713/3841
f 3856/5714/3840 3857/5715/3841 3853/5716/3836
f 3857/5715/3841 3858/5717/3842 3853/5716/3836
f 3857/5718/3841 3758/5535/3742 3858/5719/3842
f 3758/5529/3742 3857/5720/3841 3757/5530/3741
f 3855/5709/3839 3757/5721/3741 3857/5713/3841
f 3758/5535/3742 3765/5539/3747 3858/5719/3842
f 3765/5539/3747 3859/5722/3843 3858/5719/3842
f 3852/5723/3837 3853/5716/3836 3858/5717/3842
f 3860/5724/3844 3852/5723/3837 3858/5717/3842
f 3859/5722/3843 3860/5725/3844 3858/5719/3842
f 3850/5726/3835 3852/5723/3837 3860/5724/3844
f 3859/5722/3843 3774/5562/3759 3860/5725/3844
f 3774/5562/3759 3861/5727/3845 3860/5725/3844
f 3861/5728/3845 3850/5726/3835 3860/5724/3844
f 3777/5569/3762 3779/5568/3764 3861/5728/3845
f 3779/5568/3764 3850/5726/3835 3861/5728/3845
f 3777/5566/3762 3861/5727/3845 3774/5562/3759
f 3763/5540/3748 3859/5722/3843 3765/5539/3747
f 3774/5562/3759 3859/5722/3843 3763/5540/3748
f 3751/5707/3736 3757/5721/3741 3855/5709/3839
f 3752/5703/3735 3847/5694/3832 3746/5729/3731
f 3847/5694/3832 3862/5730/3846 3746/5729/3731
f 3862/5730/3846 3847/5694/3832 3845/5691/3829
f 3741/5731/3725 3862/5730/3846 3845/5691/3829
f 3862/5730/3846 3741/5731/3725 3746/5729/3731
f 3739/5690/3723 3741/5731/3725 3845/5691/3829
f 3791/5589/3775 3780/5699/3765 3784/5582/3769
f 3761/5732/3746 3754/5524/3738 3767/5553/3751
f 3754/5524/3738 3755/5526/3740 3767/5553/3751
f 3755/5526/3740 3749/5519/3733 3767/5553/3751
f 3745/5515/3729 3735/5503/3717 3748/5518/3732
f 3741/5731/3725 3743/5733/3726 3746/5729/3731
f 3734/5506/3720 3735/5503/3717 3745/5515/3729
f 3742/5513/3727 3734/5506/3720 3745/5515/3729
f 3863/5734/3847 3864/5735/3848 3867/5736/3849
f 3863/5734/3847 3865/5737/3850 3864/5735/3848
f 3865/5738/3850 3863/5739/3847 3869/5740/3851
f 3863/5739/3847 3866/5741/3852 3868/5742/3853
f 3866/5743/3852 3863/5734/3847 3867/5736/3849
f 3863/5739/3847 3868/5742/3853 3869/5740/3851
f 3870/5744/3854 3869/5740/3851 3868/5742/3853
f 3869/5745/3851 3870/5746/3854 3872/5747/3855
f 3872/5747/3855 3871/5748/3856 3869/5745/3851
f 3871/5748/3856 3865/5749/3850 3869/5745/3851
f 3872/5747/3855 3874/5750/3857 3873/5751/3858
f 3871/5748/3856 3872/5747/3855 3873/5751/3858
f 3874/5750/3857 3872/5747/3855 3875/5752/3859
f 3870/5746/3854 3875/5752/3859 3872/5747/3855
f 3870/5753/3854 3876/5754/3860 3875/5755/3859
f 3876/5754/3860 3877/5756/3861 3875/5755/3859
f 3877/5756/3861 3878/5757/3862 3875/5755/3859
f 3879/5758/3863 3874/5750/3857 3875/5752/3859
f 3878/5757/3862 3879/5759/3863 3875/5755/3859
f 3874/5750/3857 3879/5758/3863 3880/5760/3864
f 3880/5761/3864 3879/5759/3863 3881/5762/3865
f 3879/5759/3863 3878/5757/3862 3881/5762/3865
f 3882/5763/3866 3883/5764/3867 3881/5762/3865
f 3883/5764/3867 3880/5761/3864 3881/5762/3865
f 3883/5765/3867 3886/5766/3868 3884/5767/3869
f 3885/5768/3870 3883/5765/3867 3884/5767/3869
f 3883/5765/3867 3885/5768/3870 3880/5760/3864
f 3886/5769/3868 3883/5770/3867 3882/5771/3866
f 3884/5772/3869 3886/5773/3868 3887/5774/3871
f 3886/5773/3868 3888/5775/3872 3887/5774/3871
f 3890/5776/3873 3888/5777/3872 3886/5769/3868
f 3889/5778/3874 3886/5769/3868 3882/5771/3866
f 3889/5778/3874 3890/5776/3873 3886/5769/3868
f 3891/5779/3875 3892/5780/3876 3890/5776/3873
f 3892/5780/3876 3888/5777/3872 3890/5776/3873
f 3893/5781/3877 3892/5780/3876 3894/5782/3878
f 3892/5783/3876 3893/5784/3877 3895/5785/3879
f 3888/5775/3872 3892/5783/3876 3887/5774/3871
f 3892/5783/3876 3895/5785/3879 3887/5774/3871
f 3892/5780/3876 3891/5779/3875 3894/5782/3878
f 3895/5785/3879 3897/5786/3880 3887/5774/3871
f 3898/5787/3881 3896/5788/3882 3895/5785/3879
f 3896/5788/3882 3897/5786/3880 3895/5785/3879
f 3893/5784/3877 3898/5787/3881 3895/5785/3879
f 3896/5789/3882 3898/5790/3881 3899/5791/3883
f 3898/5790/3881 3900/5792/3884 3899/5791/3883
f 3898/5790/3881 3893/5793/3877 3900/5792/3884
f 3903/5794/3885 3901/5795/3886 3900/5792/3884
f 3901/5795/3886 3899/5791/3883 3900/5792/3884
f 3893/5793/3877 3902/5796/3887 3900/5792/3884
f 3900/5792/3884 3902/5796/3887 3903/5794/3885
f 3901/5795/3886 3903/5794/3885 3904/5797/3888
f 3902/5796/3887 3905/5798/3889 3903/5794/3885
f 3903/5794/3885 3906/5799/3890 3904/5797/3888
f 3903/5794/3885 3905/5798/3889 3906/5799/3890
f 3905/5798/3889 3907/5800/3891 3906/5799/3890
f 3906/5799/3890 3907/5800/3891 3909/5801/3892
f 3906/5799/3890 3909/5801/3892 3908/5802/3893
f 3904/5797/3888 3906/5799/3890 3908/5802/3893
f 3911/5803/3894 3910/5804/3895 3909/5801/3892
f 3910/5804/3895 3908/5802/3893 3909/5801/3892
f 3907/5800/3891 3912/5805/3896 3909/5801/3892
f 3911/5803/3894 3909/5801/3892 3912/5805/3896
f 3912/5806/3896 3907/5807/3891 3914/5808/3897
f 3915/5809/3898 3911/5803/3894 3912/5805/3896
f 3915/5810/3898 3912/5806/3896 3913/5811/3899
f 3913/5811/3899 3912/5806/3896 3914/5808/3897
f 3911/5812/3894 3915/5813/3898 3916/5814/3900
f 3918/5815/3901 3916/5816/3900 3915/5817/3898
f 3917/5818/3902 3918/5815/3901 3915/5817/3898
f 3917/5819/3902 3915/5810/3898 3913/5811/3899
f 3916/5820/3900 3918/5821/3901 3919/5822/3903
f 3868/5823/3853 3920/5824/3904 3919/5825/3903
f 3921/5826/3905 3868/5823/3853 3919/5825/3903
f 3920/5827/3904 3916/5820/3900 3919/5822/3903
f 3921/5828/3905 3922/5829/3906 3868/5830/3853
f 3922/5829/3906 3923/5831/3907 3868/5830/3853
f 3922/5832/3906 3876/5833/3860 3923/5834/3907
f 3923/5835/3907 3870/5744/3854 3868/5742/3853
f 3876/5833/3860 3870/5836/3854 3923/5834/3907
f 3911/5812/3894 3920/5837/3904 3910/5838/3895
f 3920/5837/3904 3866/5741/3852 3910/5838/3895
f 3866/5741/3852 3920/5837/3904 3868/5742/3853
f 3920/5837/3904 3911/5812/3894 3916/5814/3900
f 3914/5808/3897 3907/5807/3891 3924/5839/3908
f 3924/5839/3908 3905/5840/3889 3925/5841/3909
f 3907/5807/3891 3905/5840/3889 3924/5839/3908
f 3905/5840/3889 3902/5842/3887 3925/5841/3909
f 3894/5782/3878 3925/5843/3909 3902/5844/3887
f 3908/5802/3893 3910/5804/3895 3904/5797/3888
f 3910/5804/3895 3926/5845/3910 3904/5797/3888
f 3926/5846/3910 3910/5847/3895 3867/5736/3849
f 3910/5847/3895 3866/5743/3852 3867/5736/3849
f 3927/5848/3911 3926/5849/3910 3928/5850/3912
f 3926/5845/3910 3927/5851/3911 3899/5791/3883
f 3926/5849/3910 3867/5852/3849 3928/5850/3912
f 3904/5797/3888 3926/5845/3910 3901/5795/3886
f 3926/5845/3910 3899/5791/3883 3901/5795/3886
f 3927/5853/3911 3928/5854/3912 3896/5788/3882
f 3867/5852/3849 3864/5855/3848 3928/5850/3912
f 3864/5855/3848 3929/5856/3913 3928/5850/3912
f 3928/5854/3912 3929/5857/3913 3897/5786/3880
f 3928/5854/3912 3897/5786/3880 3896/5788/3882
f 3864/5855/3848 3932/5858/3914 3929/5856/3913
f 3929/5857/3913 3930/5859/3915 3931/5860/3916
f 3932/5858/3914 3930/5861/3915 3929/5856/3913
f 3929/5857/3913 3931/5860/3916 3897/5786/3880
f 3932/5862/3914 3865/5749/3850 3871/5748/3856
f 3865/5737/3850 3932/5863/3914 3864/5735/3848
f 3930/5864/3915 3932/5862/3914 3933/5865/3917
f 3932/5862/3914 3934/5866/3918 3933/5865/3917
f 3934/5866/3918 3932/5862/3914 3873/5751/3858
f 3873/5751/3858 3932/5862/3914 3871/5748/3856
f 3936/5867/3919 3885/5768/3870 3934/5866/3918
f 3934/5866/3918 3885/5768/3870 3933/5865/3917
f 3935/5868/3920 3934/5866/3918 3873/5751/3858
f 3935/5868/3920 3936/5867/3919 3934/5866/3918
f 3936/5867/3919 3874/5750/3857 3880/5760/3864
f 3936/5867/3919 3935/5868/3920 3874/5750/3857
f 3885/5768/3870 3936/5867/3919 3880/5760/3864
f 3935/5868/3920 3873/5751/3858 3874/5750/3857
f 3930/5859/3915 3933/5869/3917 3931/5860/3916
f 3933/5869/3917 3884/5772/3869 3931/5860/3916
f 3885/5768/3870 3884/5767/3869 3933/5865/3917
f 3884/5772/3869 3887/5774/3871 3931/5860/3916
f 3897/5786/3880 3931/5860/3916 3887/5774/3871
f 3927/5851/3911 3896/5789/3882 3899/5791/3883
f 3893/5781/3877 3894/5782/3878 3902/5844/3887
f 3937/5870/3921 3938/5871/3922 3940/5872/3923
f 3937/5870/3921 3939/5873/3924 3938/5871/3922
f 3939/5874/3924 3937/5875/3921 3944/5876/3925
f 3941/5877/3926 3937/5870/3921 3940/5872/3923
f 3937/5875/3921 3941/5878/3926 3943/5879/3927
f 3937/5875/3921 3942/5880/3928 3944/5876/3925
f 3942/5880/3928 3937/5875/3921 3943/5879/3927
f 3939/5881/3924 3944/5882/3925 3945/5883/3929
f 3947/5884/3930 3944/5876/3925 3942/5880/3928
f 3944/5882/3925 3946/5885/3931 3945/5883/3929
f 3946/5885/3931 3944/5882/3925 3947/5886/3930
f 3948/5887/3932 3946/5885/3931 3947/5886/3930
f 3947/5888/3930 3950/5889/3933 3948/5890/3932
f 3949/5891/3934 3947/5884/3930 3942/5880/3928
f 3950/5892/3933 3947/5893/3930 3949/5894/3934
f 3950/5889/3933 3951/5895/3935 3948/5890/3932
f 3952/5896/3936 3950/5892/3933 3949/5894/3934
f 3952/5897/3936 3949/5898/3934 3942/5899/3928
f 3953/5900/3937 3952/5897/3936 3942/5899/3928
f 3953/5901/3937 3942/5902/3928 3954/5903/3938
f 3955/5904/3939 3956/5905/3940 3954/5906/3938
f 3943/5907/3927 3955/5904/3939 3954/5906/3938
f 3942/5902/3928 3943/5908/3927 3954/5903/3938
f 3956/5909/3940 3955/5910/3939 3957/5911/3941
f 3958/5912/3942 3956/5909/3940 3957/5911/3941
f 3959/5913/3943 3958/5912/3942 3957/5911/3941
f 3960/5914/3944 3959/5913/3943 3961/5915/3945
f 3961/5915/3945 3959/5913/3943 3957/5911/3941
f 3963/5916/3946 3961/5917/3945 3962/5918/3947
f 3962/5918/3947 3961/5917/3945 3964/5919/3948
f 3961/5917/3945 3957/5920/3941 3964/5919/3948
f 3963/5921/3946 3960/5914/3944 3961/5915/3945
f 3964/5919/3948 3965/5922/3949 3966/5923/3950
f 3965/5924/3949 3964/5925/3948 3943/5879/3927
f 3943/5879/3927 3964/5925/3948 3955/5926/3939
f 3964/5925/3948 3957/5927/3941 3955/5926/3939
f 3962/5918/3947 3964/5919/3948 3966/5923/3950
f 3967/5928/3951 3968/5929/3952 3966/5923/3950
f 3966/5923/3950 3965/5922/3949 3967/5928/3951
f 3968/5929/3952 3962/5918/3947 3966/5923/3950
f 3968/5929/3952 3967/5928/3951 3969/5930/3953
f 3968/5929/3952 3963/5916/3946 3962/5918/3947
f 3970/5931/3954 3963/5916/3946 3968/5929/3952
f 3969/5930/3953 3970/5931/3954 3968/5929/3952
f 3970/5932/3954 3971/5933/3955 3972/5934/3956
f 3971/5935/3955 3970/5931/3954 3969/5930/3953
f 3963/5936/3946 3970/5932/3954 3960/5937/3944
f 3973/5938/3957 3970/5932/3954 3972/5934/3956
f 3970/5932/3954 3973/5938/3957 3960/5937/3944
f 3972/5939/3956 3971/5940/3955 3974/5941/3958
f 3971/5940/3955 3975/5942/3959 3974/5941/3958
f 3975/5942/3959 3976/5943/3960 3974/5941/3958
f 3976/5943/3960 3977/5944/3961 3974/5941/3958
f 3977/5944/3961 3976/5943/3960 3978/5945/3962
f 3981/5946/3963 3979/5947/3964 3978/5945/3962
f 3976/5943/3960 3980/5948/3965 3978/5945/3962
f 3980/5948/3965 3981/5946/3963 3978/5945/3962
f 3981/5949/3963 3983/5950/3966 3982/5951/3967
f 3985/5952/3968 3981/5949/3963 3982/5951/3967
f 3983/5953/3966 3981/5954/3963 3984/5955/3969
f 3981/5954/3963 3980/5956/3965 3984/5955/3969
f 3981/5946/3963 3985/5957/3968 3986/5958/3970
f 3979/5947/3964 3981/5946/3963 3986/5958/3970
f 3986/5959/3970 3985/5960/3968 3987/5961/3971
f 3985/5960/3968 3989/5962/3972 3987/5961/3971
f 3987/5961/3971 3989/5962/3972 3988/5963/3973
f 3982/5951/3967 3990/5964/3974 3989/5965/3972
f 3985/5952/3968 3982/5951/3967 3989/5965/3972
f 3991/5966/3975 3989/5965/3972 3990/5964/3974
f 3989/5962/3972 3991/5967/3975 3988/5963/3973
f 3991/5966/3975 3992/5968/3976 3948/5887/3932
f 3992/5968/3976 3991/5966/3975 3990/5964/3974
f 3948/5890/3932 3951/5895/3935 3991/5967/3975
f 3951/5895/3935 3988/5963/3973 3991/5967/3975
f 3992/5968/3976 3946/5885/3931 3948/5887/3932
f 3946/5885/3931 3992/5968/3976 3993/5969/3977
f 3993/5969/3977 3992/5968/3976 3990/5964/3974
f 3996/5970/3978 3994/5971/3979 3993/5969/3977
f 3994/5971/3979 3995/5972/3980 3993/5969/3977
f 3993/5969/3977 3995/5972/3980 3945/5883/3929
f 3945/5883/3929 3946/5885/3931 3993/5969/3977
f 3996/5970/3978 3993/5969/3977 3990/5964/3974
f 3994/5971/3979 3996/5970/3978 3990/5964/3974
f 3995/5972/3980 3939/5881/3924 3945/5883/3929
f 3939/5873/3924 3995/5973/3980 3938/5871/3922
f 3938/5974/3922 3995/5975/3980 3997/5976/3981
f 3995/5975/3980 3998/5977/3982 3997/5976/3981
f 3998/5978/3982 3995/5972/3980 3994/5971/3979
f 3998/5979/3982 3999/5980/3983 4000/5981/3984
f 3999/5982/3983 3998/5978/3982 3994/5971/3979
f 3997/5983/3981 3998/5979/3982 4000/5981/3984
f 3999/5980/3983 3983/5953/3966 4000/5981/3984
f 3983/5953/3966 3984/5955/3969 4000/5981/3984
f 4001/5984/3985 4000/5981/3984 3984/5955/3969
f 3997/5983/3981 4000/5981/3984 4001/5984/3985
f 4003/5985/3986 4001/5984/3985 4002/5986/3987
f 4002/5986/3987 4001/5984/3985 3984/5955/3969
f 4004/5987/3988 4001/5984/3985 4003/5985/3986
f 4004/5987/3988 3997/5983/3981 4001/5984/3985
f 3938/5974/3922 3997/5976/3981 4004/5988/3988
f 3940/5989/3923 3938/5974/3922 4004/5988/3988
f 4005/5990/3989 4004/5987/3988 4003/5985/3986
f 4005/5991/3989 4006/5992/3990 4004/5988/3988
f 4006/5992/3990 3940/5989/3923 4004/5988/3988
f 4006/5993/3990 4005/5994/3989 4008/5995/3991
f 3965/5996/3949 3941/5877/3926 4006/5997/3990
f 3941/5877/3926 3940/5872/3923 4006/5997/3990
f 3965/5922/3949 4006/5993/3990 3967/5928/3951
f 3967/5928/3951 4006/5993/3990 4007/5998/3992
f 4006/5993/3990 4008/5995/3991 4007/5998/3992
f 4005/5994/3989 4003/5999/3986 4008/5995/3991
f 4003/5999/3986 4009/6000/3993 4008/5995/3991
f 4009/6000/3993 4010/6001/3994 4008/5995/3991
f 4008/5995/3991 4010/6001/3994 4007/5998/3992
f 3975/6002/3959 3971/5935/3955 4010/6001/3994
f 4009/6000/3993 3975/6002/3959 4010/6001/3994
f 4010/6001/3994 3971/5935/3955 3969/5930/3953
f 4010/6001/3994 3969/5930/3953 4007/5998/3992
f 4009/6003/3993 4003/5985/3986 4002/5986/3987
f 3975/6004/3959 4009/6003/3993 4002/5986/3987
f 3967/5928/3951 4007/5998/3992 3969/5930/3953
f 3976/6005/3960 3975/6004/3959 4002/5986/3987
f 3976/6005/3960 4002/5986/3987 3984/5955/3969
f 3983/5950/3966 3999/5982/3983 3982/5951/3967
f 3999/5982/3983 3994/5971/3979 3982/5951/3967
f 3982/5951/3967 3994/5971/3979 3990/5964/3974
f 3980/5956/3965 3976/6005/3960 3984/5955/3969
f 3941/5878/3926 3965/5924/3949 3943/5879/3927
f 4011/6006/3995 4012/6007/3996 4014/6008/3997
f 4011/6006/3995 4013/6009/3998 4012/6007/3996
f 4013/6010/3998 4011/6011/3995 4018/6012/3999
f 4015/6013/4000 4011/6006/3995 4014/6008/3997
f 4011/6011/3995 4015/6014/4000 4017/6015/4001
f 4011/6011/3995 4016/6016/4002 4018/6012/3999
f 4016/6016/4002 4011/6011/3995 4017/6015/4001
f 4013/6017/3998 4018/6018/3999 4020/6019/4003
f 4019/6020/4004 4018/6012/3999 4016/6016/4002
f 4018/6018/3999 4019/6021/4004 4020/6019/4003
f 4019/6021/4004 4023/6022/4005 4020/6019/4003
f 4022/6023/4006 4021/6024/4007 4020/6019/4003
f 4021/6024/4007 4013/6017/3998 4020/6019/4003
f 4024/6025/4008 4022/6023/4006 4020/6019/4003
f 4020/6019/4003 4023/6022/4005 4024/6025/4008
f 4024/6025/4008 4027/6026/4009 4025/6027/4010
f 4022/6023/4006 4024/6025/4008 4025/6027/4010
f 4027/6026/4009 4024/6025/4008 4026/6028/4011
f 4023/6022/4005 4026/6028/4011 4024/6025/4008
f 4028/6029/4012 4025/6027/4010 4027/6026/4009
f 4029/6030/4013 4028/6029/4012 4027/6026/4009
f 4029/6030/4013 4027/6026/4009 4030/6031/4014
f 4030/6031/4014 4027/6026/4009 4026/6028/4011
f 4031/6032/4015 4029/6030/4013 4030/6031/4014
f 4031/6033/4015 4030/6034/4014 4032/6035/4016
f 4030/6034/4014 4026/6036/4011 4032/6035/4016
f 4026/6036/4011 4033/6037/4017 4032/6035/4016
f 4034/6038/4018 4031/6033/4015 4032/6035/4016
f 4034/6039/4018 4035/6040/4019 4036/6041/4020
f 4031/6042/4015 4034/6039/4018 4036/6041/4020
f 4031/6032/4015 4036/6043/4020 4037/6044/4021
f 4036/6045/4020 4038/6046/4022 4037/6047/4021
f 4038/6048/4022 4036/6041/4020 4039/6049/4023
f 4036/6041/4020 4035/6040/4019 4039/6049/4023
f 4040/6050/4024 4038/6048/4022 4039/6049/4023
f 4041/6051/4025 4040/6050/4024 4039/6049/4023
f 4040/6050/4024 4041/6051/4025 4042/6052/4026
f 4044/6053/4027 4043/6054/4028 4042/6052/4026
f 4043/6054/4028 4040/6050/4024 4042/6052/4026
f 4045/6055/4029 4044/6053/4027 4042/6052/4026
f 4045/6056/4029 4046/6057/4030 4047/6058/4031
f 4044/6059/4027 4045/6056/4029 4047/6058/4031
f 4047/6060/4031 4048/6061/4032 4044/6062/4027
f 4048/6061/4032 4047/6060/4031 4049/6063/4033
f 4047/6060/4031 4050/6064/4034 4049/6063/4033
f 4050/6065/4034 4047/6058/4031 4046/6057/4030
f 4052/6066/4035 4051/6067/4036 4050/6064/4034
f 4051/6067/4036 4049/6063/4033 4050/6064/4034
f 4052/6068/4035 4050/6065/4034 4053/6069/4037
f 4053/6069/4037 4050/6065/4034 4046/6057/4030
f 4054/6070/4038 4052/6068/4035 4053/6069/4037
f 4056/6071/4039 4052/6068/4035 4054/6070/4038
f 4055/6072/4040 4056/6071/4039 4054/6070/4038
f 4052/6066/4035 4056/6073/4039 4057/6074/4041
f 4058/6075/4042 4057/6074/4041 4056/6073/4039
f 4059/6076/4043 4058/6075/4042 4056/6073/4039
f 4059/6077/4043 4056/6071/4039 4055/6072/4040
f 4059/6076/4043 4061/6078/4044 4060/6079/4045
f 4058/6075/4042 4059/6076/4043 4060/6079/4045
f 4061/6080/4044 4059/6077/4043 4062/6081/4046
f 4062/6081/4046 4059/6077/4043 4055/6072/4040
f 4063/6082/4047 4061/6080/4044 4062/6081/4046
f 4061/6083/4044 4063/6084/4047 4064/6085/4048
f 4065/6086/4049 4061/6083/4044 4064/6085/4048
f 4017/6087/4001 4065/6088/4049 4064/6089/4048
f 4066/6090/4050 4017/6087/4001 4064/6089/4048
f 4016/6091/4002 4017/6092/4001 4066/6093/4050
f 4067/6094/4051 4016/6091/4002 4066/6093/4050
f 4067/6095/4051 4068/6096/4052 4016/6097/4002
f 4068/6098/4052 4069/6099/4053 4070/6100/4054
f 4068/6096/4052 4070/6101/4054 4016/6097/4002
f 4070/6102/4054 4019/6020/4004 4016/6016/4002
f 4069/6099/4053 4019/6103/4004 4070/6100/4054
f 4023/6104/4005 4019/6105/4004 4069/6106/4053
f 4071/6107/4055 4023/6104/4005 4069/6106/4053
f 4026/6036/4011 4023/6104/4005 4071/6107/4055
f 4033/6037/4017 4026/6036/4011 4071/6107/4055
f 4060/6108/4045 4061/6109/4044 4065/6110/4049
f 4017/6015/4001 4060/6108/4045 4065/6110/4049
f 4060/6079/4045 4072/6111/4056 4058/6075/4042
f 4060/6108/4045 4017/6015/4001 4072/6112/4056
f 4017/6015/4001 4015/6014/4000 4072/6112/4056
f 4072/6113/4056 4015/6013/4000 4073/6114/4057
f 4072/6111/4056 4073/6115/4057 4075/6116/4058
f 4072/6111/4056 4074/6117/4059 4058/6075/4042
f 4074/6117/4059 4072/6111/4056 4075/6116/4058
f 4075/6116/4058 4057/6074/4041 4074/6117/4059
f 4075/6116/4058 4073/6115/4057 4076/6118/4060
f 4057/6074/4041 4075/6116/4058 4076/6118/4060
f 4077/6119/4061 4048/6061/4032 4076/6118/4060
f 4078/6120/4062 4077/6119/4061 4076/6118/4060
f 4073/6115/4057 4078/6120/4062 4076/6118/4060
f 4076/6118/4060 4048/6061/4032 4051/6067/4036
f 4051/6067/4036 4057/6074/4041 4076/6118/4060
f 4081/6121/4063 4079/6122/4064 4078/6120/4062
f 4079/6122/4064 4080/6123/4065 4078/6120/4062
f 4080/6123/4065 4077/6119/4061 4078/6120/4062
f 4073/6115/4057 4081/6121/4063 4078/6120/4062
f 4081/6124/4063 4073/6125/4057 4082/6126/4066
f 4081/6127/4063 4082/6128/4066 4083/6129/4067
f 4079/6130/4064 4081/6127/4063 4083/6129/4067
f 4086/6131/4068 4083/6129/4067 4084/6132/4069
f 4083/6129/4067 4085/6133/4070 4084/6132/4069
f 4082/6128/4066 4087/6134/4071 4083/6129/4067
f 4087/6134/4071 4085/6133/4070 4083/6129/4067
f 4079/6130/4064 4083/6129/4067 4086/6131/4068
f 4012/6135/3996 4087/6136/4071 4082/6126/4066
f 4012/6135/3996 4088/6137/4072 4087/6136/4071
f 4088/6137/4072 4089/6138/4073 4087/6136/4071
f 4087/6134/4071 4089/6139/4073 4085/6133/4070
f 4089/6139/4073 4090/6140/4074 4085/6133/4070
f 4089/6141/4073 4088/6142/4072 4090/6143/4074
f 4088/6142/4072 4028/6029/4012 4090/6143/4074
f 4028/6029/4012 4029/6030/4013 4090/6143/4074
f 4029/6030/4013 4037/6044/4021 4090/6143/4074
f 4085/6133/4070 4090/6140/4074 4037/6047/4021
f 4088/6142/4072 4013/6017/3998 4021/6024/4007
f 4013/6009/3998 4088/6144/4072 4012/6007/3996
f 4028/6029/4012 4088/6142/4072 4022/6023/4006
f 4022/6023/4006 4088/6142/4072 4021/6024/4007
f 4040/6145/4024 4086/6131/4068 4084/6132/4069
f 4040/6145/4024 4043/6146/4028 4086/6131/4068
f 4043/6146/4028 4080/6147/4065 4086/6131/4068
f 4080/6147/4065 4079/6130/4064 4086/6131/4068
f 4084/6132/4069 4085/6133/4070 4037/6047/4021
f 4038/6046/4022 4040/6145/4024 4084/6132/4069
f 4038/6046/4022 4084/6132/4069 4037/6047/4021
f 4073/6125/4057 4014/6148/3997 4082/6126/4066
f 4014/6148/3997 4012/6135/3996 4082/6126/4066
f 4080/6123/4065 4043/6149/4028 4077/6119/4061
f 4043/6149/4028 4044/6062/4027 4077/6119/4061
f 4048/6061/4032 4077/6119/4061 4044/6062/4027
f 4057/6074/4041 4058/6075/4042 4074/6117/4059
f 4015/6013/4000 4014/6008/3997 4073/6114/4057
f 4051/6067/4036 4052/6066/4035 4057/6074/4041
f 4048/6061/4032 4049/6063/4033 4051/6067/4036
f 4029/6030/4013 4031/6032/4015 4037/6044/4021
f 4025/6027/4010 4028/6029/4012 4022/6023/4006
f 4091/6150/4075 4092/6151/4076 4094/6152/4077
f 4091/6150/4075 4093/6153/4078 4092/6151/4076
f 4093/6154/4078 4091/6155/4075 4098/6156/4079
f 4095/6157/4080 4091/6150/4075 4094/6152/4077
f 4091/6155/4075 4095/6158/4080 4097/6159/4081
f 4091/6155/4075 4096/6160/4082 4098/6156/4079
f 4096/6160/4082 4091/6155/4075 4097/6159/4081
f 4093/6161/4078 4098/6162/4079 4100/6163/4083
f 4098/6162/4079 4099/6164/4084 4100/6163/4083
f 4099/6165/4084 4098/6156/4079 4096/6160/4082
f 4102/6166/4085 4093/6161/4078 4100/6163/4083
f 4100/6163/4083 4101/6167/4086 4104/6168/4087
f 4099/6164/4084 4101/6167/4086 4100/6163/4083
f 4102/6166/4085 4100/6163/4083 4103/6169/4088
f 4100/6163/4083 4104/6168/4087 4103/6169/4088
f 4101/6167/4086 4105/6170/4089 4104/6168/4087
f 4103/6169/4088 4104/6168/4087 4107/6171/4090
f 4104/6168/4087 4105/6170/4089 4106/6172/4091
f 4104/6168/4087 4106/6172/4091 4107/6171/4090
f 4108/6173/4092 4107/6171/4090 4106/6172/4091
f 4107/6171/4090 4108/6173/4092 4103/6169/4088
f 4108/6173/4092 4109/6174/4093 4103/6169/4088
f 4110/6175/4094 4109/6174/4093 4108/6173/4092
f 4111/6176/4095 4110/6175/4094 4108/6173/4092
f 4111/6176/4095 4108/6173/4092 4112/6177/4096
f 4112/6177/4096 4108/6173/4092 4106/6172/4091
f 4116/6178/4097 4111/6176/4095 4112/6177/4096
f 4112/6177/4096 4106/6172/4091 4115/6179/4098
f 4114/6180/4099 4113/6181/4100 4112/6177/4096
f 4113/6181/4100 4116/6178/4097 4112/6177/4096
f 4114/6180/4099 4112/6177/4096 4115/6179/4098
f 4111/6182/4095 4116/6183/4097 4117/6184/4101
f 4116/6183/4097 4118/6185/4102 4117/6184/4101
f 4116/6183/4097 4113/6186/4100 4118/6185/4102
f 4120/6187/4103 4119/6188/4104 4118/6185/4102
f 4119/6188/4104 4117/6184/4101 4118/6185/4102
f 4121/6189/4105 4120/6187/4103 4118/6185/4102
f 4122/6190/4106 4121/6189/4105 4118/6185/4102
f 4113/6186/4100 4122/6190/4106 4118/6185/4102
f 4121/6191/4105 4122/6192/4106 4123/6193/4107
f 4123/6193/4107 4122/6192/4106 4113/6194/4100
f 4125/6195/4108 4121/6191/4105 4123/6193/4107
f 4124/6196/4109 4123/6193/4107 4113/6194/4100
f 4125/6195/4108 4126/6197/4110 4121/6191/4105
f 4126/6197/4110 4127/6198/4111 4128/6199/4112
f 4129/6200/4113 4126/6197/4110 4128/6199/4112
f 4126/6197/4110 4129/6200/4113 4121/6191/4105
f 4129/6201/4113 4130/6202/4114 4120/6187/4103
f 4129/6203/4113 4128/6204/4112 4130/6205/4114
f 4121/6189/4105 4129/6201/4113 4120/6187/4103
f 4128/6204/4112 4131/6206/4115 4130/6205/4114
f 4131/6206/4115 4132/6207/4116 4130/6205/4114
f 4132/6207/4116 4133/6208/4117 4130/6205/4114
f 4130/6202/4114 4133/6209/4117 4120/6187/4103
f 4132/6207/4116 4134/6210/4118 4133/6208/4117
f 4134/6210/4118 4135/6211/4119 4133/6208/4117
f 4135/6212/4119 4136/6213/4120 4133/6209/4117
f 4136/6213/4120 4119/6188/4104 4133/6209/4117
f 4133/6209/4117 4119/6188/4104 4120/6187/4103
f 4094/6214/4077 4092/6215/4076 4136/6216/4120
f 4092/6215/4076 4137/6217/4121 4136/6216/4120
f 4134/6218/4118 4094/6214/4077 4136/6216/4120
f 4136/6213/4120 4137/6219/4121 4119/6188/4104
f 4135/6220/4119 4134/6218/4118 4136/6216/4120
f 4092/6215/4076 4109/6221/4093 4137/6217/4121
f 4109/6221/4093 4110/6222/4094 4137/6217/4121
f 4137/6219/4121 4110/6223/4094 4117/6184/4101
f 4137/6219/4121 4117/6184/4101 4119/6188/4104
f 4134/6210/4118 4132/6207/4116 4140/6224/4122
f 4138/6225/4123 4095/6157/4080 4134/6226/4118
f 4095/6157/4080 4094/6152/4077 4134/6226/4118
f 4138/6227/4123 4134/6210/4118 4139/6228/4124
f 4139/6228/4124 4134/6210/4118 4140/6224/4122
f 4140/6224/4122 4141/6229/4125 4139/6228/4124
f 4141/6229/4125 4140/6224/4122 4131/6206/4115
f 4140/6224/4122 4132/6207/4116 4131/6206/4115
f 4141/6229/4125 4131/6206/4115 4128/6204/4112
f 4141/6229/4125 4142/6230/4126 4139/6228/4124
f 4141/6229/4125 4143/6231/4127 4142/6230/4126
f 4143/6231/4127 4141/6229/4125 4128/6204/4112
f 4144/6232/4128 4143/6233/4127 4127/6234/4111
f 4145/6235/4129 4143/6233/4127 4144/6232/4128
f 4143/6233/4127 4128/6236/4112 4127/6234/4111
f 4143/6231/4127 4145/6237/4129 4142/6230/4126
f 4146/6238/4130 4145/6235/4129 4148/6239/4131
f 4145/6237/4129 4146/6240/4130 4147/6241/4132
f 4142/6230/4126 4145/6237/4129 4147/6241/4132
f 4148/6239/4131 4145/6235/4129 4144/6232/4128
f 4149/6242/4133 4146/6238/4130 4148/6239/4131
f 4150/6243/4134 4151/6244/4135 4149/6242/4133
f 4151/6244/4135 4146/6238/4130 4149/6242/4133
f 4151/6245/4135 4152/6246/4136 4146/6240/4130
f 4152/6247/4136 4151/6248/4135 4153/6249/4137
f 4151/6250/4135 4150/6251/4134 4153/6252/4137
f 4155/6253/4138 4097/6254/4081 4153/6255/4137
f 4097/6159/4081 4152/6247/4136 4153/6249/4137
f 4150/6251/4134 4154/6256/4139 4153/6252/4137
f 4154/6257/4139 4155/6253/4138 4153/6255/4137
f 4096/6258/4082 4097/6259/4081 4155/6260/4138
f 4156/6261/4140 4096/6258/4082 4155/6260/4138
f 4157/6262/4141 4158/6263/4142 4156/6264/4140
f 4158/6263/4142 4096/6265/4082 4156/6264/4140
f 4159/6266/4143 4099/6267/4084 4158/6268/4142
f 4158/6269/4142 4099/6165/4084 4096/6160/4082
f 4157/6270/4141 4159/6266/4143 4158/6268/4142
f 4101/6271/4086 4099/6272/4084 4159/6273/4143
f 4160/6274/4144 4101/6271/4086 4159/6273/4143
f 4101/6271/4086 4160/6274/4144 4105/6275/4089
f 4160/6274/4144 4161/6276/4145 4105/6275/4089
f 4162/6277/4146 4115/6278/4098 4161/6276/4145
f 4115/6278/4098 4105/6275/4089 4161/6276/4145
f 4114/6279/4099 4115/6278/4098 4162/6277/4146
f 4163/6280/4147 4114/6279/4099 4162/6277/4146
f 4114/6281/4099 4163/6282/4147 4113/6194/4100
f 4163/6282/4147 4124/6196/4109 4113/6194/4100
f 4152/6247/4136 4097/6159/4081 4138/6283/4123
f 4152/6246/4136 4147/6241/4132 4146/6240/4130
f 4147/6241/4132 4152/6246/4136 4138/6227/4123
f 4147/6241/4132 4164/6284/4148 4142/6230/4126
f 4164/6284/4148 4147/6241/4132 4138/6227/4123
f 4164/6284/4148 4139/6228/4124 4142/6230/4126
f 4164/6284/4148 4138/6227/4123 4139/6228/4124
f 4097/6159/4081 4095/6158/4080 4138/6283/4123
f 4110/6223/4094 4111/6182/4095 4117/6184/4101
f 4105/6170/4089 4115/6179/4098 4106/6172/4091
f 4109/6174/4093 4093/6161/4078 4102/6166/4085
f 4093/6153/4078 4109/6285/4093 4092/6151/4076
f 4103/6169/4088 4109/6174/4093 4102/6166/4085
f 4165/6286/4149 4166/6287/4150 4169/6288/4151
f 4165/6289/4149 4167/6290/4152 4166/6291/4150
f 4171/6292/4153 4167/6293/4152 4165/6294/4149
f 4168/6295/4154 4172/6296/4155 4165/6294/4149
f 4168/6297/4154 4165/6286/4149 4169/6288/4151
f 4172/6296/4155 4170/6298/4156 4165/6294/4149
f 4170/6298/4156 4171/6292/4153 4165/6294/4149
f 4170/6298/4156 4172/6296/4155 4173/6299/4157
f 4173/6300/4157 4172/6301/4155 4175/6302/4158
f 4175/6303/4158 4172/6304/4155 4174/6305/4159
f 4172/6304/4155 4168/6306/4154 4174/6305/4159
f 4175/6307/4158 4178/6308/4160 4176/6309/4161
f 4176/6310/4161 4173/6300/4157 4175/6302/4158
f 4177/6311/4162 4178/6308/4160 4175/6307/4158
f 4174/6312/4159 4177/6311/4162 4175/6307/4158
f 4178/6308/4160 4179/6313/4163 4176/6309/4161
f 4176/6309/4161 4179/6313/4163 4180/6314/4164
f 4179/6313/4163 4181/6315/4165 4180/6314/4164
f 4181/6315/4165 4183/6316/4166 4182/6317/4167
f 4180/6314/4164 4181/6315/4165 4182/6317/4167
f 4182/6317/4167 4183/6316/4166 4184/6318/4168
f 4183/6316/4166 4185/6319/4169 4184/6318/4168
f 4184/6318/4168 4185/6319/4169 4186/6320/4170
f 4185/6319/4169 4187/6321/4171 4186/6320/4170
f 4186/6320/4170 4187/6321/4171 4189/6322/4172
f 4187/6321/4171 4188/6323/4173 4189/6322/4172
f 4171/6324/4153 4190/6325/4174 4189/6326/4172
f 4191/6327/4175 4171/6324/4153 4189/6326/4172
f 4189/6326/4172 4190/6325/4174 4186/6328/4170
f 4189/6322/4172 4188/6323/4173 4191/6329/4175
f 4167/6330/4152 4171/6324/4153 4191/6327/4175
f 4192/6331/4176 4167/6330/4152 4191/6327/4175
f 4191/6329/4175 4193/6332/4177 4192/6333/4176
f 4188/6323/4173 4193/6332/4177 4191/6329/4175
f 4193/6332/4177 4194/6334/4178 4192/6333/4176
f 4194/6335/4178 4196/6336/4179 4195/6337/4180
f 4192/6338/4176 4194/6335/4178 4195/6337/4180
f 4196/6339/4179 4197/6340/4181 4198/6341/4182
f 4195/6342/4180 4196/6339/4179 4198/6341/4182
f 4201/6343/4183 4199/6344/4184 4198/6345/4182
f 4198/6345/4182 4199/6344/4184 4195/6346/4180
f 4198/6341/4182 4197/6340/4181 4200/6347/4185
f 4200/6348/4185 4201/6343/4183 4198/6345/4182
f 4204/6349/4186 4199/6350/4184 4201/6351/4183
f 4202/6352/4187 4201/6343/4183 4200/6348/4185
f 4202/6353/4187 4203/6354/4188 4201/6351/4183
f 4203/6354/4188 4204/6349/4186 4201/6351/4183
f 4166/6355/4150 4204/6356/4186 4169/6357/4151
f 4166/6355/4150 4205/6358/4189 4204/6356/4186
f 4205/6358/4189 4199/6359/4184 4204/6356/4186
f 4204/6356/4186 4206/6360/4190 4169/6357/4151
f 4206/6360/4190 4204/6356/4186 4207/6361/4191
f 4207/6362/4191 4204/6349/4186 4203/6354/4188
f 4207/6363/4191 4208/6364/4192 4211/6365/4193
f 4208/6366/4192 4207/6362/4191 4203/6354/4188
f 4209/6367/4194 4206/6360/4190 4207/6361/4191
f 4209/6368/4194 4207/6363/4191 4210/6369/4195
f 4210/6369/4195 4207/6363/4191 4211/6365/4193
f 4211/6365/4193 4208/6364/4192 4212/6370/4196
f 4212/6371/4196 4213/6372/4197 4211/6373/4193
f 4211/6373/4193 4214/6374/4198 4210/6375/4195
f 4213/6372/4197 4214/6374/4198 4211/6373/4193
f 4214/6374/4198 4215/6376/4199 4210/6375/4195
f 4215/6376/4199 4217/6377/4200 4216/6378/4201
f 4210/6375/4195 4215/6376/4199 4216/6378/4201
f 4217/6377/4200 4218/6379/4202 4219/6380/4203
f 4216/6378/4201 4217/6377/4200 4219/6380/4203
f 4219/6381/4203 4206/6382/4190 4216/6383/4201
f 4169/6384/4151 4206/6385/4190 4219/6386/4203
f 4219/6380/4203 4218/6379/4202 4220/6387/4204
f 4220/6388/4204 4169/6384/4151 4219/6386/4203
f 4220/6389/4204 4221/6390/4205 4174/6391/4159
f 4174/6305/4159 4168/6306/4154 4220/6388/4204
f 4168/6306/4154 4169/6384/4151 4220/6388/4204
f 4218/6379/4202 4221/6392/4205 4220/6387/4204
f 4221/6390/4205 4177/6393/4162 4174/6391/4159
f 4206/6382/4190 4209/6394/4194 4216/6383/4201
f 4216/6395/4201 4209/6368/4194 4210/6369/4195
f 4222/6396/4206 4213/6372/4197 4212/6371/4196
f 4223/6397/4207 4222/6396/4206 4212/6371/4196
f 4224/6398/4208 4222/6396/4206 4223/6397/4207
f 4197/6340/4181 4224/6398/4208 4200/6347/4185
f 4200/6347/4185 4224/6398/4208 4223/6397/4207
f 4212/6399/4196 4225/6400/4209 4223/6401/4207
f 4225/6400/4209 4202/6352/4187 4223/6401/4207
f 4223/6401/4207 4202/6352/4187 4200/6348/4185
f 4208/6364/4192 4225/6402/4209 4212/6370/4196
f 4225/6403/4209 4208/6366/4192 4202/6353/4187
f 4208/6366/4192 4203/6354/4188 4202/6353/4187
f 4205/6404/4189 4167/6405/4152 4192/6406/4176
f 4167/6290/4152 4205/6407/4189 4166/6291/4150
f 4199/6344/4184 4205/6408/4189 4195/6346/4180
f 4195/6409/4180 4205/6404/4189 4192/6406/4176
f 4226/6410/4210 4190/6411/4174 4170/6298/4156
f 4170/6298/4156 4190/6411/4174 4171/6292/4153
f 4190/6325/4174 4226/6412/4210 4186/6328/4170
f 4227/6413/4211 4226/6410/4210 4170/6298/4156
f 4226/6410/4210 4227/6413/4211 4228/6414/4212
f 4226/6412/4210 4228/6415/4212 4184/6416/4168
f 4186/6328/4170 4226/6412/4210 4184/6416/4168
f 4227/6413/4211 4229/6417/4213 4228/6414/4212
f 4229/6418/4213 4182/6419/4167 4228/6420/4212
f 4182/6419/4167 4184/6421/4168 4228/6420/4212
f 4229/6418/4213 4230/6422/4214 4180/6423/4164
f 4230/6424/4214 4229/6417/4213 4170/6298/4156
f 4182/6419/4167 4229/6418/4213 4180/6423/4164
f 4229/6417/4213 4227/6413/4211 4170/6298/4156
f 4173/6425/4157 4176/6426/4161 4230/6422/4214
f 4230/6424/4214 4170/6298/4156 4173/6299/4157
f 4176/6426/4161 4180/6423/4164 4230/6422/4214
f 4231/6427/4215 4232/6428/4216 4234/6429/4217
f 4231/6427/4215 4233/6430/4218 4232/6428/4216
f 4233/6431/4218 4231/6432/4215 4238/6433/4219
f 4235/6434/4220 4231/6427/4215 4234/6429/4217
f 4231/6432/4215 4235/6435/4220 4237/6436/4221
f 4231/6432/4215 4236/6437/4222 4238/6433/4219
f 4236/6437/4222 4231/6432/4215 4237/6436/4221
f 4239/6438/4223 4238/6433/4219 4236/6437/4222
f 4233/6439/4218 4238/6440/4219 4240/6441/4224
f 4238/6440/4219 4239/6442/4223 4241/6443/4225
f 4238/6440/4219 4241/6443/4225 4240/6441/4224
f 4239/6442/4223 4242/6444/4226 4241/6443/4225
f 4241/6443/4225 4242/6444/4226 4244/6445/4227
f 4240/6441/4224 4241/6443/4225 4243/6446/4228
f 4241/6443/4225 4244/6445/4227 4243/6446/4228
f 4244/6445/4227 4247/6447/4229 4245/6448/4230
f 4245/6448/4230 4246/6449/4231 4244/6445/4227
f 4246/6449/4231 4243/6446/4228 4244/6445/4227
f 4242/6444/4226 4247/6447/4229 4244/6445/4227
f 4247/6447/4229 4248/6450/4232 4245/6448/4230
f 4248/6451/4232 4247/6452/4229 4250/6453/4233
f 4242/6454/4226 4249/6455/4234 4247/6452/4229
f 4249/6455/4234 4250/6453/4233 4247/6452/4229
f 4251/6456/4235 4248/6451/4232 4250/6453/4233
f 4252/6457/4236 4253/6458/4237 4251/6459/4235
f 4253/6458/4237 4248/6460/4232 4251/6459/4235
f 4253/6461/4237 4254/6462/4238 4248/6450/4232
f 4253/6463/4237 4255/6464/4239 4254/6465/4238
f 4255/6466/4239 4253/6458/4237 4256/6467/4240
f 4253/6458/4237 4252/6457/4236 4256/6467/4240
f 4257/6468/4241 4255/6466/4239 4256/6467/4240
f 4258/6469/4242 4257/6468/4241 4256/6467/4240
f 4257/6468/4241 4258/6469/4242 4259/6470/4243
f 4262/6471/4244 4260/6472/4245 4259/6470/4243
f 4260/6472/4245 4261/6473/4246 4259/6470/4243
f 4261/6473/4246 4257/6468/4241 4259/6470/4243
f 4263/6474/4247 4264/6475/4248 4262/6476/4244
f 4264/6475/4248 4260/6477/4245 4262/6476/4244
f 4264/6478/4248 4266/6479/4249 4265/6480/4250
f 4267/6481/4251 4264/6478/4248 4265/6480/4250
f 4260/6482/4245 4264/6478/4248 4267/6481/4251
f 4266/6483/4249 4264/6475/4248 4263/6474/4247
f 4268/6484/4252 4267/6481/4251 4269/6485/4253
f 4270/6486/4254 4267/6481/4251 4268/6484/4252
f 4267/6481/4251 4265/6480/4250 4269/6485/4253
f 4270/6486/4254 4260/6482/4245 4267/6481/4251
f 4271/6487/4255 4270/6486/4254 4268/6484/4252
f 4270/6486/4254 4271/6487/4255 4272/6488/4256
f 4260/6482/4245 4270/6486/4254 4272/6488/4256
f 4271/6487/4255 4273/6489/4257 4272/6488/4256
f 4272/6490/4256 4273/6491/4257 4274/6492/4258
f 4261/6493/4246 4272/6490/4256 4274/6492/4258
f 4261/6494/4246 4260/6482/4245 4272/6488/4256
f 4273/6491/4257 4275/6495/4259 4274/6492/4258
f 4274/6492/4258 4275/6495/4259 4276/6496/4260
f 4257/6497/4241 4261/6493/4246 4274/6492/4258
f 4257/6497/4241 4274/6492/4258 4276/6496/4260
f 4275/6495/4259 4277/6498/4261 4276/6496/4260
f 4276/6496/4260 4277/6498/4261 4254/6465/4238
f 4255/6464/4239 4276/6496/4260 4254/6465/4238
f 4255/6464/4239 4257/6497/4241 4276/6496/4260
f 4278/6499/4262 4277/6498/4261 4275/6495/4259
f 4278/6499/4262 4279/6500/4263 4277/6498/4261
f 4279/6500/4263 4280/6501/4264 4277/6498/4261
f 4277/6498/4261 4280/6501/4264 4254/6465/4238
f 4280/6502/4264 4279/6503/4263 4246/6449/4231
f 4280/6502/4264 4246/6449/4231 4245/6448/4230
f 4254/6462/4238 4280/6502/4264 4245/6448/4230
f 4281/6504/4265 4283/6505/4266 4279/6503/4263
f 4281/6506/4265 4279/6500/4263 4278/6499/4262
f 4279/6503/4263 4282/6507/4267 4246/6449/4231
f 4283/6505/4266 4282/6507/4267 4279/6503/4263
f 4233/6439/4218 4240/6441/4224 4283/6505/4266
f 4233/6430/4218 4283/6508/4266 4232/6428/4216
f 4232/6428/4216 4283/6508/4266 4284/6509/4268
f 4283/6508/4266 4281/6510/4265 4284/6509/4268
f 4282/6507/4267 4283/6505/4266 4243/6446/4228
f 4240/6441/4224 4243/6446/4228 4283/6505/4266
f 4232/6428/4216 4284/6509/4268 4285/6511/4269
f 4284/6512/4268 4281/6506/4265 4278/6499/4262
f 4284/6512/4268 4278/6499/4262 4286/6513/4270
f 4285/6514/4269 4284/6512/4268 4286/6513/4270
f 4287/6515/4271 4286/6513/4270 4275/6495/4259
f 4287/6515/4271 4288/6516/4272 4286/6513/4270
f 4286/6513/4270 4278/6499/4262 4275/6495/4259
f 4288/6516/4272 4285/6514/4269 4286/6513/4270
f 4288/6517/4272 4289/6518/4273 4285/6511/4269
f 4289/6519/4273 4288/6520/4272 4290/6521/4274
f 4288/6520/4272 4287/6522/4271 4290/6521/4274
f 4289/6519/4273 4290/6521/4274 4271/6487/4255
f 4290/6521/4274 4287/6522/4271 4273/6489/4257
f 4271/6487/4255 4290/6521/4274 4273/6489/4257
f 4268/6484/4252 4289/6519/4273 4271/6487/4255
f 4291/6523/4275 4289/6519/4273 4268/6484/4252
f 4289/6518/4273 4234/6429/4217 4285/6511/4269
f 4289/6524/4273 4291/6525/4275 4234/6429/4217
f 4269/6485/4253 4291/6523/4275 4268/6484/4252
f 4291/6525/4275 4235/6434/4220 4234/6429/4217
f 4237/6436/4221 4235/6435/4220 4291/6526/4275
f 4292/6527/4276 4237/6436/4221 4291/6526/4275
f 4292/6528/4276 4291/6523/4275 4265/6480/4250
f 4291/6523/4275 4269/6485/4253 4265/6480/4250
f 4237/6436/4221 4292/6527/4276 4294/6529/4277
f 4292/6528/4276 4265/6480/4250 4266/6479/4249
f 4293/6530/4278 4292/6528/4276 4266/6479/4249
f 4292/6527/4276 4293/6531/4278 4294/6529/4277
f 4295/6532/4279 4294/6533/4277 4293/6534/4278
f 4295/6535/4279 4296/6536/4280 4294/6537/4277
f 4296/6536/4280 4237/6538/4221 4294/6537/4277
f 4236/6539/4222 4237/6540/4221 4296/6541/4280
f 4297/6542/4281 4236/6539/4222 4296/6541/4280
f 4297/6543/4281 4298/6544/4282 4236/6545/4222
f 4298/6544/4282 4299/6546/4283 4236/6545/4222
f 4299/6547/4283 4298/6548/4282 4300/6549/4284
f 4300/6549/4284 4249/6455/4234 4239/6550/4223
f 4239/6550/4223 4299/6547/4283 4300/6549/4284
f 4299/6551/4283 4239/6438/4223 4236/6437/4222
f 4301/6552/4285 4295/6532/4279 4293/6534/4278
f 4301/6552/4285 4293/6534/4278 4302/6553/4286
f 4293/6534/4278 4266/6483/4249 4302/6553/4286
f 4302/6553/4286 4266/6483/4249 4263/6474/4247
f 4273/6491/4257 4287/6515/4271 4275/6495/4259
f 4234/6429/4217 4232/6428/4216 4285/6511/4269
f 4246/6449/4231 4282/6507/4267 4243/6446/4228
f 4254/6462/4238 4245/6448/4230 4248/6450/4232
f 4249/6455/4234 4242/6454/4226 4239/6550/4223
f 4306/6554/4287 4303/6555/4288 4304/6556/4289
f 4303/6557/4288 4305/6558/4290 4304/6559/4289
f 4307/6560/4291 4305/6561/4290 4303/6562/4288
f 4306/6563/4287 4307/6560/4291 4303/6562/4288
f 4308/6564/4292 4309/6565/4293 4307/6566/4291
f 4306/6567/4287 4308/6564/4292 4307/6566/4291
f 4307/6568/4291 4309/6569/4293 4305/6570/4290
f 4309/6565/4293 4308/6564/4292 4310/6571/4294
f 4311/6572/4295 4309/6565/4293 4310/6571/4294
f 4309/6569/4293 4311/6573/4295 4312/6574/4296
f 4309/6569/4293 4312/6574/4296 4305/6570/4290
f 4305/6558/4290 4312/6575/4296 4304/6559/4289
f 4314/6576/4297 4304/6559/4289 4312/6575/4296
f 4311/6573/4295 4313/6577/4298 4312/6574/4296
f 4313/6578/4298 4314/6576/4297 4312/6575/4296
f 4313/6579/4298 4316/6580/4299 4314/6581/4297
f 4314/6581/4297 4317/6582/4300 4315/6583/4301
f 4304/6559/4289 4314/6576/4297 4315/6584/4301
f 4316/6580/4299 4317/6582/4300 4314/6581/4297
f 4320/6585/4302 4318/6586/4303 4317/6587/4300
f 4318/6586/4303 4319/6588/4304 4317/6587/4300
f 4317/6582/4300 4319/6589/4304 4315/6583/4301
f 4317/6587/4300 4316/6590/4299 4320/6585/4302
f 4316/6590/4299 4321/6591/4305 4320/6585/4302
f 4322/6592/4306 4320/6585/4302 4321/6591/4305
f 4323/6593/4307 4320/6594/4302 4322/6595/4306
f 4323/6596/4307 4324/6597/4308 4320/6598/4302
f 4324/6597/4308 4318/6599/4303 4320/6598/4302
f 4324/6600/4308 4327/6601/4309 4325/6602/4310
f 4326/6603/4311 4324/6600/4308 4325/6602/4310
f 4324/6604/4308 4326/6605/4311 4318/6606/4303
f 4328/6607/4312 4327/6601/4309 4324/6600/4308
f 4323/6608/4307 4328/6607/4312 4324/6600/4308
f 4328/6607/4312 4323/6608/4307 4329/6609/4313
f 4310/6610/4294 4328/6611/4312 4329/6612/4313
f 4330/6613/4314 4327/6614/4309 4328/6611/4312
f 4310/6610/4294 4330/6613/4314 4328/6611/4312
f 4330/6615/4314 4310/6571/4294 4308/6564/4292
f 4331/6616/4315 4330/6615/4314 4308/6564/4292
f 4330/6615/4314 4331/6616/4315 4332/6617/4316
f 4330/6613/4314 4332/6618/4316 4327/6614/4309
f 4331/6616/4315 4333/6619/4317 4332/6617/4316
f 4332/6617/4316 4333/6619/4317 4334/6620/4318
f 4325/6621/4310 4332/6618/4316 4334/6622/4318
f 4332/6618/4316 4325/6621/4310 4327/6614/4309
f 4334/6623/4318 4335/6624/4319 4338/6625/4320
f 4333/6619/4317 4335/6626/4319 4334/6620/4318
f 4336/6627/4321 4325/6621/4310 4334/6622/4318
f 4336/6628/4321 4334/6623/4318 4337/6629/4322
f 4334/6623/4318 4338/6625/4320 4337/6629/4322
f 4338/6630/4320 4339/6631/4323 4342/6632/4324
f 4339/6633/4323 4338/6634/4320 4340/6635/4325
f 4338/6634/4320 4341/6636/4326 4340/6635/4325
f 4335/6624/4319 4341/6637/4326 4338/6625/4320
f 4337/6638/4322 4338/6630/4320 4342/6632/4324
f 4343/6639/4327 4342/6640/4324 4318/6586/4303
f 4342/6640/4324 4343/6639/4327 4344/6641/4328
f 4337/6642/4322 4342/6640/4324 4344/6641/4328
f 4319/6643/4304 4342/6632/4324 4339/6631/4323
f 4342/6640/4324 4319/6588/4304 4318/6586/4303
f 4346/6644/4329 4344/6645/4328 4345/6646/4330
f 4345/6647/4330 4344/6641/4328 4343/6639/4327
f 4336/6628/4321 4337/6629/4322 4344/6645/4328
f 4346/6644/4329 4336/6628/4321 4344/6645/4328
f 4347/6648/4331 4346/6644/4329 4345/6646/4330
f 4346/6649/4329 4326/6603/4311 4325/6602/4310
f 4326/6603/4311 4346/6649/4329 4347/6650/4331
f 4336/6651/4321 4346/6649/4329 4325/6602/4310
f 4347/6652/4331 4345/6653/4330 4349/6654/4332
f 4348/6655/4333 4347/6652/4331 4349/6654/4332
f 4348/6656/4333 4326/6603/4311 4347/6650/4331
f 4348/6657/4333 4349/6658/4332 4343/6659/4327
f 4349/6660/4332 4345/6647/4330 4343/6639/4327
f 4326/6661/4311 4348/6657/4333 4343/6659/4327
f 4326/6605/4311 4343/6662/4327 4318/6606/4303
f 4351/6663/4334 4350/6664/4335 4341/6636/4326
f 4350/6664/4335 4340/6635/4325 4341/6636/4326
f 4352/6665/4336 4351/6666/4334 4341/6637/4326
f 4335/6624/4319 4352/6665/4336 4341/6637/4326
f 4352/6667/4336 4335/6626/4319 4353/6668/4337
f 4352/6669/4336 4353/6670/4337 4351/6671/4334
f 4335/6626/4319 4333/6619/4317 4353/6668/4337
f 4353/6672/4337 4333/6673/4317 4350/6674/4335
f 4353/6670/4337 4350/6675/4335 4351/6671/4334
f 4333/6673/4317 4340/6676/4325 4350/6674/4335
f 4331/6677/4315 4354/6678/4338 4340/6679/4325
f 4339/6633/4323 4340/6635/4325 4354/6680/4338
f 4333/6681/4317 4331/6677/4315 4340/6679/4325
f 4315/6584/4301 4339/6633/4323 4354/6680/4338
f 4331/6682/4315 4308/6683/4292 4354/6684/4338
f 4308/6683/4292 4304/6685/4289 4354/6684/4338
f 4354/6680/4338 4304/6559/4289 4315/6584/4301
f 4315/6686/4301 4319/6643/4304 4339/6631/4323
f 4323/6608/4307 4355/6687/4339 4329/6609/4313
f 4329/6688/4313 4316/6689/4299 4313/6577/4298
f 4311/6573/4295 4329/6688/4313 4313/6577/4298
f 4329/6688/4313 4355/6690/4339 4316/6689/4299
f 4311/6691/4295 4310/6610/4294 4329/6612/4313
f 4355/6687/4339 4323/6608/4307 4356/6692/4340
f 4355/6690/4339 4321/6693/4305 4316/6689/4299
f 4355/6690/4339 4357/6694/4341 4321/6693/4305
f 4357/6695/4341 4355/6687/4339 4356/6692/4340
f 4357/6696/4341 4356/6697/4340 4358/6698/4342
f 4357/6694/4341 4358/6699/4342 4321/6693/4305
f 4358/6700/4342 4322/6592/4306 4321/6591/4305
f 4356/6697/4340 4322/6701/4306 4358/6698/4342
f 4356/6702/4340 4323/6593/4307 4322/6595/4306
f 4308/6703/4292 4306/6554/4287 4304/6556/4289
f 4364/6704/4343 4359/6705/4344 4360/6706/4345
f 4359/6707/4344 4361/6708/4346 4360/6709/4345
f 4362/6710/4347 4361/6708/4346 4359/6707/4344
f 4363/6711/4348 4362/6710/4347 4359/6707/4344
f 4365/6712/4349 4363/6713/4348 4359/6705/4344
f 4364/6704/4343 4365/6712/4349 4359/6705/4344
f 4365/6712/4349 4364/6704/4343 4366/6714/4350
f 4368/6715/4351 4363/6716/4348 4365/6717/4349
f 4367/6718/4352 4365/6717/4349 4366/6719/4350
f 4367/6718/4352 4368/6715/4351 4365/6717/4349
f 4368/6715/4351 4369/6720/4353 4363/6716/4348
f 4368/6721/4351 4370/6722/4354 4369/6723/4353
f 4370/6724/4354 4368/6725/4351 4367/6726/4352
f 4370/6722/4354 4371/6727/4355 4369/6723/4353
f 4370/6722/4354 4372/6728/4356 4371/6727/4355
f 4372/6729/4356 4370/6724/4354 4373/6730/4357
f 4373/6730/4357 4370/6724/4354 4367/6726/4352
f 4375/6731/4358 4372/6729/4356 4373/6730/4357
f 4373/6732/4357 4364/6733/4343 4374/6734/4359
f 4375/6735/4358 4373/6732/4357 4374/6734/4359
f 4373/6736/4357 4377/6737/4360 4364/6738/4343
f 4367/6726/4352 4376/6739/4361 4373/6730/4357
f 4376/6739/4361 4377/6740/4360 4373/6730/4357
f 4377/6741/4360 4376/6742/4361 4378/6743/4362
f 4377/6737/4360 4378/6744/4362 4364/6738/4343
f 4376/6742/4361 4366/6745/4350 4378/6743/4362
f 4364/6704/4343 4378/6746/4362 4366/6714/4350
f 4376/6747/4361 4367/6718/4352 4366/6719/4350
f 4380/6748/4363 4372/6729/4356 4375/6731/4358
f 4375/6749/4358 4374/6750/4359 4381/6751/4364
f 4379/6752/4365 4375/6749/4358 4381/6751/4364
f 4379/6753/4365 4380/6748/4363 4375/6731/4358
f 4382/6754/4366 4383/6755/4367 4381/6756/4364
f 4381/6756/4364 4374/6757/4359 4382/6754/4366
f 4383/6755/4367 4384/6758/4368 4381/6756/4364
f 4385/6759/4369 4381/6756/4364 4384/6758/4368
f 4379/6760/4365 4381/6761/4364 4385/6762/4369
f 4387/6763/4370 4379/6760/4365 4385/6762/4369
f 4386/6764/4371 4385/6759/4369 4384/6758/4368
f 4387/6765/4370 4385/6766/4369 4386/6767/4371
f 4388/6768/4372 4379/6753/4365 4387/6769/4370
f 4389/6770/4373 4388/6768/4372 4387/6769/4370
f 4389/6771/4373 4387/6765/4370 4386/6767/4371
f 4389/6772/4373 4386/6773/4371 4384/6774/4368
f 4388/6775/4372 4389/6772/4373 4384/6774/4368
f 4379/6753/4365 4388/6768/4372 4390/6776/4374
f 4388/6775/4372 4384/6774/4368 4383/6777/4367
f 4390/6778/4374 4388/6775/4372 4383/6777/4367
f 4380/6748/4363 4379/6753/4365 4390/6776/4374
f 4380/6779/4363 4390/6780/4374 4391/6781/4375
f 4390/6780/4374 4393/6782/4376 4391/6781/4375
f 4390/6778/4374 4383/6777/4367 4392/6783/4377
f 4393/6784/4376 4390/6778/4374 4392/6783/4377
f 4391/6785/4375 4393/6786/4376 4394/6787/4378
f 4393/6784/4376 4392/6783/4377 4395/6788/4379
f 4394/6789/4378 4393/6784/4376 4395/6788/4379
f 4395/6790/4379 4396/6791/4380 4397/6792/4381
f 4396/6791/4380 4395/6790/4379 4398/6793/4382
f 4394/6789/4378 4395/6788/4379 4397/6794/4381
f 4395/6790/4379 4392/6795/4377 4398/6793/4382
f 4396/6791/4380 4398/6793/4382 4399/6796/4383
f 4398/6797/4382 4382/6798/4366 4399/6799/4383
f 4382/6798/4366 4398/6797/4382 4383/6800/4367
f 4398/6797/4382 4392/6801/4377 4383/6800/4367
f 4399/6796/4383 4361/6802/4346 4400/6803/4384
f 4361/6708/4346 4399/6804/4383 4360/6709/4345
f 4382/6798/4366 4360/6805/4345 4399/6799/4383
f 4400/6803/4384 4396/6791/4380 4399/6796/4383
f 4403/6806/4385 4396/6807/4380 4400/6808/4384
f 4402/6809/4386 4400/6810/4384 4401/6811/4387
f 4361/6802/4346 4401/6812/4387 4400/6803/4384
f 4402/6813/4386 4403/6806/4385 4400/6808/4384
f 4403/6814/4385 4406/6815/4388 4396/6816/4380
f 4404/6817/4389 4391/6785/4375 4403/6818/4385
f 4403/6818/4385 4391/6785/4375 4394/6787/4378
f 4402/6819/4386 4404/6817/4389 4403/6818/4385
f 4394/6787/4378 4405/6820/4390 4403/6818/4385
f 4405/6820/4390 4406/6821/4388 4403/6818/4385
f 4406/6815/4388 4407/6822/4391 4396/6816/4380
f 4406/6823/4388 4405/6824/4390 4407/6825/4391
f 4396/6791/4380 4407/6826/4391 4397/6792/4381
f 4405/6824/4390 4397/6827/4381 4407/6825/4391
f 4405/6828/4390 4394/6789/4378 4397/6794/4381
f 4404/6829/4389 4372/6728/4356 4380/6779/4363
f 4372/6728/4356 4404/6829/4389 4371/6727/4355
f 4404/6817/4389 4402/6819/4386 4371/6830/4355
f 4391/6781/4375 4404/6829/4389 4380/6779/4363
f 4402/6819/4386 4408/6831/4392 4371/6830/4355
f 4408/6832/4392 4402/6809/4386 4401/6811/4387
f 4369/6833/4353 4371/6830/4355 4408/6831/4392
f 4408/6834/4392 4401/6835/4387 4411/6836/4393
f 4408/6831/4392 4410/6837/4394 4409/6838/4395
f 4409/6838/4395 4369/6833/4353 4408/6831/4392
f 4410/6839/4394 4408/6834/4392 4411/6836/4393
f 4401/6812/4387 4412/6840/4396 4411/6841/4393
f 4412/6840/4396 4413/6842/4397 4411/6841/4393
f 4410/6843/4394 4411/6844/4393 4413/6845/4397
f 4414/6846/4398 4410/6843/4394 4413/6845/4397
f 4414/6847/4398 4413/6848/4397 4412/6849/4396
f 4410/6837/4394 4414/6850/4398 4409/6838/4395
f 4409/6851/4395 4414/6847/4398 4412/6849/4396
f 4409/6851/4395 4412/6849/4396 4362/6852/4347
f 4412/6840/4396 4401/6812/4387 4362/6853/4347
f 4369/6720/4353 4409/6851/4395 4362/6852/4347
f 4401/6812/4387 4361/6802/4346 4362/6853/4347
f 4374/6757/4359 4360/6706/4345 4382/6754/4366
f 4374/6757/4359 4364/6704/4343 4360/6706/4345
f 4369/6720/4353 4362/6852/4347 4363/6716/4348
f 4418/6854/4399 4415/6855/4400 4416/6856/4401
f 4415/6857/4400 4417/6858/4402 4416/6859/4401
f 4420/6860/4403 4417/6861/4402 4415/6862/4400
f 4419/6863/4404 4415/6862/4400 4418/6864/4399
f 4419/6863/4404 4420/6860/4403 4415/6862/4400
f 4421/6865/4405 4422/6866/4406 4420/6867/4403
f 4419/6868/4404 4421/6865/4405 4420/6867/4403
f 4422/6869/4406 4423/6870/4407 4420/6871/4403
f 4423/6870/4407 4424/6872/4408 4420/6871/4403
f 4420/6860/4403 4424/6873/4408 4417/6861/4402
f 4423/6870/4407 4426/6874/4409 4424/6872/4408
f 4424/6873/4408 4425/6875/4410 4417/6861/4402
f 4424/6873/4408 4427/6876/4411 4425/6875/4410
f 4426/6874/4409 4427/6877/4411 4424/6872/4408
f 4427/6878/4411 4426/6879/4409 4428/6880/4412
f 4427/6876/4411 4428/6881/4412 4425/6875/4410
f 4426/6879/4409 4429/6882/4413 4428/6880/4412
f 4425/6883/4410 4428/6884/4412 4429/6885/4413
f 4423/6886/4407 4430/6887/4414 4429/6888/4413
f 4430/6889/4414 4425/6883/4410 4429/6885/4413
f 4426/6890/4409 4423/6886/4407 4429/6888/4413
f 4431/6891/4415 4433/6892/4416 4430/6893/4414
f 4423/6894/4407 4431/6891/4415 4430/6893/4414
f 4417/6895/4402 4425/6883/4410 4430/6889/4414
f 4432/6896/4417 4417/6895/4402 4430/6889/4414
f 4430/6889/4414 4433/6897/4416 4432/6896/4417
f 4433/6897/4416 4434/6898/4418 4432/6896/4417
f 4433/6897/4416 4435/6899/4419 4434/6898/4418
f 4436/6900/4420 4435/6901/4419 4433/6902/4416
f 4431/6903/4415 4436/6900/4420 4433/6902/4416
f 4436/6904/4420 4439/6905/4421 4435/6906/4419
f 4431/6907/4415 4440/6908/4422 4436/6909/4420
f 4436/6909/4420 4437/6910/4423 4438/6911/4424
f 4440/6908/4422 4437/6910/4423 4436/6909/4420
f 4438/6911/4424 4439/6912/4421 4436/6909/4420
f 4422/6869/4406 4440/6908/4422 4431/6907/4415
f 4441/6913/4425 4440/6914/4422 4422/6866/4406
f 4441/6913/4425 4442/6915/4426 4440/6914/4422
f 4442/6915/4426 4437/6916/4423 4440/6914/4422
f 4437/6916/4423 4442/6915/4426 4443/6917/4427
f 4442/6918/4426 4444/6919/4428 4443/6920/4427
f 4444/6919/4428 4442/6918/4426 4445/6921/4429
f 4442/6918/4426 4441/6922/4425 4445/6921/4429
f 4445/6923/4429 4447/6924/4430 4446/6925/4431
f 4444/6926/4428 4445/6923/4429 4446/6925/4431
f 4445/6927/4429 4448/6928/4432 4447/6929/4430
f 4445/6921/4429 4441/6922/4425 4448/6930/4432
f 4448/6930/4432 4421/6931/4405 4450/6932/4433
f 4441/6922/4425 4421/6931/4405 4448/6930/4432
f 4448/6928/4432 4449/6933/4434 4447/6929/4430
f 4448/6934/4432 4451/6935/4435 4449/6936/4434
f 4448/6930/4432 4450/6932/4433 4452/6937/4436
f 4451/6938/4435 4448/6930/4432 4452/6937/4436
f 4452/6939/4436 4450/6940/4433 4454/6941/4437
f 4452/6942/4436 4454/6943/4437 4453/6944/4438
f 4451/6945/4435 4452/6942/4436 4453/6944/4438
f 4450/6940/4433 4418/6864/4399 4454/6941/4437
f 4454/6946/4437 4418/6854/4399 4449/6947/4434
f 4453/6948/4438 4454/6946/4437 4449/6947/4434
f 4451/6935/4435 4453/6949/4438 4449/6936/4434
f 4421/6931/4405 4419/6950/4404 4450/6932/4433
f 4450/6940/4433 4419/6863/4404 4418/6864/4399
f 4447/6951/4430 4449/6947/4434 4455/6952/4439
f 4449/6947/4434 4416/6856/4401 4455/6952/4439
f 4449/6947/4434 4418/6854/4399 4416/6856/4401
f 4455/6953/4439 4434/6954/4418 4456/6955/4440
f 4432/6956/4417 4434/6954/4418 4455/6953/4439
f 4447/6951/4430 4455/6952/4439 4456/6957/4440
f 4416/6859/4401 4432/6956/4417 4455/6953/4439
f 4434/6954/4418 4457/6958/4441 4456/6955/4440
f 4458/6959/4442 4456/6955/4440 4457/6958/4441
f 4456/6957/4440 4458/6960/4442 4446/6961/4431
f 4446/6961/4431 4447/6951/4430 4456/6957/4440
f 4459/6962/4443 4458/6959/4442 4457/6958/4441
f 4443/6963/4427 4458/6964/4442 4459/6965/4443
f 4458/6960/4442 4460/6966/4444 4446/6961/4431
f 4461/6967/4445 4460/6968/4444 4458/6964/4442
f 4443/6963/4427 4461/6967/4445 4458/6964/4442
f 4461/6969/4445 4444/6919/4428 4462/6970/4446
f 4444/6919/4428 4461/6969/4445 4443/6920/4427
f 4461/6967/4445 4463/6971/4447 4460/6968/4444
f 4463/6972/4447 4461/6969/4445 4462/6970/4446
f 4463/6971/4447 4464/6973/4448 4460/6968/4444
f 4463/6974/4447 4462/6975/4446 4464/6976/4448
f 4462/6975/4446 4465/6977/4449 4464/6976/4448
f 4464/6978/4448 4465/6979/4449 4460/6966/4444
f 4462/6980/4446 4444/6981/4428 4465/6982/4449
f 4444/6981/4428 4446/6983/4431 4465/6982/4449
f 4465/6979/4449 4446/6961/4431 4460/6966/4444
f 4466/6984/4450 4459/6985/4443 4457/6986/4441
f 4467/6987/4451 4459/6965/4443 4466/6988/4450
f 4467/6987/4451 4443/6963/4427 4459/6965/4443
f 4437/6910/4423 4467/6989/4451 4438/6911/4424
f 4467/6990/4451 4437/6916/4423 4443/6917/4427
f 4438/6991/4424 4467/6987/4451 4466/6988/4450
f 4466/6984/4450 4435/6899/4419 4468/6992/4452
f 4435/6899/4419 4466/6984/4450 4457/6986/4441
f 4469/6993/4453 4466/6988/4450 4468/6994/4452
f 4469/6993/4453 4438/6991/4424 4466/6988/4450
f 4439/6995/4421 4470/6996/4454 4469/6997/4453
f 4469/6997/4453 4470/6996/4454 4471/6998/4455
f 4471/6999/4455 4472/7000/4456 4469/6993/4453
f 4469/6993/4453 4472/7000/4456 4438/6991/4424
f 4439/6995/4421 4469/6997/4453 4468/7001/4452
f 4438/6911/4424 4472/7002/4456 4470/7003/4454
f 4470/7003/4454 4472/7002/4456 4471/7004/4455
f 4438/6911/4424 4470/7003/4454 4439/6912/4421
f 4435/6899/4419 4473/7005/4457 4468/6992/4452
f 4439/6995/4421 4468/7001/4452 4473/7006/4457
f 4439/6905/4421 4473/7007/4457 4435/6906/4419
f 4435/6899/4419 4457/6986/4441 4434/6898/4418
f 4421/6865/4405 4441/6913/4425 4422/6866/4406
f 4417/6858/4402 4432/6956/4417 4416/6859/4401
f 4423/6870/4407 4422/6869/4406 4431/6907/4415
f 4474/7008/4458 4475/7009/4459 4479/7010/4460
f 4474/7011/4458 4476/7012/4461 4475/7013/4459
f 4476/7012/4461 4474/7011/4458 4477/7014/4462
f 4474/7011/4458 4478/7015/4463 4477/7014/4462
f 4480/7016/4464 4478/7017/4463 4474/7008/4458
f 4479/7010/4460 4480/7016/4464 4474/7008/4458
f 4483/7018/4465 4481/7019/4466 4480/7020/4464
f 4480/7016/4464 4481/7021/4466 4478/7017/4463
f 4482/7022/4467 4480/7023/4464 4479/7024/4460
f 4482/7025/4467 4483/7018/4465 4480/7020/4464
f 4483/7026/4465 4487/7027/4468 4481/7028/4466
f 4482/7029/4467 4488/7030/4469 4483/7031/4465
f 4485/7032/4470 4483/7031/4465 4484/7033/4471
f 4488/7030/4469 4484/7033/4471 4483/7031/4465
f 4485/7032/4470 4486/7034/4472 4483/7031/4465
f 4486/7034/4472 4487/7035/4468 4483/7031/4465
f 4489/7036/4473 4488/7030/4469 4482/7029/4467
f 4490/7037/4474 4488/7038/4469 4489/7039/4473
f 4488/7038/4469 4490/7037/4474 4491/7040/4475
f 4484/7041/4471 4488/7038/4469 4491/7040/4475
f 4484/7041/4471 4491/7040/4475 4492/7042/4476
f 4492/7043/4476 4491/7044/4475 4493/7045/4477
f 4491/7044/4475 4490/7046/4474 4493/7045/4477
f 4493/7047/4477 4494/7048/4478 4498/7049/4479
f 4493/7050/4477 4495/7051/4480 4494/7052/4478
f 4490/7046/4474 4495/7053/4480 4493/7045/4477
f 4496/7054/4481 4493/7045/4477 4497/7055/4482
f 4496/7054/4481 4492/7043/4476 4493/7045/4477
f 4497/7056/4482 4493/7047/4477 4498/7049/4479
f 4497/7057/4482 4498/7058/4479 4499/7059/4483
f 4499/7060/4483 4498/7061/4479 4500/7062/4484
f 4498/7061/4479 4494/7063/4478 4500/7062/4484
f 4500/7062/4484 4494/7063/4478 4501/7064/4485
f 4496/7065/4481 4500/7066/4484 4501/7067/4485
f 4502/7068/4486 4499/7069/4483 4500/7066/4484
f 4496/7065/4481 4502/7068/4486 4500/7066/4484
f 4502/7070/4486 4497/7057/4482 4499/7059/4483
f 4502/7071/4486 4496/7054/4481 4497/7055/4482
f 4494/7063/4478 4503/7072/4487 4501/7064/4485
f 4501/7073/4485 4503/7074/4487 4504/7075/4488
f 4505/7076/4489 4501/7073/4485 4504/7075/4488
f 4492/7077/4476 4501/7067/4485 4505/7078/4489
f 4492/7077/4476 4496/7065/4481 4501/7067/4485
f 4505/7079/4489 4504/7080/4488 4506/7081/4490
f 4507/7082/4491 4505/7078/4489 4506/7083/4490
f 4507/7082/4491 4492/7077/4476 4505/7078/4489
f 4507/7084/4491 4485/7032/4470 4484/7033/4471
f 4507/7085/4491 4484/7041/4471 4492/7042/4476
f 4485/7086/4470 4507/7082/4491 4506/7083/4490
f 4504/7080/4488 4481/7021/4466 4506/7081/4490
f 4506/7081/4490 4481/7021/4466 4508/7087/4492
f 4485/7086/4470 4506/7083/4490 4508/7088/4492
f 4481/7021/4466 4509/7089/4493 4508/7087/4492
f 4486/7090/4472 4485/7086/4470 4508/7088/4492
f 4486/7091/4472 4508/7092/4492 4509/7093/4493
f 4487/7027/4468 4509/7094/4493 4481/7028/4466
f 4487/7095/4468 4486/7091/4472 4509/7093/4493
f 4504/7075/4488 4503/7074/4487 4478/7015/4463
f 4481/7021/4466 4504/7080/4488 4478/7017/4463
f 4503/7072/4487 4494/7063/4478 4477/7096/4462
f 4503/7074/4487 4477/7014/4462 4478/7015/4463
f 4495/7051/4480 4510/7097/4494 4494/7052/4478
f 4495/7051/4480 4511/7098/4495 4510/7097/4494
f 4495/7053/4480 4490/7046/4474 4511/7099/4495
f 4514/7100/4496 4511/7099/4495 4512/7101/4497
f 4490/7046/4474 4512/7101/4497 4511/7099/4495
f 4511/7098/4495 4513/7102/4498 4510/7097/4494
f 4511/7103/4495 4516/7104/4499 4513/7105/4498
f 4511/7099/4495 4514/7100/4496 4515/7106/4500
f 4516/7107/4499 4511/7099/4495 4515/7106/4500
f 4516/7104/4499 4517/7108/4501 4513/7105/4498
f 4516/7109/4499 4515/7110/4500 4517/7111/4501
f 4515/7110/4500 4518/7112/4502 4517/7111/4501
f 4517/7113/4501 4518/7114/4502 4513/7115/4498
f 4514/7116/4496 4519/7117/4503 4518/7118/4502
f 4518/7114/4502 4519/7119/4503 4513/7115/4498
f 4515/7120/4500 4514/7116/4496 4518/7118/4502
f 4514/7116/4496 4520/7121/4504 4519/7117/4503
f 4520/7121/4504 4521/7122/4505 4519/7117/4503
f 4476/7123/4461 4513/7115/4498 4519/7119/4503
f 4521/7124/4505 4476/7123/4461 4519/7119/4503
f 4476/7012/4461 4521/7125/4505 4475/7013/4459
f 4522/7126/4506 4475/7127/4459 4521/7122/4505
f 4520/7121/4504 4522/7126/4506 4521/7122/4505
f 4489/7036/4473 4523/7128/4507 4522/7129/4506
f 4489/7039/4473 4522/7130/4506 4512/7131/4497
f 4522/7130/4506 4520/7132/4504 4512/7131/4497
f 4523/7128/4507 4524/7133/4508 4522/7129/4506
f 4522/7126/4506 4524/7134/4508 4475/7127/4459
f 4524/7133/4508 4523/7128/4507 4526/7135/4509
f 4524/7134/4508 4525/7136/4510 4475/7127/4459
f 4524/7134/4508 4527/7137/4511 4525/7136/4510
f 4527/7138/4511 4524/7133/4508 4526/7135/4509
f 4527/7137/4511 4528/7139/4512 4525/7136/4510
f 4527/7140/4511 4526/7141/4509 4528/7142/4512
f 4526/7141/4509 4529/7143/4513 4528/7142/4512
f 4528/7144/4512 4529/7145/4513 4525/7146/4510
f 4526/7147/4509 4523/7148/4507 4529/7149/4513
f 4523/7148/4507 4479/7150/4460 4529/7149/4513
f 4529/7145/4513 4479/7010/4460 4525/7146/4510
f 4475/7009/4459 4525/7146/4510 4479/7010/4460
f 4523/7128/4507 4489/7036/4473 4482/7029/4467
f 4523/7151/4507 4482/7022/4467 4479/7024/4460
f 4520/7152/4504 4514/7100/4496 4512/7101/4497
f 4510/7153/4494 4513/7115/4498 4477/7096/4462
f 4513/7115/4498 4476/7123/4461 4477/7096/4462
f 4512/7131/4497 4490/7037/4474 4489/7039/4473
f 4494/7063/4478 4510/7153/4494 4477/7096/4462
f 4533/7154/4514 4530/7155/4515 4531/7156/4516
f 4530/7155/4515 4532/7157/4517 4531/7156/4516
f 4530/7155/4515 4535/7158/4518 4532/7157/4517
f 4533/7154/4514 4534/7159/4519 4530/7155/4515
f 4534/7159/4519 4535/7158/4518 4530/7155/4515
f 4535/7158/4518 4536/7160/4520 4532/7157/4517
f 4536/7160/4520 4538/7161/4521 4537/7162/4522
f 4532/7157/4517 4536/7160/4520 4537/7162/4522
f 4537/7162/4522 4538/7161/4521 4539/7163/4523
f 4538/7161/4521 4540/7164/4524 4539/7163/4523
f 4540/7164/4524 4542/7165/4525 4541/7166/4526
f 4539/7163/4523 4540/7164/4524 4541/7166/4526
f 4541/7166/4526 4542/7165/4525 4543/7167/4527
f 4542/7165/4525 4544/7168/4528 4543/7167/4527
f 4543/7167/4527 4544/7168/4528 4546/7169/4529
f 4544/7168/4528 4545/7170/4530 4546/7169/4529
f 4543/7167/4527 4546/7169/4529 4547/7171/4531
f 4546/7169/4529 4548/7172/4532 4547/7171/4531
f 4546/7169/4529 4549/7173/4533 4548/7172/4532
f 4546/7169/4529 4545/7170/4530 4549/7173/4533
f 4549/7173/4533 4550/7174/4534 4548/7172/4532
f 4549/7173/4533 4551/7175/4535 4550/7174/4534
f 4549/7173/4533 4552/7176/4536 4551/7175/4535
f 4545/7170/4530 4552/7176/4536 4549/7173/4533
f 4552/7176/4536 4553/7177/4537 4551/7175/4535
f 4551/7175/4535 4553/7177/4537 4554/7178/4538
f 4553/7177/4537 4555/7179/4539 4554/7178/4538
f 4554/7178/4538 4555/7179/4539 4556/7180/4540
f 4555/7179/4539 4557/7181/4541 4556/7180/4540
f 4557/7181/4541 4559/7182/4542 4558/7183/4543
f 4556/7180/4540 4557/7181/4541 4558/7183/4543
f 4559/7182/4542 4561/7184/4544 4560/7185/4545
f 4558/7183/4543 4559/7182/4542 4560/7185/4545
f 4560/7185/4545 4561/7184/4544 4563/7186/4546
f 4561/7184/4544 4562/7187/4547 4563/7186/4546
f 4563/7186/4546 4562/7187/4547 4564/7188/4548
f 4564/7188/4548 4565/7189/4549 4563/7186/4546
f 4565/7189/4549 4560/7185/4545 4563/7186/4546
f 4567/7190/4550 4566/7191/4551 4565/7189/4549
f 4565/7189/4549 4566/7191/4551 4560/7185/4545
f 4564/7188/4548 4568/7192/4552 4565/7189/4549
f 4569/7193/4553 4567/7190/4550 4565/7189/4549
f 4568/7192/4552 4569/7193/4553 4565/7189/4549
f 4567/7190/4550 4569/7193/4553 4571/7194/4554
f 4569/7193/4553 4568/7192/4552 4570/7195/4555
f 4571/7194/4554 4569/7193/4553 4570/7195/4555
f 4574/7196/4556 4567/7190/4550 4571/7194/4554
f 4572/7197/4557 4571/7194/4554 4570/7195/4555
f 4572/7197/4557 4573/7198/4558 4571/7194/4554
f 4573/7198/4558 4574/7196/4556 4571/7194/4554
f 4573/7198/4558 4576/7199/4559 4574/7196/4556
f 4574/7196/4556 4575/7200/4560 4567/7190/4550
f 4576/7199/4559 4575/7200/4560 4574/7196/4556
f 4577/7201/4561 4576/7199/4559 4573/7198/4558
f 4572/7197/4557 4577/7201/4561 4573/7198/4558
f 4578/7202/4562 4577/7201/4561 4572/7197/4557
f 4580/7203/4563 4578/7202/4562 4579/7204/4564
f 4579/7204/4564 4578/7202/4562 4572/7197/4557
f 4581/7205/4565 4580/7203/4563 4570/7195/4555
f 4570/7195/4555 4580/7203/4563 4579/7204/4564
f 4582/7206/4566 4581/7205/4565 4568/7192/4552
f 4568/7192/4552 4581/7205/4565 4570/7195/4555
f 4562/7187/4547 4582/7206/4566 4564/7188/4548
f 4564/7188/4548 4582/7206/4566 4568/7192/4552
f 4579/7204/4564 4572/7197/4557 4570/7195/4555
f 4575/7200/4560 4583/7207/4567 4567/7190/4550
f 4583/7207/4567 4584/7208/4568 4585/7209/4569
f 4567/7190/4550 4583/7207/4567 4585/7209/4569
f 4567/7190/4550 4585/7209/4569 4566/7191/4551
f 4585/7209/4569 4586/7210/4570 4566/7191/4551
f 4586/7210/4570 4585/7209/4569 4587/7211/4571
f 4585/7209/4569 4588/7212/4572 4587/7211/4571
f 4588/7212/4572 4585/7209/4569 4589/7213/4573
f 4585/7209/4569 4584/7208/4568 4589/7213/4573
f 4589/7213/4573 4593/7214/4574 4590/7215/4575
f 4590/7215/4575 4591/7216/4576 4589/7213/4573
f 4592/7217/4577 4588/7212/4572 4589/7213/4573
f 4591/7216/4576 4592/7217/4577 4589/7213/4573
f 4584/7208/4568 4593/7214/4574 4589/7213/4573
f 4593/7214/4574 4594/7218/4578 4590/7215/4575
f 4590/7215/4575 4594/7218/4578 4591/7216/4576
f 4594/7218/4578 4595/7219/4579 4591/7216/4576
f 4591/7216/4576 4595/7219/4579 4596/7220/4580
f 4595/7219/4579 4597/7221/4581 4596/7220/4580
f 4596/7220/4580 4597/7221/4581 4598/7222/4582
f 4597/7221/4581 4599/7223/4583 4598/7222/4582
f 4598/7222/4582 4599/7223/4583 4600/7224/4584
f 4599/7223/4583 4601/7225/4585 4600/7224/4584
f 4601/7225/4585 4603/7226/4586 4602/7227/4587
f 4600/7224/4584 4601/7225/4585 4602/7227/4587
f 4602/7227/4587 4603/7226/4586 4604/7228/4588
f 4603/7226/4586 4605/7229/4589 4604/7228/4588
f 4605/7229/4589 4606/7230/4590 4607/7231/4591
f 4604/7228/4588 4605/7229/4589 4607/7231/4591
f 4607/7231/4591 4608/7232/4592 4604/7228/4588
f 4607/7231/4591 4606/7230/4590 4608/7232/4592
f 4608/7232/4592 4609/7233/4593 4604/7228/4588
f 4608/7232/4592 4610/7234/4594 4609/7233/4593
f 4608/7232/4592 4611/7235/4595 4610/7234/4594
f 4606/7230/4590 4611/7235/4595 4608/7232/4592
f 4611/7235/4595 4612/7236/4596 4610/7234/4594
f 4612/7236/4596 4614/7237/4597 4613/7238/4598
f 4610/7234/4594 4612/7236/4596 4613/7238/4598
f 4613/7238/4598 4614/7237/4597 4616/7239/4599
f 4614/7237/4597 4615/7240/4600 4616/7239/4599
f 4616/7239/4599 4615/7240/4600 4617/7241/4601
f 4617/7241/4601 4618/7242/4602 4616/7239/4599
f 4618/7242/4602 4547/7171/4531 4616/7239/4599
f 4616/7239/4599 4547/7171/4531 4619/7243/4603
f 4616/7239/4599 4619/7243/4603 4609/7233/4593
f 4613/7238/4598 4616/7239/4599 4609/7233/4593
f 4550/7174/4534 4602/7227/4587 4619/7243/4603
f 4548/7172/4532 4550/7174/4534 4619/7243/4603
f 4619/7243/4603 4602/7227/4587 4604/7228/4588
f 4609/7233/4593 4619/7243/4603 4604/7228/4588
f 4547/7171/4531 4548/7172/4532 4619/7243/4603
f 4541/7166/4526 4543/7167/4527 4618/7242/4602
f 4541/7166/4526 4618/7242/4602 4620/7244/4604
f 4620/7244/4604 4618/7242/4602 4621/7245/4605
f 4543/7167/4527 4547/7171/4531 4618/7242/4602
f 4618/7242/4602 4617/7241/4601 4621/7245/4605
f 4623/7246/4606 4620/7244/4604 4621/7245/4605
f 4621/7245/4605 4617/7241/4601 4622/7247/4607
f 4624/7248/4608 4621/7245/4605 4622/7247/4607
f 4624/7248/4608 4623/7246/4606 4621/7245/4605
f 4629/7249/4609 4623/7246/4606 4624/7248/4608
f 4624/7248/4608 4628/7250/4610 4625/7251/4611
f 4625/7251/4611 4629/7249/4609 4624/7248/4608
f 4626/7252/4612 4624/7248/4608 4622/7247/4607
f 4626/7252/4612 4627/7253/4613 4624/7248/4608
f 4627/7253/4613 4628/7250/4610 4624/7248/4608
f 4532/7157/4517 4537/7162/4522 4629/7249/4609
f 4532/7157/4517 4629/7249/4609 4531/7156/4516
f 4531/7156/4516 4629/7249/4609 4630/7254/4614
f 4537/7162/4522 4623/7246/4606 4629/7249/4609
f 4629/7249/4609 4625/7251/4611 4630/7254/4614
f 4531/7156/4516 4630/7254/4614 4632/7255/4615
f 4631/7256/4616 4630/7254/4614 4625/7251/4611
f 4631/7256/4616 4633/7257/4617 4630/7254/4614
f 4633/7257/4617 4632/7255/4615 4630/7254/4614
f 4633/7257/4617 4634/7258/4618 4632/7255/4615
f 4635/7259/4619 4634/7258/4618 4633/7257/4617
f 4631/7256/4616 4635/7259/4619 4633/7257/4617
f 4636/7260/4620 4635/7259/4619 4631/7256/4616
f 4638/7261/4621 4636/7260/4620 4637/7262/4622
f 4637/7262/4622 4636/7260/4620 4631/7256/4616
f 4625/7251/4611 4638/7261/4621 4637/7262/4622
f 4628/7250/4610 4638/7261/4621 4625/7251/4611
f 4637/7262/4622 4631/7256/4616 4625/7251/4611
f 4634/7258/4618 4639/7263/4623 4632/7255/4615
f 4639/7263/4623 4640/7264/4624 4641/7265/4625
f 4632/7255/4615 4639/7263/4623 4641/7265/4625
f 4641/7265/4625 4640/7264/4624 4533/7154/4514
f 4641/7265/4625 4533/7154/4514 4531/7156/4516
f 4641/7265/4625 4531/7156/4516 4632/7255/4615
f 4640/7264/4624 4534/7159/4519 4533/7154/4514
f 4642/7266/4626 4627/7253/4613 4626/7252/4612
f 4643/7267/4627 4642/7266/4626 4644/7268/4628
f 4644/7268/4628 4642/7266/4626 4626/7252/4612
f 4644/7268/4628 4626/7252/4612 4645/7269/4629
f 4645/7269/4629 4643/7267/4627 4644/7268/4628
f 4626/7252/4612 4622/7247/4607 4645/7269/4629
f 4646/7270/4630 4645/7269/4629 4622/7247/4607
f 4646/7270/4630 4647/7271/4631 4645/7269/4629
f 4647/7271/4631 4643/7267/4627 4645/7269/4629
f 4648/7272/4632 4647/7271/4631 4646/7270/4630
f 4650/7273/4633 4648/7272/4632 4649/7274/4634
f 4649/7274/4634 4648/7272/4632 4646/7270/4630
f 4615/7240/4600 4650/7273/4633 4617/7241/4601
f 4617/7241/4601 4650/7273/4633 4649/7274/4634
f 4617/7241/4601 4649/7274/4634 4622/7247/4607
f 4649/7274/4634 4646/7270/4630 4622/7247/4607
f 4539/7163/4523 4620/7244/4604 4623/7246/4606
f 4537/7162/4522 4539/7163/4523 4623/7246/4606
f 4539/7163/4523 4541/7166/4526 4620/7244/4604
f 4610/7234/4594 4613/7238/4598 4609/7233/4593
f 4600/7224/4584 4602/7227/4587 4550/7174/4534
f 4651/7275/4635 4600/7224/4584 4550/7174/4534
f 4600/7224/4584 4651/7275/4635 4587/7211/4571
f 4588/7212/4572 4600/7224/4584 4587/7211/4571
f 4600/7224/4584 4588/7212/4572 4592/7217/4577
f 4598/7222/4582 4600/7224/4584 4592/7217/4577
f 4651/7275/4635 4551/7175/4535 4554/7178/4538
f 4551/7175/4535 4651/7275/4635 4550/7174/4534
f 4587/7211/4571 4651/7275/4635 4554/7178/4538
f 4596/7220/4580 4598/7222/4582 4592/7217/4577
f 4591/7216/4576 4596/7220/4580 4592/7217/4577
f 4586/7210/4570 4587/7211/4571 4556/7180/4540
f 4587/7211/4571 4554/7178/4538 4556/7180/4540
f 4566/7191/4551 4586/7210/4570 4558/7183/4543
f 4586/7210/4570 4556/7180/4540 4558/7183/4543
f 4566/7191/4551 4558/7183/4543 4560/7185/4545
f 4652/7276/4636 4653/7277/4637 4658/7278/4638
f 4652/7279/4636 4654/7280/4639 4653/7281/4637
f 4654/7280/4639 4652/7279/4636 4655/7282/4640
f 4652/7279/4636 4656/7283/4641 4655/7282/4640
f 4656/7284/4641 4652/7276/4636 4657/7285/4642
f 4657/7285/4642 4652/7276/4636 4658/7278/4638
f 4659/7286/4643 4661/7287/4644 4658/7278/4638
f 4659/7286/4643 4658/7278/4638 4660/7288/4645
f 4658/7278/4638 4653/7277/4637 4660/7288/4645
f 4661/7287/4644 4657/7285/4642 4658/7278/4638
f 4661/7287/4644 4664/7289/4646 4657/7285/4642
f 4662/7290/4647 4663/7291/4648 4661/7287/4644
f 4659/7286/4643 4662/7290/4647 4661/7287/4644
f 4661/7287/4644 4663/7291/4648 4664/7289/4646
f 4664/7289/4646 4667/7292/4649 4665/7293/4650
f 4664/7289/4646 4665/7293/4650 4666/7294/4651
f 4664/7289/4646 4666/7294/4651 4657/7285/4642
f 4663/7291/4648 4667/7292/4649 4664/7289/4646
f 4667/7292/4649 4668/7295/4652 4665/7293/4650
f 4668/7295/4652 4669/7296/4653 4670/7297/4654
f 4665/7293/4650 4668/7295/4652 4670/7297/4654
f 4670/7297/4654 4669/7296/4653 4671/7298/4655
f 4670/7297/4654 4671/7298/4655 4672/7299/4656
f 4670/7297/4654 4672/7299/4656 4673/7300/4657
f 4665/7293/4650 4670/7297/4654 4673/7300/4657
f 4672/7299/4656 4675/7301/4658 4673/7300/4657
f 4665/7293/4650 4673/7300/4657 4666/7294/4651
f 4675/7301/4658 4674/7302/4659 4673/7300/4657
f 4673/7300/4657 4674/7302/4659 4666/7294/4651
f 4676/7303/4660 4679/7304/4660 4675/7305/4658
f 4677/7306/4661 4676/7303/4660 4675/7305/4658
f 4677/7307/4661 4675/7301/4658 4672/7299/4656
f 4679/7304/4660 4678/7308/4662 4675/7305/4658
f 4678/7308/4662 4674/7309/4659 4675/7305/4658
f 4679/7304/4660 4676/7303/4660 4680/7310/4663
f 4678/7308/4662 4679/7304/4660 4680/7310/4663
f 4676/7303/4660 4681/7311/4640 4680/7310/4663
f 4681/7311/4640 4683/7312/4639 4680/7310/4663
f 4684/7313/4639 4682/7314/4640 4680/7310/4663
f 4682/7314/4640 4685/7315/4664 4680/7310/4663
f 4683/7312/4639 4684/7313/4639 4680/7310/4663
f 4685/7315/4664 4678/7308/4662 4680/7310/4663
f 4655/7282/4640 4678/7308/4662 4685/7315/4664
f 4685/7315/4664 4682/7314/4640 4686/7316/4640
f 4686/7316/4640 4655/7282/4640 4685/7315/4664
f 4687/7317/4664 4686/7316/4640 4688/7318/4664
f 4687/7317/4664 4654/7280/4639 4686/7316/4640
f 4654/7280/4639 4655/7282/4640 4686/7316/4640
f 4682/7314/4640 4688/7318/4664 4686/7316/4640
f 4689/7319/4665 4687/7317/4664 4688/7318/4664
f 4689/7319/4665 4688/7318/4664 4690/7320/4664
f 4691/7321/4666 4690/7320/4664 4688/7318/4664
f 4682/7314/4640 4691/7321/4666 4688/7318/4664
f 4691/7321/4666 4682/7314/4640 4684/7313/4639
f 4692/7322/4667 4691/7321/4666 4684/7313/4639
f 4692/7322/4667 4694/7323/4668 4691/7321/4666
f 4694/7323/4668 4693/7324/4664 4691/7321/4666
f 4691/7321/4666 4693/7324/4664 4690/7320/4664
f 4695/7325/4669 4694/7323/4668 4692/7322/4667
f 4694/7323/4668 4695/7325/4669 4696/7326/4670
f 4697/7327/4671 4694/7323/4668 4696/7326/4670
f 4693/7324/4664 4694/7323/4668 4697/7327/4671
f 4697/7328/4671 4696/7329/4670 4699/7330/4672
f 4698/7331/4673 4693/7324/4664 4697/7327/4671
f 4698/7332/4673 4697/7328/4671 4699/7330/4672
f 4700/7333/4674 4698/7332/4673 4699/7330/4672
f 4700/7333/4674 4699/7330/4672 4701/7334/4675
f 4702/7335/4676 4701/7334/4675 4699/7330/4672
f 4703/7336/4677 4702/7335/4676 4699/7330/4672
f 4696/7329/4670 4703/7336/4677 4699/7330/4672
f 4696/7329/4670 4704/7337/4678 4703/7336/4677
f 4704/7337/4678 4706/7338/4679 4703/7336/4677
f 4705/7339/4680 4702/7335/4676 4703/7336/4677
f 4706/7338/4679 4705/7339/4680 4703/7336/4677
f 4704/7337/4678 4707/7340/4681 4706/7338/4679
f 4707/7340/4681 4709/7341/4682 4706/7338/4679
f 4708/7342/4683 4705/7339/4680 4706/7338/4679
f 4709/7341/4682 4708/7342/4683 4706/7338/4679
f 4710/7343/4684 4708/7342/4683 4709/7341/4682
f 4711/7344/4685 4710/7343/4684 4709/7341/4682
f 4712/7345/4686 4711/7344/4685 4709/7341/4682
f 4707/7340/4681 4712/7345/4686 4709/7341/4682
f 4713/7346/4669 4712/7347/4686 4707/7348/4681
f 4713/7346/4669 4714/7349/4669 4712/7347/4686
f 4714/7349/4669 4715/7350/4687 4712/7347/4686
f 4712/7345/4686 4715/7351/4687 4711/7344/4685
f 4714/7349/4669 4716/7352/4688 4715/7350/4687
f 4716/7352/4688 4717/7353/4689 4715/7350/4687
f 4715/7351/4687 4717/7354/4689 4718/7355/4690
f 4719/7356/4691 4715/7351/4687 4718/7355/4690
f 4715/7351/4687 4719/7356/4691 4711/7344/4685
f 4719/7356/4691 4720/7357/4692 4711/7344/4685
f 4720/7357/4692 4719/7356/4691 4718/7355/4690
f 4720/7357/4692 4722/7358/4693 4710/7343/4684
f 4720/7357/4692 4710/7343/4684 4711/7344/4685
f 4721/7359/4694 4720/7357/4692 4718/7355/4690
f 4721/7359/4694 4723/7360/4695 4720/7357/4692
f 4723/7360/4695 4722/7358/4693 4720/7357/4692
f 4724/7361/4696 4723/7360/4695 4721/7359/4694
f 4669/7296/4653 4724/7361/4696 4671/7298/4655
f 4671/7298/4655 4724/7361/4696 4721/7359/4694
f 4722/7358/4693 4725/7362/4697 4710/7343/4684
f 4710/7343/4684 4725/7362/4697 4708/7342/4683
f 4725/7362/4697 4726/7363/4698 4708/7342/4683
f 4708/7342/4683 4726/7363/4698 4705/7339/4680
f 4726/7363/4698 4727/7364/4699 4705/7339/4680
f 4727/7364/4699 4728/7365/4700 4702/7335/4676
f 4705/7339/4680 4727/7364/4699 4702/7335/4676
f 4728/7365/4700 4729/7366/4701 4701/7334/4675
f 4702/7335/4676 4728/7365/4700 4701/7334/4675
f 4729/7366/4701 4731/7367/4702 4730/7368/4703
f 4701/7334/4675 4729/7366/4701 4730/7368/4703
f 4730/7368/4703 4731/7367/4702 4732/7369/4704
f 4731/7367/4702 4733/7370/4705 4732/7369/4704
f 4733/7370/4705 4735/7371/4706 4734/7372/4707
f 4732/7369/4704 4733/7370/4705 4734/7372/4707
f 4735/7371/4706 4737/7373/4708 4736/7374/4709
f 4734/7372/4707 4735/7371/4706 4736/7374/4709
f 4736/7375/4709 4737/7376/4708 4738/7377/4710
f 4737/7376/4708 4739/7378/4711 4738/7377/4710
f 4738/7377/4710 4739/7378/4711 4741/7379/4712
f 4739/7378/4711 4740/7380/4713 4741/7379/4712
f 4741/7379/4712 4740/7380/4713 4742/7381/4714
f 4741/7379/4712 4742/7381/4714 4743/7382/4715
f 4738/7377/4710 4741/7379/4712 4743/7382/4715
f 4744/7383/4716 4745/7384/4717 4743/7382/4715
f 4660/7288/4645 4744/7383/4716 4743/7382/4715
f 4745/7384/4717 4746/7385/4718 4743/7382/4715
f 4742/7381/4714 4660/7288/4645 4743/7382/4715
f 4746/7385/4718 4747/7386/4719 4743/7382/4715
f 4747/7386/4719 4738/7377/4710 4743/7382/4715
f 4736/7375/4709 4738/7377/4710 4747/7386/4719
f 4748/7387/4720 4736/7375/4709 4747/7386/4719
f 4749/7388/4721 4748/7387/4720 4747/7386/4719
f 4746/7385/4718 4749/7388/4721 4747/7386/4719
f 4749/7389/4721 4752/7390/4722 4750/7391/4723
f 4751/7392/4724 4749/7389/4721 4750/7391/4723
f 4749/7393/4721 4751/7394/4724 4753/7395/4725
f 4752/7390/4722 4749/7389/4721 4746/7396/4718
f 4748/7397/4720 4749/7393/4721 4753/7395/4725
f 4753/7395/4725 4751/7394/4724 4754/7398/4726
f 4736/7374/4709 4748/7397/4720 4753/7395/4725
f 4734/7372/4707 4736/7374/4709 4753/7395/4725
f 4734/7372/4707 4753/7395/4725 4732/7369/4704
f 4753/7395/4725 4754/7398/4726 4732/7369/4704
f 4751/7394/4724 4755/7399/4727 4754/7398/4726
f 4754/7398/4726 4755/7399/4727 4700/7333/4674
f 4732/7369/4704 4754/7398/4726 4730/7368/4703
f 4754/7398/4726 4700/7333/4674 4730/7368/4703
f 4750/7391/4723 4756/7400/4662 4755/7401/4727
f 4751/7392/4724 4750/7391/4723 4755/7401/4727
f 4755/7401/4727 4756/7400/4662 4698/7331/4673
f 4755/7399/4727 4698/7332/4673 4700/7333/4674
f 4750/7391/4723 4757/7402/4668 4756/7400/4662
f 4756/7400/4662 4693/7324/4664 4698/7331/4673
f 4693/7324/4664 4756/7400/4662 4690/7320/4664
f 4757/7402/4668 4690/7320/4664 4756/7400/4662
f 4689/7319/4665 4757/7402/4668 4758/7403/4728
f 4757/7402/4668 4759/7404/4729 4758/7403/4728
f 4757/7402/4668 4689/7319/4665 4690/7320/4664
f 4757/7402/4668 4750/7391/4723 4759/7404/4729
f 4758/7403/4728 4759/7404/4729 4746/7396/4718
f 4759/7404/4729 4752/7390/4722 4746/7396/4718
f 4750/7391/4723 4752/7390/4722 4759/7404/4729
f 4745/7405/4717 4758/7403/4728 4746/7396/4718
f 4758/7403/4728 4745/7405/4717 4760/7406/4728
f 4687/7317/4664 4689/7319/4665 4758/7403/4728
f 4760/7406/4728 4687/7317/4664 4758/7403/4728
f 4687/7317/4664 4760/7406/4728 4761/7407/4722
f 4760/7406/4728 4744/7408/4716 4761/7407/4722
f 4745/7405/4717 4744/7408/4716 4760/7406/4728
f 4654/7280/4639 4687/7317/4664 4761/7407/4722
f 4654/7280/4639 4761/7407/4722 4653/7281/4637
f 4744/7408/4716 4653/7281/4637 4761/7407/4722
f 4653/7277/4637 4744/7383/4716 4660/7288/4645
f 4742/7381/4714 4659/7286/4643 4660/7288/4645
f 4742/7381/4714 4762/7409/4730 4659/7286/4643
f 4740/7380/4713 4762/7409/4730 4742/7381/4714
f 4762/7409/4730 4662/7290/4647 4659/7286/4643
f 4730/7368/4703 4700/7333/4674 4701/7334/4675
f 4721/7359/4694 4718/7355/4690 4763/7410/4731
f 4671/7298/4655 4721/7359/4694 4763/7410/4731
f 4671/7298/4655 4763/7410/4731 4672/7299/4656
f 4763/7410/4731 4677/7307/4661 4672/7299/4656
f 4717/7354/4689 4677/7307/4661 4763/7410/4731
f 4718/7355/4690 4717/7354/4689 4763/7410/4731
f 4677/7306/4661 4717/7353/4689 4716/7352/4688
f 4716/7352/4688 4714/7349/4669 4676/7303/4660
f 4676/7303/4660 4677/7306/4661 4716/7352/4688
f 4714/7349/4669 4681/7311/4640 4676/7303/4660
f 4714/7349/4669 4713/7346/4669 4681/7311/4640
f 4764/7411/4732 4713/7346/4669 4707/7348/4681
f 4713/7346/4669 4764/7411/4732 4683/7312/4639
f 4713/7346/4669 4683/7312/4639 4681/7311/4640
f 4764/7411/4732 4765/7412/4639 4695/7325/4669
f 4765/7412/4639 4764/7411/4732 4707/7348/4681
f 4766/7413/4733 4764/7411/4732 4695/7325/4669
f 4764/7411/4732 4766/7413/4733 4683/7312/4639
f 4766/7413/4733 4695/7325/4669 4692/7322/4667
f 4683/7312/4639 4766/7413/4733 4684/7313/4639
f 4766/7413/4733 4692/7322/4667 4684/7313/4639
f 4695/7325/4669 4765/7412/4639 4704/7414/4678
f 4704/7414/4678 4765/7412/4639 4707/7348/4681
f 4696/7326/4670 4695/7325/4669 4704/7414/4678
f 4656/7283/4641 4674/7309/4659 4678/7308/4662
f 4655/7282/4640 4656/7283/4641 4678/7308/4662
f 4674/7302/4659 4656/7284/4641 4666/7294/4651
f 4666/7294/4651 4656/7284/4641 4657/7285/4642
f 4767/7415/4734 4768/7416/4735 4771/7417/4736
f 4767/7415/4734 4769/7418/4737 4768/7416/4735
f 4767/7415/4734 4772/7419/4738 4769/7418/4737
f 4770/7420/4739 4773/7421/4740 4767/7415/4734
f 4770/7420/4739 4767/7415/4734 4771/7417/4736
f 4773/7421/4740 4772/7419/4738 4767/7415/4734
f 4774/7422/4741 4773/7421/4740 4770/7420/4739
f 4776/7423/4742 4774/7424/4741 4775/7425/4743
f 4775/7426/4743 4774/7422/4741 4770/7420/4739
f 4778/7427/4744 4776/7423/4742 4775/7425/4743
f 4777/7428/4745 4776/7423/4742 4778/7427/4744
f 4778/7427/4744 4775/7425/4743 4779/7429/4746
f 4780/7430/4747 4778/7427/4744 4779/7429/4746
f 4778/7427/4744 4780/7430/4747 4782/7431/4748
f 4781/7432/4749 4777/7428/4745 4778/7427/4744
f 4781/7432/4749 4778/7427/4744 4782/7431/4748
f 4780/7433/4747 4784/7434/4750 4782/7435/4748
f 4781/7432/4749 4782/7431/4748 4783/7436/4751
f 4784/7434/4750 4783/7437/4751 4782/7435/4748
f 4784/7434/4750 4780/7433/4747 4785/7438/4752
f 4784/7434/4750 4785/7438/4752 4786/7439/4753
f 4787/7440/4754 4784/7434/4750 4786/7439/4753
f 4783/7437/4751 4784/7434/4750 4787/7440/4754
f 4789/7441/4755 4787/7440/4754 4786/7439/4753
f 4788/7442/4756 4787/7440/4754 4789/7441/4755
f 4788/7442/4756 4783/7437/4751 4787/7440/4754
f 4790/7443/4757 4789/7441/4755 4786/7439/4753
f 4792/7444/4758 4788/7442/4756 4789/7441/4755
f 4789/7441/4755 4790/7443/4757 4791/7445/4755
f 4789/7441/4755 4791/7445/4755 4793/7446/4759
f 4792/7444/4758 4789/7441/4755 4793/7446/4759
f 4793/7447/4759 4794/7448/4760 4792/7449/4758
f 4794/7448/4760 4793/7447/4759 4795/7450/4761
f 4793/7447/4759 4796/7451/4762 4795/7450/4761
f 4796/7452/4762 4793/7446/4759 4791/7445/4755
f 4795/7450/4761 4796/7451/4762 4797/7453/4763
f 4797/7454/4763 4796/7452/4762 4791/7445/4755
f 4798/7455/4764 4797/7453/4763 4799/7456/4765
f 4798/7455/4764 4795/7450/4761 4797/7453/4763
f 4800/7457/4766 4799/7458/4765 4797/7454/4763
f 4791/7445/4755 4800/7457/4766 4797/7454/4763
f 4790/7443/4757 4800/7457/4766 4791/7445/4755
f 4800/7457/4766 4790/7443/4757 4801/7459/4767
f 4800/7457/4766 4802/7460/4768 4799/7458/4765
f 4802/7460/4768 4800/7457/4766 4801/7459/4767
f 4805/7461/4769 4802/7460/4768 4803/7462/4770
f 4804/7463/4771 4803/7462/4770 4802/7460/4768
f 4801/7459/4767 4804/7463/4771 4802/7460/4768
f 4802/7460/4768 4805/7461/4769 4799/7458/4765
f 4807/7464/4772 4806/7465/4773 4805/7466/4769
f 4806/7465/4773 4799/7456/4765 4805/7466/4769
f 4807/7464/4772 4805/7466/4769 4808/7467/4774
f 4808/7468/4774 4805/7461/4769 4803/7462/4770
f 4809/7469/4775 4808/7467/4774 4803/7470/4770
f 4809/7469/4775 4807/7464/4772 4808/7467/4774
f 4809/7469/4775 4812/7471/4776 4807/7464/4772
f 4810/7472/4777 4809/7469/4775 4803/7470/4770
f 4810/7472/4777 4811/7473/4778 4809/7469/4775
f 4811/7473/4778 4812/7471/4776 4809/7469/4775
f 4812/7471/4776 4813/7474/4779 4807/7464/4772
f 4813/7474/4779 4814/7475/4780 4806/7465/4773
f 4807/7464/4772 4813/7474/4779 4806/7465/4773
f 4814/7475/4780 4815/7476/4781 4798/7455/4764
f 4806/7465/4773 4814/7475/4780 4798/7455/4764
f 4798/7455/4764 4815/7476/4781 4795/7450/4761
f 4815/7476/4781 4816/7477/4782 4795/7450/4761
f 4795/7450/4761 4816/7477/4782 4794/7448/4760
f 4816/7477/4782 4817/7478/4783 4794/7448/4760
f 4794/7448/4760 4817/7478/4783 4818/7479/4784
f 4817/7478/4783 4819/7480/4785 4818/7479/4784
f 4819/7480/4785 4821/7481/4786 4820/7482/4787
f 4818/7479/4784 4819/7480/4785 4820/7482/4787
f 4820/7482/4787 4821/7481/4786 4823/7483/4788
f 4821/7481/4786 4822/7484/4789 4823/7483/4788
f 4823/7483/4788 4822/7484/4789 4781/7432/4749
f 4823/7483/4788 4781/7432/4749 4783/7436/4751
f 4823/7483/4788 4783/7436/4751 4820/7482/4787
f 4822/7484/4789 4777/7428/4745 4781/7432/4749
f 4820/7482/4787 4788/7485/4756 4818/7479/4784
f 4783/7436/4751 4788/7485/4756 4820/7482/4787
f 4788/7485/4756 4792/7449/4758 4818/7479/4784
f 4794/7448/4760 4818/7479/4784 4792/7449/4758
f 4824/7486/4790 4811/7473/4778 4810/7472/4777
f 4825/7487/4791 4824/7486/4790 4810/7472/4777
f 4826/7488/4792 4824/7486/4790 4825/7487/4791
f 4827/7489/4793 4826/7488/4792 4825/7487/4791
f 4828/7490/4794 4826/7488/4792 4827/7489/4793
f 4830/7491/4795 4828/7490/4794 4827/7489/4793
f 4829/7492/4796 4828/7490/4794 4830/7491/4795
f 4831/7493/4797 4830/7491/4795 4827/7489/4793
f 4830/7491/4795 4831/7493/4797 4833/7494/4798
f 4832/7495/4799 4829/7492/4796 4830/7491/4795
f 4832/7495/4799 4830/7491/4795 4833/7494/4798
f 4832/7495/4799 4833/7494/4798 4834/7496/4800
f 4834/7497/4800 4833/7498/4798 4831/7499/4797
f 4769/7418/4737 4832/7495/4799 4834/7496/4800
f 4769/7418/4737 4834/7496/4800 4768/7416/4735
f 4834/7497/4800 4835/7500/4801 4768/7501/4735
f 4835/7500/4801 4834/7497/4800 4831/7499/4797
f 4785/7438/4752 4779/7502/4746 4835/7500/4801
f 4779/7502/4746 4771/7503/4736 4835/7500/4801
f 4835/7500/4801 4836/7504/4752 4785/7438/4752
f 4835/7500/4801 4831/7499/4797 4836/7504/4752
f 4835/7500/4801 4771/7503/4736 4768/7501/4735
f 4836/7504/4752 4786/7439/4753 4785/7438/4752
f 4836/7504/4752 4837/7505/4802 4801/7459/4767
f 4831/7499/4797 4837/7505/4802 4836/7504/4752
f 4836/7504/4752 4801/7459/4767 4790/7443/4757
f 4786/7439/4753 4836/7504/4752 4790/7443/4757
f 4837/7505/4802 4804/7463/4771 4801/7459/4767
f 4804/7506/4771 4837/7507/4802 4825/7487/4791
f 4837/7507/4802 4827/7489/4793 4825/7487/4791
f 4837/7507/4802 4831/7493/4797 4827/7489/4793
f 4838/7508/4803 4829/7492/4796 4832/7495/4799
f 4769/7418/4737 4838/7508/4803 4832/7495/4799
f 4772/7419/4738 4838/7508/4803 4769/7418/4737
f 4804/7506/4771 4825/7487/4791 4810/7472/4777
f 4803/7470/4770 4804/7506/4771 4810/7472/4777
f 4806/7465/4773 4798/7455/4764 4799/7456/4765
f 4780/7433/4747 4779/7502/4746 4785/7438/4752
f 4779/7509/4746 4775/7426/4743 4771/7417/4736
f 4775/7426/4743 4770/7420/4739 4771/7417/4736
f 4842/7510/4804 4839/7511/4805 4840/7512/4806
f 4839/7513/4805 4841/7514/4807 4840/7515/4806
f 4843/7516/4808 4841/7517/4807 4839/7518/4805
f 4842/7519/4804 4843/7516/4808 4839/7518/4805
f 4843/7516/4808 4845/7520/4809 4841/7517/4807
f 4844/7521/4810 4845/7520/4809 4843/7516/4808
f 4842/7519/4804 4844/7521/4810 4843/7516/4808
f 4845/7520/4809 4846/7522/4811 4841/7517/4807
f 4845/7520/4809 4849/7523/4812 4846/7522/4811
f 4844/7521/4810 4847/7524/4813 4845/7520/4809
f 4847/7524/4813 4848/7525/4814 4845/7520/4809
f 4849/7523/4812 4845/7520/4809 4848/7525/4814
f 4849/7523/4812 4850/7526/4815 4846/7522/4811
f 4851/7527/4816 4849/7523/4812 4848/7525/4814
f 4849/7523/4812 4852/7528/4817 4850/7526/4815
f 4849/7523/4812 4851/7527/4816 4852/7528/4817
f 4852/7528/4817 4855/7529/4818 4853/7530/4819
f 4852/7528/4817 4853/7530/4819 4850/7526/4815
f 4855/7529/4818 4852/7528/4817 4854/7531/4820
f 4851/7527/4816 4854/7531/4820 4852/7528/4817
f 4855/7529/4818 4856/7532/4821 4853/7530/4819
f 4857/7533/4822 4855/7529/4818 4854/7531/4820
f 4855/7529/4818 4859/7534/4823 4856/7532/4821
f 4858/7535/4824 4855/7529/4818 4857/7533/4822
f 4855/7529/4818 4858/7535/4824 4860/7536/4825
f 4859/7534/4823 4855/7529/4818 4860/7536/4825
f 4860/7537/4825 4858/7538/4824 4861/7539/4826
f 4860/7536/4825 4861/7540/4826 4862/7541/4827
f 4859/7534/4823 4860/7536/4825 4862/7541/4827
f 4859/7534/4823 4862/7541/4827 4856/7532/4821
f 4862/7542/4827 4861/7543/4826 4856/7544/4821
f 4858/7538/4824 4863/7545/4828 4861/7539/4826
f 4861/7543/4826 4863/7546/4828 4856/7544/4821
f 4865/7547/4829 4864/7548/4830 4863/7545/4828
f 4864/7549/4830 4866/7550/4831 4863/7546/4828
f 4858/7538/4824 4865/7547/4829 4863/7545/4828
f 4866/7550/4831 4856/7544/4821 4863/7546/4828
f 4867/7551/4832 4866/7550/4831 4869/7552/4833
f 4866/7550/4831 4867/7551/4832 4856/7544/4821
f 4864/7549/4830 4868/7553/4834 4866/7550/4831
f 4868/7553/4834 4869/7552/4833 4866/7550/4831
f 4872/7554/4835 4869/7552/4833 4868/7553/4834
f 4870/7555/4836 4867/7551/4832 4869/7552/4833
f 4871/7556/4837 4870/7555/4836 4869/7552/4833
f 4872/7554/4835 4871/7556/4837 4869/7552/4833
f 4875/7557/4838 4872/7554/4835 4868/7553/4834
f 4873/7558/4839 4871/7559/4837 4872/7560/4835
f 4874/7561/4840 4873/7558/4839 4872/7560/4835
f 4874/7561/4840 4872/7560/4835 4876/7562/4841
f 4876/7563/4841 4872/7554/4835 4875/7557/4838
f 4878/7564/4842 4876/7562/4841 4877/7565/4843
f 4877/7566/4843 4876/7563/4841 4875/7557/4838
f 4878/7564/4842 4874/7561/4840 4876/7562/4841
f 4879/7567/4844 4878/7564/4842 4877/7565/4843
f 4879/7567/4844 4880/7568/4845 4878/7564/4842
f 4880/7568/4845 4874/7561/4840 4878/7564/4842
f 4880/7569/4845 4875/7570/4838 4868/7571/4834
f 4881/7572/4846 4880/7569/4845 4868/7571/4834
f 4880/7568/4845 4881/7573/4846 4874/7561/4840
f 4880/7569/4845 4879/7574/4844 4875/7570/4838
f 4881/7572/4846 4868/7571/4834 4864/7548/4830
f 4865/7547/4829 4881/7572/4846 4864/7548/4830
f 4881/7573/4846 4882/7575/4847 4874/7561/4840
f 4857/7533/4822 4882/7575/4847 4881/7573/4846
f 4865/7576/4829 4857/7533/4822 4881/7573/4846
f 4883/7577/4848 4882/7575/4847 4854/7531/4820
f 4882/7575/4847 4857/7533/4822 4854/7531/4820
f 4882/7575/4847 4883/7577/4848 4873/7558/4839
f 4874/7561/4840 4882/7575/4847 4873/7558/4839
f 4883/7577/4848 4854/7531/4820 4851/7527/4816
f 4883/7577/4848 4884/7578/4849 4885/7579/4850
f 4884/7578/4849 4883/7577/4848 4851/7527/4816
f 4873/7558/4839 4883/7577/4848 4885/7579/4850
f 4885/7579/4850 4886/7580/4851 4871/7559/4837
f 4885/7579/4850 4887/7581/4852 4886/7580/4851
f 4873/7558/4839 4885/7579/4850 4871/7559/4837
f 4887/7581/4852 4885/7579/4850 4884/7578/4849
f 4887/7581/4852 4888/7582/4853 4890/7583/4854
f 4888/7582/4853 4887/7581/4852 4884/7578/4849
f 4887/7581/4852 4891/7584/4855 4889/7585/4856
f 4887/7581/4852 4889/7585/4856 4886/7580/4851
f 4887/7581/4852 4890/7583/4854 4892/7586/4857
f 4891/7584/4855 4887/7581/4852 4892/7586/4857
f 4892/7586/4857 4894/7587/4858 4893/7588/4859
f 4891/7584/4855 4892/7586/4857 4893/7588/4859
f 4892/7589/4857 4890/7590/4854 4894/7591/4858
f 4893/7592/4859 4894/7593/4858 4889/7594/4856
f 4894/7593/4858 4895/7595/4860 4889/7594/4856
f 4890/7590/4854 4895/7596/4860 4894/7591/4858
f 4889/7594/4856 4895/7595/4860 4896/7597/4861
f 4895/7595/4860 4897/7598/4862 4896/7597/4861
f 4898/7599/4863 4897/7600/4862 4895/7596/4860
f 4890/7590/4854 4898/7599/4863 4895/7596/4860
f 4888/7582/4853 4898/7601/4863 4890/7583/4854
f 4898/7601/4863 4888/7582/4853 4847/7524/4813
f 4898/7599/4863 4847/7602/4813 4897/7600/4862
f 4897/7598/4862 4899/7603/4864 4896/7597/4861
f 4847/7602/4813 4899/7604/4864 4897/7600/4862
f 4899/7603/4864 4900/7605/4865 4896/7597/4861
f 4846/7606/4811 4900/7605/4865 4899/7603/4864
f 4847/7602/4813 4844/7607/4810 4899/7604/4864
f 4844/7607/4810 4840/7512/4806 4899/7604/4864
f 4840/7515/4806 4846/7606/4811 4899/7603/4864
f 4901/7608/4866 4900/7605/4865 4850/7609/4815
f 4900/7605/4865 4846/7606/4811 4850/7609/4815
f 4900/7605/4865 4901/7608/4866 4902/7610/4867
f 4896/7597/4861 4900/7605/4865 4902/7610/4867
f 4886/7611/4851 4902/7610/4867 4870/7555/4836
f 4902/7610/4867 4901/7608/4866 4870/7555/4836
f 4896/7597/4861 4902/7610/4867 4889/7594/4856
f 4902/7610/4867 4886/7611/4851 4889/7594/4856
f 4850/7609/4815 4853/7612/4819 4901/7608/4866
f 4853/7612/4819 4867/7551/4832 4901/7608/4866
f 4901/7608/4866 4867/7551/4832 4870/7555/4836
f 4891/7584/4855 4893/7588/4859 4889/7585/4856
f 4888/7582/4853 4848/7525/4814 4847/7524/4813
f 4888/7582/4853 4884/7578/4849 4848/7525/4814
f 4871/7556/4837 4886/7611/4851 4870/7555/4836
f 4884/7578/4849 4851/7527/4816 4848/7525/4814
f 4879/7574/4844 4877/7613/4843 4875/7570/4838
f 4867/7551/4832 4853/7612/4819 4856/7544/4821
f 4865/7576/4829 4858/7535/4824 4857/7533/4822
f 4841/7514/4807 4846/7606/4811 4840/7515/4806
f 4844/7607/4810 4842/7510/4804 4840/7512/4806
f 4908/7614/4868 4903/7615/4869 4904/7616/4870
f 4903/7615/4869 4905/7617/4871 4904/7616/4870
f 4907/7618/4872 4905/7619/4871 4903/7620/4869
f 4906/7621/4873 4903/7620/4869 4908/7622/4868
f 4906/7621/4873 4907/7618/4872 4903/7620/4869
f 4911/7623/4874 4908/7614/4868 4904/7616/4870
f 4909/7624/4875 4908/7622/4868 4910/7625/4876
f 4909/7624/4875 4906/7621/4873 4908/7622/4868
f 4910/7626/4876 4908/7614/4868 4911/7623/4874
f 4911/7623/4874 4904/7616/4870 4912/7627/4877
f 4913/7628/4878 4911/7623/4874 4912/7627/4877
f 4914/7629/4879 4911/7630/4874 4913/7631/4878
f 4914/7629/4879 4916/7632/4880 4911/7630/4874
f 4915/7633/4881 4910/7626/4876 4911/7623/4874
f 4916/7632/4880 4915/7634/4881 4911/7630/4874
f 4916/7632/4880 4914/7629/4879 4917/7635/4882
f 4916/7632/4880 4917/7635/4882 4915/7634/4881
f 4914/7629/4879 4909/7636/4875 4917/7635/4882
f 4917/7637/4882 4909/7624/4875 4910/7625/4876
f 4917/7635/4882 4910/7638/4876 4915/7634/4881
f 4918/7639/4883 4914/7629/4879 4913/7631/4878
f 4918/7639/4883 4919/7640/4884 4914/7629/4879
f 4914/7629/4879 4920/7641/4885 4909/7636/4875
f 4919/7640/4884 4920/7641/4885 4914/7629/4879
f 4920/7641/4885 4906/7642/4873 4909/7636/4875
f 4906/7642/4873 4920/7641/4885 4907/7643/4872
f 4920/7641/4885 4921/7644/4886 4907/7643/4872
f 4921/7644/4886 4920/7641/4885 4919/7640/4884
f 4907/7643/4872 4921/7644/4886 4922/7645/4887
f 4923/7646/4888 4922/7645/4887 4921/7644/4886
f 4924/7647/4889 4923/7646/4888 4921/7644/4886
f 4924/7647/4889 4921/7644/4886 4919/7640/4884
f 4923/7646/4888 4924/7647/4889 4927/7648/4890
f 4924/7647/4889 4919/7640/4884 4925/7649/4891
f 4926/7650/4892 4924/7647/4889 4925/7649/4891
f 4924/7647/4889 4926/7650/4892 4927/7648/4890
f 4927/7648/4890 4929/7651/4893 4928/7652/4894
f 4923/7646/4888 4927/7648/4890 4928/7652/4894
f 4927/7648/4890 4926/7650/4892 4930/7653/4895
f 4927/7648/4890 4930/7653/4895 4929/7651/4893
f 4930/7653/4895 4933/7654/4896 4931/7655/4897
f 4930/7653/4895 4931/7655/4897 4929/7651/4893
f 4926/7650/4892 4935/7656/4898 4930/7653/4895
f 4930/7653/4895 4932/7657/4899 4934/7658/4900
f 4930/7653/4895 4935/7656/4898 4932/7657/4899
f 4933/7654/4896 4930/7653/4895 4934/7658/4900
f 4926/7650/4892 4925/7649/4891 4935/7656/4898
f 4937/7659/4901 4935/7656/4898 4936/7660/4902
f 4935/7656/4898 4938/7661/4903 4936/7660/4902
f 4925/7649/4891 4938/7661/4903 4935/7656/4898
f 4935/7656/4898 4937/7659/4901 4932/7657/4899
f 4940/7662/4904 4938/7661/4903 4939/7663/4905
f 4938/7661/4903 4925/7649/4891 4939/7663/4905
f 4936/7660/4902 4938/7661/4903 4940/7662/4904
f 4940/7662/4904 4939/7663/4905 4941/7664/4906
f 4940/7662/4904 4941/7664/4906 4944/7665/4907
f 4942/7666/4908 4936/7660/4902 4940/7662/4904
f 4942/7666/4908 4940/7662/4904 4943/7667/4909
f 4943/7667/4909 4940/7662/4904 4944/7665/4907
f 4946/7668/4910 4944/7669/4907 4945/7670/4911
f 4944/7669/4907 4941/7671/4906 4945/7670/4911
f 4943/7667/4909 4944/7665/4907 4946/7672/4910
f 4947/7673/4912 4946/7674/4910 4945/7675/4911
f 4947/7676/4912 4943/7667/4909 4946/7672/4910
f 4942/7677/4908 4947/7673/4912 4945/7675/4911
f 4947/7676/4912 4942/7666/4908 4943/7667/4909
f 4942/7677/4908 4945/7675/4911 4948/7678/4913
f 4945/7670/4911 4941/7671/4906 4948/7679/4913
f 4936/7680/4902 4948/7678/4913 4950/7681/4914
f 4936/7680/4902 4942/7677/4908 4948/7678/4913
f 4950/7682/4914 4948/7679/4913 4949/7683/4915
f 4948/7679/4913 4951/7684/4916 4949/7683/4915
f 4941/7671/4906 4951/7684/4916 4948/7679/4913
f 4941/7671/4906 4952/7685/4917 4951/7684/4916
f 4952/7685/4917 4953/7686/4918 4951/7684/4916
f 4949/7683/4915 4951/7684/4916 4953/7686/4918
f 4952/7685/4917 4913/7628/4878 4953/7686/4918
f 4955/7687/4919 4953/7686/4918 4954/7688/4920
f 4953/7686/4918 4912/7627/4877 4954/7688/4920
f 4955/7687/4919 4949/7683/4915 4953/7686/4918
f 4913/7628/4878 4912/7627/4877 4953/7686/4918
f 4929/7689/4893 4955/7687/4919 4954/7688/4920
f 4931/7690/4897 4949/7683/4915 4955/7687/4919
f 4929/7689/4893 4931/7690/4897 4955/7687/4919
f 4928/7691/4894 4929/7689/4893 4954/7688/4920
f 4954/7688/4920 4956/7692/4921 4928/7691/4894
f 4954/7688/4920 4912/7627/4877 4956/7692/4921
f 4957/7693/4922 4956/7692/4921 4905/7617/4871
f 4905/7617/4871 4956/7692/4921 4904/7616/4870
f 4912/7627/4877 4904/7616/4870 4956/7692/4921
f 4956/7692/4921 4957/7693/4922 4928/7691/4894
f 4959/7694/4923 4957/7693/4922 4958/7695/4924
f 4958/7695/4924 4957/7693/4922 4905/7617/4871
f 4922/7645/4887 4957/7696/4922 4959/7697/4923
f 4922/7645/4887 4923/7646/4888 4957/7696/4922
f 4923/7646/4888 4928/7652/4894 4957/7696/4922
f 4960/7698/4925 4959/7694/4923 4958/7695/4924
f 4961/7699/4926 4922/7645/4887 4959/7697/4923
f 4961/7699/4926 4959/7697/4923 4960/7700/4925
f 4963/7701/4927 4962/7702/4928 4961/7699/4926
f 4962/7702/4928 4922/7645/4887 4961/7699/4926
f 4963/7701/4927 4961/7699/4926 4960/7700/4925
f 4963/7703/4927 4960/7704/4925 4958/7705/4924
f 4962/7706/4928 4963/7703/4927 4958/7705/4924
f 4962/7706/4928 4958/7705/4924 4905/7619/4871
f 4907/7618/4872 4962/7706/4928 4905/7619/4871
f 4962/7702/4928 4907/7643/4872 4922/7645/4887
f 4939/7663/4905 4952/7707/4917 4941/7664/4906
f 4939/7663/4905 4918/7639/4883 4952/7707/4917
f 4918/7639/4883 4913/7631/4878 4952/7707/4917
f 4964/7708/4929 4950/7682/4914 4949/7683/4915
f 4937/7709/4901 4936/7680/4902 4950/7681/4914
f 4937/7709/4901 4950/7681/4914 4964/7710/4929
f 4965/7711/4930 4964/7708/4929 4931/7690/4897
f 4931/7690/4897 4964/7708/4929 4949/7683/4915
f 4932/7712/4899 4964/7710/4929 4965/7713/4930
f 4932/7712/4899 4937/7709/4901 4964/7710/4929
f 4966/7714/4931 4965/7711/4930 4931/7690/4897
f 4934/7715/4900 4932/7712/4899 4965/7713/4930
f 4934/7658/4900 4965/7716/4930 4966/7717/4931
f 4933/7654/4896 4966/7717/4931 4931/7655/4897
f 4933/7654/4896 4934/7658/4900 4966/7717/4931
f 4939/7663/4905 4925/7649/4891 4918/7639/4883
f 4925/7649/4891 4919/7640/4884 4918/7639/4883
f 4972/7718/4932 4967/7719/4933 4968/7720/4934
f 4967/7719/4933 4969/7721/4935 4968/7720/4934
f 4970/7722/4936 4969/7721/4935 4967/7719/4933
f 4971/7723/4937 4970/7722/4936 4967/7719/4933
f 4971/7723/4937 4967/7719/4933 4972/7718/4932
f 4974/7724/4938 4971/7723/4937 4972/7718/4932
f 4975/7725/4939 4972/7718/4932 4973/7726/4940
f 4973/7726/4940 4972/7718/4932 4968/7720/4934
f 4974/7724/4938 4972/7718/4932 4975/7725/4939
f 4976/7727/4941 4975/7725/4939 4978/7728/4942
f 4976/7727/4941 4974/7724/4938 4975/7725/4939
f 4977/7729/4943 4975/7725/4939 4973/7726/4940
f 4978/7728/4942 4975/7725/4939 4977/7729/4943
f 4980/7730/4944 4978/7728/4942 4979/7731/4945
f 4979/7731/4945 4978/7728/4942 4977/7729/4943
f 4981/7732/4946 4976/7727/4941 4978/7728/4942
f 4981/7732/4946 4978/7728/4942 4980/7730/4944
f 4985/7733/4947 4976/7734/4941 4981/7735/4946
f 4982/7736/4948 4981/7735/4946 4984/7737/4949
f 4982/7736/4948 4985/7733/4947 4981/7735/4946
f 4984/7738/4949 4981/7732/4946 4983/7739/4950
f 4983/7739/4950 4981/7732/4946 4980/7730/4944
f 4985/7733/4947 4988/7740/4951 4976/7734/4941
f 4987/7741/4952 4986/7742/4953 4985/7733/4947
f 4985/7733/4947 4986/7742/4953 4988/7740/4951
f 4982/7736/4948 4987/7741/4952 4985/7733/4947
f 4988/7740/4951 4989/7743/4954 4974/7744/4938
f 4988/7740/4951 4990/7745/4955 4989/7743/4954
f 4986/7742/4953 4990/7745/4955 4988/7740/4951
f 4988/7740/4951 4974/7744/4938 4976/7734/4941
f 4991/7746/4956 4990/7745/4955 4986/7742/4953
f 4991/7746/4956 4993/7747/4957 4990/7745/4955
f 4990/7745/4955 4992/7748/4958 4989/7743/4954
f 4993/7747/4957 4992/7748/4958 4990/7745/4955
f 4993/7747/4957 4995/7749/4959 4994/7750/4960
f 4992/7748/4958 4993/7747/4957 4994/7750/4960
f 4995/7749/4959 4993/7747/4957 4996/7751/4961
f 4997/7752/4962 4996/7751/4961 4993/7747/4957
f 4991/7746/4956 4997/7752/4962 4993/7747/4957
f 4996/7753/4961 4997/7754/4962 4998/7755/4963
f 4997/7754/4962 4999/7756/4964 4998/7755/4963
f 4997/7754/4962 5000/7757/4965 4999/7756/4964
f 4997/7752/4962 4991/7746/4956 5000/7758/4965
f 5000/7757/4965 5002/7759/4966 4999/7756/4964
f 4991/7746/4956 5001/7760/4967 5000/7758/4965
f 5003/7761/4968 5000/7758/4965 5001/7760/4967
f 5000/7757/4965 5003/7762/4968 5002/7759/4966
f 5003/7762/4968 5007/7763/4969 5004/7764/4970
f 5003/7762/4968 5004/7764/4970 5002/7759/4966
f 5003/7761/4968 5005/7765/4971 5006/7766/4972
f 5005/7765/4971 5003/7761/4968 5001/7760/4967
f 5003/7761/4968 5006/7766/4972 5008/7767/4973
f 5007/7768/4969 5003/7761/4968 5008/7767/4973
f 5008/7769/4973 5009/7770/4974 5010/7771/4975
f 5008/7772/4973 5006/7773/4972 5009/7774/4974
f 5007/7763/4969 5008/7769/4973 5010/7771/4975
f 5010/7771/4975 5009/7770/4974 5004/7764/4970
f 5007/7763/4969 5010/7771/4975 5004/7764/4970
f 5009/7770/4974 5011/7775/4976 5004/7764/4970
f 5006/7773/4972 5011/7776/4976 5009/7774/4974
f 5011/7775/4976 5012/7777/4977 4979/7731/4945
f 5004/7764/4970 5011/7775/4976 4979/7731/4945
f 5013/7778/4978 5012/7779/4977 5011/7776/4976
f 5006/7773/4972 5013/7778/4978 5011/7776/4976
f 5013/7780/4978 5005/7765/4971 5014/7781/4979
f 5005/7765/4971 5013/7780/4978 5006/7766/4972
f 5013/7778/4978 5014/7782/4979 5012/7779/4977
f 5005/7765/4971 4987/7741/4952 5014/7781/4979
f 5014/7782/4979 4980/7783/4944 5012/7779/4977
f 5014/7781/4979 4987/7741/4952 4982/7736/4948
f 5014/7782/4979 5015/7784/4980 4980/7783/4944
f 5015/7785/4980 5014/7781/4979 4982/7736/4948
f 5015/7785/4980 4982/7736/4948 5017/7786/4981
f 5015/7784/4980 5016/7787/4982 4983/7788/4950
f 5015/7784/4980 4983/7788/4950 4980/7783/4944
f 5016/7789/4982 5015/7785/4980 5017/7786/4981
f 5017/7786/4981 4982/7736/4948 4984/7737/4949
f 5017/7786/4981 4984/7737/4949 5018/7790/4983
f 5016/7789/4982 5017/7786/4981 5018/7790/4983
f 5016/7787/4982 5018/7791/4983 4983/7788/4950
f 5018/7792/4983 4984/7738/4949 4983/7739/4950
f 5012/7777/4977 4980/7730/4944 4979/7731/4945
f 5005/7765/4971 5001/7760/4967 4987/7741/4952
f 4979/7731/4945 4977/7729/4943 5004/7764/4970
f 4977/7729/4943 5002/7759/4966 5004/7764/4970
f 4999/7756/4964 5002/7759/4966 4973/7726/4940
f 5002/7759/4966 4977/7729/4943 4973/7726/4940
f 5001/7760/4967 4986/7742/4953 4987/7741/4952
f 5001/7760/4967 4991/7746/4956 4986/7742/4953
f 4968/7720/4934 4998/7755/4963 4999/7756/4964
f 4973/7726/4940 4968/7720/4934 4999/7756/4964
f 5020/7793/4984 4998/7755/4963 5019/7794/4985
f 5019/7794/4985 4998/7755/4963 5021/7795/4986
f 4996/7753/4961 4998/7755/4963 5020/7793/4984
f 4998/7755/4963 4968/7720/4934 5021/7795/4986
f 4995/7796/4959 5021/7797/4986 4969/7798/4935
f 4969/7721/4935 5021/7795/4986 4968/7720/4934
f 4995/7796/4959 5022/7799/4987 5021/7797/4986
f 5022/7799/4987 5019/7800/4985 5021/7797/4986
f 5022/7799/4987 5023/7801/4988 5019/7800/4985
f 5022/7802/4987 4996/7751/4961 5024/7803/4989
f 5022/7802/4987 4995/7749/4959 4996/7751/4961
f 5023/7804/4988 5022/7802/4987 5024/7803/4989
f 5024/7805/4989 4996/7753/4961 5020/7793/4984
f 5024/7805/4989 5020/7793/4984 5025/7806/4990
f 5023/7807/4988 5024/7805/4989 5025/7806/4990
f 5023/7801/4988 5025/7808/4990 5019/7800/4985
f 5025/7806/4990 5020/7793/4984 5019/7794/4985
f 4994/7809/4960 4995/7796/4959 4969/7798/4935
f 4994/7809/4960 4969/7798/4935 4970/7810/4936
f 4992/7748/4958 4994/7750/4960 5026/7811/4991
f 5026/7812/4991 4994/7809/4960 4970/7810/4936
f 5026/7812/4991 4970/7810/4936 5028/7813/4992
f 4989/7743/4954 5026/7811/4991 5027/7814/4993
f 4989/7743/4954 4992/7748/4958 5026/7811/4991
f 5027/7815/4993 5026/7812/4991 5028/7813/4992
f 5028/7816/4992 4970/7722/4936 4971/7723/4937
f 5029/7817/4994 5028/7816/4992 4971/7723/4937
f 5027/7814/4993 5028/7818/4992 5029/7819/4994
f 5030/7820/4995 5029/7819/4994 4971/7821/4937
f 5030/7820/4995 5027/7814/4993 5029/7819/4994
f 4989/7743/4954 5030/7820/4995 4971/7821/4937
f 5030/7820/4995 4989/7743/4954 5027/7814/4993
f 4989/7743/4954 4971/7821/4937 4974/7744/4938
f 5034/7822/4996 5031/7823/4997 5032/7824/4998
f 5031/7823/4997 5033/7825/4999 5032/7824/4998
f 5036/7826/5000 5033/7825/4999 5031/7823/4997
f 5035/7827/5001 5031/7823/4997 5034/7822/4996
f 5035/7827/5001 5036/7826/5000 5031/7823/4997
f 5037/7828/5002 5033/7829/4999 5036/7830/5000
f 5038/7831/5003 5037/7828/5002 5036/7830/5000
f 5039/7832/5004 5036/7826/5000 5035/7827/5001
f 5038/7831/5003 5036/7830/5000 5039/7833/5004
f 5041/7834/5005 5038/7831/5003 5039/7833/5004
f 5041/7835/5005 5039/7836/5004 5040/7837/5006
f 5040/7838/5006 5039/7832/5004 5035/7827/5001
f 5042/7839/5007 5038/7840/5003 5041/7835/5005
f 5043/7841/5008 5042/7839/5007 5041/7835/5005
f 5043/7841/5008 5041/7835/5005 5040/7837/5006
f 5042/7839/5007 5043/7841/5008 5035/7842/5001
f 5043/7841/5008 5040/7837/5006 5035/7842/5001
f 5042/7839/5007 5047/7843/5009 5038/7840/5003
f 5044/7844/5010 5042/7839/5007 5045/7845/5011
f 5044/7844/5010 5046/7846/5012 5042/7839/5007
f 5042/7839/5007 5035/7842/5001 5045/7845/5011
f 5046/7846/5012 5047/7843/5009 5042/7839/5007
f 5047/7843/5009 5037/7847/5002 5038/7840/5003
f 5047/7843/5009 5048/7848/5013 5037/7847/5002
f 5048/7848/5013 5047/7843/5009 5046/7846/5012
f 5048/7848/5013 5049/7849/5014 5037/7847/5002
f 5048/7848/5013 5050/7850/5015 5049/7849/5014
f 5050/7850/5015 5048/7848/5013 5051/7851/5016
f 5048/7848/5013 5052/7852/5017 5051/7851/5016
f 5052/7852/5017 5048/7848/5013 5046/7846/5012
f 5051/7851/5016 5052/7852/5017 5055/7853/5018
f 5052/7852/5017 5046/7846/5012 5054/7854/5019
f 5052/7852/5017 5053/7855/5020 5055/7853/5018
f 5053/7855/5020 5052/7852/5017 5054/7854/5019
f 5051/7856/5016 5055/7857/5018 5056/7858/5021
f 5055/7857/5018 5057/7859/5022 5056/7858/5021
f 5055/7853/5018 5053/7855/5020 5058/7860/5023
f 5055/7857/5018 5058/7861/5023 5057/7859/5022
f 5058/7860/5023 5059/7862/5024 5060/7863/5025
f 5053/7855/5020 5059/7862/5024 5058/7860/5023
f 5058/7860/5023 5060/7863/5025 5062/7864/5026
f 5061/7865/5027 5058/7860/5023 5062/7864/5026
f 5058/7861/5023 5061/7866/5027 5063/7867/5028
f 5058/7861/5023 5063/7867/5028 5057/7859/5022
f 5063/7867/5028 5065/7868/5029 5064/7869/5030
f 5057/7859/5022 5063/7867/5028 5064/7869/5030
f 5063/7867/5028 5066/7870/5031 5065/7868/5029
f 5067/7871/5032 5066/7870/5031 5063/7867/5028
f 5068/7872/5033 5067/7871/5032 5063/7867/5028
f 5061/7866/5027 5068/7872/5033 5063/7867/5028
f 5062/7873/5026 5067/7871/5032 5068/7872/5033
f 5061/7866/5027 5062/7873/5026 5068/7872/5033
f 5060/7874/5025 5066/7875/5031 5067/7876/5032
f 5062/7877/5026 5060/7874/5025 5067/7876/5032
f 5070/7878/5034 5069/7879/5035 5066/7875/5031
f 5066/7870/5031 5069/7880/5035 5065/7868/5029
f 5060/7874/5025 5070/7878/5034 5066/7875/5031
f 5070/7878/5034 5071/7881/5036 5069/7879/5035
f 5059/7862/5024 5070/7882/5034 5060/7863/5025
f 5070/7882/5034 5059/7862/5024 5071/7883/5036
f 5071/7881/5036 5072/7884/5037 5069/7879/5035
f 5071/7881/5036 5073/7885/5038 5072/7884/5037
f 5059/7862/5024 5074/7886/5039 5071/7883/5036
f 5073/7887/5038 5071/7883/5036 5075/7888/5040
f 5071/7883/5036 5074/7886/5039 5075/7888/5040
f 5075/7888/5040 5074/7886/5039 5076/7889/5041
f 5075/7888/5040 5076/7889/5041 5077/7890/5042
f 5075/7888/5040 5077/7890/5042 5079/7891/5043
f 5073/7887/5038 5075/7888/5040 5078/7892/5044
f 5078/7892/5044 5075/7888/5040 5079/7891/5043
f 5079/7893/5043 5077/7894/5042 5080/7895/5045
f 5081/7896/5046 5079/7893/5043 5080/7895/5045
f 5078/7892/5044 5079/7891/5043 5081/7897/5046
f 5082/7898/5047 5081/7899/5046 5080/7900/5045
f 5082/7901/5047 5078/7892/5044 5081/7897/5046
f 5073/7885/5038 5082/7898/5047 5080/7900/5045
f 5082/7901/5047 5073/7887/5038 5078/7892/5044
f 5073/7885/5038 5080/7900/5045 5072/7884/5037
f 5080/7895/5045 5077/7894/5042 5072/7902/5037
f 5077/7894/5042 5083/7903/5048 5072/7902/5037
f 5077/7894/5042 5084/7904/5049 5083/7903/5048
f 5076/7889/5041 5084/7905/5049 5077/7890/5042
f 5084/7904/5049 5045/7906/5011 5085/7907/5050
f 5084/7904/5049 5085/7907/5050 5083/7903/5048
f 5044/7844/5010 5045/7845/5011 5084/7905/5049
f 5076/7889/5041 5044/7844/5010 5084/7905/5049
f 5083/7903/5048 5085/7907/5050 5064/7869/5030
f 5064/7869/5030 5085/7907/5050 5086/7908/5051
f 5085/7907/5050 5034/7822/4996 5086/7908/5051
f 5045/7906/5011 5034/7822/4996 5085/7907/5050
f 5056/7858/5021 5057/7859/5022 5086/7908/5051
f 5056/7858/5021 5086/7908/5051 5032/7824/4998
f 5086/7908/5051 5034/7822/4996 5032/7824/4998
f 5057/7859/5022 5064/7869/5030 5086/7908/5051
f 5065/7868/5029 5083/7903/5048 5064/7869/5030
f 5072/7902/5037 5083/7903/5048 5065/7868/5029
f 5076/7889/5041 5054/7854/5019 5044/7844/5010
f 5074/7886/5039 5054/7854/5019 5076/7889/5041
f 5059/7862/5024 5053/7855/5020 5074/7886/5039
f 5053/7855/5020 5054/7854/5019 5074/7886/5039
f 5069/7880/5035 5072/7902/5037 5065/7868/5029
f 5051/7856/5016 5056/7858/5021 5087/7909/5052
f 5087/7909/5052 5056/7858/5021 5032/7824/4998
f 5089/7910/5053 5087/7909/5052 5088/7911/5054
f 5090/7912/5055 5088/7911/5054 5087/7909/5052
f 5050/7913/5015 5087/7909/5052 5089/7910/5053
f 5050/7913/5015 5051/7856/5016 5087/7909/5052
f 5032/7824/4998 5090/7912/5055 5087/7909/5052
f 5049/7914/5014 5090/7915/5055 5033/7829/4999
f 5033/7825/4999 5090/7912/5055 5032/7824/4998
f 5049/7914/5014 5091/7916/5056 5090/7915/5055
f 5091/7916/5056 5088/7917/5054 5090/7915/5055
f 5091/7916/5056 5092/7918/5057 5088/7917/5054
f 5091/7919/5056 5050/7850/5015 5093/7920/5058
f 5050/7850/5015 5091/7919/5056 5049/7849/5014
f 5092/7921/5057 5091/7919/5056 5093/7920/5058
f 5093/7922/5058 5050/7913/5015 5089/7910/5053
f 5093/7922/5058 5089/7910/5053 5094/7923/5059
f 5092/7924/5057 5093/7922/5058 5094/7923/5059
f 5092/7918/5057 5094/7925/5059 5088/7917/5054
f 5094/7923/5059 5089/7910/5053 5088/7911/5054
f 5054/7854/5019 5046/7846/5012 5044/7844/5010
f 5037/7828/5002 5049/7914/5014 5033/7829/4999
f 5045/7906/5011 5035/7827/5001 5034/7822/4996
