# Blender 5.1.2
# www.blender.org
mtllib rightFrontArm.mtl
o desirefx_me_3_mesh0_mesh0000_002
v 0.040484 -0.035409 -0.022133
v 0.033044 -0.017870 -0.023716
v 0.045665 -0.035180 -0.014219
v 0.043160 -0.016449 -0.010618
v 0.030147 -0.007514 -0.021891
v 0.040037 -0.005924 -0.009445
v 0.024779 -0.028447 -0.027881
v 0.035424 -0.041231 -0.025534
v 0.022309 -0.038360 -0.029357
v 0.033310 -0.045554 -0.025862
v 0.020410 -0.048231 -0.028163
v 0.030261 -0.053898 -0.024754
v 0.024322 -0.060139 -0.024765
v 0.019276 -0.054986 -0.027181
v 0.016234 -0.064308 -0.024057
v 0.012084 -0.057555 -0.026919
v 0.006382 -0.057775 -0.026432
v 0.005685 -0.065318 -0.022740
v -0.001344 -0.057133 -0.025030
v -0.006359 -0.063944 -0.020456
v -0.005378 -0.051870 -0.025515
v -0.013724 -0.058751 -0.020519
v -0.014207 -0.048722 -0.022041
v -0.006473 -0.046647 -0.026100
v -0.006753 -0.038773 -0.027749
v -0.014708 -0.040343 -0.022450
v -0.015181 -0.030206 -0.023548
v -0.018585 -0.035757 -0.020296
v -0.021603 -0.025823 -0.017566
v -0.023434 -0.031619 -0.015590
v -0.025800 -0.028254 -0.008455
v -0.024297 -0.024225 -0.012633
v -0.023942 -0.019387 -0.013119
v -0.021585 -0.020224 -0.017699
v -0.023037 -0.014121 -0.013386
v -0.020671 -0.014170 -0.017317
v -0.024928 -0.010220 -0.010051
v -0.020566 -0.008523 -0.017476
v -0.025369 -0.019653 -0.009262
v -0.013414 -0.011826 -0.024314
v -0.014923 -0.004949 -0.022424
v -0.006989 -0.000672 -0.025972
v -0.003692 -0.007253 -0.027406
v 0.002346 0.002018 -0.027791
v 0.007637 -0.002079 -0.027706
v 0.003439 0.010324 -0.027296
v 0.009958 0.009962 -0.026885
v 0.002598 0.024173 -0.025676
v 0.010398 0.023603 -0.026417
v 0.003068 0.032771 -0.025077
v 0.010195 0.031508 -0.024888
v 0.002990 0.042758 -0.022766
v 0.009183 0.042942 -0.022879
v 0.003383 0.038499 -0.024087
v 0.010043 0.036840 -0.023758
v -0.002204 0.051756 -0.018948
v 0.005484 0.057182 -0.021005
v 0.002330 0.046020 -0.022028
v 0.008485 0.047497 -0.021780
v -0.010864 0.061774 -0.013026
v -0.002985 0.064073 -0.016821
v -0.011112 0.071455 -0.013778
v -0.004110 0.069725 -0.017634
v -0.010957 0.081416 -0.013407
v -0.003963 0.075675 -0.018847
v 0.000385 0.076531 -0.021077
v -0.000468 0.082447 -0.022102
v 0.010550 0.084153 -0.024905
v 0.011275 0.078262 -0.024021
v 0.021336 0.080432 -0.019046
v 0.020095 0.087230 -0.020347
v 0.023338 0.090274 -0.008908
v 0.025111 0.084319 -0.007632
v 0.018609 0.092236 0.002691
v 0.020817 0.085592 0.005012
v 0.046180 -0.039657 -0.008545
v 0.045754 -0.028865 0.001632
v 0.044247 -0.043179 0.008617
v 0.045419 -0.049217 -0.001501
v 0.042943 -0.058591 0.005713
v 0.041593 -0.051187 0.013917
v 0.040093 -0.064989 0.015801
v 0.040287 -0.054377 0.017901
v 0.035010 -0.065880 0.024659
v 0.037344 -0.055298 0.025232
v 0.030887 -0.053133 0.033323
v 0.028618 -0.061563 0.034126
v 0.021495 -0.053352 0.041844
v 0.026069 -0.048151 0.038115
v 0.016444 -0.044242 0.045759
v 0.023397 -0.038410 0.039503
v 0.020055 -0.029421 0.041501
v 0.011821 -0.034126 0.046629
v 0.014347 -0.021240 0.042796
v 0.006959 -0.027637 0.045724
v 0.006621 -0.015052 0.043131
v 0.003242 -0.023957 0.044868
v -0.002621 -0.012694 0.041788
v -0.003448 -0.021397 0.041655
v -0.007115 -0.012188 0.038031
v -0.010715 -0.019615 0.033944
v -0.012593 -0.010024 0.031797
v -0.007633 -0.008599 0.036538
v -0.008171 -0.001791 0.032429
v -0.011392 0.000692 0.028421
v -0.007669 -0.004412 0.034618
v -0.011876 -0.005024 0.030076
v -0.003410 0.001371 0.037300
v -0.006551 0.004400 0.034641
v 0.002891 0.005168 0.038359
v -0.000096 0.009274 0.037134
v 0.009941 0.009972 0.036405
v 0.006438 0.014772 0.036003
v 0.015690 0.017208 0.032176
v 0.010629 0.019924 0.034223
v 0.017300 0.026887 0.028684
v 0.011804 0.027658 0.031153
v 0.011524 0.036323 0.027368
v 0.016387 0.036306 0.024750
v 0.015598 0.046403 0.022771
v 0.010532 0.047166 0.024777
v 0.013401 0.055092 0.021217
v 0.008812 0.056368 0.023366
v 0.010601 0.063009 0.021307
v 0.004827 0.061242 0.022862
v -0.001109 0.065148 0.021760
v 0.005160 0.070682 0.021088
v -0.006107 0.068092 0.019259
v 0.000240 0.072788 0.020149
v -0.000475 0.079901 0.017634
v -0.007195 0.079148 0.017304
v -0.001540 0.084216 0.016599
v -0.006830 0.089529 0.014697
v 0.005313 0.086026 0.016724
v 0.004006 0.091709 0.014463
v 0.013662 0.092455 0.008416
v 0.008106 0.092276 0.012886
v 0.016505 0.085896 0.010642
v 0.010839 0.086097 0.015076
v 0.002090 0.070252 -0.020837
v 0.012366 0.070121 -0.022126
v 0.013618 0.059874 -0.022639
v 0.022794 0.072427 -0.019285
v 0.022115 0.062066 -0.016723
v 0.016175 0.050076 -0.021051
v 0.023149 0.054186 -0.014996
v 0.025743 0.074464 -0.004813
v 0.026391 0.064433 -0.005398
v 0.027802 0.055473 -0.004662
v 0.006479 0.079441 0.017412
v 0.012102 0.078465 0.015374
v 0.018143 0.077634 0.011025
v 0.023516 0.076382 0.004402
v 0.024977 0.067553 0.004970
v 0.020863 0.069617 0.012820
v 0.014077 0.070774 0.018531
v 0.016557 0.062336 0.018876
v 0.022614 0.061016 0.013796
v 0.027269 0.059178 0.007122
v 0.011937 -0.049254 -0.029618
v 0.004773 -0.049980 -0.028455
v 0.002363 -0.042729 -0.029964
v 0.012430 -0.040206 -0.030829
v 0.000134 -0.033542 -0.028468
v 0.012443 -0.030929 -0.029709
v -0.010863 -0.022782 -0.026407
v 0.003461 -0.016828 -0.028450
v 0.014828 -0.011457 -0.028308
v 0.036817 0.007996 -0.007815
v 0.028886 0.007483 -0.020259
v 0.018525 0.006722 -0.026627
v 0.018427 0.022699 -0.023811
v 0.025576 0.022967 -0.017785
v 0.018419 0.031419 -0.023335
v 0.016822 0.044446 -0.021352
v 0.017558 0.036997 -0.021499
v 0.025792 0.032299 -0.017017
v 0.024247 0.038195 -0.015097
v 0.023433 0.047269 -0.014894
v 0.027492 0.048567 -0.004977
v 0.028902 0.039636 -0.005739
v 0.031215 0.033057 -0.006027
v 0.033160 0.022987 -0.006063
v 0.027138 0.050793 0.006018
v 0.027885 0.042270 0.006181
v 0.031710 0.033057 0.004996
v 0.033693 0.021537 0.004815
v 0.038534 0.007658 0.004831
v 0.041702 -0.009021 0.003983
v 0.023339 0.052336 0.013021
v 0.018391 0.053790 0.018373
v 0.026071 0.043822 0.014275
v 0.021120 0.045127 0.020111
v 0.028277 0.033784 0.014550
v 0.022269 0.035283 0.021281
v 0.030559 0.022274 0.015737
v 0.023676 0.025079 0.024385
v 0.032285 0.007675 0.016856
v 0.036596 -0.008626 0.016988
v 0.041677 -0.027075 0.015317
v 0.041657 -0.037313 0.020272
v 0.039250 -0.046672 0.023355
v 0.031977 -0.042729 0.032636
v 0.031397 -0.032817 0.031949
v 0.030416 -0.022368 0.030898
v 0.027693 -0.007057 0.030059
v 0.016386 -0.007630 0.039536
v 0.006723 -0.007022 0.042770
v -0.002053 -0.007400 0.040854
v -0.002249 -0.002414 0.038756
v 0.005338 -0.000122 0.039599
v 0.013814 0.003030 0.036376
v 0.023411 0.009401 0.028823
v 0.039175 -0.035836 -0.020614
v 0.043747 -0.035542 -0.013632
v 0.034709 -0.041344 -0.023556
v 0.032833 -0.045289 -0.023813
v 0.023988 -0.059555 -0.022755
v 0.029814 -0.053463 -0.022720
v 0.016209 -0.063488 -0.022105
v -0.005861 -0.063100 -0.018571
v 0.005990 -0.064409 -0.020847
v -0.013016 -0.058192 -0.018614
v -0.013248 -0.048479 -0.020162
v -0.013583 -0.040165 -0.020656
v -0.017238 -0.035648 -0.018666
v -0.021696 -0.031700 -0.014460
v -0.023805 -0.028360 -0.007732
v -0.023408 -0.019676 -0.008447
v -0.018935 -0.008565 -0.016150
v -0.023053 -0.010234 -0.009051
v -0.013747 -0.005051 -0.020681
v -0.006319 -0.000751 -0.023974
v 0.002487 0.001952 -0.025687
v 0.003395 0.010147 -0.025178
v 0.002645 0.023975 -0.023558
v 0.003014 0.032520 -0.022970
v 0.002974 0.042209 -0.020714
v 0.003268 0.038004 -0.022026
v -0.001437 0.051311 -0.017023
v 0.002660 0.045510 -0.020012
v -0.009930 0.061693 -0.011133
v -0.010030 0.071499 -0.011957
v -0.009684 0.081471 -0.011711
v 0.000431 0.082739 -0.020261
v 0.010300 0.084437 -0.022939
v 0.018617 0.087148 -0.019074
v 0.021402 0.089716 -0.008898
v 0.016946 0.091362 0.001767
v 0.044062 -0.039743 -0.008623
v 0.043325 -0.049097 -0.001816
v 0.040875 -0.058412 0.005250
v 0.038143 -0.064739 0.015048
v 0.033270 -0.065507 0.023505
v 0.027075 -0.061263 0.032705
v 0.020093 -0.053274 0.040251
v 0.015207 -0.044446 0.044052
v 0.010998 -0.034638 0.044766
v 0.006632 -0.028270 0.043731
v 0.003569 -0.024461 0.042879
v -0.002290 -0.021615 0.039955
v -0.009161 -0.019635 0.032491
v -0.011059 -0.010372 0.030405
v -0.010388 -0.005633 0.028687
v -0.009841 0.000491 0.027023
v -0.005267 0.004335 0.033017
v 0.000355 0.008943 0.035142
v 0.006129 0.014464 0.033941
v 0.009854 0.019526 0.032302
v 0.010865 0.026976 0.029374
v 0.010613 0.035663 0.025568
v 0.009623 0.046674 0.022917
v 0.008093 0.055824 0.021451
v 0.004586 0.060668 0.020849
v -0.000779 0.064587 0.019755
v -0.005613 0.067624 0.017252
v -0.006913 0.078722 0.015243
v -0.006687 0.088924 0.012664
v 0.003761 0.090921 0.012536
v 0.007238 0.091324 0.011229
v 0.012362 0.091460 0.007073
v 0.011515 -0.029061 0.036323
v 0.004760 -0.034351 0.032942
v 0.016309 -0.032432 0.035950
v 0.010330 -0.038191 0.032895
v 0.004052 -0.037260 0.031762
v 0.002358 -0.040307 0.030372
v 0.008338 -0.040945 0.031498
v 0.006668 -0.043347 0.030685
v 0.012920 -0.048437 0.029864
v 0.015028 -0.046707 0.030293
v 0.016553 -0.051886 0.028244
v 0.018243 -0.050231 0.028884
v 0.018534 -0.055014 0.025464
v 0.019828 -0.054184 0.026260
v 0.019233 -0.057908 0.020673
v 0.020777 -0.057930 0.020454
v 0.021296 -0.058691 0.016722
v 0.019573 -0.058212 0.016986
v 0.022286 -0.057792 0.013146
v 0.020051 -0.057465 0.012790
v -0.006534 -0.032862 0.024468
v -0.002542 -0.036044 0.029274
v -0.006058 -0.030883 0.025342
v -0.001256 -0.033031 0.029870
v -0.009609 -0.029068 0.019520
v -0.009232 -0.030805 0.019394
v -0.012189 -0.029661 0.011960
v -0.011410 -0.031013 0.011589
v -0.014756 -0.032191 0.002401
v -0.013759 -0.033017 0.002965
v -0.015504 -0.036826 -0.003362
v -0.016597 -0.036161 -0.004074
v -0.017553 -0.038114 -0.007296
v -0.016433 -0.039103 -0.006550
v 0.000444 -0.029752 0.026576
v 0.001320 -0.029136 0.019298
v -0.000879 -0.032084 0.029143
v -0.004413 -0.028912 0.024449
v 0.000616 -0.027973 0.011979
v -0.007379 -0.026236 0.018085
v -0.004043 -0.029819 0.003830
v -0.010862 -0.026086 0.009952
v -0.008875 -0.030362 -0.001953
v -0.014946 -0.029181 0.000721
v -0.013523 -0.032722 -0.008419
v -0.017247 -0.034108 -0.005551
v -0.013771 -0.035432 -0.011754
v -0.017807 -0.036516 -0.008872
v -0.009816 -0.038591 -0.001529
v -0.011347 -0.036699 -0.003079
v -0.007825 -0.040157 -0.004432
v -0.012283 -0.039089 -0.006246
v -0.006160 -0.032533 0.002787
v -0.009739 -0.033644 0.002364
v -0.002377 -0.030994 0.007360
v -0.006740 -0.030902 0.008548
v -0.000194 -0.031806 0.013030
v -0.004381 -0.030680 0.015577
v -0.001824 -0.033265 0.020268
v -0.000284 -0.034519 0.017096
v -0.000800 -0.039418 0.021789
v -0.000318 -0.037740 0.023966
v 0.002831 -0.042133 0.022665
v 0.003733 -0.040698 0.024639
v 0.006656 -0.043442 0.025199
v 0.006130 -0.043812 0.022952
v 0.011516 -0.047648 0.022180
v 0.011551 -0.048203 0.024660
v 0.014874 -0.051116 0.023192
v 0.013672 -0.050613 0.020433
v 0.014916 -0.053563 0.017736
v 0.016384 -0.054144 0.021161
v 0.016928 -0.056121 0.012905
v 0.017764 -0.056856 0.017916
v 0.017416 -0.055211 0.024008
v 0.018106 -0.057300 0.020655
v 0.015247 -0.052503 0.026273
v 0.011360 -0.049103 0.027781
v 0.006060 -0.044585 0.027950
v 0.002849 -0.041247 0.027262
v -0.005825 -0.034255 0.022911
v -0.001575 -0.037535 0.026388
v -0.008103 -0.032107 0.018993
v -0.010169 -0.031949 0.011020
v -0.012506 -0.033567 0.003347
v -0.014139 -0.037207 -0.002902
v -0.014911 -0.039672 -0.006194
v 0.009104 -0.040149 0.031075
v 0.004673 -0.036244 0.031111
v 0.016512 -0.043912 0.030470
v 0.015365 -0.045428 0.029901
v 0.019355 -0.049002 0.028241
v 0.020891 -0.047835 0.028031
v 0.023071 -0.052181 0.023323
v 0.021493 -0.053497 0.025341
v 0.022714 -0.056964 0.019324
v 0.025677 -0.055054 0.016130
v 0.022672 -0.058330 0.016531
v 0.024093 -0.057163 0.013952
v -0.005059 -0.037100 0.007755
v -0.006416 -0.041633 0.004896
v -0.005390 -0.044824 0.001949
v -0.005985 -0.043574 -0.006210
v -0.004043 -0.049906 -0.001032
v -0.003340 -0.040056 0.013590
v -0.000661 -0.043860 0.017896
v 0.001829 -0.044792 0.019132
v 0.003974 -0.045318 0.019925
v 0.006328 -0.049089 0.017035
v 0.008672 -0.051721 0.015742
v 0.011012 -0.053956 0.013433
v 0.013165 -0.055500 0.009008
v -0.003068 -0.044706 0.009980
v -0.001590 -0.048279 0.006670
v -0.000382 -0.052366 0.003253
v 0.000861 -0.047321 0.014226
v 0.002243 -0.050851 0.011216
v 0.003687 -0.053851 0.007191
v 0.003729 -0.048538 0.015883
v 0.005378 -0.051674 0.013523
v 0.007329 -0.054191 0.010271
v 0.009500 -0.055351 0.005619
v 0.005798 -0.055170 0.002301
v 0.001959 -0.054248 -0.001251
v -0.001776 -0.052620 -0.004556
v -0.004526 -0.045607 -0.008250
v 0.007436 -0.024299 0.033630
v 0.006188 -0.020076 0.022882
v 0.003648 -0.021136 0.011113
v -0.001953 -0.023844 0.001825
v -0.007717 -0.025690 -0.005043
v -0.011424 -0.029229 -0.010956
v -0.010998 -0.033066 -0.014806
v -0.007411 -0.037407 -0.017546
v -0.010733 -0.039997 -0.016196
v -0.014579 -0.038334 -0.010284
v -0.009793 -0.040709 -0.014911
v -0.012971 -0.038746 -0.009600
v -0.009735 -0.036379 -0.009332
v -0.009023 -0.040384 -0.013698
v -0.007145 -0.040920 -0.012221
v 0.001155 -0.053592 -0.009604
v -0.001608 -0.049713 -0.012321
v -0.003723 -0.046213 -0.014531
v -0.005471 -0.045111 -0.016230
v -0.005288 -0.042570 -0.018010
v -0.006220 -0.044132 -0.017394
v -0.002542 -0.040100 -0.018147
v 0.000650 -0.044301 -0.017564
v 0.003967 -0.042798 -0.017083
v -0.001348 -0.045273 -0.017272
v -0.001527 -0.046302 -0.016660
v -0.000312 -0.047810 -0.015947
v 0.001159 -0.050487 -0.015237
v 0.003403 -0.052929 -0.014227
v 0.008742 -0.042693 -0.016780
v 0.005058 -0.046185 -0.017768
v 0.001699 -0.046347 -0.017467
v 0.001025 -0.046967 -0.017162
v 0.002732 -0.047947 -0.017267
v 0.004283 -0.049324 -0.017460
v 0.006391 -0.050248 -0.017358
v 0.007747 -0.046455 -0.017739
v 0.010199 -0.047208 -0.018249
v 0.011265 -0.043119 -0.017357
v 0.013728 -0.042860 -0.018949
v 0.012729 -0.049340 -0.018706
v 0.009530 -0.052492 -0.015400
v 0.006888 -0.054351 -0.011322
v 0.004518 -0.054913 -0.006329
v 0.008126 -0.055545 -0.002822
v 0.010461 -0.054905 -0.007775
v 0.012926 -0.053421 -0.012293
v 0.015555 -0.050360 -0.016822
v 0.011700 -0.055692 0.000546
v 0.013934 -0.054954 -0.004519
v 0.016273 -0.053566 -0.009416
v 0.018686 -0.050625 -0.014526
v 0.015172 -0.055725 0.003673
v 0.017277 -0.055023 -0.001531
v 0.019527 -0.053468 -0.006599
v 0.021870 -0.050733 -0.011882
v 0.018499 -0.056086 0.006485
v 0.020418 -0.055131 0.001154
v 0.022628 -0.053446 -0.003745
v 0.025096 -0.050643 -0.008500
v 0.016825 -0.042870 -0.019274
v 0.020190 -0.043271 -0.018768
v 0.022554 -0.043425 -0.017730
v 0.024605 -0.043681 -0.016063
v 0.027806 -0.044537 -0.012773
v 0.021398 -0.056625 0.007954
v 0.023218 -0.055350 0.003249
v 0.025379 -0.053396 -0.001226
v 0.027892 -0.050481 -0.005376
v 0.030801 -0.045248 -0.008853
v 0.023792 -0.056689 0.009063
v 0.025621 -0.055157 0.004849
v 0.027693 -0.053097 0.000740
v 0.030010 -0.050199 -0.003107
v 0.032722 -0.044538 -0.006726
v 0.025934 -0.056071 0.010113
v 0.027809 -0.054591 0.006170
v 0.028250 -0.054498 0.011132
v 0.030041 -0.053396 0.007279
v 0.029743 -0.052636 0.002297
v 0.031761 -0.049734 -0.001409
v 0.031707 -0.051716 0.003659
v 0.033485 -0.048718 0.000143
v 0.033755 -0.045101 -0.004395
v 0.035014 -0.044345 -0.002420
v 0.020930 -0.037933 0.031852
v 0.024927 -0.043225 0.027572
v 0.028215 -0.047977 0.020954
v 0.030555 -0.051401 0.013841
v 0.031665 -0.051719 0.010786
v 0.032633 -0.051299 0.007881
v 0.033544 -0.050211 0.005170
v 0.034918 -0.047582 0.003074
v 0.036166 -0.043389 0.000940
v 0.036137 -0.043181 0.003438
v 0.034694 -0.047515 0.006422
v 0.033897 -0.047716 0.009087
v 0.033023 -0.047190 0.011481
v 0.030510 -0.043157 0.016799
v 0.027343 -0.037645 0.024515
v 0.024517 -0.034469 0.028866
v 0.020920 -0.029999 0.033468
v 0.017617 -0.026527 0.034901
v 0.013538 -0.022472 0.032462
v 0.010791 -0.019428 0.022277
v 0.008699 -0.020864 0.006526
v 0.002705 -0.022503 -0.001039
v -0.002664 -0.024478 -0.005950
v -0.006868 -0.027177 -0.010343
v -0.007793 -0.030450 -0.013871
v -0.005916 -0.032811 -0.015829
v -0.001561 -0.037130 -0.017283
v 0.007045 -0.040542 -0.015321
v 0.034997 -0.041766 0.007513
v 0.033675 -0.039976 0.009623
v 0.030910 -0.038105 0.014776
v 0.028221 -0.035283 0.022745
v 0.025456 -0.030702 0.027125
v 0.022338 -0.027504 0.031234
v 0.018685 -0.023987 0.032278
v 0.016500 -0.021798 0.030054
v 0.015545 -0.020126 0.022600
v 0.013633 -0.020850 0.010701
v -0.017198 -0.022083 0.017965
v -0.017156 -0.021345 0.017766
v -0.017431 -0.021897 0.018609
v -0.016960 -0.022754 0.018246
v -0.017194 -0.022568 0.018890
v -0.017092 -0.022057 0.017996
v -0.017052 -0.021362 0.017810
v -0.016756 -0.020709 0.017728
v -0.016256 -0.021495 0.018136
v -0.016408 -0.022371 0.018334
v -0.015801 -0.023406 0.018853
v -0.015594 -0.022577 0.018689
v -0.016415 -0.023164 0.018562
v -0.016867 -0.022691 0.018261
v -0.016479 -0.023257 0.018566
v -0.015828 -0.023515 0.018876
v -0.016061 -0.023328 0.019520
v -0.015105 -0.023487 0.019129
v -0.015339 -0.023301 0.019774
v -0.014656 -0.022993 0.019931
v -0.015640 -0.022705 0.020316
v -0.015106 -0.022463 0.020440
v -0.015144 -0.022401 0.020408
v -0.014683 -0.022039 0.020470
v -0.014743 -0.021998 0.020437
v -0.015650 -0.022630 0.020291
v -0.015357 -0.022052 0.020230
v -0.014996 -0.021651 0.020245
v -0.014510 -0.021484 0.020373
v -0.014784 -0.021685 0.020332
v -0.014571 -0.021475 0.020348
v -0.014433 -0.021585 0.019966
v -0.014645 -0.021795 0.019951
v -0.014679 -0.021543 0.019866
v -0.014858 -0.021762 0.019864
v -0.014922 -0.021502 0.019765
v -0.015762 -0.021616 0.019495
v -0.015899 -0.021506 0.019876
v -0.016804 -0.021349 0.019503
v -0.016024 -0.021996 0.019972
v -0.016670 -0.022459 0.019873
v -0.016664 -0.021834 0.019693
v -0.016187 -0.022650 0.020102
v -0.016715 -0.022523 0.019875
v -0.016206 -0.022726 0.020118
v -0.016712 -0.023071 0.019210
v -0.017091 -0.022131 0.019624
v -0.017278 -0.021604 0.019405
v -0.017027 -0.022085 0.019635
v -0.017203 -0.021587 0.019427
v -0.017172 -0.021039 0.019280
v -0.017111 -0.021049 0.019305
v -0.017017 -0.021311 0.019415
v -0.017246 -0.021027 0.019249
v -0.017389 -0.021159 0.018410
v -0.017074 -0.020466 0.018324
v -0.016999 -0.020485 0.019182
v -0.016576 -0.020061 0.019213
v -0.016534 -0.019924 0.018364
v -0.016939 -0.020525 0.019215
v -0.016899 -0.020839 0.019320
v -0.016539 -0.020123 0.019244
v -0.016031 -0.019894 0.019362
v -0.016325 -0.020471 0.019422
v -0.016686 -0.020872 0.019407
v -0.016761 -0.020949 0.018939
v -0.016548 -0.020983 0.019026
v -0.015777 -0.021019 0.019779
v -0.015658 -0.020527 0.019680
v -0.015640 -0.021129 0.019398
v -0.014878 -0.021175 0.020150
v -0.014665 -0.021211 0.020237
v -0.014739 -0.021285 0.019769
v -0.015017 -0.020689 0.019959
v -0.015012 -0.020065 0.019781
v -0.014655 -0.020438 0.020017
v -0.014478 -0.020936 0.020226
v -0.014437 -0.021497 0.020403
v -0.014404 -0.020918 0.020247
v -0.013759 -0.021020 0.019685
v -0.013801 -0.021758 0.019884
v -0.014590 -0.020392 0.020028
v -0.013997 -0.020348 0.019405
v -0.014967 -0.020000 0.019777
v -0.014478 -0.019846 0.019085
v -0.015477 -0.019799 0.019535
v -0.015496 -0.019874 0.019550
v -0.015129 -0.019588 0.018774
v -0.016042 -0.019820 0.019336
v -0.015852 -0.019616 0.018520
v -0.015619 -0.019802 0.017877
v -0.014896 -0.019774 0.018130
v -0.014923 -0.019882 0.018152
v -0.014245 -0.020032 0.018441
v -0.014310 -0.020125 0.018444
v -0.013632 -0.021231 0.019010
v -0.013857 -0.020599 0.018746
v -0.014316 -0.020917 0.018672
v -0.013671 -0.021927 0.019197
v -0.014467 -0.021794 0.018870
v -0.015129 -0.020713 0.018318
v -0.015362 -0.021644 0.018503
v -0.015977 -0.020640 0.017989
v -0.015604 -0.019909 0.017914
v -0.016247 -0.020199 0.017765
v -0.016301 -0.020110 0.017719
v -0.016841 -0.020652 0.017680
v -0.014747 -0.022649 0.019017
v -0.013967 -0.022580 0.019279
v -0.014477 -0.023090 0.019242
v -0.015120 -0.023380 0.019092
v -0.014423 -0.023179 0.019287
v -0.013883 -0.022638 0.019327
v -0.014116 -0.022451 0.019970
v -0.013568 -0.021944 0.019240
v -0.013526 -0.021206 0.019041
v -0.013764 -0.020535 0.018761
v -0.014528 -0.021322 0.019856
v -0.015701 -0.021373 0.019446
v -0.016667 -0.021459 0.019121
v -0.016484 -0.021242 0.019124
v -0.016728 -0.021201 0.019024
v -0.016879 -0.021422 0.019034
v -0.016973 -0.021159 0.018923
v -0.016376 -0.006391 0.014264
v -0.016588 -0.006614 0.014297
v -0.016643 -0.006346 0.014156
v -0.016434 -0.006122 0.014120
v -0.015445 -0.006281 0.014520
v -0.015524 -0.006532 0.014610
v -0.014463 -0.006451 0.014921
v -0.014676 -0.006674 0.014953
v -0.015602 -0.006784 0.014700
v -0.015733 -0.006599 0.015098
v -0.016719 -0.006429 0.014695
v -0.014617 -0.006942 0.015097
v -0.014386 -0.006979 0.015190
v -0.014748 -0.006758 0.015495
v -0.014409 -0.006719 0.015062
v -0.014142 -0.006763 0.015170
v -0.014233 -0.006491 0.015015
v -0.014273 -0.006579 0.015567
v -0.014363 -0.006307 0.015412
v -0.014145 -0.006024 0.015353
v -0.014594 -0.006267 0.015318
v -0.014725 -0.005765 0.015042
v -0.015420 -0.005592 0.014734
v -0.014314 -0.005508 0.015058
v -0.014688 -0.005119 0.014756
v -0.014241 -0.005462 0.015061
v -0.014635 -0.005052 0.014742
v -0.015209 -0.004918 0.014491
v -0.015799 -0.004934 0.014305
v -0.016149 -0.005527 0.014464
v -0.015185 -0.004841 0.014463
v -0.014119 -0.005020 0.013960
v -0.015806 -0.004857 0.014267
v -0.014821 -0.004749 0.013604
v -0.013898 -0.005331 0.013288
v -0.014601 -0.005060 0.012933
v -0.015615 -0.004771 0.013353
v -0.015394 -0.005081 0.012682
v -0.016380 -0.005083 0.013247
v -0.016405 -0.005102 0.014183
v -0.016366 -0.005165 0.014226
v -0.016890 -0.005536 0.014224
v -0.016825 -0.005577 0.014265
v -0.016565 -0.005939 0.014518
v -0.017108 -0.006106 0.014418
v -0.016797 -0.005901 0.014424
v -0.016666 -0.006085 0.014027
v -0.016910 -0.006301 0.014047
v -0.017041 -0.006118 0.014445
v -0.016819 -0.006573 0.014202
v -0.016950 -0.006389 0.014600
v -0.017169 -0.006671 0.014659
v -0.017188 -0.006093 0.014385
v -0.017250 -0.006689 0.014640
v -0.016999 -0.007189 0.014954
v -0.016589 -0.006932 0.014970
v -0.016625 -0.007577 0.015257
v -0.015893 -0.007105 0.015279
v -0.016104 -0.007778 0.015521
v -0.015164 -0.007170 0.015549
v -0.014486 -0.007119 0.015747
v -0.015514 -0.007762 0.015707
v -0.015507 -0.007840 0.015746
v -0.014947 -0.007531 0.015787
v -0.016128 -0.007857 0.015549
v -0.016027 -0.008603 0.014992
v -0.016678 -0.007644 0.015270
v -0.016729 -0.008332 0.014636
v -0.016508 -0.008642 0.013965
v -0.017013 -0.008118 0.013556
v -0.017233 -0.007808 0.014228
v -0.017072 -0.007234 0.014952
v -0.017241 -0.007422 0.013159
v -0.017462 -0.007112 0.013831
v -0.017379 -0.006350 0.013505
v -0.017158 -0.006662 0.012834
v -0.016779 -0.005948 0.012628
v -0.017045 -0.006679 0.012880
v -0.016688 -0.006009 0.012686
v -0.015829 -0.005945 0.012938
v -0.016105 -0.005486 0.012635
v -0.016178 -0.006824 0.013231
v -0.015504 -0.007947 0.013973
v -0.016387 -0.007728 0.013580
v -0.015203 -0.006987 0.013627
v -0.014228 -0.007150 0.014022
v -0.014902 -0.006026 0.013281
v -0.014577 -0.008030 0.014315
v -0.014303 -0.008488 0.014617
v -0.015022 -0.008782 0.014517
v -0.013719 -0.007965 0.014568
v -0.013248 -0.007313 0.014419
v -0.013361 -0.007294 0.014375
v -0.013627 -0.008025 0.014625
v -0.013468 -0.007002 0.015091
v -0.014247 -0.008581 0.014679
v -0.013848 -0.007715 0.015296
v -0.014468 -0.008269 0.015349
v -0.014423 -0.007161 0.015787
v -0.014126 -0.006604 0.015627
v -0.014062 -0.006007 0.015371
v -0.014205 -0.006590 0.015594
v -0.014517 -0.006796 0.015588
v -0.013387 -0.006240 0.014766
v -0.013166 -0.006551 0.014094
v -0.013615 -0.005543 0.014368
v -0.013394 -0.005855 0.013697
v -0.013499 -0.005920 0.013693
v -0.013284 -0.006576 0.014067
v -0.013973 -0.005427 0.013308
v -0.014019 -0.006246 0.013673
v -0.014635 -0.005171 0.012972
v -0.015384 -0.005192 0.012736
v -0.016160 -0.005394 0.012575
v -0.017000 -0.005637 0.013300
v -0.014908 -0.007595 0.015829
v -0.015233 -0.008581 0.015243
v -0.015012 -0.008892 0.014571
v -0.015806 -0.008913 0.014320
v -0.015771 -0.008803 0.014280
v -0.016433 -0.008547 0.013944
v -0.017123 -0.007397 0.013186
v -0.016907 -0.008053 0.013561
v -0.015575 -0.006098 0.014917
v 0.021522 -0.011567 -0.003170
v 0.021400 -0.010992 -0.003047
v 0.022032 -0.012756 -0.002981
v 0.021162 -0.011045 -0.003489
v 0.021790 -0.012810 -0.003417
v 0.022396 -0.015317 -0.003813
v 0.022683 -0.015252 -0.003291
v 0.021503 -0.012875 -0.003939
v 0.019653 -0.013287 -0.007286
v 0.020869 -0.011111 -0.004005
v 0.020411 -0.015759 -0.007400
v 0.024809 -0.030090 -0.008065
v 0.017802 -0.013699 -0.010634
v 0.018429 -0.016201 -0.010990
v 0.022055 -0.030703 -0.013049
v 0.017516 -0.013763 -0.011154
v 0.018140 -0.016266 -0.011511
v 0.017898 -0.016318 -0.011951
v 0.017273 -0.013817 -0.011591
v 0.021765 -0.030768 -0.013570
v 0.021513 -0.030825 -0.014025
v 0.025376 -0.045409 -0.015729
v 0.025665 -0.045344 -0.015208
v 0.029961 -0.046893 -0.008845
v 0.029153 -0.044262 -0.008723
v 0.026250 -0.047720 -0.015559
v 0.025962 -0.047785 -0.016080
v 0.030567 -0.047563 -0.009141
v 0.026754 -0.048677 -0.015975
v 0.030911 -0.047502 -0.009378
v 0.027053 -0.048629 -0.016287
v 0.026461 -0.048762 -0.016492
v 0.025742 -0.047834 -0.016479
v 0.026140 -0.048833 -0.016558
v 0.026762 -0.048713 -0.016805
v 0.026239 -0.048827 -0.016887
v 0.045376 -0.039595 -0.025944
v 0.045014 -0.038897 -0.026160
v 0.044570 -0.037513 -0.026126
v 0.044962 -0.038440 -0.025993
v 0.044660 -0.037493 -0.025964
v 0.045188 -0.038859 -0.025852
v 0.045603 -0.039546 -0.025541
v 0.045412 -0.038810 -0.025447
v 0.044831 -0.037455 -0.025652
v 0.045053 -0.037407 -0.025246
v 0.044381 -0.035609 -0.025383
v 0.044197 -0.035636 -0.025694
v 0.041273 -0.024290 -0.024233
v 0.044110 -0.035651 -0.025861
v 0.041370 -0.024268 -0.024055
v 0.038463 -0.013012 -0.022621
v 0.041568 -0.024224 -0.023701
v 0.038562 -0.012989 -0.022442
v 0.038075 -0.011042 -0.022164
v 0.037977 -0.011066 -0.022342
v 0.038751 -0.012948 -0.022101
v 0.038975 -0.012898 -0.021697
v 0.038265 -0.011002 -0.021825
v 0.041794 -0.024174 -0.023297
v 0.043935 -0.023697 -0.019422
v 0.047315 -0.034717 -0.019933
v 0.044599 -0.035559 -0.024976
v 0.047940 -0.036763 -0.020027
v 0.048368 -0.038151 -0.020093
v 0.050164 -0.034319 -0.014910
v 0.050826 -0.036120 -0.014807
v 0.051326 -0.037491 -0.014739
v 0.050388 -0.034269 -0.014505
v 0.051050 -0.036071 -0.014402
v 0.051220 -0.036032 -0.014092
v 0.050558 -0.034217 -0.014190
v 0.051552 -0.037440 -0.014336
v 0.051585 -0.038214 -0.014715
v 0.051505 -0.036983 -0.014151
v 0.051805 -0.038163 -0.014307
v 0.051723 -0.037402 -0.014025
v 0.035064 -0.046288 -0.001952
v 0.034773 -0.046373 -0.002470
v 0.034389 -0.046447 -0.002308
v 0.034677 -0.046362 -0.001792
v 0.033959 -0.046001 -0.001610
v 0.034180 -0.045952 -0.001210
v 0.034588 -0.046365 -0.001440
v 0.034298 -0.045927 -0.001002
v 0.034900 -0.046297 -0.001396
v 0.051311 -0.036013 -0.013929
v 0.050645 -0.034195 -0.014024
v 0.033445 -0.043588 -0.001126
v 0.046595 -0.023105 -0.014610
v 0.028226 -0.029328 -0.001876
v 0.042572 -0.012097 -0.015191
v 0.046495 -0.023125 -0.014788
v 0.046300 -0.023170 -0.015143
v 0.042472 -0.012119 -0.015368
v 0.041877 -0.010198 -0.015291
v 0.042284 -0.012161 -0.015710
v 0.041777 -0.010219 -0.015468
v 0.041282 -0.008847 -0.015521
v 0.041378 -0.009292 -0.015616
v 0.041590 -0.010260 -0.015809
v 0.041100 -0.008889 -0.015862
v 0.042058 -0.012211 -0.016115
v 0.041367 -0.010311 -0.016215
v 0.040874 -0.008939 -0.016267
v 0.039925 -0.010631 -0.018815
v 0.040517 -0.012553 -0.018906
v 0.038490 -0.010951 -0.021421
v 0.038130 -0.009550 -0.021239
v 0.037907 -0.009601 -0.021644
v 0.037885 -0.010072 -0.021925
v 0.037713 -0.008862 -0.021550
v 0.037714 -0.009642 -0.021982
v 0.016810 -0.012015 -0.011358
v 0.017148 -0.013845 -0.011820
v 0.017772 -0.016348 -0.012179
v 0.021388 -0.030853 -0.014254
v 0.025149 -0.045442 -0.016134
v 0.025031 -0.045463 -0.016346
v 0.025629 -0.047857 -0.016690
v 0.017036 -0.012565 -0.011288
v 0.017050 -0.011960 -0.010920
v 0.016804 -0.011012 -0.010800
v 0.037932 -0.008813 -0.021143
v 0.017090 -0.010949 -0.010279
v 0.017337 -0.011898 -0.010398
v 0.019105 -0.011503 -0.007203
v 0.018816 -0.010565 -0.007159
v 0.020542 -0.010181 -0.004039
v 0.040611 -0.008217 -0.016290
v 0.020829 -0.010117 -0.003519
v 0.039278 -0.008515 -0.018719
v 0.039503 -0.009245 -0.018752
v 0.040840 -0.008167 -0.015886
v 0.046076 -0.023221 -0.015548
v 0.022161 -0.012726 -0.002754
v 0.022926 -0.015200 -0.002851
v 0.023054 -0.015171 -0.002624
v 0.028102 -0.029356 -0.002105
v 0.033326 -0.043620 -0.001336
v 0.027850 -0.029413 -0.002563
v 0.033106 -0.043686 -0.001744
v 0.033673 -0.046064 -0.002131
v 0.032821 -0.043749 -0.002265
v 0.027562 -0.029477 -0.003082
v 0.048592 -0.038880 -0.020126
v 0.008733 -0.019027 0.039230
v 0.007895 -0.012821 0.038021
v 0.025074 -0.019666 0.033782
v 0.007028 -0.019829 0.041794
v 0.006002 -0.012546 0.040679
v -0.000392 -0.022149 0.037030
v 0.005705 -0.034318 0.039779
v 0.009372 -0.033612 0.041853
v 0.026786 -0.032560 0.034078
v 0.029337 -0.042790 0.032489
v 0.034282 -0.034511 0.019237
v 0.032257 -0.024100 0.019593
v 0.030424 -0.015398 0.019872
v 0.038864 -0.027279 0.004586
v 0.040876 -0.038683 0.003381
v 0.040321 -0.046746 0.007302
v 0.041747 -0.048842 0.002926
v 0.038096 -0.038404 0.002118
v 0.036608 -0.027566 0.002924
v 0.033709 -0.018044 0.003690
v 0.034345 -0.027930 0.001974
v 0.030371 -0.017818 0.002872
v 0.028292 -0.009368 0.003242
v 0.022960 -0.021608 0.003343
v 0.019970 -0.011770 0.002646
v 0.019800 -0.006521 0.002667
v 0.013476 -0.016013 0.002668
v 0.026637 -0.003585 0.003588
v 0.031762 -0.009753 0.004163
v 0.030302 -0.004046 0.004432
v 0.026063 0.002187 0.004046
v 0.029198 0.002250 0.004912
v 0.023322 0.012163 0.004247
v 0.018471 -0.000578 0.002676
v 0.015989 0.008491 0.002572
v 0.001038 0.012836 -0.000587
v 0.013595 0.016768 0.002476
v 0.003230 0.000194 -0.000768
v 0.010756 0.001503 0.001382
v 0.010888 -0.005124 0.001535
v 0.003942 -0.007354 0.000056
v 0.012111 -0.008893 0.001884
v 0.004571 -0.013974 0.001286
v -0.006073 -0.021481 0.003949
v -0.005386 -0.016601 0.001879
v 0.002595 -0.019684 0.002649
v -0.006167 -0.025996 0.007137
v 0.001069 -0.024795 0.006043
v 0.012653 -0.023074 0.004509
v -0.004582 -0.028555 0.011516
v 0.002967 -0.026812 0.011598
v -0.002149 -0.029632 0.015150
v 0.012378 -0.026382 0.010382
v 0.003291 -0.028085 0.014807
v 0.001739 -0.030839 0.019376
v 0.004367 -0.029317 0.017810
v 0.007955 -0.027810 0.015560
v 0.007987 -0.029780 0.019181
v 0.012649 -0.028869 0.016021
v 0.016822 -0.029271 0.011610
v 0.019192 -0.032064 0.013650
v 0.017388 -0.032021 0.017910
v 0.012226 -0.030516 0.019913
v 0.010091 -0.033272 0.024635
v 0.007036 -0.038295 0.029980
v 0.016029 -0.041569 0.028915
v 0.005392 -0.031773 0.022196
v 0.014666 -0.034504 0.025039
v 0.019214 -0.048134 0.027319
v 0.019421 -0.037853 0.023568
v 0.022145 -0.039433 0.019196
v 0.023832 -0.039079 0.014226
v 0.024826 -0.052515 0.018817
v 0.026866 -0.050985 0.012680
v 0.030631 -0.064861 0.013634
v 0.028688 -0.047139 0.009002
v 0.034455 -0.059736 0.007122
v 0.032737 -0.065967 0.013918
v 0.036245 -0.061062 0.007494
v 0.036260 -0.052431 0.003304
v 0.038361 -0.053524 0.003392
v 0.036033 -0.045578 0.001870
v 0.035469 -0.038188 0.001401
v 0.028852 -0.041998 0.007292
v 0.038761 -0.047134 0.002143
v 0.040726 -0.054693 0.003662
v 0.040154 -0.051981 0.009556
v 0.039058 -0.055230 0.013358
v 0.038334 -0.062252 0.008298
v 0.035242 -0.066649 0.014480
v 0.029974 -0.065581 0.024631
v 0.037828 -0.057562 0.016393
v 0.036425 -0.057979 0.020575
v 0.036611 -0.052959 0.020422
v 0.036176 -0.048359 0.019891
v 0.032401 -0.048998 0.029766
v 0.033869 -0.052654 0.027653
v 0.021111 -0.056451 0.034842
v 0.017416 -0.052215 0.037538
v 0.034821 -0.054908 0.025612
v 0.025098 -0.060782 0.031173
v 0.022414 -0.061178 0.030303
v 0.027155 -0.065748 0.023817
v 0.024823 -0.065061 0.022920
v 0.020133 -0.061069 0.029213
v 0.021996 -0.051245 0.023640
v 0.018867 -0.057160 0.033824
v 0.016970 -0.057404 0.032585
v 0.013199 -0.053599 0.034636
v 0.015110 -0.052967 0.036348
v 0.014155 -0.045418 0.040188
v 0.011806 -0.045840 0.039560
v 0.007279 -0.046914 0.036698
v 0.009661 -0.046009 0.038512
v 0.002458 -0.034941 0.037898
v -0.006699 -0.024219 0.032346
v -0.001126 -0.038380 0.033434
v -0.007374 -0.032057 0.031994
v -0.000799 -0.038832 0.031583
v -0.006945 -0.033703 0.029573
v 0.006578 -0.046920 0.035178
v -0.012257 -0.031795 0.024611
v -0.013727 -0.029215 0.026585
v -0.006306 -0.034662 0.027537
v -0.010759 -0.033395 0.022860
v -0.003089 -0.032647 0.022827
v 0.001933 -0.034337 0.026565
v -0.007151 -0.031696 0.018615
v -0.009170 -0.030438 0.014443
v -0.012064 -0.028040 0.010162
v -0.013854 -0.032894 0.018745
v -0.014730 -0.031158 0.021293
v -0.016314 -0.030240 0.018091
v -0.015711 -0.031783 0.014586
v -0.016986 -0.024585 0.019721
v -0.016987 -0.024420 0.012270
v -0.011502 -0.023326 0.008096
v -0.017241 -0.024652 0.021010
v -0.016597 -0.023900 0.023650
v -0.015645 -0.024118 0.019999
v -0.016062 -0.024027 0.021608
v -0.017328 -0.024853 0.022678
v -0.016852 -0.028181 0.022532
v -0.015633 -0.028736 0.024441
v -0.015469 -0.022814 0.024784
v -0.015193 -0.022694 0.022407
v -0.015208 -0.020493 0.024423
v -0.015898 -0.017899 0.023774
v -0.008687 -0.017361 0.030071
v -0.014559 -0.020795 0.021940
v -0.013845 -0.021011 0.020038
v -0.014217 -0.019820 0.019181
v -0.015120 -0.019098 0.021196
v -0.016466 -0.018174 0.020171
v -0.017149 -0.017013 0.022508
v -0.017895 -0.016749 0.021678
v -0.015529 -0.012130 0.023264
v -0.010691 -0.009740 0.027252
v -0.011914 -0.001744 0.024583
v -0.016498 -0.006935 0.020673
v -0.003603 -0.007226 0.033115
v -0.015745 -0.004187 0.020423
v -0.002000 -0.015062 0.035376
v -0.017444 -0.007865 0.020272
v -0.016561 -0.008509 0.017152
v -0.015269 -0.007622 0.017456
v -0.018051 -0.012787 0.020957
v -0.018143 -0.008579 0.019976
v -0.017868 -0.008928 0.016790
v -0.017462 -0.016037 0.009793
v -0.017611 -0.014601 0.014716
v -0.017623 -0.009221 0.014288
v -0.017557 -0.006085 0.012742
v -0.016000 -0.008751 0.014622
v -0.014419 -0.008064 0.014862
v -0.015816 -0.006106 0.013509
v -0.013516 -0.006119 0.014588
v -0.014325 -0.005250 0.017215
v -0.014554 -0.003857 0.013953
v -0.016270 -0.003723 0.013164
v -0.016718 -0.002282 0.015286
v -0.017531 -0.002139 0.014876
v -0.017460 -0.003549 0.012453
v -0.017288 -0.000834 0.004982
v -0.017659 -0.007633 0.007186
v -0.017108 0.001082 0.010377
v -0.016274 0.003345 0.003499
v -0.005756 0.010645 -0.003502
v -0.010195 -0.002077 0.000827
v -0.011053 -0.008528 0.003003
v -0.002932 -0.003694 -0.003049
v -0.003492 0.008223 -0.003908
v -0.003182 -0.009620 -0.001551
v -0.011292 -0.016308 0.005581
v -0.004990 0.013158 -0.002219
v -0.003503 0.017307 0.000030
v -0.014712 0.008909 0.006311
v 0.003802 0.017732 0.000889
v 0.021707 0.022746 0.004696
v 0.006107 0.026370 0.001522
v 0.000145 0.026386 0.001995
v -0.004506 0.029247 0.009229
v -0.009312 0.020055 0.010399
v 0.001752 0.035739 0.001359
v 0.000515 0.051662 0.000097
v -0.003341 0.038338 0.007987
v 0.008212 0.033134 0.001562
v -0.003584 0.054948 0.005643
v -0.004535 0.067028 0.004076
v -0.008407 0.069422 0.009308
v -0.008082 0.059339 0.010961
v -0.008167 0.043590 0.013647
v -0.006791 0.071399 0.012513
v -0.005982 0.061509 0.014725
v -0.003193 0.063914 0.018676
v -0.000615 0.044910 0.023455
v -0.004921 0.044256 0.018498
v -0.004300 0.073561 0.015704
v 0.008128 0.074186 0.013231
v -0.005079 0.082741 0.012542
v 0.004122 0.084516 0.010673
v -0.005760 0.090568 0.009006
v -0.007870 0.080607 0.009934
v -0.007823 0.089660 0.007911
v -0.009196 0.078567 0.006803
v -0.008932 0.088361 0.006656
v -0.006148 0.078225 0.001178
v -0.001874 0.078470 -0.004589
v -0.006591 0.088984 0.000482
v 0.000510 0.064755 -0.001763
v 0.004662 0.062746 -0.000517
v 0.005496 0.049912 0.000490
v 0.015568 0.046222 0.003866
v 0.018982 0.030381 0.004293
v 0.024266 0.022942 0.005717
v 0.022445 0.029734 0.005706
v 0.024827 0.029324 0.007910
v 0.026905 0.023083 0.007325
v 0.018270 0.045241 0.005085
v 0.014439 0.061831 0.003932
v 0.012405 0.060594 0.002843
v 0.020878 0.044079 0.007122
v 0.016900 0.045278 0.014054
v 0.016590 0.063211 0.005368
v 0.013084 0.064060 0.011133
v 0.014313 0.073022 0.004485
v 0.011003 0.073669 0.009559
v 0.009157 0.086579 0.001936
v 0.006797 0.085995 0.006264
v 0.000701 0.089067 0.009565
v 0.001700 0.091213 0.004743
v 0.004166 0.091860 0.000207
v -0.003390 0.091857 0.002431
v 0.003846 0.089628 -0.000822
v -0.001382 0.092201 -0.001877
v -0.002185 0.090686 -0.003143
v -0.005415 0.090764 0.001272
v -0.002846 0.089076 -0.003963
v 0.003678 0.074826 -0.002049
v 0.003438 0.087570 -0.001509
v 0.007765 0.084990 0.000708
v 0.009975 0.072551 0.001493
v 0.006443 0.083557 -0.000265
v 0.012105 0.072780 0.002773
v 0.013433 0.046226 0.019726
v 0.009956 0.064712 0.015475
v 0.016306 0.031873 0.023296
v 0.001009 0.030976 0.026392
v 0.000532 0.030318 0.028090
v 0.000969 0.026425 0.029418
v 0.016649 0.027424 0.024636
v -0.004506 0.031636 0.022054
v -0.005400 0.023739 0.023457
v -0.005235 0.014889 0.026354
v -0.011468 0.012982 0.020585
v -0.010968 0.021316 0.018049
v -0.008702 0.032738 0.016436
v -0.014316 0.012128 0.016983
v -0.017479 0.003539 0.017198
v -0.018046 -0.000536 0.018011
v -0.011829 0.003925 0.023146
v -0.016879 -0.001605 0.019404
v -0.004864 0.005310 0.029412
v 0.004173 0.000314 0.037876
v 0.003407 0.006736 0.035941
v -0.004566 -0.000719 0.031115
v 0.004685 0.006539 0.033982
v 0.002128 0.016926 0.032452
v 0.003270 0.016235 0.030735
v 0.020653 0.007484 0.029477
v 0.018593 0.017873 0.027057
v 0.002029 0.025242 0.027825
v 0.023915 0.015421 0.017935
v 0.029989 0.012380 0.006801
v 0.032470 0.002250 0.006517
v 0.026131 0.005138 0.019108
v 0.021468 0.025500 0.016862
v 0.020154 0.030710 0.016301
v 0.033945 -0.004703 0.006490
v 0.027447 -0.001581 0.019812
v 0.021890 0.000974 0.030814
v 0.005526 0.000490 0.035946
v 0.023222 -0.004281 0.031551
v 0.006955 -0.005900 0.036665
v 0.004816 -0.004489 0.039126
v 0.028561 -0.007060 0.020107
v 0.024817 -0.012247 0.032543
v 0.035106 -0.010375 0.006390
v 0.036900 -0.018548 0.005751
v 0.026535 0.012289 0.005269
v -0.015502 -0.002785 0.016349
v -0.017480 -0.018566 0.018043
v -0.017657 -0.017762 0.019642
v -0.015841 -0.018939 0.018289
v -0.015573 -0.021531 0.018540
v -0.017186 -0.021577 0.018014
v -0.014514 -0.022863 0.020668
v 0.035493 -0.043175 0.019758
v 0.027422 -0.036313 0.006164
v 0.024193 -0.038135 0.010770
v 0.023252 -0.034783 0.008692
v 0.020619 -0.029941 0.006815
v 0.025422 -0.029431 0.004577
v 0.045054 -0.032994 -0.009872
v 0.044146 -0.027180 -0.009314
v 0.035079 -0.034454 -0.022898
v 0.043797 -0.039383 -0.004658
v 0.045773 -0.037457 -0.010301
v 0.036146 -0.039318 -0.022867
v 0.030171 -0.048434 -0.023484
v 0.028438 -0.051002 -0.020796
v 0.026077 -0.044097 -0.023287
v 0.035044 -0.042868 -0.017505
v 0.040807 -0.040574 -0.008978
v 0.025388 -0.049221 -0.021649
v 0.035437 -0.038261 -0.018137
v 0.039293 -0.038928 -0.009335
v 0.018838 -0.057377 -0.021687
v 0.021654 -0.059305 -0.021208
v 0.013751 -0.060614 -0.020674
v 0.015343 -0.062074 -0.019962
v 0.010483 -0.062045 -0.019418
v 0.003474 -0.062378 -0.016327
v 0.011119 -0.063061 -0.018747
v 0.010638 -0.062490 -0.021649
v 0.003425 -0.064141 -0.016231
v 0.015446 -0.061104 -0.022431
v 0.021447 -0.059345 -0.022853
v 0.014129 -0.053932 -0.022742
v 0.019332 -0.051698 -0.023141
v 0.007838 -0.049177 -0.022228
v 0.009648 -0.055987 -0.022159
v 0.011852 -0.045743 -0.022576
v 0.003254 -0.048799 -0.021804
v 0.004530 -0.040293 -0.022196
v 0.016164 -0.041533 -0.022745
v 0.020754 -0.038456 -0.022843
v 0.006068 -0.031036 -0.022313
v -0.000982 -0.001165 -0.022509
v 0.015917 -0.024781 -0.022336
v 0.006317 -0.003353 -0.022140
v -0.001894 -0.026117 -0.022308
v -0.003412 -0.036616 -0.021922
v -0.010516 -0.021159 -0.022856
v -0.008095 0.000347 -0.023202
v -0.004462 0.018726 -0.021770
v -0.013776 -0.004068 -0.018734
v -0.008658 0.017835 -0.018985
v -0.013838 0.004293 -0.017306
v -0.017821 -0.002873 -0.014194
v -0.013813 0.016940 -0.014551
v -0.016906 0.008476 -0.013383
v -0.020010 0.001756 -0.010947
v -0.018761 0.004243 -0.007591
v -0.015560 0.010838 -0.007658
v -0.013747 0.013461 -0.001055
v -0.012405 0.018612 -0.006329
v -0.010700 0.020524 0.003178
v -0.008973 0.021009 0.009306
v -0.007157 0.030130 0.009683
v -0.007988 0.031294 0.003246
v -0.005959 0.052046 0.006955
v -0.007340 0.051534 0.000663
v -0.009386 0.031174 -0.005673
v -0.010223 0.031013 -0.013423
v -0.008492 0.051898 -0.005057
v -0.008128 0.052199 -0.010108
v -0.008251 0.066826 -0.001412
v -0.009112 0.066444 -0.006284
v -0.009195 0.076080 -0.002151
v -0.009818 0.074823 -0.007266
v -0.008574 0.065841 -0.009551
v -0.009332 0.073877 -0.010169
v -0.003880 0.072877 -0.013510
v -0.003339 0.064947 -0.013315
v -0.002802 0.052404 -0.014383
v -0.005247 0.032034 -0.017341
v -0.001382 0.032705 -0.019915
v 0.001142 0.052546 -0.017438
v 0.003920 0.032542 -0.019653
v 0.004809 0.052400 -0.017700
v 0.000262 0.063867 -0.016225
v 0.004112 0.064233 -0.017214
v 0.003578 0.071832 -0.017137
v -0.000361 0.072187 -0.016167
v -0.000635 0.075684 -0.016063
v 0.003303 0.075862 -0.016990
v 0.007461 0.076536 -0.016875
v 0.002372 0.076302 -0.012485
v -0.001031 0.076357 -0.011407
v -0.003815 0.076576 -0.009850
v 0.003995 0.071727 -0.012207
v 0.000727 0.072527 -0.011132
v -0.003284 0.072356 -0.009174
v -0.004130 0.073996 -0.006604
v -0.004213 0.075743 -0.004383
v -0.004906 0.076988 -0.008382
v -0.009252 0.076334 -0.010187
v -0.004227 0.075792 -0.013393
v -0.005025 0.077649 -0.006466
v -0.009852 0.077027 -0.007459
v -0.004797 0.078988 -0.002318
v -0.004221 0.076403 -0.002228
v -0.004798 0.079886 0.002042
v -0.004455 0.078563 0.003038
v -0.006935 0.067744 0.004541
v -0.008564 0.078028 0.002966
v -0.008920 0.079214 0.001791
v -0.002918 0.068025 0.004420
v -0.001330 0.050432 0.006152
v -0.002577 0.029479 0.009400
v -0.006087 0.018329 0.008761
v -0.010091 0.011363 0.005454
v -0.012506 0.014367 0.006415
v -0.015737 0.008216 0.003301
v -0.016993 0.006958 -0.003723
v -0.019803 0.001591 -0.003129
v -0.017285 0.004739 0.003196
v -0.021054 -0.000082 -0.006464
v -0.021797 -0.001689 -0.009377
v -0.022118 -0.003221 -0.005532
v -0.022662 -0.008080 -0.005370
v -0.023204 -0.004740 -0.008225
v -0.020692 -0.001508 -0.002458
v -0.017912 0.001749 0.003383
v -0.021161 -0.006678 -0.001882
v -0.018170 -0.004015 0.004712
v -0.021234 -0.015967 -0.000088
v -0.023113 -0.017140 -0.004300
v -0.023689 -0.009319 -0.008481
v -0.023288 -0.027330 -0.002456
v -0.024429 -0.018183 -0.008059
v -0.023153 -0.027882 -0.009409
v -0.021997 -0.018397 -0.010682
v -0.025075 -0.028677 -0.006357
v -0.025212 -0.037159 -0.004946
v -0.023372 -0.035554 -0.000992
v -0.021124 -0.033707 0.003535
v -0.019365 -0.035768 0.003754
v -0.021146 -0.037726 -0.000707
v -0.022131 -0.039922 -0.004120
v -0.018125 -0.048998 -0.009187
v -0.017948 -0.038751 -0.005096
v -0.019105 -0.049151 -0.011603
v -0.012509 -0.051732 -0.019179
v -0.012457 -0.058496 -0.017884
v -0.018150 -0.045244 -0.013309
v -0.017003 -0.040174 -0.015605
v -0.012493 -0.042904 -0.020716
v -0.023883 -0.035530 -0.008233
v -0.021048 -0.033316 -0.011683
v -0.020178 -0.026780 -0.012865
v -0.018927 -0.018675 -0.014176
v -0.016124 -0.029916 -0.017620
v -0.014954 -0.020159 -0.018857
v -0.011770 -0.033216 -0.022032
v -0.021156 -0.006516 -0.010977
v -0.004539 -0.047079 -0.021025
v 0.002792 -0.057219 -0.020182
v -0.006481 -0.055276 -0.019783
v -0.007886 -0.061483 -0.018261
v 0.002403 -0.063778 -0.019608
v -0.007093 -0.061199 -0.012670
v -0.010907 -0.058135 -0.011331
v -0.005358 -0.058894 -0.012978
v -0.009677 -0.053718 -0.011697
v -0.015392 -0.043944 -0.009156
v -0.016931 -0.036732 -0.001949
v -0.014673 -0.034483 0.003108
v -0.010449 -0.030368 0.012057
v -0.011248 -0.026911 0.011800
v -0.016330 -0.029933 0.012510
v -0.014533 -0.031913 0.013291
v -0.021206 -0.025783 0.001932
v -0.016983 -0.022720 0.010395
v -0.012965 -0.022093 0.010731
v -0.015042 -0.013764 0.007916
v -0.014302 -0.004408 0.004769
v -0.017652 -0.013788 0.007707
v -0.013874 0.000943 0.003421
v -0.013368 0.003326 0.003026
v -0.012757 0.005689 0.003110
v -0.009304 0.078292 -0.002513
v 0.006999 0.071302 -0.012568
v 0.005217 0.076876 -0.013105
v 0.011246 0.077145 -0.016489
v 0.008189 0.077464 -0.012940
v 0.012167 0.077742 -0.011513
v 0.010727 0.071724 -0.011838
v 0.014601 0.077689 -0.015732
v 0.011481 0.072516 -0.016569
v 0.021955 0.074949 -0.005918
v 0.014867 0.072833 -0.015830
v 0.020413 0.079584 -0.005958
v 0.016335 0.078048 -0.006324
v 0.013507 0.080752 -0.002097
v 0.015602 0.071748 -0.006040
v 0.013376 0.071754 -0.009878
v 0.013331 0.073826 -0.003154
v 0.008261 0.075563 0.001800
v 0.005538 0.075659 0.005931
v 0.008825 0.082813 0.002072
v 0.008693 0.066591 0.001576
v 0.009002 0.050554 0.005939
v 0.006264 0.063524 0.005634
v 0.013210 0.048623 0.002155
v 0.015239 0.030148 0.008763
v 0.018335 0.034802 0.003152
v 0.023346 0.012320 0.004143
v 0.027385 -0.005391 0.005597
v 0.019420 0.014197 0.010482
v 0.018282 0.031717 0.010494
v 0.022798 0.015416 0.011759
v 0.023552 -0.004484 0.011847
v 0.027103 -0.020458 0.012285
v 0.030495 -0.018997 0.005805
v 0.028075 -0.002712 0.012085
v 0.030511 -0.002542 0.007747
v 0.025832 0.016055 0.007109
v 0.031465 -0.019829 0.013030
v 0.033167 -0.018957 0.009654
v 0.032731 -0.027276 0.013052
v 0.028620 -0.028353 0.012061
v 0.030297 -0.039206 0.012364
v 0.031518 -0.028360 0.007331
v 0.032340 -0.038051 0.008652
v 0.033010 -0.043522 0.008456
v 0.034107 -0.044519 0.007250
v 0.032803 -0.050050 0.008742
v 0.031373 -0.047202 0.011206
v 0.035381 -0.045646 0.012361
v 0.036156 -0.049481 0.010201
v 0.034401 -0.037641 0.013095
v 0.034415 -0.027355 0.010142
v 0.035272 -0.037315 0.011546
v 0.036277 -0.044392 0.011233
v 0.036296 -0.036905 0.009468
v 0.036473 -0.027479 0.006283
v 0.039876 -0.031003 0.000930
v 0.041642 -0.016101 -0.008607
v 0.035316 -0.017835 0.005223
v 0.033662 -0.002325 0.002090
v 0.037765 -0.000376 -0.007696
v 0.027250 -0.002822 -0.021150
v 0.023730 0.016934 -0.018917
v 0.033655 0.017265 -0.006653
v 0.029921 0.032659 -0.006157
v 0.029563 0.016826 0.000911
v 0.025648 0.032484 0.000540
v 0.020053 0.053309 0.000166
v 0.021582 0.032081 0.006247
v 0.024443 0.054013 -0.005365
v 0.016683 0.051983 -0.016255
v 0.015281 0.063668 -0.015882
v 0.022663 0.065998 -0.005806
v 0.017291 0.066220 0.000559
v 0.016865 0.076233 0.000952
v 0.012102 0.077010 0.005823
v 0.016738 0.081550 0.001244
v 0.011616 0.083038 0.005797
v 0.008059 0.081839 0.008192
v 0.005465 0.081129 0.005265
v 0.009049 0.075969 0.008587
v 0.013278 0.065432 0.005059
v 0.009918 0.064790 0.008235
v 0.012485 0.051195 0.008977
v 0.015935 0.052157 0.005294
v 0.011899 0.063785 -0.016555
v 0.012725 0.052479 -0.017095
v 0.008106 0.063871 -0.016842
v 0.007691 0.072148 -0.016958
v 0.008704 0.052317 -0.017218
v 0.014470 0.031796 -0.018951
v 0.008873 0.032495 -0.019155
v 0.008275 0.016758 -0.020814
v 0.015054 0.015922 -0.020398
v 0.015923 -0.003567 -0.021684
v 0.030749 -0.017052 -0.022052
v 0.033612 -0.028146 -0.022776
v 0.002113 0.018170 -0.021188
v 0.020340 0.031129 -0.018172
v 0.042944 -0.035886 -0.003723
v 0.038418 -0.039129 0.005984
v 0.037020 -0.042764 0.009520
v 0.040339 -0.043445 0.003208
v 0.038962 -0.045079 0.006196
v 0.038094 -0.044180 0.007732
v 0.037427 -0.047201 0.009391
v 0.037891 -0.051314 0.007668
v 0.038581 -0.048612 0.007158
v 0.040907 -0.045835 0.002321
v 0.041199 -0.047674 0.001570
v 0.044239 -0.042088 -0.005469
v 0.041621 -0.042031 -0.005903
v 0.038066 -0.047543 0.000347
v 0.033955 -0.051045 0.006286
v 0.037442 -0.044786 0.000166
v 0.040470 -0.040495 -0.005323
v 0.039400 -0.039085 -0.009026
v 0.036319 -0.044826 0.004802
v 0.025038 -0.048141 0.013605
v 0.024005 -0.047567 0.015398
v 0.025168 -0.044979 0.012962
v 0.023450 -0.050252 0.016247
v 0.024365 -0.051161 0.014530
v 0.025192 -0.045288 0.011139
v 0.025093 -0.048632 0.011829
v 0.023476 -0.049239 0.008872
v 0.023560 -0.045884 0.008164
v 0.024422 -0.051834 0.012819
v 0.022815 -0.052450 0.009880
v 0.023195 -0.054763 0.014080
v 0.023189 -0.053920 0.015719
v 0.021557 -0.056319 0.017116
v 0.020985 -0.054850 0.018575
v 0.022428 -0.052709 0.017321
v 0.021738 -0.052117 0.017765
v 0.020396 -0.054112 0.018934
v 0.019633 -0.053727 0.018560
v 0.018705 -0.055729 0.020226
v 0.018026 -0.055263 0.019783
v 0.016156 -0.056389 0.021077
v 0.011108 -0.044480 0.021626
v 0.006059 -0.032572 0.022175
v 0.007542 -0.056143 0.025968
v 0.021198 -0.039894 0.014938
v 0.002197 -0.051299 0.028078
v 0.009700 -0.056927 0.024886
v 0.011910 -0.057237 0.023679
v 0.018497 -0.035686 0.015657
v 0.001017 -0.049066 0.028315
v 0.000228 -0.046654 0.028292
v 0.001306 -0.037128 0.025797
v 0.008125 -0.031909 0.020860
v 0.012515 -0.032034 0.018368
v 0.020017 -0.037660 0.015175
v 0.021986 -0.042305 0.014960
v -0.000146 -0.044160 0.028015
v 0.002582 -0.035234 0.024693
v 0.010305 -0.031724 0.019574
v 0.014673 -0.032817 0.017285
v 0.021813 -0.049657 0.016508
v 0.014090 -0.057052 0.022393
v 0.020910 -0.051832 0.017455
v 0.003717 -0.053273 0.027596
v -0.000084 -0.041677 0.027491
v 0.005523 -0.054907 0.026882
v 0.000403 -0.039302 0.026744
v 0.004189 -0.033698 0.023469
v 0.016691 -0.034053 0.016371
v 0.022362 -0.044799 0.015236
v 0.022300 -0.047282 0.015761
v 0.023257 -0.044716 0.015406
v 0.023196 -0.047328 0.015967
v 0.024078 -0.044760 0.014800
v 0.022686 -0.049828 0.016762
v 0.023653 -0.041940 0.014480
v 0.024719 -0.041796 0.012621
v 0.024696 -0.041926 0.010777
v 0.023720 -0.038720 0.012596
v 0.023636 -0.038676 0.010751
v 0.020393 -0.036232 0.008085
v 0.022044 -0.035669 0.011067
v 0.021988 -0.039252 0.007763
v 0.023054 -0.042512 0.007792
v 0.021630 -0.039409 0.007851
v 0.020069 -0.036454 0.008167
v 0.018060 -0.033841 0.008809
v 0.017453 -0.034543 0.009230
v 0.019343 -0.037000 0.008626
v 0.017067 -0.034998 0.009528
v 0.020810 -0.039779 0.008329
v 0.018878 -0.037354 0.008950
v 0.020285 -0.040017 0.008667
v 0.021791 -0.042778 0.008357
v 0.021225 -0.042892 0.008693
v 0.022257 -0.045881 0.008700
v 0.021671 -0.045866 0.009022
v 0.022180 -0.048968 0.009352
v 0.021597 -0.048824 0.009647
v 0.021016 -0.051656 0.010537
v 0.021572 -0.051922 0.010281
v 0.021246 -0.055194 0.011175
v 0.022440 -0.052319 0.009925
v 0.020449 -0.054626 0.011457
v 0.018862 -0.056983 0.012831
v 0.019939 -0.054248 0.011664
v 0.019558 -0.057700 0.012635
v 0.019868 -0.057951 0.012650
v 0.017433 -0.059731 0.014253
v 0.017697 -0.060026 0.014303
v 0.019306 -0.059381 0.017202
v 0.015168 -0.061548 0.016052
v 0.016789 -0.060896 0.018942
v 0.014009 -0.061789 0.020713
v 0.014527 -0.060532 0.021973
v 0.017145 -0.059691 0.020306
v 0.017055 -0.057858 0.021426
v 0.019515 -0.058264 0.018666
v 0.014719 -0.058609 0.022913
v 0.012253 -0.058819 0.024366
v 0.012261 -0.057809 0.024329
v 0.014559 -0.057614 0.022976
v 0.016736 -0.056915 0.021591
v 0.019169 -0.056586 0.019962
v 0.009930 -0.057484 0.025596
v 0.009752 -0.058470 0.025728
v 0.007654 -0.056660 0.026731
v 0.007310 -0.057588 0.026950
v 0.005525 -0.055360 0.027687
v 0.005024 -0.056195 0.027986
v 0.003618 -0.053643 0.028431
v 0.002012 -0.051565 0.028930
v 0.002977 -0.054352 0.028793
v 0.001380 -0.055791 0.028730
v 0.003671 -0.057852 0.027768
v 0.001253 -0.052121 0.029335
v 0.000764 -0.049214 0.029171
v -0.000556 -0.053283 0.029374
v -0.000088 -0.049595 0.029595
v -0.002061 -0.050437 0.029685
v -0.000986 -0.046867 0.029560
v -0.000073 -0.046675 0.029137
v -0.000473 -0.044048 0.028838
v -0.000414 -0.041435 0.028277
v -0.001349 -0.041240 0.028626
v -0.001414 -0.044047 0.029234
v -0.003539 -0.044189 0.029263
v -0.003065 -0.047363 0.029646
v -0.003553 -0.051034 0.028773
v -0.004617 -0.047786 0.028739
v -0.005289 -0.051650 0.025842
v -0.006355 -0.048390 0.025812
v -0.005126 -0.044429 0.028353
v -0.006862 -0.045019 0.025438
v -0.005049 -0.041092 0.027627
v -0.003454 -0.041043 0.028540
v -0.000800 -0.038556 0.027766
v -0.002827 -0.038039 0.027534
v -0.001676 -0.035289 0.026303
v -0.004398 -0.037898 0.026600
v 0.000219 -0.036099 0.026686
v 0.002385 -0.034647 0.025311
v 0.001043 -0.036642 0.026479
v 0.001660 -0.033958 0.025430
v 0.004076 -0.033030 0.024018
v 0.003476 -0.032222 0.024043
v -0.000053 -0.032893 0.024889
v 0.001986 -0.030951 0.023334
v -0.003188 -0.034974 0.025312
v -0.001474 -0.032427 0.023815
v -0.003175 -0.032955 0.020944
v 0.000687 -0.030361 0.022164
v -0.004900 -0.035516 0.022438
v -0.006120 -0.038454 0.023718
v -0.005866 -0.038627 0.023461
v -0.004673 -0.035752 0.022210
v -0.002984 -0.033248 0.020750
v -0.005051 -0.039043 0.023013
v -0.003928 -0.036340 0.021836
v -0.004503 -0.039312 0.022741
v -0.002341 -0.033983 0.020462
v -0.003427 -0.036721 0.021614
v -0.001905 -0.034462 0.020297
v -0.000342 -0.032073 0.018942
v 0.000010 -0.032630 0.018838
v 0.002240 -0.031288 0.017297
v 0.001984 -0.030672 0.017333
v 0.004346 -0.028848 0.015686
v 0.001613 -0.029727 0.017422
v 0.004554 -0.029846 0.015700
v 0.007228 -0.028601 0.013991
v 0.007266 -0.029613 0.014104
v 0.004703 -0.030497 0.015730
v 0.007302 -0.030274 0.014200
v 0.010015 -0.029997 0.012608
v 0.009937 -0.030641 0.012766
v 0.012509 -0.031574 0.011477
v 0.012698 -0.030969 0.011265
v 0.015672 -0.031678 0.009760
v 0.013005 -0.030041 0.010975
v 0.015207 -0.032509 0.010124
v 0.014915 -0.033050 0.010385
v 0.010152 -0.029008 0.012402
v 0.015898 -0.031349 0.009714
v 0.013170 -0.029675 0.010954
v 0.017544 -0.030821 0.012655
v 0.014812 -0.029164 0.013869
v 0.010253 -0.028619 0.012413
v 0.011900 -0.028114 0.015313
v 0.007265 -0.028205 0.014036
v 0.008919 -0.027702 0.016927
v 0.004318 -0.028457 0.015769
v 0.005984 -0.027953 0.018654
v 0.001525 -0.029356 0.017543
v 0.003203 -0.028846 0.020422
v -0.001003 -0.030878 0.019291
v -0.000860 -0.031217 0.019132
v 0.006973 -0.028684 0.020028
v 0.004355 -0.029525 0.021694
v 0.005589 -0.030950 0.022578
v 0.007925 -0.030200 0.021091
v 0.008223 -0.031145 0.021268
v 0.010520 -0.030950 0.019915
v 0.010392 -0.029989 0.019639
v 0.012851 -0.031276 0.018648
v 0.012894 -0.030338 0.018280
v 0.009737 -0.028445 0.018400
v 0.012548 -0.028825 0.016875
v 0.015305 -0.029798 0.015514
v 0.015340 -0.031220 0.017063
v 0.015127 -0.032100 0.017514
v 0.017258 -0.033402 0.016557
v 0.017632 -0.032613 0.016038
v 0.017910 -0.031333 0.014379
v 0.019166 -0.035122 0.015813
v 0.019686 -0.034455 0.015241
v 0.020771 -0.037201 0.015313
v 0.021415 -0.036686 0.014705
v 0.020248 -0.033378 0.013497
v 0.022207 -0.035876 0.012894
v 0.019989 -0.033013 0.011708
v 0.018339 -0.033561 0.008742
v 0.022756 -0.039212 0.014446
v 0.022021 -0.039552 0.015074
v 0.022857 -0.042091 0.015106
v 0.006045 -0.031844 0.022654
v -0.005085 -0.042144 0.023632
v -0.005658 -0.041998 0.023942
v -0.005159 -0.045103 0.024257
v -0.004712 -0.048077 0.024585
v -0.005735 -0.045085 0.024594
v -0.005269 -0.048187 0.024938
v -0.006510 -0.041768 0.024449
v -0.006593 -0.045050 0.025143
v -0.006779 -0.041664 0.024729
v -0.006097 -0.048349 0.025508
v -0.005054 -0.051537 0.025538
v -0.004288 -0.051186 0.024965
v -0.002820 -0.053964 0.024670
v -0.002365 -0.053614 0.024329
v -0.003772 -0.050951 0.024612
v -0.000554 -0.055967 0.023754
v -0.000931 -0.056419 0.024069
v 0.001599 -0.057914 0.022903
v 0.004005 -0.059387 0.021812
v 0.001315 -0.058451 0.023181
v 0.000903 -0.059260 0.023641
v 0.003825 -0.059988 0.022044
v -0.001485 -0.057101 0.024585
v -0.003494 -0.054491 0.025224
v -0.003694 -0.054669 0.025522
v -0.001640 -0.057338 0.024869
v 0.000800 -0.059545 0.023902
v 0.000076 -0.056702 0.027787
v -0.001965 -0.054042 0.028450
v 0.002501 -0.058901 0.026805
v 0.003527 -0.061216 0.022665
v 0.005210 -0.060565 0.025553
v 0.008106 -0.061621 0.024081
v 0.006442 -0.062276 0.021201
v 0.006230 -0.059404 0.026551
v 0.008963 -0.060385 0.025149
v 0.011765 -0.060770 0.023607
v 0.011077 -0.062038 0.022448
v 0.012376 -0.062444 0.017830
v 0.009430 -0.062695 0.019568
v 0.009346 -0.062341 0.019403
v 0.012228 -0.062096 0.017702
v 0.014960 -0.061218 0.015964
v 0.014538 -0.060293 0.015961
v 0.011968 -0.061117 0.017597
v 0.014273 -0.059679 0.015982
v 0.009257 -0.061348 0.019197
v 0.011810 -0.060470 0.017549
v 0.009211 -0.060692 0.019084
v 0.006508 -0.060963 0.020697
v 0.006577 -0.060321 0.020521
v 0.006423 -0.061931 0.020999
v 0.003572 -0.060895 0.022431
v 0.016502 -0.058338 0.014440
v 0.018418 -0.056507 0.012981
v 0.016863 -0.058892 0.014352
v 0.000096 -0.038933 0.027482
v 0.021472 -0.057314 0.015558
v 0.021595 -0.055390 0.011158
v 0.023085 -0.049178 0.008937
v 0.023167 -0.045896 0.008245
v 0.022672 -0.042598 0.007880
v -0.019683 -0.050960 0.002211
v -0.020072 -0.051000 0.002295
v -0.019819 -0.047657 0.001636
v -0.019347 -0.054343 0.002543
v -0.018973 -0.054230 0.002453
v -0.018778 -0.050901 0.001747
v -0.018906 -0.047794 0.001207
v -0.018500 -0.044775 0.000381
v -0.017930 -0.044995 0.000112
v -0.018319 -0.047888 0.000903
v -0.018196 -0.050866 0.001421
v -0.017556 -0.053814 0.001639
v -0.018110 -0.053976 0.001975
v -0.016938 -0.056906 0.001886
v -0.017726 -0.057344 0.002359
v -0.018072 -0.057525 0.002448
v -0.015982 -0.060177 0.001927
v -0.016288 -0.060422 0.002007
v -0.015683 -0.063452 -0.001676
v -0.014074 -0.062927 0.001243
v -0.017888 -0.060958 -0.000915
v -0.015900 -0.062967 -0.003443
v -0.017976 -0.060619 -0.002727
v -0.019666 -0.058075 -0.000480
v -0.019653 -0.057906 -0.002314
v -0.020942 -0.054908 -0.000392
v -0.021675 -0.051581 -0.000650
v -0.020864 -0.054923 -0.002226
v -0.021575 -0.051786 -0.002470
v -0.019818 -0.054662 -0.004292
v -0.018765 -0.057284 -0.004366
v -0.019192 -0.054480 -0.004729
v -0.018196 -0.056960 -0.004799
v -0.017294 -0.059671 -0.004727
v -0.016804 -0.059217 -0.005139
v -0.015467 -0.061735 -0.005355
v -0.015077 -0.061169 -0.005733
v -0.013350 -0.063391 -0.006231
v -0.013493 -0.064851 -0.004439
v -0.013075 -0.062734 -0.006562
v -0.011028 -0.064583 -0.007318
v -0.008589 -0.065257 -0.008577
v -0.010880 -0.063862 -0.007589
v -0.010852 -0.066211 -0.005674
v -0.010322 -0.066893 -0.004048
v -0.008076 -0.066989 -0.007109
v -0.013126 -0.065452 -0.002734
v -0.011506 -0.064936 0.000180
v -0.011303 -0.064592 0.000140
v -0.013816 -0.062628 0.001180
v -0.008687 -0.066381 -0.001136
v -0.007376 -0.067709 -0.005573
v -0.005724 -0.067198 -0.002659
v -0.008546 -0.066007 -0.001147
v -0.008303 -0.065053 -0.001411
v -0.005648 -0.066805 -0.002636
v -0.010896 -0.063723 -0.000201
v -0.013259 -0.061875 0.000777
v -0.012907 -0.061386 0.000491
v -0.010641 -0.063157 -0.000446
v -0.008156 -0.064433 -0.001607
v -0.005576 -0.065804 -0.002812
v -0.005542 -0.065151 -0.002949
v -0.002823 -0.065957 -0.004346
v -0.002903 -0.065298 -0.004420
v -0.000148 -0.065495 -0.005956
v -0.000339 -0.064855 -0.005963
v 0.002346 -0.064448 -0.007580
v 0.002053 -0.063851 -0.007520
v 0.004562 -0.062844 -0.009155
v 0.004175 -0.062314 -0.009029
v 0.006418 -0.060755 -0.010621
v 0.005955 -0.060312 -0.010434
v 0.007837 -0.058254 -0.011920
v 0.007314 -0.057914 -0.011680
v 0.008772 -0.055442 -0.013006
v 0.008211 -0.055220 -0.012720
v 0.009179 -0.052424 -0.013831
v 0.008601 -0.052326 -0.013512
v 0.009052 -0.049317 -0.014370
v 0.008479 -0.049347 -0.014027
v 0.008388 -0.046238 -0.014591
v 0.007842 -0.046397 -0.014241
v 0.007224 -0.043301 -0.014488
v 0.006726 -0.043583 -0.014142
v 0.005601 -0.040622 -0.014050
v 0.005170 -0.041015 -0.013724
v 0.003583 -0.038300 -0.013309
v 0.003235 -0.038789 -0.013015
v 0.001237 -0.036434 -0.012292
v 0.000987 -0.037003 -0.012042
v -0.001347 -0.035095 -0.011060
v -0.001490 -0.035719 -0.010861
v -0.004080 -0.034350 -0.009672
v -0.004110 -0.035005 -0.009531
v -0.006850 -0.034213 -0.008171
v -0.006765 -0.034872 -0.008091
v -0.009546 -0.034694 -0.006603
v -0.009348 -0.035332 -0.006586
v -0.012059 -0.035758 -0.005017
v -0.011757 -0.036352 -0.005063
v -0.014284 -0.037370 -0.003461
v -0.013889 -0.037897 -0.003571
v -0.016144 -0.039462 -0.002001
v -0.015671 -0.039901 -0.002172
v -0.017564 -0.041964 -0.000705
v -0.017032 -0.042301 -0.000929
v -0.018394 -0.041459 -0.000397
v -0.019388 -0.044448 0.000758
v -0.020212 -0.047624 0.001707
v -0.019772 -0.044343 0.000808
v -0.021829 -0.048221 -0.001252
v -0.021404 -0.044955 -0.002162
v -0.018756 -0.041289 -0.000373
v -0.020400 -0.041911 -0.003349
v -0.016884 -0.038798 -0.001775
v -0.017212 -0.038568 -0.001782
v -0.015190 -0.036295 -0.003367
v -0.018865 -0.039202 -0.004757
v -0.014905 -0.036574 -0.003327
v -0.012540 -0.034860 -0.004979
v -0.009867 -0.033727 -0.006664
v -0.012771 -0.034542 -0.005056
v -0.010038 -0.033384 -0.006776
v -0.014431 -0.035191 -0.008010
v -0.016848 -0.036936 -0.006335
v -0.017108 -0.037936 -0.007874
v -0.019020 -0.040076 -0.006379
v -0.018089 -0.041664 -0.007905
v -0.020466 -0.042643 -0.005045
v -0.019354 -0.043903 -0.006731
v -0.017550 -0.042192 -0.008142
v -0.018746 -0.044309 -0.007032
v -0.020186 -0.046422 -0.005747
v -0.021398 -0.045526 -0.003917
v -0.019534 -0.046688 -0.006102
v -0.020543 -0.049125 -0.004996
v -0.020422 -0.051907 -0.004503
v -0.019874 -0.049245 -0.005393
v -0.021761 -0.048613 -0.003046
v -0.019761 -0.051876 -0.004928
v -0.019000 -0.049251 -0.005245
v -0.018897 -0.051748 -0.004811
v -0.018360 -0.054221 -0.004628
v -0.007710 -0.051112 -0.011291
v -0.007137 -0.038491 -0.014107
v -0.008282 -0.063731 -0.008476
v -0.017922 -0.044562 -0.006782
v -0.016098 -0.058719 -0.005025
v -0.001912 -0.062641 -0.012310
v -0.009351 -0.038368 -0.012874
v -0.006068 -0.063855 -0.009709
v -0.014460 -0.060572 -0.005589
v -0.013508 -0.039583 -0.010273
v -0.017417 -0.056576 -0.004698
v 0.003581 -0.052974 -0.017340
v -0.002859 -0.040163 -0.016206
v 0.000680 -0.043504 -0.017560
v -0.015289 -0.040872 -0.009007
v -0.004944 -0.039093 -0.015232
v -0.000958 -0.041651 -0.016994
v -0.016781 -0.042552 -0.007828
v -0.018674 -0.046824 -0.005909
v -0.011502 -0.038740 -0.011579
v -0.012559 -0.062059 -0.006376
v -0.010474 -0.063127 -0.007349
v 0.003479 -0.050476 -0.017774
v 0.001998 -0.045648 -0.017886
v 0.002503 -0.057662 -0.015802
v -0.000131 -0.061352 -0.013576
v 0.002941 -0.048002 -0.017958
v 0.003255 -0.055401 -0.016675
v -0.003918 -0.063483 -0.011004
v 0.001362 -0.059673 -0.014756
v -0.000001 -0.061995 -0.014185
v 0.001567 -0.060228 -0.015436
v 0.003400 -0.058505 -0.016795
v 0.002763 -0.058110 -0.016547
v 0.002135 -0.060745 -0.015622
v 0.004158 -0.061950 -0.015232
v 0.002255 -0.064084 -0.013722
v 0.000477 -0.062614 -0.014297
v -0.000011 -0.065707 -0.012084
v -0.001503 -0.064048 -0.012876
v -0.001872 -0.063352 -0.012841
v -0.003981 -0.064238 -0.011457
v -0.006244 -0.064629 -0.010085
v -0.003734 -0.064984 -0.011411
v -0.006125 -0.065395 -0.009959
v -0.002553 -0.066739 -0.010381
v -0.005273 -0.067170 -0.008695
v -0.004403 -0.067880 -0.007246
v -0.002733 -0.067364 -0.004327
v -0.001517 -0.067389 -0.009008
v 0.001175 -0.066263 -0.010786
v 0.000173 -0.066862 -0.006078
v 0.002884 -0.065724 -0.007844
v 0.000123 -0.066477 -0.005980
v -0.002720 -0.066967 -0.004268
v 0.002776 -0.065363 -0.007707
v 0.005131 -0.063658 -0.009382
v 0.005291 -0.063981 -0.009556
v 0.003570 -0.064530 -0.012503
v 0.005578 -0.062270 -0.014095
v 0.007309 -0.061711 -0.011150
v 0.007104 -0.061437 -0.010940
v 0.007116 -0.059560 -0.015499
v 0.008851 -0.058992 -0.012562
v 0.008613 -0.058778 -0.012322
v 0.009868 -0.055937 -0.013741
v 0.008134 -0.056512 -0.016662
v 0.008579 -0.053239 -0.017536
v 0.006975 -0.053387 -0.018432
v 0.006566 -0.056490 -0.017642
v 0.004233 -0.055988 -0.017777
v 0.005610 -0.059381 -0.016557
v 0.004591 -0.053285 -0.018523
v 0.003550 -0.055731 -0.017476
v 0.003889 -0.053176 -0.018183
v 0.004471 -0.050504 -0.019011
v 0.006838 -0.050197 -0.018927
v 0.003868 -0.047749 -0.019220
v 0.003775 -0.050547 -0.018647
v 0.003206 -0.047943 -0.018847
v 0.002210 -0.045464 -0.018776
v 0.002816 -0.045126 -0.019145
v 0.004956 -0.044060 -0.019013
v 0.006151 -0.047051 -0.019125
v 0.001346 -0.042739 -0.018781
v -0.000478 -0.040671 -0.018147
v 0.000818 -0.043207 -0.018434
v 0.003293 -0.041335 -0.018576
v 0.001229 -0.038976 -0.017837
v 0.006477 -0.043357 -0.018203
v 0.004721 -0.040457 -0.017728
v 0.006426 -0.039826 -0.014867
v 0.002539 -0.037945 -0.016927
v 0.008189 -0.042740 -0.015346
v 0.007962 -0.042881 -0.015049
v 0.009199 -0.046002 -0.015160
v 0.009452 -0.045931 -0.015461
v 0.007734 -0.046535 -0.018323
v 0.010174 -0.049278 -0.015221
v 0.009905 -0.049275 -0.014925
v 0.010039 -0.052580 -0.014353
v 0.009607 -0.055789 -0.013476
v 0.010311 -0.052656 -0.014639
v 0.008449 -0.049870 -0.018098
v 0.006237 -0.040030 -0.014581
v 0.004094 -0.037560 -0.013790
v 0.004235 -0.037300 -0.014057
v 0.000001 -0.035927 -0.015830
v 0.001686 -0.035271 -0.012948
v 0.001600 -0.035576 -0.012706
v -0.002798 -0.034477 -0.014501
v -0.001122 -0.033816 -0.011607
v -0.001148 -0.034152 -0.011395
v -0.005761 -0.033672 -0.013007
v -0.004094 -0.033007 -0.010101
v -0.004054 -0.033361 -0.009920
v -0.007106 -0.032860 -0.008474
v -0.008768 -0.033522 -0.011395
v -0.009431 -0.034781 -0.012638
v -0.012211 -0.035240 -0.011058
v -0.011698 -0.034040 -0.009713
v -0.014812 -0.036300 -0.009458
v -0.014449 -0.038359 -0.010645
v -0.016430 -0.039794 -0.009228
v -0.014111 -0.039068 -0.010736
v -0.015983 -0.040424 -0.009394
v -0.012003 -0.038182 -0.012118
v -0.009741 -0.037793 -0.013486
v -0.012215 -0.037422 -0.012102
v -0.009819 -0.037009 -0.013545
v -0.007409 -0.037922 -0.014789
v -0.007351 -0.037146 -0.014918
v -0.006591 -0.034943 -0.014160
v -0.003800 -0.035713 -0.015569
v -0.004909 -0.037818 -0.016173
v -0.001164 -0.037080 -0.016815
v -0.002590 -0.039013 -0.017264
v -0.002907 -0.039686 -0.017007
v -0.000907 -0.041253 -0.017839
v -0.005101 -0.038558 -0.015977
v -0.007000 -0.033215 -0.008328
v -0.008573 -0.064498 -0.008780
v -0.014860 -0.059176 0.001164
v -0.016432 -0.056622 0.001554
v -0.015297 -0.059570 0.001480
v 0.010202 -0.012255 0.015489
v 0.009404 0.013486 0.015234
v 0.021813 -0.014240 0.009290
v -0.004929 -0.014764 0.012388
v -0.004778 -0.024798 0.012903
v 0.006028 -0.024785 0.014776
v 0.018573 -0.026810 0.007953
v 0.024472 -0.026440 0.005414
v 0.018286 -0.037263 0.009707
v 0.026666 -0.017606 0.002064
v 0.022970 0.010858 0.003066
v 0.023606 0.008531 -0.001902
v 0.027465 -0.019507 -0.003365
v 0.022712 0.010580 -0.006665
v 0.027080 -0.023907 -0.008887
v 0.026091 -0.029733 0.001515
v 0.024735 -0.035338 -0.003135
v 0.024825 -0.039207 0.008075
v 0.027200 -0.040249 0.002090
v 0.026026 -0.041686 -0.001404
v 0.021758 -0.040722 0.001898
v 0.020358 -0.039601 0.005936
v 0.020787 -0.041346 -0.000758
v 0.018115 -0.032882 0.001603
v 0.017550 -0.034677 -0.002293
v 0.014514 -0.032131 0.005109
v 0.005250 -0.033859 0.000190
v 0.007176 -0.039871 -0.011154
v 0.004479 -0.030466 0.010322
v 0.009631 -0.036760 -0.011237
v -0.000369 -0.031905 0.007556
v -0.001375 -0.029963 0.005869
v -0.001360 -0.031239 0.003467
v -0.003504 -0.032717 0.001969
v 0.014405 -0.036213 -0.007458
v -0.005439 -0.035200 0.000985
v -0.005566 -0.036148 -0.002264
v 0.007934 -0.043742 -0.012516
v -0.007282 -0.040550 -0.003215
v -0.008399 -0.038971 0.002637
v -0.012493 -0.040420 -0.004692
v -0.009033 -0.044948 0.003675
v -0.012889 -0.038334 0.003678
v -0.005224 -0.046208 0.005891
v -0.004252 -0.040525 0.004149
v -0.003841 -0.046237 0.007585
v -0.002169 -0.041545 0.005390
v -0.001101 -0.041285 0.007779
v -0.002845 -0.045507 0.009950
v -0.003800 -0.043308 0.014253
v -0.006819 -0.047268 0.013414
v -0.008874 -0.045369 0.017624
v -0.007517 -0.048107 0.010580
v -0.010775 -0.046189 0.014982
v -0.005279 -0.046199 0.015696
v -0.009453 -0.040679 0.017127
v -0.005971 -0.035681 0.014985
v -0.013579 -0.040748 0.016169
v -0.011048 -0.034923 0.014119
v -0.016548 -0.041623 0.013409
v -0.012431 -0.046754 0.012947
v -0.012678 -0.047668 0.010044
v -0.008490 -0.048002 0.007927
v -0.010216 -0.048161 0.005001
v -0.013633 -0.048242 0.006699
v -0.016190 -0.042953 0.009464
v -0.013537 -0.044305 0.005804
v -0.014691 -0.036828 0.006723
v -0.012142 -0.026270 0.003704
v -0.010335 -0.025616 0.007008
v -0.014874 -0.034943 0.011369
v -0.008415 -0.024671 0.010253
v -0.006502 -0.015244 0.008588
v -0.002905 0.011717 0.012698
v -0.005572 0.010994 0.009561
v -0.009910 -0.015892 0.006134
v -0.008518 0.009910 0.005659
v -0.011890 -0.016561 0.003351
v -0.010824 -0.027193 -0.000107
v -0.012730 -0.016728 -0.001102
v -0.009429 0.009056 0.001953
v -0.009868 0.007839 -0.003997
v -0.006529 0.022921 0.001836
v -0.006317 0.021929 -0.000714
v -0.005319 0.021141 -0.006012
v -0.003951 0.023833 -0.007837
v -0.007282 0.026656 -0.003347
v -0.006026 0.027755 0.000581
v -0.000820 0.030071 0.009673
v -0.000823 0.025699 0.010932
v -0.006368 0.031491 0.000040
v -0.001291 0.033434 0.009086
v 0.006823 0.030695 -0.005479
v -0.007891 0.030295 -0.004253
v -0.004925 0.026936 -0.008558
v -0.005671 0.029275 -0.009132
v -0.003669 0.029762 -0.008088
v -0.000617 0.027331 -0.009548
v -0.000827 0.029406 -0.009840
v -0.003340 0.027551 -0.007886
v -0.002897 0.024653 -0.007452
v -0.000310 0.024599 -0.009117
v -0.000931 0.023548 -0.009701
v 0.003528 0.024188 -0.011813
v 0.003300 0.026887 -0.012283
v 0.005519 0.024039 -0.013348
v 0.003149 0.028933 -0.012611
v 0.006021 0.026721 -0.014406
v 0.006565 0.028757 -0.015109
v 0.006297 0.025822 -0.016389
v 0.006834 0.028215 -0.017755
v 0.008364 0.027810 -0.018971
v 0.008286 0.024192 -0.017316
v 0.012447 0.028155 -0.018354
v 0.011162 0.024694 -0.016285
v 0.014920 0.028350 -0.015487
v 0.014712 0.025059 -0.013836
v 0.015701 0.020331 -0.012640
v 0.010418 0.019214 -0.016132
v 0.021132 0.030868 -0.006739
v 0.020936 0.027527 -0.004902
v 0.021542 0.021794 0.000293
v 0.020681 0.023111 -0.002476
v 0.022545 0.027593 -0.001135
v 0.023340 0.031974 -0.002218
v 0.021546 0.027995 0.002743
v 0.022342 0.032690 0.002063
v 0.020770 0.033183 0.003721
v 0.019654 0.030774 0.004735
v 0.020772 0.021773 0.003790
v 0.007836 0.032564 0.012764
v 0.007030 0.035049 0.012811
v 0.018386 0.027613 0.006319
v 0.019450 0.011585 0.009385
v 0.008837 0.029268 0.012460
v 0.001374 0.027990 0.012287
v 0.001490 0.031902 0.012311
v 0.001632 0.034858 0.012207
v 0.018906 0.010369 -0.012223
v 0.014871 0.005728 -0.015151
v 0.008160 0.019389 -0.015185
v 0.003862 0.020127 -0.012310
v 0.003411 0.022922 -0.012761
v 0.005698 0.022674 -0.014522
v 0.010346 0.005971 -0.016795
v 0.019115 -0.022940 -0.017318
v 0.013341 -0.023166 -0.019588
v 0.001409 0.004996 -0.016057
v 0.002469 -0.021007 -0.018722
v -0.003682 0.005319 -0.012965
v -0.000563 0.020363 -0.009031
v -0.005199 -0.019463 -0.014751
v -0.006946 -0.030555 -0.008726
v 0.008273 -0.032948 -0.017131
v 0.011838 -0.033277 -0.020165
v 0.007665 -0.044234 -0.016153
v 0.011775 -0.044860 -0.016905
v 0.015149 -0.044743 -0.016952
v 0.012770 -0.043835 -0.011918
v 0.010722 -0.043869 -0.012491
v 0.014687 -0.043536 -0.010399
v 0.017801 -0.044372 -0.014482
v 0.018512 -0.037135 -0.013190
v 0.014055 -0.033938 -0.017958
v 0.023046 -0.024095 -0.014835
v -0.001892 -0.039241 0.010633
v 0.002761 -0.036357 0.014735
v 0.003169 -0.034926 0.020168
v 0.015891 -0.038553 0.008982
v -0.013499 0.068061 -0.016867
v -0.011833 0.077450 -0.018729
v -0.014274 0.068223 -0.016389
v -0.014501 0.066936 -0.016134
v -0.013724 0.066792 -0.016616
v -0.013388 0.068047 -0.016888
v -0.013612 0.066779 -0.016636
v -0.013290 0.068049 -0.016800
v -0.013515 0.066783 -0.016550
v -0.011629 0.077416 -0.018657
v -0.011725 0.077418 -0.018746
v -0.011405 0.078683 -0.018909
v -0.011500 0.078686 -0.018997
v -0.011608 0.078719 -0.018980
v -0.011543 0.078889 -0.019036
v -0.012356 0.079031 -0.018532
v -0.011445 0.078830 -0.019045
v -0.011298 0.078874 -0.018993
v -0.011353 0.078818 -0.018953
v -0.011382 0.078895 -0.019089
v -0.011227 0.078902 -0.019040
v -0.011300 0.078926 -0.019144
v -0.011456 0.078980 -0.019100
v -0.012202 0.079433 -0.018665
v -0.011898 0.079748 -0.018884
v -0.011341 0.079025 -0.019177
v -0.011170 0.079012 -0.019284
v -0.011501 0.079903 -0.019150
v -0.011157 0.078916 -0.019235
v -0.010222 0.078637 -0.019806
v -0.011093 0.078892 -0.019125
v -0.010227 0.078731 -0.019860
v -0.010078 0.079570 -0.020026
v -0.010109 0.078695 -0.019931
v -0.011099 0.079874 -0.019403
v -0.009960 0.079534 -0.020098
v -0.009922 0.079634 -0.020083
v -0.009804 0.079599 -0.020153
v -0.009844 0.079500 -0.020169
v -0.010038 0.079669 -0.020010
v -0.011068 0.079976 -0.019382
v -0.009965 0.079710 -0.019911
v -0.010998 0.080018 -0.019282
v -0.009849 0.079675 -0.019982
v -0.009412 0.079784 -0.019041
v -0.010444 0.080092 -0.018410
v -0.010380 0.080069 -0.018300
v -0.010883 0.080125 -0.018134
v -0.010810 0.080100 -0.018030
v -0.011239 0.079932 -0.017743
v -0.010769 0.080001 -0.017997
v -0.011165 0.079847 -0.017733
v -0.010723 0.079078 -0.017948
v -0.010811 0.078988 -0.017885
v -0.011469 0.079532 -0.017512
v -0.010876 0.078817 -0.017828
v -0.011624 0.079129 -0.017380
v -0.011568 0.079592 -0.017505
v -0.011660 0.079604 -0.017595
v -0.011322 0.079953 -0.017840
v -0.011733 0.079162 -0.017363
v -0.011828 0.079165 -0.017451
v -0.011961 0.077873 -0.017108
v -0.012056 0.077875 -0.017196
v -0.012381 0.079091 -0.018322
v -0.012611 0.077800 -0.018066
v -0.013652 0.068338 -0.015217
v -0.013749 0.068334 -0.015304
v -0.014302 0.068260 -0.016175
v -0.014531 0.066970 -0.015919
v -0.013978 0.067045 -0.015048
v -0.013975 0.066555 -0.015009
v -0.013881 0.067048 -0.014961
v -0.013878 0.066568 -0.014923
v -0.013598 0.066129 -0.015013
v -0.013697 0.066076 -0.014996
v -0.013766 0.066584 -0.014946
v -0.012990 0.066701 -0.015449
v -0.012942 0.066569 -0.015468
v -0.013769 0.067035 -0.014982
v -0.013541 0.068322 -0.015237
v -0.012992 0.066891 -0.015464
v -0.012700 0.068139 -0.015806
v -0.012767 0.068160 -0.015716
v -0.012925 0.066871 -0.015555
v -0.012923 0.066711 -0.015542
v -0.012960 0.066706 -0.015666
v -0.012931 0.066625 -0.015679
v -0.012888 0.066617 -0.015556
v -0.012854 0.066465 -0.015515
v -0.012826 0.066542 -0.015590
v -0.012876 0.066559 -0.015708
v -0.012752 0.066492 -0.015781
v -0.012697 0.066378 -0.015608
v -0.012693 0.066470 -0.015668
v -0.011758 0.066191 -0.016238
v -0.011752 0.066097 -0.016184
v -0.011784 0.065224 -0.016089
v -0.011902 0.065258 -0.016018
v -0.011636 0.066062 -0.016255
v -0.011620 0.066190 -0.016292
v -0.011583 0.066308 -0.016360
v -0.011679 0.066307 -0.016447
v -0.011725 0.066220 -0.016410
v -0.011819 0.066214 -0.016351
v -0.011519 0.066028 -0.016327
v -0.011473 0.066284 -0.016378
v -0.011496 0.066156 -0.016352
v -0.011055 0.066025 -0.016622
v -0.011078 0.065896 -0.016596
v -0.011227 0.065057 -0.016430
v -0.007966 0.064084 -0.018419
v -0.007817 0.064923 -0.018586
v -0.007794 0.065051 -0.018611
v -0.007771 0.065181 -0.018637
v -0.007354 0.064920 -0.018881
v -0.007376 0.064792 -0.018856
v -0.007259 0.064756 -0.018927
v -0.007244 0.064884 -0.018964
v -0.007524 0.063953 -0.018688
v -0.007447 0.063818 -0.018776
v -0.007564 0.063853 -0.018705
v -0.007408 0.063918 -0.018761
v -0.007291 0.063883 -0.018832
v -0.007331 0.063784 -0.018848
v -0.007142 0.064722 -0.018998
v -0.006270 0.063578 -0.019454
v -0.006301 0.063476 -0.019476
v -0.005867 0.063549 -0.019709
v -0.005871 0.063445 -0.019746
v -0.006370 0.063434 -0.019576
v -0.007403 0.063742 -0.018947
v -0.007957 0.063668 -0.019818
v -0.008073 0.063702 -0.019746
v -0.006924 0.063360 -0.020446
v -0.007519 0.063777 -0.018875
v -0.007637 0.063812 -0.018804
v -0.008005 0.063984 -0.018436
v -0.008077 0.063943 -0.018534
v -0.008190 0.063737 -0.019674
v -0.008632 0.063869 -0.019405
v -0.008693 0.063892 -0.019517
v -0.008135 0.063726 -0.019858
v -0.008252 0.063761 -0.019786
v -0.008257 0.063854 -0.019841
v -0.008698 0.063986 -0.019571
v -0.008549 0.064824 -0.019737
v -0.008108 0.064693 -0.020007
v -0.008140 0.063820 -0.019912
v -0.007874 0.064623 -0.020150
v -0.008023 0.063784 -0.019983
v -0.007991 0.064658 -0.020078
v -0.008018 0.063690 -0.019929
v -0.007002 0.063480 -0.020606
v -0.006989 0.063384 -0.020557
v -0.006558 0.063353 -0.020828
v -0.006485 0.063327 -0.020723
v -0.006599 0.063450 -0.020861
v -0.006130 0.063521 -0.021115
v -0.006203 0.063605 -0.021125
v -0.005801 0.063860 -0.021353
v -0.006046 0.063499 -0.021017
v -0.005492 0.063575 -0.020147
v -0.005155 0.063923 -0.020391
v -0.005708 0.063848 -0.021262
v -0.005637 0.064290 -0.021495
v -0.004987 0.064362 -0.020535
v -0.005540 0.064287 -0.021406
v -0.005312 0.065578 -0.021662
v -0.005407 0.065580 -0.021750
v -0.003619 0.075118 -0.023553
v -0.004759 0.065652 -0.020792
v -0.004720 0.065673 -0.020669
v -0.003028 0.075208 -0.022559
v -0.003066 0.075192 -0.022682
v -0.002838 0.076482 -0.022938
v -0.003391 0.076408 -0.023809
v -0.003488 0.076405 -0.023897
v -0.002840 0.076971 -0.022978
v -0.003394 0.076898 -0.023849
v -0.003491 0.076884 -0.023935
v -0.003599 0.076418 -0.023876
v -0.003672 0.077376 -0.023862
v -0.003601 0.076867 -0.023912
v -0.004377 0.076561 -0.023393
v -0.003770 0.077323 -0.023845
v -0.004378 0.076751 -0.023409
v -0.004427 0.076882 -0.023390
v -0.004445 0.076741 -0.023316
v -0.004444 0.076581 -0.023303
v -0.004631 0.075329 -0.022928
v -0.004669 0.075314 -0.023052
v -0.004602 0.075292 -0.023142
v -0.004407 0.076596 -0.023179
v -0.003853 0.076669 -0.022308
v -0.004408 0.076746 -0.023192
v -0.004438 0.076827 -0.023179
v -0.003854 0.076819 -0.022320
v -0.004481 0.076835 -0.023302
v -0.004514 0.076987 -0.023343
v -0.004543 0.076910 -0.023268
v -0.004672 0.077073 -0.023251
v -0.004675 0.076982 -0.023191
v -0.004617 0.076959 -0.023077
v -0.004492 0.076892 -0.023150
v -0.003884 0.076901 -0.022308
v -0.004063 0.077035 -0.022207
v -0.003939 0.076967 -0.022279
v -0.003793 0.076928 -0.022221
v -0.003855 0.077003 -0.022187
v -0.003987 0.077075 -0.022109
v -0.004923 0.077354 -0.021538
v -0.004996 0.077312 -0.021636
v -0.003782 0.077087 -0.022192
v -0.003939 0.077172 -0.022099
v -0.004884 0.077453 -0.021522
v -0.003715 0.077988 -0.022311
v -0.004734 0.078292 -0.021688
v -0.005001 0.077488 -0.021450
v -0.005031 0.077358 -0.021436
v -0.005118 0.077524 -0.021379
v -0.005141 0.077394 -0.021353
v -0.005163 0.077266 -0.021328
v -0.005098 0.077237 -0.021417
v -0.005089 0.077307 -0.021577
v -0.005136 0.077219 -0.021540
v -0.005689 0.077144 -0.022411
v -0.005367 0.075919 -0.021282
v -0.005328 0.075937 -0.021159
v -0.005643 0.077232 -0.022448
v -0.005549 0.077239 -0.022508
v -0.005748 0.077263 -0.022565
v -0.005611 0.077262 -0.022620
v -0.005786 0.077145 -0.022498
v -0.006016 0.075844 -0.022241
v -0.005873 0.077296 -0.022505
v -0.006126 0.075867 -0.022222
v -0.005895 0.077167 -0.022480
v -0.006567 0.075998 -0.021953
v -0.006336 0.077299 -0.022210
v -0.009597 0.078273 -0.020221
v -0.006313 0.077428 -0.022236
v -0.009574 0.078400 -0.020247
v -0.010015 0.078532 -0.019977
v -0.010038 0.078403 -0.019952
v -0.009552 0.078529 -0.020272
v -0.009402 0.079368 -0.020438
v -0.009993 0.078660 -0.020003
v -0.006291 0.077556 -0.022261
v -0.006142 0.078395 -0.022429
v -0.006103 0.078494 -0.022412
v -0.009363 0.079468 -0.020422
v -0.005662 0.078363 -0.022681
v -0.005701 0.078263 -0.022697
v -0.005584 0.078228 -0.022768
v -0.005733 0.077390 -0.022602
v -0.005850 0.077425 -0.022531
v -0.005467 0.078193 -0.022840
v -0.005616 0.077355 -0.022674
v -0.004447 0.077889 -0.023463
v -0.004074 0.077687 -0.023683
v -0.004001 0.077770 -0.023686
v -0.005428 0.078293 -0.022824
v -0.004399 0.077986 -0.023453
v -0.004323 0.078027 -0.023354
v -0.003917 0.077806 -0.023594
v -0.003364 0.077880 -0.022723
v -0.003579 0.077402 -0.023773
v -0.003026 0.077477 -0.022903
v -0.002984 0.077469 -0.022780
v -0.003313 0.077864 -0.022605
v -0.003711 0.078079 -0.022371
v -0.003341 0.077786 -0.022531
v -0.003038 0.077421 -0.022693
v -0.003694 0.076982 -0.022238
v -0.002870 0.076966 -0.022761
v -0.002802 0.076977 -0.022853
v -0.002800 0.076497 -0.022814
v -0.002867 0.076516 -0.022724
v -0.003095 0.075229 -0.022468
v -0.003645 0.076660 -0.022242
v -0.003645 0.076850 -0.022257
v -0.003757 0.076833 -0.022234
v -0.003757 0.076674 -0.022221
v -0.003981 0.075406 -0.021970
v -0.004078 0.075404 -0.022058
v -0.005739 0.066036 -0.020200
v -0.006293 0.065961 -0.021071
v -0.006332 0.065941 -0.021194
v -0.006556 0.064673 -0.020942
v -0.006518 0.064695 -0.020820
v -0.006016 0.064634 -0.019905
v -0.005965 0.064769 -0.019950
v -0.006569 0.064560 -0.020776
v -0.006070 0.064578 -0.019865
v -0.006624 0.064504 -0.020735
v -0.006611 0.064530 -0.020895
v -0.006674 0.064466 -0.020850
v -0.006493 0.064635 -0.021030
v -0.006557 0.064465 -0.020973
v -0.005744 0.064323 -0.021478
v -0.005898 0.063920 -0.021346
v -0.006646 0.064374 -0.020910
v -0.006759 0.064329 -0.020833
v -0.006756 0.064433 -0.020795
v -0.006829 0.064485 -0.020603
v -0.006900 0.064443 -0.020706
v -0.006695 0.064476 -0.020689
v -0.006276 0.064560 -0.019733
v -0.006141 0.064550 -0.019817
v -0.006212 0.064536 -0.019623
v -0.006068 0.064526 -0.019713
v -0.006198 0.064439 -0.019574
v -0.006027 0.064427 -0.019682
v -0.005986 0.064558 -0.019768
v -0.005914 0.064472 -0.019758
v -0.005923 0.064623 -0.019814
v -0.005868 0.064767 -0.019861
v -0.005825 0.064563 -0.019821
v -0.005760 0.064733 -0.019878
v -0.005471 0.063704 -0.019974
v -0.005166 0.064019 -0.020194
v -0.005012 0.064421 -0.020326
v -0.005113 0.063953 -0.020272
v -0.005442 0.063613 -0.020034
v -0.005932 0.063402 -0.019853
v -0.004948 0.064383 -0.020413
v -0.004784 0.065708 -0.020581
v -0.005535 0.066003 -0.020129
v -0.003870 0.075391 -0.021990
v -0.005644 0.066033 -0.020112
v -0.007147 0.064815 -0.019052
v -0.007209 0.064839 -0.019164
v -0.007291 0.064897 -0.019117
v -0.007844 0.064822 -0.019988
v -0.007265 0.065020 -0.018995
v -0.007762 0.064763 -0.020035
v -0.007302 0.065002 -0.019118
v -0.007072 0.066302 -0.019376
v -0.007034 0.066320 -0.019253
v -0.007856 0.064928 -0.019989
v -0.007953 0.064928 -0.020077
v -0.007961 0.064788 -0.020092
v -0.007626 0.066228 -0.020246
v -0.007722 0.066228 -0.020334
v -0.007833 0.066250 -0.020316
v -0.005920 0.075844 -0.022153
v -0.008273 0.066382 -0.020046
v -0.008503 0.065082 -0.019789
v -0.008063 0.064951 -0.020058
v -0.008086 0.064821 -0.020032
v -0.008527 0.064953 -0.019764
v -0.011764 0.066055 -0.017799
v -0.011787 0.065926 -0.017774
v -0.012205 0.066186 -0.017530
v -0.012251 0.065929 -0.017479
v -0.011810 0.065797 -0.017747
v -0.012228 0.066057 -0.017504
v -0.012368 0.065964 -0.017407
v -0.012338 0.066093 -0.017421
v -0.012373 0.066139 -0.017220
v -0.012279 0.066146 -0.017281
v -0.012233 0.066233 -0.017317
v -0.012270 0.066216 -0.017441
v -0.012485 0.065999 -0.017337
v -0.012445 0.066099 -0.017320
v -0.013429 0.066280 -0.016760
v -0.013381 0.066377 -0.016749
v -0.013305 0.066418 -0.016652
v -0.013513 0.066450 -0.016671
v -0.013587 0.066366 -0.016667
v -0.013674 0.066471 -0.016620
v -0.013430 0.066485 -0.016578
v -0.013577 0.066524 -0.016638
v -0.013484 0.066550 -0.016549
v -0.013514 0.066632 -0.016536
v -0.013611 0.066619 -0.016623
v -0.013723 0.066602 -0.016600
v -0.014498 0.066486 -0.016097
v -0.014331 0.066030 -0.016165
v -0.014027 0.065667 -0.016328
v -0.014056 0.065589 -0.016253
v -0.014384 0.065983 -0.016078
v -0.014566 0.066476 -0.016005
v -0.014005 0.065572 -0.016134
v -0.014343 0.065975 -0.015954
v -0.014528 0.066480 -0.015880
v -0.013789 0.066049 -0.015084
v -0.013452 0.065646 -0.015264
v -0.013600 0.065351 -0.016374
v -0.013368 0.065681 -0.015171
v -0.013046 0.065426 -0.015503
v -0.012013 0.065117 -0.016133
v -0.012971 0.065466 -0.015406
v -0.011941 0.065159 -0.016034
v -0.012922 0.065563 -0.015395
v -0.013294 0.065765 -0.015175
v -0.011824 0.065125 -0.016105
v -0.011667 0.065189 -0.016161
v -0.011897 0.065083 -0.016205
v -0.011707 0.065089 -0.016176
v -0.011265 0.064957 -0.016445
v -0.011338 0.064916 -0.016545
v -0.011780 0.065048 -0.016276
v -0.011892 0.064842 -0.017415
v -0.012333 0.064973 -0.017146
v -0.012395 0.064997 -0.017258
v -0.012450 0.065009 -0.017075
v -0.012511 0.065032 -0.017187
v -0.012517 0.065125 -0.017241
v -0.012567 0.065042 -0.017004
v -0.012628 0.065067 -0.017116
v -0.013654 0.065464 -0.016547
v -0.013658 0.065374 -0.016487
v -0.012633 0.065160 -0.017170
v -0.012400 0.065090 -0.017313
v -0.011959 0.064959 -0.017581
v -0.011954 0.064864 -0.017528
v -0.014569 0.066956 -0.016043
v -0.014340 0.068245 -0.016299
v -0.012648 0.077780 -0.018190
v -0.012420 0.079069 -0.018445
v -0.012585 0.077743 -0.018276
v -0.012256 0.079499 -0.018586
v -0.011926 0.079839 -0.018825
v -0.012214 0.079529 -0.018467
v -0.011876 0.079878 -0.018711
v -0.011436 0.080050 -0.019005
v -0.011498 0.080007 -0.019112
v -0.012962 0.066857 -0.015679
v -0.012737 0.068124 -0.015930
v -0.011075 0.077491 -0.017787
v -0.011038 0.077511 -0.017664
v -0.011101 0.077548 -0.017576
v -0.010813 0.078778 -0.017915
v -0.010851 0.078757 -0.018039
v -0.010799 0.078892 -0.018082
v -0.010758 0.078923 -0.017963
v -0.010694 0.078987 -0.018008
v -0.010613 0.079019 -0.018063
v -0.010745 0.078948 -0.018122
v -0.010608 0.079123 -0.018025
v -0.010438 0.079111 -0.018132
v -0.010367 0.079973 -0.018252
v -0.009345 0.079668 -0.018874
v -0.009494 0.078829 -0.018708
v -0.009228 0.079633 -0.018946
v -0.009377 0.078794 -0.018779
v -0.009534 0.078730 -0.018724
v -0.009408 0.078665 -0.018766
v -0.010469 0.079008 -0.018153
v -0.010539 0.078967 -0.018254
v -0.010674 0.078977 -0.018169
v -0.009606 0.078688 -0.018824
v -0.009525 0.078629 -0.018870
v -0.010160 0.078614 -0.019694
v -0.010077 0.078555 -0.019740
v -0.010066 0.078450 -0.019739
v -0.009512 0.078524 -0.018869
v -0.010124 0.078568 -0.019894
v -0.010104 0.078433 -0.019863
v -0.010269 0.077103 -0.019694
v -0.010335 0.077133 -0.019605
v -0.010296 0.077150 -0.019482
v -0.009743 0.077224 -0.018611
v -0.012003 0.067533 -0.017575
v -0.012040 0.067516 -0.017699
v -0.011975 0.067486 -0.017788
v -0.011534 0.067354 -0.018057
v -0.009828 0.076972 -0.019963
v -0.011449 0.067607 -0.016705
v -0.011352 0.067608 -0.016617
v -0.009647 0.077225 -0.018524
v -0.011242 0.067584 -0.016636
v -0.009537 0.077202 -0.018543
v -0.010801 0.067454 -0.016905
v -0.011032 0.066153 -0.016647
v -0.007541 0.066480 -0.018895
v -0.007100 0.066350 -0.019164
v -0.005835 0.076097 -0.020801
v -0.009095 0.077070 -0.018812
v -0.008864 0.078370 -0.019069
v -0.009306 0.078502 -0.018800
v -0.008842 0.078498 -0.019094
v -0.005581 0.077526 -0.021084
v -0.005605 0.077398 -0.021059
v -0.005394 0.075966 -0.021071
v -0.005559 0.077655 -0.021110
v -0.008819 0.078628 -0.019120
v -0.005410 0.078493 -0.021276
v -0.008671 0.079467 -0.019287
v -0.008675 0.079560 -0.019341
v -0.009112 0.079598 -0.019017
v -0.009260 0.078759 -0.018851
v -0.009284 0.078630 -0.018825
v -0.009416 0.078525 -0.018781
v -0.009117 0.079692 -0.019072
v -0.009233 0.079726 -0.019000
v -0.009178 0.079715 -0.019183
v -0.009731 0.079640 -0.020053
v -0.009295 0.079749 -0.019112
v -0.008737 0.079583 -0.019452
v -0.005476 0.078610 -0.021443
v -0.009290 0.079508 -0.020324
v -0.006030 0.078536 -0.022313
v -0.005589 0.078404 -0.022583
v -0.005545 0.078328 -0.022753
v -0.005471 0.078369 -0.022653
v -0.005036 0.078479 -0.021712
v -0.004918 0.078444 -0.021783
v -0.004801 0.078409 -0.021855
v -0.004856 0.078421 -0.021671
v -0.005355 0.078335 -0.022725
v -0.003769 0.078101 -0.022484
v -0.004740 0.078386 -0.021742
v -0.004851 0.078327 -0.021617
v -0.004969 0.078362 -0.021545
v -0.004974 0.078456 -0.021600
v -0.005416 0.078588 -0.021331
v -0.009350 0.079761 -0.018929
v -0.007331 0.065049 -0.018905
v -0.011852 0.077842 -0.017124
v -0.007835 0.064723 -0.020134
v -0.006930 0.064342 -0.020726
v -0.006267 0.065904 -0.021281
v -0.005517 0.065610 -0.021734
v -0.003828 0.075130 -0.023621
v -0.003716 0.075115 -0.023640
v 0.001518 0.075759 0.020569
v -0.002381 0.075506 0.020643
v 0.001476 0.077447 0.019970
v 0.001886 0.074981 0.018641
v -0.001910 0.074670 0.018819
v -0.005738 0.074493 0.018682
v -0.009910 0.074027 0.016900
v -0.006620 0.075411 0.020345
v -0.006429 0.077070 0.019555
v -0.011036 0.076600 0.017550
v -0.011356 0.074927 0.018315
v -0.014640 0.075633 0.012580
v -0.015063 0.073953 0.013204
v -0.013312 0.073162 0.012367
v -0.015261 0.072114 0.006475
v -0.017184 0.072822 0.006998
v -0.015104 0.071922 0.004694
v -0.014503 0.070643 -0.002394
v -0.017078 0.072564 0.004933
v -0.016511 0.071067 -0.003049
v -0.016009 0.072808 -0.003439
v -0.016154 0.070064 -0.006761
v -0.014227 0.069723 -0.005811
v -0.012931 0.067993 -0.011607
v -0.010765 0.066600 -0.015577
v -0.014866 0.068361 -0.012477
v -0.014354 0.070078 -0.012873
v -0.012845 0.067063 -0.015965
v -0.012413 0.068783 -0.016422
v -0.012816 0.066272 -0.018627
v -0.010883 0.065927 -0.017897
v -0.010419 0.065641 -0.018606
v -0.011737 0.065585 -0.020225
v -0.009877 0.065528 -0.018765
v -0.010108 0.065010 -0.020751
v -0.009145 0.065429 -0.018661
v -0.009179 0.065372 -0.018698
v -0.008030 0.064742 -0.020172
v -0.007645 0.066499 -0.020791
v -0.006921 0.066753 -0.019446
v -0.007201 0.064942 -0.019039
v -0.007276 0.067835 -0.016593
v -0.007532 0.066102 -0.016021
v -0.009498 0.066150 -0.016803
v -0.011775 0.067272 -0.013777
v -0.013268 0.068441 -0.010248
v -0.009878 0.067372 -0.012739
v -0.009651 0.069126 -0.013262
v -0.011163 0.070302 -0.009928
v -0.011286 0.068573 -0.009361
v -0.012093 0.071274 -0.007170
v -0.012115 0.069531 -0.006588
v -0.014147 0.069342 -0.007346
v -0.014103 0.071248 -0.007983
v -0.012822 0.078222 -0.009841
v -0.012380 0.080669 -0.010490
v -0.010829 0.078089 -0.008976
v -0.009760 0.077065 -0.011723
v -0.009262 0.079495 -0.012373
v -0.010386 0.080538 -0.009630
v -0.011206 0.079630 -0.013339
v -0.009725 0.078579 -0.016743
v -0.007476 0.077204 -0.020422
v -0.007815 0.078496 -0.015715
v -0.008290 0.076020 -0.015061
v -0.005529 0.077094 -0.019491
v -0.005975 0.074645 -0.018718
v -0.004753 0.076292 -0.021741
v -0.006632 0.076714 -0.021506
v -0.007173 0.076819 -0.021902
v -0.006020 0.076170 -0.023486
v -0.007656 0.076759 -0.022142
v -0.007881 0.076272 -0.024078
v -0.008193 0.076958 -0.021671
v -0.009625 0.076808 -0.023208
v -0.008699 0.077254 -0.020922
v -0.010682 0.077435 -0.021589
v -0.008631 0.077808 -0.018626
v -0.010841 0.079263 -0.014668
v -0.010749 0.078084 -0.018978
v -0.013217 0.076901 -0.014805
v -0.011196 0.075627 -0.018303
v -0.012823 0.079354 -0.015505
v -0.014384 0.081172 -0.009933
v -0.012405 0.081169 -0.009030
v -0.012785 0.082131 -0.005407
v -0.014851 0.082238 -0.006000
v -0.015542 0.083809 0.002069
v -0.013509 0.083456 0.001788
v -0.013678 0.083652 0.003532
v -0.013784 0.085060 0.009977
v -0.015659 0.084072 0.004079
v -0.011969 0.084592 0.009024
v -0.008839 0.085467 0.013002
v -0.010323 0.086014 0.014535
v -0.005164 0.085885 0.015003
v -0.001742 0.085981 0.015434
v -0.006129 0.086469 0.016789
v -0.006246 0.083998 0.017561
v -0.010507 0.083527 0.015324
v -0.002322 0.086541 0.017309
v -0.002307 0.084066 0.017952
v 0.001182 0.084243 0.018194
v 0.001055 0.086699 0.017631
v 0.001584 0.086158 0.015687
v 0.001670 0.083693 0.016236
v 0.001888 0.076778 0.018007
v -0.002309 0.077180 0.019885
v -0.014016 0.082575 0.010668
v -0.016725 0.074541 0.006431
v -0.015987 0.081561 0.004697
v -0.016616 0.074291 0.004419
v -0.015867 0.081300 0.002686
v -0.015178 0.079747 -0.005329
v -0.015614 0.071804 -0.007142
v -0.014722 0.078697 -0.009202
v -0.011132 0.074946 -0.020921
v -0.012337 0.068014 -0.019044
v -0.010086 0.074310 -0.022532
v -0.011301 0.067364 -0.020571
v -0.008383 0.073751 -0.023386
v -0.009759 0.066778 -0.021286
v -0.006455 0.073616 -0.022767
v -0.005292 0.073763 -0.021138
v 0.000176 -0.012993 0.041294
v 0.000157 -0.011207 0.040648
v -0.003354 -0.013518 0.040506
v -0.000428 -0.012198 0.043227
v -0.000486 -0.010521 0.042607
v -0.004071 -0.012666 0.042370
v -0.004005 -0.010999 0.041618
v -0.004078 -0.004151 0.039523
v -0.000849 -0.003777 0.040604
v -0.000125 -0.004344 0.038632
v -0.004095 -0.001697 0.038750
v -0.000995 -0.001342 0.039928
v -0.000231 -0.001897 0.037968
v -0.003269 -0.002272 0.036821
v -0.006435 -0.005049 0.036231
v -0.006394 -0.002572 0.035498
v -0.007541 -0.002006 0.037231
v -0.003275 -0.004727 0.037584
v -0.003254 -0.011720 0.039706
v -0.006558 -0.012139 0.038347
v -0.006799 -0.013961 0.039233
v -0.010112 -0.012839 0.035659
v -0.009770 -0.005702 0.033506
v -0.012738 -0.006646 0.029533
v -0.009635 -0.003219 0.032749
v -0.012523 -0.004175 0.028849
v -0.011216 -0.002708 0.034130
v -0.014394 -0.003713 0.029829
v -0.016800 -0.007084 0.025557
v -0.016451 -0.004580 0.024873
v -0.014613 -0.006192 0.030539
v -0.015179 -0.013100 0.032495
v -0.011349 -0.005194 0.034916
v -0.011646 -0.012141 0.037036
v -0.007663 -0.011398 0.040069
v -0.007862 -0.013054 0.040878
v -0.011966 -0.013815 0.037797
v -0.015609 -0.014775 0.033145
v -0.010486 -0.014690 0.036489
v -0.013827 -0.015577 0.032216
v -0.013343 -0.013730 0.031510
v -0.015575 -0.014655 0.026729
v -0.016071 -0.016530 0.027323
v -0.017605 -0.017504 0.022473
v -0.018025 -0.015813 0.027945
v -0.017569 -0.014093 0.027393
v -0.019627 -0.016841 0.022927
v -0.019401 -0.018987 0.015838
v -0.019215 -0.015143 0.022348
v -0.020984 -0.016636 0.015728
v -0.021442 -0.018335 0.016221
v -0.022531 -0.018088 0.009644
v -0.022991 -0.019807 0.010142
v -0.020963 -0.020492 0.009753
v -0.020466 -0.018616 0.009208
v -0.022428 -0.020226 0.002235
v -0.022996 -0.022078 0.002875
v -0.023919 -0.021760 -0.003826
v -0.024418 -0.023561 -0.003178
v -0.025022 -0.021372 0.003236
v -0.024497 -0.019688 0.002639
v -0.025908 -0.021162 -0.003175
v -0.026354 -0.022837 -0.002576
v -0.026639 -0.024422 -0.007162
v -0.028360 -0.023651 -0.006095
v -0.028327 -0.024759 -0.008861
v -0.028011 -0.021955 -0.006690
v -0.030177 -0.024076 -0.008152
v -0.029764 -0.022369 -0.008746
v -0.030511 -0.024675 -0.010081
v -0.028483 -0.025004 -0.009707
v -0.027824 -0.022984 -0.009519
v -0.027943 -0.023213 -0.010272
v -0.027854 -0.023386 -0.010726
v -0.028199 -0.025162 -0.010182
v -0.027369 -0.023573 -0.011093
v -0.027602 -0.025367 -0.010579
v -0.029730 -0.025377 -0.011550
v -0.029485 -0.023611 -0.012150
v -0.027637 -0.024221 -0.013154
v -0.027854 -0.025981 -0.012466
v -0.026192 -0.024243 -0.012595
v -0.026476 -0.026042 -0.012140
v -0.027662 -0.025413 -0.010588
v -0.027469 -0.023550 -0.010974
v -0.026464 -0.023047 -0.009516
v -0.026552 -0.024863 -0.008926
v -0.025969 -0.022019 -0.005648
v -0.026127 -0.023874 -0.005124
v -0.024591 -0.025263 -0.009610
v -0.024445 -0.023515 -0.010176
v -0.023868 -0.022390 -0.006077
v -0.024027 -0.024156 -0.005567
v -0.024786 -0.023007 -0.001450
v -0.022665 -0.021489 -0.002539
v -0.022713 -0.023248 -0.002061
v -0.021790 -0.020683 0.000551
v -0.021785 -0.022463 0.001009
v -0.023878 -0.022286 0.001576
v -0.023869 -0.020343 0.001065
v -0.024732 -0.021110 -0.001974
v -0.022666 -0.013437 -0.001080
v -0.023564 -0.014268 -0.004161
v -0.023155 -0.011859 -0.004921
v -0.022250 -0.011013 -0.001827
v -0.020600 -0.013938 -0.001545
v -0.021515 -0.014780 -0.004685
v -0.021109 -0.012368 -0.005454
v -0.020184 -0.011511 -0.002295
v -0.022334 -0.013086 -0.008954
v -0.024404 -0.012626 -0.008492
v -0.024809 -0.015087 -0.007757
v -0.025312 -0.013770 -0.012775
v -0.025605 -0.016201 -0.011912
v -0.025460 -0.014214 -0.014156
v -0.023281 -0.014251 -0.013335
v -0.024277 -0.014836 -0.015563
v -0.023573 -0.016704 -0.012505
v -0.022728 -0.015548 -0.008196
v -0.024762 -0.017334 -0.014805
v -0.026697 -0.017113 -0.015290
v -0.026361 -0.014562 -0.016069
v -0.026623 -0.013954 -0.013973
v -0.026098 -0.013990 -0.014103
v -0.028112 -0.014147 -0.015307
v -0.028511 -0.016653 -0.014504
v -0.026689 -0.013753 -0.013262
v -0.028767 -0.013514 -0.013503
v -0.029141 -0.016001 -0.012737
v -0.026538 -0.013499 -0.012359
v -0.028415 -0.012980 -0.011574
v -0.028783 -0.015458 -0.010821
v -0.027040 -0.015132 -0.008779
v -0.025034 -0.014341 -0.005250
v -0.026684 -0.012683 -0.009533
v -0.024733 -0.011888 -0.005991
v -0.022733 -0.012341 -0.006646
v -0.024923 -0.013269 -0.010648
v -0.023017 -0.014802 -0.005925
v -0.025273 -0.015721 -0.009905
v -0.026834 -0.015987 -0.011631
v -0.026263 -0.022637 -0.007793
v -0.026992 -0.016231 -0.012485
v -0.026879 -0.016437 -0.013080
v -0.026428 -0.016498 -0.013220
v -0.026072 -0.016623 -0.013219
v -0.021637 -0.013160 0.000123
v -0.021344 -0.010688 -0.000619
v -0.019354 -0.008994 0.006806
v -0.023445 -0.010311 -0.000197
v -0.021441 -0.008603 0.007283
v -0.023737 -0.012788 0.000556
v -0.021759 -0.011104 0.007914
v -0.020107 -0.009752 0.013989
v -0.019776 -0.007282 0.013361
v -0.016096 -0.006211 0.019026
v -0.017687 -0.007675 0.012894
v -0.018172 -0.005801 0.019531
v -0.018467 -0.008266 0.020281
v -0.014428 -0.005016 0.024208
v -0.014776 -0.007502 0.024875
v -0.016390 -0.008663 0.019767
v -0.017161 -0.015666 0.021858
v -0.018016 -0.010134 0.013523
v -0.018912 -0.017148 0.015302
v -0.019670 -0.011483 0.007436
v -0.030078 -0.022935 -0.010593
v -0.007580 -0.004484 0.037993
v -0.027217 -0.024562 -0.005080
v -0.028478 -0.024329 -0.005163
v -0.027221 -0.024640 -0.005231
v -0.027206 -0.024485 -0.005011
v -0.027427 -0.025612 -0.004824
v -0.027363 -0.024976 -0.004014
v -0.027414 -0.025380 -0.004371
v -0.028675 -0.025146 -0.004454
v -0.028689 -0.025378 -0.004907
v -0.028482 -0.024406 -0.005314
v -0.028675 -0.025776 -0.006234
v -0.027414 -0.026009 -0.006152
v -0.028622 -0.027290 -0.011304
v -0.027362 -0.027524 -0.011221
v -0.027175 -0.024979 -0.006457
v -0.027123 -0.026493 -0.011527
v -0.024687 -0.012835 -0.010060
v -0.028490 -0.024735 -0.006544
v -0.028437 -0.026249 -0.011613
v -0.026003 -0.012592 -0.010146
v -0.025764 -0.011561 -0.010452
v -0.025950 -0.014106 -0.015215
v -0.025778 -0.011164 -0.009123
v -0.025982 -0.012201 -0.008934
v -0.024720 -0.012435 -0.008852
v -0.025712 -0.013075 -0.015521
v -0.025698 -0.013472 -0.016849
v -0.024437 -0.013706 -0.016766
v -0.024450 -0.013309 -0.015439
v -0.024503 -0.011794 -0.010369
v -0.024636 -0.014349 -0.015129
v -0.025806 -0.014175 -0.015230
v -0.028281 -0.026256 -0.011646
v -0.024643 -0.014678 -0.016359
v -0.025788 -0.014498 -0.016421
v -0.024451 -0.013939 -0.017218
v -0.024648 -0.014755 -0.016511
v -0.025792 -0.014570 -0.016563
v -0.025800 -0.014637 -0.016622
v -0.025910 -0.014521 -0.016593
v -0.024658 -0.014832 -0.016578
v -0.024582 -0.014837 -0.017751
v -0.024502 -0.014343 -0.017576
v -0.024673 -0.014927 -0.016613
v -0.024671 -0.015308 -0.017717
v -0.024703 -0.015085 -0.016601
v -0.025813 -0.014719 -0.016651
v -0.025934 -0.014693 -0.016694
v -0.025842 -0.014866 -0.016641
v -0.025919 -0.014599 -0.016662
v -0.025763 -0.014109 -0.017659
v -0.025711 -0.013705 -0.017302
v -0.025905 -0.014444 -0.016442
v -0.025842 -0.014603 -0.017834
v -0.025932 -0.015075 -0.017800
v -0.025964 -0.014851 -0.016683
v -0.028339 -0.026442 -0.013245
v -0.028348 -0.026867 -0.014302
v -0.028369 -0.026580 -0.013168
v -0.028440 -0.027280 -0.014073
v -0.027087 -0.027101 -0.014219
v -0.027178 -0.027514 -0.013990
v -0.027077 -0.026675 -0.013162
v -0.027108 -0.026814 -0.013086
v -0.028215 -0.026452 -0.013204
v -0.028243 -0.026581 -0.013133
v -0.027124 -0.026874 -0.013006
v -0.028257 -0.026634 -0.013063
v -0.027136 -0.026901 -0.012907
v -0.028268 -0.026657 -0.012977
v -0.028386 -0.026640 -0.013089
v -0.028397 -0.026667 -0.012990
v -0.028525 -0.027598 -0.013657
v -0.027264 -0.027832 -0.013574
v -0.028586 -0.027740 -0.013138
v -0.028609 -0.027687 -0.012632
v -0.027324 -0.027974 -0.013055
v -0.028405 -0.026650 -0.012821
v -0.028275 -0.026641 -0.012819
v -0.027144 -0.026884 -0.012738
v -0.027348 -0.027921 -0.012549
v -0.024516 -0.011397 -0.009041
v -0.024540 -0.011344 -0.008536
v -0.024729 -0.012417 -0.008683
v -0.025989 -0.012183 -0.008766
v -0.024741 -0.012444 -0.008584
v -0.026001 -0.012211 -0.008666
v -0.026018 -0.012271 -0.008587
v -0.025947 -0.011570 -0.007682
v -0.025861 -0.011253 -0.008099
v -0.025800 -0.011110 -0.008618
v -0.024599 -0.011487 -0.008016
v -0.024686 -0.011803 -0.007599
v -0.024756 -0.012505 -0.008504
v -0.024778 -0.012218 -0.007371
v -0.024787 -0.012642 -0.008428
v -0.026048 -0.012409 -0.008511
v -0.027162 -0.024234 -0.004990
v -0.027193 -0.024010 -0.003872
v -0.028422 -0.023999 -0.005072
v -0.027191 -0.024391 -0.004978
v -0.028452 -0.024158 -0.005061
v -0.028468 -0.024251 -0.005094
v -0.028624 -0.024741 -0.004096
v -0.028543 -0.024247 -0.003921
v -0.028453 -0.023776 -0.003956
v -0.027283 -0.024481 -0.003839
v -0.026040 -0.011984 -0.007454
v -0.004070 0.000014 0.038873
v -0.000413 0.000419 0.039731
v -0.003524 -0.013264 0.043600
v -0.003132 -0.013857 0.042448
v -0.003559 -0.000247 0.037687
v 0.000032 -0.000059 0.038574
v 0.000067 -0.012771 0.044421
v 0.000551 -0.013035 0.043222
v 0.000275 0.088140 0.017929
v 0.003695 0.088395 0.016967
v 0.001845 0.074874 0.021059
v 0.001194 0.074797 0.019704
v -0.000144 0.087983 0.016480
v 0.003002 0.088195 0.015628
v 0.005376 0.074973 0.020101
v 0.005204 0.074603 0.018551
vn 0.7580 -0.4532 -0.4691
vn 0.6021 0.2354 -0.7629
vn 0.7104 -0.5207 -0.4734
vn 0.9156 0.2381 -0.3241
vn 0.5846 0.1976 -0.7869
vn 0.9246 0.2633 -0.2752
vn 0.2354 0.1236 -0.9640
vn 0.8034 -0.3324 -0.4940
vn 0.1974 -0.0292 -0.9799
vn 0.7965 -0.3450 -0.4966
vn 0.2120 -0.1785 -0.9608
vn 0.7667 -0.5702 -0.2949
vn 0.5197 -0.7286 -0.4462
vn 0.1434 -0.2711 -0.9518
vn 0.1565 -0.8450 -0.5113
vn 0.0083 -0.3464 -0.9381
vn -0.1201 -0.3579 -0.9260
vn -0.0907 -0.9395 -0.3304
vn -0.2344 -0.3473 -0.9080
vn -0.4415 -0.8362 -0.3254
vn -0.3138 -0.2501 -0.9160
vn -0.9139 -0.3637 -0.1803
vn -0.8976 -0.1272 -0.4221
vn -0.3116 -0.1466 -0.9388
vn -0.3903 -0.0824 -0.9170
vn -0.8937 -0.4444 -0.0616
vn -0.5448 -0.0059 -0.8385
vn -0.7349 -0.6251 -0.2632
vn -0.8096 0.0117 -0.5869
vn -0.7624 -0.6254 -0.1663
vn -0.9778 -0.1341 0.1608
vn -0.9105 -0.0246 -0.4128
vn -0.9055 0.0698 -0.4185
vn -0.7607 0.0589 -0.6464
vn -0.8816 0.0724 -0.4665
vn -0.7954 0.0710 -0.6019
vn -0.8395 0.5379 -0.0762
vn -0.6233 0.7716 -0.1267
vn -0.9272 0.1006 0.3607
vn -0.5393 0.0809 -0.8382
vn -0.6685 0.6493 -0.3626
vn -0.4428 0.7042 -0.5550
vn -0.1597 0.0480 -0.9860
vn -0.6101 0.3319 -0.7194
vn 0.0147 0.0346 -0.9993
vn -0.6805 0.0595 -0.7303
vn 0.0251 0.0655 -0.9975
vn -0.7232 0.0619 -0.6878
vn 0.1075 0.1080 -0.9883
vn -0.5745 0.1612 -0.8025
vn 0.1228 0.1998 -0.9721
vn -0.7239 0.0843 -0.6847
vn 0.0684 0.2199 -0.9731
vn -0.6745 0.1290 -0.7269
vn 0.1636 0.1849 -0.9691
vn -0.8095 -0.4689 -0.3532
vn -0.2829 0.0029 -0.9591
vn -0.7175 -0.2374 -0.6549
vn 0.0433 0.1586 -0.9864
vn -0.9179 -0.1371 -0.3724
vn -0.4878 -0.1310 -0.8631
vn -0.9675 -0.0586 -0.2459
vn -0.5255 -0.1369 -0.8397
vn -0.7395 0.4782 -0.4738
vn -0.5234 -0.1427 -0.8401
vn -0.3076 -0.1678 -0.9366
vn -0.4251 0.5859 -0.6900
vn -0.1528 0.5837 -0.7975
vn 0.1363 -0.1455 -0.9799
vn 0.7224 0.0608 -0.6888
vn 0.2868 0.7006 -0.6534
vn 0.4665 0.8441 -0.2644
vn 0.9757 0.2191 -0.0099
vn 0.3622 0.9301 0.0610
vn 0.8490 0.3261 0.4158
vn 0.7337 -0.4627 -0.4975
vn 0.9895 0.1073 0.0969
vn 0.9735 -0.0501 0.2230
vn 0.7494 -0.4677 -0.4687
vn 0.8314 -0.5050 -0.2318
vn 0.9554 -0.1119 0.2734
vn 0.5486 -0.8251 -0.1351
vn 0.9397 -0.1133 0.3227
vn 0.5646 -0.7226 0.3989
vn 0.8533 -0.1474 0.5002
vn 0.7357 -0.0614 0.6745
vn 0.2230 -0.7041 0.6742
vn -0.0834 -0.6202 0.7800
vn 0.6744 0.0012 0.7384
vn 0.0760 -0.2506 0.9651
vn 0.6617 0.0612 0.7473
vn 0.5928 0.1510 0.7911
vn -0.2709 -0.1553 0.9500
vn 0.4084 0.2082 0.8888
vn -0.5345 -0.2848 0.7957
vn 0.0469 0.1401 0.9890
vn -0.4302 -0.2887 0.8553
vn -0.4520 0.1023 0.8861
vn -0.5661 -0.7100 0.4188
vn -0.6914 0.1076 0.7144
vn -0.8079 -0.4468 0.3843
vn -0.9721 -0.1080 -0.2084
vn -0.7077 0.2152 0.6729
vn -0.6700 0.2699 0.6915
vn -0.9397 0.2827 0.1925
vn -0.6483 0.3421 0.6802
vn -0.9944 0.0960 -0.0447
vn -0.6002 0.1256 0.7900
vn -0.6206 0.7034 0.3467
vn -0.1822 0.2354 0.9547
vn -0.4916 0.7112 0.5025
vn 0.2571 0.2254 0.9397
vn -0.3563 0.6516 0.6696
vn 0.4695 0.1772 0.8650
vn -0.2985 0.5177 0.8018
vn 0.5048 0.2948 0.8114
vn -0.3336 0.4054 0.8511
vn -0.3309 0.2716 0.9037
vn 0.4747 0.2845 0.8329
vn 0.4517 0.2515 0.8560
vn -0.3369 0.1579 0.9282
vn 0.4725 0.2161 0.8544
vn -0.3407 -0.0288 0.9397
vn 0.3055 0.2031 0.9303
vn -0.5050 -0.3375 0.7944
vn -0.4372 -0.3734 0.8182
vn 0.1193 0.2621 0.9576
vn -0.5974 -0.1910 0.7789
vn -0.1183 0.2687 0.9559
vn -0.0761 0.2527 0.9645
vn -0.7868 0.0896 0.6106
vn -0.0511 0.2127 0.9758
vn -0.6318 0.4710 0.6155
vn 0.1459 0.2624 0.9539
vn -0.1110 0.9682 0.2244
vn 0.2333 0.9555 0.1808
vn 0.1636 0.8969 0.4108
vn 0.6673 0.3062 0.6789
vn 0.4402 0.2902 0.8497
vn -0.2892 -0.1114 -0.9508
vn 0.1470 -0.0406 -0.9883
vn 0.2511 -0.0618 -0.9660
vn 0.7539 -0.0007 -0.6569
vn 0.8485 -0.0663 -0.5251
vn 0.2682 0.0263 -0.9630
vn 0.8002 0.0302 -0.5989
vn 0.9970 0.0765 -0.0083
vn 0.9858 0.1058 -0.1304
vn 0.9902 0.0745 -0.1178
vn 0.1325 0.2616 0.9560
vn 0.4431 0.2480 0.8615
vn 0.7176 0.2856 0.6351
vn 0.9033 0.1765 0.3911
vn 0.9353 0.2503 0.2500
vn 0.7647 0.2949 0.5730
vn 0.4880 0.3219 0.8113
vn 0.5106 0.1668 0.8435
vn 0.7469 0.1126 0.6554
vn 0.9316 0.1273 0.3404
vn 0.0302 -0.2185 -0.9754
vn -0.1797 -0.2658 -0.9471
vn -0.2032 -0.0758 -0.9762
vn 0.0328 -0.0080 -0.9994
vn -0.2047 0.0156 -0.9787
vn -0.0196 0.1029 -0.9945
vn -0.3857 0.0100 -0.9226
vn -0.0360 0.0470 -0.9982
vn 0.1074 0.0634 -0.9922
vn 0.8991 0.2302 -0.3724
vn 0.6715 0.1891 -0.7165
vn 0.3119 0.0978 -0.9451
vn 0.5174 0.1208 -0.8472
vn 0.7815 0.1686 -0.6008
vn 0.3749 0.2001 -0.9052
vn 0.4355 0.1062 -0.8939
vn 0.5004 0.2446 -0.8305
vn 0.7232 0.2034 -0.6600
vn 0.7919 0.2169 -0.5709
vn 0.8219 0.0558 -0.5669
vn 0.9597 0.0662 -0.2730
vn 0.9557 0.2498 -0.1558
vn 0.9117 0.2355 -0.3368
vn 0.9479 0.2338 -0.2163
vn 0.9813 0.0314 0.1898
vn 0.9529 0.2548 0.1644
vn 0.9593 0.2576 0.1159
vn 0.9559 0.2222 0.1918
vn 0.9526 0.2513 0.1714
vn 0.9725 0.1997 0.1199
vn 0.8440 0.1507 0.5147
vn 0.5873 0.1808 0.7889
vn 0.8689 0.2697 0.4151
vn 0.6320 0.2581 0.7307
vn 0.8405 0.2256 0.4927
vn 0.6587 0.2487 0.7101
vn 0.8842 0.1718 0.4343
vn 0.6879 0.2302 0.6884
vn 0.8547 0.2135 0.4732
vn 0.8638 0.1979 0.4633
vn 0.9199 0.1568 0.3595
vn 0.8977 0.0369 0.4391
vn 0.8654 -0.0430 0.4992
vn 0.7057 0.0394 0.7074
vn 0.7145 0.1395 0.6856
vn 0.7471 0.1725 0.6420
vn 0.6948 0.2089 0.6882
vn 0.3923 0.2504 0.8851
vn -0.0027 0.2693 0.9631
vn -0.4500 0.2403 0.8601
vn -0.4337 0.2815 0.8560
vn 0.0945 0.2970 0.9502
vn 0.4299 0.2658 0.8628
vn 0.6496 0.1945 0.7350
vn 0.3499 -0.9347 0.0626
vn 0.0627 -0.8841 -0.4631
vn 0.7325 -0.6191 0.2831
vn 0.8809 -0.3916 0.2660
vn 0.6156 -0.7252 0.3085
vn 0.8590 -0.4311 0.2762
vn 0.3485 -0.8671 0.3558
vn -0.1874 -0.8732 0.4499
vn 0.0840 -0.9076 0.4113
vn -0.7227 -0.5285 0.4454
vn -0.9089 0.0162 0.4167
vn -0.8256 -0.2507 0.5055
vn -0.5109 -0.7391 0.4390
vn -0.3264 -0.8626 0.3865
vn -0.3145 -0.6805 0.6619
vn -0.3661 0.0904 0.9262
vn -0.1588 0.9579 0.2391
vn -0.3798 0.4646 0.8000
vn -0.3274 0.8902 0.3169
vn -0.3513 0.9143 0.2018
vn -0.6000 0.7941 0.0963
vn -0.9980 0.0620 0.0118
vn -0.9997 -0.0242 0.0061
vn -0.9988 0.0489 -0.0042
vn -0.9964 -0.0732 -0.0429
vn -0.9989 0.0210 -0.0428
vn -0.7653 -0.6376 0.0887
vn -0.9532 -0.3016 0.0209
vn -0.8142 -0.4905 0.3105
vn -0.8724 0.0210 0.4884
vn -0.7547 0.4317 0.4940
vn -0.1471 0.9885 -0.0352
vn -0.2042 0.9699 -0.1324
vn -0.2209 0.9583 -0.1813
vn -0.2512 0.9460 -0.2049
vn -0.3007 0.9130 -0.2757
vn 0.0657 -0.6537 -0.7539
vn 0.0962 -0.6108 -0.7859
vn 0.0869 -0.7829 -0.6160
vn -0.0301 -0.9602 -0.2776
vn -0.2686 -0.9600 0.0792
vn -0.4476 -0.8358 0.3181
vn -0.5857 -0.6510 0.4829
vn -0.7254 -0.4480 0.5225
vn -0.7886 -0.4610 0.4069
vn -0.7738 -0.5955 0.2161
vn -0.5436 -0.8391 0.0167
vn -0.2450 -0.9645 -0.0988
vn -0.5622 -0.5944 -0.5750
vn -0.6911 -0.1971 -0.6954
vn -0.6956 -0.1430 -0.7040
vn -0.4939 0.6627 -0.5629
vn -0.4526 0.8321 -0.3206
vn -0.6366 0.7505 -0.1774
vn -0.7461 0.6626 0.0657
vn -0.8727 0.3906 0.2930
vn -0.8985 0.1897 0.3960
vn -0.9017 0.0660 0.4273
vn -0.9046 -0.0555 0.4227
vn -0.8387 -0.4077 0.3610
vn -0.6638 -0.7137 0.2238
vn -0.5696 -0.8149 0.1066
vn -0.9119 -0.3996 -0.0934
vn -0.9935 -0.0434 -0.1049
vn -0.5673 0.7684 -0.2962
vn -0.2275 0.9055 -0.3581
vn -0.2885 0.8866 -0.3616
vn -0.3212 0.8902 -0.3230
vn -0.4081 -0.1074 -0.9066
vn -0.3979 -0.1099 -0.9108
vn 0.2531 -0.2312 -0.9394
vn -0.6790 -0.0251 -0.7337
vn -0.7005 -0.0402 -0.7125
vn -0.3715 -0.1036 -0.9226
vn 0.1667 -0.1412 -0.9758
vn 0.7449 -0.1680 -0.6456
vn 0.7462 -0.2543 -0.6152
vn 0.7465 -0.2543 -0.6149
vn 0.2528 -0.2310 -0.9395
vn 0.3188 -0.3424 -0.8838
vn 0.7395 -0.3396 -0.5813
vn -0.3228 -0.1550 -0.9337
vn -0.6292 -0.0284 -0.7767
vn -0.4064 -0.1950 -0.8927
vn 0.1308 -0.5208 -0.8436
vn -0.0456 -0.7049 -0.7079
vn 0.6053 -0.6221 -0.4966
vn 0.3661 -0.8739 -0.3198
vn 0.0719 -0.9904 -0.1184
vn -0.2663 -0.7879 -0.5552
vn -0.4507 -0.2408 -0.8596
vn -0.6579 0.0321 -0.7524
vn -0.6165 0.0854 -0.7827
vn -0.5076 -0.2611 -0.8211
vn -0.5433 -0.2253 -0.8088
vn -0.4726 -0.6804 -0.5601
vn -0.5628 0.1151 -0.8185
vn -0.5736 -0.7533 -0.3218
vn -0.5561 -0.2328 -0.7978
vn -0.1851 -0.9827 -0.0041
vn -0.5118 0.1221 -0.8504
vn -0.4806 0.1566 -0.8629
vn -0.4837 0.1457 -0.8630
vn -0.5849 -0.1425 -0.7985
vn -0.1357 0.7829 -0.6072
vn -0.2734 0.6090 -0.7445
vn -0.2219 0.6811 -0.6978
vn -0.4913 0.1197 -0.8627
vn -0.2450 0.7400 -0.6263
vn 0.0907 0.9453 -0.3133
vn 0.0211 0.9753 -0.2198
vn 0.1621 0.9862 -0.0334
vn 0.1249 0.9566 -0.2633
vn 0.2398 0.9673 -0.0821
vn 0.4575 0.7428 0.4888
vn -0.0713 0.9903 0.1192
vn 0.2660 0.7881 0.5551
vn 0.5076 0.2624 0.8207
vn 0.0462 0.7044 0.7083
vn 0.4511 0.2403 0.8596
vn 0.6164 -0.0875 0.7826
vn 0.6579 -0.0328 0.7524
vn 0.4048 0.1950 0.8934
vn 0.6579 0.0214 0.7528
vn 0.3187 0.1554 0.9350
vn -0.1337 0.5209 0.8431
vn -0.3849 0.3309 0.8616
vn -0.6054 0.6217 0.4969
vn -0.3660 0.8740 0.3196
vn -0.7350 0.3730 0.5662
vn -0.7332 0.2551 0.6303
vn -0.1600 0.2192 0.9625
vn -0.8823 0.3174 0.3475
vn -0.8925 0.2348 0.3852
vn -0.7751 0.2523 0.5793
vn -0.2536 0.2314 0.9392
vn -0.7284 0.1540 0.6676
vn -0.9036 0.2317 0.3602
vn -0.8862 0.1362 0.4429
vn -0.7438 -0.1526 0.6508
vn -0.2490 -0.0510 0.9672
vn -0.1652 0.1405 0.9762
vn 0.3729 0.0527 0.9264
vn 0.3734 -0.0437 0.9266
vn -0.2926 -0.4088 0.8645
vn 0.3721 0.1034 0.9224
vn 0.6315 0.1530 0.7602
vn 0.6755 0.1148 0.7283
vn 0.4073 0.1076 0.9069
vn 0.7007 0.0404 0.7123
vn 0.6519 0.0344 0.7575
vn 0.9965 -0.0810 0.0186
vn 0.9336 -0.0973 0.3450
vn 0.9657 0.1944 0.1721
vn 0.8917 0.1755 -0.4171
vn 0.7525 0.5616 -0.3440
vn 0.8497 0.3897 0.3553
vn 0.6113 0.1985 0.7661
vn 0.6860 0.6906 0.2290
vn 0.3155 0.9403 -0.1276
vn 0.5298 0.8107 -0.2492
vn 0.5537 0.6977 0.4547
vn 0.5790 0.2528 0.7751
vn 0.3489 0.8526 0.3891
vn 0.5249 0.2554 0.8119
vn 0.4909 -0.1186 0.8631
vn 0.5415 0.1122 0.8332
vn 0.5020 -0.0816 0.8610
vn 0.1921 0.5454 0.8159
vn 0.4234 0.1505 0.8934
vn -0.1341 0.3416 0.9302
vn -0.6851 0.4322 0.5864
vn -0.3085 0.9139 0.2637
vn 0.1062 0.9938 0.0337
vn 0.5025 0.0814 0.8608
vn 0.5245 0.0920 0.8464
vn 0.5354 0.0733 0.8414
vn 0.5356 0.0725 0.8413
vn 0.5018 -0.0793 0.8613
vn 0.4913 -0.1180 0.8629
vn 0.5353 0.0724 0.8416
vn 0.5351 0.0725 0.8416
vn 0.5493 0.0829 0.8315
vn 0.5353 0.0714 0.8417
vn 0.6169 0.0850 0.7824
vn 0.5406 0.1056 0.8346
vn 0.4919 -0.1188 0.8625
vn 0.7663 0.3258 0.5537
vn 0.4918 -0.1205 0.8623
vn 0.2736 -0.6098 0.7438
vn 0.2240 -0.6812 0.6969
vn 0.4828 -0.1471 0.8633
vn 0.2228 -0.6808 0.6978
vn 0.3034 -0.6387 0.7071
vn 0.5908 0.2028 0.7809
vn 0.5187 -0.0564 0.8531
vn 0.5428 -0.1196 0.8313
vn 0.4482 -0.6905 0.5678
vn 0.0081 -0.9642 0.2649
vn -0.1002 -0.9489 0.2993
vn -0.2612 -0.9643 0.0433
vn -0.1411 -0.9891 0.0414
vn -0.2162 -0.9693 0.1176
vn -0.0998 -0.9490 0.2991
vn -0.0899 -0.9453 0.3135
vn 0.1369 -0.7828 0.6070
vn -0.1144 -0.9536 0.2784
vn -0.2481 -0.9666 0.0648
vn -0.2390 -0.9677 0.0807
vn -0.5005 -0.7325 -0.4614
vn -0.4799 -0.7757 -0.4098
vn -0.4583 -0.8148 -0.3551
vn -0.5593 -0.2871 -0.7776
vn -0.5585 -0.2605 -0.7875
vn -0.5356 -0.0732 -0.8413
vn -0.5562 -0.2343 -0.7973
vn -0.5207 -0.0609 -0.8516
vn -0.5222 -0.6712 -0.5261
vn -0.5241 -0.0206 -0.8514
vn -0.4739 0.0726 -0.8776
vn -0.5591 -0.2606 -0.7871
vn -0.4046 -0.8390 -0.3638
vn -0.5427 -0.2903 -0.7882
vn -0.2870 -0.7917 -0.5393
vn 0.1248 -0.9802 -0.1539
vn -0.0642 -0.7178 -0.6932
vn -0.4878 -0.2587 -0.8338
vn 0.4118 -0.8408 -0.3514
vn 0.1197 -0.5431 -0.8311
vn -0.4342 -0.2279 -0.8715
vn 0.5120 -0.8542 -0.0901
vn 0.7543 -0.6018 -0.2625
vn 0.6386 -0.5656 -0.5218
vn 0.8655 -0.3227 -0.3832
vn 0.2995 -0.3235 -0.8976
vn 0.7239 -0.3540 -0.5922
vn 0.7460 -0.2543 -0.6154
vn 0.2548 -0.2313 -0.9389
vn 0.7338 -0.2550 -0.6296
vn 0.8922 -0.2347 -0.3858
vn 0.9590 -0.1191 0.2573
vn 0.9813 -0.1501 0.1207
vn 0.8807 -0.2375 -0.4098
vn 0.9242 -0.1276 -0.3599
vn 0.7733 -0.1362 -0.6193
vn 0.3537 -0.1800 -0.9179
vn 0.2537 0.0233 -0.9670
vn 0.7299 0.2208 -0.6469
vn 0.8918 0.1725 -0.4182
vn -0.3465 -0.1002 -0.9327
vn -0.3759 -0.0279 -0.9262
vn 0.1756 0.3053 -0.9359
vn -0.6538 -0.0505 -0.7550
vn -0.6795 -0.0898 -0.7282
vn -0.4011 0.0402 -0.9152
vn -0.6616 -0.1596 -0.7327
vn -0.9739 -0.1490 -0.1715
vn -0.9660 0.0621 -0.2511
vn -0.9722 0.1344 -0.1919
vn -0.9007 0.2325 0.3669
vn -0.9190 0.1090 0.3790
vn -0.6791 -0.0250 -0.7336
vn -0.8919 -0.1728 0.4179
vn -0.7877 0.1496 0.5976
vn -0.7593 -0.5365 0.3682
vn -0.8830 -0.4249 -0.1994
vn -0.7426 -0.1539 0.6518
vn -0.6377 -0.2452 -0.7302
vn -0.6859 -0.6894 -0.2329
vn -0.5780 -0.2513 -0.7764
vn -0.5206 -0.7606 -0.3880
vn -0.3433 -0.9325 0.1122
vn -0.5092 -0.8110 0.2880
vn -0.6130 -0.5176 0.5969
vn -0.3619 -0.7821 0.5073
vn -0.2011 -0.9293 0.3098
vn -0.1438 -0.3649 0.9199
vn 0.0714 -0.4832 0.8726
vn 0.1667 -0.6581 0.7343
vn 0.3435 -0.7105 0.6141
vn 0.0518 -0.9721 0.2287
vn 0.5258 -0.1154 0.8428
vn 0.4460 -0.0900 0.8905
vn 0.4904 -0.0745 0.8683
vn 0.5681 0.2565 0.7820
vn 0.5592 0.2612 0.7868
vn 0.5282 0.0387 0.8482
vn 0.6942 -0.4274 0.5792
vn 0.5456 0.0508 0.8365
vn 0.5675 0.0622 0.8210
vn 0.6353 -0.0090 0.7723
vn 0.9210 -0.2355 0.3103
vn 0.8542 -0.4093 -0.3205
vn 0.5258 -0.8468 -0.0797
vn 0.3672 -0.8683 -0.3334
vn 0.7223 -0.3605 -0.5902
vn 0.8844 -0.2366 -0.4024
vn 0.9831 -0.1560 0.0955
vn -0.3675 -0.7722 -0.5184
vn -0.1548 -0.9875 0.0308
vn -0.1976 -0.5406 -0.8178
vn 0.1157 -0.3481 -0.9303
vn 0.2543 -0.2313 -0.9391
vn -0.3370 -0.1252 -0.9332
vn -0.4733 -0.1379 -0.8700
vn -0.4062 -0.1081 -0.9074
vn -0.5353 -0.0718 -0.8416
vn -0.5349 -0.0709 -0.8419
vn -0.5350 -0.0721 -0.8418
vn -0.5352 -0.0711 -0.8417
vn -0.6523 -0.0824 -0.7534
vn -0.5350 -0.0719 -0.8418
vn -0.5658 -0.0809 -0.8206
vn -0.5017 0.0795 -0.8614
vn -0.4834 0.1452 -0.8633
vn -0.5361 -0.0716 -0.8411
vn -0.5351 -0.0722 -0.8417
vn -0.1712 0.7448 -0.6449
vn -0.3057 0.5577 -0.7717
vn -0.2584 0.6309 -0.7316
vn -0.5082 0.0540 -0.8595
vn -0.4731 0.1800 -0.8624
vn -0.5133 -0.1542 -0.8442
vn -0.5352 -0.0716 -0.8417
vn -0.5024 0.0799 -0.8609
vn -0.5579 -0.2590 -0.7885
vn -0.4662 0.1390 -0.8737
vn -0.4721 0.0318 -0.8810
vn -0.0407 0.4939 -0.8685
vn -0.0938 0.7137 -0.6941
vn -0.2589 0.6290 -0.7330
vn 0.1769 0.9212 -0.3464
vn 0.3460 0.8070 -0.4786
vn 0.5823 0.5710 -0.5787
vn 0.5024 0.8258 -0.2561
vn 0.7593 0.5364 -0.3685
vn 0.8827 0.4257 0.1988
vn 0.7179 0.6712 0.1846
vn 0.5258 0.7895 0.3164
vn 0.6235 0.2472 0.7417
vn 0.6613 0.1604 0.7328
vn 0.4013 -0.0392 0.9151
vn 0.6805 0.0894 0.7272
vn 0.9741 0.1487 0.1702
vn 0.9617 -0.0339 0.2719
vn 0.6817 0.0376 0.7306
vn 0.3444 0.1009 0.9334
vn 0.6799 0.0246 0.7329
vn 0.3750 0.0276 0.9266
vn -0.2419 -0.0954 0.9656
vn -0.4144 0.1598 0.8960
vn -0.2545 0.2313 0.9390
vn -0.7460 0.2543 0.6155
vn -0.7329 0.2551 0.6307
vn -0.8924 0.2348 0.3853
vn -0.9587 0.1188 -0.2585
vn -0.9661 0.2526 -0.0527
vn -0.8503 0.3390 0.4026
vn -0.7545 0.6012 0.2632
vn -0.6074 0.6197 0.4971
vn -0.6993 0.3733 0.6096
vn -0.5102 0.8552 0.0910
vn -0.3693 0.8726 0.3198
vn -0.8565 0.4232 -0.2957
vn -0.6725 0.6075 -0.4227
vn -0.6456 0.0517 -0.7619
vn -0.7167 0.0152 -0.6972
vn -0.3936 -0.1746 -0.9026
vn -0.3993 -0.1211 -0.9088
vn -0.5999 0.0974 -0.7941
vn -0.4484 0.6906 -0.5675
vn -0.5421 0.1190 -0.8318
vn -0.2145 0.9711 -0.1047
vn 0.0240 0.9618 -0.2726
vn -0.3552 0.5675 -0.7428
vn 0.1316 0.9903 -0.0444
vn -0.0740 0.9900 0.1199
vn 0.3614 0.8744 0.3237
vn 0.2293 0.7831 0.5781
vn 0.5408 0.3264 0.7753
vn 0.4872 0.2573 0.8345
vn 0.0149 0.6846 0.7288
vn 0.4343 0.2275 0.8716
vn -0.1552 0.4855 0.8604
vn -0.1719 0.2770 0.9454
vn 0.3930 0.1750 0.9028
vn 0.6459 -0.0527 0.7616
vn 0.4326 0.1146 0.8943
vn 0.5999 -0.0992 0.7939
vn 0.8561 -0.4231 0.2966
vn 0.7170 -0.0165 0.6968
vn 0.6730 -0.6071 0.4225
vn 0.2150 -0.9709 0.1055
vn 0.9589 -0.2575 0.1194
vn 0.6332 0.0410 0.7729
vn 0.3712 0.1168 0.9212
vn 0.3376 0.1249 0.9330
vn -0.1588 0.2190 0.9627
vn 0.6040 0.7249 0.3312
vn 0.7416 0.5883 -0.3222
vn 0.3206 0.9382 -0.1305
vn 0.6713 0.4221 -0.6093
vn 0.9095 -0.0687 -0.4099
vn 0.2589 0.8818 -0.3941
vn 0.9777 0.0363 0.2070
vn 0.8807 -0.2375 -0.4099
vn 0.9724 -0.1346 0.1907
vn 0.7481 -0.1192 -0.6528
vn 0.1765 -0.0933 -0.9799
vn 0.4060 -0.2464 -0.8800
vn -0.0539 0.2354 -0.9704
vn 0.7639 -0.2532 -0.5936
vn -0.3727 -0.1165 -0.9206
vn 0.7280 -0.2552 -0.6363
vn -0.5357 -0.0717 -0.8413
vn -0.5349 -0.0707 -0.8420
vn -0.4070 -0.0592 -0.9115
vn -0.5351 -0.0715 -0.8418
vn -0.4929 -0.0827 -0.8662
vn -0.5346 -0.0708 -0.8421
vn -0.5351 -0.0728 -0.8416
vn -0.5643 -0.0423 -0.8245
vn -0.6370 0.0094 -0.7708
vn -0.5352 -0.0739 -0.8415
vn -0.5351 -0.0717 -0.8417
vn -0.6981 0.4830 -0.5285
vn -0.5414 -0.0395 -0.8398
vn -0.3671 0.6343 -0.6804
vn -0.0236 0.9746 -0.2228
vn -0.5828 0.7974 0.1566
vn -0.8693 0.3645 0.3339
vn -0.9217 0.2364 -0.3076
vn -0.5390 0.1115 -0.8349
vn -0.1258 0.7286 -0.6733
vn -0.4663 0.1395 -0.8736
vn 0.1765 0.9098 -0.3755
vn -0.0805 0.5285 -0.8451
vn -0.4715 0.0315 -0.8813
vn -0.3450 0.0654 -0.9363
vn 0.2938 0.4109 -0.8631
vn 0.4185 0.7786 -0.4675
vn 0.2497 0.0534 -0.9668
vn 0.6494 0.4891 -0.5823
vn 0.7443 0.1538 -0.6499
vn -0.3726 -0.0515 -0.9266
vn -0.6761 -0.1142 -0.7279
vn -0.6355 -0.1658 -0.7541
vn -0.8622 -0.4613 -0.2093
vn -0.6164 -0.2641 -0.7418
vn -0.6878 -0.6619 -0.2980
vn -0.9656 -0.1932 -0.1741
vn -0.7888 -0.5054 0.3498
vn -0.5747 -0.7715 0.2730
vn -0.8921 -0.1750 0.4167
vn -0.6415 -0.5240 0.5603
vn -0.3874 -0.7913 0.4731
vn -0.3165 -0.9402 0.1259
vn -0.1759 -0.9094 0.3768
vn 0.0250 -0.5664 0.8238
vn 0.1746 -0.6616 0.7293
vn -0.0895 -0.9446 0.3158
vn 0.3033 -0.5595 0.7713
vn 0.4813 -0.1160 0.8688
vn 0.4231 -0.1262 0.8972
vn 0.2237 -0.6788 0.6994
vn 0.4836 -0.1455 0.8631
vn 0.1371 -0.7830 0.6067
vn -0.1102 -0.9524 0.2843
vn 0.3040 -0.5587 0.7717
vn -0.0901 -0.9450 0.3143
vn -0.1146 -0.9538 0.2776
vn -0.2399 -0.9674 0.0817
vn -0.2399 -0.9675 0.0799
vn -0.4813 -0.7758 -0.4080
vn -0.4282 -0.8589 -0.2810
vn -0.2385 -0.9678 0.0802
vn -0.5613 -0.3228 -0.7621
vn -0.5006 -0.7319 -0.4622
vn -0.2398 -0.9676 0.0790
vn -0.5524 -0.1986 -0.8096
vn -0.5668 -0.6911 -0.4486
vn -0.5684 -0.2566 -0.7817
vn -0.5589 -0.2609 -0.7871
vn -0.5558 -0.2331 -0.7980
vn -0.4814 -0.7746 -0.4102
vn -0.9965 0.0817 -0.0190
vn -0.9724 0.1346 -0.1904
vn -0.9722 0.1346 -0.1915
vn -0.7045 -0.0156 -0.7095
vn -0.9182 0.1585 -0.3630
vn -0.8788 0.3875 -0.2784
vn -0.7031 0.5867 -0.4018
vn -0.7551 0.5998 0.2648
vn -0.5126 0.8536 0.0928
vn -0.2156 0.9710 -0.1034
vn -0.4817 0.6866 -0.5445
vn 0.8962 -0.1135 -0.4288
vn 0.8926 -0.2346 -0.3850
vn 0.8809 -0.2374 -0.4094
vn 0.9812 -0.1499 0.1216
vn 0.7065 0.0150 0.7075
vn 0.9339 -0.1870 0.3049
vn 0.8892 -0.3281 -0.3188
vn 0.7555 -0.5995 -0.2643
vn 0.8783 -0.3880 0.2793
vn 0.7026 -0.5875 0.4015
vn 0.4813 -0.6858 0.5460
vn 0.5628 -0.1163 0.8184
vn 0.5130 -0.8534 -0.0920
vn 0.5049 -0.1601 0.8482
vn 0.5427 0.1995 0.8159
vn 0.5608 0.2982 0.7724
vn 0.4729 -0.0730 0.8781
vn 0.5602 0.2882 0.7766
vn 0.2453 -0.7397 0.6266
vn 0.5275 0.0314 0.8489
vn 0.0345 -0.2787 0.9598
vn 0.0986 -0.6342 0.7668
vn -0.0466 -0.9756 0.2143
vn -0.1943 -0.8923 0.4074
vn 0.2164 -0.9709 0.1027
vn -0.5748 -0.5943 0.5625
vn -0.3393 -0.9207 0.1931
vn -0.8094 -0.4671 0.3559
vn -0.7620 0.0912 0.6412
vn -0.8342 -0.2918 -0.4680
vn -0.9952 0.0080 -0.0976
vn -0.9086 0.0690 0.4119
vn -0.6606 -0.0315 -0.7501
vn -0.9522 0.1127 -0.2838
vn -0.9006 0.2325 0.3673
vn -0.7461 0.2542 0.6154
vn -0.8807 0.2375 0.4098
vn -0.9854 0.1672 -0.0308
vn -0.6991 -0.0178 -0.7148
vn -0.5349 -0.0721 -0.8418
vn -0.5347 -0.0722 -0.8420
vn -0.7632 0.2531 0.5945
vn -0.4069 0.2466 0.8796
vn -0.1867 0.2226 0.9569
vn 0.3459 0.1231 0.9302
vn 0.4289 0.1018 0.8976
vn 0.5351 0.0719 0.8417
vn 0.5351 0.0709 0.8418
vn 0.5352 0.0721 0.8417
vn 0.6336 0.0409 0.7726
vn 0.5354 0.0720 0.8415
vn 0.5352 0.0718 0.8416
vn 0.5348 0.0713 0.8420
vn 0.5347 0.0715 0.8420
vn 0.3722 0.1156 0.9209
vn 0.5351 0.0714 0.8417
vn 0.5348 0.0705 0.8420
vn 0.6983 0.0180 0.7155
vn 0.5529 0.1966 0.8097
vn 0.5352 0.0730 0.8416
vn 0.5582 0.2597 0.7880
vn 0.4811 0.7753 0.4092
vn 0.5590 0.2602 0.7873
vn 0.5193 0.0590 0.8526
vn 0.4478 0.0572 0.8923
vn -0.1219 0.0918 0.9883
vn 0.5063 0.7158 0.4810
vn 0.2473 0.9667 -0.0653
vn 0.4484 0.8303 0.3309
vn 0.2256 0.9686 -0.1042
vn 0.1007 0.9489 -0.2990
vn 0.2518 0.9660 -0.0595
vn 0.1009 0.9491 -0.2984
vn 0.2389 0.9676 -0.0816
vn 0.0868 0.9438 -0.3190
vn 0.1009 0.9489 -0.2989
vn 0.2517 0.9660 -0.0595
vn -0.1364 0.7831 -0.6068
vn 0.1022 0.9493 -0.2973
vn 0.2162 0.9691 -0.1190
vn 0.2613 0.9643 -0.0435
vn 0.1112 0.9527 -0.2830
vn 0.4811 0.7759 0.4081
vn 0.2868 0.9475 -0.1410
vn 0.5086 0.7142 0.4809
vn 0.5584 0.2601 0.7877
vn 0.5597 0.2874 0.7773
vn 0.4491 0.8296 0.3317
vn 0.5068 0.7154 0.4809
vn 0.4812 0.7763 0.4072
vn 0.7060 0.0149 0.7081
vn 0.3963 0.1104 0.9115
vn -0.0731 0.7126 -0.6978
vn -0.5144 0.0800 -0.8538
vn -0.3716 -0.1167 -0.9210
vn -0.6525 -0.0344 -0.7570
vn -0.3725 -0.1164 -0.9207
vn 0.0951 -0.2099 -0.9731
vn -0.0256 -0.2131 0.9767
vn 0.0622 -0.9084 0.4134
vn 0.4329 -0.5326 0.7273
vn 0.5205 0.2813 0.8062
vn 0.8887 -0.3339 0.3140
vn -0.0258 -0.8933 0.4486
vn -0.2514 -0.3157 0.9149
vn -0.1419 -0.8980 0.4164
vn -0.2573 0.3606 0.8965
vn -0.6195 0.3492 0.7030
vn -0.6083 -0.3600 0.7074
vn -0.8681 0.3031 0.3930
vn -0.6915 -0.5669 0.4477
vn -0.2547 -0.9131 0.3184
vn -0.2974 -0.9338 0.1990
vn -0.8670 -0.4552 0.2028
vn -0.2911 -0.9490 0.1211
vn -0.2616 -0.9462 0.1905
vn -0.6720 -0.7324 0.1096
vn -0.9775 -0.2091 -0.0292
vn -0.9726 0.1923 -0.1309
vn -0.9260 -0.3750 -0.0436
vn -0.2740 -0.9352 0.2242
vn -0.2712 -0.9399 0.2077
vn -0.7177 -0.6944 -0.0527
vn -0.2574 -0.9396 0.2258
vn -0.9069 0.1117 -0.4063
vn -0.8219 -0.5634 -0.0834
vn -0.9634 0.1503 -0.2221
vn -0.8411 -0.5408 -0.0082
vn -0.2586 -0.9312 0.2568
vn -0.2185 -0.9542 0.2045
vn -0.1882 -0.9540 0.2335
vn -0.6341 -0.6094 -0.4761
vn -0.1400 -0.8782 -0.4574
vn -0.5424 -0.8388 -0.0471
vn -0.5143 -0.8575 0.0146
vn 0.3514 -0.7031 -0.6183
vn 0.5615 -0.3437 -0.7528
vn 0.9664 -0.2251 -0.1239
vn 0.5692 -0.8016 0.1829
vn 0.9278 -0.0487 0.3698
vn 0.5343 -0.6697 0.5158
vn -0.1415 -0.9373 0.3185
vn -0.1114 -0.9549 0.2751
vn 0.5604 -0.6436 0.5213
vn -0.0781 -0.9548 0.2868
vn 0.8668 -0.0032 0.4986
vn 0.9260 -0.0247 0.3767
vn 0.6343 -0.6380 0.4366
vn 0.4321 0.2273 0.8727
vn 0.0898 -0.1140 0.9894
vn -0.2018 -0.7194 0.6646
vn -0.3603 0.3015 0.8828
vn -0.3626 0.3004 0.8822
vn -0.2457 0.6973 0.6734
vn 0.5255 0.1190 0.8425
vn 0.9086 -0.0751 0.4108
vn 0.7731 0.6237 0.1151
vn 0.3838 0.8728 0.3016
vn 0.1856 0.9489 -0.2553
vn 0.1699 0.9584 -0.2293
vn 0.1784 0.9492 -0.2593
vn 0.7519 0.6415 0.1522
vn 0.8638 -0.0246 0.5033
vn 0.7463 0.6506 0.1404
vn 0.9249 -0.0749 0.3727
vn 0.8039 0.5853 -0.1055
vn 0.1945 0.9606 -0.1984
vn 0.1657 0.9647 -0.2047
vn 0.1070 0.9523 -0.2858
vn 0.5493 0.4755 -0.6872
vn 0.1226 0.5182 -0.8464
vn 0.1582 0.9541 -0.2545
vn 0.1715 0.9531 -0.2494
vn -0.4317 0.5262 -0.7326
vn 0.1656 0.9559 -0.2424
vn -0.5510 0.7639 -0.3360
vn -0.5316 0.7254 -0.4372
vn 0.1594 0.9514 -0.2636
vn -0.9267 0.0389 -0.3739
vn -0.3814 0.8093 -0.4467
vn -0.9530 0.0895 -0.2894
vn -0.5955 0.7253 -0.3454
vn 0.1336 0.9549 -0.2652
vn 0.1210 0.9703 -0.2093
vn -0.8299 0.5189 -0.2049
vn -0.3166 0.9338 -0.1666
vn 0.1522 0.9798 -0.1300
vn 0.1552 0.9752 -0.1580
vn -0.7402 0.6699 -0.0579
vn -0.4477 0.8937 0.0288
vn 0.1179 0.9617 -0.2474
vn 0.0762 0.9569 -0.2803
vn 0.0375 0.9549 -0.2945
vn -0.4457 0.8570 0.2587
vn -0.2352 0.8822 0.4080
vn 0.0011 0.9560 -0.2935
vn -0.5838 0.2760 0.7635
vn -0.2307 0.2774 0.9326
vn -0.0902 0.7896 0.6069
vn -0.0800 0.2576 0.9629
vn 0.5899 0.2193 0.7771
vn 0.7132 0.5358 0.4519
vn 0.4125 0.8989 -0.1474
vn 0.9704 0.0907 0.2238
vn 0.9780 0.0797 0.1925
vn -0.0718 0.3297 0.9413
vn -0.8725 0.2062 0.4430
vn -0.9732 0.2065 0.1016
vn -0.9847 0.1381 0.1059
vn -0.9912 0.0994 -0.0879
vn -0.9868 0.1353 -0.0885
vn -0.9889 0.0896 -0.1181
vn -0.9782 0.0729 -0.1943
vn -0.9696 0.1329 -0.2053
vn -0.9446 0.0828 -0.3177
vn -0.9024 0.0943 -0.4206
vn -0.7156 -0.0641 -0.6956
vn -0.6253 -0.0664 -0.7775
vn -0.2446 -0.2228 -0.9437
vn -0.1144 -0.2426 -0.9634
vn 0.4529 -0.3150 -0.8341
vn 0.9308 -0.2610 -0.2558
vn 0.9098 -0.4151 0.0023
vn 0.8129 -0.1791 -0.5541
vn 0.3394 0.3262 0.8823
vn 0.2665 -0.8576 -0.4399
vn 0.3054 -0.5439 0.7816
vn -0.2807 -0.2288 0.9321
vn -0.3603 0.3214 0.8757
vn -0.3557 0.2694 0.8949
vn 0.4310 0.2779 0.8585
vn 0.9057 -0.0852 -0.4154
vn 0.6146 0.5974 0.5151
vn -0.2993 0.7862 0.5406
vn 0.5154 0.7267 -0.4543
vn 0.3089 0.3638 -0.8788
vn 0.3535 -0.2699 -0.8957
vn 0.4322 0.5006 -0.7501
vn 0.4848 -0.2573 -0.8359
vn -0.3735 0.8602 0.3474
vn 0.3580 -0.3219 -0.8765
vn 0.5073 -0.3384 -0.7926
vn 0.3041 -0.9279 -0.2159
vn 0.7039 -0.3224 -0.6330
vn 0.6995 -0.2319 -0.6760
vn 0.5834 0.5140 -0.6289
vn 0.8445 -0.2055 -0.4945
vn 0.7023 0.5346 -0.4700
vn -0.4910 0.8411 0.2268
vn -0.5545 0.8251 0.1086
vn -0.4082 0.9124 -0.0299
vn -0.9275 0.1932 0.3199
vn -0.8438 0.2074 0.4950
vn -0.8425 0.2921 0.4527
vn -0.7040 0.3201 0.6340
vn -0.6984 0.2345 0.6762
vn -0.5095 0.3362 0.7921
vn -0.4570 -0.3353 0.8239
vn -0.6431 -0.3569 0.6776
vn -0.7658 -0.3929 0.5091
vn 0.4282 -0.9028 -0.0404
vn 0.3800 -0.9171 -0.1205
vn 0.8427 -0.2936 -0.4514
vn 0.9171 -0.2688 -0.2945
vn 0.2900 -0.9534 0.0827
vn 0.5963 -0.8028 -0.0052
vn -0.7065 -0.5907 0.3898
vn -0.8897 -0.3147 0.3306
vn -0.9167 0.2690 0.2956
vn 0.4903 -0.8683 0.0749
vn -0.9480 0.2256 0.2246
vn -0.8374 -0.4408 0.3231
vn -0.9515 0.2358 0.1975
vn -0.9519 0.2335 0.1984
vn -0.8412 -0.4260 0.3329
vn 0.4792 -0.8745 0.0745
vn 0.9520 -0.2330 -0.1987
vn 0.9493 -0.2519 -0.1882
vn 0.4670 -0.8797 0.0901
vn 0.2827 -0.9535 0.1043
vn 0.9024 -0.2941 -0.3149
vn -0.8505 -0.4195 0.3172
vn -0.9494 0.2529 0.1862
vn -0.6961 -0.5847 0.4167
vn -0.9029 0.2915 0.3160
vn 0.4155 -0.9044 -0.0969
vn -0.7092 -0.4009 0.5799
vn 0.4165 -0.9074 -0.0557
vn -0.7835 0.3153 0.5354
vn -0.7347 -0.4236 0.5299
vn -0.9265 0.2636 0.2687
vn -0.8898 -0.4548 0.0386
vn 0.6183 -0.7285 0.2951
vn 0.9197 -0.2859 -0.2691
vn 0.9809 -0.1634 0.1059
vn 0.7840 0.0436 0.6192
vn 0.3736 -0.6122 0.6969
vn 0.1837 0.2615 0.9476
vn -0.5046 -0.8363 -0.2143
vn -0.5570 -0.7842 -0.2735
vn -0.7432 -0.0951 -0.6623
vn -0.2590 -0.6529 -0.7118
vn -0.1213 -0.3085 -0.9435
vn 0.6040 -0.3275 -0.7266
vn 0.3959 -0.8846 -0.2464
vn -0.8931 -0.3882 0.2274
vn -0.9664 0.0954 -0.2388
vn -0.9322 0.1891 0.3087
vn -0.7206 -0.5767 0.3850
vn -0.7336 -0.5861 0.3440
vn -0.9690 0.1705 0.1790
vn 0.6058 -0.7950 0.0316
vn 0.9217 -0.2151 -0.3228
vn 0.6335 -0.7735 0.0195
vn 0.9663 -0.1797 -0.1842
vn -0.7018 -0.6078 0.3716
vn 0.6578 -0.7529 -0.0206
vn 0.9498 -0.1803 -0.2557
vn 0.8694 0.0782 0.4879
vn 0.6124 -0.2268 0.7573
vn -0.3015 -0.6581 0.6899
vn -0.4864 0.2666 0.8321
vn -0.9502 0.1794 0.2550
vn -0.5982 0.3292 0.7306
vn -0.5530 0.8323 -0.0385
vn -0.9391 0.2363 0.2495
vn -0.1039 0.6774 0.7283
vn 0.9205 -0.0391 0.3887
vn 0.6286 0.7763 0.0462
vn 0.9387 -0.2366 -0.2506
vn 0.7830 0.5073 -0.3598
vn 0.7779 0.5146 -0.3606
vn -0.5550 0.8315 -0.0246
vn -0.5941 0.7945 -0.1261
vn -0.9638 0.2011 0.1753
vn -0.9492 0.2265 0.2184
vn -0.2994 0.9469 0.1172
vn 0.7679 0.5258 -0.3658
vn 0.6427 0.4871 -0.5913
vn 0.9165 -0.2411 -0.3194
vn 0.9630 -0.2012 -0.1795
vn 0.4869 -0.3406 -0.8043
vn -0.2491 -0.2556 -0.9341
vn 0.0616 0.4895 -0.8698
vn -0.3516 0.6070 -0.7127
vn 0.4447 0.8499 0.2828
vn 0.2386 0.8505 0.4687
vn -0.8245 -0.0618 -0.5625
vn -0.6931 0.6700 -0.2659
vn 0.8619 0.4831 -0.1544
vn -0.9905 0.1210 -0.0647
vn -0.8948 0.2439 0.3740
vn 0.6810 0.5062 -0.5291
vn -0.4866 0.8657 0.1176
vn -0.8092 0.2739 0.5198
vn -0.9353 0.2042 0.2891
vn -0.4914 0.8587 0.1453
vn -0.4139 0.9076 -0.0712
vn 0.6129 0.6786 -0.4047
vn 0.6798 0.4891 -0.5465
vn 0.8002 -0.2709 -0.5351
vn 0.9352 -0.2020 -0.2909
vn 0.7683 -0.3263 -0.5507
vn 0.8919 -0.2329 -0.3877
vn 0.9918 -0.1276 0.0086
vn 0.8712 0.0584 0.4874
vn 0.2929 0.2694 0.9174
vn -0.5925 0.3841 0.7081
vn 0.7658 0.5531 -0.3280
vn 0.9635 -0.1705 -0.2063
vn 0.7645 0.5533 -0.3307
vn -0.5997 0.7984 -0.0542
vn -0.5912 0.8063 -0.0191
vn -0.9639 0.1697 0.2052
vn -0.9604 0.1726 0.2187
vn -0.9605 0.1780 0.2140
vn -0.5905 0.8066 -0.0273
vn -0.6883 0.7248 0.0296
vn 0.8382 0.4244 -0.3426
vn 0.7665 0.5513 -0.3293
vn -0.9537 0.1791 0.2415
vn 0.6244 0.6857 -0.3741
vn 0.9282 -0.1925 -0.3184
vn 0.9538 -0.1794 -0.2411
vn 0.9481 -0.2252 -0.2244
vn 0.9605 -0.1782 -0.2139
vn 0.9517 -0.2349 -0.1977
vn 0.9603 -0.1729 -0.2187
vn -0.9755 0.1182 -0.1857
vn -0.4883 0.2589 0.8334
vn 0.8078 0.2497 -0.5340
vn 0.9613 0.1759 -0.2122
vn -0.5723 0.6683 -0.4752
vn 0.7470 0.6197 -0.2407
vn 0.7109 -0.6546 0.2570
vn 0.4791 -0.4970 0.7235
vn 0.3961 -0.7699 0.5003
vn -0.6982 -0.5012 0.5112
vn -0.7444 -0.6171 0.2552
vn -0.7155 0.6548 -0.2434
vn -0.9596 -0.2708 0.0758
vn 0.4291 -0.8628 0.2672
vn -0.6991 -0.6870 0.1981
vn 0.5471 -0.8005 0.2449
vn 0.9660 0.1045 0.2367
vn 0.9684 0.1085 -0.2247
vn -0.6260 0.7190 0.3019
vn 0.8572 -0.2220 0.4646
vn -0.8606 0.3269 -0.3904
vn -0.9806 -0.0650 0.1848
vn -0.5580 0.8158 -0.1523
vn -0.2621 0.9239 -0.2787
vn -0.5475 0.8002 -0.2447
vn -0.9731 -0.0774 -0.2170
vn 0.2699 -0.9389 0.2136
vn -0.9235 -0.3783 0.0628
vn -0.5561 0.7624 -0.3308
vn 0.8288 0.5229 -0.1990
vn 0.6990 0.6871 -0.1982
vn 0.9163 0.3862 -0.1060
vn 0.8691 -0.4283 -0.2473
vn 0.0171 0.2909 -0.9566
vn 0.4534 -0.8337 0.3153
vn -0.3062 -0.8761 -0.3725
vn -0.3325 -0.8711 0.3613
vn -0.2502 -0.7545 0.6068
vn 0.7406 0.5009 -0.4478
vn 0.7271 -0.5685 0.3848
vn -0.2633 -0.4598 0.8481
vn 0.6028 -0.5054 0.6175
vn -0.7560 -0.4866 0.4378
vn 0.7964 0.1728 -0.5795
vn 0.7526 -0.0942 -0.6517
vn 0.6423 -0.2609 0.7207
vn 0.8919 -0.2453 -0.3799
vn 0.4356 0.0779 0.8968
vn -0.2064 -0.0946 0.9739
vn -0.8678 -0.1130 0.4839
vn -0.8320 0.1143 0.5429
vn -0.2001 0.2135 0.9562
vn -0.8001 0.5023 -0.3279
vn -0.5913 0.5086 -0.6259
vn -0.8932 -0.4270 0.1408
vn -0.6312 0.2602 -0.7307
vn -0.4140 -0.0833 -0.9064
vn -0.9159 0.2394 0.3222
vn -0.6079 0.4126 0.6785
vn -0.8834 -0.0089 -0.4685
vn 0.4315 -0.4246 -0.7959
vn -0.7377 0.5597 0.3775
vn -0.7396 -0.2833 -0.6105
vn 0.6435 -0.6145 -0.4564
vn 0.8859 0.0056 0.4639
vn 0.7497 0.2752 0.6019
vn -0.0597 0.3956 0.9165
vn -0.0531 0.6610 0.7485
vn 0.7947 0.4556 0.4011
vn 0.0144 0.8963 0.4432
vn 0.8267 0.5408 0.1553
vn 0.0581 0.9948 0.0839
vn -0.6981 0.6913 0.1865
vn -0.6745 0.7376 -0.0327
vn -0.7864 -0.4667 -0.4047
vn -0.8184 -0.5531 -0.1558
vn 0.6001 -0.7653 -0.2328
vn -0.7406 -0.6631 0.1085
vn -0.7686 0.6195 -0.1598
vn 0.5729 -0.8192 0.0255
vn 0.0618 0.9729 -0.2230
vn 0.7184 0.6877 -0.1043
vn 0.7905 -0.5968 0.1380
vn 0.8988 0.4318 -0.0759
vn 0.8256 0.5602 0.0672
vn 0.5803 -0.8120 -0.0631
vn 0.6125 -0.7263 -0.3121
vn -0.8258 -0.5599 -0.0673
vn -0.7990 -0.5062 -0.3245
vn -0.7574 -0.3549 -0.5481
vn -0.6607 0.5430 0.5182
vn -0.6127 0.7257 0.3131
vn -0.5801 0.8121 0.0630
vn 0.7990 0.5063 0.3244
vn 0.7571 0.3551 0.5484
vn 0.7077 0.1643 0.6871
vn 0.6608 -0.5426 -0.5186
vn 0.8119 -0.3638 -0.4565
vn -0.5992 -0.1963 -0.7762
vn 0.6150 -0.2572 -0.7454
vn -0.8011 0.0492 -0.5966
vn 0.6791 0.0256 0.7336
vn 0.7695 0.0020 -0.6387
vn -0.6480 0.1677 -0.7430
vn -0.4358 0.4596 -0.7739
vn -0.9453 -0.0510 0.3221
vn -0.7693 -0.0005 0.6388
vn -0.7216 0.2352 0.6511
vn 0.6479 -0.1655 0.7435
vn -0.6930 0.3772 0.6145
vn -0.9086 0.4169 0.0246
vn 0.1383 0.8595 0.4920
vn -0.4226 0.7928 -0.4391
vn -0.4365 -0.4533 0.7772
vn -0.8365 -0.5441 -0.0658
vn 0.8346 0.5374 0.1205
vn 0.6782 -0.1401 0.7214
vn 0.4834 -0.7396 0.4684
vn -0.6534 0.4617 0.5999
vn 0.3931 0.8254 0.4051
vn -0.5066 0.8610 0.0448
vn -0.1163 -0.4898 0.8640
vn -0.8247 -0.4501 0.3426
vn 0.8018 0.5072 -0.3161
vn 0.9384 -0.2508 0.2375
vn 0.4915 -0.8679 0.0719
vn -0.1435 0.1783 0.9735
vn -0.4389 -0.1964 0.8768
vn 0.1263 -0.2388 0.9628
vn -0.1766 -0.4361 0.8824
vn -0.0587 0.1051 0.9927
vn -0.4583 -0.4375 0.7737
vn 0.0610 -0.0289 0.9977
vn -0.4820 -0.5907 0.6471
vn -0.1970 -0.4757 0.8572
vn 0.2198 -0.0756 0.9726
vn -0.2213 -0.6483 0.7286
vn 0.3146 -0.2762 0.9082
vn -0.1801 -0.7680 0.6146
vn 0.3462 -0.6117 0.7113
vn -0.2285 -0.9384 0.2592
vn 0.3754 -0.8259 0.4206
vn 0.0924 -0.9927 0.0773
vn -0.3881 -0.9148 -0.1114
vn 0.0817 -0.9748 -0.2077
vn -0.2219 -0.9584 -0.1794
vn -0.8400 -0.4010 0.3656
vn -0.7311 -0.4285 0.5309
vn -0.6682 0.3601 0.6510
vn -0.2892 0.3536 0.8896
vn -0.8695 0.2482 0.4270
vn -0.8317 -0.4995 0.2424
vn -0.9515 -0.0574 0.3024
vn -0.6818 -0.6801 0.2694
vn -0.8920 -0.2767 0.3576
vn -0.5909 -0.6819 0.4311
vn -0.5621 -0.6175 0.5502
vn -0.8165 -0.3583 0.4526
vn -0.8707 -0.4903 -0.0384
vn -0.5215 -0.8189 0.2395
vn -0.7606 0.4817 0.4353
vn -0.6398 0.7564 0.1364
vn -0.3409 0.6388 0.6897
vn -0.0653 0.8744 0.4809
vn -0.4269 0.8773 0.2192
vn -0.1870 0.9540 0.2344
vn -0.3541 0.9209 0.1628
vn -0.3679 0.9298 0.0039
vn -0.4092 0.9121 0.0248
vn -0.7116 0.6992 -0.0682
vn -0.6587 0.6887 -0.3029
vn -0.9357 0.3509 -0.0370
vn -0.7245 0.1746 -0.6668
vn -0.8844 0.0205 -0.4662
vn -0.8874 -0.3849 0.2538
vn -0.1864 -0.8188 0.5430
vn -0.7058 -0.6725 0.2229
vn -0.0482 -0.9839 0.1724
vn -0.7731 -0.1516 0.6159
vn 0.1724 -0.9159 0.3625
vn -0.1574 -0.9438 0.2906
vn 0.0921 -0.9874 0.1286
vn -0.9436 -0.2445 0.2232
vn -0.1673 -0.9675 -0.1896
vn -0.6071 -0.7161 -0.3444
vn -0.9641 -0.2461 -0.0992
vn -0.9095 -0.2682 0.3177
vn -0.6880 -0.7210 0.0829
vn -0.5264 -0.6290 0.5720
vn -0.6512 -0.7589 -0.0114
vn -0.6426 -0.7656 0.0309
vn -0.4453 -0.7540 0.4828
vn -0.5892 -0.7491 0.3029
vn -0.6789 -0.6941 -0.2393
vn -0.7790 -0.6270 0.0066
vn -0.5727 -0.6741 0.4666
vn -0.5367 -0.7797 0.3224
vn -0.8010 -0.5830 0.1357
vn -0.5137 -0.8578 0.0188
vn -0.7372 -0.6753 0.0225
vn -0.7222 -0.6512 0.2333
vn -0.5999 -0.7702 0.2167
vn -0.6459 -0.7419 0.1799
vn -0.6117 -0.7620 0.2124
vn -0.6807 -0.7253 -0.1029
vn -0.6612 -0.7498 0.0257
vn -0.5773 -0.8022 -0.1524
vn -0.6339 -0.7726 -0.0356
vn -0.3548 -0.9285 -0.1095
vn -0.1120 -0.9851 0.1307
vn -0.1303 -0.8994 0.4173
vn -0.1173 -0.8180 0.5631
vn -0.0356 -0.9827 0.1816
vn -0.0517 -0.1958 0.9793
vn -0.0640 0.1165 0.9911
vn 0.1351 -0.3668 0.9204
vn 0.1910 -0.1629 0.9680
vn 0.4099 -0.2369 0.8808
vn 0.5054 -0.3417 0.7923
vn 0.7606 -0.3989 0.5123
vn 0.6533 -0.4295 0.6235
vn 0.6739 -0.6451 0.3602
vn 0.6813 -0.6431 0.3496
vn 0.4742 -0.8770 0.0774
vn 0.5641 -0.8245 0.0439
vn -0.9158 0.0984 0.3894
vn -0.9018 -0.2398 0.3596
vn -0.8700 -0.4784 0.1195
vn -0.8414 -0.5357 -0.0713
vn -0.8649 -0.4951 0.0823
vn -0.9517 -0.0536 0.3024
vn -0.7043 -0.5581 0.4387
vn -0.4565 -0.6854 0.5673
vn -0.3941 -0.6898 0.6074
vn -0.4085 -0.6874 0.6006
vn -0.3945 -0.7335 0.5535
vn -0.2621 -0.9049 0.3354
vn -0.1721 -0.9788 0.1114
vn -0.8438 -0.4095 0.3470
vn -0.7948 -0.5216 0.3103
vn -0.5987 -0.7675 0.2289
vn -0.6875 -0.6051 0.4014
vn -0.6464 -0.6529 0.3948
vn -0.3942 -0.8821 0.2580
vn -0.4877 -0.6798 0.5477
vn -0.4243 -0.7722 0.4730
vn -0.2683 -0.9157 0.2992
vn -0.1519 -0.9794 0.1330
vn -0.2287 -0.9703 0.0794
vn -0.3322 -0.9425 0.0364
vn -0.6909 -0.7187 -0.0778
vn -0.8665 -0.4848 -0.1191
vn -0.4034 0.6649 0.6286
vn -0.5430 0.8309 0.1217
vn -0.6061 0.7910 0.0835
vn -0.6083 0.7679 0.2006
vn -0.6038 0.7870 0.1267
vn -0.6625 0.6979 -0.2721
vn -0.6318 0.3924 -0.6685
vn -0.2908 0.2338 -0.9278
vn -0.6080 -0.3047 -0.7332
vn -0.5288 -0.7676 -0.3622
vn -0.4716 -0.8814 -0.0260
vn 0.1362 -0.9869 0.0865
vn -0.4234 -0.9058 0.0150
vn -0.3801 -0.8068 0.4524
vn -0.7450 -0.6145 0.2596
vn -0.4082 -0.8904 -0.2013
vn -0.7191 -0.6316 -0.2897
vn -0.6822 -0.6813 -0.2654
vn -0.5564 -0.8123 -0.1748
vn -0.2141 -0.2136 -0.9532
vn -0.4547 -0.6224 -0.6371
vn 0.0415 0.1059 -0.9935
vn 0.0097 -0.0323 -0.9994
vn 0.1193 0.2123 -0.9699
vn -0.1463 -0.3755 -0.9152
vn -0.3239 -0.5870 -0.7419
vn -0.4218 -0.5478 -0.7225
vn -0.4569 -0.5709 -0.6821
vn -0.3122 -0.8029 -0.5079
vn 0.0028 0.3076 -0.9515
vn -0.0497 -0.0054 -0.9987
vn -0.1675 -0.2354 -0.9573
vn -0.2806 -0.4052 -0.8701
vn -0.2772 -0.3111 -0.9090
vn -0.1808 -0.2724 -0.9450
vn -0.1651 -0.4282 -0.8885
vn -0.1538 0.1339 -0.9790
vn -0.1769 -0.0215 -0.9840
vn -0.3371 0.4505 -0.8267
vn -0.2830 0.1846 -0.9412
vn 0.0311 -0.4058 -0.9134
vn 0.0436 -0.8291 -0.5575
vn -0.0401 -0.9619 -0.2706
vn -0.1571 -0.9828 -0.0969
vn -0.0636 -0.9966 -0.0518
vn 0.0741 -0.9818 -0.1747
vn 0.1802 -0.9158 -0.3591
vn 0.2797 -0.6493 -0.7072
vn -0.0052 -0.9996 -0.0273
vn 0.1248 -0.9804 -0.1527
vn 0.2325 -0.9308 -0.2821
vn 0.3670 -0.7298 -0.5768
vn -0.0146 -0.9986 -0.0510
vn 0.0980 -0.9830 -0.1552
vn 0.2469 -0.9326 -0.2634
vn 0.4346 -0.7522 -0.4954
vn -0.1012 -0.9879 -0.1172
vn 0.1255 -0.9659 -0.2266
vn 0.3063 -0.9037 -0.2991
vn 0.4783 -0.7465 -0.4626
vn 0.0693 -0.1903 -0.9793
vn 0.3054 -0.4618 -0.8328
vn 0.4362 -0.5582 -0.7058
vn 0.5142 -0.5958 -0.6170
vn 0.5124 -0.6333 -0.5800
vn 0.0307 -0.9749 -0.2207
vn 0.2148 -0.9416 -0.2593
vn 0.2990 -0.9039 -0.3059
vn 0.5065 -0.7647 -0.3983
vn 0.6056 -0.6381 -0.4755
vn 0.2674 -0.9452 -0.1873
vn 0.2665 -0.9315 -0.2474
vn 0.4048 -0.8625 -0.3038
vn 0.5853 -0.6944 -0.4187
vn 0.6505 -0.6160 -0.4442
vn 0.4617 -0.8846 -0.0655
vn 0.4189 -0.8889 -0.1856
vn 0.6077 -0.7855 0.1172
vn 0.5755 -0.8151 -0.0658
vn 0.5222 -0.8142 -0.2539
vn 0.6380 -0.6774 -0.3662
vn 0.6602 -0.7249 -0.1963
vn 0.7624 -0.5852 -0.2761
vn 0.7022 -0.5792 -0.4140
vn 0.8079 -0.4963 -0.3179
vn 0.4910 -0.2520 0.8339
vn 0.7090 -0.2088 0.6736
vn 0.7799 -0.3403 0.5253
vn 0.8262 -0.3779 0.4179
vn 0.7829 -0.5681 0.2535
vn 0.7567 -0.6476 0.0898
vn 0.7878 -0.6141 -0.0475
vn 0.8919 -0.4433 -0.0895
vn 0.9192 -0.3669 -0.1432
vn 0.9663 -0.2182 0.1367
vn 0.9321 -0.3077 0.1909
vn 0.9137 -0.2444 0.3248
vn 0.8953 -0.0666 0.4404
vn 0.9139 -0.0494 0.4030
vn 0.8728 -0.0285 0.4872
vn 0.7877 -0.0185 0.6157
vn 0.5838 0.1035 0.8053
vn 0.2833 0.4808 0.8298
vn 0.0389 0.8228 0.5670
vn -0.0145 0.9926 0.1208
vn -0.0806 0.9932 -0.0845
vn -0.2574 0.9632 -0.0771
vn -0.2754 0.9516 -0.1366
vn -0.2978 0.8594 -0.4156
vn -0.2648 0.5794 -0.7708
vn -0.1604 0.3910 -0.9063
vn 0.1153 0.2667 -0.9569
vn 0.2065 0.3695 -0.9060
vn 0.9305 -0.0598 0.3614
vn 0.8759 0.0444 0.4804
vn 0.9226 0.0545 0.3820
vn 0.9151 0.0192 0.4028
vn 0.8450 0.0474 0.5327
vn 0.7444 0.1614 0.6479
vn 0.4379 0.5129 0.7384
vn 0.1074 0.8375 0.5358
vn 0.0793 0.9879 0.1331
vn 0.1167 0.9888 -0.0928
vn -0.4157 -0.1248 -0.9009
vn 0.3285 -0.2625 -0.9073
vn -0.4143 -0.3869 -0.8238
vn -0.9889 -0.1445 -0.0335
vn -0.8732 -0.4760 0.1045
vn 0.3280 -0.2626 -0.9074
vn -0.3133 -0.6189 -0.7203
vn 0.3289 -0.2627 -0.9071
vn 0.3283 -0.2627 -0.9073
vn 0.3284 -0.2624 -0.9074
vn 0.3284 -0.2630 -0.9072
vn 0.3288 -0.2623 -0.9072
vn 0.3281 -0.2628 -0.9074
vn -0.1286 -0.7854 -0.6055
vn 0.1104 -0.8609 -0.4966
vn -0.3177 -0.8528 0.4146
vn 0.0382 -0.8409 0.5399
vn 0.3691 -0.8336 -0.4110
vn 0.3750 -0.6904 0.6186
vn -0.0731 -0.1803 0.9809
vn -0.2507 -0.2476 0.9359
vn -0.3296 0.2628 0.9068
vn -0.3280 0.2623 0.9075
vn 0.0730 -0.0521 0.9960
vn -0.3281 0.2619 0.9076
vn -0.3290 0.2626 0.9071
vn -0.0675 0.8598 0.5061
vn -0.4957 0.7593 0.4216
vn -0.3281 0.2622 0.9075
vn -0.8615 0.1608 0.4817
vn -0.8635 0.4438 0.2394
vn -0.2429 0.9214 0.3035
vn -0.3288 0.2624 0.9072
vn -0.0684 0.8601 0.5056
vn -0.3296 0.2621 0.9070
vn -0.0634 0.8592 0.5076
vn -0.0660 0.8595 0.5069
vn -0.3286 0.2623 0.9073
vn -0.0607 0.8585 0.5091
vn -0.3287 0.2628 0.9072
vn -0.3293 0.2612 0.9074
vn -0.3286 0.2613 0.9076
vn -0.5936 -0.1668 0.7873
vn -0.4331 -0.2423 0.8682
vn -0.6377 -0.7244 0.2618
vn -0.7062 -0.0291 0.7074
vn -0.7550 0.1472 0.6390
vn -0.3280 0.2633 0.9072
vn -0.3287 0.2623 0.9073
vn -0.7330 0.3351 0.5920
vn 0.0974 0.7678 0.6333
vn -0.3303 0.2626 0.9066
vn 0.3614 0.2384 0.9014
vn -0.9669 0.2192 -0.1309
vn -0.8103 0.5600 -0.1725
vn -0.6420 0.5070 0.5751
vn -0.5437 0.8253 -0.1525
vn -0.3285 0.2626 0.9073
vn -0.4965 0.6356 0.5912
vn -0.3281 0.2617 0.9077
vn 0.0085 -0.3684 0.9296
vn -0.3956 -0.4891 0.7774
vn -0.3289 0.2631 0.9070
vn -0.1472 -0.6095 0.7790
vn -0.3958 -0.4891 0.7772
vn -0.3989 -0.4882 0.7762
vn -0.3288 0.2623 0.9073
vn -0.4036 -0.4870 0.7746
vn -0.4014 -0.4876 0.7753
vn -0.5857 -0.3771 0.7175
vn -0.4082 -0.3615 0.8383
vn -0.3284 0.2626 0.9073
vn -0.3288 0.2621 0.9073
vn -0.3285 0.2625 0.9073
vn 0.1860 0.3077 0.9331
vn 0.1632 0.1197 0.9793
vn 0.1369 0.4836 0.8645
vn 0.8203 0.2792 0.4991
vn 0.7982 -0.0845 0.5964
vn 0.0240 0.6203 0.7840
vn 0.7046 0.6107 0.3614
vn 0.4689 0.8593 0.2044
vn -0.1362 0.6973 0.7037
vn -0.3287 0.2627 0.9072
vn -0.3188 0.7028 0.6360
vn 0.1489 0.9875 0.0514
vn -0.2067 0.9756 -0.0740
vn 0.3580 0.4873 -0.7965
vn 0.0992 0.4592 -0.8827
vn 0.5976 0.4116 -0.6881
vn 0.3294 -0.2617 -0.9072
vn 0.3281 -0.2625 -0.9074
vn 0.3278 -0.2625 -0.9075
vn 0.3292 -0.2622 -0.9071
vn 0.3275 -0.2624 -0.9077
vn 0.3287 -0.2625 -0.9073
vn 0.3286 -0.2625 -0.9073
vn 0.3286 -0.2625 -0.9072
vn 0.3285 -0.2621 -0.9074
vn 0.3285 -0.2627 -0.9072
vn 0.3289 -0.2630 -0.9070
vn -0.1383 0.3329 -0.9328
vn -0.3187 0.1279 -0.9392
vn 0.3281 -0.2622 -0.9075
vn 0.3283 -0.2616 -0.9076
vn 0.3286 -0.2624 -0.9073
vn 0.6069 -0.7077 -0.3617
vn 0.6417 -0.4250 0.6385
vn 0.7880 -0.5026 -0.3555
vn 0.8844 -0.2499 -0.3941
vn 0.8819 0.0124 -0.4713
vn 0.7816 0.2447 -0.5738
vn -0.7988 -0.3694 0.4748
vn -0.3286 0.2622 0.9073
vn -0.1170 0.7811 0.6133
vn -0.3289 0.2625 0.9072
vn -0.3282 0.2625 0.9074
vn 0.4077 0.6823 0.6068
vn 0.4587 -0.1201 0.8805
vn -0.2858 0.4025 0.8697
vn -0.2861 0.4025 0.8696
vn -0.0555 0.8632 0.5019
vn -0.2857 0.4026 0.8696
vn -0.3979 -0.3543 0.8463
vn -0.4032 -0.3527 0.8444
vn -0.0012 0.9228 0.3854
vn -0.2860 0.4021 0.8698
vn -0.4011 -0.2192 0.8894
vn -0.0059 0.9232 0.3842
vn -0.0036 0.9231 0.3845
vn 0.0012 0.9221 0.3870
vn -0.1841 0.9667 0.1778
vn -0.2857 0.4028 0.8695
vn -0.0055 0.9234 0.3837
vn -0.8307 0.5213 0.1955
vn -0.8025 -0.2544 0.5397
vn -0.8363 0.2749 0.4743
vn -0.5827 -0.2410 0.7761
vn -0.2857 0.4026 0.8697
vn -0.2852 0.4027 0.8697
vn -0.4053 -0.3529 0.8433
vn -0.2860 0.4027 0.8695
vn -0.2854 0.4027 0.8697
vn -0.2856 0.4024 0.8698
vn 0.0819 0.7196 0.6895
vn 0.1899 0.5885 0.7859
vn -0.2856 0.4032 0.8694
vn -0.2859 0.4034 0.8692
vn -0.2858 0.4023 0.8697
vn -0.0765 0.7939 0.6032
vn 0.5207 0.8506 0.0727
vn 0.2034 0.9750 -0.0893
vn -0.2605 0.8005 0.5398
vn 0.3589 0.3522 -0.8644
vn 0.5974 0.2784 -0.7520
vn -0.1557 0.9667 -0.2033
vn 0.0969 0.3279 -0.9397
vn -0.5026 0.8268 -0.2525
vn -0.4430 0.7383 0.5087
vn -0.2861 0.4030 0.8693
vn -0.2854 0.4022 0.8699
vn -0.5960 0.6172 0.5136
vn 0.0181 -0.2386 0.9710
vn -0.3972 -0.3546 0.8464
vn -0.2857 0.4025 0.8697
vn -0.1555 -0.4874 0.8592
vn 0.4784 -0.0244 0.8778
vn 0.4020 0.3381 0.8510
vn 0.4622 0.7346 0.4967
vn 0.1579 0.8405 0.5183
vn -0.2855 0.4026 0.8697
vn -0.7260 0.2764 0.6297
vn -0.6952 0.4546 0.5569
vn -0.2857 0.4029 0.8695
vn -0.2861 0.4023 0.8697
vn -0.2865 0.4013 0.8700
vn -0.2861 0.4023 0.8696
vn -0.2862 0.4017 0.8699
vn -0.2857 0.4023 0.8698
vn -0.2859 0.4029 0.8695
vn -0.2854 0.4026 0.8697
vn -0.4188 -0.0962 0.9029
vn -0.2864 0.4031 0.8692
vn -0.2347 -0.1024 0.9667
vn -0.3503 -0.7683 0.5357
vn -0.6674 -0.6439 0.3740
vn -0.5771 -0.0231 0.8163
vn -0.8941 -0.4058 0.1893
vn -0.1893 -0.8520 -0.4882
vn -0.3683 -0.6925 -0.6204
vn -0.6849 0.1087 0.7205
vn -0.9959 -0.0903 0.0097
vn -0.4600 -0.4711 -0.7526
vn -0.4495 -0.2226 -0.8651
vn -0.9572 0.2548 -0.1373
vn -0.3402 0.0165 -0.9402
vn 0.2861 -0.4030 -0.8693
vn 0.2856 -0.4025 -0.8697
vn 0.2859 -0.4029 -0.8694
vn 0.2856 -0.4026 -0.8696
vn 0.2857 -0.4025 -0.8697
vn 0.2860 -0.4023 -0.8697
vn 0.2856 -0.4027 -0.8696
vn 0.2860 -0.4026 -0.8696
vn 0.2858 -0.4026 -0.8696
vn 0.2857 -0.4027 -0.8696
vn 0.2853 -0.4023 -0.8699
vn 0.2858 -0.4021 -0.8698
vn 0.2856 -0.4023 -0.8698
vn 0.2848 -0.4025 -0.8700
vn 0.8570 -0.3522 -0.3763
vn 0.7484 -0.5912 -0.3006
vn 0.8105 -0.0481 0.5837
vn 0.6373 -0.3700 0.6760
vn 0.5563 -0.7844 -0.2744
vn 0.1997 0.2429 0.9493
vn 0.3560 -0.6201 0.6991
vn 0.1006 0.0807 0.9916
vn 0.2311 0.4211 0.8771
vn -0.2856 0.4028 0.8696
vn -0.4414 0.8372 0.3229
vn 0.8492 0.2968 0.4368
vn 0.7474 0.6126 0.2572
vn 0.8667 -0.1030 -0.4882
vn 0.7758 0.1187 -0.6197
vn 0.2864 -0.4022 -0.8696
vn 0.2858 -0.4030 -0.8694
vn 0.2861 -0.4021 -0.8698
vn 0.2857 -0.4023 -0.8698
vn 0.2857 -0.4031 -0.8694
vn -0.1489 0.2098 -0.9663
vn -0.7838 0.5770 -0.2294
vn -0.0524 -0.0404 0.9978
vn 0.0092 -0.7600 0.6499
vn 0.0485 -0.9256 -0.3755
vn 0.3105 -0.9018 -0.3005
vn 0.2856 -0.4030 -0.8695
vn 0.2858 -0.4024 -0.8697
vn 0.2857 -0.4026 -0.8697
vn 0.2853 -0.4027 -0.8697
vn -0.4008 -0.3535 0.8452
vn -0.8264 -0.2777 0.4899
vn -0.8291 -0.2771 0.4856
vn -0.4482 0.0988 0.8884
vn -0.8240 -0.2758 0.4949
vn -0.8271 -0.2760 0.4896
vn -0.8258 -0.2765 0.4915
vn -0.8268 -0.2766 0.4898
vn -0.8266 -0.2767 0.4900
vn -0.8263 -0.2766 0.4907
vn -0.8263 -0.2764 0.4907
vn -0.8246 -0.2759 0.4938
vn -0.8264 -0.2762 0.4907
vn -0.8259 -0.2764 0.4914
vn -0.8268 -0.2775 0.4893
vn -0.8259 -0.2763 0.4914
vn -0.8257 -0.2762 0.4918
vn -0.8260 -0.2765 0.4913
vn -0.8269 -0.2765 0.4897
vn -0.8255 -0.2762 0.4922
vn -0.8271 -0.2761 0.4895
vn -0.8270 -0.2762 0.4897
vn -0.8272 -0.2762 0.4894
vn -0.8260 -0.2761 0.4914
vn -0.8263 -0.2763 0.4909
vn -0.7538 -0.4521 0.4768
vn -0.7659 -0.4316 0.4766
vn -0.7694 -0.4202 0.4812
vn -0.2849 -0.9093 0.3033
vn -0.3339 -0.8868 0.3196
vn 0.3011 -0.9534 -0.0212
vn 0.3055 -0.9519 -0.0222
vn -0.1976 -0.8805 0.4309
vn -0.7339 -0.3316 0.5929
vn -0.4017 -0.8398 0.3652
vn 0.1937 -0.9532 -0.2321
vn -0.3207 -0.6767 -0.6628
vn 0.3578 -0.2326 -0.9044
vn 0.7188 -0.3333 -0.6101
vn 0.2751 0.1512 -0.9495
vn 0.8240 0.2766 -0.4944
vn 0.8290 0.2778 -0.4853
vn 0.8243 0.2770 -0.4937
vn 0.8146 -0.4256 -0.3940
vn 0.8255 0.2791 -0.4905
vn 0.8255 0.2773 -0.4916
vn 0.8278 0.2773 -0.4878
vn 0.8254 0.2752 -0.4929
vn 0.8288 0.2761 -0.4866
vn 0.2658 0.2013 -0.9428
vn 0.2617 0.2003 -0.9441
vn 0.8252 0.2762 -0.4927
vn 0.2577 0.1996 -0.9454
vn 0.8261 0.2763 -0.4911
vn 0.8258 0.2762 -0.4916
vn 0.8251 0.2762 -0.4929
vn 0.8291 0.2778 -0.4851
vn 0.2534 0.2270 -0.9404
vn 0.8215 0.2768 -0.4985
vn 0.8263 0.2760 -0.4910
vn 0.8252 0.2761 -0.4927
vn 0.8264 0.2762 -0.4906
vn 0.8265 0.2756 -0.4909
vn 0.8281 0.2756 -0.4882
vn 0.8261 0.2766 -0.4909
vn 0.8261 0.2757 -0.4916
vn 0.8261 0.2773 -0.4907
vn 0.8264 0.2763 -0.4906
vn 0.8246 0.2780 -0.4927
vn 0.8264 0.2759 -0.4908
vn 0.8260 0.2769 -0.4909
vn 0.8294 0.2770 -0.4852
vn 0.8288 0.2779 -0.4857
vn 0.8300 0.2772 -0.4841
vn 0.9337 -0.2910 -0.2086
vn 0.8150 -0.4307 -0.3876
vn 0.8285 0.2772 -0.4865
vn 0.2992 -0.9540 -0.0162
vn 0.9734 -0.1050 0.2034
vn 0.4042 -0.8979 0.1746
vn -0.0868 -0.9757 0.2013
vn -0.1569 -0.9817 0.1083
vn -0.1959 -0.9513 0.2379
vn -0.6468 -0.6229 0.4401
vn -0.7459 -0.5586 0.3626
vn 0.4898 -0.5858 0.6457
vn 0.0627 -0.2778 0.9586
vn 0.9330 0.2815 0.2244
vn 0.9074 0.3443 0.2411
vn 0.9082 0.3444 0.2376
vn -0.2324 -0.0335 0.9721
vn -0.2377 -0.0358 0.9707
vn 0.9097 0.3449 0.2313
vn 0.8257 0.2759 -0.4920
vn 0.8248 0.2757 -0.4937
vn 0.8264 0.2762 -0.4907
vn 0.9006 0.3719 0.2251
vn 0.8268 0.2776 -0.4892
vn 0.8261 0.2760 -0.4913
vn 0.8830 0.4633 0.0747
vn 0.8313 0.2805 -0.4799
vn 0.8276 0.2767 -0.4884
vn 0.8281 0.2798 -0.4858
vn 0.8261 0.2763 -0.4912
vn 0.8258 0.2755 -0.4921
vn 0.8238 0.2797 -0.4931
vn 0.8265 0.2763 -0.4904
vn 0.8264 0.2765 -0.4905
vn 0.8262 0.2761 -0.4912
vn 0.8268 0.2794 -0.4882
vn 0.8219 0.2737 -0.4997
vn 0.3342 0.6205 -0.7094
vn 0.8268 0.2737 -0.4914
vn 0.3752 0.3456 -0.8601
vn -0.9943 -0.0219 -0.1047
vn -0.9477 -0.1328 -0.2902
vn -0.9366 -0.1915 -0.2933
vn -0.9363 -0.1912 -0.2946
vn -0.9360 -0.1908 -0.2957
vn -0.8276 -0.2760 0.4887
vn -0.8541 -0.2595 -0.4508
vn -0.8264 -0.2766 0.4904
vn -0.8279 -0.2771 0.4877
vn -0.8837 0.4397 0.1606
vn -0.7517 0.5611 0.3464
vn 0.4510 0.8222 -0.3472
vn -0.8267 -0.2771 0.4896
vn -0.8261 -0.2769 0.4908
vn -0.7511 0.5627 0.3453
vn -0.7516 0.5613 0.3466
vn -0.6565 0.4898 0.5736
vn 0.2374 0.9396 -0.2464
vn 0.4492 0.8216 -0.3510
vn 0.8259 0.2787 -0.4902
vn 0.7088 0.7048 -0.0296
vn -0.2480 0.0236 0.9685
vn -0.8240 -0.2750 0.4954
vn -0.2363 -0.0348 0.9711
vn -0.8267 -0.2764 0.4900
vn -0.8265 -0.2763 0.4904
vn -0.8246 -0.2753 0.4942
vn -0.8271 -0.2764 0.4893
vn -0.6789 -0.5795 0.4508
vn -0.8273 -0.2765 0.4890
vn -0.8263 -0.2762 0.4908
vn 0.8727 -0.1550 -0.4630
vn 0.4762 0.5079 0.7178
vn 0.6144 0.2210 0.7574
vn 0.1635 0.2228 0.9610
vn 0.6381 0.2892 0.7136
vn -0.0192 0.1683 0.9856
vn -0.5665 0.0058 0.8240
vn -0.4685 -0.1556 0.8696
vn 0.0226 -0.0850 0.9961
vn 0.6936 0.0979 0.7136
vn 0.7463 0.0885 0.6597
vn 0.9112 0.1490 0.3841
vn 0.9083 0.1560 0.3881
vn 0.9113 0.1656 0.3769
vn 0.9343 0.2338 -0.2692
vn 0.9590 0.1598 -0.2339
vn 0.4218 0.1736 -0.8899
vn 0.9435 0.1094 0.3128
vn 0.8690 -0.0121 -0.4947
vn 0.3352 0.0732 -0.9393
vn 0.4097 0.1715 -0.8960
vn 0.1319 0.0855 -0.9876
vn -0.0120 -0.0061 -0.9999
vn 0.1776 0.0975 -0.9793
vn -0.0801 -0.1234 -0.9891
vn 0.0403 0.0010 -0.9992
vn 0.0327 -0.1917 -0.9809
vn 0.1012 0.0128 -0.9948
vn 0.1697 0.0853 -0.9818
vn 0.3667 0.1258 -0.9218
vn 0.4297 0.1479 -0.8908
vn 0.1966 0.0776 -0.9774
vn 0.3403 0.1234 -0.9322
vn 0.2442 0.0804 -0.9664
vn 0.2072 0.0271 -0.9779
vn 0.1456 0.0169 -0.9892
vn 0.3466 -0.0142 -0.9379
vn 0.2783 0.1883 -0.9419
vn 0.1962 0.0991 -0.9755
vn 0.1889 -0.0426 -0.9811
vn 0.2568 -0.0404 -0.9656
vn 0.2552 -0.1811 -0.9498
vn 0.0992 -0.2200 -0.9704
vn 0.1391 -0.0958 -0.9856
vn -0.2135 -0.3325 -0.9186
vn 0.0642 -0.3987 -0.9148
vn -0.2285 -0.3973 -0.8888
vn 0.0770 -0.7195 -0.6902
vn -0.0220 -0.7288 -0.6844
vn 0.1194 -0.9071 -0.4037
vn -0.1559 -0.5993 -0.7852
vn 0.1331 -0.8946 -0.4266
vn -0.2270 -0.9016 -0.3682
vn 0.1717 -0.9076 -0.3831
vn 0.1499 -0.9140 -0.3771
vn 0.1449 -0.8861 -0.4402
vn 0.1380 -0.8716 -0.4704
vn -0.0077 -0.9187 -0.3949
vn -0.3271 -0.8649 -0.3807
vn -0.0226 -0.8727 -0.4877
vn -0.5038 -0.7921 -0.3447
vn -0.6878 -0.6476 -0.3280
vn -0.5622 -0.7264 -0.3953
vn -0.2482 -0.8374 -0.4870
vn -0.1394 -0.7570 -0.6384
vn -0.4974 -0.4037 -0.7679
vn -0.1544 -0.6515 -0.7428
vn 0.0485 -0.8353 -0.5477
vn -0.5443 -0.6304 -0.5535
vn -0.7801 -0.2194 -0.5860
vn -0.7873 -0.3460 -0.5103
vn -0.8361 -0.4237 -0.3485
vn -0.8772 -0.1845 -0.4433
vn -0.8519 -0.4055 -0.3315
vn -0.8508 -0.2138 -0.4801
vn -0.6352 -0.6006 -0.4856
vn -0.5101 -0.4322 -0.7437
vn -0.7511 -0.2329 -0.6177
vn -0.1472 -0.6031 -0.7840
vn -0.2357 -0.8875 -0.3959
vn -0.3640 -0.3040 -0.8804
vn -0.0560 -0.3372 -0.9398
vn -0.3498 -0.1686 -0.9215
vn -0.6504 -0.2259 -0.7252
vn -0.1973 -0.0649 -0.9782
vn 0.1295 -0.0940 -0.9871
vn 0.7399 -0.3328 -0.5846
vn 0.9674 -0.0043 0.2532
vn 0.9626 -0.1143 0.2456
vn 0.4801 -0.6596 -0.5783
vn 0.5352 -0.8385 -0.1023
vn 0.4168 -0.8173 0.3979
vn 0.9157 -0.2618 0.3049
vn 0.8937 -0.1991 0.4021
vn 0.9404 0.0546 0.3356
vn 0.9273 0.1403 0.3469
vn 0.7541 0.0073 0.6567
vn 0.8002 -0.0696 0.5957
vn 0.1564 -0.4032 0.9016
vn 0.7509 -0.2409 0.6149
vn 0.2272 -0.4995 0.8360
vn 0.3044 -0.6252 0.7187
vn -0.2026 -0.8097 0.5508
vn -0.2049 -0.9596 0.1929
vn -0.7118 -0.6723 -0.2033
vn -0.7554 -0.6548 -0.0250
vn -0.8533 -0.1537 -0.4983
vn -0.2275 -0.7013 0.6756
vn -0.7549 -0.6550 -0.0333
vn -0.3086 -0.5758 0.7571
vn -0.7013 -0.7128 0.0061
vn 0.1341 -0.2456 0.9600
vn -0.3171 -0.3417 0.8847
vn -0.4230 -0.3664 0.8287
vn -0.5746 -0.5200 0.6320
vn -0.5576 -0.1995 0.8058
vn -0.6975 -0.5103 0.5030
vn -0.5911 0.0056 0.8065
vn -0.6369 -0.7275 0.2553
vn -0.6425 -0.2883 0.7100
vn -0.6183 -0.6817 -0.3911
vn -0.4566 -0.8011 -0.3870
vn -0.5775 -0.7548 0.3110
vn -0.6972 -0.4846 0.5283
vn -0.3165 -0.9374 -0.1455
vn -0.0365 -0.8338 -0.5508
vn -0.1851 -0.9809 -0.0604
vn 0.0721 -0.9286 -0.3641
vn 0.1178 -0.9343 -0.3366
vn 0.0875 -0.9058 -0.4145
vn -0.1778 -0.6896 -0.7020
vn -0.2901 -0.9516 -0.1015
vn -0.6549 -0.6975 0.2907
vn -0.8650 -0.4902 0.1077
vn -0.8179 -0.4331 -0.3788
vn -0.9123 -0.2022 -0.3561
vn -0.8759 0.3587 0.3228
vn -0.8887 0.4442 -0.1135
vn -0.5474 -0.2786 -0.7891
vn -0.9500 0.0711 0.3040
vn -0.7993 0.5460 0.2508
vn -0.6033 0.7741 -0.1919
vn -0.9409 -0.2961 0.1643
vn -0.6057 0.7384 0.2965
vn -0.7885 -0.3395 0.5129
vn -0.8406 0.2461 0.4825
vn -0.9434 0.0574 0.3267
vn -0.9032 0.3398 -0.2621
vn -0.6451 0.0673 0.7611
vn -0.8857 -0.2286 0.4041
vn -0.9483 -0.1848 -0.2582
vn -0.9640 0.2126 0.1597
vn -0.8465 -0.4630 0.2628
vn -0.7719 -0.6357 -0.0028
vn -0.5005 -0.8334 0.2345
vn -0.7601 -0.3759 0.5301
vn -0.8165 -0.3480 0.4607
vn -0.6710 0.1543 0.7252
vn -0.6874 0.1432 0.7120
vn -0.6975 0.1248 0.7056
vn -0.9781 0.0686 0.1965
vn -0.6341 0.1220 0.7636
vn -0.8572 0.4755 0.1978
vn -0.7483 0.5665 0.3451
vn -0.6100 0.0799 0.7884
vn -0.4079 0.8886 -0.2096
vn -0.7938 0.6003 0.0972
vn -0.7203 0.5920 -0.3615
vn -0.9479 0.0457 0.3154
vn -0.9200 0.3766 -0.1083
vn -0.7570 0.6431 0.1155
vn -0.9312 -0.1269 -0.3418
vn -0.9977 -0.0521 -0.0434
vn -0.8388 0.1597 0.5204
vn -0.4356 0.7391 0.5137
vn -0.4024 0.2201 0.8886
vn -0.6912 0.7065 0.1522
vn -0.8163 0.1918 0.5449
vn -0.9344 -0.2261 -0.2753
vn -0.7239 -0.6107 0.3210
vn -0.4567 -0.3490 0.8183
vn -0.4639 -0.8350 0.2959
vn -0.8951 -0.2028 0.3971
vn -0.9017 -0.3946 0.1767
vn -0.9256 -0.0178 -0.3780
vn -0.8221 -0.1508 -0.5490
vn -0.5142 -0.1782 -0.8390
vn -0.9826 0.1773 -0.0562
vn -0.8441 0.2818 -0.4562
vn -0.3037 0.1179 -0.9455
vn -0.5268 -0.2299 -0.8183
vn -0.1116 -0.1522 -0.9820
vn -0.2031 -0.3152 -0.9270
vn 0.2368 0.0957 -0.9668
vn -0.5323 -0.2562 -0.8068
vn -0.2810 0.4716 -0.8358
vn -0.4320 0.4676 -0.7711
vn 0.1333 0.1730 -0.9759
vn -0.8657 0.4164 -0.2778
vn 0.2602 0.0753 -0.9626
vn 0.0858 0.0015 -0.9963
vn -0.4423 0.1944 -0.8755
vn -0.8010 0.3773 -0.4647
vn -0.7992 0.1141 -0.5901
vn -0.5271 -0.0351 -0.8491
vn -0.4436 -0.1148 -0.8889
vn 0.1124 -0.0453 -0.9926
vn -0.8165 -0.1148 -0.5658
vn -0.7918 -0.0524 -0.6086
vn -0.8193 -0.1798 -0.5445
vn -0.9943 -0.0743 -0.0762
vn -0.9962 -0.0308 -0.0820
vn -0.8442 0.0651 0.5321
vn -0.8353 0.0638 0.5461
vn -0.9988 0.0321 -0.0381
vn -0.1652 0.2356 0.9577
vn -0.5014 0.2128 0.8386
vn -0.2239 0.2192 0.9496
vn -0.7845 0.1320 0.6059
vn -0.3605 0.2841 0.8885
vn 0.4982 0.3411 0.7971
vn -0.2938 0.5962 0.7471
vn 0.3248 0.4122 0.8512
vn -0.8164 0.1092 0.5671
vn -0.7564 0.5601 0.3379
vn -0.9982 -0.0580 -0.0154
vn -0.9434 0.3056 -0.1291
vn -0.8462 -0.1469 -0.5122
vn -0.2694 -0.1069 -0.9571
vn -0.3544 -0.1880 -0.9160
vn -0.8123 0.2870 -0.5077
vn 0.3450 -0.0628 -0.9365
vn 0.2053 -0.0479 -0.9775
vn 0.3801 0.0306 -0.9244
vn 0.3085 0.0318 -0.9507
vn 0.4230 0.1247 -0.8975
vn 0.5224 0.1394 -0.8412
vn 0.5516 0.0900 -0.8292
vn 0.9464 0.2757 -0.1681
vn 0.9477 0.2954 -0.1209
vn 0.4283 0.0133 -0.9036
vn 0.5381 0.0413 -0.8419
vn 0.9071 0.1942 -0.3735
vn 0.8530 0.2546 0.4556
vn 0.9711 0.2335 0.0489
vn 0.8185 0.2614 0.5115
vn 0.7981 0.3249 0.5074
vn 0.8550 0.1903 -0.4825
vn 0.8629 0.4494 -0.2311
vn 0.6655 0.5610 0.4923
vn 0.4725 0.8729 -0.1215
vn 0.2873 0.7551 0.5892
vn 0.3067 0.8750 0.3746
vn -0.0598 0.8441 -0.5328
vn -0.1628 0.9795 0.1190
vn 0.4534 0.2799 -0.8462
vn -0.2589 0.6167 -0.7434
vn -0.6082 0.7558 -0.2425
vn 0.0431 0.2356 -0.9709
vn 0.4371 0.0052 -0.8994
vn 0.4434 0.0926 -0.8915
vn 0.4579 -0.0076 -0.8890
vn 0.4783 0.0383 -0.8773
vn 0.5556 0.1133 -0.8237
vn 0.5594 0.0459 -0.8276
vn 0.5418 0.2875 0.7898
vn 0.5138 0.2814 0.8105
vn 0.5818 0.4319 0.6891
vn 0.4060 0.4816 0.7767
vn -0.2525 0.4083 0.8772
vn 0.5803 0.1983 0.7899
vn -0.7255 0.2061 0.6566
vn 0.0343 0.1453 0.9888
vn -0.7547 0.1751 0.6323
vn -0.6759 0.1971 0.7102
vn -0.9630 0.1945 0.1867
vn -0.7370 0.2356 0.6335
vn -0.9187 0.3142 0.2392
vn -0.9108 0.3214 0.2590
vn -0.9494 0.2263 0.2177
vn -0.6975 0.2003 0.6881
vn -0.8719 -0.2673 0.4102
vn -0.8676 -0.3798 0.3209
vn -0.6494 0.1863 0.7373
vn -0.6426 0.1577 0.7498
vn -0.0234 0.4004 0.9160
vn -0.0792 0.3098 0.9475
vn 0.6121 0.3055 0.7294
vn 0.3608 0.3385 0.8691
vn 0.5276 0.3100 0.7909
vn 0.5829 0.3007 0.7549
vn 0.6054 0.2925 0.7402
vn 0.5382 -0.0484 0.8414
vn 0.8712 0.2471 0.4242
vn 0.8354 0.2372 -0.4959
vn 0.8640 0.2245 -0.4507
vn 0.8883 0.2241 0.4010
vn 0.8572 0.2598 0.4447
vn 0.8625 0.2493 0.4404
vn 0.9325 0.2165 -0.2892
vn 0.5957 0.4268 0.6804
vn 0.8966 0.2158 0.3867
vn 0.4208 0.6532 0.6295
vn 0.6559 0.1105 0.7467
vn 0.6638 0.1986 0.7211
vn 0.4697 -0.0279 0.8824
vn 0.0915 0.0622 0.9939
vn 0.9062 0.1983 0.3735
vn 0.9693 0.2187 -0.1126
vn 0.9339 0.2354 -0.2691
vn 0.3659 0.1182 -0.9231
vn -0.7127 -0.7014 -0.0091
vn -0.7955 -0.3723 0.4780
vn -0.8958 -0.4282 0.1192
vn -0.4385 -0.5165 0.7355
vn -0.4290 0.2497 0.8681
vn -0.8974 0.0492 0.4384
vn -0.8280 0.5473 -0.1218
vn 0.9159 0.1411 0.3759
vn -0.5190 -0.3379 -0.7852
vn -0.7692 -0.4264 -0.4759
vn -0.6862 -0.5332 -0.4948
vn -0.5345 -0.6475 -0.5431
vn -0.2468 -0.3229 -0.9137
vn 0.9186 0.0863 0.3855
vn 0.9516 0.1719 -0.2547
vn 0.9813 0.1884 -0.0384
vn 0.5218 0.1235 -0.8441
vn 0.6887 -0.2558 -0.6784
vn 0.8786 -0.4271 -0.2137
vn 0.4963 -0.4646 0.7334
vn 0.6433 -0.4818 -0.5950
vn -0.0123 0.0185 -0.9998
vn 0.1023 -0.7578 0.6444
vn -0.7702 -0.1181 0.6268
vn -0.3633 -0.9233 -0.1243
vn -0.3357 0.0650 0.9397
vn -0.7366 -0.6176 0.2759
vn -0.0994 0.1585 0.9823
vn 0.5201 -0.4027 0.7532
vn 0.0365 0.4093 0.9117
vn 0.3923 -0.5097 0.7657
vn 0.1591 0.5891 0.7922
vn 0.4319 -0.6168 0.6580
vn 0.3345 0.2551 0.9072
vn -0.0054 -0.6699 -0.7425
vn 0.0956 -0.7019 -0.7058
vn 0.2242 -0.7459 0.6272
vn 0.2382 -0.4900 -0.8386
vn -0.0868 -0.0441 -0.9952
vn -0.0444 -0.0085 -0.9990
vn -0.0723 -0.0007 -0.9974
vn -0.1716 -0.0861 -0.9814
vn -0.0953 -0.0180 -0.9953
vn -0.0461 0.0158 -0.9988
vn -0.1257 -0.0743 -0.9893
vn -0.0577 -0.0258 -0.9980
vn -0.0281 0.0363 -0.9989
vn -0.0095 0.0043 -0.9999
vn 0.0474 0.0365 -0.9982
vn 0.0684 0.0255 -0.9973
vn 0.0205 -0.0208 -0.9996
vn 0.0047 0.0268 -0.9996
vn -0.0355 -0.0709 -0.9969
vn -0.4006 -0.0008 -0.9163
vn -0.3532 0.0829 -0.9319
vn -0.6896 0.0809 -0.7196
vn -0.2516 0.1521 -0.9558
vn -0.6246 0.1979 -0.7554
vn -0.6883 0.1353 -0.7127
vn -0.7402 0.0872 -0.6667
vn -0.8919 0.2882 -0.3486
vn -0.8956 0.2763 -0.3486
vn -0.9216 0.3797 0.0810
vn -0.8901 0.2936 -0.3485
vn -0.8956 0.4430 0.0413
vn -0.9164 0.3787 0.1298
vn -0.9483 0.2687 0.1687
vn -0.9547 0.2760 0.1116
vn -0.6150 0.0881 0.7836
vn -0.5800 0.1581 0.7991
vn -0.9763 0.1483 0.1578
vn -0.5787 0.1107 0.8080
vn -0.9799 0.0097 0.1993
vn -0.9830 0.1163 0.1422
vn -0.9958 0.0128 0.0903
vn -0.9292 0.1998 -0.3110
vn -0.8794 0.0744 -0.4702
vn -0.9980 -0.0598 0.0196
vn -0.9791 -0.0631 0.1931
vn -0.9874 -0.0593 0.1465
vn -0.9982 -0.0442 -0.0405
vn -0.8202 -0.0540 -0.5695
vn -0.7819 -0.0446 -0.6218
vn -0.5862 -0.0527 -0.8084
vn -0.6091 -0.0003 -0.7931
vn -0.6037 0.1072 -0.7900
vn -0.3379 0.1001 -0.9358
vn -0.5980 0.2080 -0.7740
vn -0.2730 0.1623 -0.9482
vn 0.0535 0.1012 -0.9934
vn -0.0062 0.0783 -0.9969
vn -0.3937 0.0059 -0.9192
vn -0.0376 0.0243 -0.9990
vn -0.0756 0.0094 -0.9971
vn -0.3921 -0.0091 -0.9199
vn -0.1530 0.6659 -0.7302
vn -0.3614 0.6405 -0.6776
vn -0.0809 0.6442 -0.7606
vn 0.2356 0.8237 0.5158
vn 0.0218 0.9101 0.4139
vn 0.2459 0.1646 0.9552
vn 0.4220 0.2354 0.8755
vn 0.5053 0.7876 0.3525
vn 0.7679 0.1940 0.6105
vn 0.9410 0.2796 0.1905
vn 0.9569 0.2773 -0.0865
vn 0.5681 0.8158 -0.1083
vn 0.5729 0.7823 -0.2444
vn -0.5954 0.6551 -0.4651
vn -0.3819 0.6203 -0.6851
vn 0.3137 0.9199 -0.2352
vn -0.6019 0.7620 -0.2388
vn 0.9682 0.2383 -0.0756
vn 0.6311 0.7503 0.1969
vn 0.1813 0.4443 0.8773
vn -0.8614 0.0907 0.4998
vn -0.6244 0.0554 0.7791
vn 0.0828 0.1341 0.9875
vn -0.4184 0.8386 0.3489
vn 0.1660 0.1242 0.9783
vn 0.0805 0.0022 0.9968
vn -0.0453 -0.2711 0.9615
vn -0.1413 -0.3564 0.9236
vn -0.7092 0.0393 0.7039
vn -0.8938 0.4377 0.0975
vn -0.4587 0.0128 0.8885
vn -0.9065 0.3875 0.1673
vn -0.9033 0.4233 0.0697
vn -0.6563 0.2920 0.6957
vn -0.9345 0.2861 0.2116
vn -0.8980 0.2901 -0.3309
vn -0.9397 0.1018 0.3264
vn -0.9773 0.2109 0.0194
vn -0.9282 0.2021 0.3125
vn -0.6580 0.1807 0.7310
vn -0.9231 0.1044 0.3702
vn -0.9163 0.0806 0.3923
vn -0.5414 0.2094 0.8142
vn -0.9367 0.0840 0.3398
vn -0.9834 0.0529 -0.1734
vn -0.9528 0.0899 -0.2900
vn -0.9189 0.0846 0.3854
vn -0.8162 -0.0177 -0.5774
vn -0.9991 0.0371 0.0182
vn -0.7414 0.0185 -0.6708
vn -0.9637 -0.2468 -0.1016
vn -0.8082 -0.3013 0.5060
vn -0.8336 -0.2125 0.5099
vn -0.1983 -0.8636 0.4636
vn -0.0015 -0.8819 0.4714
vn -0.3995 -0.6711 0.6245
vn 0.4083 -0.6224 0.6678
vn -0.2512 -0.5807 0.7744
vn -0.8935 -0.4231 -0.1501
vn -0.7890 -0.1249 -0.6015
vn -0.4572 -0.1487 -0.8769
vn -0.7212 -0.6742 -0.1589
vn -0.5070 -0.1071 -0.8553
vn -0.7587 -0.0728 -0.6474
vn -0.8126 -0.0754 -0.5779
vn -0.7564 -0.0118 -0.6540
vn -0.7468 -0.0363 -0.6640
vn -0.7472 0.0320 -0.6638
vn -0.7252 0.0288 -0.6880
vn -0.7348 -0.0229 -0.6779
vn -0.4005 -0.0576 -0.9145
vn -0.7409 0.0696 -0.6680
vn -0.1076 -0.1112 -0.9880
vn -0.1592 -0.1420 -0.9770
vn -0.1324 -0.1630 -0.9777
vn -0.2979 -0.5335 -0.7916
vn -0.1494 -0.7470 0.6478
vn -0.2228 -0.7087 -0.6694
vn -0.1265 -0.4313 0.8933
vn 0.3090 -0.0278 0.9506
vn 0.2999 -0.0337 0.9534
vn 0.3791 -0.1492 0.9133
vn 0.3123 -0.8810 0.3554
vn 0.2918 -0.9142 0.2812
vn 0.3096 -0.4580 0.8333
vn -0.3247 -0.5137 0.7942
vn 0.0450 0.1563 0.9867
vn -0.4178 0.1241 0.9000
vn -0.4849 0.2157 0.8476
vn -0.9054 0.0700 0.4186
vn -0.0803 0.2597 0.9623
vn -0.0943 0.2985 0.9498
vn -0.0175 0.2873 0.9577
vn -0.5618 0.2178 0.7981
vn 0.0358 0.1684 0.9851
vn 0.0501 0.0195 0.9986
vn -0.0831 -0.1720 0.9816
vn -0.9276 0.3732 0.0151
vn -0.0758 0.8091 0.5827
vn -0.0452 0.1042 0.9935
vn -0.0038 0.6416 -0.7670
vn -0.2344 0.7667 0.5977
vn -0.3844 0.0768 0.9200
vn -0.4981 0.5920 0.6336
vn 0.2639 0.7636 -0.5893
vn 0.5453 0.0378 -0.8374
vn 0.1728 0.0179 -0.9848
vn 0.9603 0.1511 -0.2345
vn 0.5179 0.8493 -0.1029
vn -0.7276 0.6856 -0.0215
vn -0.5082 0.5253 -0.6825
vn -0.9473 0.1223 -0.2962
vn -0.7550 0.0793 0.6509
vn -0.7041 0.1245 -0.6991
vn -0.7528 0.0672 -0.6548
vn -0.7957 -0.1110 -0.5954
vn -0.9994 -0.0218 -0.0251
vn -0.5022 0.6696 -0.5472
vn -0.9237 -0.1214 0.3633
vn -0.7068 -0.2706 -0.6536
vn -0.9682 -0.2284 0.1023
vn -0.9633 -0.2653 0.0411
vn -0.7422 -0.2540 -0.6202
vn -0.8316 -0.2356 -0.5029
vn -0.8499 -0.2189 -0.4794
vn -0.9218 -0.1954 0.3347
vn 0.1872 0.1322 0.9734
vn 0.3252 0.1443 0.9346
vn -0.8836 -0.1819 0.4314
vn -0.8507 -0.1921 -0.4892
vn -0.8815 -0.1640 0.4428
vn 0.4363 0.1388 0.8890
vn 0.8466 0.2083 0.4898
vn 0.4158 0.0959 0.9044
vn 0.8119 0.2325 0.5355
vn 0.8636 0.1704 0.4746
vn 0.4059 0.0783 0.9106
vn -0.9044 -0.1542 0.3979
vn -0.8511 -0.1249 -0.5100
vn -0.9030 -0.1344 0.4080
vn -0.8480 -0.1542 -0.5070
vn -0.8293 -0.0307 -0.5579
vn -0.6228 -0.4071 0.6681
vn -0.7939 0.0666 -0.6044
vn -0.7767 -0.6293 -0.0241
vn 0.5157 -0.1454 0.8443
vn 0.4212 0.0098 0.9069
vn 0.3871 -0.4923 0.7796
vn 0.8520 0.1112 0.5116
vn 0.8630 0.1477 0.4832
vn 0.8404 0.0222 0.5415
vn 0.8775 0.1224 0.4637
vn 0.8779 0.1523 0.4539
vn 0.8826 0.1486 0.4461
vn 0.9659 0.2341 -0.1110
vn 0.8815 0.1735 0.4392
vn 0.8690 0.1946 0.4550
vn 0.9647 0.2336 -0.1213
vn 0.4500 0.1680 -0.8771
vn 0.5293 0.1759 -0.8300
vn 0.9711 0.2370 0.0290
vn 0.9558 0.2464 -0.1601
vn 0.8389 0.2131 0.5008
vn 0.7994 0.2172 0.5602
vn 0.9793 0.2023 -0.0010
vn 0.7683 0.2393 0.5936
vn 0.7596 0.1824 0.6243
vn 0.5257 0.1367 -0.8396
vn 0.5809 0.0586 -0.8119
vn 0.9590 0.1042 0.2637
vn 0.7899 0.0549 0.6108
vn 0.7455 0.0808 0.6616
vn 0.6961 0.0242 0.7175
vn 0.6321 0.7212 0.2834
vn 0.3328 0.7509 0.5704
vn -0.7348 0.6770 0.0407
vn -0.4023 0.3972 0.8249
vn 0.1385 0.0138 0.9903
vn -0.1076 -0.0136 0.9941
vn 0.6987 0.0927 0.7094
vn 0.0607 0.0723 0.9955
vn 0.7247 0.1976 0.6602
vn 0.1437 0.0286 -0.9892
vn 0.0768 0.0081 -0.9970
vn 0.1190 0.0785 -0.9898
vn 0.0694 0.0200 -0.9974
vn 0.0748 0.0680 -0.9949
vn 0.0939 0.0939 -0.9911
vn 0.0825 0.0971 -0.9918
vn 0.0746 0.0810 -0.9939
vn 0.0903 0.0941 -0.9915
vn 0.0424 0.0555 -0.9976
vn 0.2740 0.1191 -0.9543
vn 0.4129 0.1414 -0.8997
vn 0.0775 0.0790 -0.9939
vn 0.4275 0.1522 -0.8911
vn 0.8960 0.1100 0.4303
vn 0.8841 0.1090 0.4545
vn 0.8955 0.0659 0.4403
vn 0.8791 0.1022 0.4655
vn 0.8854 0.0803 0.4578
vn 0.8915 0.0596 0.4490
vn 0.8384 -0.0535 0.5424
vn 0.5006 -0.8112 0.3023
vn 0.8949 -0.0363 0.4447
vn 0.9058 0.0317 0.4225
vn 0.7594 -0.6424 -0.1029
vn -0.3562 -0.6497 -0.6715
vn 0.7984 -0.5887 -0.1264
vn -0.3732 -0.7979 -0.4733
vn -0.7874 -0.3587 -0.5013
vn -0.8087 -0.3894 -0.4409
vn -0.8586 -0.0435 -0.5107
vn -0.7621 -0.6442 -0.0655
vn -0.8589 0.2158 -0.4644
vn 0.9597 -0.0435 0.2775
vn 0.7485 0.0911 0.6568
vn 0.7470 0.0235 0.6644
vn 0.9628 0.0976 0.2518
vn 0.9701 0.0201 -0.2419
vn 0.9323 -0.1721 0.3180
vn 0.9681 -0.1621 -0.1913
vn 0.4201 -0.2873 -0.8608
vn 0.9343 -0.3333 -0.1262
vn 0.4259 -0.1316 -0.8952
vn 0.3867 -0.4363 -0.8125
vn 0.8697 -0.4909 -0.0519
vn 0.8836 -0.2877 0.3695
vn 0.8146 -0.3897 0.4295
vn 0.6994 -0.0963 0.7082
vn 0.7305 -0.0401 0.6817
vn 0.2529 0.3411 0.9054
vn 0.2835 0.3826 0.8793
vn 0.1505 0.4505 0.8800
vn 0.2007 0.5055 0.8392
vn 0.3209 0.4154 0.8512
vn 0.2610 0.5462 0.7960
vn 0.4903 0.1685 0.8551
vn 0.5514 -0.2114 0.8070
vn 0.6116 -0.1896 0.7681
vn 0.6659 -0.1556 0.7297
vn 0.5488 0.5444 0.6344
vn 0.4767 0.5702 0.6691
vn 0.6163 0.5032 0.6058
vn 0.1051 0.0725 0.9918
vn 0.1373 -0.0013 0.9905
vn 0.1804 -0.0668 0.9813
vn 0.7247 0.3844 0.5719
vn 0.6753 0.4491 0.5850
vn 0.7619 0.3125 0.5673
vn 0.4022 0.5793 0.7089
vn 0.3295 0.5713 0.7517
vn 0.2329 -0.1226 0.9647
vn 0.2919 -0.1664 0.9418
vn 0.7863 0.2357 0.5711
vn 0.7970 0.1582 0.5829
vn 0.7130 -0.1097 0.6925
vn 0.7509 -0.0541 0.6581
vn 0.7785 0.0107 0.6275
vn 0.4877 -0.2202 0.8448
vn 0.3559 -0.1978 0.9134
vn 0.4216 -0.2157 0.8808
vn 0.1129 0.3847 0.9161
vn 0.0858 0.1506 0.9849
vn 0.7942 0.0820 0.6021
vn 0.0893 0.3101 0.9465
vn 0.0803 0.2314 0.9695
vn 0.2163 0.2403 0.9463
vn 0.2131 0.1849 0.9594
vn 0.7389 0.1578 0.6550
vn 0.2303 0.2934 0.9278
vn 0.7224 0.2194 0.6557
vn 0.9403 0.2403 0.2412
vn 0.9402 0.2065 -0.2708
vn 0.8797 0.3875 -0.2756
vn 0.8938 0.3756 0.2449
vn 0.3564 0.1786 -0.9171
vn 0.2834 0.3208 -0.9037
vn 0.7907 0.5554 -0.2573
vn -0.3510 -0.0695 -0.9338
vn 0.4045 0.0262 -0.9142
vn -0.3347 -0.1029 -0.9367
vn -0.3731 -0.0402 -0.9269
vn -0.4702 -0.1432 -0.8709
vn -0.4660 -0.1495 -0.8720
vn -0.4819 -0.1572 -0.8620
vn -0.4803 -0.1604 -0.8623
vn -0.4632 -0.1563 -0.8724
vn -0.4791 -0.1628 -0.8625
vn -0.4611 -0.1628 -0.8723
vn -0.4784 -0.1657 -0.8624
vn -0.4605 -0.1696 -0.8713
vn -0.4786 -0.1686 -0.8617
vn -0.4608 -0.1759 -0.8699
vn -0.4784 -0.1713 -0.8613
vn -0.4625 -0.1821 -0.8677
vn -0.4785 -0.1738 -0.8607
vn -0.3461 -0.2720 -0.8979
vn -0.4650 -0.1876 -0.8652
vn -0.3320 -0.2423 -0.9116
vn -0.3653 -0.2978 -0.8820
vn -0.4799 -0.1760 -0.8595
vn -0.4685 -0.1922 -0.8623
vn 0.2448 -0.6894 -0.6818
vn 0.1421 -0.7839 -0.6044
vn -0.3885 -0.3184 -0.8647
vn 0.6595 -0.7418 0.1215
vn 0.0226 -0.8522 -0.5227
vn 0.5222 -0.8249 0.2167
vn 0.3706 -0.8744 0.3131
vn 0.5122 -0.5734 0.6394
vn 0.6252 -0.5362 0.5670
vn 0.6045 -0.1760 0.7770
vn 0.5462 -0.1962 0.8144
vn 0.7275 -0.4740 0.4960
vn 0.4123 0.4502 0.7920
vn 0.4853 -0.2012 0.8509
vn 0.4624 0.4506 0.7637
vn 0.3648 0.4384 0.8214
vn 0.6563 -0.1425 0.7409
vn 0.5119 0.4399 0.7379
vn 0.5598 0.4185 0.7152
vn 0.4246 -0.1900 0.8852
vn 0.3694 -0.1619 0.9151
vn 0.6037 0.3885 0.6961
vn 0.3235 -0.1183 0.9388
vn 0.6426 0.3500 0.6816
vn 0.6739 0.3045 0.6732
vn 0.2867 -0.0648 0.9558
vn -0.0417 -0.3684 0.9287
vn 0.2554 -0.0082 0.9668
vn 0.0591 -0.4569 0.8875
vn 0.6965 0.2529 0.6715
vn 0.2306 0.0489 0.9718
vn -0.1297 -0.2592 0.9571
vn -0.1970 -0.1350 0.9711
vn 0.2116 0.1073 0.9715
vn 0.7092 0.1992 0.6763
vn 0.6675 0.1534 0.7286
vn 0.1600 0.1630 0.9736
vn 0.7031 0.0993 0.7041
vn 0.1890 0.2260 0.9556
vn -0.2658 0.1411 0.9536
vn -0.2429 -0.0000 0.9701
vn -0.6237 -0.2995 0.7220
vn -0.6816 -0.1176 0.7223
vn -0.9248 -0.3732 -0.0738
vn -0.9723 -0.2209 -0.0769
vn -0.7044 0.0713 0.7062
vn -0.9933 -0.0635 -0.0964
vn -0.6916 0.2575 0.6748
vn -0.2631 0.2797 0.9233
vn -0.2342 0.4063 0.8832
vn 0.2157 0.2809 0.9352
vn -0.6484 0.4323 0.6266
vn -0.1837 0.5198 0.8343
vn 0.2016 0.3500 0.9148
vn 0.6347 -0.0265 0.7723
vn 0.2309 0.4010 0.8865
vn 0.6639 0.0080 0.7478
vn 0.6009 -0.0535 0.7975
vn 0.2715 0.4428 0.8545
vn -0.1144 0.6197 0.7765
vn -0.4842 0.7307 0.4812
vn -0.0282 0.7022 0.7115
vn -0.5790 0.5918 0.5608
vn -0.8127 0.4920 -0.3122
vn -0.8951 0.3752 -0.2410
vn -0.3662 0.8441 0.3916
vn -0.9539 0.2402 -0.1801
vn -0.6317 -0.0889 -0.7701
vn -0.6178 -0.0593 -0.7841
vn -0.5988 -0.0336 -0.8002
vn -0.5150 -0.1489 -0.8441
vn -0.5175 -0.1543 -0.8416
vn -0.5009 -0.1604 -0.8505
vn -0.5018 -0.1624 -0.8496
vn -0.5118 -0.1439 -0.8469
vn -0.4993 -0.1584 -0.8518
vn -0.5073 -0.1400 -0.8503
vn -0.4979 -0.1563 -0.8530
vn -0.5025 -0.1368 -0.8537
vn -0.4950 -0.1545 -0.8550
vn -0.5195 0.0117 -0.8544
vn -0.4968 -0.1341 -0.8574
vn -0.5489 0.0024 -0.8359
vn -0.4882 0.0145 -0.8726
vn -0.4906 -0.1328 -0.8612
vn -0.4929 -0.1528 -0.8565
vn -0.4901 -0.1523 -0.8582
vn -0.4844 -0.1328 -0.8647
vn -0.4874 -0.1513 -0.8600
vn -0.4794 -0.1341 -0.8673
vn -0.4854 -0.1513 -0.8611
vn -0.3989 -0.0159 -0.9169
vn -0.4748 -0.1378 -0.8692
vn -0.4269 0.0012 -0.9043
vn -0.4837 -0.1535 -0.8616
vn -0.4569 0.0113 -0.8895
vn -0.0488 0.6302 -0.7749
vn 0.0763 0.5512 -0.8309
vn 0.5443 0.8249 -0.1528
vn 0.3984 0.9143 -0.0732
vn -0.1838 0.6817 -0.7082
vn 0.2432 0.9699 0.0135
vn -0.3228 0.7029 -0.6338
vn 0.0826 0.9910 0.1049
vn -0.4607 0.6938 -0.5535
vn -0.0769 0.9768 0.2000
vn -0.5913 0.6544 -0.4712
vn -0.7103 0.5862 -0.3897
vn -0.2287 0.9272 0.2965
vn -0.5756 -0.0130 -0.8176
vn 0.0724 0.7631 0.6422
vn 0.1835 0.8000 0.5713
vn 0.3203 0.4733 0.8206
vn 0.3745 0.4922 0.7858
vn 0.5212 -0.0845 0.8492
vn 0.4773 -0.0870 0.8744
vn 0.4316 0.4978 0.7523
vn 0.4329 -0.0810 0.8978
vn 0.4896 0.4892 0.7218
vn 0.3000 0.8104 0.5033
vn 0.4173 0.7949 0.4405
vn 0.5444 0.4658 0.6976
vn 0.5300 0.7550 0.3861
vn 0.3881 -0.0665 0.9192
vn 0.3444 -0.0443 0.9378
vn 0.5930 0.4282 0.6819
vn 0.6374 0.6925 0.3380
vn 0.6346 0.3811 0.6724
vn 0.3030 -0.0129 0.9529
vn 0.2677 0.0272 0.9631
vn 0.6703 0.3300 0.6646
vn 0.7382 0.6065 0.2955
vn 0.8258 0.4990 0.2628
vn 0.6771 0.7033 -0.2163
vn 0.1888 0.4463 -0.8747
vn 0.6995 0.2765 0.6590
vn 0.2399 0.0755 0.9679
vn 0.2212 0.1286 0.9667
vn 0.5625 -0.0733 0.8235
vn -0.5023 -0.1654 -0.8487
vn -0.5192 -0.1604 -0.8395
vn -0.5024 -0.1677 -0.8482
vn -0.5197 -0.1669 -0.8379
vn -0.5025 -0.1702 -0.8476
vn -0.6404 -0.1219 -0.7583
vn -0.5188 -0.1733 -0.8372
vn -0.6429 -0.1567 -0.7497
vn -0.9871 0.0919 -0.1311
vn -0.6391 -0.1926 -0.7446
vn -0.6289 -0.2275 -0.7435
vn -0.5170 -0.1800 -0.8368
vn -0.5139 -0.1857 -0.8375
vn -0.5003 -0.1755 -0.8479
vn -0.5013 -0.1732 -0.8477
vn -0.4986 -0.1777 -0.8484
vn -0.5099 -0.1912 -0.8387
vn -0.4964 -0.1794 -0.8493
vn -0.5052 -0.1949 -0.8407
vn -0.4942 -0.1810 -0.8503
vn -0.4999 -0.1982 -0.8431
vn -0.5908 -0.2883 -0.7536
vn -0.5649 -0.3115 -0.7641
vn -0.6124 -0.2599 -0.7466
vn -0.8525 -0.5154 -0.0872
vn -0.7587 -0.6410 -0.1166
vn -0.6461 -0.7462 -0.1602
vn -0.4153 -0.6132 0.6720
vn -0.5337 -0.4670 0.7051
vn -0.2728 -0.7312 0.6253
vn -0.5202 -0.8261 -0.2167
vn -0.1158 -0.8165 0.5656
vn 0.0464 -0.8693 0.4921
vn 0.1653 -0.5227 0.8363
vn -0.3848 -0.8782 -0.2840
vn 0.2768 -0.5656 0.7768
vn 0.2103 -0.8891 0.4065
vn 0.3944 -0.5829 0.7104
vn -0.2460 -0.9002 -0.3593
vn -0.1080 -0.8915 -0.4399
vn -0.4441 -0.3420 -0.8281
vn -0.4748 -0.3441 -0.8101
vn -0.4827 -0.2007 -0.8525
vn -0.4151 -0.3333 -0.8465
vn -0.4776 -0.1989 -0.8558
vn -0.4880 -0.2017 -0.8492
vn -0.4871 -0.1818 -0.8542
vn -0.4851 -0.1806 -0.8556
vn -0.4894 -0.1819 -0.8529
vn -0.4941 -0.2005 -0.8460
vn -0.4922 -0.1815 -0.8513
vn -0.5058 -0.3397 -0.7930
vn -0.5363 -0.3287 -0.7774
vn -0.4829 -0.1796 -0.8570
vn -0.4726 -0.1962 -0.8591
vn -0.4815 -0.1778 -0.8582
vn 0.7399 0.0123 0.6726
vn 0.7769 -0.6288 0.0311
vn 0.3277 -0.5717 -0.7521
vn -0.3233 -0.2091 -0.9229
vn -0.3206 -0.1740 -0.9311
vn -0.3243 -0.1379 -0.9358
vn 0.3215 0.1532 0.9344
vn -0.4186 0.0444 0.9071
vn -0.3819 -0.1103 0.9176
vn 0.3181 0.1887 0.9291
vn 0.4570 0.1733 0.8724
vn 0.3307 0.1188 0.9362
vn 0.4578 0.1667 0.8733
vn 0.4576 0.1797 0.8708
vn 0.4744 0.1738 0.8630
vn 0.4746 0.1709 0.8634
vn 0.4746 0.1682 0.8640
vn 0.4594 0.1604 0.8736
vn 0.4755 0.1656 0.8640
vn 0.4621 0.1544 0.8733
vn 0.3453 0.0863 0.9345
vn 0.3644 0.0571 0.9295
vn -0.3195 -0.2572 0.9120
vn -0.2347 -0.3901 0.8904
vn -0.7651 -0.6094 0.2078
vn -0.6447 -0.7461 0.1663
vn -0.1298 -0.5045 0.8536
vn -0.7162 -0.6266 -0.3073
vn -0.8032 -0.5273 -0.2771
vn -0.8616 -0.4516 0.2318
vn -0.8729 -0.4132 -0.2594
vn -0.9302 -0.2787 0.2389
vn -0.9684 -0.0969 0.2299
vn -0.9230 -0.2893 -0.2538
vn -0.9522 -0.1601 -0.2604
vn -0.7081 -0.2268 -0.6687
vn -0.6905 -0.2800 -0.6669
vn -0.2213 -0.0824 -0.9717
vn -0.2469 -0.0292 -0.9686
vn -0.6626 -0.3296 -0.6726
vn -0.2797 0.0183 -0.9599
vn -0.6266 -0.3724 -0.6846
vn -0.5842 -0.4078 -0.7017
vn -0.3189 0.0594 -0.9459
vn -0.6150 -0.7071 -0.3490
vn -0.5378 -0.4333 -0.7232
vn -0.3630 0.0925 -0.9272
vn -0.4112 0.1168 -0.9041
vn -0.5050 -0.7644 -0.4008
vn -0.4888 -0.4473 -0.7490
vn -0.3518 -0.9353 0.0388
vn -0.5050 -0.8562 0.1090
vn -0.3906 -0.7971 -0.4605
vn -0.0096 -0.5955 0.8033
vn 0.3878 0.0318 0.9212
vn 0.4145 0.0116 0.9100
vn 0.1224 -0.6603 0.7410
vn -0.1897 -0.9810 -0.0404
vn 0.2597 -0.6960 0.6695
vn 0.4438 -0.0030 0.8961
vn 0.4800 0.1381 0.8663
vn 0.4744 0.1406 0.8690
vn 0.4744 -0.0117 0.8803
vn 0.4693 0.1443 0.8712
vn 0.4795 0.1590 0.8630
vn 0.4815 0.1573 0.8622
vn 0.4837 0.1560 0.8612
vn 0.4856 0.1363 0.8635
vn 0.4861 0.1555 0.8599
vn 0.4914 0.1361 0.8602
vn 0.4885 0.1557 0.8585
vn 0.4969 0.1366 0.8570
vn 0.4909 0.1553 0.8572
vn 0.5022 0.1390 0.8535
vn 0.4932 0.1561 0.8558
vn 0.5069 0.1421 0.8502
vn 0.4948 0.1583 0.8545
vn 0.5107 0.1469 0.8471
vn 0.4970 0.1597 0.8529
vn 0.5139 0.1518 0.8443
vn 0.4981 0.1621 0.8518
vn 0.5155 0.1580 0.8422
vn 0.4988 0.1640 0.8510
vn 0.5160 0.1641 0.8407
vn 0.4985 0.1668 0.8507
vn 0.5154 0.1696 0.8400
vn 0.4993 0.1682 0.8499
vn 0.5140 0.1731 0.8401
vn 0.4981 0.1682 0.8506
vn 0.5125 0.1738 0.8409
vn 0.4982 0.1649 0.8512
vn 0.5105 0.1733 0.8422
vn 0.4970 0.1614 0.8526
vn 0.5068 0.1738 0.8444
vn 0.4966 0.1594 0.8532
vn 0.5004 0.1758 0.8478
vn 0.4930 0.1592 0.8554
vn 0.4901 0.1799 0.8529
vn 0.4851 0.1624 0.8592
vn 0.4791 0.1837 0.8583
vn 0.4781 0.1655 0.8626
vn 0.4714 0.1864 0.8620
vn 0.4743 0.1681 0.8641
vn 0.4665 0.1885 0.8642
vn 0.4733 0.1707 0.8642
vn 0.4648 0.1911 0.8646
vn 0.4747 0.1743 0.8627
vn 0.4638 0.1919 0.8649
vn 0.4763 0.1762 0.8615
vn 0.4616 0.1896 0.8666
vn 0.4761 0.1769 0.8614
vn 0.4592 0.1853 0.8688
vn 0.4747 0.1763 0.8623
vn 0.3298 0.2562 0.9086
vn 0.3209 0.2235 0.9204
vn -0.4282 0.2017 0.8809
vn -0.4104 0.3547 0.8401
vn -0.9742 0.0880 0.2077
vn -0.9475 0.2713 0.1690
vn -0.3660 0.4982 0.7861
vn -0.8895 0.4435 0.1102
vn -0.2970 0.6253 0.7217
vn 0.3446 0.2845 0.8946
vn -0.8027 0.5954 0.0335
vn -0.2061 0.7317 0.6497
vn 0.3640 0.3067 0.8795
vn 0.3857 0.3211 0.8649
vn 0.4113 0.3285 0.8503
vn -0.0985 0.8126 0.5744
vn 0.0250 0.8679 0.4961
vn -0.5576 0.8154 -0.1557
vn -0.6906 0.7211 -0.0562
vn -0.7497 0.4392 -0.4951
vn -0.8343 0.3460 -0.4292
vn -0.6501 0.0146 -0.7597
vn -0.8989 0.2344 -0.3701
vn -0.6739 -0.0275 -0.7383
vn -0.2305 -0.3683 -0.9007
vn -0.2077 -0.3155 -0.9259
vn -0.6924 -0.0724 -0.7178
vn -0.1959 -0.2577 -0.9462
vn -0.9415 0.1079 -0.3192
vn -0.7067 -0.1212 -0.6971
vn -0.9593 -0.0269 -0.2812
vn -0.7133 -0.1730 -0.6792
vn -0.1949 -0.1983 -0.9606
vn -0.2039 -0.1390 -0.9691
vn -0.1080 -0.1498 -0.9828
vn -0.1019 -0.2255 -0.9689
vn -0.4869 -0.1691 -0.8569
vn -0.1263 -0.0754 -0.9891
vn -0.4708 -0.5686 -0.6745
vn -0.5437 -0.5472 -0.6364
vn -0.3983 -0.5737 -0.7157
vn -0.4221 0.2159 -0.8804
vn -0.3581 0.1933 -0.9135
vn -0.4874 0.2252 -0.8436
vn -0.1091 -0.3008 -0.9474
vn -0.1294 -0.3719 -0.9192
vn -0.1629 -0.4367 -0.8847
vn -0.2430 0.1131 -0.9634
vn -0.1952 0.0580 -0.9790
vn -0.1557 -0.0058 -0.9878
vn -0.6725 0.1688 -0.7206
vn -0.6149 0.2018 -0.7623
vn -0.5526 0.2206 -0.8037
vn -0.3281 -0.5619 -0.7593
vn -0.2981 0.1590 -0.9412
vn -0.2642 -0.5341 -0.8031
vn -0.2081 -0.4914 -0.8457
vn -0.8077 -0.0805 -0.5841
vn -0.7918 -0.0043 -0.6108
vn -0.8093 -0.1608 -0.5649
vn -0.6125 -0.5106 -0.6034
vn -0.6750 -0.4593 -0.5775
vn -0.7276 -0.3958 -0.5603
vn -0.7688 -0.3221 -0.5524
vn -0.7963 -0.2429 -0.5541
vn -0.7630 0.0640 -0.6432
vn -0.7223 0.1225 -0.6806
vn -0.6568 0.0838 -0.7494
vn -0.6944 0.0434 -0.7183
vn -0.2952 -0.3435 -0.8915
vn -0.7234 -0.0059 -0.6904
vn -0.2679 -0.3048 -0.9140
vn 0.1370 -0.5885 -0.7968
vn 0.0499 -0.6788 -0.7326
vn -0.3261 -0.3774 -0.8667
vn -0.0538 -0.7460 -0.6638
vn -0.6128 0.1129 -0.7821
vn -0.3606 -0.4081 -0.8387
vn -0.5641 0.1307 -0.8153
vn -0.5132 0.1366 -0.8473
vn -0.3982 -0.4334 -0.8085
vn -0.2775 -0.8042 -0.5255
vn -0.4412 -0.4477 -0.7777
vn -0.1654 -0.7874 -0.5938
vn -0.0238 -0.9920 -0.1240
vn 0.1421 -0.9673 -0.2103
vn 0.3987 -0.7011 0.5912
vn 0.5328 -0.6758 0.5093
vn 0.2987 -0.9058 -0.3006
vn 0.6578 -0.6206 0.4268
vn 0.5056 -0.0136 0.8626
vn 0.5360 -0.0089 0.8441
vn 0.5647 0.0029 0.8253
vn 0.5901 0.0213 0.8070
vn 0.7683 -0.5380 0.3468
vn 0.4359 -0.8098 -0.3926
vn 0.5485 -0.6838 -0.4812
vn 0.8605 -0.4306 0.2724
vn 0.6113 0.0459 0.7901
vn 0.9302 -0.3030 0.2071
vn 0.6324 -0.5327 -0.5625
vn 0.6267 0.0754 0.7756
vn 0.9754 -0.1592 0.1526
vn 0.6829 -0.3630 -0.6339
vn 0.6985 -0.1835 -0.6917
vn 0.2751 -0.2146 -0.9372
vn 0.2530 -0.3509 -0.9016
vn 0.2057 -0.4780 -0.8539
vn -0.2441 -0.2608 -0.9340
vn -0.2232 -0.2104 -0.9518
vn -0.7425 -0.0630 -0.6669
vn -0.7504 -0.1247 -0.6491
vn -0.2098 -0.1553 -0.9653
vn 0.2694 -0.0795 -0.9597
vn -0.2101 -0.0969 -0.9729
vn -0.7470 -0.1891 -0.6373
vn -0.7325 -0.2525 -0.6322
vn -0.7067 -0.3129 -0.6346
vn -0.2246 -0.0380 -0.9737
vn 0.1909 0.1814 -0.9647
vn -0.2509 0.0191 -0.9678
vn 0.2403 0.0527 -0.9693
vn -0.6709 -0.3664 -0.6448
vn -0.2868 0.0705 -0.9554
vn 0.1219 0.3018 -0.9455
vn 0.0349 0.4072 -0.9127
vn 0.4736 0.5100 -0.7180
vn 0.5698 0.3517 -0.7427
vn 0.8077 0.5799 0.1065
vn 0.8894 0.4495 0.0834
vn 0.3540 0.6471 -0.6753
vn 0.6145 0.2363 0.7527
vn 0.6275 0.2094 0.7500
vn 0.9494 0.3047 0.0764
vn 0.6400 0.1788 -0.7473
vn 0.9848 0.1511 0.0861
vn 0.6359 0.1777 0.7510
vn 0.6391 0.1433 0.7556
vn 0.6362 0.1085 0.7638
vn 0.9937 -0.0061 0.1118
vn 0.6830 -0.0018 -0.7305
vn 0.5969 0.2597 0.7591
vn 0.5744 0.2808 0.7689
vn 0.7049 0.6943 0.1454
vn 0.2157 0.7572 -0.6166
vn 0.5846 0.7867 0.1984
vn 0.0645 0.8361 -0.5448
vn 0.5466 0.2992 0.7821
vn 0.4485 0.8539 0.2642
vn 0.5120 0.3153 0.7990
vn 0.3040 0.8906 0.3381
vn -0.0944 0.8824 -0.4609
vn 0.4755 0.3261 0.8170
vn 0.1606 0.8947 0.4167
vn -0.2538 0.8954 -0.3660
vn -0.4160 0.5816 -0.6990
vn -0.5333 0.5583 -0.6355
vn -0.4097 0.8739 -0.2616
vn -0.6470 0.5108 -0.5662
vn -0.6208 0.0546 -0.7821
vn -0.5841 0.0941 -0.8062
vn -0.3055 -0.4501 -0.8391
vn -0.2636 -0.4142 -0.8712
vn -0.3550 -0.4737 -0.8060
vn -0.5410 0.1300 -0.8309
vn -0.4090 -0.4842 -0.7735
vn -0.4900 0.1538 -0.8580
vn -0.2968 0.5797 -0.7589
vn -0.4653 -0.4818 -0.7425
vn -0.4348 0.1593 -0.8863
vn -0.1788 0.5498 -0.8160
vn -0.3805 0.1455 -0.9133
vn -0.0670 0.4918 -0.8681
vn -0.3309 0.1146 -0.9367
vn -0.5764 -0.4442 -0.6860
vn -0.6266 -0.4106 -0.6624
vn -0.5215 -0.4679 -0.7135
vn 0.4416 0.3301 0.8343
vn -0.4615 0.1317 -0.8773
vn 0.4778 0.1609 0.8636
vn 0.4654 0.1490 0.8725
vn 0.4763 0.1631 0.8640
vn -0.5543 0.0285 0.8318
vn 0.1368 -0.0582 0.9889
vn 0.1571 0.0719 0.9850
vn 0.6746 -0.0393 0.7372
vn 0.4938 -0.0238 0.8693
vn -0.4663 0.1296 0.8751
vn 0.1350 0.1698 0.9762
vn 0.3621 -0.2955 0.8840
vn 0.7292 0.1055 0.6761
vn 0.8971 0.0319 0.4406
vn 0.9874 0.1542 -0.0350
vn 0.9422 0.1301 0.3087
vn 0.9975 0.0282 0.0648
vn 0.9191 0.1946 -0.3428
vn 0.9459 -0.0584 -0.3192
vn 0.9936 -0.0009 0.1133
vn 0.9057 -0.1124 -0.4087
vn 0.8743 -0.4820 0.0576
vn 0.5100 -0.5943 0.6218
vn 0.4300 -0.9021 0.0373
vn -0.3249 -0.9127 0.2480
vn -0.6517 -0.6164 0.4420
vn -0.6572 -0.7422 0.1309
vn -0.4454 -0.8952 -0.0120
vn -0.4922 -0.7378 0.4620
vn 0.0344 -0.9174 0.3966
vn -0.4121 -0.8034 -0.4298
vn 0.0512 -0.9692 -0.2409
vn 0.4591 -0.5151 0.7238
vn -0.0690 -0.4891 0.8695
vn 0.5469 -0.6397 0.5401
vn 0.3057 -0.7982 -0.5191
vn -0.5183 -0.6479 0.5582
vn 0.6540 -0.7372 -0.1700
vn 0.7894 -0.6139 0.0003
vn 0.6738 -0.6884 -0.2685
vn 0.5682 -0.8192 -0.0779
vn 0.1749 -0.6843 0.7079
vn 0.2443 -0.8821 0.4028
vn 0.3879 -0.7643 -0.5152
vn -0.8065 -0.2150 -0.5507
vn -0.7052 -0.6017 -0.3751
vn 0.4014 -0.6534 -0.6418
vn -0.0448 -0.3814 -0.9233
vn 0.4172 -0.3702 -0.8300
vn 0.5943 -0.7350 -0.3264
vn 0.7019 -0.3641 -0.6122
vn 0.9866 -0.1599 0.0327
vn 0.8166 -0.5735 0.0660
vn 0.3545 -0.9051 0.2348
vn 0.8337 -0.1827 0.5211
vn 0.6408 -0.4039 0.6529
vn -0.1428 -0.6045 0.7837
vn -0.3803 -0.6952 0.6099
vn 0.1288 -0.9891 0.0717
vn 0.0507 0.1045 0.9932
vn -0.0604 0.0841 0.9946
vn -0.4509 0.0215 0.8923
vn -0.4055 0.4191 0.8123
vn -0.8756 -0.1301 0.4651
vn -0.3966 -0.8155 0.4216
vn -0.4141 -0.8812 0.2280
vn 0.1953 -0.9696 -0.1475
vn 0.1370 -0.9160 -0.3771
vn -0.6550 -0.5574 -0.5103
vn -0.9690 -0.1695 -0.1799
vn -0.7054 -0.1422 -0.6944
vn -0.9534 0.1428 -0.2657
vn -0.9932 0.1070 0.0461
vn -0.8701 0.2918 0.3972
vn -0.8869 0.3858 0.2542
vn -0.6070 0.3616 0.7077
vn -0.7722 0.0991 0.6275
vn -0.5351 0.0891 0.8401
vn -0.7325 0.1012 0.6732
vn -0.7620 0.0542 0.6452
vn -0.8866 0.1512 0.4372
vn -0.9688 0.0281 0.2461
vn -0.9829 0.1638 0.0839
vn -0.9705 0.0241 -0.2399
vn -0.9876 -0.0356 -0.1532
vn -0.9641 0.1986 0.1763
vn -0.9340 0.1674 -0.3157
vn -0.9877 0.1072 -0.1139
vn -0.9405 0.0602 0.3343
vn -0.7659 0.1071 -0.6340
vn -0.6507 0.1037 -0.7522
vn -0.9783 -0.2035 -0.0395
vn -0.8625 0.4198 0.2825
vn -0.7991 0.0569 0.5985
vn -0.7888 0.1949 0.5830
vn -0.6618 0.7033 0.2597
vn -0.0273 0.9786 -0.2038
vn -0.8762 0.3985 -0.2709
vn -0.4452 -0.2897 -0.8473
vn -0.1827 -0.2433 -0.9526
vn -0.0788 -0.0968 -0.9922
vn -0.5493 -0.1788 -0.8162
vn -0.0663 -0.1290 -0.9894
vn -0.4073 0.5561 -0.7245
vn -0.1464 0.0438 -0.9883
vn -0.5253 0.2580 -0.8109
vn -0.5410 0.2959 -0.7872
vn -0.5278 0.1943 -0.8268
vn -0.5939 -0.1712 -0.7861
vn -0.8511 -0.0008 -0.5249
vn -0.7693 0.1640 -0.6175
vn -0.5105 0.3929 -0.7649
vn -0.7236 0.4531 -0.5207
vn -0.5594 0.6861 -0.4650
vn -0.8890 -0.0638 -0.4535
vn -0.3314 0.3077 -0.8919
vn -0.2114 -0.3814 -0.8999
vn 0.4872 0.0144 -0.8732
vn 0.4657 -0.3441 -0.8153
vn 0.7118 -0.2511 -0.6559
vn 0.6278 0.5112 -0.5870
vn 0.2759 -0.0934 -0.9566
vn 0.7579 0.3301 -0.5627
vn 0.8760 -0.2267 -0.4257
vn 0.7702 0.0598 -0.6350
vn 0.9800 -0.1891 -0.0625
vn 0.9989 -0.0300 -0.0372
vn 0.9447 0.0305 -0.3266
vn 0.9357 0.3116 -0.1655
vn 0.7435 0.5535 0.3752
vn 0.9119 -0.0728 0.4039
vn 0.6668 0.0603 0.7428
vn 0.4947 0.7740 0.3952
vn 0.6726 0.1282 0.7288
vn 0.8841 0.0741 0.4614
vn 0.3091 0.6713 0.6736
vn 0.2172 0.0486 0.9749
vn 0.7233 0.1331 0.6776
vn 0.2426 0.0973 0.9652
vn -0.4499 0.0779 0.8897
vn -0.4548 0.0305 0.8901
vn -0.4783 0.5072 0.7169
vn 0.3280 0.0828 -0.9410
vn 0.6736 0.1495 -0.7238
vn -0.4248 -0.1865 -0.8858
vn 0.0524 0.1359 -0.9893
vn -0.4980 0.0228 -0.8669
vn -0.5803 0.1069 -0.8074
vn -0.7218 -0.0744 -0.6881
vn 0.4624 -0.0397 -0.8858
vn 0.2120 0.0352 -0.9766
vn -0.3124 0.1903 -0.9307
vn -0.5986 0.1804 -0.7805
vn -0.3852 -0.0722 -0.9200
vn -0.5592 0.0393 -0.8281
vn -0.6995 -0.1023 -0.7072
vn -0.5008 -0.2182 -0.8376
vn -0.7720 -0.1007 -0.6276
vn 0.0142 -0.1754 -0.9844
vn -0.2044 -0.8990 -0.3874
vn -0.2885 -0.8740 -0.3909
vn 0.3537 -0.8107 -0.4666
vn -0.1923 -0.8184 0.5415
vn -0.1101 -0.7015 0.7041
vn -0.3299 -0.8098 0.4851
vn 0.7405 -0.4506 -0.4985
vn 0.7243 -0.1646 -0.6695
vn 0.6465 -0.0624 -0.7603
vn 0.6907 -0.1079 -0.7150
vn 0.9262 -0.3611 0.1082
vn 0.0431 -0.9490 -0.3124
vn 0.0819 -0.6030 0.7935
vn -0.1481 -0.9890 0.0066
vt 0.109904 1.816415
vt 0.095608 1.794271
vt 0.122518 1.812319
vt 0.116432 1.786548
vt 0.090746 1.779804
vt 0.111356 1.772115
vt 0.085691 1.810308
vt 0.102839 1.825887
vt 0.083967 1.824194
vt 0.100570 1.832398
vt 0.083250 1.837898
vt 0.097788 1.844473
vt 0.090686 1.853811
vt 0.082843 1.847254
vt 0.080596 1.860997
vt 0.073732 1.852030
vt 0.066254 1.853479
vt 0.066549 1.864844
vt 0.055732 1.854412
vt 0.049833 1.865881
vt 0.049182 1.848193
vt 0.039176 1.860524
vt 0.035671 1.847222
vt 0.046475 1.841449
vt 0.044856 1.830797
vt 0.032315 1.835657
vt 0.030700 1.821117
vt 0.025280 1.829632
vt 0.018196 1.816663
vt 0.015476 1.824914
vt 0.004629 1.821938
vt 0.010426 1.815315
vt 0.010415 1.808751
vt 0.017374 1.809090
vt 0.010629 1.801545
vt 0.016809 1.800769
vt 0.004412 1.796589
vt 0.016008 1.793036
vt 0.004884 1.809729
vt 0.030001 1.795786
vt 0.025622 1.786930
vt 0.036515 1.779509
vt 0.042826 1.787374
vt 0.047945 1.772524
vt 0.056979 1.777586
vt 0.049430 1.761227
vt 0.058313 1.760628
vt 0.046231 1.742448
vt 0.056861 1.741940
vt 0.045504 1.730893
vt 0.055283 1.731018
vt 0.043196 1.717586
vt 0.051352 1.715451
vt 0.044832 1.723232
vt 0.054134 1.723564
vt 0.032243 1.707828
vt 0.040730 1.697843
vt 0.041253 1.713504
vt 0.048790 1.709362
vt 0.014896 1.698912
vt 0.025411 1.692640
vt 0.011023 1.686606
vt 0.022180 1.685538
vt 0.005028 1.673586
vt 0.020456 1.677539
vt 0.026243 1.674412
vt 0.023062 1.666725
vt 0.036658 1.659930
vt 0.039838 1.667540
vt 0.053648 1.661085
vt 0.049129 1.652567
vt 0.063121 1.644107
vt 0.067415 1.651525
vt 0.077667 1.634987
vt 0.083116 1.643484
vt 0.132582 1.814812
vt 0.138346 1.795347
vt 0.155728 1.808155
vt 0.147674 1.821997
vt 0.163305 1.828007
vt 0.167944 1.813764
vt 0.180062 1.828165
vt 0.175014 1.814542
vt 0.192737 1.822518
vt 0.184910 1.810355
vt 0.195858 1.801174
vt 0.203690 1.809963
vt 0.210958 1.793242
vt 0.200647 1.790827
vt 0.212618 1.778099
vt 0.197758 1.777247
vt 0.196184 1.764053
vt 0.210773 1.762836
vt 0.196279 1.750495
vt 0.210322 1.751440
vt 0.199268 1.737479
vt 0.210977 1.743906
vt 0.206175 1.726619
vt 0.215402 1.733979
vt 0.210777 1.720369
vt 0.223560 1.721868
vt 0.216041 1.710247
vt 0.208389 1.715695
vt 0.203900 1.706150
vt 0.206016 1.698569
vt 0.205120 1.710511
vt 0.211403 1.704679
vt 0.194445 1.710227
vt 0.195113 1.703295
vt 0.184411 1.712369
vt 0.183768 1.705292
vt 0.172317 1.713279
vt 0.171885 1.705149
vt 0.158515 1.710584
vt 0.162457 1.703177
vt 0.146956 1.702088
vt 0.152968 1.696421
vt 0.143624 1.687396
vt 0.137380 1.691791
vt 0.128957 1.680408
vt 0.134361 1.675192
vt 0.123447 1.669222
vt 0.128256 1.663692
vt 0.120416 1.658159
vt 0.128315 1.654856
vt 0.130660 1.645200
vt 0.119426 1.645401
vt 0.132527 1.636962
vt 0.122105 1.638680
vt 0.116025 1.630471
vt 0.123329 1.624903
vt 0.113116 1.625068
vt 0.113254 1.614828
vt 0.104748 1.629343
vt 0.100417 1.622025
vt 0.086550 1.629671
vt 0.095099 1.624878
vt 0.091048 1.638889
vt 0.098827 1.633779
vt 0.031054 1.682015
vt 0.044704 1.678219
vt 0.050640 1.691252
vt 0.057122 1.671733
vt 0.063441 1.684419
vt 0.058326 1.703269
vt 0.069293 1.694430
vt 0.074963 1.664222
vt 0.078617 1.676686
vt 0.083699 1.688249
vt 0.109325 1.637216
vt 0.103524 1.643158
vt 0.095505 1.649523
vt 0.086074 1.656310
vt 0.090580 1.667698
vt 0.100321 1.660212
vt 0.109687 1.652885
vt 0.113768 1.664045
vt 0.105472 1.671037
vt 0.096888 1.678066
vt 0.071988 1.840500
vt 0.062640 1.843065
vt 0.058170 1.833738
vt 0.071008 1.828368
vt 0.053061 1.822111
vt 0.069330 1.815972
vt 0.036242 1.809912
vt 0.054548 1.798689
vt 0.068938 1.788906
vt 0.105600 1.753075
vt 0.086485 1.759261
vt 0.070446 1.763343
vt 0.068379 1.741105
vt 0.080911 1.737778
vt 0.066320 1.729123
vt 0.061263 1.710877
vt 0.064682 1.720905
vt 0.078627 1.724839
vt 0.076865 1.715921
vt 0.072691 1.703754
vt 0.086605 1.697553
vt 0.090451 1.709747
vt 0.094193 1.719018
vt 0.099485 1.732413
vt 0.100101 1.689119
vt 0.104719 1.700023
vt 0.108256 1.713486
vt 0.114324 1.728469
vt 0.121908 1.747085
vt 0.130027 1.768770
vt 0.109509 1.682277
vt 0.117612 1.675319
vt 0.114649 1.693489
vt 0.123050 1.686698
vt 0.120406 1.706377
vt 0.130277 1.698292
vt 0.128069 1.720645
vt 0.139453 1.709853
vt 0.138117 1.738111
vt 0.146655 1.759457
vt 0.154251 1.784327
vt 0.166018 1.793641
vt 0.176387 1.801992
vt 0.187764 1.789659
vt 0.181130 1.778075
vt 0.173834 1.765981
vt 0.164401 1.747123
vt 0.181746 1.737556
vt 0.192051 1.729183
vt 0.200923 1.721547
vt 0.196710 1.715477
vt 0.186706 1.720166
vt 0.173955 1.724046
vt 0.154954 1.725917
vt 0.111646 1.818727
vt 0.122680 1.815191
vt 0.105399 1.827317
vt 0.103341 1.833315
vt 0.092553 1.855781
vt 0.100219 1.845698
vt 0.081757 1.863413
vt 0.049240 1.868448
vt 0.067016 1.867612
vt 0.037494 1.862011
vt 0.032954 1.848174
vt 0.029819 1.837279
vt 0.023619 1.832027
vt 0.014271 1.827415
vt 0.002707 1.823436
vt 0.001953 1.809766
vt 0.014599 1.790467
vt 0.002396 1.795125
vt 0.024055 1.784553
vt 0.035020 1.777209
vt 0.045317 1.771056
vt 0.046586 1.761360
vt 0.043359 1.742798
vt 0.042650 1.731178
vt 0.040555 1.718653
vt 0.042047 1.723853
vt 0.030636 1.710204
vt 0.039111 1.715239
vt 0.012823 1.700642
vt 0.008214 1.687423
vt 0.001953 1.672258
vt 0.021819 1.664248
vt 0.035459 1.657600
vt 0.047932 1.650430
vt 0.061758 1.641876
vt 0.076165 1.632612
vt 0.131667 1.817629
vt 0.146607 1.824635
vt 0.162851 1.830718
vt 0.180603 1.830643
vt 0.194275 1.824648
vt 0.205961 1.811435
vt 0.213604 1.793965
vt 0.215368 1.778149
vt 0.213631 1.762695
vt 0.213244 1.751554
vt 0.213812 1.744531
vt 0.217952 1.735136
vt 0.226226 1.722004
vt 0.218339 1.708797
vt 0.213609 1.702687
vt 0.206477 1.695962
vt 0.194428 1.700553
vt 0.183623 1.702495
vt 0.172302 1.702290
vt 0.163686 1.700549
vt 0.154857 1.694262
vt 0.145821 1.685523
vt 0.136766 1.673641
vt 0.130999 1.662871
vt 0.131194 1.654996
vt 0.133420 1.645696
vt 0.135006 1.636368
vt 0.125424 1.622955
vt 0.113202 1.611943
vt 0.099121 1.619521
vt 0.093758 1.622396
vt 0.085103 1.627160
vt 0.507673 1.019516
vt 0.507722 1.006263
vt 0.507827 1.019499
vt 0.506416 1.019629
vt 0.506458 1.021453
vt 0.507709 1.021297
vt 0.507862 1.021277
vt 0.424331 1.707201
vt 0.424514 1.707201
vt 0.424514 1.708989
vt 0.424331 1.708989
vt 0.424331 1.722216
vt 0.507878 1.006269
vt 0.424514 1.722216
vt 0.424514 1.724005
vt 0.424331 1.724005
vt 0.507685 1.004462
vt 0.507842 1.004472
vt 0.506423 1.004381
vt 0.507733 1.004197
vt 0.507882 1.004247
vt 0.507959 1.004123
vt 0.424331 1.724218
vt 0.424514 1.724218
vt 0.424331 1.724346
vt 0.424514 1.724346
vt 0.424331 1.724478
vt 0.424514 1.724478
vt 0.508075 1.004032
vt 0.507838 1.004024
vt 0.506527 1.003781
vt 0.506883 1.003223
vt 0.507999 1.003897
vt 0.508268 1.003813
vt 0.508296 1.003960
vt 0.507428 1.002819
vt 0.509826 1.003801
vt 0.509815 1.003656
vt 0.424514 1.724703
vt 0.424514 1.726243
vt 0.424331 1.724703
vt 0.508049 1.002642
vt 0.509726 1.002478
vt 0.509926 1.002457
vt 0.509999 1.003634
vt 0.509915 1.002311
vt 0.509715 1.002330
vt 0.510117 1.002295
vt 0.510126 1.002442
vt 0.508023 1.002496
vt 0.980617 1.935729
vt 0.980617 1.937429
vt 0.980438 1.935729
vt 0.980617 1.935536
vt 0.980438 1.937429
vt 0.979028 1.937429
vt 0.980438 1.935536
vt 0.979028 1.935729
vt 0.978851 1.937429
vt 0.979028 1.938131
vt 0.978851 1.938131
vt 0.226405 1.244842
vt 0.227073 1.244658
vt 0.227002 1.244523
vt 0.978851 1.938880
vt 0.227666 1.244222
vt 0.227547 1.244121
vt 0.226594 1.243319
vt 0.226699 1.243148
vt 0.227903 1.243564
vt 0.226745 1.242883
vt 0.228007 1.242964
vt 0.228053 1.243616
vt 0.978851 1.940276
vt 0.978851 1.939612
vt 0.979028 1.939612
vt 0.979028 1.938880
vt 0.228164 1.242975
vt 0.979028 1.940276
vt 0.979028 1.942096
vt 0.228117 1.241163
vt 0.978851 1.942096
vt 0.980438 1.940276
vt 0.980438 1.942096
vt 0.979028 1.955561
vt 0.978851 1.955561
vt 0.979028 1.957383
vt 0.980438 1.955561
vt 0.980438 1.957383
vt 0.979028 1.958045
vt 0.978851 1.958045
vt 0.978851 1.957383
vt 0.228117 1.225873
vt 0.227951 1.225226
vt 0.227809 1.225290
vt 0.227390 1.224763
vt 0.227495 1.224651
vt 0.978851 1.958779
vt 0.227964 1.225893
vt 0.226533 1.225660
vt 0.226650 1.225804
vt 0.228008 1.227718
vt 0.228164 1.227702
vt 0.226713 1.226049
vt 0.226751 1.227832
vt 0.226560 1.226068
vt 0.226596 1.227848
vt 0.226509 1.225869
vt 0.422738 1.707201
vt 0.422738 1.706988
vt 0.422920 1.706988
vt 0.422920 1.706859
vt 0.422738 1.706859
vt 0.226430 1.225773
vt 0.226364 1.225572
vt 0.226314 1.225715
vt 0.422738 1.706727
vt 0.422920 1.706503
vt 0.422920 1.706727
vt 0.422738 1.706503
vt 0.226095 1.225549
vt 0.226090 1.225696
vt 0.422738 1.704962
vt 0.224542 1.225690
vt 0.224554 1.225838
vt 0.224275 1.224524
vt 0.224345 1.225711
vt 0.224461 1.224507
vt 0.224355 1.225899
vt 0.224162 1.226106
vt 0.224318 1.226102
vt 0.596127 1.734585
vt 0.596319 1.734585
vt 0.596127 1.734753
vt 0.596319 1.734753
vt 0.422920 1.704786
vt 0.422920 1.704962
vt 0.422738 1.704786
vt 0.224158 1.225914
vt 0.224149 1.225725
vt 0.223418 1.225755
vt 0.223428 1.225940
vt 0.223373 1.224570
vt 0.217997 1.224675
vt 0.218042 1.225856
vt 0.218051 1.226033
vt 0.217322 1.225883
vt 0.218055 1.226212
vt 0.217329 1.226057
vt 0.217137 1.225895
vt 0.217265 1.224704
vt 0.217146 1.226068
vt 0.217069 1.224716
vt 0.217258 1.224557
vt 0.217059 1.224570
vt 0.216871 1.224734
vt 0.216861 1.224586
vt 0.215170 1.224736
vt 0.216954 1.225913
vt 0.215195 1.224882
vt 0.214573 1.225054
vt 0.214502 1.224920
vt 0.978851 1.904326
vt 0.978851 1.903624
vt 0.979028 1.903624
vt 0.979028 1.901925
vt 0.978851 1.901925
vt 0.980438 1.901925
vt 0.980438 1.903624
vt 0.980438 1.901731
vt 0.979028 1.901731
vt 0.978851 1.901731
vt 0.979028 1.901538
vt 0.978851 1.901538
vt 0.978851 1.900811
vt 0.979028 1.900811
vt 0.980438 1.901538
vt 0.980438 1.900811
vt 0.980617 1.900811
vt 0.980617 1.901538
vt 0.980617 1.901731
vt 0.517162 1.022773
vt 0.517153 1.022626
vt 0.517364 1.022758
vt 0.516429 1.022803
vt 0.516420 1.022656
vt 0.516377 1.021477
vt 0.517353 1.022613
vt 0.517097 1.021447
vt 0.517562 1.022742
vt 0.517284 1.021434
vt 0.517468 1.021415
vt 0.517552 1.022593
vt 0.980617 1.901925
vt 0.980617 1.903624
vt 0.519228 1.022442
vt 0.519253 1.022588
vt 0.980617 1.904326
vt 0.519922 1.022405
vt 0.980438 1.904326
vt 0.980617 1.905076
vt 0.520515 1.021968
vt 0.519851 1.022271
vt 0.980438 1.905076
vt 0.520904 1.021364
vt 0.520397 1.021869
vt 0.980617 1.905808
vt 0.979028 1.905076
vt 0.979028 1.905808
vt 0.980438 1.905808
vt 0.979028 1.906471
vt 0.980617 1.906471
vt 0.980438 1.906471
vt 0.980438 1.908293
vt 0.980617 1.908293
vt 0.980438 1.921757
vt 0.979028 1.908293
vt 0.978851 1.908293
vt 0.978851 1.921757
vt 0.979028 1.921757
vt 0.979028 1.923578
vt 0.980438 1.923578
vt 0.980617 1.923578
vt 0.980617 1.924242
vt 0.980438 1.924242
vt 0.979028 1.924242
vt 0.520814 1.002971
vt 0.520979 1.003618
vt 0.520825 1.003638
vt 0.520673 1.003034
vt 0.980617 1.924974
vt 0.520361 1.002395
vt 0.519573 1.003790
vt 0.519513 1.003545
vt 0.520256 1.002505
vt 0.519398 1.003401
vt 0.519372 1.003609
vt 0.519419 1.003809
vt 0.466085 1.987059
vt 0.466085 1.985271
vt 0.466269 1.985271
vt 0.466269 1.987059
vt 0.519604 1.005574
vt 0.519449 1.005589
vt 0.466085 1.987272
vt 0.466269 1.987272
vt 0.467679 1.987059
vt 0.466269 1.987400
vt 0.466085 1.987400
vt 0.467679 1.987272
vt 0.519294 1.003513
vt 0.519229 1.003313
vt 0.519180 1.003454
vt 0.466085 1.987532
vt 0.518962 1.003291
vt 0.518957 1.003438
vt 0.466269 1.987757
vt 0.466085 1.987757
vt 0.466269 1.987532
vt 0.467679 1.987400
vt 0.467679 1.987532
vt 0.467679 1.987757
vt 0.467862 1.987400
vt 0.467862 1.987532
vt 0.467862 1.987757
vt 0.467862 1.989297
vt 0.467679 1.989297
vt 0.217012 1.243745
vt 0.215474 1.243882
vt 0.217023 1.243893
vt 0.215249 1.243863
vt 0.215200 1.244005
vt 0.215469 1.244029
vt 0.215424 1.245218
vt 0.217101 1.245076
vt 0.217222 1.243874
vt 0.217213 1.243685
vt 0.217419 1.243860
vt 0.217411 1.243671
vt 0.217408 1.243479
vt 0.217252 1.243483
vt 0.467862 1.989474
vt 0.813920 1.990919
vt 0.814112 1.990919
vt 0.813920 1.991088
vt 0.467679 1.989474
vt 0.814112 1.991088
vt 0.815523 1.991088
vt 0.815523 1.990919
vt 0.814112 1.989085
vt 0.813920 1.989085
vt 0.466085 1.989297
vt 0.466269 1.989297
vt 0.466269 1.989474
vt 0.466085 1.989474
vt 0.815715 1.991088
vt 0.815715 1.990919
vt 0.815715 1.989085
vt 0.517199 1.005693
vt 0.517043 1.005698
vt 0.517183 1.003849
vt 0.517222 1.003646
vt 0.517023 1.003661
vt 0.517026 1.003853
vt 0.516314 1.005715
vt 0.516297 1.003872
vt 0.510921 1.003947
vt 0.510916 1.003769
vt 0.516293 1.003686
vt 0.510198 1.003966
vt 0.510906 1.003592
vt 0.510195 1.003795
vt 0.510861 1.002410
vt 0.516238 1.002315
vt 0.510186 1.003621
vt 0.516282 1.003501
vt 0.516231 1.002167
vt 0.516950 1.002138
vt 0.510853 1.002262
vt 0.516958 1.002285
vt 0.517144 1.002272
vt 0.517212 1.003458
vt 0.517015 1.003472
vt 0.517329 1.002254
vt 0.517422 1.003584
vt 0.517410 1.003436
vt 0.519002 1.002101
vt 0.519654 1.002173
vt 0.519706 1.002032
vt 0.519009 1.001953
vt 0.517319 1.002106
vt 0.980617 1.926425
vt 0.980617 1.928126
vt 0.980438 1.926425
vt 0.980438 1.925723
vt 0.980617 1.925723
vt 0.980438 1.924974
vt 0.979028 1.925723
vt 0.979028 1.924974
vt 0.978851 1.924974
vt 0.978851 1.925723
vt 0.978851 1.926425
vt 0.214773 1.245144
vt 0.214720 1.245285
vt 0.215418 1.245367
vt 0.214065 1.244923
vt 0.214169 1.244812
vt 0.215028 1.243917
vt 0.213750 1.244284
vt 0.213608 1.244349
vt 0.213442 1.243703
vt 0.978851 1.924242
vt 0.978851 1.923578
vt 0.213597 1.243683
vt 0.213403 1.241876
vt 0.214849 1.243530
vt 0.213559 1.241859
vt 0.214911 1.243774
vt 0.215132 1.243806
vt 0.215052 1.243710
vt 0.215003 1.243510
vt 0.467862 1.987059
vt 0.467862 1.987272
vt 0.214970 1.241731
vt 0.467679 1.985271
vt 0.467862 1.985271
vt 0.467679 1.972042
vt 0.466269 1.972042
vt 0.466085 1.972042
vt 0.466085 1.970254
vt 0.466269 1.970254
vt 0.466269 1.970042
vt 0.467679 1.970042
vt 0.467679 1.970254
vt 0.466269 1.969913
vt 0.467679 1.969913
vt 0.466085 1.970042
vt 0.466085 1.969913
vt 0.519325 1.020965
vt 0.519402 1.020842
vt 0.519551 1.020894
vt 0.519441 1.020618
vt 0.519598 1.020628
vt 0.520754 1.021312
vt 0.520860 1.020711
vt 0.519445 1.021065
vt 0.519211 1.021056
vt 0.519284 1.021189
vt 0.466269 1.969781
vt 0.466085 1.969781
vt 0.466269 1.969557
vt 0.466085 1.969557
vt 0.518989 1.021123
vt 0.467679 1.969557
vt 0.467679 1.969781
vt 0.467862 1.969557
vt 0.467862 1.969781
vt 0.215214 1.226268
vt 0.215434 1.226201
vt 0.215407 1.226054
vt 0.215140 1.226135
vt 0.215101 1.226357
vt 0.467862 1.969913
vt 0.214980 1.226258
vt 0.215026 1.226480
vt 0.467862 1.970042
vt 0.467862 1.970254
vt 0.214988 1.226702
vt 0.214877 1.226429
vt 0.213672 1.226014
vt 0.214832 1.226694
vt 0.214027 1.225455
vt 0.213524 1.225963
vt 0.213570 1.226614
vt 0.213909 1.225356
vt 0.978851 1.905076
vt 0.979028 1.904326
vt 0.978851 1.905808
vt 0.213414 1.226604
vt 0.978851 1.906471
vt 0.213463 1.228417
vt 0.213619 1.228421
vt 0.214815 1.241747
vt 0.214877 1.228494
vt 0.215033 1.228499
vt 0.467862 1.972042
vt 0.216963 1.226058
vt 0.467862 1.967840
vt 0.467862 1.968016
vt 0.467679 1.967840
vt 0.467679 1.968016
vt 0.814112 1.973505
vt 0.815523 1.973505
vt 0.814112 1.973673
vt 0.466269 1.967840
vt 0.466269 1.968016
vt 0.813920 1.973505
vt 0.813920 1.973673
vt 0.814112 1.975509
vt 0.813920 1.975509
vt 0.815523 1.973673
vt 0.815715 1.973673
vt 0.815715 1.975509
vt 0.815715 1.973505
vt 0.815523 1.975509
vt 0.517224 1.019268
vt 0.517070 1.019273
vt 0.517239 1.021094
vt 0.815523 1.989085
vt 0.516346 1.019293
vt 0.516363 1.021119
vt 0.517086 1.021101
vt 0.517274 1.021262
vt 0.516367 1.021298
vt 0.517090 1.021273
vt 0.510986 1.021196
vt 0.510991 1.021382
vt 0.510260 1.021409
vt 0.510256 1.021216
vt 0.511001 1.021569
vt 0.510269 1.021598
vt 0.510061 1.021423
vt 0.510072 1.021612
vt 0.424514 1.704962
vt 0.424331 1.704962
vt 0.424514 1.704786
vt 0.424331 1.704786
vt 0.597728 1.734753
vt 0.597728 1.734585
vt 0.597921 1.734753
vt 0.597921 1.734585
vt 0.510099 1.021220
vt 0.509875 1.021635
vt 0.509862 1.021486
vt 0.424514 1.706503
vt 0.508328 1.021643
vt 0.508324 1.021790
vt 0.424331 1.706503
vt 0.508105 1.021626
vt 0.424514 1.706727
vt 0.508057 1.021768
vt 0.507888 1.021683
vt 0.507991 1.021569
vt 0.424331 1.706727
vt 0.424514 1.706859
vt 0.507912 1.021475
vt 0.424331 1.706859
vt 0.424331 1.706988
vt 0.424514 1.706988
vt 0.507771 1.021540
vt 0.506613 1.022056
vt 0.507033 1.022582
vt 0.506927 1.022693
vt 0.507636 1.022909
vt 0.507586 1.023052
vt 0.980617 1.958045
vt 0.980617 1.958779
vt 0.980438 1.958779
vt 0.506471 1.022119
vt 0.980617 1.959527
vt 0.980438 1.959527
vt 0.980438 1.958045
vt 0.979028 1.958779
vt 0.979028 1.959527
vt 0.980438 1.960229
vt 0.979028 1.960229
vt 0.978851 1.959527
vt 0.978851 1.960229
vt 0.979028 1.961930
vt 0.978851 1.961930
vt 0.226142 1.224210
vt 0.224451 1.224361
vt 0.226136 1.224359
vt 0.226787 1.224432
vt 0.226838 1.224291
vt 0.978851 1.962122
vt 0.224264 1.224377
vt 0.224091 1.224539
vt 0.224081 1.224391
vt 0.979028 1.962122
vt 0.978851 1.962315
vt 0.223364 1.224424
vt 0.978851 1.963042
vt 0.979028 1.963042
vt 0.979028 1.962315
vt 0.980438 1.962315
vt 0.980438 1.963042
vt 0.980617 1.962315
vt 0.980617 1.962122
vt 0.980438 1.962122
vt 0.510155 1.022947
vt 0.510143 1.022799
vt 0.510336 1.022933
vt 0.509971 1.022965
vt 0.980438 1.961930
vt 0.980617 1.961930
vt 0.509960 1.022819
vt 0.980617 1.960229
vt 0.508281 1.023128
vt 0.508287 1.022979
vt 0.510328 1.022784
vt 0.511045 1.022753
vt 0.511054 1.022900
vt 0.980617 1.968421
vt 0.980438 1.968421
vt 0.980617 1.963042
vt 0.979028 1.968421
vt 0.978851 1.968421
vt 0.217989 1.224528
vt 0.980617 1.957383
vt 0.980617 1.955561
vt 0.506304 1.021474
vt 0.506261 1.019646
vt 0.506309 1.006183
vt 0.980617 1.942096
vt 0.506464 1.006190
vt 0.506267 1.004370
vt 0.980617 1.940276
vt 0.980617 1.939612
vt 0.506378 1.003728
vt 0.506765 1.003122
vt 0.980617 1.938880
vt 0.980438 1.939612
vt 0.980438 1.938880
vt 0.980438 1.938131
vt 0.980617 1.938131
vt 0.507356 1.002686
vt 0.422920 1.707201
vt 0.422920 1.708989
vt 0.422920 1.722216
vt 0.422738 1.722216
vt 0.422738 1.708989
vt 0.226548 1.241079
vt 0.226704 1.241085
vt 0.422738 1.724005
vt 0.422920 1.724005
vt 0.226588 1.242873
vt 0.422920 1.724218
vt 0.422738 1.724218
vt 0.422738 1.724346
vt 0.226550 1.243096
vt 0.226474 1.243220
vt 0.226360 1.243310
vt 0.226433 1.243444
vt 0.422738 1.724478
vt 0.422920 1.724346
vt 0.226166 1.243524
vt 0.226379 1.244696
vt 0.224704 1.244849
vt 0.224618 1.243670
vt 0.224506 1.244867
vt 0.226139 1.243377
vt 0.224434 1.243689
vt 0.224425 1.243516
vt 0.224609 1.243526
vt 0.422920 1.724703
vt 0.422920 1.726243
vt 0.422738 1.724703
vt 0.422920 1.724478
vt 0.422738 1.726243
vt 0.422920 1.726420
vt 0.422738 1.726420
vt 0.424331 1.726243
vt 0.424331 1.726420
vt 0.596319 1.717338
vt 0.596319 1.717170
vt 0.597728 1.717170
vt 0.424514 1.726420
vt 0.597921 1.717338
vt 0.597728 1.717338
vt 0.597921 1.717170
vt 0.510047 1.003974
vt 0.510214 1.005794
vt 0.510011 1.003807
vt 0.510059 1.005800
vt 0.597921 1.719174
vt 0.597728 1.719174
vt 0.596319 1.719174
vt 0.597728 1.732750
vt 0.597921 1.732750
vt 0.510081 1.019376
vt 0.510237 1.019371
vt 0.510968 1.019353
vt 0.510937 1.005775
vt 0.596319 1.732750
vt 0.596127 1.732750
vt 0.596127 1.719174
vt 0.224375 1.241522
vt 0.224338 1.227946
vt 0.224181 1.227951
vt 0.224220 1.241528
vt 0.223451 1.227971
vt 0.223432 1.226126
vt 0.218074 1.228038
vt 0.217349 1.228057
vt 0.218120 1.241615
vt 0.223497 1.241548
vt 0.223515 1.243374
vt 0.223519 1.243552
vt 0.224237 1.243356
vt 0.218143 1.243647
vt 0.218138 1.243461
vt 0.217391 1.241634
vt 0.217194 1.228063
vt 0.217235 1.241640
vt 0.218151 1.243834
vt 0.223573 1.244912
vt 0.223528 1.243730
vt 0.218195 1.245018
vt 0.223581 1.245059
vt 0.224307 1.244880
vt 0.224249 1.243701
vt 0.224241 1.243526
vt 0.224389 1.243348
vt 0.596127 1.717338
vt 0.596127 1.717170
vt 0.224315 1.245028
vt 0.978851 1.935343
vt 0.979028 1.935343
vt 0.978851 1.935536
vt 0.224516 1.245014
vt 0.978851 1.934616
vt 0.979028 1.934616
vt 0.980438 1.935343
vt 0.979028 1.935536
vt 0.980438 1.934616
vt 0.979028 1.929239
vt 0.980617 1.935343
vt 0.980438 1.929239
vt 0.980617 1.934616
vt 0.980438 1.928512
vt 0.980617 1.929239
vt 0.979028 1.928512
vt 0.980617 1.928512
vt 0.980617 1.928319
vt 0.980438 1.928319
vt 0.979028 1.928319
vt 0.979028 1.928126
vt 0.980438 1.928126
vt 0.978851 1.928319
vt 0.979028 1.926425
vt 0.217110 1.245222
vt 0.217297 1.245208
vt 0.217287 1.245059
vt 0.978851 1.928126
vt 0.217474 1.245046
vt 0.217482 1.245195
vt 0.978851 1.928512
vt 0.978851 1.929239
vt 0.218203 1.245167
vt 0.517133 1.002123
vt 0.978851 1.935729
vt 0.224713 1.244996
vt 0.217333 1.226230
vt 0.217180 1.226236
vt 0.227961 1.241156
vt 0.466085 1.967840
vt 0.466085 1.968016
vt 0.517459 1.021271
vt 0.519016 1.021270
vt 0.521016 1.020722
vt 0.520975 1.018909
vt 0.520820 1.018902
vt 0.519562 1.018828
vt 0.520862 1.005463
vt 0.521016 1.005446
vt 0.980617 1.921757
vt 0.519406 1.018822
vt -0.258223 1.488897
vt -0.261144 1.488897
vt -0.258223 1.484090
vt -0.255689 1.484090
vt -0.258223 1.481122
vt -0.261144 1.484090
vt -0.261144 1.494083
vt -0.258223 1.494083
vt -0.261144 1.500672
vt -0.255689 1.494083
vt -0.255689 1.500672
vt -0.258223 1.500672
vt -0.255689 1.513039
vt -0.258223 1.513039
vt -0.261144 1.513039
vt -0.261144 1.525086
vt -0.258223 1.525086
vt -0.261144 1.529531
vt -0.261144 1.543961
vt -0.258223 1.543961
vt -0.258223 1.529531
vt -0.255689 1.543961
vt -0.258223 1.551728
vt -0.261144 1.551728
vt -0.261144 1.560229
vt -0.258223 1.560229
vt -0.261144 1.566108
vt -0.255689 1.560229
vt -0.258223 1.566108
vt -0.255689 1.566108
vt -0.258223 1.569677
vt -0.261144 1.569677
vt -0.261144 1.571928
vt -0.261144 1.573957
vt -0.258223 1.571928
vt -0.258223 1.573957
vt -0.261144 1.576150
vt -0.261144 1.577942
vt -0.258223 1.576150
vt -0.255689 1.576150
vt -0.255689 1.577942
vt -0.258223 1.577942
vt -0.255689 1.581360
vt -0.258223 1.581360
vt -0.261144 1.581360
vt -0.261144 1.587310
vt -0.258223 1.587310
vt -0.261144 1.592570
vt -0.255689 1.587310
vt -0.255689 1.592570
vt -0.258223 1.592570
vt -0.255689 1.597110
vt -0.258223 1.597110
vt -0.261144 1.597110
vt -0.255689 1.600077
vt -0.258223 1.600077
vt -0.245808 1.600077
vt -0.242264 1.600077
vt -0.245808 1.597110
vt -0.245808 1.592570
vt -0.242264 1.592570
vt -0.242264 1.597110
vt -0.239345 1.592570
vt -0.239345 1.597110
vt -0.239345 1.587310
vt -0.239345 1.581360
vt -0.242264 1.587310
vt -0.245808 1.587310
vt -0.242264 1.581360
vt -0.245808 1.581360
vt -0.242264 1.577942
vt -0.239345 1.577942
vt -0.239345 1.576150
vt -0.239345 1.573957
vt -0.242264 1.576150
vt -0.242264 1.573957
vt -0.239345 1.571928
vt -0.239345 1.569677
vt -0.242264 1.571928
vt -0.239345 1.566108
vt -0.242264 1.569677
vt -0.242264 1.566108
vt -0.239345 1.560229
vt -0.245808 1.560229
vt -0.242264 1.560229
vt -0.245808 1.566108
vt -0.242264 1.551728
vt -0.239345 1.551728
vt -0.239345 1.543961
vt -0.242264 1.543961
vt -0.242264 1.529531
vt -0.239345 1.529531
vt -0.239345 1.525086
vt -0.242264 1.525086
vt -0.242264 1.513039
vt -0.239345 1.513039
vt -0.239345 1.500672
vt -0.239345 1.494083
vt -0.242264 1.500672
vt -0.242264 1.494083
vt -0.239345 1.488897
vt -0.245808 1.500672
vt -0.245808 1.494083
vt -0.242264 1.488897
vt -0.245808 1.488897
vt -0.245808 1.484090
vt -0.242264 1.484090
vt -0.239345 1.484090
vt -0.245808 1.481122
vt -0.242264 1.481122
vt -0.255689 1.481122
vt -0.255689 1.488897
vt -0.245808 1.513039
vt -0.255689 1.525086
vt -0.245808 1.525086
vt -0.245808 1.529531
vt -0.255689 1.529531
vt -0.245808 1.543961
vt -0.245808 1.551728
vt -0.255689 1.551728
vt -0.245808 1.569677
vt -0.255689 1.569677
vt -0.245808 1.571928
vt -0.255689 1.571928
vt -0.245808 1.573957
vt -0.255689 1.573957
vt -0.245808 1.576150
vt -0.245808 1.577942
vt 0.741777 1.481122
vt 0.744311 1.481122
vt 0.744311 1.484090
vt 0.497803 1.972202
vt 0.497803 1.967480
vt 0.500492 1.972202
vt 0.738856 1.488897
vt 0.738856 1.484090
vt 0.741777 1.484090
vt 0.741777 1.488897
vt 0.744311 1.488897
vt 0.754192 1.488897
vt 0.754192 1.484090
vt 0.754192 1.481122
vt 0.757736 1.484090
vt 0.757736 1.488897
vt 0.760655 1.484090
vt 0.757736 1.481122
vt 0.514067 1.967480
vt 0.514068 1.972201
vt 0.510528 1.972202
vt 0.760655 1.488897
vt 0.510528 1.967480
vt 0.514067 1.962653
vt 0.510528 1.962653
vt 0.760655 1.494083
vt 0.757736 1.494083
vt 0.500493 1.967480
vt 0.500492 1.962652
vt 0.497804 1.962652
vt 0.500492 1.956575
vt 0.510528 1.956575
vt 0.514068 1.956575
vt 0.510528 1.949472
vt 0.514067 1.949472
vt 0.760655 1.500672
vt 0.757736 1.500672
vt 0.760655 1.508233
vt 0.757736 1.508233
vt 0.757736 1.515749
vt 0.754192 1.515749
vt 0.754192 1.508233
vt 0.744311 1.508233
vt 0.744311 1.500672
vt 0.754192 1.500672
vt 0.744311 1.494083
vt 0.741777 1.494083
vt 0.741777 1.500672
vt 0.741777 1.508233
vt 0.738856 1.508233
vt 0.738856 1.500672
vt 0.497804 1.956574
vt 0.497804 1.949471
vt 0.500492 1.949472
vt 0.500492 1.942287
vt 0.497804 1.942286
vt 0.738856 1.515749
vt 0.738856 1.523235
vt 0.741777 1.515749
vt 0.497803 1.934969
vt 0.741777 1.523235
vt 0.744311 1.515749
vt 0.738856 1.532528
vt 0.744311 1.523235
vt 0.741777 1.532528
vt 0.744311 1.532528
vt 0.744311 1.541321
vt 0.741777 1.541321
vt 0.738856 1.541321
vt 0.497804 1.925727
vt 0.497803 1.916922
vt 0.500492 1.916922
vt 0.500492 1.906556
vt 0.497803 1.906556
vt 0.738856 1.551728
vt 0.497803 1.897812
vt 0.500491 1.897811
vt 0.738856 1.560229
vt 0.741777 1.551728
vt 0.744311 1.551728
vt 0.741777 1.560229
vt 0.744311 1.560229
vt 0.738856 1.566108
vt 0.741777 1.566108
vt 0.738856 1.569677
vt 0.744311 1.566108
vt 0.741777 1.569677
vt 0.744311 1.569677
vt 0.741777 1.571928
vt 0.738856 1.571928
vt 0.497803 1.888216
vt 0.497804 1.887008
vt 0.500492 1.888215
vt 0.500493 1.887008
vt 0.500491 1.886172
vt 0.497804 1.886172
vt 0.738856 1.573957
vt 0.500492 1.885352
vt 0.497803 1.885352
vt 0.738856 1.576150
vt 0.741777 1.573957
vt 0.744311 1.573957
vt 0.741777 1.576150
vt 0.744311 1.576150
vt 0.744311 1.577942
vt 0.741777 1.577942
vt 0.738856 1.577942
vt 0.497804 1.884915
vt 0.500492 1.884915
vt 0.500491 1.882586
vt 0.497804 1.882586
vt 0.738856 1.581360
vt 0.497803 1.876828
vt 0.500492 1.876828
vt 0.738856 1.587310
vt 0.741777 1.581360
vt 0.744311 1.581360
vt 0.741777 1.587310
vt 0.744311 1.587310
vt 0.738856 1.592570
vt 0.741777 1.592570
vt 0.744311 1.592570
vt 0.744311 1.597110
vt 0.741777 1.597110
vt 0.738856 1.597110
vt 0.497803 1.871460
vt 0.497803 1.866977
vt 0.500492 1.866977
vt 0.744311 1.600077
vt 0.741777 1.600077
vt 0.500492 1.871459
vt 0.510528 1.866978
vt 0.754192 1.600077
vt 0.514067 1.871460
vt 0.510528 1.871460
vt 0.514067 1.866977
vt 0.757736 1.600077
vt 0.754192 1.597110
vt 0.757736 1.597110
vt 0.754192 1.592570
vt 0.757736 1.592570
vt 0.760655 1.592570
vt 0.760655 1.597110
vt 0.757736 1.587310
vt 0.760655 1.587310
vt 0.514067 1.876828
vt 0.514068 1.882586
vt 0.510527 1.876829
vt 0.760655 1.581360
vt 0.510528 1.882586
vt 0.514067 1.884914
vt 0.760655 1.577942
vt 0.757736 1.581360
vt 0.757736 1.577942
vt 0.754192 1.581360
vt 0.754192 1.587310
vt 0.754192 1.577942
vt 0.754192 1.576150
vt 0.757736 1.576150
vt 0.757736 1.573957
vt 0.760655 1.573957
vt 0.760655 1.576150
vt 0.754192 1.573957
vt 0.757736 1.571928
vt 0.760655 1.571928
vt 0.754192 1.571928
vt 0.754192 1.569677
vt 0.760655 1.569677
vt 0.757736 1.569677
vt 0.754192 1.566108
vt 0.754192 1.560229
vt 0.757736 1.566108
vt 0.757736 1.560229
vt 0.760655 1.560229
vt 0.760655 1.566108
vt 0.510528 1.891448
vt 0.514067 1.891449
vt 0.510528 1.897810
vt 0.514067 1.897810
vt 0.514067 1.888216
vt 0.500492 1.891448
vt 0.510527 1.888216
vt 0.497804 1.891448
vt 0.510528 1.887008
vt 0.514067 1.887008
vt 0.510528 1.886171
vt 0.510527 1.885352
vt 0.514067 1.886171
vt 0.510528 1.884913
vt 0.514067 1.885352
vt 0.514067 1.906556
vt 0.510527 1.906556
vt 0.514068 1.916923
vt 0.760655 1.541321
vt 0.760655 1.551728
vt 0.757736 1.551728
vt 0.757736 1.541321
vt 0.754192 1.551728
vt 0.754192 1.541321
vt 0.754192 1.532528
vt 0.757736 1.532528
vt 0.757736 1.523235
vt 0.760655 1.523235
vt 0.760655 1.532528
vt 0.754192 1.523235
vt 0.760655 1.515749
vt 0.514067 1.942287
vt 0.510529 1.942286
vt 0.514067 1.934969
vt 0.510527 1.934969
vt 0.500492 1.934969
vt 0.510528 1.925727
vt 0.500492 1.925727
vt 0.510528 1.916923
vt 0.514068 1.925728
vt 0.744311 1.571928
vt 0.738856 1.494083
vt 0.754192 1.494083
vt 0.398421 1.973135
vt 0.398421 1.972993
vt 0.400187 1.972993
vt 0.398421 1.972762
vt 0.122623 1.604983
vt 0.122493 1.603524
vt 0.122723 1.603488
vt 0.122843 1.603418
vt 0.123943 1.604484
vt 0.123310 1.604869
vt 0.992232 1.105172
vt 0.992232 1.105912
vt 0.990481 1.105172
vt 0.990481 1.104477
vt 0.992232 1.104477
vt 0.189924 1.833174
vt 0.190055 1.834634
vt 0.191810 1.833204
vt 0.189825 1.834670
vt 0.189238 1.833290
vt 0.990481 1.102587
vt 0.992232 1.102587
vt 0.990481 1.095368
vt 0.992232 1.095368
vt 0.120737 1.604951
vt 0.113518 1.604918
vt 0.120752 1.603445
vt 0.113534 1.603419
vt 0.398421 1.971026
vt 0.400187 1.971026
vt 0.120780 1.585834
vt 0.807291 1.303307
vt 0.807291 1.320918
vt 0.805462 1.303307
vt 0.400187 1.972762
vt 0.191798 1.834709
vt 0.199015 1.834731
vt 0.191772 1.852320
vt 0.805462 1.320918
vt 0.189865 1.853788
vt 0.191759 1.853820
vt 0.198978 1.853847
vt 0.198990 1.852341
vt 0.398421 1.992769
vt 0.398421 1.991032
vt 0.400187 1.992769
vt 0.190043 1.852334
vt 0.400187 1.991032
vt 0.200864 1.853876
vt 0.992232 1.138208
vt 0.990481 1.138208
vt 0.990481 1.136317
vt 0.992232 1.136317
vt 0.990481 1.129099
vt 0.992232 1.129099
vt 0.113576 1.584303
vt 0.120795 1.584334
vt 0.113562 1.585809
vt 0.111689 1.584272
vt 0.812587 1.167688
vt 0.812587 1.185267
vt 0.810968 1.185267
vt 0.518948 1.971939
vt 0.518948 1.970220
vt 0.520536 1.970220
vt 0.810968 1.167688
vt 0.111820 1.585731
vt 0.520536 1.971939
vt 0.520536 1.972167
vt 0.111003 1.584387
vt 0.111590 1.585768
vt 0.518948 1.972167
vt 0.520536 1.972301
vt 0.518948 1.972301
vt 0.520721 1.972167
vt 0.111470 1.585838
vt 0.110369 1.584774
vt 0.109938 1.585357
vt 0.111388 1.585944
vt 0.518948 1.972434
vt 0.109793 1.586002
vt 0.111340 1.586153
vt 0.520536 1.972434
vt 0.518948 1.972649
vt 0.520721 1.972301
vt 0.520721 1.972434
vt 0.520536 1.972649
vt 0.201081 1.852309
vt 0.200962 1.852380
vt 0.201550 1.853759
vt 0.201161 1.852202
vt 0.202183 1.853372
vt 0.990481 1.138903
vt 0.992232 1.138903
vt 0.990481 1.139642
vt 0.200732 1.852417
vt 0.520721 1.971939
vt 0.520721 1.970220
vt 0.202613 1.852788
vt 0.990481 1.140365
vt 0.992232 1.139642
vt 0.202757 1.852143
vt 0.201209 1.851992
vt 0.990481 1.141023
vt 0.992232 1.140365
vt 0.520721 1.972649
vt 0.520721 1.989455
vt 0.202760 1.835041
vt 0.201212 1.835183
vt 0.990481 1.090664
vt 0.990481 1.073561
vt 0.992232 1.090664
vt 0.201167 1.834962
vt 0.202627 1.834401
vt 0.990481 1.091320
vt 0.109924 1.603740
vt 0.109793 1.603103
vt 0.111341 1.602963
vt 0.992232 1.091320
vt 0.992232 1.073561
vt 0.518948 1.989669
vt 0.518948 1.989455
vt 0.520536 1.989455
vt 0.111385 1.603182
vt 0.520536 1.989669
vt 0.518948 1.989801
vt 0.520721 1.989669
vt 0.520536 1.989801
vt 0.518948 1.989935
vt 0.520536 1.989935
vt 0.520721 1.989801
vt 0.520721 1.989935
vt 0.200971 1.834764
vt 0.201088 1.834844
vt 0.202215 1.833809
vt 0.201600 1.833403
vt 0.992232 1.092044
vt 0.990481 1.092044
vt 0.990481 1.092783
vt 0.200921 1.833261
vt 0.200745 1.834715
vt 0.990481 1.093477
vt 0.992232 1.092783
vt 0.520721 1.990163
vt 0.520721 1.991882
vt 0.520536 1.990163
vt 0.520536 1.991882
vt 0.518948 1.991882
vt 0.518948 1.990163
vt 0.111625 1.604884
vt 0.111806 1.603430
vt 0.111580 1.603380
vt 0.992232 1.093477
vt 0.110946 1.604739
vt 0.111464 1.603299
vt 0.110334 1.604332
vt 0.199029 1.833231
vt 0.992232 1.141023
vt 0.810748 1.185267
vt 0.810748 1.167688
vt 0.992232 1.127208
vt 0.122690 1.584369
vt 0.990481 1.127208
vt 0.122508 1.585823
vt 0.992232 1.126513
vt 0.123367 1.584514
vt 0.122733 1.585873
vt 0.122851 1.585955
vt 0.398421 1.990801
vt 0.400187 1.990801
vt 0.400187 1.990659
vt 0.398421 1.990659
vt 0.400187 1.990520
vt 0.189700 1.852203
vt 0.189621 1.852086
vt 0.188160 1.852647
vt 0.188571 1.853238
vt 0.189818 1.852284
vt 0.189187 1.853645
vt 0.990481 1.126513
vt 0.990481 1.125773
vt 0.992232 1.125773
vt 0.992232 1.125050
vt 0.990481 1.125050
vt 0.992232 1.124393
vt 0.122931 1.586073
vt 0.124393 1.585513
vt 0.122975 1.586294
vt 0.123982 1.584921
vt 0.124523 1.586152
vt 0.400187 1.990302
vt 0.398421 1.990302
vt 0.398421 1.973493
vt 0.398421 1.990520
vt 0.122971 1.603103
vt 0.400187 1.973493
vt 0.124517 1.603254
vt 0.122923 1.603312
vt 0.400187 1.973274
vt 0.398421 1.973274
vt 0.400187 1.973135
vt 0.189623 1.834847
vt 0.189706 1.834741
vt 0.188605 1.833676
vt 0.188173 1.834261
vt 0.189576 1.835057
vt 0.188029 1.834906
vt 0.990481 1.107292
vt 0.990481 1.106636
vt 0.992232 1.106636
vt 0.990481 1.105912
vt 0.124373 1.603898
vt 0.992232 1.107292
vt 0.188029 1.852007
vt 0.189577 1.851867
vt 0.990481 1.124393
vt 0.624362 1.520550
vt 0.624362 1.525654
vt 0.622558 1.520550
vt 0.429082 1.835776
vt 0.429082 1.816600
vt 0.434192 1.835776
vt 0.424559 1.819629
vt 0.424559 1.839089
vt 0.422738 1.819629
vt 0.422738 1.839089
vt 0.622558 1.525654
vt 0.502032 1.995312
vt 0.502032 1.976348
vt 0.503838 1.995312
vt 0.503838 1.976348
vt 0.641589 1.414374
vt 0.643411 1.414374
vt 0.643411 1.419536
vt 0.641589 1.419536
vt 0.434192 1.816600
vt 0.551680 1.379739
vt 0.551680 1.384395
vt 0.549608 1.379739
vt 0.674002 1.033660
vt 0.674002 1.052490
vt 0.669077 1.033660
vt 0.103449 1.604773
vt 0.103449 1.586110
vt 0.105510 1.604773
vt 0.105510 1.586110
vt 0.549608 1.384395
vt 0.108735 1.991585
vt 0.108735 1.972514
vt 0.110864 1.991585
vt 0.110864 1.972514
vt 0.655337 1.238276
vt 0.653218 1.238276
vt 0.653218 1.232932
vt 0.655337 1.232932
vt 0.669077 1.052490
vt 0.427620 1.150198
vt 0.426880 1.148010
vt 0.428891 1.150334
vt 0.428674 1.148095
vt 0.318306 1.028766
vt 0.318669 1.029652
vt 0.317124 1.029567
vt 0.317507 1.030251
vt 0.315830 1.031412
vt 0.315308 1.030935
vt 0.314891 1.032333
vt 0.314468 1.031876
vt 0.314342 1.033342
vt 0.314023 1.033036
vt 0.314059 1.035025
vt 0.313685 1.035149
vt 0.313715 1.035947
vt 0.314126 1.035926
vt 0.313588 1.036663
vt 0.314152 1.036663
vt 0.321778 1.028604
vt 0.320072 1.028875
vt 0.321661 1.028056
vt 0.319927 1.028047
vt 0.323411 1.028095
vt 0.323335 1.028540
vt 0.325396 1.028424
vt 0.325410 1.028858
vt 0.327961 1.028914
vt 0.327751 1.029264
vt 0.329654 1.029681
vt 0.329902 1.029373
vt 0.330845 1.029573
vt 0.330647 1.029862
vt 0.424504 1.148158
vt 0.422597 1.148683
vt 0.425111 1.147554
vt 0.423527 1.146980
vt 0.420654 1.149039
vt 0.421610 1.146572
vt 0.418252 1.148486
vt 0.419363 1.146247
vt 0.416389 1.147816
vt 0.416681 1.146109
vt 0.414297 1.147080
vt 0.414670 1.145895
vt 0.413159 1.146859
vt 0.413664 1.145700
vt 0.328969 1.031327
vt 0.329175 1.030710
vt 0.329765 1.031977
vt 0.330267 1.030829
vt 0.326908 1.031106
vt 0.327501 1.030411
vt 0.325387 1.031559
vt 0.325571 1.030420
vt 0.323758 1.031502
vt 0.323676 1.030245
vt 0.322150 1.030337
vt 0.322470 1.031193
vt 0.320713 1.031121
vt 0.320548 1.030416
vt 0.319613 1.031627
vt 0.319306 1.031057
vt 0.318340 1.031555
vt 0.318677 1.032032
vt 0.317215 1.033065
vt 0.316839 1.032550
vt 0.315950 1.033407
vt 0.316448 1.033875
vt 0.315857 1.034509
vt 0.315342 1.034145
vt 0.314681 1.036536
vt 0.314553 1.035838
vt 0.314655 1.033675
vt 0.314453 1.034916
vt 0.315298 1.032814
vt 0.316332 1.031885
vt 0.317850 1.030952
vt 0.318952 1.030438
vt 0.321888 1.029146
vt 0.320308 1.029722
vt 0.323240 1.028989
vt 0.325416 1.029308
vt 0.327560 1.029625
vt 0.329450 1.030023
vt 0.330486 1.030167
vt 0.428758 1.147360
vt 0.427015 1.147515
vt 0.430965 1.147963
vt 0.431006 1.147458
vt 0.432494 1.147408
vt 0.432617 1.147891
vt 0.434072 1.147237
vt 0.433775 1.146802
vt 0.435820 1.145700
vt 0.436349 1.146168
vt 0.316926 1.029334
vt 0.318203 1.028442
vt 0.315189 1.030604
vt 0.314105 1.031616
vt 0.313549 1.032976
vt 0.313079 1.035365
vt 0.313386 1.035820
vt 0.313146 1.036467
vt 0.312593 1.035938
vt 0.877189 1.064391
vt 0.878030 1.065942
vt 0.875862 1.064918
vt 0.876136 1.066931
vt 0.874766 1.065277
vt 0.875221 1.067369
vt 0.874043 1.067421
vt 0.873200 1.065399
vt 0.879074 1.063071
vt 0.878901 1.064634
vt 0.876849 1.062670
vt 0.878533 1.061938
vt 0.877550 1.060517
vt 0.876218 1.061181
vt 0.876680 1.059664
vt 0.875869 1.060499
vt 0.875955 1.058988
vt 0.875585 1.059952
vt 0.874401 1.058138
vt 0.874202 1.060101
vt 0.873294 1.057959
vt 0.873190 1.060117
vt 0.872388 1.057918
vt 0.872231 1.060094
vt 0.870844 1.060363
vt 0.870097 1.058645
vt 0.875451 1.063190
vt 0.874213 1.063536
vt 0.872846 1.063855
vt 0.874951 1.061608
vt 0.873757 1.061891
vt 0.872428 1.062236
vt 0.874535 1.060768
vt 0.873453 1.060901
vt 0.872337 1.061049
vt 0.870922 1.061288
vt 0.870981 1.062447
vt 0.871344 1.064248
vt 0.871865 1.065506
vt 0.873062 1.067663
vt 0.330196 1.028771
vt 0.331232 1.029228
vt 0.328268 1.028079
vt 0.325800 1.027397
vt 0.323626 1.027134
vt 0.321713 1.027372
vt 0.319986 1.027744
vt 0.426217 1.150409
vt 0.423637 1.151217
vt 0.420624 1.151033
vt 0.417867 1.150127
vt 0.415725 1.149145
vt 0.413992 1.148274
vt 0.412704 1.147956
vt 0.411134 1.147904
vt 0.411344 1.146794
vt 0.331650 1.030270
vt 0.332408 1.029934
vt 0.332867 1.031651
vt 0.332577 1.031876
vt 0.331436 1.030660
vt 0.331135 1.031325
vt 0.330041 1.033032
vt 0.332215 1.031999
vt 0.331786 1.032464
vt 0.330678 1.033824
vt 0.870390 1.066258
vt 0.871215 1.067819
vt 0.332400 1.034065
vt 0.331827 1.035126
vt 0.332830 1.033516
vt 0.333554 1.033056
vt 0.333104 1.033193
vt 0.409913 1.148330
vt 0.409852 1.147336
vt 0.408359 1.147849
vt 0.408153 1.148724
vt 0.334120 1.034549
vt 0.333606 1.034629
vt 0.333227 1.034755
vt 0.332935 1.035097
vt 0.332505 1.035900
vt 0.870047 1.067854
vt 0.869601 1.066691
vt 0.406815 1.149426
vt 0.406966 1.148483
vt 0.334708 1.035959
vt 0.334185 1.035676
vt 0.333720 1.035727
vt 0.333528 1.035915
vt 0.333146 1.036397
vt 0.868747 1.067094
vt 0.869155 1.067939
vt 0.334649 1.036663
vt 0.867823 1.068731
vt 0.867475 1.067714
vt 0.406253 1.148670
vt 0.406135 1.149533
vt 0.405177 1.148558
vt 0.405042 1.149534
vt 0.867355 1.065844
vt 0.868288 1.065294
vt 0.869111 1.065429
vt 0.869799 1.065174
vt 0.869541 1.063259
vt 0.868673 1.063774
vt 0.868065 1.063937
vt 0.866998 1.064275
vt 0.869492 1.061693
vt 0.868493 1.062207
vt 0.867954 1.062599
vt 0.866763 1.062863
vt 0.869745 1.060483
vt 0.868478 1.060866
vt 0.867511 1.061455
vt 0.866595 1.061640
vt 0.869322 1.059372
vt 0.868570 1.059762
vt 0.867460 1.060128
vt 0.866562 1.060302
vt 0.403517 1.149473
vt 0.403492 1.147809
vt 0.401974 1.147740
vt 0.402039 1.149560
vt 0.400631 1.147781
vt 0.400636 1.149465
vt 0.399468 1.147898
vt 0.399594 1.149436
vt 0.398171 1.147981
vt 0.398315 1.149474
vt 0.869026 1.058811
vt 0.869729 1.058312
vt 0.868328 1.058964
vt 0.867573 1.059010
vt 0.866552 1.059063
vt 0.397014 1.149492
vt 0.396958 1.148114
vt 0.869404 1.057979
vt 0.868849 1.058123
vt 0.868263 1.058140
vt 0.867476 1.058244
vt 0.866579 1.058342
vt 0.396291 1.149746
vt 0.396249 1.148188
vt 0.869236 1.057633
vt 0.868570 1.057570
vt 0.867952 1.057626
vt 0.868716 1.056955
vt 0.869259 1.056906
vt 0.867994 1.056952
vt 0.867181 1.057606
vt 0.866449 1.057576
vt 0.867078 1.056950
vt 0.866258 1.056906
vt 0.395629 1.149604
vt 0.395520 1.148450
vt 0.395022 1.149780
vt 0.394908 1.148776
vt 0.430848 1.149937
vt 0.432713 1.149519
vt 0.434483 1.148855
vt 0.436442 1.148068
vt 0.436896 1.148000
vt 0.436960 1.146300
vt 0.437468 1.147916
vt 0.437683 1.146618
vt 0.438513 1.147119
vt 0.438026 1.148043
vt 0.438517 1.148397
vt 0.439169 1.147679
vt 0.439144 1.149113
vt 0.439850 1.148453
vt 0.438523 1.149404
vt 0.437744 1.148686
vt 0.437141 1.148762
vt 0.436571 1.148935
vt 0.435036 1.149922
vt 0.432885 1.151263
vt 0.431381 1.151380
vt 0.429513 1.151633
vt 0.428264 1.151760
vt 0.426680 1.151919
vt 0.423894 1.152368
vt 0.419797 1.152603
vt 0.417490 1.151537
vt 0.415800 1.150493
vt 0.414268 1.149517
vt 0.412945 1.149002
vt 0.411870 1.149000
vt 0.410314 1.149073
vt 0.408307 1.149744
vt 0.437441 1.149952
vt 0.436724 1.150427
vt 0.435219 1.151264
vt 0.433039 1.152070
vt 0.431283 1.152490
vt 0.429600 1.152549
vt 0.427988 1.152667
vt 0.426646 1.152874
vt 0.424411 1.153477
vt 0.421181 1.153655
vt 0.911694 1.069968
vt 0.911893 1.069967
vt 0.911701 1.071262
vt 0.910440 1.071274
vt 0.910418 1.072549
vt 0.911901 1.071262
vt 0.911695 1.072543
vt 0.911882 1.068655
vt 0.409516 1.003278
vt 0.410980 1.003349
vt 0.411470 1.004533
vt 0.409954 1.004835
vt 0.411470 1.005814
vt 0.408889 1.001953
vt 0.407608 1.001953
vt 0.407909 1.003469
vt 0.410073 1.002443
vt 0.911893 1.072542
vt 0.911897 1.073817
vt 0.911701 1.073817
vt 0.911707 1.075089
vt 0.911906 1.075089
vt 0.910436 1.075093
vt 0.910451 1.076365
vt 0.911715 1.076362
vt 0.910439 1.077637
vt 0.908902 1.077638
vt 0.908870 1.076368
vt 0.838409 1.006897
vt 0.838492 1.006783
vt 0.839382 1.007342
vt 0.837803 1.006040
vt 0.908930 1.078910
vt 0.837683 1.006112
vt 0.839413 1.007204
vt 0.838956 1.006143
vt 0.838345 1.005405
vt 0.837942 1.005465
vt 0.837464 1.005087
vt 0.098208 1.124745
vt 0.098147 1.124183
vt 0.098939 1.124371
vt 0.837582 1.005068
vt 0.098503 1.123966
vt 0.099229 1.123819
vt 0.098128 1.123788
vt 0.098568 1.123626
vt 0.098096 1.123387
vt 0.098478 1.121864
vt 0.099264 1.121797
vt 0.840225 1.006034
vt 0.840069 1.005134
vt 0.841795 1.004826
vt 0.098934 1.119801
vt 0.841460 1.005724
vt 0.841372 1.006874
vt 0.840427 1.007236
vt 0.841449 1.006992
vt 0.840450 1.007374
vt 0.908893 1.075099
vt 0.908904 1.073829
vt 0.910430 1.073821
vt 0.908922 1.072562
vt 0.842222 1.006257
vt 0.908874 1.071301
vt 0.842107 1.006176
vt 0.842653 1.005278
vt 0.842515 1.005249
vt 0.842665 1.004214
vt 0.842197 1.004749
vt 0.842525 1.004238
vt 0.842407 1.004258
vt 0.908896 1.070068
vt 0.910425 1.069989
vt 0.910408 1.068665
vt 0.908922 1.068908
vt 0.842307 1.003213
vt 0.910476 1.089146
vt 0.908912 1.088917
vt 0.910452 1.087824
vt 0.842186 1.003285
vt 0.841580 1.002429
vt 0.908946 1.087755
vt 0.841497 1.002543
vt 0.842048 1.003861
vt 0.841644 1.003921
vt 0.840576 1.002122
vt 0.841034 1.003182
vt 0.096999 1.119411
vt 0.097439 1.119848
vt 0.096676 1.119976
vt 0.097406 1.120174
vt 0.096687 1.122003
vt 0.839911 1.004194
vt 0.839765 1.003292
vt 0.838193 1.004499
vt 0.097477 1.121945
vt 0.097038 1.124001
vt 0.838531 1.003602
vt 0.837792 1.004575
vt 0.097669 1.123693
vt 0.097397 1.124521
vt 0.838617 1.002451
vt 0.837883 1.003149
vt 0.837474 1.004075
vt 0.837336 1.004045
vt 0.837325 1.005111
vt 0.908927 1.082722
vt 0.908911 1.081451
vt 0.910450 1.081450
vt 0.910458 1.080180
vt 0.908887 1.080181
vt 0.837767 1.003068
vt 0.908954 1.083992
vt 0.910449 1.082722
vt 0.838542 1.002333
vt 0.910439 1.083993
vt 0.908927 1.085261
vt 0.839539 1.001953
vt 0.839563 1.002091
vt 0.908903 1.086521
vt 0.910457 1.085264
vt 0.840609 1.001985
vt 0.910473 1.086540
vt 0.911726 1.085265
vt 0.911735 1.086545
vt 0.911716 1.083991
vt 0.911915 1.083991
vt 0.911923 1.085265
vt 0.407610 1.008396
vt 0.406983 1.007073
vt 0.408891 1.008397
vt 0.405519 1.007000
vt 0.406426 1.007906
vt 0.911914 1.082719
vt 0.405028 1.005816
vt 0.406544 1.005514
vt 0.408588 1.006878
vt 0.408249 1.005174
vt 0.410146 1.006442
vt 0.410075 1.007905
vt 0.410980 1.006998
vt 0.911934 1.086545
vt 0.911929 1.087840
vt 0.911730 1.087840
vt 0.911739 1.089173
vt 0.911686 1.068634
vt 0.911940 1.089152
vt 0.406352 1.003907
vt 0.405028 1.004535
vt 0.405518 1.003350
vt 0.406424 1.002445
vt 0.911917 1.076362
vt 0.911909 1.077633
vt 0.911711 1.077634
vt 0.910430 1.078907
vt 0.911708 1.078905
vt 0.911907 1.078905
vt 0.911721 1.080177
vt 0.911915 1.080176
vt 0.911719 1.081448
vt 0.911719 1.082719
vt 0.911920 1.081448
vt 0.097796 1.123994
vt 0.097977 1.121904
vt 0.098281 1.120096
vt 0.097864 1.120408
vt 0.097822 1.120005
vt 0.098166 1.119770
vt 0.097773 1.119612
vt 0.097757 1.119053
vt 0.098543 1.119302
vt 0.560608 1.244274
vt 0.560500 1.242646
vt 0.560957 1.242311
vt 0.560459 1.242208
vt 0.560004 1.242387
vt 0.560063 1.244313
vt 0.561153 1.244236
vt 0.560722 1.245889
vt 0.560254 1.246217
vt 0.561233 1.246154
vt 0.562009 1.244172
vt 0.561671 1.241997
vt 0.561158 1.246524
vt 0.560753 1.246325
vt 0.561950 1.246371
vt 0.560768 1.246755
vt 0.560390 1.246545
vt 0.560828 1.247367
vt 0.559949 1.247115
vt 0.454652 1.155884
vt 0.454503 1.155258
vt 0.454893 1.154826
vt 0.453398 1.155995
vt 0.454064 1.155192
vt 0.559564 1.246544
vt 0.452019 1.155873
vt 0.452898 1.157147
vt 0.453902 1.156691
vt 0.452933 1.157295
vt 0.453993 1.156815
vt 0.451797 1.157178
vt 0.450768 1.156784
vt 0.450676 1.155532
vt 0.451772 1.157329
vt 0.487945 1.888158
vt 0.487901 1.889540
vt 0.486274 1.889543
vt 0.486241 1.888160
vt 0.450685 1.156914
vt 0.487914 1.886780
vt 0.484868 1.888164
vt 0.484884 1.889548
vt 0.486248 1.886775
vt 0.484867 1.886777
vt 0.486256 1.885389
vt 0.487882 1.885410
vt 0.449529 1.155015
vt 0.449971 1.156024
vt 0.449845 1.156111
vt 0.487922 1.884066
vt 0.449379 1.155047
vt 0.449875 1.154471
vt 0.450312 1.154555
vt 0.449518 1.153915
vt 0.559570 1.241552
vt 0.560043 1.242032
vt 0.559211 1.242163
vt 0.560410 1.241780
vt 0.560398 1.241171
vt 0.449646 1.153935
vt 0.560835 1.241955
vt 0.561251 1.241450
vt 0.449888 1.152878
vt 0.450036 1.153506
vt 0.449757 1.152799
vt 0.449366 1.153890
vt 0.450640 1.152072
vt 0.451142 1.152769
vt 0.451643 1.151617
vt 0.450476 1.153571
vt 0.452521 1.152891
vt 0.452744 1.151585
vt 0.453865 1.153231
vt 0.452360 1.153872
vt 0.453773 1.151978
vt 0.454229 1.154207
vt 0.455013 1.153748
vt 0.452770 1.151433
vt 0.454570 1.152739
vt 0.453855 1.151848
vt 0.487998 1.897835
vt 0.487976 1.899214
vt 0.486297 1.899226
vt 0.486306 1.900610
vt 0.487965 1.900593
vt 0.451608 1.151468
vt 0.486322 1.901996
vt 0.484924 1.900619
vt 0.484933 1.902011
vt 0.487947 1.901963
vt 0.486302 1.903394
vt 0.484930 1.903419
vt 0.487997 1.903308
vt 0.484941 1.904869
vt 0.486330 1.904834
vt 0.484852 1.883976
vt 0.484637 1.883977
vt 0.484854 1.882525
vt 0.486243 1.882552
vt 0.484727 1.904847
vt 0.484635 1.882549
vt 0.484650 1.885385
vt 0.316880 1.164827
vt 0.316672 1.163079
vt 0.318320 1.164147
vt 0.317787 1.165434
vt 0.318321 1.162753
vt 0.316197 1.161385
vt 0.314450 1.161592
vt 0.314818 1.163447
vt 0.312963 1.163815
vt 0.312755 1.162067
vt 0.315184 1.165301
vt 0.311314 1.162748
vt 0.311848 1.161461
vt 0.312834 1.160476
vt 0.484690 1.895081
vt 0.484678 1.893698
vt 0.484890 1.893697
vt 0.484906 1.895080
vt 0.311313 1.164141
vt 0.484690 1.896464
vt 0.486264 1.893692
vt 0.486297 1.895075
vt 0.484906 1.896463
vt 0.487973 1.893687
vt 0.486289 1.896457
vt 0.487929 1.895069
vt 0.487946 1.892306
vt 0.454784 1.155963
vt 0.455173 1.154873
vt 0.455022 1.154848
vt 0.455162 1.153716
vt 0.454665 1.154290
vt 0.561628 1.246969
vt 0.487928 1.890923
vt 0.486270 1.892309
vt 0.486268 1.890925
vt 0.484889 1.892314
vt 0.484886 1.890931
vt 0.484673 1.890931
vt 0.484670 1.892315
vt 0.312830 1.166416
vt 0.311845 1.165429
vt 0.314118 1.166951
vt 0.313437 1.165510
vt 0.315512 1.166952
vt 0.316801 1.166420
vt 0.484654 1.888164
vt 0.484651 1.886778
vt 0.484668 1.889548
vt 0.484867 1.885385
vt 0.486226 1.883992
vt 0.487877 1.882805
vt 0.454696 1.152652
vt 0.487961 1.896453
vt 0.486279 1.897842
vt 0.484914 1.899232
vt 0.484904 1.897847
vt 0.484699 1.899233
vt 0.484711 1.900620
vt 0.314122 1.159942
vt 0.315517 1.159943
vt 0.484717 1.902012
vt 0.317790 1.161464
vt 0.316804 1.160478
vt 0.484712 1.903421
vt 0.484685 1.897848
vt 0.487962 1.904569
vt 0.450549 1.151948
vt 0.559203 1.244369
vt 0.452191 1.154893
vt 0.742113 1.947904
vt 0.742918 1.946935
vt 0.743002 1.947998
vt 0.743653 1.944731
vt 0.742766 1.944638
vt 0.741711 1.944526
vt 0.743736 1.940117
vt 0.742679 1.940005
vt 0.734915 1.943814
vt 0.735394 1.939242
vt 0.741056 1.947792
vt 0.738168 1.912734
vt 0.728108 1.938479
vt 0.728117 1.943104
vt 0.727051 1.938368
vt 0.728052 1.911677
vt 0.727063 1.942994
vt 0.726159 1.938277
vt 0.726994 1.911567
vt 0.726174 1.942900
vt 0.726069 1.911469
vt 0.726773 1.884509
vt 0.727830 1.884618
vt 0.740913 1.886527
vt 0.727791 1.880224
vt 0.741424 1.881660
vt 0.726727 1.880120
vt 0.727613 1.878170
vt 0.741534 1.879976
vt 0.741575 1.879228
vt 0.727504 1.877406
vt 0.726570 1.878014
vt 0.725903 1.880050
vt 0.726079 1.878232
vt 0.726453 1.877247
vt 0.725613 1.877906
vt 0.629133 1.776618
vt 0.629701 1.777057
vt 0.588218 1.778250
vt 0.629059 1.775674
vt 0.588266 1.776645
vt 0.588032 1.781103
vt 0.975758 1.849725
vt 0.976080 1.848917
vt 0.976080 1.851498
vt 0.975600 1.847548
vt 0.975748 1.851491
vt 0.975447 1.848900
vt 0.974775 1.847526
vt 0.974621 1.848881
vt 0.975114 1.851475
vt 0.974288 1.851455
vt 0.974651 1.854855
vt 0.975294 1.854894
vt 0.975628 1.854908
vt 0.972878 1.875726
vt 0.972516 1.875718
vt 0.970148 1.896387
vt 0.969783 1.896381
vt 0.971792 1.875700
vt 0.969087 1.896362
vt 0.969312 1.899948
vt 0.969676 1.899954
vt 0.968619 1.899927
vt 0.968261 1.896342
vt 0.970967 1.875679
vt 0.963060 1.875491
vt 0.963546 1.855006
vt 0.973826 1.854837
vt 0.963637 1.851203
vt 0.953286 1.854350
vt 0.963698 1.848622
vt 0.952984 1.850950
vt 0.952774 1.848365
vt 0.952460 1.854330
vt 0.952159 1.850930
vt 0.951817 1.854339
vt 0.951526 1.850917
vt 0.951949 1.848346
vt 0.951857 1.846986
vt 0.952685 1.847003
vt 0.951597 1.849153
vt 0.587888 1.751359
vt 0.587909 1.750447
vt 0.628398 1.750004
vt 0.951314 1.848330
vt 0.587829 1.748858
vt 0.628424 1.749041
vt 0.628182 1.762882
vt 0.755665 1.880944
vt 0.755477 1.881673
vt 0.756530 1.881786
vt 0.756720 1.881056
vt 0.756961 1.882226
vt 0.756118 1.883208
vt 0.756933 1.883302
vt 0.757400 1.881879
vt 0.757363 1.883348
vt 0.628940 1.748460
vt 0.587622 1.746052
vt 0.629511 1.747498
vt 0.587260 1.742296
vt 0.951483 1.854336
vt 0.951193 1.850907
vt 0.586613 1.719589
vt 0.629127 1.743522
vt 0.953241 1.875258
vt 0.627167 1.718671
vt 0.586411 1.697321
vt 0.954985 1.896027
vt 0.953603 1.875268
vt 0.955349 1.896036
vt 0.954328 1.875285
vt 0.955288 1.899611
vt 0.955650 1.899620
vt 0.956045 1.896052
vt 0.955833 1.902206
vt 0.956001 1.901397
vt 0.956345 1.899636
vt 0.956522 1.902220
vt 0.957171 1.899656
vt 0.956874 1.896072
vt 0.957350 1.902241
vt 0.962482 1.899783
vt 0.962566 1.896208
vt 0.967794 1.899909
vt 0.967492 1.902480
vt 0.968318 1.902499
vt 0.968166 1.903856
vt 0.968881 1.901701
vt 0.969012 1.902517
vt 0.588725 1.836549
vt 0.630916 1.840421
vt 0.588861 1.838215
vt 0.630597 1.837167
vt 0.588466 1.833761
vt 0.726137 1.946232
vt 0.725713 1.942852
vt 0.630188 1.832769
vt 0.725695 1.938226
vt 0.628310 1.807593
vt 0.588139 1.829965
vt 0.725605 1.911421
vt 0.629617 1.782814
vt 0.587744 1.807674
vt 0.725947 1.884454
vt 0.725516 1.884419
vt 0.725472 1.880012
vt 0.629894 1.778872
vt 0.587767 1.784887
vt 0.726440 1.945210
vt 0.727024 1.946325
vt 0.726997 1.948078
vt 0.631086 1.842379
vt 0.631081 1.843398
vt 0.588863 1.839074
vt 0.728082 1.946434
vt 0.728052 1.948188
vt 0.734569 1.947114
vt 0.740720 1.949512
vt 0.734387 1.948851
vt 0.741775 1.949624
vt 0.586818 1.683142
vt 0.628789 1.676517
vt 0.628974 1.682775
vt 0.586894 1.688197
vt 0.629008 1.683792
vt 0.588924 1.844136
vt 0.962389 1.903717
vt 0.962420 1.902359
vt 0.967341 1.903839
vt 0.631061 1.849659
vt 0.957442 1.903602
vt 0.586916 1.689061
vt 0.628893 1.685755
vt 0.586824 1.690726
vt 0.956613 1.903580
vt 0.955154 1.875302
vt 0.628657 1.689013
vt 0.586635 1.693521
vt 0.744629 1.940208
vt 0.744116 1.944782
vt 0.628368 1.693424
vt 0.745092 1.940258
vt 0.750265 1.914004
vt 0.750730 1.914054
vt 0.749339 1.913905
vt 0.755987 1.887605
vt 0.755166 1.887488
vt 0.755059 1.883090
vt 0.754109 1.887378
vt 0.748283 1.913795
vt 0.756416 1.887661
vt 0.963729 1.847265
vt 0.588065 1.763528
vt 0.588219 1.775728
vt 0.574734 1.715881
vt 0.574319 1.704093
vt 0.580363 1.717010
vt 0.004168 1.985631
vt 0.001953 1.954530
vt 0.015788 1.985853
vt 0.276044 1.144409
vt 0.309012 1.156367
vt 0.279288 1.149036
vt 0.579939 1.704283
vt 0.548796 1.392327
vt 0.532600 1.392005
vt 0.532135 1.378769
vt 0.542516 1.416194
vt 0.534960 1.416847
vt 0.696010 1.702894
vt 0.714311 1.719675
vt 0.693923 1.746786
vt 0.676264 1.731879
vt 0.706070 1.761320
vt 0.182896 1.585985
vt 0.211965 1.579735
vt 0.209191 1.598464
vt 0.183270 1.567139
vt 0.210658 1.556669
vt 0.183640 1.551334
vt 0.154736 1.575256
vt 0.153106 1.595869
vt 0.489859 1.076568
vt 0.484876 1.077185
vt 0.481503 1.057738
vt 0.161085 1.609682
vt 0.693100 1.823188
vt 0.676095 1.816852
vt 0.691841 1.814294
vt 0.486981 1.058039
vt 0.479596 1.039841
vt 0.492999 1.093329
vt 0.499081 1.094478
vt 0.494265 1.076076
vt 0.499249 1.109837
vt 0.513512 1.090074
vt 0.514720 1.108932
vt 0.527966 1.104307
vt 0.512459 1.118310
vt 0.499293 1.120457
vt 0.493048 1.118151
vt 0.493195 1.107956
vt 0.497265 1.130587
vt 0.491683 1.129258
vt 0.496765 1.148947
vt 0.511366 1.146313
vt 0.511715 1.129371
vt 0.537613 1.138723
vt 0.535246 1.161493
vt 0.511278 1.161754
vt 0.526895 1.125190
vt 0.523828 1.136892
vt 0.539921 1.125242
vt 0.542188 1.113337
vt 0.526687 1.117845
vt 0.560729 1.114091
vt 0.548480 1.104424
vt 0.564503 1.105870
vt 0.554635 1.095260
vt 0.568025 1.097237
vt 0.555426 1.084488
vt 0.532929 1.091502
vt 0.568834 1.088195
vt 0.538390 1.080311
vt 0.567344 1.080636
vt 0.557418 1.078725
vt 0.563982 1.071150
vt 0.558024 1.072836
vt 0.550079 1.074781
vt 0.543028 1.070144
vt 0.553218 1.068267
vt 0.532188 1.072237
vt 0.530209 1.064791
vt 0.537540 1.061339
vt 0.547189 1.063922
vt 0.554728 1.056714
vt 0.549134 1.038464
vt 0.563897 1.046096
vt 0.560126 1.064126
vt 0.548285 1.052376
vt 0.541614 1.028118
vt 0.539960 1.047159
vt 0.530870 1.047354
vt 0.522464 1.025470
vt 0.522673 1.051440
vt 0.512471 1.031789
vt 0.504151 1.007337
vt 0.493596 1.019466
vt 0.507279 1.040480
vt 0.490794 1.016657
vt 0.500781 1.004612
vt 0.489270 1.033536
vt 0.485584 1.031461
vt 0.490055 1.045696
vt 0.506679 1.050448
vt 0.491870 1.058424
vt 0.485118 1.042915
vt 0.481485 1.029114
vt 0.701899 1.813142
vt 0.709458 1.808075
vt 0.703630 1.824578
vt 0.719262 1.819978
vt 0.487604 1.013508
vt 0.730752 1.811041
vt 0.496843 1.001953
vt 0.411755 1.225680
vt 0.416366 1.224701
vt 0.415684 1.244860
vt 0.715218 1.803849
vt 0.736829 1.791537
vt 0.718418 1.796666
vt 0.186029 1.618937
vt 0.187070 1.627800
vt 0.179200 1.627653
vt 0.173095 1.623946
vt 0.184776 1.610771
vt 0.203581 1.610419
vt 0.199676 1.617331
vt 0.714787 1.780612
vt 0.711422 1.773412
vt 0.732805 1.751626
vt 0.716678 1.785953
vt 0.734669 1.762533
vt 0.196015 1.621644
vt 0.736140 1.774751
vt 0.537301 1.476275
vt 0.532328 1.477216
vt 0.533657 1.464984
vt 0.537045 1.492695
vt 0.531996 1.494022
vt 0.958694 1.106251
vt 0.956404 1.110243
vt 0.945918 1.097612
vt 0.410570 1.245784
vt 0.407627 1.226726
vt 0.406035 1.246492
vt 0.948782 1.094147
vt 0.538487 1.005444
vt 0.532533 1.024829
vt 0.522973 1.001963
vt 0.939594 1.088161
vt 0.942712 1.085578
vt 0.548264 1.010082
vt 0.934470 1.078542
vt 0.557081 1.016101
vt 0.938545 1.076225
vt 0.539981 1.454069
vt 0.535181 1.454039
vt 0.534648 1.439793
vt 0.538961 1.439046
vt 0.543119 1.438210
vt 0.932429 1.061141
vt 0.548666 1.438637
vt 0.538209 1.464905
vt 0.549243 1.415618
vt 0.560296 1.419893
vt 0.563226 1.392637
vt 0.936169 1.024644
vt 0.933234 1.039253
vt 0.931040 1.023502
vt 0.567823 1.405833
vt 0.935053 1.059767
vt 0.936658 1.039341
vt 0.568880 1.028855
vt 0.577864 1.048043
vt 0.942686 1.012975
vt 0.937540 1.009296
vt 0.940230 1.025556
vt 0.569187 1.057793
vt 0.583314 1.061271
vt 0.946753 1.015854
vt 0.574579 1.067696
vt 0.587380 1.072042
vt 0.578385 1.077264
vt 0.578858 1.085600
vt 0.580228 1.095338
vt 0.589937 1.080633
vt 0.947517 1.007331
vt 0.952942 1.009042
vt 0.952006 1.002569
vt 0.958866 1.003181
vt 0.590343 1.088756
vt 0.135524 1.762340
vt 0.131864 1.775737
vt 0.122308 1.763066
vt 0.119977 1.763216
vt 0.589161 1.102435
vt 0.576792 1.103583
vt 0.125507 1.773093
vt 0.663314 1.546247
vt 0.664039 1.543136
vt 0.666759 1.542027
vt 0.666141 1.546031
vt 0.117487 1.769612
vt 0.662888 1.548730
vt 0.665615 1.549201
vt 0.117021 1.763652
vt 0.589452 1.393485
vt 0.585755 1.395354
vt 0.588320 1.387616
vt 0.943272 1.001953
vt 0.940625 1.005144
vt 0.581014 1.397400
vt 0.582597 1.385291
vt 0.585820 1.386483
vt 0.581668 1.381196
vt 0.670157 1.540702
vt 0.669592 1.545347
vt 0.674403 1.542120
vt 0.565454 1.379511
vt 0.582186 1.376323
vt 0.673337 1.547003
vt 0.679504 1.543368
vt 0.672416 1.550826
vt 0.674683 1.552484
vt 0.676876 1.548570
vt 0.680157 1.550699
vt 0.682599 1.546011
vt 0.684046 1.547759
vt 0.584863 1.374018
vt 0.567959 1.364853
vt 0.586660 1.373061
vt 0.579793 1.366298
vt 0.569074 1.349754
vt 0.579904 1.351303
vt 0.551023 1.364456
vt 0.581735 1.356035
vt 0.583835 1.357314
vt 0.549755 1.379148
vt 0.156309 1.153385
vt 0.155052 1.147643
vt 0.157984 1.152588
vt 0.152357 1.148465
vt 0.154077 1.154448
vt 0.585969 1.365943
vt 0.585398 1.358303
vt 0.157445 1.146876
vt 0.120991 1.734551
vt 0.126687 1.735024
vt 0.119457 1.742073
vt 0.131168 1.735418
vt 0.139447 1.747326
vt 0.130645 1.745009
vt 0.156908 1.142405
vt 0.133813 1.729765
vt 0.043954 1.379179
vt 0.045639 1.381806
vt 0.039630 1.383057
vt 0.153945 1.143154
vt 0.042017 1.385374
vt 0.150909 1.143786
vt 0.046874 1.384779
vt 0.045105 1.388574
vt 0.147981 1.149569
vt 0.147127 1.144562
vt 0.142819 1.146082
vt 0.040447 1.389712
vt 0.038043 1.387368
vt 0.140026 1.150736
vt 0.139539 1.145955
vt 0.036214 1.385652
vt 0.138343 1.150720
vt 0.137004 1.145691
vt 0.134263 1.725219
vt 0.147502 1.720300
vt 0.129937 1.722740
vt 0.582621 1.132936
vt 0.578332 1.145160
vt 0.564263 1.140817
vt 0.143715 1.732358
vt 0.137895 1.716917
vt 0.150206 1.712710
vt 0.574159 1.152277
vt 0.549414 1.161177
vt 0.569025 1.129736
vt 0.550413 1.135617
vt 0.553356 1.125692
vt 0.546707 1.155945
vt 0.573100 1.116006
vt 0.586295 1.117632
vt 0.546026 1.165203
vt 0.166865 1.692843
vt 0.164561 1.688179
vt 0.540387 1.171697
vt 0.527666 1.168512
vt 0.145206 1.702485
vt 0.160713 1.680299
vt 0.493960 1.167788
vt 0.519206 1.182055
vt 0.529348 1.185210
vt 0.138981 1.680111
vt 0.141402 1.661557
vt 0.157447 1.663005
vt 0.156260 1.646236
vt 0.521939 1.200240
vt 0.516308 1.228090
vt 0.512224 1.192578
vt 0.137289 1.615386
vt 0.150520 1.618383
vt 0.140779 1.645015
vt 0.133769 1.593963
vt 0.121535 1.592399
vt 0.123528 1.610443
vt 0.549977 1.221528
vt 0.552501 1.239519
vt 0.542850 1.220055
vt 0.544053 1.238079
vt 0.556826 1.267556
vt 0.125867 1.638711
vt 0.534600 1.236449
vt 0.534857 1.218437
vt 0.535028 1.271515
vt 0.546557 1.269418
vt 0.360871 1.548136
vt 0.358376 1.531156
vt 0.380414 1.528774
vt 0.356974 1.512703
vt 0.535194 1.201130
vt 0.361514 1.561886
vt 0.377653 1.548690
vt 0.542741 1.202975
vt 0.536472 1.185869
vt 0.540859 1.186615
vt 0.549587 1.204617
vt 0.544362 1.187998
vt 0.131732 1.573333
vt 0.120582 1.575510
vt 0.116829 1.558497
vt 0.144071 1.570127
vt 0.148022 1.595049
vt 0.127948 1.554570
vt 0.504002 1.245147
vt 0.510394 1.250750
vt 0.508829 1.275950
vt 0.508617 1.222667
vt 0.492414 1.210963
vt 0.494738 1.182218
vt 0.489154 1.166805
vt 0.488683 1.179262
vt 0.487851 1.207802
vt 0.483251 1.177209
vt 0.483779 1.165639
vt 0.490736 1.237138
vt 0.486175 1.238064
vt 0.482719 1.204270
vt 0.160012 1.444535
vt 0.173873 1.440804
vt 0.160935 1.471671
vt 0.156954 1.409717
vt 0.481074 1.239107
vt 0.168667 1.406767
vt 0.165985 1.389300
vt 0.480047 1.257031
vt 0.155453 1.391818
vt 0.174014 1.387093
vt 0.153141 1.365719
vt 0.161944 1.365829
vt 0.153867 1.352423
vt 0.171809 1.356708
vt 0.171382 1.367031
vt 0.163130 1.352685
vt 0.898026 1.672053
vt 0.887481 1.672263
vt 0.886701 1.663841
vt 0.896652 1.662909
vt 0.491398 1.291401
vt 0.488849 1.294992
vt 0.482762 1.283101
vt 0.498671 1.298999
vt 0.089951 1.118299
vt 0.085393 1.108001
vt 0.091635 1.107159
vt 0.501744 1.296752
vt 0.095890 1.111440
vt 0.089596 1.108968
vt 0.082568 1.105967
vt 0.087635 1.109800
vt 0.090362 1.114004
vt 0.504246 1.294395
vt 0.137997 1.552145
vt 0.500351 1.266573
vt 0.493651 1.288200
vt 0.489274 1.258927
vt 0.490239 1.279691
vt 0.486718 1.281300
vt 0.484930 1.258036
vt 0.086479 1.097157
vt 0.886747 1.651233
vt 0.898345 1.653512
vt 0.374216 1.558736
vt 0.177914 1.404271
vt 0.185391 1.437705
vt 0.380936 1.511515
vt 0.381892 1.477385
vt 0.191493 1.463766
vt 0.355651 1.451648
vt 0.383464 1.450748
vt 0.355981 1.477311
vt 0.937086 1.124133
vt 0.939801 1.098822
vt 0.939795 1.126091
vt 0.153009 1.529299
vt 0.150187 1.556921
vt 0.147060 1.558104
vt 0.609588 1.615275
vt 0.617819 1.614424
vt 0.617817 1.643837
vt 0.550713 1.306728
vt 0.534516 1.306077
vt 0.534860 1.298747
vt 0.610495 1.644431
vt 0.547665 1.292713
vt 0.551103 1.323273
vt 0.559068 1.287345
vt 0.566552 1.322747
vt 0.565142 1.307317
vt 0.124942 1.679093
vt 0.125608 1.658467
vt 0.574798 1.321878
vt 0.126494 1.696375
vt 0.582352 1.336258
vt 0.125699 1.712684
vt 0.568104 1.339403
vt 0.583953 1.343521
vt 0.124237 1.719994
vt 0.581326 1.346191
vt 0.551375 1.341145
vt 0.551701 1.352275
vt 0.532195 1.355116
vt 0.532588 1.343116
vt 0.958379 1.405240
vt 0.954216 1.404927
vt 0.958445 1.386203
vt 0.959227 1.417049
vt 0.533750 1.323881
vt 0.954628 1.386389
vt 0.960813 1.368745
vt 0.754358 1.940334
vt 0.782452 1.940861
vt 0.753371 1.959572
vt 0.782788 1.959216
vt 0.754724 1.922770
vt 0.956887 1.369375
vt 0.782059 1.923660
vt 0.005076 1.421879
vt 0.001953 1.448554
vt 0.001953 1.419384
vt 0.180108 1.495366
vt 0.198268 1.488963
vt 0.202420 1.507805
vt 0.194179 1.471596
vt 0.158259 1.503065
vt 0.157693 1.521580
vt 0.159541 1.483309
vt 0.182119 1.514060
vt 0.178455 1.476919
vt 0.177624 1.467357
vt 0.157729 1.534200
vt 0.204773 1.519577
vt 0.183421 1.526221
vt 0.752679 1.971574
vt 0.782798 1.970599
vt 0.747927 1.985878
vt 0.745625 1.955496
vt 0.747927 1.951985
vt 0.883296 1.998243
vt 0.873601 1.997153
vt 0.873616 1.962971
vt 0.205894 1.529225
vt 0.015003 1.954485
vt 0.029350 1.955227
vt 0.028545 1.985644
vt 0.531997 1.533274
vt 0.531996 1.497922
vt 0.535644 1.503071
vt 0.882429 1.963189
vt 0.183999 1.536152
vt 0.207678 1.543643
vt 0.157654 1.544480
vt 0.156645 1.559344
vt 0.486304 1.091976
vt 0.486342 1.105818
vt 0.486043 1.115536
vt 0.575774 1.691063
vt 0.582089 1.690172
vt 0.532017 1.364019
vt 0.955046 1.416468
vt 0.485409 1.127723
vt 0.490949 1.147574
vt 0.484431 1.145987
vt 0.143120 1.151073
vt 0.144126 1.157489
vt 0.149189 1.155929
vt 0.140028 1.157154
vt 0.124941 1.752235
vt 0.122054 1.750867
vt 0.682505 1.551938
vt 0.681206 1.555295
vt 0.118373 1.749149
vt 0.678048 1.554223
vt 0.569831 1.569217
vt 0.572204 1.565270
vt 0.575162 1.565882
vt 0.572507 1.570592
vt 0.125167 1.757611
vt 0.568586 1.575380
vt 0.568510 1.565446
vt 0.566312 1.567073
vt 0.566821 1.573511
vt 0.565250 1.570644
vt 0.669050 1.548929
vt 0.726766 1.738789
vt 0.165663 1.618713
vt 0.184246 1.601494
vt 0.508852 1.061407
vt 0.517895 1.055835
vt 0.517895 1.063625
vt 0.521116 1.074502
vt 0.511285 1.074899
vt 0.747479 1.746540
vt 0.736856 1.736212
vt 0.737236 1.725711
vt 0.850786 1.639220
vt 0.880170 1.638545
vt 0.850425 1.649703
vt 0.879918 1.629824
vt 0.736556 1.744279
vt 0.851031 1.631062
vt 0.569113 1.180015
vt 0.575617 1.183069
vt 0.582433 1.200300
vt 0.071650 1.330637
vt 0.079538 1.337718
vt 0.062414 1.347670
vt 0.570798 1.200290
vt 0.065030 1.356111
vt 0.578628 1.222364
vt 0.529092 1.234165
vt 0.520911 1.232838
vt 0.525821 1.214764
vt 0.569553 1.221242
vt 0.947096 1.604481
vt 0.941116 1.603764
vt 0.945181 1.583414
vt 0.951794 1.580517
vt 0.529126 1.217057
vt 0.947946 1.623706
vt 0.941843 1.622893
vt 0.948808 1.634977
vt 0.944801 1.634200
vt 0.948604 1.641975
vt 0.946143 1.641750
vt 0.948796 1.656046
vt 0.478276 1.814759
vt 0.473669 1.812094
vt 0.477812 1.804081
vt 0.473386 1.828378
vt 0.945774 1.655714
vt 0.481212 1.807344
vt 0.483625 1.794582
vt 0.095900 1.306054
vt 0.099253 1.318582
vt 0.085517 1.310052
vt 0.104291 1.302839
vt 0.090360 1.323297
vt 0.104524 1.332739
vt 0.106915 1.314263
vt 0.111154 1.326055
vt 0.097494 1.340824
vt 0.119368 1.326066
vt 0.118302 1.341334
vt 0.089810 1.346937
vt 0.116908 1.357960
vt 0.120455 1.407037
vt 0.133711 1.409858
vt 0.131710 1.365533
vt 0.100371 1.370462
vt 0.132906 1.346707
vt 0.147712 1.373094
vt 0.146585 1.411492
vt 0.821039 1.687745
vt 0.809329 1.697198
vt 0.808102 1.658722
vt 0.142681 1.444619
vt 0.819152 1.727639
vt 0.810563 1.730592
vt 0.824723 1.702332
vt 0.832007 1.688569
vt 0.834359 1.708702
vt 0.830913 1.724467
vt 0.484429 1.641247
vt 0.473779 1.637590
vt 0.484824 1.625174
vt 0.839817 1.695980
vt 0.481640 1.654751
vt 0.475142 1.650527
vt 0.461462 1.633345
vt 0.452546 1.620527
vt 0.469863 1.623019
vt 0.441224 1.619892
vt 0.439289 1.603517
vt 0.450697 1.600855
vt 0.441672 1.564351
vt 0.453145 1.564664
vt 0.466724 1.600233
vt 0.463463 1.563477
vt 0.480568 1.599736
vt 0.472414 1.562457
vt 0.464396 1.537505
vt 0.455587 1.537303
vt 0.456273 1.520734
vt 0.465513 1.522508
vt 0.470309 1.538363
vt 0.470781 1.524023
vt 0.844529 1.825977
vt 0.833030 1.825817
vt 0.841962 1.811834
vt 0.830405 1.811944
vt 0.825235 1.790172
vt 0.837181 1.788047
vt 0.816508 1.791729
vt 0.819990 1.753725
vt 0.812035 1.756211
vt 0.129629 1.470461
vt 0.139050 1.469995
vt 0.137217 1.505733
vt 0.130689 1.505939
vt 0.140555 1.525696
vt 0.821989 1.811257
vt 0.133553 1.526837
vt 0.135545 1.540232
vt 0.142774 1.540324
vt 0.825101 1.825752
vt 0.136599 1.547331
vt 0.826502 1.831824
vt 0.143745 1.546482
vt 0.129328 1.549106
vt 0.250586 1.946706
vt 0.242246 1.945811
vt 0.253436 1.940054
vt 0.245261 1.940265
vt 0.254443 1.932648
vt 0.069032 1.151623
vt 0.060915 1.148675
vt 0.061083 1.142336
vt 0.067904 1.145454
vt 0.061206 1.136658
vt 0.238531 1.950042
vt 0.068800 1.137573
vt 0.460908 1.143124
vt 0.461761 1.148691
vt 0.454404 1.146653
vt 0.460043 1.138156
vt 0.454577 1.143344
vt 0.231921 1.950638
vt 0.235473 1.951301
vt 0.237064 1.959585
vt 0.244689 1.952116
vt 0.455089 1.139791
vt 0.224458 1.948459
vt 0.231940 1.959477
vt 0.456559 1.132187
vt 0.460801 1.134224
vt 0.458768 1.124597
vt 0.461738 1.124151
vt 0.912190 1.238083
vt 0.904840 1.238205
vt 0.905332 1.219246
vt 0.912420 1.219146
vt 0.004956 1.091706
vt 0.004942 1.099068
vt 0.001953 1.091300
vt 0.001958 1.098729
vt 0.907862 1.190387
vt 0.916575 1.189042
vt 0.911386 1.151144
vt 0.919404 1.151054
vt 0.913349 1.133638
vt 0.920187 1.132225
vt 0.922706 1.117226
vt 0.915803 1.118931
vt 0.447963 1.632465
vt 0.467624 1.645646
vt 0.917995 1.106116
vt 0.454852 1.644112
vt 0.467848 1.656451
vt 0.474186 1.659374
vt 0.455777 1.650836
vt 0.473177 1.665378
vt 0.479678 1.661910
vt 0.473223 1.674045
vt 0.478331 1.668072
vt 0.467200 1.662261
vt 0.455806 1.656298
vt 0.466495 1.671508
vt 0.463504 1.688039
vt 0.453682 1.666647
vt 0.471682 1.690183
vt 0.478754 1.692032
vt 0.479046 1.676225
vt 0.468680 1.708326
vt 0.839273 1.642928
vt 0.845462 1.640731
vt 0.844611 1.659636
vt 0.838257 1.660016
vt 0.845061 1.675449
vt 0.476281 1.710782
vt 0.845795 1.625355
vt 0.473974 1.725876
vt 0.466251 1.722965
vt 0.457308 1.719595
vt 0.465893 1.909348
vt 0.457517 1.904695
vt 0.468549 1.905316
vt 0.460867 1.900271
vt 0.455589 1.895094
vt 0.450373 1.900497
vt 0.680126 1.661252
vt 0.687357 1.658056
vt 0.684301 1.667384
vt 0.959848 1.720313
vt 0.953244 1.721705
vt 0.949246 1.704050
vt 0.455397 1.875322
vt 0.451024 1.873745
vt 0.827197 1.606176
vt 0.824647 1.613501
vt 0.808938 1.603740
vt 0.809196 1.591513
vt 0.452468 1.850497
vt 0.808711 1.619664
vt 0.821305 1.623045
vt 0.840008 1.629171
vt 0.831463 1.645837
vt 0.832634 1.634008
vt 0.829995 1.660509
vt 0.818854 1.659184
vt 0.819773 1.641628
vt 0.808157 1.637099
vt 0.148183 1.351568
vt 0.148176 1.334199
vt 0.839391 1.681149
vt 0.843266 1.689389
vt 0.147193 1.318343
vt 0.133493 1.327951
vt 0.119271 1.310811
vt 0.135936 1.313030
vt 0.137782 1.301554
vt 0.466261 1.847440
vt 0.457676 1.842235
vt 0.467521 1.826087
vt 0.119066 1.299104
vt 0.146373 1.306132
vt 0.463176 1.855868
vt 0.951687 1.686215
vt 0.943765 1.683995
vt 0.943398 1.674985
vt 0.948477 1.674312
vt 0.959306 1.706431
vt 0.691374 1.663644
vt 0.698138 1.671826
vt 0.689909 1.674692
vt 0.710618 1.686201
vt 0.703373 1.689731
vt 0.925804 1.034197
vt 0.927031 1.040753
vt 0.916568 1.038920
vt 0.917428 1.034378
vt 0.486321 1.914876
vt 0.482897 1.918447
vt 0.443330 1.699892
vt 0.460075 1.705505
vt 0.439316 1.712678
vt 0.926609 1.050586
vt 0.919568 1.051244
vt 0.925071 1.067141
vt 0.925833 1.084887
vt 0.920357 1.067209
vt 0.918948 1.085249
vt 0.448299 1.684038
vt 0.925619 1.095147
vt 0.918391 1.095323
vt 0.925494 1.099967
vt 0.918291 1.100233
vt 0.924965 1.104868
vt 0.845795 1.683607
vt 0.446958 1.517730
vt 0.449003 1.515498
vt 0.456742 1.516775
vt 0.223335 1.956507
vt 0.215846 1.954272
vt 0.216685 1.946883
vt 0.465682 1.518584
vt 0.444688 1.536283
vt 0.470693 1.519648
vt 0.845008 1.830318
vt 0.834394 1.830857
vt 0.059756 1.153816
vt 0.069692 1.157014
vt 0.247090 1.935327
vt 0.254932 1.925765
vt 0.247667 1.929968
vt 0.058727 1.159101
vt 0.069031 1.163777
vt 0.058384 1.166613
vt 0.246421 1.922663
vt 0.254541 1.919466
vt 0.115537 1.543625
vt 0.121622 1.542559
vt 0.116669 1.552190
vt 0.122677 1.550725
vt 0.855030 1.835047
vt 0.876940 1.833632
vt 0.876333 1.842384
vt 0.855272 1.843536
vt 0.238406 1.914243
vt 0.238649 1.906327
vt 0.228611 1.916175
vt 0.822291 1.009974
vt 0.823796 1.021077
vt 0.813187 1.007006
vt 0.069204 1.169619
vt 0.058521 1.178455
vt 0.069753 1.177474
vt 0.816144 1.019471
vt 0.802457 1.017781
vt 0.800955 1.034980
vt 0.793944 1.017502
vt 0.802099 1.005109
vt 0.792241 1.037907
vt 0.801031 1.066071
vt 0.792013 1.063205
vt 0.788001 1.097745
vt 0.801197 1.094236
vt 0.798588 1.131464
vt 0.803387 1.164603
vt 0.785933 1.129616
vt 0.010501 1.775205
vt 0.011946 1.804802
vt 0.003766 1.774704
vt 0.005186 1.804634
vt 0.014754 1.838828
vt 0.790006 1.163611
vt 0.804318 1.190659
vt 0.791318 1.192049
vt 0.015273 1.868345
vt 0.006112 1.838174
vt 0.769601 1.676977
vt 0.778402 1.676134
vt 0.780909 1.707085
vt 0.768266 1.642917
vt 0.778188 1.642588
vt 0.007475 1.868642
vt 0.774053 1.706377
vt 0.781549 1.720497
vt 0.015432 1.882507
vt 0.007677 1.882199
vt 0.800281 1.225214
vt 0.792540 1.226075
vt 0.792240 1.206969
vt 0.016980 1.901835
vt 0.802020 1.207134
vt 0.798210 1.235961
vt 0.789779 1.236674
vt 0.798636 1.240441
vt 0.788245 1.241566
vt 0.018876 1.916194
vt 0.011054 1.915190
vt 0.009092 1.900969
vt 0.012247 1.923129
vt 0.018864 1.923259
vt 0.782517 1.739133
vt 0.779312 1.738955
vt 0.775645 1.721399
vt 0.782347 1.753545
vt 0.779520 1.751662
vt 0.775138 1.738722
vt 0.767962 1.722573
vt 0.757591 1.730223
vt 0.737941 1.705506
vt 0.765130 1.705455
vt 0.758147 1.678079
vt 0.739036 1.676717
vt 0.881986 1.696711
vt 0.880636 1.732180
vt 0.851491 1.698522
vt 0.850842 1.669901
vt 0.852714 1.731063
vt 0.740100 1.644523
vt 0.854252 1.758986
vt 0.740445 1.616403
vt 0.755352 1.643347
vt 0.754451 1.614680
vt 0.741208 1.577259
vt 0.766855 1.613454
vt 0.753781 1.576367
vt 0.855386 1.797620
vt 0.879485 1.796517
vt 0.878172 1.817454
vt 0.855493 1.819106
vt 0.738896 1.555891
vt 0.736693 1.540159
vt 0.751215 1.535167
vt 0.753393 1.552886
vt 0.762891 1.531651
vt 0.750112 1.525762
vt 0.736602 1.531536
vt 0.224031 1.909133
vt 0.218818 1.922376
vt 0.213567 1.916128
vt 0.761553 1.520983
vt 0.997722 1.939527
vt 0.990685 1.938535
vt 0.990493 1.930578
vt 0.769419 1.521619
vt 0.770415 1.532155
vt 0.998711 1.930884
vt 0.772470 1.551936
vt 0.764187 1.552348
vt 0.011526 1.714037
vt 0.003210 1.713402
vt 0.001953 1.693200
vt 0.009720 1.693063
vt 0.002387 1.682777
vt 0.003650 1.738109
vt 0.011897 1.737611
vt 0.774768 1.576385
vt 0.776383 1.612516
vt 0.765639 1.576380
vt 0.794070 1.007212
vt 0.009401 1.683128
vt 0.113520 1.527472
vt 0.119642 1.527158
vt 0.109388 1.507005
vt 0.128308 1.541367
vt 0.116628 1.507221
vt 0.126392 1.526769
vt 0.123729 1.506381
vt 0.110804 1.470665
vt 0.120815 1.471122
vt 0.119788 1.443010
vt 0.107649 1.442516
vt 0.092248 1.445718
vt 0.083423 1.411005
vt 0.103396 1.408052
vt 0.075228 1.386290
vt 0.881805 1.670433
vt 0.068548 1.367053
vt 0.880815 1.650033
vt 0.130919 1.444612
vt 0.100224 1.470399
vt 0.881265 1.758300
vt 0.748880 1.740085
vt 0.768443 1.743550
vt 0.763472 1.751917
vt 0.775890 1.749179
vt 0.772528 1.752129
vt 0.769615 1.754097
vt 0.776309 1.757070
vt 0.779261 1.760921
vt 0.774144 1.764755
vt 0.772203 1.760104
vt 0.762135 1.756364
vt 0.761105 1.759780
vt 0.567711 1.245735
vt 0.573900 1.245705
vt 0.572956 1.260016
vt 0.746403 1.751501
vt 0.569963 1.228759
vt 0.574702 1.229197
vt 0.565289 1.260476
vt 0.800593 1.270591
vt 0.797050 1.270630
vt 0.794440 1.255929
vt 0.799335 1.257029
vt 0.788167 1.245536
vt 0.224013 1.283669
vt 0.224331 1.290703
vt 0.220621 1.282947
vt 0.220903 1.289398
vt 0.799658 1.247580
vt 0.018913 1.928399
vt 0.011518 1.929438
vt 0.830866 1.750327
vt 0.565250 1.160880
vt 0.568064 1.160756
vt 0.486222 1.795969
vt 0.969003 1.212945
vt 0.965185 1.212935
vt 0.965198 1.207468
vt 0.968992 1.218411
vt 0.972286 1.218393
vt 0.969019 1.207474
vt 0.972290 1.212924
vt 0.977420 1.346318
vt 0.983503 1.346296
vt 0.983462 1.352378
vt 0.977428 1.340238
vt 0.972300 1.207460
vt 0.983545 1.340216
vt 0.977413 1.352396
vt 0.983430 1.358461
vt 0.972312 1.201998
vt 0.969025 1.202006
vt 0.969028 1.196540
vt 0.965219 1.196540
vt 0.965205 1.202002
vt 0.963411 1.202002
vt 0.963429 1.196540
vt 0.998227 1.052808
vt 0.996572 1.052807
vt 0.996581 1.048187
vt 0.998218 1.057429
vt 0.963475 1.191076
vt 0.996579 1.057427
vt 0.809708 1.937432
vt 0.807982 1.933267
vt 0.829972 1.926575
vt 0.998231 1.062049
vt 0.807094 1.928846
vt 0.847734 1.911980
vt 0.850243 1.915720
vt 0.851967 1.919882
vt 0.823325 1.948583
vt 0.819161 1.946859
vt 0.827747 1.949453
vt 0.815383 1.908809
vt 0.819129 1.906300
vt 0.823294 1.904579
vt 0.836672 1.948565
vt 0.832254 1.949453
vt 0.840836 1.946840
vt 0.815408 1.944362
vt 0.812220 1.941176
vt 0.827713 1.903695
vt 0.832219 1.903698
vt 0.844578 1.944329
vt 0.847765 1.941142
vt 0.852855 1.924299
vt 0.852855 1.928805
vt 0.851985 1.933227
vt 0.844549 1.908793
vt 0.836639 1.904571
vt 0.840800 1.906297
vt 0.807094 1.924337
vt 0.812194 1.911995
vt 0.850261 1.937390
vt 0.807967 1.919913
vt 0.809693 1.915747
vt 0.998229 1.038949
vt 0.996596 1.038947
vt 0.996604 1.034329
vt 0.998227 1.034330
vt 0.998238 1.043568
vt 0.963379 1.212933
vt 0.965175 1.218404
vt 0.963398 1.207466
vt 0.963362 1.218402
vt 0.996575 1.043567
vt 0.998231 1.048188
vt 0.965158 1.223875
vt 0.968984 1.223878
vt 0.972280 1.223868
vt 0.972290 1.229346
vt 0.969009 1.229348
vt 0.977452 1.328072
vt 0.977470 1.321987
vt 0.983596 1.328058
vt 0.983602 1.321979
vt 0.972228 1.234825
vt 0.983577 1.334137
vt 0.989253 1.271429
vt 0.988541 1.271429
vt 0.988509 1.265711
vt 0.977438 1.334156
vt 0.989221 1.265711
vt 0.988547 1.259995
vt 0.989230 1.277148
vt 0.991035 1.277148
vt 0.991035 1.271429
vt 0.992219 1.277149
vt 0.992208 1.271429
vt 0.991050 1.265712
vt 0.992244 1.265712
vt 0.991042 1.259995
vt 0.992216 1.259996
vt 0.991056 1.254280
vt 0.992251 1.254280
vt 0.991048 1.248564
vt 0.992222 1.248564
vt 0.991062 1.242848
vt 0.992257 1.242849
vt 0.989271 1.237132
vt 0.991054 1.237133
vt 0.989234 1.242848
vt 0.989240 1.231417
vt 0.992228 1.237133
vt 0.991068 1.231417
vt 0.988528 1.231417
vt 0.988572 1.225701
vt 0.989277 1.225701
vt 0.977398 1.370626
vt 0.977402 1.364550
vt 0.983398 1.370623
vt 0.988533 1.219985
vt 0.983395 1.376703
vt 0.977393 1.376703
vt 0.983395 1.382783
vt 0.972328 1.180161
vt 0.972394 1.185620
vt 0.969013 1.180159
vt 0.972320 1.191079
vt 0.969058 1.185619
vt 0.965195 1.185616
vt 0.965251 1.180156
vt 0.969005 1.191079
vt 0.963481 1.180155
vt 0.965232 1.174693
vt 0.963442 1.174691
vt 0.998221 1.071290
vt 0.996543 1.071288
vt 0.996570 1.066668
vt 0.998211 1.066669
vt 0.963386 1.185615
vt 0.996550 1.062048
vt 0.965245 1.191077
vt 0.998198 1.075910
vt 0.996564 1.075909
vt 0.963430 1.169229
vt 0.998205 1.080530
vt 0.996539 1.080529
vt 0.965225 1.169230
vt 0.963424 1.163764
vt 0.965224 1.163765
vt 0.963411 1.158298
vt 0.998182 1.085149
vt 0.996562 1.085148
vt 0.965218 1.158297
vt 0.963401 1.152828
vt 0.998191 1.089770
vt 0.996542 1.089766
vt 0.998178 1.094388
vt 0.996560 1.094386
vt 0.963384 1.147357
vt 0.965215 1.152829
vt 0.969037 1.152826
vt 0.965204 1.147358
vt 0.969041 1.158292
vt 0.963338 1.141885
vt 0.965181 1.141886
vt 0.969036 1.147359
vt 0.969067 1.141889
vt 0.965221 1.136415
vt 0.963401 1.136414
vt 0.963429 1.130942
vt 0.998157 1.108245
vt 0.996576 1.108243
vt 0.996573 1.103624
vt 0.998166 1.103626
vt 0.996565 1.099005
vt 0.965241 1.130943
vt 0.998144 1.112863
vt 0.996591 1.112862
vt 0.963451 1.125470
vt 0.965255 1.125472
vt 0.969022 1.130951
vt 0.969037 1.136418
vt 0.972350 1.141895
vt 0.972295 1.136416
vt 0.977429 1.425333
vt 0.983575 1.425349
vt 0.983580 1.431426
vt 0.977443 1.431417
vt 0.983571 1.437502
vt 0.972307 1.130941
vt 0.977459 1.437503
vt 0.983554 1.443582
vt 0.972295 1.125471
vt 0.969017 1.125484
vt 0.969017 1.120013
vt 0.965273 1.120003
vt 0.972287 1.120005
vt 0.969009 1.114544
vt 0.965284 1.114539
vt 0.963514 1.109077
vt 0.965300 1.109077
vt 0.963493 1.114538
vt 0.963561 1.103618
vt 0.965326 1.103618
vt 0.969002 1.109079
vt 0.972283 1.109080
vt 0.968972 1.103617
vt 0.972283 1.114542
vt 0.977508 1.461820
vt 0.977497 1.455739
vt 0.983511 1.461823
vt 0.983507 1.467901
vt 0.972271 1.103619
vt 0.983521 1.455745
vt 0.977487 1.449662
vt 0.989266 1.151398
vt 0.988552 1.151397
vt 0.988595 1.145682
vt 0.989302 1.145682
vt 0.988556 1.139966
vt 0.989269 1.139966
vt 0.991086 1.145683
vt 0.991095 1.151399
vt 0.992259 1.145683
vt 0.992290 1.151399
vt 0.991099 1.139967
vt 0.992293 1.139968
vt 0.991089 1.134252
vt 0.992263 1.134252
vt 0.991102 1.128536
vt 0.992297 1.128537
vt 0.989308 1.122820
vt 0.991093 1.122821
vt 0.989273 1.128535
vt 0.989276 1.117103
vt 0.991107 1.117109
vt 0.992267 1.122822
vt 0.992303 1.117113
vt 0.991101 1.111420
vt 0.992276 1.111492
vt 0.991024 1.288588
vt 0.992209 1.288585
vt 0.992223 1.294208
vt 0.991027 1.294280
vt 0.989227 1.282871
vt 0.991034 1.282870
vt 0.989214 1.288595
vt 0.992218 1.282870
vt 0.989193 1.294397
vt 0.988503 1.288596
vt 0.988515 1.282871
vt 0.977515 1.504366
vt 0.977526 1.498280
vt 0.983561 1.504368
vt 0.983538 1.498287
vt 0.977528 1.492203
vt 0.988478 1.294432
vt 0.983519 1.492210
vt 0.977525 1.486129
vt 0.988561 1.117102
vt 0.988607 1.111267
vt 0.989315 1.111302
vt 0.983508 1.486134
vt 0.977521 1.480054
vt 0.988601 1.122820
vt 0.983505 1.480057
vt 0.977518 1.473976
vt 0.988559 1.128535
vt 0.977514 1.467898
vt 0.983506 1.473979
vt 0.989306 1.134251
vt 0.988599 1.134250
vt 0.972340 1.098147
vt 0.969021 1.098151
vt 0.972279 1.092630
vt 0.968982 1.092661
vt 0.965278 1.098166
vt 0.965329 1.092745
vt 0.963561 1.092764
vt 0.963485 1.087597
vt 0.965292 1.087449
vt 0.963470 1.261789
vt 0.963419 1.256624
vt 0.965234 1.261942
vt 0.965207 1.256646
vt 0.968874 1.262340
vt 0.969051 1.087056
vt 0.968919 1.256731
vt 0.972200 1.262533
vt 0.972285 1.086872
vt 0.965198 1.251219
vt 0.972192 1.256772
vt 0.968936 1.251232
vt 0.963402 1.251214
vt 0.963381 1.245757
vt 0.965185 1.245758
vt 0.968942 1.245754
vt 0.965176 1.240289
vt 0.963364 1.240288
vt 0.963342 1.234816
vt 0.965162 1.234818
vt 0.968951 1.240286
vt 0.968972 1.234819
vt 0.972214 1.245775
vt 0.972234 1.240301
vt 0.977491 1.315896
vt 0.977507 1.309809
vt 0.983592 1.315902
vt 0.983575 1.309819
vt 0.988519 1.277148
vt 0.965128 1.229346
vt 0.963286 1.229345
vt 0.963339 1.223874
vt 0.998229 1.029711
vt 0.996619 1.029710
vt 0.996631 1.025091
vt 0.998229 1.025092
vt 0.996647 1.020473
vt 0.998232 1.020473
vt 0.996657 1.015854
vt 0.998232 1.015855
vt 0.996679 1.011235
vt 0.972201 1.251253
vt 0.998226 1.011236
vt 0.996665 1.006615
vt 0.998241 1.006618
vt 0.996693 1.001953
vt 0.998102 1.149780
vt 0.996567 1.149849
vt 0.996550 1.145188
vt 0.998227 1.002026
vt 0.998117 1.145188
vt 0.996577 1.140569
vt 0.998105 1.140571
vt 0.996559 1.135952
vt 0.963473 1.098169
vt 0.998122 1.135953
vt 0.996585 1.131335
vt 0.992256 1.157115
vt 0.991082 1.157114
vt 0.992286 1.162831
vt 0.991091 1.162830
vt 0.992253 1.168546
vt 0.989299 1.157113
vt 0.991079 1.168546
vt 0.989262 1.162829
vt 0.988551 1.162829
vt 0.988588 1.157113
vt 0.989296 1.168545
vt 0.988584 1.168544
vt 0.989259 1.174261
vt 0.991088 1.174262
vt 0.991076 1.179977
vt 0.992249 1.179978
vt 0.992283 1.174262
vt 0.992280 1.185694
vt 0.991085 1.185693
vt 0.992246 1.191409
vt 0.991073 1.191409
vt 0.992276 1.197125
vt 0.991082 1.197124
vt 0.989256 1.185692
vt 0.989290 1.191408
vt 0.989293 1.179976
vt 0.988582 1.179976
vt 0.988546 1.185692
vt 0.988580 1.191407
vt 0.977410 1.413168
vt 0.977404 1.407088
vt 0.983527 1.413191
vt 0.983557 1.419270
vt 0.977418 1.419250
vt 0.972333 1.147372
vt 0.972332 1.152848
vt 0.972329 1.158316
vt 0.983488 1.407111
vt 0.977401 1.401010
vt 0.983449 1.401028
vt 0.972331 1.163781
vt 0.972336 1.169243
vt 0.969049 1.163763
vt 0.977398 1.394933
vt 0.983421 1.394946
vt 0.969048 1.169232
vt 0.972341 1.174703
vt 0.969044 1.174697
vt 0.977395 1.388856
vt 0.977394 1.382780
vt 0.983403 1.388864
vt 0.989282 1.214270
vt 0.988577 1.214270
vt 0.988537 1.208554
vt 0.989250 1.208555
vt 0.988581 1.202839
vt 0.991065 1.214271
vt 0.989245 1.219986
vt 0.991073 1.219986
vt 0.991078 1.208555
vt 0.992238 1.214271
vt 0.992268 1.219987
vt 0.992272 1.208556
vt 0.991069 1.202840
vt 0.992242 1.202841
vt 0.989286 1.202839
vt 0.989253 1.197124
vt 0.988544 1.197123
vt 0.992233 1.225702
vt 0.991060 1.225702
vt 0.992263 1.231418
vt 0.988548 1.174260
vt 0.977473 1.443583
vt 0.983533 1.449663
vt 0.998114 1.131335
vt 0.996566 1.126717
vt 0.998128 1.122100
vt 0.996590 1.122100
vt 0.996569 1.117481
vt 0.963476 1.120002
vt 0.998134 1.126718
vt 0.998150 1.117482
vt 0.998170 1.099007
vt 0.972325 1.196537
vt 0.983409 1.364542
vt 0.977407 1.358473
vt 0.988524 1.242848
vt 0.988566 1.237132
vt 0.989265 1.248564
vt 0.988555 1.248563
vt 0.989227 1.254279
vt 0.988517 1.254279
vt 0.989259 1.259995
vt 0.991516 1.349910
vt 0.992230 1.349910
vt 0.992190 1.355626
vt 0.991480 1.344195
vt 0.989696 1.344195
vt 0.991484 1.355626
vt 0.989687 1.349911
vt 0.989683 1.338479
vt 0.988489 1.338479
vt 0.988523 1.344195
vt 0.988492 1.349911
vt 0.989700 1.355626
vt 0.988526 1.355626
vt 0.989691 1.361342
vt 0.991520 1.361342
vt 0.991487 1.367057
vt 0.992233 1.361342
vt 0.992193 1.367057
vt 0.983463 1.245063
vt 0.977468 1.245062
vt 0.977468 1.238984
vt 0.983460 1.238984
vt 0.992236 1.372773
vt 0.983469 1.251142
vt 0.973092 1.373155
vt 0.973021 1.378731
vt 0.969774 1.373151
vt 0.969726 1.378726
vt 0.973028 1.384306
vt 0.977466 1.251140
vt 0.969750 1.384303
vt 0.973022 1.389884
vt 0.983480 1.257222
vt 0.977457 1.257218
vt 0.983491 1.263300
vt 0.973019 1.395463
vt 0.969751 1.389884
vt 0.977445 1.263299
vt 0.969753 1.395469
vt 0.965613 1.389876
vt 0.965639 1.384298
vt 0.998050 1.329961
vt 0.996677 1.329959
vt 0.998077 1.325090
vt 0.996668 1.325089
vt 0.998057 1.320220
vt 0.965695 1.378721
vt 0.996684 1.320219
vt 0.998084 1.315350
vt 0.965598 1.373147
vt 0.965708 1.367580
vt 0.996676 1.315348
vt 0.998065 1.310478
vt 0.969740 1.367573
vt 0.965659 1.362042
vt 0.996693 1.310478
vt 0.998094 1.305557
vt 0.996685 1.305632
vt 0.969781 1.361982
vt 0.965604 1.356695
vt 0.997948 1.461527
vt 0.996539 1.461450
vt 0.997929 1.456605
vt 0.973057 1.361962
vt 0.973035 1.367573
vt 0.969831 1.356321
vt 0.983459 1.232906
vt 0.977469 1.232906
vt 0.977461 1.226828
vt 0.991523 1.372773
vt 0.992196 1.378489
vt 0.991489 1.378489
vt 0.992239 1.384204
vt 0.983467 1.226826
vt 0.977454 1.220748
vt 0.983473 1.220747
vt 0.991525 1.384204
vt 0.992198 1.389920
vt 0.989696 1.384205
vt 0.989706 1.378489
vt 0.991491 1.389920
vt 0.989694 1.372773
vt 0.988499 1.372774
vt 0.988532 1.378489
vt 0.988501 1.384205
vt 0.989707 1.389920
vt 0.988534 1.389921
vt 0.989697 1.395636
vt 0.988502 1.395636
vt 0.989708 1.401352
vt 0.988535 1.401352
vt 0.989698 1.407068
vt 0.988503 1.407068
vt 0.989709 1.412784
vt 0.988536 1.412784
vt 0.989699 1.418499
vt 0.988504 1.418500
vt 0.989710 1.424215
vt 0.988536 1.424216
vt 0.989700 1.429931
vt 0.988505 1.429931
vt 0.989711 1.435647
vt 0.988537 1.435647
vt 0.989700 1.441363
vt 0.988506 1.441363
vt 0.989712 1.447082
vt 0.988539 1.447082
vt 0.989709 1.452804
vt 0.988525 1.452804
vt 0.989708 1.458534
vt 0.988523 1.458533
vt 0.989716 1.464265
vt 0.988530 1.464263
vt 0.989722 1.469996
vt 0.988536 1.469994
vt 0.989735 1.475719
vt 0.988546 1.475715
vt 0.989732 1.481411
vt 0.988532 1.481339
vt 0.989676 1.304179
vt 0.988478 1.304183
vt 0.988507 1.298563
vt 0.989685 1.298490
vt 0.989680 1.309892
vt 0.988493 1.309894
vt 0.989684 1.315611
vt 0.988499 1.315611
vt 0.989689 1.321329
vt 0.988516 1.321330
vt 0.989680 1.327047
vt 0.988485 1.327047
vt 0.989692 1.332763
vt 0.988519 1.332763
vt 0.991475 1.332763
vt 0.991512 1.338479
vt 0.992191 1.344195
vt 0.992224 1.338479
vt 0.983506 1.269379
vt 0.983521 1.275459
vt 0.977426 1.269380
vt 0.977410 1.275461
vt 0.983539 1.281545
vt 0.992187 1.332763
vt 0.977402 1.281535
vt 0.983557 1.287632
vt 0.991508 1.327047
vt 0.992220 1.327047
vt 0.977410 1.287611
vt 0.983578 1.293722
vt 0.991472 1.321329
vt 0.992183 1.321329
vt 0.991490 1.315610
vt 0.991490 1.309891
vt 0.992201 1.315611
vt 0.983612 1.299815
vt 0.983669 1.305906
vt 0.977484 1.299762
vt 0.992199 1.309892
vt 0.977436 1.293687
vt 0.973048 1.423425
vt 0.973074 1.429026
vt 0.969745 1.423404
vt 0.969774 1.417815
vt 0.973056 1.417825
vt 0.965429 1.417808
vt 0.969750 1.412227
vt 0.965507 1.412220
vt 0.998067 1.354320
vt 0.996647 1.354318
vt 0.998046 1.349449
vt 0.996664 1.349447
vt 0.998072 1.344577
vt 0.965539 1.406631
vt 0.996655 1.344575
vt 0.969743 1.406641
vt 0.965564 1.401042
vt 0.998048 1.339705
vt 0.969746 1.401058
vt 0.965593 1.395457
vt 0.996670 1.339703
vt 0.998072 1.334832
vt 0.973025 1.406634
vt 0.973020 1.401047
vt 0.996661 1.334831
vt 0.998196 1.273900
vt 0.996615 1.273900
vt 0.996632 1.269282
vt 0.998185 1.269281
vt 0.996612 1.264663
vt 0.620729 1.940743
vt 0.618231 1.936992
vt 0.638517 1.926171
vt 0.623916 1.943929
vt 0.998178 1.278518
vt 0.627686 1.905894
vt 0.631846 1.904167
vt 0.623937 1.908392
vt 0.649332 1.946452
vt 0.645169 1.948177
vt 0.653084 1.943955
vt 0.616506 1.932828
vt 0.615634 1.928407
vt 0.615634 1.923901
vt 0.636241 1.949049
vt 0.631823 1.948162
vt 0.627659 1.946439
vt 0.660507 1.932860
vt 0.658782 1.937025
vt 0.656271 1.940768
vt 0.620753 1.911579
vt 0.640747 1.949048
vt 0.618244 1.915320
vt 0.616521 1.919483
vt 0.658795 1.915341
vt 0.660523 1.919507
vt 0.656295 1.911588
vt 0.636266 1.903293
vt 0.640773 1.903290
vt 0.645192 1.904173
vt 0.649358 1.905895
vt 0.653104 1.908403
vt 0.661395 1.923931
vt 0.661396 1.928440
vt 0.998181 1.176890
vt 0.998182 1.181509
vt 0.996594 1.176891
vt 0.996584 1.181510
vt 0.998187 1.186127
vt 0.996578 1.437116
vt 0.996570 1.432244
vt 0.997989 1.432245
vt 0.996586 1.427373
vt 0.997968 1.427375
vt 0.996576 1.186129
vt 0.969637 1.507167
vt 0.965301 1.507163
vt 0.965364 1.501574
vt 0.969601 1.512755
vt 0.965364 1.512750
vt 0.997960 1.437117
vt 0.969580 1.518341
vt 0.996560 1.441988
vt 0.965381 1.518339
vt 0.997977 1.441988
vt 0.996600 1.172272
vt 0.998175 1.172271
vt 0.996618 1.167653
vt 0.996567 1.446860
vt 0.998165 1.167653
vt 0.996598 1.163035
vt 0.996549 1.451732
vt 0.997945 1.446861
vt 0.969558 1.529531
vt 0.965416 1.529467
vt 0.965394 1.523921
vt 0.997960 1.451733
vt 0.969568 1.523927
vt 0.972825 1.529571
vt 0.972825 1.535376
vt 0.969508 1.535195
vt 0.972842 1.523951
vt 0.977440 1.214668
vt 0.983485 1.214669
vt 0.977419 1.208587
vt 0.983499 1.208589
vt 0.977402 1.202507
vt 0.972861 1.518358
vt 0.983513 1.202509
vt 0.991526 1.395636
vt 0.992240 1.395635
vt 0.992203 1.401351
vt 0.991492 1.401351
vt 0.992239 1.407067
vt 0.991527 1.407067
vt 0.991493 1.412783
vt 0.992204 1.412783
vt 0.983530 1.196424
vt 0.977393 1.196432
vt 0.977399 1.190354
vt 0.992240 1.418499
vt 0.983544 1.190339
vt 0.991528 1.418499
vt 0.992205 1.424214
vt 0.983556 1.184256
vt 0.977418 1.184276
vt 0.991493 1.424215
vt 0.992239 1.429930
vt 0.983566 1.178174
vt 0.977449 1.178197
vt 0.972933 1.490394
vt 0.972923 1.495980
vt 0.969650 1.490414
vt 0.977489 1.172117
vt 0.969633 1.495996
vt 0.972911 1.501572
vt 0.969618 1.501580
vt 0.965391 1.495985
vt 0.965411 1.490399
vt 0.997994 1.422505
vt 0.996576 1.422503
vt 0.997982 1.417636
vt 0.996585 1.417634
vt 0.997986 1.412766
vt 0.965441 1.484816
vt 0.969669 1.484827
vt 0.965509 1.479233
vt 0.996593 1.412765
vt 0.997976 1.407897
vt 0.998205 1.199985
vt 0.996544 1.199986
vt 0.996571 1.195366
vt 0.998203 1.204605
vt 0.996553 1.204605
vt 0.996602 1.407895
vt 0.998204 1.209225
vt 0.996550 1.209226
vt 0.996593 1.403025
vt 0.998003 1.403026
vt 0.969699 1.473662
vt 0.965458 1.473654
vt 0.965448 1.468078
vt 0.969653 1.479244
vt 0.997985 1.398155
vt 0.996611 1.398154
vt 0.998005 1.393284
vt 0.969726 1.468078
vt 0.965452 1.462499
vt 0.969761 1.462496
vt 0.973073 1.468064
vt 0.973012 1.473651
vt 0.983667 1.147738
vt 0.983620 1.153836
vt 0.977647 1.147783
vt 0.977693 1.141688
vt 0.973142 1.462479
vt 0.977604 1.153872
vt 0.991514 1.452804
vt 0.991494 1.447081
vt 0.992222 1.452803
vt 0.992218 1.458534
vt 0.983594 1.159928
vt 0.992203 1.447081
vt 0.977567 1.159955
vt 0.983581 1.166012
vt 0.991529 1.441363
vt 0.992238 1.441362
vt 0.991494 1.435646
vt 0.991528 1.429930
vt 0.992204 1.435646
vt 0.983573 1.172093
vt 0.977532 1.166036
vt 0.972950 1.479233
vt 0.972946 1.484812
vt 0.991515 1.458534
vt 0.991524 1.464267
vt 0.992234 1.464266
vt 0.983723 1.141642
vt 0.977734 1.135587
vt 0.983777 1.135553
vt 0.992233 1.469999
vt 0.977752 1.129485
vt 0.991531 1.469999
vt 0.992252 1.475728
vt 0.983810 1.129479
vt 0.991546 1.475727
vt 0.992278 1.481565
vt 0.977729 1.123391
vt 0.983796 1.123420
vt 0.991568 1.481529
vt 0.991472 1.298372
vt 0.992176 1.298338
vt 0.992218 1.304173
vt 0.983753 1.117356
vt 0.977671 1.117304
vt 0.973182 1.440201
vt 0.973230 1.445770
vt 0.969816 1.440167
vt 0.969783 1.434577
vt 0.973123 1.434619
vt 0.977596 1.111222
vt 0.977557 1.305839
vt 0.969757 1.428991
vt 0.983693 1.111279
vt 0.965477 1.423396
vt 0.965486 1.428984
vt 0.998057 1.364061
vt 0.996638 1.364060
vt 0.998038 1.359190
vt 0.996656 1.359189
vt 0.998200 1.250807
vt 0.996582 1.250806
vt 0.996560 1.246186
vt 0.998197 1.255426
vt 0.996591 1.255425
vt 0.996645 1.368930
vt 0.998208 1.246188
vt 0.996576 1.241568
vt 0.998026 1.368930
vt 0.998194 1.241567
vt 0.996548 1.236948
vt 0.996628 1.373799
vt 0.965486 1.440159
vt 0.965486 1.434572
vt 0.998045 1.373800
vt 0.969831 1.445752
vt 0.996635 1.378670
vt 0.998016 1.378671
vt 0.965477 1.445746
vt 0.973274 1.451333
vt 0.969820 1.451332
vt 0.965466 1.451332
vt 0.969798 1.456913
vt 0.973207 1.456900
vt 0.965458 1.456918
vt 0.998011 1.388412
vt 0.996614 1.388412
vt 0.998033 1.383541
vt 0.996612 1.393283
vt 0.998217 1.218467
vt 0.998201 1.223087
vt 0.996539 1.218467
vt 0.996565 1.223088
vt 0.996562 1.213846
vt 0.998207 1.227708
vt 0.996556 1.227708
vt 0.996616 1.383540
vt 0.998208 1.232328
vt 0.996559 1.232328
vt 0.998212 1.236948
vt 0.991510 1.304172
vt 0.998200 1.213846
vt 0.998185 1.195366
vt 0.996555 1.190748
vt 0.998196 1.190746
vt 0.972916 1.507168
vt 0.972854 1.512764
vt 0.996556 1.456603
vt 0.965466 1.534816
vt 0.998156 1.158417
vt 0.996622 1.158415
vt 0.996600 1.153754
vt 0.998175 1.163034
vt 0.998166 1.153825
vt 0.998191 1.301580
vt 0.996625 1.301651
vt 0.996646 1.296990
vt 0.998174 1.296988
vt 0.996624 1.292371
vt 0.998187 1.292371
vt 0.998197 1.260044
vt 0.998193 1.264663
vt 0.996604 1.260044
vt 0.998189 1.283136
vt 0.998173 1.287753
vt 0.996621 1.283136
vt 0.996641 1.278519
vt 0.996644 1.287754
vt 0.973004 1.412227
vt 0.988530 1.367058
vt 0.989703 1.367058
vt 0.988496 1.361342
vt 0.973054 1.356159
vt 0.028593 1.485386
vt 0.002336 1.475530
vt 0.011686 1.430935
vt 0.412185 1.012897
vt 0.413906 1.036208
vt 0.365943 1.010117
vt 0.437046 1.035232
vt 0.024816 1.502903
vt 0.005484 1.497804
vt 0.435715 1.009459
vt 0.455829 1.034907
vt 0.435507 1.046880
vt 0.418587 1.051355
vt 0.371102 1.052946
vt 0.368202 1.043719
vt 0.420575 1.060778
vt 0.366212 1.060992
vt 0.426519 1.070877
vt 0.440288 1.055799
vt 0.448508 1.067273
vt 0.459045 1.058764
vt 0.458876 1.047031
vt 0.460344 1.065847
vt 0.290760 1.507811
vt 0.291897 1.513112
vt 0.281638 1.512880
vt 0.290122 1.522358
vt 0.281224 1.506227
vt 0.446636 1.177333
vt 0.453124 1.164269
vt 0.459716 1.172341
vt 0.281476 1.522705
vt 0.446895 1.161749
vt 0.440781 1.173581
vt 0.431467 1.194127
vt 0.448493 1.185368
vt 0.446168 1.204654
vt 0.414633 1.177469
vt 0.420388 1.175089
vt 0.416709 1.207322
vt 0.438538 1.210165
vt 0.430015 1.172359
vt 0.435269 1.209014
vt 0.431476 1.208239
vt 0.426781 1.209555
vt 0.421623 1.211136
vt 0.408747 1.172799
vt 0.408051 1.208358
vt 0.416143 1.218381
vt 0.289278 1.420776
vt 0.298132 1.419146
vt 0.296823 1.432167
vt 0.288337 1.434142
vt 0.020007 1.561563
vt 0.027018 1.565108
vt 0.023783 1.575753
vt 0.054582 1.543853
vt 0.046015 1.551538
vt 0.049561 1.536295
vt 0.016520 1.571388
vt 0.425363 1.222831
vt 0.016848 1.559926
vt 0.012573 1.568253
vt 0.430529 1.225789
vt 0.436415 1.226231
vt 0.008438 1.565017
vt 0.013131 1.557559
vt 0.016186 1.548564
vt 0.007318 1.551374
vt 0.011413 1.546380
vt 0.014415 1.539180
vt 0.020201 1.542572
vt 0.020497 1.552253
vt 0.007271 1.534940
vt 0.018794 1.532145
vt 0.007836 1.528864
vt 0.019382 1.521319
vt 0.024986 1.533798
vt 0.027838 1.523590
vt 0.030540 1.536344
vt 0.024869 1.544592
vt 0.029017 1.548311
vt 0.024583 1.555508
vt 0.029872 1.558441
vt 0.034484 1.551724
vt 0.040257 1.554890
vt 0.035303 1.540223
vt 0.040067 1.545428
vt 0.043571 1.531354
vt 0.047249 1.510794
vt 0.040285 1.507993
vt 0.035660 1.526643
vt 0.033273 1.504960
vt 0.035610 1.487565
vt 0.032879 1.438251
vt 0.039785 1.440715
vt 0.042667 1.490230
vt 0.047853 1.443999
vt 0.048390 1.492420
vt 0.054222 1.446248
vt 0.054422 1.512569
vt 0.056175 1.493134
vt 0.055424 1.420630
vt 0.064333 1.449150
vt 0.060165 1.422573
vt 0.057621 1.411902
vt 0.070056 1.424507
vt 0.074061 1.419642
vt 0.064949 1.413894
vt 0.059194 1.405289
vt 0.039218 1.405715
vt 0.036401 1.413323
vt 0.041314 1.399899
vt 0.564278 1.950391
vt 0.545726 1.952269
vt 0.559206 1.925307
vt 0.572306 1.948239
vt 0.066862 1.407389
vt 0.076060 1.409782
vt 0.075165 1.414128
vt 0.577400 1.940078
vt 0.057732 1.369939
vt 0.061918 1.368326
vt 0.062797 1.372380
vt 0.574831 1.936854
vt 0.058970 1.378801
vt 0.058873 1.373053
vt 0.062698 1.378444
vt 0.574133 1.931005
vt 0.053829 1.373947
vt 0.051966 1.372368
vt 0.054007 1.379255
vt 0.053968 1.387561
vt 0.051559 1.379034
vt 0.058874 1.387346
vt 0.059040 1.393541
vt 0.054146 1.391931
vt 0.062569 1.387186
vt 0.062790 1.394777
vt 0.062016 1.399552
vt 0.057605 1.397218
vt 0.577182 1.911911
vt 0.573593 1.915170
vt 0.573712 1.922548
vt 0.327436 1.090012
vt 0.327694 1.086597
vt 0.331962 1.091298
vt 0.577397 1.908383
vt 0.334742 1.087208
vt 0.327913 1.079947
vt 0.572165 1.903294
vt 0.335357 1.081817
vt 0.336589 1.073999
vt 0.565494 1.902756
vt 0.330072 1.074409
vt 0.344834 1.085478
vt 0.329360 1.055523
vt 0.335932 1.053874
vt 0.345530 1.073224
vt 0.336842 1.046737
vt 0.347719 1.046044
vt 0.344603 1.051299
vt 0.328690 1.047125
vt 0.328966 1.039852
vt 0.337441 1.039682
vt 0.531878 1.910742
vt 0.537098 1.904854
vt 0.546064 1.903274
vt 0.333287 1.034100
vt 0.530988 1.914776
vt 0.328735 1.036157
vt 0.339299 1.031423
vt 0.348766 1.039192
vt 0.327602 1.007105
vt 0.331958 1.008697
vt 0.368244 1.030892
vt 0.337641 1.010945
vt 0.019788 1.403433
vt 0.032462 1.408476
vt 0.022644 1.398029
vt 0.033519 1.401522
vt 0.034305 1.396276
vt 0.024916 1.393981
vt 0.537804 1.951331
vt 0.531450 1.944112
vt 0.370295 1.083481
vt 0.364199 1.072903
vt 0.343778 1.089923
vt 0.368167 1.091813
vt 0.340108 1.098816
vt 0.335208 1.097612
vt 0.337193 1.093389
vt 0.421300 1.089947
vt 0.419826 1.100267
vt 0.366319 1.107909
vt 0.362780 1.117916
vt 0.411721 1.117553
vt 0.336479 1.107986
vt 0.080346 1.425131
vt 0.083595 1.453353
vt 0.080179 1.419460
vt 0.331038 1.105964
vt 0.405776 1.131669
vt 0.083892 1.497684
vt 0.435087 1.113106
vt 0.072084 1.516767
vt 0.426232 1.143098
vt 0.436971 1.105207
vt 0.442033 1.157487
vt 0.457498 1.109031
vt 0.454991 1.116861
vt 0.283304 1.466200
vt 0.288792 1.467591
vt 0.290712 1.473353
vt 0.291931 1.477768
vt 0.282023 1.477584
vt 0.458761 1.102542
vt 0.282380 1.472638
vt 0.416377 1.163246
vt 0.412525 1.166791
vt 0.421654 1.160815
vt 0.281962 1.483410
vt 0.290562 1.482609
vt 0.447727 1.089814
vt 0.459651 1.095421
vt 0.439723 1.100326
vt 0.424625 1.082771
vt 0.064820 1.534739
vt 0.051697 1.393982
vt 0.051330 1.388628
vt 0.007061 1.518927
vt 0.276044 1.573335
vt 0.279785 1.559753
vt 0.287237 1.573790
vt 0.289218 1.560219
vt 0.001953 1.517238
vt 0.455403 1.001953
vt 0.280150 1.532615
vt 0.284679 1.531274
vt 0.461972 1.184359
vt 0.455448 1.213388
vt 0.443607 1.222771
vt 0.002851 1.561148
s 1
usemtl Fabric_Mat1
f 1/1/1 2/2/2 3/3/3
f 2/2/2 4/4/4 3/3/3
f 2/2/2 5/5/5 4/4/4
f 5/5/5 6/6/6 4/4/4
f 2/2/2 1/1/1 7/7/7
f 5/5/5 2/2/2 7/7/7
f 1/1/1 8/8/8 7/7/7
f 7/7/7 8/8/8 9/9/9
f 8/8/8 10/10/10 9/9/9
f 9/9/9 10/10/10 11/11/11
f 10/10/10 12/12/12 11/11/11
f 12/12/12 13/13/13 11/11/11
f 13/13/13 14/14/14 11/11/11
f 13/13/13 15/15/15 14/14/14
f 15/15/15 16/16/16 14/14/14
f 16/16/16 15/15/15 17/17/17
f 15/15/15 18/18/18 17/17/17
f 17/17/17 18/18/18 19/19/19
f 18/18/18 20/20/20 19/19/19
f 21/21/21 19/19/19 20/20/20
f 22/22/22 21/21/21 20/20/20
f 22/22/22 23/23/23 21/21/21
f 23/23/23 24/24/24 21/21/21
f 25/25/25 24/24/24 23/23/23
f 26/26/26 25/25/25 23/23/23
f 27/27/27 25/25/25 28/28/28
f 25/25/25 26/26/26 28/28/28
f 29/29/29 27/27/27 30/30/30
f 27/27/27 28/28/28 30/30/30
f 30/30/30 31/31/31 29/29/29
f 31/31/31 32/32/32 29/29/29
f 32/32/32 33/33/33 29/29/29
f 33/33/33 32/32/32 31/31/31
f 33/33/33 34/34/34 29/29/29
f 33/33/33 35/35/35 36/36/36
f 34/34/34 33/33/33 36/36/36
f 35/35/35 37/37/37 36/36/36
f 37/37/37 38/38/38 36/36/36
f 37/37/37 35/35/35 39/39/39
f 39/39/39 33/33/33 31/31/31
f 35/35/35 33/33/33 39/39/39
f 34/34/34 36/36/36 40/40/40
f 36/36/36 38/38/38 41/41/41
f 40/40/40 36/36/36 41/41/41
f 41/41/41 42/42/42 40/40/40
f 42/42/42 43/43/43 40/40/40
f 42/42/42 44/44/44 43/43/43
f 44/44/44 45/45/45 43/43/43
f 44/44/44 46/46/46 45/45/45
f 46/46/46 47/47/47 45/45/45
f 46/46/46 48/48/48 47/47/47
f 48/48/48 49/49/49 47/47/47
f 48/48/48 50/50/50 49/49/49
f 50/50/50 51/51/51 49/49/49
f 52/52/52 53/53/53 54/54/54
f 53/53/53 55/55/55 54/54/54
f 50/50/50 54/54/54 55/55/55
f 51/51/51 50/50/50 55/55/55
f 56/56/56 57/57/57 58/58/58
f 58/58/58 59/59/59 52/52/52
f 57/57/57 59/59/59 58/58/58
f 59/59/59 53/53/53 52/52/52
f 56/56/56 60/60/60 57/57/57
f 60/60/60 61/61/61 57/57/57
f 60/60/60 62/62/62 61/61/61
f 62/62/62 63/63/63 61/61/61
f 57/57/57 61/61/61 63/63/63
f 62/62/62 64/64/64 63/63/63
f 64/64/64 65/65/65 63/63/63
f 66/66/66 65/65/65 67/67/67
f 65/65/65 64/64/64 67/67/67
f 66/66/66 67/67/67 68/68/68
f 69/69/69 66/66/66 68/68/68
f 70/70/70 69/69/69 71/71/71
f 69/69/69 68/68/68 71/71/71
f 70/70/70 71/71/71 72/72/72
f 73/73/73 70/70/70 72/72/72
f 73/73/73 72/72/72 74/74/74
f 75/75/75 73/73/73 74/74/74
f 3/3/3 4/4/4 76/76/76
f 4/4/4 77/77/77 76/76/76
f 77/77/77 4/4/4 6/6/6
f 78/78/78 79/79/79 77/77/77
f 79/79/79 76/76/76 77/77/77
f 80/80/80 79/79/79 78/78/78
f 81/81/81 80/80/80 78/78/78
f 82/82/82 80/80/80 83/83/83
f 80/80/80 81/81/81 83/83/83
f 84/84/84 82/82/82 83/83/83
f 85/85/85 84/84/84 83/83/83
f 84/84/84 85/85/85 86/86/86
f 87/87/87 84/84/84 86/86/86
f 88/88/88 87/87/87 89/89/89
f 87/87/87 86/86/86 89/89/89
f 88/88/88 89/89/89 90/90/90
f 89/89/89 86/86/86 91/91/91
f 89/89/89 91/91/91 90/90/90
f 90/90/90 91/91/91 92/92/92
f 93/93/93 90/90/90 92/92/92
f 92/92/92 94/94/94 93/93/93
f 94/94/94 95/95/95 93/93/93
f 96/96/96 97/97/97 94/94/94
f 97/97/97 95/95/95 94/94/94
f 96/96/96 98/98/98 97/97/97
f 98/98/98 99/99/99 97/97/97
f 100/100/100 101/101/101 98/98/98
f 101/101/101 99/99/99 98/98/98
f 102/102/102 101/101/101 103/103/103
f 101/101/101 100/100/100 103/103/103
f 104/104/104 105/105/105 106/106/106
f 107/107/107 102/102/102 103/103/103
f 106/106/106 107/107/107 103/103/103
f 105/105/105 107/107/107 106/106/106
f 104/104/104 108/108/108 105/105/105
f 108/108/108 109/109/109 105/105/105
f 109/109/109 108/108/108 110/110/110
f 111/111/111 109/109/109 110/110/110
f 110/110/110 112/112/112 111/111/111
f 112/112/112 113/113/113 111/111/111
f 113/113/113 112/112/112 114/114/114
f 115/115/115 113/113/113 114/114/114
f 114/114/114 116/116/116 115/115/115
f 116/116/116 117/117/117 115/115/115
f 118/118/118 117/117/117 119/119/119
f 117/117/117 116/116/116 119/119/119
f 118/118/118 119/119/119 120/120/120
f 121/121/121 118/118/118 120/120/120
f 120/120/120 122/122/122 121/121/121
f 122/122/122 123/123/123 121/121/121
f 122/122/122 124/124/124 123/123/123
f 124/124/124 125/125/125 123/123/123
f 125/125/125 124/124/124 126/126/126
f 124/124/124 127/127/127 126/126/126
f 128/128/128 126/126/126 127/127/127
f 129/129/129 128/128/128 127/127/127
f 128/128/128 129/129/129 130/130/130
f 131/131/131 128/128/128 130/130/130
f 130/130/130 132/132/132 131/131/131
f 132/132/132 133/133/133 131/131/131
f 132/132/132 134/134/134 133/133/133
f 134/134/134 135/135/135 133/133/133
f 74/74/74 136/136/136 75/75/75
f 137/137/137 135/135/135 134/134/134
f 136/136/136 137/137/137 138/138/138
f 136/136/136 138/138/138 75/75/75
f 139/139/139 137/137/137 134/134/134
f 137/137/137 139/139/139 138/138/138
f 140/140/140 63/63/63 65/65/65
f 140/140/140 57/57/57 63/63/63
f 140/140/140 66/66/66 69/69/69
f 66/66/66 140/140/140 65/65/65
f 141/141/141 140/140/140 69/69/69
f 69/69/69 70/70/70 141/141/141
f 141/141/141 142/142/142 140/140/140
f 142/142/142 57/57/57 140/140/140
f 142/142/142 141/141/141 143/143/143
f 70/70/70 73/73/73 143/143/143
f 70/70/70 143/143/143 141/141/141
f 144/144/144 142/142/142 143/143/143
f 142/142/142 145/145/145 57/57/57
f 145/145/145 59/59/59 57/57/57
f 144/144/144 146/146/146 142/142/142
f 146/146/146 145/145/145 142/142/142
f 147/147/147 73/73/73 75/75/75
f 73/73/73 147/147/147 143/143/143
f 144/144/144 143/143/143 147/147/147
f 148/148/148 144/144/144 147/147/147
f 144/144/144 148/148/148 146/146/146
f 148/148/148 149/149/149 146/146/146
f 129/129/129 127/127/127 150/150/150
f 132/132/132 130/130/130 150/150/150
f 134/134/134 132/132/132 150/150/150
f 130/130/130 129/129/129 150/150/150
f 151/151/151 139/139/139 134/134/134
f 150/150/150 127/127/127 151/151/151
f 150/150/150 151/151/151 134/134/134
f 139/139/139 151/151/151 138/138/138
f 151/151/151 152/152/152 138/138/138
f 153/153/153 75/75/75 138/138/138
f 153/153/153 147/147/147 75/75/75
f 152/152/152 153/153/153 138/138/138
f 148/148/148 147/147/147 153/153/153
f 154/154/154 148/148/148 153/153/153
f 148/148/148 154/154/154 149/149/149
f 154/154/154 153/153/153 152/152/152
f 155/155/155 154/154/154 152/152/152
f 127/127/127 156/156/156 151/151/151
f 156/156/156 155/155/155 152/152/152
f 151/151/151 156/156/156 152/152/152
f 156/156/156 157/157/157 155/155/155
f 157/157/157 156/156/156 127/127/127
f 124/124/124 157/157/157 127/127/127
f 157/157/157 158/158/158 155/155/155
f 159/159/159 154/154/154 155/155/155
f 154/154/154 159/159/159 149/149/149
f 158/158/158 159/159/159 155/155/155
f 160/160/160 16/16/16 17/17/17
f 11/11/11 160/160/160 9/9/9
f 160/160/160 11/11/11 14/14/14
f 16/16/16 160/160/160 14/14/14
f 17/17/17 19/19/19 161/161/161
f 19/19/19 21/21/21 161/161/161
f 161/161/161 160/160/160 17/17/17
f 162/162/162 161/161/161 21/21/21
f 160/160/160 161/161/161 162/162/162
f 24/24/24 162/162/162 21/21/21
f 163/163/163 160/160/160 162/162/162
f 160/160/160 163/163/163 9/9/9
f 162/162/162 24/24/24 164/164/164
f 24/24/24 25/25/25 164/164/164
f 164/164/164 25/25/25 27/27/27
f 163/163/163 165/165/165 9/9/9
f 165/165/165 7/7/7 9/9/9
f 165/165/165 163/163/163 162/162/162
f 164/164/164 165/165/165 162/162/162
f 165/165/165 164/164/164 166/166/166
f 166/166/166 164/164/164 27/27/27
f 29/29/29 34/34/34 166/166/166
f 166/166/166 34/34/34 40/40/40
f 166/166/166 40/40/40 43/43/43
f 27/27/27 29/29/29 166/166/166
f 167/167/167 165/165/165 166/166/166
f 167/167/167 166/166/166 43/43/43
f 7/7/7 165/165/165 167/167/167
f 168/168/168 5/5/5 7/7/7
f 168/168/168 45/45/45 47/47/47
f 45/45/45 168/168/168 43/43/43
f 168/168/168 7/7/7 167/167/167
f 168/168/168 167/167/167 43/43/43
f 6/6/6 5/5/5 169/169/169
f 5/5/5 170/170/170 169/169/169
f 168/168/168 171/171/171 5/5/5
f 171/171/171 170/170/170 5/5/5
f 171/171/171 168/168/168 47/47/47
f 171/171/171 47/47/47 49/49/49
f 170/170/170 171/171/171 172/172/172
f 172/172/172 171/171/171 49/49/49
f 169/169/169 170/170/170 173/173/173
f 173/173/173 170/170/170 172/172/172
f 174/174/174 172/172/172 49/49/49
f 51/51/51 174/174/174 49/49/49
f 174/174/174 51/51/51 55/55/55
f 175/175/175 53/53/53 59/59/59
f 175/175/175 145/145/145 146/146/146
f 53/53/53 175/175/175 55/55/55
f 145/145/145 175/175/175 59/59/59
f 175/175/175 176/176/176 55/55/55
f 176/176/176 174/174/174 55/55/55
f 177/177/177 174/174/174 176/176/176
f 177/177/177 173/173/173 172/172/172
f 174/174/174 177/177/177 172/172/172
f 178/178/178 177/177/177 176/176/176
f 176/176/176 175/175/175 178/178/178
f 179/179/179 175/175/175 146/146/146
f 175/175/175 179/179/179 178/178/178
f 180/180/180 179/179/179 146/146/146
f 179/179/179 180/180/180 178/178/178
f 149/149/149 180/180/180 146/146/146
f 180/180/180 181/181/181 178/178/178
f 177/177/177 182/182/182 173/173/173
f 181/181/181 182/182/182 178/178/178
f 182/182/182 177/177/177 178/178/178
f 182/182/182 183/183/183 173/173/173
f 183/183/183 169/169/169 173/173/173
f 159/159/159 184/184/184 149/149/149
f 180/180/180 184/184/184 181/181/181
f 184/184/184 180/180/180 149/149/149
f 184/184/184 185/185/185 181/181/181
f 185/185/185 186/186/186 181/181/181
f 186/186/186 182/182/182 181/181/181
f 182/182/182 186/186/186 183/183/183
f 186/186/186 187/187/187 183/183/183
f 187/187/187 188/188/188 183/183/183
f 188/188/188 169/169/169 183/183/183
f 188/188/188 189/189/189 169/169/169
f 189/189/189 6/6/6 169/169/169
f 189/189/189 77/77/77 6/6/6
f 158/158/158 190/190/190 159/159/159
f 185/185/185 184/184/184 190/190/190
f 190/190/190 184/184/184 159/159/159
f 191/191/191 122/122/122 120/120/120
f 191/191/191 190/190/190 158/158/158
f 191/191/191 157/157/157 124/124/124
f 122/122/122 191/191/191 124/124/124
f 157/157/157 191/191/191 158/158/158
f 192/192/192 185/185/185 190/190/190
f 186/186/186 185/185/185 192/192/192
f 192/192/192 190/190/190 193/193/193
f 193/193/193 120/120/120 119/119/119
f 190/190/190 191/191/191 193/193/193
f 193/193/193 191/191/191 120/120/120
f 194/194/194 186/186/186 192/192/192
f 194/194/194 192/192/192 195/195/195
f 195/195/195 193/193/193 119/119/119
f 192/192/192 193/193/193 195/195/195
f 119/119/119 116/116/116 195/195/195
f 194/194/194 196/196/196 186/186/186
f 196/196/196 187/187/187 186/186/186
f 197/197/197 116/116/116 114/114/114
f 195/195/195 197/197/197 194/194/194
f 197/197/197 196/196/196 194/194/194
f 116/116/116 197/197/197 195/195/195
f 196/196/196 198/198/198 187/187/187
f 198/198/198 188/188/188 187/187/187
f 199/199/199 189/189/189 188/188/188
f 198/198/198 199/199/199 188/188/188
f 77/77/77 200/200/200 78/78/78
f 199/199/199 200/200/200 189/189/189
f 200/200/200 77/77/77 189/189/189
f 81/81/81 78/78/78 201/201/201
f 200/200/200 201/201/201 78/78/78
f 85/85/85 83/83/83 202/202/202
f 202/202/202 81/81/81 201/201/201
f 83/83/83 81/81/81 202/202/202
f 86/86/86 85/85/85 202/202/202
f 91/91/91 203/203/203 92/92/92
f 203/203/203 86/86/86 202/202/202
f 86/86/86 203/203/203 91/91/91
f 204/204/204 203/203/203 202/202/202
f 201/201/201 204/204/204 202/202/202
f 203/203/203 204/204/204 92/92/92
f 94/94/94 92/92/92 204/204/204
f 205/205/205 204/204/204 201/201/201
f 200/200/200 205/205/205 201/201/201
f 205/205/205 94/94/94 204/204/204
f 205/205/205 200/200/200 199/199/199
f 94/94/94 205/205/205 206/206/206
f 206/206/206 205/205/205 199/199/199
f 199/199/199 198/198/198 206/206/206
f 207/207/207 94/94/94 206/206/206
f 96/96/96 94/94/94 207/207/207
f 208/208/208 96/96/96 207/207/207
f 208/208/208 209/209/209 96/96/96
f 209/209/209 98/98/98 96/96/96
f 98/98/98 209/209/209 100/100/100
f 209/209/209 103/103/103 100/100/100
f 106/106/106 103/103/103 209/209/209
f 108/108/108 104/104/104 210/210/210
f 210/210/210 106/106/106 209/209/209
f 104/104/104 106/106/106 210/210/210
f 108/108/108 210/210/210 110/110/110
f 210/210/210 209/209/209 208/208/208
f 211/211/211 210/210/210 208/208/208
f 211/211/211 208/208/208 207/207/207
f 110/110/110 211/211/211 112/112/112
f 210/210/210 211/211/211 110/110/110
f 211/211/211 212/212/212 112/112/112
f 212/212/212 207/207/207 206/206/206
f 212/212/212 211/211/211 207/207/207
f 196/196/196 197/197/197 213/213/213
f 198/198/198 196/196/196 213/213/213
f 114/114/114 112/112/112 213/213/213
f 112/112/112 212/212/212 213/213/213
f 213/213/213 212/212/212 206/206/206
f 213/213/213 197/197/197 114/114/114
f 198/198/198 213/213/213 206/206/206
f 1/1/1 3/3/3 214/214/214
f 3/3/3 215/215/215 214/214/214
f 3/3/3 76/76/76 215/215/215
f 8/8/8 1/1/1 216/216/216
f 1/1/1 214/214/214 216/216/216
f 10/10/10 8/8/8 217/217/217
f 8/8/8 216/216/216 217/217/217
f 13/13/13 12/12/12 218/218/218
f 10/10/10 217/217/217 219/219/219
f 12/12/12 219/219/219 218/218/218
f 12/12/12 10/10/10 219/219/219
f 15/15/15 13/13/13 220/220/220
f 13/13/13 218/218/218 220/220/220
f 20/20/20 18/18/18 221/221/221
f 18/18/18 15/15/15 222/222/222
f 18/18/18 222/222/222 221/221/221
f 15/15/15 220/220/220 222/222/222
f 20/20/20 221/221/221 223/223/223
f 22/22/22 20/20/20 223/223/223
f 22/22/22 223/223/223 224/224/224
f 23/23/23 22/22/22 224/224/224
f 23/23/23 224/224/224 225/225/225
f 26/26/26 23/23/23 225/225/225
f 28/28/28 26/26/26 226/226/226
f 26/26/26 225/225/225 226/226/226
f 28/28/28 226/226/226 227/227/227
f 30/30/30 28/28/28 227/227/227
f 31/31/31 30/30/30 228/228/228
f 30/30/30 227/227/227 228/228/228
f 31/31/31 228/228/228 229/229/229
f 39/39/39 31/31/31 229/229/229
f 38/38/38 37/37/37 230/230/230
f 39/39/39 229/229/229 231/231/231
f 37/37/37 39/39/39 231/231/231
f 37/37/37 231/231/231 230/230/230
f 38/38/38 230/230/230 232/232/232
f 41/41/41 38/38/38 232/232/232
f 41/41/41 232/232/232 233/233/233
f 42/42/42 41/41/41 233/233/233
f 44/44/44 42/42/42 234/234/234
f 42/42/42 233/233/233 234/234/234
f 46/46/46 44/44/44 235/235/235
f 44/44/44 234/234/234 235/235/235
f 46/46/46 235/235/235 236/236/236
f 48/48/48 46/46/46 236/236/236
f 48/48/48 236/236/236 237/237/237
f 50/50/50 48/48/48 237/237/237
f 52/52/52 54/54/54 238/238/238
f 54/54/54 239/239/239 238/238/238
f 54/54/54 50/50/50 239/239/239
f 50/50/50 237/237/237 239/239/239
f 56/56/56 58/58/58 240/240/240
f 52/52/52 238/238/238 241/241/241
f 58/58/58 241/241/241 240/240/240
f 58/58/58 52/52/52 241/241/241
f 56/56/56 240/240/240 242/242/242
f 60/60/60 56/56/56 242/242/242
f 60/60/60 242/242/242 243/243/243
f 62/62/62 60/60/60 243/243/243
f 62/62/62 243/243/243 244/244/244
f 64/64/64 62/62/62 244/244/244
f 67/67/67 64/64/64 245/245/245
f 64/64/64 244/244/244 245/245/245
f 68/68/68 67/67/67 246/246/246
f 67/67/67 245/245/245 246/246/246
f 68/68/68 246/246/246 247/247/247
f 71/71/71 68/68/68 247/247/247
f 71/71/71 247/247/247 248/248/248
f 72/72/72 71/71/71 248/248/248
f 74/74/74 72/72/72 249/249/249
f 72/72/72 248/248/248 249/249/249
f 76/76/76 79/79/79 250/250/250
f 76/76/76 250/250/250 215/215/215
f 79/79/79 251/251/251 250/250/250
f 79/79/79 80/80/80 251/251/251
f 80/80/80 252/252/252 251/251/251
f 80/80/80 82/82/82 252/252/252
f 82/82/82 84/84/84 253/253/253
f 82/82/82 253/253/253 252/252/252
f 84/84/84 254/254/254 253/253/253
f 84/84/84 87/87/87 254/254/254
f 87/87/87 255/255/255 254/254/254
f 87/87/87 88/88/88 255/255/255
f 88/88/88 90/90/90 256/256/256
f 88/88/88 256/256/256 255/255/255
f 90/90/90 257/257/257 256/256/256
f 90/90/90 93/93/93 257/257/257
f 93/93/93 95/95/95 258/258/258
f 93/93/93 258/258/258 257/257/257
f 95/95/95 97/97/97 259/259/259
f 95/95/95 259/259/259 258/258/258
f 97/97/97 99/99/99 260/260/260
f 97/97/97 260/260/260 259/259/259
f 99/99/99 261/261/261 260/260/260
f 99/99/99 101/101/101 261/261/261
f 101/101/101 262/262/262 261/261/261
f 101/101/101 102/102/102 262/262/262
f 102/102/102 263/263/263 262/262/262
f 102/102/102 107/107/107 263/263/263
f 107/107/107 264/264/264 263/263/263
f 107/107/107 105/105/105 264/264/264
f 105/105/105 109/109/109 265/265/265
f 105/105/105 265/265/265 264/264/264
f 109/109/109 266/266/266 265/265/265
f 109/109/109 111/111/111 266/266/266
f 111/111/111 113/113/113 267/267/267
f 111/111/111 267/267/267 266/266/266
f 113/113/113 115/115/115 268/268/268
f 113/113/113 268/268/268 267/267/267
f 115/115/115 117/117/117 269/269/269
f 115/115/115 269/269/269 268/268/268
f 117/117/117 270/270/270 269/269/269
f 117/117/117 118/118/118 270/270/270
f 118/118/118 271/271/271 270/270/270
f 118/118/118 121/121/121 271/271/271
f 121/121/121 123/123/123 272/272/272
f 121/121/121 272/272/272 271/271/271
f 123/123/123 273/273/273 272/272/272
f 123/123/123 125/125/125 273/273/273
f 125/125/125 274/274/274 273/273/273
f 125/125/125 126/126/126 274/274/274
f 126/126/126 128/128/128 275/275/275
f 126/126/126 275/275/275 274/274/274
f 128/128/128 131/131/131 276/276/276
f 128/128/128 276/276/276 275/275/275
f 131/131/131 133/133/133 277/277/277
f 131/131/131 277/277/277 276/276/276
f 133/133/133 278/278/278 277/277/277
f 133/133/133 135/135/135 278/278/278
f 135/135/135 137/137/137 279/279/279
f 135/135/135 279/279/279 278/278/278
f 137/137/137 280/280/280 279/279/279
f 137/137/137 136/136/136 280/280/280
f 136/136/136 74/74/74 281/281/281
f 74/74/74 249/249/249 281/281/281
f 136/136/136 281/281/281 280/280/280
f 2292/282/282 2293/283/283 2297/284/284
f 2292/282/282 2294/285/285 2293/283/283
f 2295/286/286 2294/285/285 2292/282/282
f 2296/287/287 2295/286/286 2292/282/282
f 2296/287/287 2292/282/282 2297/284/284
f 2298/288/288 2296/287/287 2297/284/284
f 2300/289/289 2298/290/288 2297/291/284
f 2299/292/290 2300/289/289 2297/291/284
f 2299/292/290 2297/291/284 2301/293/291
f 2293/283/283 2302/294/292 2297/284/284
f 2297/291/284 2302/295/292 2301/293/291
f 2304/296/293 2303/297/294 2302/295/292
f 2303/297/294 2301/293/291 2302/295/292
f 2293/283/283 2305/298/295 2302/294/292
f 2305/298/295 2304/299/293 2302/294/292
f 2307/300/296 2305/298/295 2293/283/283
f 2306/301/297 2308/302/298 2305/298/295
f 2306/301/297 2305/298/295 2307/300/296
f 2308/302/298 2304/299/293 2305/298/295
f 2311/303/299 2308/302/298 2306/301/297
f 2310/304/300 2308/305/298 2309/306/301
f 2308/305/298 2311/307/299 2309/306/301
f 2304/296/293 2308/305/298 2310/304/300
f 2309/306/301 2311/307/299 2312/308/302
f 2311/307/299 2313/309/303 2312/308/302
f 2313/310/303 2311/303/299 2314/311/304
f 2314/311/304 2311/303/299 2306/301/297
f 2314/311/304 2306/301/297 2315/312/305
f 2316/313/306 2314/311/304 2315/312/305
f 2317/314/307 2314/311/304 2316/313/306
f 2317/314/307 2313/310/303 2314/311/304
f 2318/315/308 2320/316/309 2317/314/307
f 2318/315/308 2317/314/307 2319/317/310
f 2319/317/310 2317/314/307 2316/313/306
f 2320/316/309 2313/310/303 2317/314/307
f 2321/318/311 2320/316/309 2323/319/312
f 2320/320/309 2321/321/311 2322/322/313
f 2313/309/303 2320/320/309 2322/322/313
f 2320/316/309 2318/315/308 2323/319/312
f 2326/323/314 2324/324/315 2323/319/312
f 2323/319/312 2324/324/315 2327/325/316
f 2321/318/311 2323/319/312 2325/326/317
f 2325/326/317 2323/319/312 2327/325/316
f 2318/315/308 2326/323/314 2323/319/312
f 2328/327/318 2327/325/316 2331/328/319
f 2328/327/318 2329/329/320 2327/325/316
f 2329/329/320 2330/330/321 2327/325/316
f 2327/325/316 2330/330/321 2325/326/317
f 2327/325/316 2324/324/315 2331/328/319
f 2331/328/319 2324/324/315 2332/331/322
f 2331/332/319 2332/333/322 2333/334/323
f 2331/332/319 2333/334/323 2328/335/318
f 2334/336/324 2337/337/325 2333/334/323
f 2332/333/322 2334/336/324 2333/334/323
f 2333/334/323 2335/338/326 2328/335/318
f 2333/334/323 2336/339/327 2335/338/326
f 2337/337/325 2336/339/327 2333/334/323
f 2337/337/325 2338/340/328 2336/339/327
f 2337/337/325 2334/336/324 2339/341/329
f 2340/342/330 2338/340/328 2337/337/325
f 2339/341/329 2340/342/330 2337/337/325
f 2338/343/328 2340/344/330 2342/345/331
f 2341/346/332 2340/342/330 2339/341/329
f 2340/344/330 2341/347/332 2343/348/333
f 2342/345/331 2340/344/330 2343/348/333
f 2342/345/331 2343/348/333 2344/349/334
f 2344/349/334 2343/348/333 2345/350/335
f 2343/348/333 2346/351/336 2345/350/335
f 2343/348/333 2341/347/332 2346/351/336
f 2345/350/335 2346/351/336 2347/352/337
f 2346/351/336 2348/353/338 2347/352/337
f 2346/351/336 2349/354/339 2348/353/338
f 2341/347/332 2349/354/339 2346/351/336
f 2352/355/340 2349/356/339 2350/357/341
f 2350/357/341 2349/356/339 2351/358/342
f 2349/356/339 2341/346/332 2351/358/342
f 2349/354/339 2352/359/340 2348/353/338
f 2353/360/343 2355/361/344 2352/355/340
f 2353/360/343 2352/355/340 2350/357/341
f 2352/359/340 2354/362/345 2348/353/338
f 2355/361/344 2354/363/345 2352/355/340
f 2353/360/343 2356/364/346 2355/361/344
f 2356/364/346 2357/365/347 2355/361/344
f 2355/361/344 2357/365/347 2359/366/348
f 2354/363/345 2355/361/344 2358/367/349
f 2355/361/344 2359/366/348 2358/367/349
f 2358/367/349 2359/366/348 2362/368/350
f 2357/365/347 2360/369/351 2359/366/348
f 2360/369/351 2361/370/352 2359/366/348
f 2361/370/352 2362/368/350 2359/366/348
f 2363/371/353 2365/372/354 2362/368/350
f 2362/368/350 2361/370/352 2363/371/353
f 2365/372/354 2364/373/355 2362/368/350
f 2364/373/355 2358/367/349 2362/368/350
f 2364/374/355 2365/375/354 2368/376/356
f 2368/376/356 2365/375/354 2366/377/357
f 2365/375/354 2367/378/358 2366/377/357
f 2367/379/358 2365/372/354 2363/371/353
f 2371/380/359 2364/374/355 2368/376/356
f 2368/376/356 2366/377/357 2370/381/360
f 2371/380/359 2368/376/356 2369/382/361
f 2369/382/361 2368/376/356 2370/381/360
f 2371/380/359 2372/383/362 2358/384/349
f 2364/374/355 2371/380/359 2358/384/349
f 2371/380/359 2373/385/363 2372/383/362
f 2373/385/363 2371/380/359 2369/382/361
f 2373/385/363 2375/386/364 2372/383/362
f 2373/385/363 2376/387/365 2374/388/366
f 2375/386/364 2373/385/363 2374/388/366
f 2377/389/367 2376/387/365 2373/385/363
f 2369/382/361 2377/389/367 2373/385/363
f 2376/390/365 2377/391/367 2378/392/368
f 2378/392/368 2377/391/367 2379/393/369
f 2377/391/367 2380/394/370 2379/393/369
f 2380/395/370 2377/389/367 2369/382/361
f 2370/381/360 2381/396/371 2380/395/370
f 2381/396/371 2382/397/372 2380/395/370
f 2379/393/369 2380/394/370 2382/398/372
f 2370/381/360 2380/395/370 2369/382/361
f 2384/399/373 2383/400/374 2382/398/372
f 2383/400/374 2379/393/369 2382/398/372
f 2386/401/375 2384/399/373 2382/398/372
f 2382/397/372 2381/396/371 2385/402/376
f 2386/403/375 2382/397/372 2385/402/376
f 2386/401/375 2387/404/377 2384/399/373
f 2386/403/375 2385/402/376 2388/405/378
f 2387/406/377 2386/403/375 2388/405/378
f 2389/407/379 2391/408/380 2388/405/378
f 2390/409/381 2389/407/379 2388/405/378
f 2388/405/378 2385/402/376 2390/409/381
f 2388/405/378 2391/408/380 2392/410/382
f 2387/406/377 2388/405/378 2392/410/382
f 2398/411/383 2393/412/384 2392/410/382
f 2393/413/384 2394/414/385 2392/415/382
f 2394/414/385 2395/416/386 2392/415/382
f 2395/417/386 2396/418/387 2392/419/382
f 2396/418/387 2387/404/377 2392/419/382
f 2399/420/388 2392/410/382 2397/421/389
f 2392/410/382 2391/408/380 2397/421/389
f 2399/420/388 2398/411/383 2392/410/382
f 2399/420/388 2397/421/389 2401/422/390
f 2398/411/383 2399/420/388 2400/423/391
f 2400/423/391 2399/420/388 2401/422/390
f 2401/422/390 2397/421/389 2402/424/392
f 2402/424/392 2403/425/393 2401/422/390
f 2403/425/393 2404/426/394 2401/422/390
f 2401/422/390 2404/426/394 2405/427/395
f 2400/423/391 2401/422/390 2405/427/395
f 2405/427/395 2404/426/394 2408/428/396
f 2405/427/395 2406/429/397 2400/423/391
f 2406/429/397 2405/427/395 2407/430/398
f 2407/430/398 2405/427/395 2408/428/396
f 2404/426/394 2403/425/393 2408/428/396
f 2409/431/399 2408/428/396 2411/432/400
f 2408/428/396 2409/431/399 2410/433/401
f 2407/430/398 2408/428/396 2410/433/401
f 2403/425/393 2411/432/400 2408/428/396
f 2414/434/402 2409/431/399 2411/432/400
f 2411/432/400 2413/435/403 2412/436/404
f 2414/434/402 2411/432/400 2412/436/404
f 2413/435/403 2411/432/400 2403/425/393
f 2409/431/399 2414/434/402 2415/437/405
f 2415/437/405 2414/434/402 2412/436/404
f 2416/438/406 2415/437/405 2412/436/404
f 2415/437/405 2416/438/406 2419/439/407
f 2417/440/408 2409/431/399 2415/437/405
f 2415/437/405 2418/441/409 2417/440/408
f 2418/441/409 2415/437/405 2419/439/407
f 2418/441/409 2419/439/407 2420/442/410
f 2419/439/407 2421/443/411 2420/442/410
f 2421/444/411 2419/445/407 2422/446/412
f 2422/446/412 2419/445/407 2423/447/413
f 2419/445/407 2416/448/406 2423/447/413
f 2424/449/414 2426/450/415 2423/447/413
f 2425/451/416 2424/449/414 2423/447/413
f 2427/452/417 2425/451/416 2423/447/413
f 2426/450/415 2422/446/412 2423/447/413
f 2427/452/417 2423/447/413 2412/453/404
f 2423/447/413 2416/448/406 2412/453/404
f 2428/454/418 2427/452/417 2412/453/404
f 2425/451/416 2427/452/417 2428/454/418
f 2413/455/403 2428/454/418 2412/453/404
f 2413/455/403 2429/456/419 2428/454/418
f 2429/456/419 2430/457/420 2428/454/418
f 2428/454/418 2430/457/420 2431/458/421
f 2431/458/421 2425/451/416 2428/454/418
f 2430/457/420 2432/459/422 2431/458/421
f 2432/459/422 2433/460/423 2431/458/421
f 2433/460/423 2435/461/424 2431/458/421
f 2431/458/421 2435/461/424 2434/462/425
f 2425/451/416 2431/458/421 2434/462/425
f 2435/463/424 2436/464/426 2434/465/425
f 2435/463/424 2433/466/423 2436/464/426
f 2433/466/423 2437/467/427 2436/464/426
f 2436/464/426 2437/467/427 2438/468/428
f 2436/464/426 2440/469/429 2434/465/425
f 2439/470/430 2436/464/426 2438/468/428
f 2436/464/426 2439/470/430 2440/469/429
f 2434/465/425 2440/469/429 2444/471/431
f 2440/469/429 2443/472/432 2441/473/433
f 2442/474/434 2440/469/429 2441/473/433
f 2440/469/429 2442/474/434 2444/471/431
f 2439/470/430 2443/472/432 2440/469/429
f 2444/475/431 2424/449/414 2434/462/425
f 2444/475/431 2446/476/435 2424/449/414
f 2444/471/431 2442/474/434 2445/477/436
f 2446/478/435 2444/471/431 2445/477/436
f 2446/476/435 2426/450/415 2424/449/414
f 2426/450/415 2446/476/435 2447/479/437
f 2447/480/437 2446/478/435 2445/477/436
f 2448/481/438 2426/450/415 2447/479/437
f 2448/481/438 2447/479/437 2450/482/439
f 2450/483/439 2447/480/437 2449/484/440
f 2449/484/440 2447/480/437 2445/477/436
f 2453/485/441 2448/481/438 2450/482/439
f 2452/486/442 2450/483/439 2451/487/443
f 2451/487/443 2450/483/439 2449/484/440
f 2453/485/441 2450/482/439 2452/488/442
f 2448/481/438 2453/485/441 2454/489/444
f 2454/489/444 2453/485/441 2455/490/445
f 2453/485/441 2456/491/446 2455/490/445
f 2456/491/446 2453/485/441 2452/488/442
f 2455/490/445 2456/491/446 2458/492/447
f 2456/491/446 2452/488/442 2457/493/448
f 2459/494/449 2456/491/446 2457/493/448
f 2456/491/446 2459/494/449 2458/492/447
f 2459/494/449 2457/493/448 2460/495/450
f 2459/494/449 2460/495/450 2458/492/447
f 2457/493/448 2461/496/451 2460/495/450
f 2460/495/450 2461/496/451 2462/497/452
f 2460/495/450 2463/498/453 2458/492/447
f 2460/495/450 2462/497/452 2463/498/453
f 2458/492/447 2463/498/453 2464/499/454
f 2464/499/454 2463/498/453 2465/500/455
f 2463/498/453 2466/501/456 2465/500/455
f 2462/497/452 2466/501/456 2463/498/453
f 2466/501/456 2467/502/457 2465/500/455
f 2467/502/457 2466/501/456 2468/503/458
f 2466/501/456 2462/497/452 2468/503/458
f 2468/503/458 2469/504/459 2472/505/460
f 2469/504/459 2468/503/458 2462/497/452
f 2468/503/458 2471/506/461 2470/507/462
f 2467/502/457 2468/503/458 2470/507/462
f 2471/506/461 2468/503/458 2472/505/460
f 2472/508/460 2469/509/459 2473/510/463
f 2475/511/464 2472/508/460 2473/510/463
f 2471/506/461 2472/505/460 2474/512/465
f 2474/513/465 2472/508/460 2475/511/464
f 2473/510/463 2476/514/466 2475/511/464
f 2476/514/466 2478/515/467 2475/511/464
f 2477/516/468 2474/513/465 2475/511/464
f 2475/511/464 2478/515/467 2477/516/468
f 2478/515/467 2479/517/469 2477/516/468
f 2478/515/467 2480/518/470 2479/517/469
f 2481/519/471 2480/518/470 2478/515/467
f 2476/514/466 2481/519/471 2478/515/467
f 2481/520/471 2483/521/472 2482/522/473
f 2485/523/474 2481/520/471 2482/522/473
f 2484/524/475 2483/525/472 2481/519/471
f 2476/514/466 2484/524/475 2481/519/471
f 2480/526/470 2481/520/471 2485/523/474
f 2487/527/476 2480/526/470 2485/523/474
f 2485/523/474 2486/528/477 2487/527/476
f 2485/523/474 2482/522/473 2486/528/477
f 2488/529/478 2490/530/479 2487/527/476
f 2487/527/476 2489/531/480 2488/529/478
f 2486/528/477 2489/531/480 2487/527/476
f 2490/530/479 2480/526/470 2487/527/476
f 2480/518/470 2490/532/479 2479/517/469
f 2479/517/469 2490/532/479 2491/533/481
f 2490/532/479 2492/534/482 2491/533/481
f 2492/535/482 2490/530/479 2488/529/478
f 2491/533/481 2492/534/482 2493/536/483
f 2492/534/482 2494/537/484 2493/536/483
f 2495/538/485 2494/539/484 2492/535/482
f 2496/540/486 2495/538/485 2492/535/482
f 2496/540/486 2492/535/482 2488/529/478
f 2488/529/478 2497/541/487 2496/540/486
f 2497/541/487 2499/542/488 2496/540/486
f 2496/540/486 2499/542/488 2498/543/489
f 2495/538/485 2496/540/486 2498/543/489
f 2497/541/487 2500/544/490 2499/542/488
f 2500/544/490 2501/545/491 2499/542/488
f 2499/542/488 2501/545/491 2502/546/492
f 2498/543/489 2499/542/488 2502/546/492
f 2503/547/493 2504/548/494 2502/546/492
f 2503/549/493 2502/550/492 2507/551/495
f 2504/548/494 2498/543/489 2502/546/492
f 2502/550/492 2501/552/491 2505/553/496
f 2506/554/497 2502/550/492 2505/553/496
f 2502/550/492 2506/554/497 2507/551/495
f 2506/554/497 2508/555/498 2507/551/495
f 2508/555/498 2509/556/499 2507/551/495
f 2510/557/500 2507/551/495 2509/556/499
f 2507/551/495 2510/557/500 2511/558/501
f 2503/549/493 2507/551/495 2511/558/501
f 2510/557/500 2512/559/502 2511/558/501
f 2512/559/502 2513/560/503 2511/558/501
f 2513/560/503 2514/561/504 2511/558/501
f 2514/561/504 2515/562/505 2511/558/501
f 2504/548/494 2503/547/493 2511/563/501
f 2515/564/505 2517/565/506 2511/566/501
f 2516/567/507 2504/548/494 2511/563/501
f 2517/565/506 2516/568/507 2511/566/501
f 2521/569/508 2516/568/507 2517/565/506
f 2518/570/509 2521/569/508 2517/565/506
f 2518/570/509 2517/565/506 2519/571/510
f 2520/572/511 2519/571/510 2517/565/506
f 2515/564/505 2520/572/511 2517/565/506
f 2524/573/512 2522/574/513 2521/575/508
f 2522/574/513 2504/548/494 2521/575/508
f 2504/548/494 2516/567/507 2521/575/508
f 2523/576/514 2524/573/512 2521/575/508
f 2523/577/514 2521/569/508 2525/578/515
f 2521/569/508 2518/570/509 2525/578/515
f 2526/579/516 2525/578/515 2518/570/509
f 2526/580/516 2528/581/517 2525/582/515
f 2523/583/514 2525/582/515 2527/584/518
f 2525/582/515 2529/585/519 2527/584/518
f 2528/581/517 2529/585/519 2525/582/515
f 2530/586/520 2531/587/521 2529/585/519
f 2528/581/517 2530/586/520 2529/585/519
f 2529/585/519 2531/587/521 2527/584/518
f 2531/587/521 2532/588/521 2534/589/522
f 2532/588/521 2531/587/521 2530/586/520
f 2531/587/521 2533/590/523 2527/584/518
f 2533/590/523 2531/587/521 2534/589/522
f 2532/588/521 2536/591/524 2534/589/522
f 2533/590/523 2534/589/522 2537/592/525
f 2534/589/522 2535/593/526 2537/592/525
f 2536/591/524 2535/593/526 2534/589/522
f 2537/592/525 2538/594/527 2541/595/528
f 2537/592/525 2539/596/529 2538/594/527
f 2535/593/526 2539/596/529 2537/592/525
f 2540/597/530 2533/590/523 2537/592/525
f 2540/597/530 2537/592/525 2541/595/528
f 2542/598/531 2544/599/532 2541/595/528
f 2542/598/531 2541/595/528 2543/600/533
f 2541/595/528 2538/594/527 2543/600/533
f 2544/599/532 2545/601/534 2541/595/528
f 2541/595/528 2545/601/534 2540/597/530
f 2546/602/535 2547/603/536 2545/601/534
f 2546/602/535 2545/601/534 2544/599/532
f 2547/603/536 2548/604/537 2545/601/534
f 2545/601/534 2548/604/537 2540/597/530
f 2527/584/518 2548/604/537 2547/603/536
f 2527/584/518 2533/590/523 2548/604/537
f 2533/590/523 2540/597/530 2548/604/537
f 2547/603/536 2546/602/535 2549/605/538
f 2523/583/514 2527/584/518 2547/603/536
f 2523/583/514 2547/603/536 2524/606/512
f 2550/607/539 2547/603/536 2549/605/538
f 2547/603/536 2550/607/539 2524/606/512
f 2549/605/538 2551/608/540 2550/607/539
f 2551/608/540 2493/536/483 2550/607/539
f 2550/607/539 2493/536/483 2494/537/484
f 2524/606/512 2550/607/539 2494/537/484
f 2551/608/540 2552/609/541 2493/536/483
f 2552/609/541 2551/608/540 2553/610/542
f 2551/608/540 2555/611/543 2553/610/542
f 2551/608/540 2549/605/538 2554/612/544
f 2555/611/543 2551/608/540 2554/612/544
f 2555/613/543 2554/614/544 2556/615/545
f 2556/615/545 2557/616/546 2555/613/543
f 2557/616/546 2553/617/542 2555/613/543
f 2559/618/547 2557/616/546 2558/619/548
f 2557/616/546 2556/615/545 2558/619/548
f 2557/616/546 2559/618/547 2553/617/542
f 2560/620/549 2559/618/547 2558/619/548
f 2559/618/547 2474/512/465 2553/617/542
f 2559/618/547 2471/506/461 2474/512/465
f 2471/506/461 2559/618/547 2560/620/549
f 2560/620/549 2561/621/550 2470/507/462
f 2470/507/462 2471/506/461 2560/620/549
f 2558/619/548 2562/622/551 2560/620/549
f 2562/622/551 2561/621/550 2560/620/549
f 2563/623/552 2562/622/551 2558/619/548
f 2564/624/553 2562/625/551 2563/626/552
f 2561/627/550 2562/625/551 2564/624/553
f 2565/628/554 2564/624/553 2505/553/496
f 2505/553/496 2564/624/553 2506/554/497
f 2564/624/553 2508/555/498 2506/554/497
f 2508/555/498 2564/624/553 2563/626/552
f 2565/628/554 2561/627/550 2564/624/553
f 2566/629/555 2565/628/554 2505/553/496
f 2567/630/556 2565/628/554 2566/629/555
f 2568/631/557 2561/627/550 2565/628/554
f 2567/630/556 2568/631/557 2565/628/554
f 2569/632/558 2568/631/557 2567/630/556
f 2470/507/462 2568/633/557 2467/502/457
f 2568/633/557 2569/634/558 2467/502/457
f 2561/621/550 2568/633/557 2470/507/462
f 2569/632/558 2570/635/559 2465/636/455
f 2467/502/457 2569/634/558 2465/500/455
f 2570/635/559 2569/632/558 2567/630/556
f 2570/635/559 2572/637/560 2571/638/561
f 2570/635/559 2571/638/561 2465/636/455
f 2572/637/560 2570/635/559 2573/639/562
f 2570/635/559 2567/630/556 2573/639/562
f 2573/639/562 2567/630/556 2566/629/555
f 2566/629/555 2500/640/490 2573/639/562
f 2573/639/562 2574/641/563 2572/637/560
f 2500/640/490 2574/641/563 2573/639/562
f 2574/641/563 2575/642/564 2572/637/560
f 2575/643/564 2574/644/563 2489/531/480
f 2489/531/480 2574/644/563 2497/541/487
f 2574/644/563 2500/544/490 2497/541/487
f 2575/642/564 2576/645/565 2572/637/560
f 2577/646/566 2576/647/565 2575/643/564
f 2486/528/477 2575/643/564 2489/531/480
f 2486/528/477 2577/646/566 2575/643/564
f 2577/646/566 2578/648/567 2576/647/565
f 2482/522/473 2577/646/566 2486/528/477
f 2578/648/567 2577/646/566 2579/649/568
f 2577/646/566 2482/522/473 2579/649/568
f 2580/650/569 2579/649/568 2482/522/473
f 2580/650/569 2581/651/570 2579/649/568
f 2581/651/570 2582/652/571 2579/649/568
f 2579/649/568 2582/652/571 2578/648/567
f 2585/653/572 2583/654/573 2582/652/571
f 2583/654/573 2584/655/574 2582/652/571
f 2582/652/571 2584/655/574 2578/648/567
f 2582/652/571 2581/651/570 2585/653/572
f 2587/656/575 2586/657/576 2585/653/572
f 2586/657/576 2583/654/573 2585/653/572
f 2585/653/572 2588/658/577 2587/656/575
f 2581/651/570 2588/658/577 2585/653/572
f 2588/658/577 2589/659/578 2587/656/575
f 2589/660/578 2588/661/577 2591/662/579
f 2588/661/577 2581/663/570 2590/664/580
f 2591/662/579 2588/661/577 2590/664/580
f 2593/665/581 2591/662/579 2592/666/582
f 2591/662/579 2590/664/580 2592/666/582
f 2594/667/583 2591/662/579 2593/665/581
f 2594/667/583 2589/660/578 2591/662/579
f 2596/668/584 2589/660/578 2594/667/583
f 2595/669/585 2594/667/583 2451/487/443
f 2451/487/443 2594/667/583 2593/665/581
f 2595/669/585 2596/668/584 2594/667/583
f 2599/670/586 2596/671/584 2597/672/587
f 2596/671/584 2598/673/588 2597/672/587
f 2598/674/588 2596/668/584 2595/669/585
f 2589/659/578 2596/671/584 2599/670/586
f 2597/672/587 2600/675/589 2599/670/586
f 2600/675/589 2601/676/590 2599/670/586
f 2599/670/586 2601/676/590 2587/656/575
f 2587/656/575 2589/659/578 2599/670/586
f 2602/677/591 2603/678/592 2601/676/590
f 2600/675/589 2602/677/591 2601/676/590
f 2601/676/590 2603/678/592 2586/657/576
f 2601/676/590 2586/657/576 2587/656/575
f 2603/679/592 2602/680/591 2604/681/593
f 2605/682/594 2603/679/592 2604/681/593
f 2606/683/595 2603/679/592 2605/682/594
f 2603/678/592 2606/684/595 2586/657/576
f 2586/657/576 2606/684/595 2583/654/573
f 2607/685/596 2606/683/595 2605/682/594
f 2608/686/597 2606/683/595 2607/685/596
f 2606/684/595 2608/687/597 2583/654/573
f 2583/654/573 2608/687/597 2584/655/574
f 2608/687/597 2609/688/598 2584/655/574
f 2609/689/598 2608/686/597 2610/690/599
f 2610/690/599 2608/686/597 2607/685/596
f 2610/690/599 2613/691/600 2611/692/601
f 2611/692/601 2609/689/598 2610/690/599
f 2607/685/596 2612/693/602 2610/690/599
f 2612/693/602 2613/691/600 2610/690/599
f 2613/691/600 2615/694/603 2614/695/604
f 2613/691/600 2614/695/604 2611/692/601
f 2612/693/602 2616/696/605 2613/691/600
f 2616/696/605 2615/694/603 2613/691/600
f 2616/697/605 2421/444/411 2617/698/606
f 2454/489/444 2616/697/605 2617/698/606
f 2615/699/603 2616/697/605 2454/489/444
f 2421/443/411 2616/696/605 2612/693/602
f 2426/450/415 2448/481/438 2617/698/606
f 2422/446/412 2426/450/415 2617/698/606
f 2617/698/606 2448/481/438 2454/489/444
f 2617/698/606 2421/444/411 2422/446/412
f 2615/694/603 2618/700/607 2614/695/604
f 2455/490/445 2615/699/603 2454/489/444
f 2618/701/607 2615/699/603 2455/490/445
f 2614/695/604 2618/700/607 2464/702/454
f 2618/701/607 2458/492/447 2464/499/454
f 2458/492/447 2618/701/607 2455/490/445
f 2614/695/604 2619/703/608 2611/692/601
f 2619/703/608 2614/695/604 2464/702/454
f 2619/703/608 2571/638/561 2621/704/609
f 2571/638/561 2619/703/608 2464/702/454
f 2619/703/608 2620/705/610 2611/692/601
f 2620/705/610 2619/703/608 2621/704/609
f 2576/645/565 2621/704/609 2572/637/560
f 2572/637/560 2621/704/609 2571/638/561
f 2621/704/609 2576/645/565 2622/706/611
f 2620/705/610 2621/704/609 2622/706/611
f 2620/705/610 2622/706/611 2609/689/598
f 2578/648/567 2622/707/611 2576/647/565
f 2609/688/598 2622/707/611 2578/648/567
f 2611/692/601 2620/705/610 2609/689/598
f 2420/442/410 2612/693/602 2607/685/596
f 2420/442/410 2421/443/411 2612/693/602
f 2584/655/574 2609/688/598 2578/648/567
f 2605/682/594 2420/442/410 2607/685/596
f 2418/441/409 2420/442/410 2605/682/594
f 2604/681/593 2418/441/409 2605/682/594
f 2418/441/409 2604/681/593 2417/440/408
f 2623/708/612 2417/440/408 2604/681/593
f 2602/680/591 2623/708/612 2604/681/593
f 2623/708/612 2410/433/401 2417/440/408
f 2410/709/401 2623/710/612 2625/711/613
f 2624/712/614 2623/710/612 2602/677/591
f 2623/710/612 2624/712/614 2625/711/613
f 2625/713/613 2626/714/615 2629/715/616
f 2626/716/615 2625/711/613 2628/717/617
f 2410/718/401 2625/713/613 2627/719/618
f 2625/713/613 2629/715/616 2627/719/618
f 2625/711/613 2624/712/614 2628/717/617
f 2630/720/619 2631/721/620 2629/715/616
f 2629/715/616 2632/722/621 2630/720/619
f 2631/721/620 2627/719/618 2629/715/616
f 2626/714/615 2632/722/621 2629/715/616
f 2632/722/621 2633/723/622 2636/724/623
f 2633/723/622 2632/722/621 2634/725/624
f 2632/722/621 2626/714/615 2634/725/624
f 2632/722/621 2635/726/625 2630/720/619
f 2635/726/625 2632/722/621 2636/724/623
f 2636/727/623 2637/728/626 2526/580/516
f 2637/728/626 2636/727/623 2633/729/622
f 2526/579/516 2638/730/627 2636/724/623
f 2638/730/627 2635/726/625 2636/724/623
f 2638/730/627 2519/571/510 2635/726/625
f 2638/730/627 2518/570/509 2519/571/510
f 2638/730/627 2526/579/516 2518/570/509
f 2639/731/628 2637/728/626 2640/732/629
f 2637/728/626 2639/731/628 2530/586/520
f 2637/728/626 2641/733/630 2640/732/629
f 2641/733/630 2637/728/626 2633/729/622
f 2637/728/626 2528/581/517 2526/580/516
f 2528/581/517 2637/728/626 2530/586/520
f 2641/733/630 2633/729/622 2634/734/624
f 2643/735/631 2640/732/629 2641/733/630
f 2642/736/632 2641/733/630 2634/734/624
f 2642/736/632 2643/735/631 2641/733/630
f 2643/735/631 2642/736/632 2439/470/430
f 2644/737/633 2640/732/629 2643/735/631
f 2645/738/634 2644/737/633 2643/735/631
f 2438/468/428 2643/735/631 2439/470/430
f 2643/735/631 2438/468/428 2645/738/634
f 2645/738/634 2649/739/635 2646/740/636
f 2644/737/633 2645/738/634 2646/740/636
f 2438/468/428 2648/741/637 2645/738/634
f 2645/738/634 2648/741/637 2647/742/638
f 2649/739/635 2645/738/634 2647/742/638
f 2646/740/636 2649/739/635 2651/743/639
f 2649/739/635 2647/742/638 2650/744/640
f 2651/743/639 2649/739/635 2650/744/640
f 2657/745/641 2652/746/642 2651/747/639
f 2652/746/642 2653/748/643 2651/747/639
f 2653/749/643 2654/750/644 2651/751/639
f 2654/750/644 2655/752/645 2651/751/639
f 2655/753/645 2646/740/636 2651/743/639
f 2650/744/640 2656/754/646 2651/743/639
f 2656/754/646 2657/755/641 2651/743/639
f 2652/746/642 2657/745/641 2659/756/647
f 2659/757/647 2657/755/641 2658/758/648
f 2657/755/641 2656/754/646 2658/758/648
f 2660/759/649 2652/746/642 2659/756/647
f 2659/757/647 2658/758/648 2661/760/650
f 2659/756/647 2661/761/650 2660/759/649
f 2658/758/648 2662/762/651 2661/760/650
f 2662/762/651 2663/763/652 2661/760/650
f 2663/763/652 2665/764/653 2661/760/650
f 2664/765/654 2661/761/650 2665/766/653
f 2661/761/650 2664/765/654 2660/759/649
f 2668/767/655 2665/764/653 2663/763/652
f 2666/768/656 2664/765/654 2665/766/653
f 2666/768/656 2665/766/653 2667/769/657
f 2665/766/653 2668/770/655 2667/769/657
f 2667/769/657 2668/770/655 2300/289/289
f 2669/771/658 2668/767/655 2663/763/652
f 2668/770/655 2298/290/288 2300/289/289
f 2298/288/288 2668/767/655 2669/771/658
f 2296/287/287 2669/771/658 2670/772/659
f 2670/772/659 2669/771/658 2671/773/660
f 2669/771/658 2663/763/652 2671/773/660
f 2296/287/287 2298/288/288 2669/771/658
f 2671/773/660 2674/774/661 2670/772/659
f 2671/773/660 2663/763/652 2662/762/651
f 2672/775/662 2673/776/663 2671/773/660
f 2672/775/662 2671/773/660 2662/762/651
f 2673/776/663 2674/774/661 2671/773/660
f 2675/777/664 2674/778/661 2677/779/665
f 2674/774/661 2675/780/664 2670/772/659
f 2674/778/661 2673/781/663 2676/782/666
f 2677/779/665 2674/778/661 2676/782/666
f 2678/783/667 2675/777/664 2677/779/665
f 2678/783/667 2677/779/665 2679/784/668
f 2679/784/668 2677/779/665 2676/782/666
f 2679/784/668 2367/379/358 2363/371/353
f 2363/371/353 2678/783/667 2679/784/668
f 2367/379/358 2679/784/668 2680/785/669
f 2680/785/669 2679/784/668 2676/782/666
f 2676/782/666 2681/786/670 2680/785/669
f 2681/786/670 2683/787/671 2680/785/669
f 2682/788/672 2367/379/358 2680/785/669
f 2682/788/672 2680/785/669 2683/787/671
f 2685/789/673 2683/787/671 2684/790/674
f 2683/787/671 2681/786/670 2684/790/674
f 2685/789/673 2682/788/672 2683/787/671
f 2686/791/675 2685/789/673 2684/790/674
f 2685/792/673 2686/793/675 2687/794/676
f 2687/794/676 2688/795/677 2685/792/673
f 2688/795/677 2682/796/672 2685/792/673
f 2366/377/357 2688/795/677 2381/396/371
f 2688/795/677 2687/794/676 2381/396/371
f 2688/795/677 2366/377/357 2682/796/672
f 2687/794/676 2385/402/376 2381/396/371
f 2385/402/376 2687/794/676 2390/409/381
f 2686/793/675 2390/409/381 2687/794/676
f 2686/791/675 2684/790/674 2689/797/678
f 2689/798/678 2389/407/379 2686/793/675
f 2389/407/379 2390/409/381 2686/793/675
f 2690/799/679 2389/407/379 2689/798/678
f 2692/800/680 2690/799/679 2689/798/678
f 2684/790/674 2691/801/681 2689/797/678
f 2689/797/678 2691/801/681 2692/802/680
f 2690/799/679 2692/800/680 2693/803/682
f 2693/804/682 2692/802/680 2694/805/683
f 2692/802/680 2695/806/684 2694/805/683
f 2691/801/681 2695/806/684 2692/802/680
f 2695/806/684 2697/807/685 2696/808/686
f 2694/805/683 2695/806/684 2696/808/686
f 2695/806/684 2691/801/681 2697/807/685
f 2696/808/686 2697/807/685 2698/809/687
f 2698/809/687 2697/807/685 2700/810/688
f 2691/801/681 2699/811/689 2697/807/685
f 2697/807/685 2699/811/689 2700/810/688
f 2700/812/688 2701/813/690 2698/814/687
f 2700/812/688 2703/815/691 2701/813/690
f 2702/816/692 2703/817/691 2700/810/688
f 2699/811/689 2702/816/692 2700/810/688
f 2703/815/691 2706/818/693 2701/813/690
f 2705/819/694 2703/817/691 2681/786/670
f 2703/817/691 2702/816/692 2681/786/670
f 2705/820/694 2704/821/695 2703/815/691
f 2704/821/695 2706/818/693 2703/815/691
f 2704/821/695 2658/758/648 2706/818/693
f 2658/758/648 2656/754/646 2706/818/693
f 2650/744/640 2701/813/690 2706/818/693
f 2656/754/646 2650/744/640 2706/818/693
f 2673/781/663 2705/819/694 2681/786/670
f 2704/821/695 2705/820/694 2672/775/662
f 2705/820/694 2673/776/663 2672/775/662
f 2662/762/651 2658/758/648 2704/821/695
f 2672/775/662 2662/762/651 2704/821/695
f 2681/786/670 2702/816/692 2684/790/674
f 2684/790/674 2702/816/692 2691/801/681
f 2702/816/692 2699/811/689 2691/801/681
f 2701/813/690 2707/822/696 2698/814/687
f 2707/822/696 2701/813/690 2650/744/640
f 2707/822/696 2647/742/638 2708/823/697
f 2708/823/697 2709/824/698 2707/822/696
f 2709/824/698 2698/814/687 2707/822/696
f 2647/742/638 2707/822/696 2650/744/640
f 2433/825/423 2432/826/422 2709/827/698
f 2432/826/422 2696/808/686 2709/827/698
f 2433/466/423 2709/824/698 2708/823/697
f 2709/827/698 2696/808/686 2698/809/687
f 2437/467/427 2433/466/423 2708/823/697
f 2437/467/427 2708/823/697 2438/468/428
f 2708/823/697 2648/741/637 2438/468/428
f 2647/742/638 2648/741/637 2708/823/697
f 2696/808/686 2432/826/422 2694/805/683
f 2432/826/422 2430/828/420 2694/805/683
f 2429/829/419 2693/804/682 2694/805/683
f 2430/828/420 2429/829/419 2694/805/683
f 2402/424/392 2690/799/679 2693/803/682
f 2402/424/392 2693/803/682 2403/425/393
f 2693/803/682 2429/830/419 2403/425/393
f 2391/408/380 2389/407/379 2690/799/679
f 2397/421/389 2391/408/380 2690/799/679
f 2397/421/389 2690/799/679 2402/424/392
f 2366/377/357 2367/378/358 2682/796/672
f 2676/782/666 2673/781/663 2681/786/670
f 2361/370/352 2678/783/667 2363/371/353
f 2361/370/352 2710/831/699 2678/783/667
f 2710/831/699 2675/777/664 2678/783/667
f 2360/369/351 2711/832/700 2710/831/699
f 2361/370/352 2360/369/351 2710/831/699
f 2710/833/699 2711/834/700 2295/286/286
f 2675/780/664 2710/833/699 2295/286/286
f 2711/832/700 2360/369/351 2357/365/347
f 2711/834/700 2294/285/285 2295/286/286
f 2294/285/285 2711/834/700 2712/835/701
f 2712/836/701 2711/832/700 2357/365/347
f 2714/837/702 2294/285/285 2712/835/701
f 2714/837/702 2712/835/701 2713/838/703
f 2713/839/703 2712/836/701 2356/364/346
f 2712/836/701 2357/365/347 2356/364/346
f 2294/285/285 2714/837/702 2293/283/283
f 2714/837/702 2307/300/296 2293/283/283
f 2307/300/296 2714/837/702 2713/838/703
f 2715/840/704 2713/839/703 2356/364/346
f 2307/300/296 2713/838/703 2315/312/305
f 2713/838/703 2715/841/704 2315/312/305
f 2715/841/704 2716/842/705 2316/313/306
f 2716/843/705 2715/840/704 2717/844/706
f 2315/312/305 2715/841/704 2316/313/306
f 2717/844/706 2715/840/704 2356/364/346
f 2717/844/706 2356/364/346 2353/360/343
f 2350/357/341 2717/844/706 2353/360/343
f 2718/845/707 2716/843/705 2717/844/706
f 2718/845/707 2717/844/706 2350/357/341
f 2719/846/708 2718/845/707 2351/358/342
f 2719/846/708 2720/847/709 2718/845/707
f 2720/847/709 2716/843/705 2718/845/707
f 2351/358/342 2718/845/707 2350/357/341
f 2720/848/709 2332/331/322 2326/323/314
f 2332/333/322 2720/847/709 2719/846/708
f 2716/842/705 2720/848/709 2319/317/310
f 2319/317/310 2720/848/709 2326/323/314
f 2334/336/324 2719/846/708 2339/341/329
f 2334/336/324 2332/333/322 2719/846/708
f 2339/341/329 2719/846/708 2351/358/342
f 2316/313/306 2716/842/705 2319/317/310
f 2670/772/659 2675/780/664 2295/286/286
f 2295/286/286 2296/287/287 2670/772/659
f 2300/289/289 2721/849/710 2667/769/657
f 2721/849/710 2378/392/368 2667/769/657
f 2667/769/657 2378/392/368 2666/768/656
f 2721/849/710 2376/390/365 2378/392/368
f 2721/849/710 2722/850/711 2376/390/365
f 2721/849/710 2300/289/289 2722/850/711
f 2300/289/289 2299/292/290 2722/850/711
f 2299/292/290 2301/293/291 2722/850/711
f 2301/293/291 2723/851/712 2722/850/711
f 2723/851/712 2724/852/713 2722/850/711
f 2722/850/711 2374/853/366 2376/390/365
f 2724/852/713 2374/853/366 2722/850/711
f 2724/854/713 2725/855/714 2374/388/366
f 2347/352/337 2725/855/714 2724/854/713
f 2726/856/715 2724/852/713 2727/857/716
f 2726/858/715 2347/352/337 2724/854/713
f 2724/852/713 2723/851/712 2727/857/716
f 2728/859/717 2729/860/718 2727/857/716
f 2728/859/717 2727/857/716 2303/297/294
f 2303/297/294 2727/857/716 2723/851/712
f 2729/860/718 2726/856/715 2727/857/716
f 2730/861/719 2729/860/718 2728/859/717
f 2726/858/715 2729/862/718 2345/350/335
f 2729/862/718 2730/863/719 2344/349/334
f 2345/350/335 2729/862/718 2344/349/334
f 2730/863/719 2731/864/720 2733/865/721
f 2731/866/720 2730/861/719 2732/867/722
f 2732/867/722 2730/861/719 2728/859/717
f 2344/349/334 2730/863/719 2733/865/721
f 2733/865/721 2731/864/720 2734/868/723
f 2734/868/723 2735/869/724 2733/865/721
f 2735/869/724 2342/345/331 2733/865/721
f 2733/865/721 2342/345/331 2344/349/334
f 2735/869/724 2736/870/725 2338/343/328
f 2736/870/725 2735/869/724 2737/871/726
f 2735/869/724 2734/868/723 2737/871/726
f 2735/869/724 2338/343/328 2342/345/331
f 2736/870/725 2737/871/726 2738/872/727
f 2734/868/723 2742/873/728 2737/871/726
f 2737/871/726 2739/874/729 2738/872/727
f 2741/875/730 2739/874/729 2737/871/726
f 2740/876/731 2741/875/730 2737/871/726
f 2742/873/728 2740/876/731 2737/871/726
f 2743/877/732 2745/878/733 2742/879/728
f 2743/877/732 2742/879/728 2744/880/734
f 2742/879/728 2731/866/720 2744/880/734
f 2731/864/720 2742/873/728 2734/868/723
f 2745/878/733 2740/881/731 2742/879/728
f 2745/878/733 2746/882/735 2741/883/730
f 2740/881/731 2745/878/733 2741/883/730
f 2745/878/733 2743/877/732 2747/884/736
f 2746/882/735 2745/878/733 2747/884/736
f 2748/885/737 2747/884/736 2321/321/311
f 2748/885/737 2746/882/735 2747/884/736
f 2743/877/732 2322/322/313 2747/884/736
f 2321/321/311 2747/884/736 2322/322/313
f 2750/886/738 2746/887/735 2748/888/737
f 2751/889/739 2748/885/737 2321/321/311
f 2752/890/740 2749/891/741 2748/888/737
f 2749/891/741 2750/886/738 2748/888/737
f 2751/892/739 2752/890/740 2748/888/737
f 2752/893/740 2536/591/524 2753/894/742
f 2536/591/524 2752/893/740 2751/895/739
f 2754/896/743 2752/893/740 2753/894/742
f 2754/897/743 2755/898/744 2752/890/740
f 2755/898/744 2749/891/741 2752/890/740
f 2749/891/741 2755/898/744 2750/886/738
f 2755/898/744 2756/899/745 2750/886/738
f 2756/899/745 2755/898/744 2757/900/746
f 2758/901/747 2757/900/746 2755/898/744
f 2754/897/743 2758/901/747 2755/898/744
f 2758/902/747 2754/896/743 2759/903/748
f 2758/902/747 2759/903/748 2655/753/645
f 2757/900/746 2758/901/747 2654/750/644
f 2758/901/747 2655/752/645 2654/750/644
f 2759/903/748 2646/740/636 2655/753/645
f 2646/740/636 2759/903/748 2644/737/633
f 2759/903/748 2760/904/749 2644/737/633
f 2759/903/748 2753/894/742 2760/904/749
f 2754/896/743 2753/894/742 2759/903/748
f 2639/731/628 2760/904/749 2761/905/750
f 2644/737/633 2760/904/749 2639/731/628
f 2753/894/742 2761/905/750 2760/904/749
f 2761/905/750 2532/588/521 2530/586/520
f 2532/588/521 2761/905/750 2753/894/742
f 2530/586/520 2639/731/628 2761/905/750
f 2762/906/751 2756/899/745 2757/900/746
f 2757/900/746 2654/750/644 2762/906/751
f 2756/899/745 2762/906/751 2763/907/752
f 2763/907/752 2762/906/751 2394/414/385
f 2654/750/644 2394/414/385 2762/906/751
f 2764/908/753 2756/899/745 2763/907/752
f 2764/909/753 2763/910/752 2765/911/754
f 2765/911/754 2763/910/752 2393/412/384
f 2393/413/384 2763/907/752 2394/414/385
f 2766/912/755 2764/909/753 2765/911/754
f 2765/911/754 2767/913/756 2766/912/755
f 2767/913/756 2765/911/754 2768/914/757
f 2765/911/754 2398/411/383 2768/914/757
f 2398/411/383 2765/911/754 2393/412/384
f 2769/915/758 2767/913/756 2768/914/757
f 2768/914/757 2398/411/383 2400/423/391
f 2406/429/397 2768/914/757 2400/423/391
f 2406/429/397 2769/915/758 2768/914/757
f 2770/916/759 2769/915/758 2406/429/397
f 2771/917/760 2769/915/758 2770/916/759
f 2771/917/760 2772/918/761 2769/915/758
f 2772/918/761 2767/913/756 2769/915/758
f 2773/919/762 2772/918/761 2771/917/760
f 2766/912/755 2772/918/761 2773/919/762
f 2767/913/756 2772/918/761 2766/912/755
f 2773/919/762 2775/920/763 2774/921/764
f 2774/921/764 2766/912/755 2773/919/762
f 2775/920/763 2773/919/762 2776/922/765
f 2773/919/762 2777/923/766 2776/922/765
f 2777/923/766 2773/919/762 2771/917/760
f 2771/917/760 2778/924/767 2777/923/766
f 2778/924/767 2514/561/504 2777/923/766
f 2776/922/765 2777/923/766 2514/561/504
f 2778/924/767 2771/917/760 2770/916/759
f 2514/561/504 2778/924/767 2515/562/505
f 2778/924/767 2770/916/759 2631/925/620
f 2778/924/767 2520/926/511 2515/562/505
f 2520/926/511 2778/924/767 2631/925/620
f 2776/922/765 2779/927/390 2775/920/763
f 2776/922/765 2513/560/503 2779/927/390
f 2513/560/503 2776/922/765 2514/561/504
f 2782/928/768 2780/929/769 2779/927/390
f 2779/927/390 2780/929/769 2775/920/763
f 2781/930/770 2782/928/768 2779/927/390
f 2779/927/390 2512/559/502 2781/930/770
f 2513/560/503 2512/559/502 2779/927/390
f 2782/928/768 2783/931/771 2784/932/772
f 2783/931/771 2782/928/768 2781/930/770
f 2782/928/768 2784/932/772 2785/933/773
f 2780/929/769 2782/928/768 2785/933/773
f 2785/933/773 2784/932/772 2739/874/729
f 2785/933/773 2739/874/729 2741/875/730
f 2785/933/773 2786/934/774 2780/929/769
f 2786/934/774 2785/933/773 2741/875/730
f 2786/934/774 2775/920/763 2780/929/769
f 2741/875/730 2787/935/775 2786/934/774
f 2787/935/775 2774/921/764 2786/934/774
f 2775/920/763 2786/934/774 2774/921/764
f 2774/921/764 2787/935/775 2764/909/753
f 2764/908/753 2787/936/775 2750/886/738
f 2750/886/738 2787/936/775 2741/937/730
f 2784/932/772 2738/872/727 2739/874/729
f 2738/872/727 2784/932/772 2788/938/776
f 2783/931/771 2788/938/776 2784/932/772
f 2788/939/776 2790/940/777 2789/941/778
f 2789/942/778 2738/872/727 2788/938/776
f 2788/939/776 2783/943/771 2790/940/777
f 2790/940/777 2793/944/779 2791/945/780
f 2791/945/780 2335/338/326 2790/940/777
f 2790/940/777 2792/946/781 2789/941/778
f 2335/338/326 2792/946/781 2790/940/777
f 2783/943/771 2793/944/779 2790/940/777
f 2793/944/779 2795/947/782 2791/945/780
f 2793/944/779 2783/943/771 2794/948/783
f 2795/947/782 2793/944/779 2794/948/783
f 2329/949/320 2791/945/780 2795/947/782
f 2796/950/784 2795/947/782 2794/948/783
f 2795/947/782 2796/950/784 2543/951/533
f 2543/951/533 2329/949/320 2795/947/782
f 2797/952/785 2796/950/784 2794/948/783
f 2542/953/531 2796/950/784 2797/952/785
f 2796/950/784 2542/953/531 2543/951/533
f 2800/954/786 2797/952/785 2794/948/783
f 2544/955/532 2797/952/785 2798/956/787
f 2544/955/532 2542/953/531 2797/952/785
f 2797/952/785 2799/957/788 2798/956/787
f 2801/958/789 2799/957/788 2797/952/785
f 2800/954/786 2801/958/789 2797/952/785
f 2802/959/790 2804/960/791 2801/958/789
f 2801/958/789 2803/961/792 2802/959/790
f 2801/958/789 2800/954/786 2803/961/792
f 2804/960/791 2799/957/788 2801/958/789
f 2554/614/544 2804/960/791 2556/615/545
f 2554/614/544 2798/956/787 2804/960/791
f 2798/956/787 2799/957/788 2804/960/791
f 2805/962/793 2556/615/545 2804/960/791
f 2802/959/790 2805/962/793 2804/960/791
f 2805/962/793 2563/623/552 2558/619/548
f 2805/962/793 2802/959/790 2563/623/552
f 2556/615/545 2805/962/793 2558/619/548
f 2509/556/499 2806/963/794 2803/964/792
f 2807/965/795 2509/556/499 2803/964/792
f 2803/961/792 2806/966/794 2802/959/790
f 2807/965/795 2803/964/792 2808/967/796
f 2803/964/792 2809/968/797 2808/967/796
f 2800/954/786 2809/969/797 2803/961/792
f 2810/970/798 2809/969/797 2794/948/783
f 2809/968/797 2810/971/798 2808/967/796
f 2809/969/797 2800/954/786 2794/948/783
f 2810/971/798 2781/930/770 2808/967/796
f 2810/971/798 2783/931/771 2781/930/770
f 2783/943/771 2810/970/798 2794/948/783
f 2510/557/500 2807/965/795 2808/967/796
f 2512/559/502 2510/557/500 2808/967/796
f 2512/559/502 2808/967/796 2781/930/770
f 2807/965/795 2510/557/500 2509/556/499
f 2563/626/552 2806/963/794 2508/555/498
f 2802/959/790 2806/966/794 2563/623/552
f 2806/963/794 2509/556/499 2508/555/498
f 2798/972/787 2554/612/544 2546/602/535
f 2798/972/787 2546/602/535 2544/599/532
f 2792/946/781 2336/339/327 2811/973/799
f 2336/339/327 2792/946/781 2335/338/326
f 2789/941/778 2792/946/781 2811/973/799
f 2338/340/328 2811/973/799 2336/339/327
f 2736/870/725 2811/974/799 2338/343/328
f 2789/942/778 2811/974/799 2738/872/727
f 2811/974/799 2736/870/725 2738/872/727
f 2791/945/780 2329/949/320 2328/335/318
f 2335/338/326 2791/945/780 2328/335/318
f 2766/912/755 2774/921/764 2764/909/753
f 2812/975/800 2770/916/759 2406/429/397
f 2631/925/620 2770/916/759 2812/975/800
f 2627/976/618 2631/925/620 2812/975/800
f 2627/976/618 2812/975/800 2407/430/398
f 2812/975/800 2406/429/397 2407/430/398
f 2756/899/745 2764/908/753 2750/886/738
f 2536/591/524 2532/588/521 2753/894/742
f 2751/895/739 2325/326/317 2535/593/526
f 2535/593/526 2536/591/524 2751/895/739
f 2751/895/739 2321/318/311 2325/326/317
f 2746/887/735 2750/886/738 2741/937/730
f 2743/877/732 2744/880/734 2312/308/302
f 2744/880/734 2731/866/720 2732/867/722
f 2744/880/734 2732/867/722 2309/306/301
f 2312/308/302 2744/880/734 2309/306/301
f 2322/322/313 2743/877/732 2312/308/302
f 2309/306/301 2732/867/722 2310/304/300
f 2732/867/722 2728/859/717 2310/304/300
f 2310/304/300 2728/859/717 2303/297/294
f 2347/352/337 2726/858/715 2345/350/335
f 2725/855/714 2375/386/364 2374/388/366
f 2375/386/364 2725/855/714 2813/977/801
f 2813/977/801 2725/855/714 2347/352/337
f 2372/383/362 2375/386/364 2813/977/801
f 2372/383/362 2813/977/801 2358/384/349
f 2813/977/801 2354/362/345 2358/384/349
f 2348/353/338 2813/977/801 2347/352/337
f 2354/362/345 2813/977/801 2348/353/338
f 2301/293/291 2303/297/294 2723/851/712
f 2666/768/656 2379/393/369 2664/765/654
f 2378/392/368 2379/393/369 2666/768/656
f 2379/393/369 2383/400/374 2664/765/654
f 2383/400/374 2384/399/373 2664/765/654
f 2384/399/373 2660/759/649 2664/765/654
f 2660/759/649 2384/399/373 2652/746/642
f 2654/750/644 2653/749/643 2394/414/385
f 2395/417/386 2653/748/643 2652/746/642
f 2653/749/643 2395/416/386 2394/414/385
f 2396/418/387 2395/417/386 2652/746/642
f 2384/399/373 2396/418/387 2652/746/642
f 2640/732/629 2644/737/633 2639/731/628
f 2439/470/430 2642/736/632 2634/734/624
f 2519/571/510 2630/720/619 2635/726/625
f 2626/716/615 2628/717/617 2634/978/624
f 2628/717/617 2814/979/802 2634/978/624
f 2814/980/802 2441/473/433 2634/734/624
f 2441/473/433 2443/472/432 2634/734/624
f 2443/472/432 2439/470/430 2634/734/624
f 2598/673/588 2814/979/802 2597/672/587
f 2814/979/802 2628/717/617 2597/672/587
f 2441/473/433 2814/980/802 2598/674/588
f 2630/720/619 2519/571/510 2631/721/620
f 2519/571/510 2520/572/511 2631/721/620
f 2597/672/587 2628/717/617 2624/712/614
f 2410/433/401 2627/976/618 2407/430/398
f 2600/675/589 2597/672/587 2624/712/614
f 2600/675/589 2624/712/614 2602/677/591
f 2815/981/803 2598/674/588 2595/669/585
f 2815/981/803 2441/473/433 2598/674/588
f 2815/981/803 2445/477/436 2441/473/433
f 2445/477/436 2815/981/803 2449/484/440
f 2815/981/803 2595/669/585 2449/484/440
f 2449/484/440 2595/669/585 2451/487/443
f 2592/666/582 2457/982/448 2593/665/581
f 2457/982/448 2452/486/442 2593/665/581
f 2593/665/581 2452/486/442 2451/487/443
f 2457/982/448 2592/666/582 2461/983/451
f 2592/666/582 2817/984/804 2461/983/451
f 2592/666/582 2590/664/580 2816/985/805
f 2817/984/804 2592/666/582 2816/985/805
f 2484/524/475 2818/986/806 2817/984/804
f 2816/985/805 2484/524/475 2817/984/804
f 2817/984/804 2818/986/806 2819/987/807
f 2461/983/451 2817/984/804 2819/987/807
f 2461/496/451 2819/988/807 2462/497/452
f 2819/987/807 2818/986/806 2473/510/463
f 2819/988/807 2469/504/459 2462/497/452
f 2469/509/459 2819/987/807 2473/510/463
f 2473/510/463 2818/986/806 2484/524/475
f 2816/985/805 2580/989/569 2484/524/475
f 2580/989/569 2816/985/805 2590/664/580
f 2581/663/570 2580/989/569 2590/664/580
f 2483/521/472 2580/650/569 2482/522/473
f 2580/989/569 2483/525/472 2484/524/475
f 2465/636/455 2571/638/561 2464/702/454
f 2505/553/496 2501/552/491 2566/629/555
f 2501/552/491 2500/640/490 2566/629/555
f 2554/612/544 2549/605/538 2546/602/535
f 2552/609/541 2553/610/542 2477/516/468
f 2553/610/542 2474/513/465 2477/516/468
f 2552/609/541 2491/533/481 2493/536/483
f 2479/517/469 2491/533/481 2552/609/541
f 2477/516/468 2479/517/469 2552/609/541
f 2543/600/533 2538/594/527 2330/330/321
f 2329/329/320 2543/600/533 2330/330/321
f 2539/596/529 2330/330/321 2538/594/527
f 2325/326/317 2539/596/529 2535/593/526
f 2330/330/321 2539/596/529 2325/326/317
f 2524/573/512 2494/539/484 2522/574/513
f 2494/539/484 2495/538/485 2522/574/513
f 2498/543/489 2504/548/494 2522/574/513
f 2495/538/485 2498/543/489 2522/574/513
f 2489/531/480 2497/541/487 2488/529/478
f 2476/514/466 2473/510/463 2484/524/475
f 2445/477/436 2442/474/434 2441/473/433
f 2424/449/414 2425/451/416 2434/462/425
f 2429/830/419 2413/435/403 2403/425/393
f 2410/433/401 2409/431/399 2417/440/408
f 2387/404/377 2396/418/387 2384/399/373
f 2370/381/360 2366/377/357 2381/396/371
f 2351/358/342 2341/346/332 2339/341/329
f 2324/324/315 2326/323/314 2332/331/322
f 2326/323/314 2318/315/308 2319/317/310
f 2312/308/302 2313/309/303 2322/322/313
f 2315/312/305 2306/301/297 2307/300/296
f 2303/297/294 2304/296/293 2310/304/300
f 2821/990/808 2824/991/809 2820/992/810
f 2820/992/810 2822/993/811 2821/990/808
f 2820/992/810 2823/994/812 2822/993/811
f 2824/991/809 2823/995/812 2820/992/810
f 2825/996/813 2824/991/809 2821/990/808
f 2827/997/814 2825/996/813 2821/990/808
f 2826/998/815 2825/996/813 2827/997/814
f 2828/999/816 2827/997/814 2821/990/808
f 2828/999/816 2829/1000/817 2827/997/814
f 2829/1000/817 2830/1001/818 2827/997/814
f 2830/1001/818 2826/998/815 2827/997/814
f 2831/1002/819 2832/1003/820 2830/1001/818
f 2829/1000/817 2831/1002/819 2830/1001/818
f 2832/1003/820 2833/1004/821 2830/1001/818
f 2833/1004/821 2826/998/815 2830/1001/818
f 2834/1005/822 2833/1004/821 2832/1003/820
f 2835/1006/823 2834/1005/822 2832/1003/820
f 2836/1007/824 2834/1005/822 2835/1006/823
f 2837/1008/825 2836/1007/824 2839/1009/826
f 2838/1010/827 2836/1007/824 2835/1006/823
f 2836/1007/824 2838/1010/827 2839/1009/826
f 2839/1009/826 2838/1010/827 2840/1011/828
f 2839/1009/826 2840/1011/828 2841/1012/829
f 2841/1012/829 2842/1013/830 2839/1009/826
f 2842/1013/830 2837/1008/825 2839/1009/826
f 2843/1014/831 2842/1013/830 2841/1012/829
f 2845/1015/832 2843/1014/831 2841/1012/829
f 2844/1016/833 2843/1014/831 2845/1015/832
f 2846/1017/834 2845/1015/832 2841/1012/829
f 2845/1015/832 2846/1017/834 2847/1018/835
f 2847/1018/835 2844/1016/833 2845/1015/832
f 2846/1017/834 2848/1019/836 2847/1018/835
f 2847/1018/835 2848/1019/836 2849/1020/837
f 2849/1020/837 2850/1021/838 2847/1018/835
f 2850/1021/838 2844/1016/833 2847/1018/835
f 2851/1022/839 2850/1021/838 2849/1020/837
f 2853/1023/840 2851/1022/839 2852/1024/841
f 2852/1024/841 2851/1022/839 2849/1020/837
f 2854/1025/842 2853/1023/840 2852/1024/841
f 2855/1026/843 2853/1023/840 2854/1025/842
f 2856/1027/844 2855/1026/843 2857/1028/845
f 2857/1028/845 2855/1026/843 2854/1025/842
f 2858/1029/846 2857/1028/845 2854/1025/842
f 2858/1029/846 2859/1030/847 2857/1028/845
f 2859/1030/847 2860/1031/848 2857/1028/845
f 2860/1031/848 2856/1027/844 2857/1028/845
f 2861/1032/849 2862/1033/850 2860/1031/848
f 2859/1030/847 2861/1032/849 2860/1031/848
f 2862/1033/850 2863/1034/851 2860/1031/848
f 2863/1034/851 2856/1027/844 2860/1031/848
f 2864/1035/852 2863/1034/851 2862/1033/850
f 2866/1036/853 2864/1035/852 2862/1033/850
f 2865/1037/854 2864/1035/852 2866/1036/853
f 2867/1038/855 2866/1036/853 2862/1033/850
f 2867/1038/855 2868/1039/856 2866/1036/853
f 2868/1039/856 2869/1040/857 2866/1036/853
f 2869/1040/857 2865/1037/854 2866/1036/853
f 2868/1039/856 2870/1041/858 2869/1040/857
f 2870/1041/858 2871/1042/859 2869/1040/857
f 2871/1042/859 2872/1043/860 2869/1040/857
f 2872/1043/860 2865/1037/854 2869/1040/857
f 2873/1044/861 2872/1045/860 2871/1042/859
f 2870/1041/858 2873/1044/861 2871/1042/859
f 2874/1046/862 2873/1044/861 2870/1041/858
f 2875/1047/863 2874/1046/862 2876/1048/864
f 2876/1048/864 2874/1046/862 2870/1041/858
f 2876/1048/864 2877/1049/865 2878/1050/866
f 2877/1049/865 2876/1048/864 2868/1039/856
f 2879/1051/867 2876/1048/864 2878/1050/866
f 2879/1051/867 2875/1047/863 2876/1048/864
f 2876/1048/864 2870/1041/858 2868/1039/856
f 2880/1052/868 2875/1053/863 2879/1051/867
f 2878/1050/866 2880/1052/868 2879/1051/867
f 2881/1054/869 2880/1052/868 2878/1050/866
f 2882/1055/870 2881/1054/869 2883/1056/871
f 2883/1056/871 2881/1054/869 2878/1050/866
f 2883/1056/871 2884/1057/872 2885/1058/873
f 2877/1049/865 2884/1057/872 2883/1056/871
f 2878/1050/866 2877/1049/865 2883/1056/871
f 2885/1058/873 2882/1055/870 2883/1056/871
f 2884/1057/872 2886/1059/874 2885/1058/873
f 2885/1058/873 2886/1059/874 2887/1060/875
f 2887/1060/875 2888/1061/876 2885/1058/873
f 2888/1061/876 2882/1055/870 2885/1058/873
f 2889/1062/877 2888/1061/876 2887/1060/875
f 2891/1063/878 2889/1062/877 2890/1064/879
f 2890/1064/879 2889/1062/877 2887/1060/875
f 2892/1065/880 2891/1063/878 2890/1064/879
f 2893/1066/881 2891/1063/878 2892/1065/880
f 2895/1067/882 2893/1066/881 2894/1068/883
f 2894/1068/883 2893/1066/881 2892/1065/880
f 2897/1069/884 2895/1067/882 2896/1070/885
f 2896/1070/885 2895/1067/882 2894/1068/883
f 2899/1071/886 2897/1069/884 2896/1070/885
f 2898/1072/887 2897/1069/884 2899/1071/886
f 2900/1073/888 2902/1074/889 2899/1071/886
f 2901/1075/890 2900/1073/888 2899/1071/886
f 2901/1075/890 2899/1071/886 2896/1070/885
f 2902/1074/889 2898/1072/887 2899/1071/886
f 2902/1074/889 2900/1073/888 2903/1076/891
f 2903/1076/891 2904/1077/892 2902/1074/889
f 2904/1077/892 2898/1072/887 2902/1074/889
f 2905/1078/893 2904/1077/892 2903/1076/891
f 2906/1079/894 2907/1080/895 2905/1078/893
f 2906/1079/894 2905/1078/893 2903/1076/891
f 2907/1080/895 2908/1081/896 2905/1078/893
f 2908/1081/896 2907/1080/895 2909/1082/897
f 2909/1082/897 2911/1083/898 2910/1084/899
f 2912/1085/900 2909/1082/897 2910/1084/899
f 2907/1080/895 2911/1083/898 2909/1082/897
f 2913/1086/901 2912/1085/900 2910/1084/899
f 2915/1087/902 2913/1086/901 2914/1088/903
f 2914/1088/903 2913/1086/901 2910/1084/899
f 2917/1089/904 2915/1087/902 2914/1088/903
f 2916/1090/905 2915/1087/902 2917/1089/904
f 2919/1091/906 2918/1092/907 2917/1089/904
f 2917/1089/904 2918/1092/907 2920/1093/908
f 2914/1088/903 2919/1091/906 2917/1089/904
f 2920/1093/908 2916/1090/905 2917/1089/904
f 2921/1094/909 2922/1095/910 2920/1093/908
f 2918/1092/907 2921/1094/909 2920/1093/908
f 2922/1095/910 2923/1096/911 2920/1093/908
f 2923/1096/911 2924/1097/912 2920/1093/908
f 2924/1097/912 2916/1090/905 2920/1093/908
f 2925/1098/913 2924/1099/912 2923/1096/911
f 2926/1100/914 2925/1098/913 2922/1095/910
f 2922/1095/910 2925/1098/913 2923/1096/911
f 2823/994/812 2926/1100/914 2822/993/811
f 2822/993/811 2926/1100/914 2922/1095/910
f 2822/993/811 2922/1095/910 2921/1094/909
f 2921/1094/909 2918/1092/907 2927/1101/915
f 2927/1101/915 2822/993/811 2921/1094/909
f 2822/993/811 2927/1101/915 2821/990/808
f 2927/1101/915 2828/999/816 2821/990/808
f 2918/1092/907 2828/999/816 2927/1101/915
f 2918/1092/907 2919/1091/906 2828/999/816
f 2928/1102/916 2919/1091/906 2914/1088/903
f 2919/1091/906 2928/1102/916 2829/1000/817
f 2919/1091/906 2829/1000/817 2828/999/816
f 2928/1102/916 2831/1002/819 2829/1000/817
f 2929/1103/917 2831/1002/819 2928/1102/916
f 2930/1104/918 2929/1103/917 2928/1102/916
f 2930/1104/918 2928/1102/916 2910/1084/899
f 2910/1084/899 2928/1102/916 2914/1088/903
f 2932/1105/919 2931/1106/920 2930/1104/918
f 2931/1106/920 2929/1103/917 2930/1104/918
f 2932/1105/919 2930/1104/918 2911/1083/898
f 2911/1083/898 2930/1104/918 2910/1084/899
f 2931/1106/920 2932/1105/919 2933/1107/921
f 2907/1080/895 2932/1105/919 2911/1083/898
f 2932/1105/919 2907/1080/895 2906/1079/894
f 2933/1107/921 2932/1105/919 2906/1079/894
f 2840/1011/828 2931/1106/920 2933/1107/921
f 2933/1107/921 2935/1108/922 2934/1109/923
f 2840/1011/828 2933/1107/921 2934/1109/923
f 2935/1108/922 2933/1107/921 2906/1079/894
f 2900/1073/888 2935/1108/922 2903/1076/891
f 2935/1108/922 2900/1073/888 2934/1109/923
f 2903/1076/891 2935/1108/922 2906/1079/894
f 2934/1109/923 2846/1017/834 2841/1012/829
f 2840/1011/828 2934/1109/923 2841/1012/829
f 2900/1073/888 2846/1017/834 2934/1109/923
f 2929/1103/917 2931/1106/920 2838/1010/827
f 2838/1010/827 2931/1106/920 2840/1011/828
f 2929/1103/917 2835/1006/823 2831/1002/819
f 2835/1006/823 2929/1103/917 2838/1010/827
f 2846/1017/834 2900/1073/888 2901/1075/890
f 2848/1019/836 2846/1017/834 2901/1075/890
f 2936/1110/924 2901/1075/890 2896/1070/885
f 2848/1019/836 2901/1075/890 2936/1110/924
f 2937/1111/925 2936/1110/924 2938/1112/926
f 2937/1111/925 2848/1019/836 2936/1110/924
f 2938/1112/926 2936/1110/924 2894/1068/883
f 2936/1110/924 2896/1070/885 2894/1068/883
f 2939/1113/927 2937/1111/925 2938/1112/926
f 2938/1112/926 2940/1114/928 2939/1113/927
f 2940/1114/928 2938/1112/926 2894/1068/883
f 2940/1114/928 2941/1115/929 2939/1113/927
f 2940/1114/928 2942/1116/930 2941/1115/929
f 2942/1116/930 2940/1114/928 2892/1065/880
f 2892/1065/880 2940/1114/928 2894/1068/883
f 2942/1116/930 2858/1029/846 2941/1115/929
f 2942/1116/930 2943/1117/931 2858/1029/846
f 2943/1117/931 2942/1116/930 2890/1064/879
f 2890/1064/879 2942/1116/930 2892/1065/880
f 2886/1059/874 2943/1117/931 2887/1060/875
f 2943/1117/931 2886/1059/874 2859/1030/847
f 2887/1060/875 2943/1117/931 2890/1064/879
f 2943/1117/931 2859/1030/847 2858/1029/846
f 2941/1115/929 2854/1025/842 2852/1024/841
f 2939/1113/927 2941/1115/929 2852/1024/841
f 2941/1115/929 2858/1029/846 2854/1025/842
f 2937/1111/925 2939/1113/927 2852/1024/841
f 2849/1020/837 2937/1111/925 2852/1024/841
f 2848/1019/836 2937/1111/925 2849/1020/837
f 2886/1059/874 2884/1057/872 2861/1032/849
f 2886/1059/874 2861/1032/849 2859/1030/847
f 2884/1057/872 2867/1038/855 2861/1032/849
f 2884/1057/872 2877/1049/865 2867/1038/855
f 2877/1049/865 2868/1039/856 2867/1038/855
f 2861/1032/849 2867/1038/855 2862/1033/850
f 2835/1006/823 2832/1003/820 2831/1002/819
f 2944/1118/932 2945/1119/933 2948/1120/934
f 2944/1121/932 2946/1122/935 2945/1123/933
f 2946/1124/935 2944/1125/932 2947/1126/936
f 2947/1126/936 2944/1118/932 2948/1120/934
f 2947/1126/936 2948/1120/934 2949/1127/937
f 2948/1120/934 2950/1128/938 2949/1127/937
f 2950/1128/938 2948/1120/934 2951/1129/939
f 2948/1120/934 2952/1130/940 2951/1129/939
f 2948/1120/934 2945/1119/933 2952/1130/940
f 2945/1119/933 2953/1131/941 2952/1130/940
f 2952/1130/940 2953/1131/941 2955/1132/942
f 2951/1129/939 2952/1130/940 2954/1133/943
f 2952/1130/940 2955/1132/942 2954/1133/943
f 2955/1132/942 2956/1134/944 2954/1133/943
f 2953/1131/941 2956/1135/944 2955/1132/942
f 2957/1136/945 2956/1137/944 2953/1138/941
f 2956/1134/944 2957/1139/945 2954/1133/943
f 2961/1140/946 2957/1136/945 2953/1138/941
f 2959/1141/947 2957/1136/945 2958/1142/948
f 2957/1136/945 2961/1140/946 2958/1142/948
f 2957/1139/945 2959/1143/947 2960/1144/949
f 2954/1133/943 2957/1139/945 2960/1144/949
f 2961/1140/946 2962/1145/950 2958/1142/948
f 2962/1145/950 2961/1140/946 2945/1123/933
f 2961/1140/946 2953/1138/941 2945/1123/933
f 2962/1145/950 2963/1146/951 2958/1142/948
f 2962/1145/950 2946/1122/935 2963/1146/951
f 2946/1122/935 2962/1145/950 2945/1123/933
f 2963/1146/951 2964/1147/952 2965/1148/953
f 2946/1122/935 2964/1147/952 2963/1146/951
f 2963/1146/951 2965/1148/953 2966/1149/954
f 2958/1142/948 2963/1146/951 2966/1149/954
f 2959/1141/947 2958/1142/948 2966/1149/954
f 2968/1150/955 2966/1149/954 2967/1151/956
f 2966/1149/954 2965/1148/953 2967/1151/956
f 2968/1150/955 2959/1141/947 2966/1149/954
f 2969/1152/957 2968/1150/955 2967/1151/956
f 2959/1143/947 2968/1153/955 2970/1154/958
f 2968/1153/955 2969/1155/957 2971/1156/959
f 2970/1154/958 2968/1153/955 2971/1156/959
f 2973/1157/960 2972/1158/961 2971/1156/959
f 2972/1158/961 2974/1159/962 2971/1156/959
f 2971/1156/959 2969/1155/957 2973/1157/960
f 2971/1156/959 2974/1159/962 2970/1154/958
f 2974/1159/962 2972/1158/961 2975/1160/963
f 2974/1159/962 2975/1160/963 2977/1161/964
f 2974/1159/962 2976/1162/965 2970/1154/958
f 2976/1162/965 2974/1159/962 2977/1161/964
f 2976/1162/965 2977/1161/964 2978/1163/966
f 2978/1163/966 2977/1161/964 2979/1164/967
f 2977/1161/964 2980/1165/968 2979/1164/967
f 2977/1161/964 2975/1160/963 2980/1165/968
f 2975/1160/963 2981/1166/969 2980/1165/968
f 2981/1166/969 2983/1167/970 2980/1165/968
f 2983/1167/970 2982/1168/971 2980/1165/968
f 2980/1165/968 2982/1168/971 2979/1164/967
f 2982/1169/971 2983/1170/970 2984/1171/972
f 2984/1171/972 2983/1170/970 2985/1172/973
f 2983/1170/970 2986/1173/974 2985/1172/973
f 2986/1174/974 2983/1167/970 2981/1166/969
f 2987/1175/975 2986/1174/974 2988/1176/976
f 2986/1173/974 2987/1177/975 2985/1172/973
f 2988/1176/976 2986/1174/974 2981/1166/969
f 2990/1178/977 2987/1175/975 2988/1176/976
f 2989/1179/978 2988/1176/976 2981/1166/969
f 2988/1176/976 2989/1179/978 2990/1178/977
f 2991/1180/979 2987/1175/975 2990/1178/977
f 2989/1179/978 2992/1181/980 2990/1178/977
f 2994/1182/981 2991/1180/979 2990/1178/977
f 2992/1181/980 2993/1183/982 2990/1178/977
f 2993/1183/982 2994/1182/981 2990/1178/977
f 2995/1184/983 2996/1185/984 2994/1182/981
f 2993/1183/982 2995/1184/983 2994/1182/981
f 2996/1185/984 2997/1186/985 2994/1182/981
f 2997/1186/985 2991/1180/979 2994/1182/981
f 2991/1187/979 2997/1188/985 2998/1189/986
f 2998/1189/986 2997/1188/985 2999/1190/987
f 2997/1188/985 3000/1191/988 2999/1190/987
f 3000/1192/988 2997/1186/985 2996/1185/984
f 3000/1191/988 3002/1193/989 3001/1194/990
f 2999/1190/987 3000/1191/988 3001/1194/990
f 3002/1195/989 3000/1192/988 3003/1196/991
f 3003/1196/991 3000/1192/988 2996/1185/984
f 3004/1197/992 3003/1196/991 2996/1185/984
f 3006/1198/993 3002/1195/989 3003/1196/991
f 3004/1197/992 3005/1199/994 3003/1196/991
f 3005/1199/994 3006/1198/993 3003/1196/991
f 3007/1200/995 3002/1195/989 3006/1198/993
f 3008/1201/996 3007/1200/995 3006/1198/993
f 3006/1198/993 3005/1199/994 3008/1201/996
f 3009/1202/997 3007/1200/995 3008/1201/996
f 3005/1199/994 3010/1203/998 3008/1201/996
f 3011/1204/999 3009/1202/997 3008/1201/996
f 3008/1201/996 3010/1203/998 3011/1204/999
f 3010/1203/998 3012/1205/1000 3011/1204/999
f 3011/1204/999 3012/1205/1000 3013/1206/1001
f 3013/1206/1001 3014/1207/1002 3011/1204/999
f 3014/1207/1002 3009/1202/997 3011/1204/999
f 3009/1208/997 3014/1209/1002 3015/1210/1003
f 3014/1209/1002 3016/1211/1004 3015/1210/1003
f 3016/1211/1004 3014/1209/1002 3017/1212/1005
f 3014/1209/1002 3018/1213/1006 3017/1212/1005
f 3018/1214/1006 3014/1207/1002 3013/1206/1001
f 3017/1212/1005 3018/1213/1006 3019/1215/1007
f 3018/1213/1006 3020/1216/1008 3019/1215/1007
f 3020/1217/1008 3018/1214/1006 3021/1218/1009
f 3021/1218/1009 3018/1214/1006 3013/1206/1001
f 3022/1219/1010 3021/1218/1009 3013/1206/1001
f 3024/1220/1011 3020/1217/1008 3021/1218/1009
f 3022/1219/1010 3023/1221/1012 3021/1218/1009
f 3023/1221/1012 3024/1220/1011 3021/1218/1009
f 3025/1222/1013 3026/1223/1014 3024/1220/1011
f 3023/1221/1012 3025/1222/1013 3024/1220/1011
f 3026/1223/1014 3027/1224/1015 3024/1220/1011
f 3027/1224/1015 3020/1217/1008 3024/1220/1011
f 3020/1216/1008 3027/1225/1015 3028/1226/1016
f 3028/1226/1016 3027/1225/1015 3029/1227/1017
f 3027/1225/1015 3030/1228/1018 3029/1227/1017
f 3030/1229/1018 3027/1224/1015 3026/1223/1014
f 3030/1228/1018 3032/1230/1019 3031/1231/1020
f 3029/1227/1017 3030/1228/1018 3031/1231/1020
f 3032/1232/1019 3030/1229/1018 3033/1233/1021
f 3033/1233/1021 3030/1229/1018 3026/1223/1014
f 3034/1234/1022 3033/1233/1021 3026/1223/1014
f 3036/1235/1023 3032/1232/1019 3033/1233/1021
f 3034/1234/1022 3035/1236/1024 3033/1233/1021
f 3035/1236/1024 3036/1235/1023 3033/1233/1021
f 3037/1237/1025 3032/1232/1019 3036/1235/1023
f 3039/1238/1026 3037/1237/1025 3036/1235/1023
f 3035/1236/1024 3038/1239/1027 3036/1235/1023
f 3038/1239/1027 3039/1238/1026 3036/1235/1023
f 3040/1240/1028 3041/1241/1029 3039/1238/1026
f 3038/1239/1027 3040/1240/1028 3039/1238/1026
f 3041/1241/1029 3042/1242/1030 3039/1238/1026
f 3042/1242/1030 3037/1237/1025 3039/1238/1026
f 3037/1243/1025 3042/1244/1030 3043/1245/1031
f 3043/1246/1031 3042/1247/1030 3041/1241/1029
f 3044/1248/1032 3043/1245/1031 3045/1249/1033
f 3044/1248/1032 3037/1243/1025 3043/1245/1031
f 3045/1250/1033 3043/1246/1031 3040/1240/1028
f 3040/1240/1028 3043/1246/1031 3041/1241/1029
f 3047/1251/1034 3046/1252/1035 3045/1249/1033
f 3046/1252/1035 3044/1248/1032 3045/1249/1033
f 3048/1253/1036 3047/1251/1034 3045/1249/1033
f 3048/1254/1036 3045/1250/1033 3049/1255/1037
f 3049/1255/1037 3045/1250/1033 3040/1240/1028
f 3052/1256/1038 3048/1254/1036 3049/1255/1037
f 3049/1255/1037 3040/1240/1028 3038/1239/1027
f 3049/1255/1037 3050/1257/1039 3051/1258/1040
f 3050/1257/1039 3049/1255/1037 3038/1239/1027
f 3052/1256/1038 3049/1255/1037 3051/1258/1040
f 3047/1259/1034 3048/1260/1036 3052/1256/1038
f 3051/1258/1040 3047/1259/1034 3052/1256/1038
f 3053/1261/1041 3054/1262/1042 3051/1258/1040
f 3051/1258/1040 3050/1257/1039 3053/1261/1041
f 3054/1262/1042 3047/1259/1034 3051/1258/1040
f 3054/1263/1042 3056/1264/1043 3055/1265/1044
f 3054/1263/1042 3055/1265/1044 3046/1252/1035
f 3047/1251/1034 3054/1263/1042 3046/1252/1035
f 3056/1266/1043 3054/1262/1042 3053/1261/1041
f 3056/1264/1043 3057/1267/1045 3055/1265/1044
f 3056/1264/1043 3058/1268/1046 3057/1267/1045
f 3058/1269/1046 3056/1266/1043 3059/1270/1047
f 3059/1270/1047 3056/1266/1043 3053/1261/1041
f 3060/1271/1048 3058/1269/1046 3059/1270/1047
f 3059/1270/1047 3061/1272/1049 3060/1271/1048
f 3053/1261/1041 3062/1273/1050 3059/1270/1047
f 3062/1273/1050 3061/1272/1049 3059/1270/1047
f 3062/1273/1050 3035/1236/1024 3034/1234/1022
f 3061/1272/1049 3062/1273/1050 3034/1234/1022
f 3062/1273/1050 3050/1257/1039 3035/1236/1024
f 3050/1257/1039 3062/1273/1050 3053/1261/1041
f 3063/1274/1051 3061/1272/1049 3025/1222/1013
f 3061/1272/1049 3034/1234/1022 3025/1222/1013
f 3061/1272/1049 3063/1274/1051 3060/1271/1048
f 3063/1274/1051 3025/1222/1013 3023/1221/1012
f 3063/1274/1051 3064/1275/1052 3065/1276/1053
f 3064/1275/1052 3063/1274/1051 3023/1221/1012
f 3060/1271/1048 3063/1274/1051 3065/1276/1053
f 3065/1276/1053 3064/1275/1052 3068/1277/1054
f 3066/1278/1055 3067/1279/1056 3065/1276/1053
f 3068/1277/1054 3066/1278/1055 3065/1276/1053
f 3065/1276/1053 3067/1279/1056 3060/1271/1048
f 3064/1275/1052 3069/1280/1057 3068/1277/1054
f 3068/1277/1054 3069/1280/1057 3071/1281/1058
f 3070/1282/1059 3066/1278/1055 3068/1277/1054
f 3071/1281/1058 3070/1282/1059 3068/1277/1054
f 3072/1283/1060 3075/1284/1061 3071/1281/1058
f 3069/1280/1057 3072/1283/1060 3071/1281/1058
f 3073/1285/1062 3070/1282/1059 3071/1281/1058
f 3074/1286/1063 3073/1285/1062 3071/1281/1058
f 3075/1284/1061 3074/1286/1063 3071/1281/1058
f 3012/1205/1000 3010/1203/998 3075/1284/1061
f 3010/1203/998 3076/1287/1064 3075/1284/1061
f 3012/1205/1000 3075/1284/1061 3072/1283/1060
f 3075/1284/1061 3076/1287/1064 3074/1286/1063
f 3010/1203/998 3005/1199/994 3076/1287/1064
f 3005/1199/994 3077/1288/1065 3076/1287/1064
f 3076/1287/1064 3077/1288/1065 3078/1289/1066
f 3076/1287/1064 3078/1289/1066 3074/1286/1063
f 3079/1290/1067 3080/1291/1068 3078/1289/1066
f 3077/1288/1065 3079/1290/1067 3078/1289/1066
f 3078/1289/1066 3081/1292/1069 3074/1286/1063
f 3080/1291/1068 3081/1292/1069 3078/1289/1066
f 3083/1293/1070 3081/1294/1069 3082/1295/1071
f 3081/1294/1069 3080/1296/1068 3082/1295/1071
f 3073/1297/1062 3081/1294/1069 3083/1293/1070
f 3081/1292/1069 3073/1285/1062 3074/1286/1063
f 3085/1298/1072 3083/1293/1070 3001/1194/990
f 3083/1293/1070 3082/1295/1071 3001/1194/990
f 3084/1299/1073 3073/1297/1062 3083/1293/1070
f 3084/1299/1073 3083/1293/1070 3085/1298/1072
f 3007/1300/995 3085/1298/1072 3001/1194/990
f 3007/1300/995 3009/1208/997 3085/1298/1072
f 3009/1208/997 3015/1210/1003 3085/1298/1072
f 3015/1210/1003 3084/1299/1073 3085/1298/1072
f 3086/1301/1074 3070/1302/1059 3084/1299/1073
f 3086/1301/1074 3084/1299/1073 3015/1210/1003
f 3070/1302/1059 3073/1297/1062 3084/1299/1073
f 3086/1301/1074 3016/1211/1004 3087/1303/1075
f 3016/1211/1004 3086/1301/1074 3015/1210/1003
f 3070/1302/1059 3086/1301/1074 3087/1303/1075
f 3016/1211/1004 3017/1212/1005 3087/1303/1075
f 3087/1303/1075 3017/1212/1005 3088/1304/1076
f 3066/1305/1055 3087/1303/1075 3088/1304/1076
f 3066/1305/1055 3070/1302/1059 3087/1303/1075
f 3017/1212/1005 3019/1215/1007 3088/1304/1076
f 3088/1304/1076 3019/1215/1007 3089/1306/1077
f 3067/1307/1056 3088/1304/1076 3089/1306/1077
f 3067/1307/1056 3066/1305/1055 3088/1304/1076
f 3019/1215/1007 3028/1226/1016 3089/1306/1077
f 3089/1306/1077 3028/1226/1016 3057/1267/1045
f 3058/1268/1046 3089/1306/1077 3057/1267/1045
f 3058/1268/1046 3067/1307/1056 3089/1306/1077
f 3091/1308/1078 3090/1309/1079 3082/1295/1071
f 3090/1309/1079 2999/1190/987 3082/1295/1071
f 2999/1190/987 3001/1194/990 3082/1295/1071
f 3080/1296/1068 3091/1308/1078 3082/1295/1071
f 3091/1308/1078 3092/1310/1080 3090/1309/1079
f 3092/1311/1080 3091/1312/1078 3093/1313/1081
f 3091/1312/1078 3080/1291/1068 3079/1290/1067
f 3093/1313/1081 3091/1312/1078 3079/1290/1067
f 3094/1314/1082 3092/1311/1080 3093/1313/1081
f 3093/1313/1081 3095/1315/1083 3094/1314/1082
f 3079/1290/1067 3077/1288/1065 3093/1313/1081
f 3077/1288/1065 3095/1315/1083 3093/1313/1081
f 3096/1316/1084 3095/1315/1083 2995/1184/983
f 3095/1315/1083 3004/1197/992 2995/1184/983
f 3095/1315/1083 3077/1288/1065 3004/1197/992
f 3095/1315/1083 3096/1316/1084 3094/1314/1082
f 3096/1316/1084 2995/1184/983 2993/1183/982
f 3096/1316/1084 3097/1317/1085 3098/1318/1086
f 3097/1317/1085 3096/1316/1084 2993/1183/982
f 3094/1314/1082 3096/1316/1084 3098/1318/1086
f 3098/1318/1086 3097/1317/1085 3101/1319/1087
f 3099/1320/1088 3100/1321/1089 3098/1318/1086
f 3101/1319/1087 3099/1320/1088 3098/1318/1086
f 3098/1318/1086 3100/1321/1089 3094/1314/1082
f 3102/1322/1090 2972/1158/961 3101/1319/1087
f 2972/1158/961 2973/1157/960 3101/1319/1087
f 3097/1317/1085 3102/1322/1090 3101/1319/1087
f 3103/1323/1091 3099/1320/1088 3101/1319/1087
f 2973/1157/960 3103/1323/1091 3101/1319/1087
f 2969/1155/957 3103/1323/1091 2973/1157/960
f 3103/1324/1091 2969/1152/957 3104/1325/1092
f 3099/1326/1088 3103/1324/1091 3104/1325/1092
f 2969/1152/957 2967/1151/956 3104/1325/1092
f 2967/1151/956 2984/1171/972 3104/1325/1092
f 3105/1327/1093 3099/1326/1088 3104/1325/1092
f 3105/1327/1093 3104/1325/1092 2985/1172/973
f 2984/1171/972 2985/1172/973 3104/1325/1092
f 3105/1327/1093 3106/1328/1094 3107/1329/1095
f 3106/1328/1094 3105/1327/1093 2985/1172/973
f 3099/1326/1088 3105/1327/1093 3107/1329/1095
f 3106/1328/1094 3108/1330/1096 3107/1329/1095
f 3107/1329/1095 3108/1330/1096 3109/1331/1097
f 3100/1332/1089 3107/1329/1095 3109/1331/1097
f 3100/1332/1089 3099/1326/1088 3107/1329/1095
f 3108/1330/1096 2998/1189/986 3109/1331/1097
f 3109/1331/1097 2998/1189/986 3090/1309/1079
f 3092/1310/1080 3109/1331/1097 3090/1309/1079
f 3092/1310/1080 3100/1332/1089 3109/1331/1097
f 2987/1177/975 2991/1187/979 3108/1330/1096
f 3106/1328/1094 2987/1177/975 3108/1330/1096
f 3108/1330/1096 2991/1187/979 2998/1189/986
f 2987/1177/975 3106/1328/1094 2985/1172/973
f 2989/1179/978 2972/1158/961 3102/1322/1090
f 3102/1322/1090 3097/1317/1085 2992/1181/980
f 2992/1181/980 2989/1179/978 3102/1322/1090
f 3100/1321/1089 3092/1311/1080 3094/1314/1082
f 3097/1317/1085 2993/1183/982 2992/1181/980
f 2998/1189/986 2999/1190/987 3090/1309/1079
f 3077/1288/1065 3005/1199/994 3004/1197/992
f 3072/1283/1060 3069/1280/1057 3110/1333/1098
f 3110/1333/1098 3012/1205/1000 3072/1283/1060
f 3012/1205/1000 3110/1333/1098 3013/1206/1001
f 3110/1333/1098 3022/1219/1010 3013/1206/1001
f 3069/1280/1057 3022/1219/1010 3110/1333/1098
f 3069/1280/1057 3064/1275/1052 3022/1219/1010
f 3067/1279/1056 3058/1269/1046 3060/1271/1048
f 3064/1275/1052 3023/1221/1012 3022/1219/1010
f 3057/1267/1045 3029/1227/1017 3055/1265/1044
f 3028/1226/1016 3029/1227/1017 3057/1267/1045
f 3055/1265/1044 3031/1231/1020 3046/1252/1035
f 3029/1227/1017 3031/1231/1020 3055/1265/1044
f 3050/1257/1039 3038/1239/1027 3035/1236/1024
f 3031/1231/1020 3044/1248/1032 3046/1252/1035
f 3031/1231/1020 3032/1230/1019 3044/1248/1032
f 3032/1230/1019 3037/1243/1025 3044/1248/1032
f 3025/1222/1013 3034/1234/1022 3026/1223/1014
f 3019/1215/1007 3020/1216/1008 3028/1226/1016
f 3002/1193/989 3007/1300/995 3001/1194/990
f 2995/1184/983 3004/1197/992 2996/1185/984
f 2972/1158/961 2989/1179/978 2975/1160/963
f 2975/1160/963 2989/1179/978 2981/1166/969
f 2965/1148/953 2984/1171/972 2967/1151/956
f 2965/1148/953 2982/1169/971 2984/1171/972
f 2982/1168/971 2964/1334/952 2979/1164/967
f 2964/1147/952 2982/1169/971 2965/1148/953
f 2979/1164/967 2964/1334/952 2949/1127/937
f 2978/1163/966 2979/1164/967 2949/1127/937
f 2950/1128/938 2978/1163/966 2949/1127/937
f 3111/1335/1099 2978/1163/966 2950/1128/938
f 3111/1335/1099 2976/1162/965 2978/1163/966
f 3111/1335/1099 2951/1129/939 2954/1133/943
f 2951/1129/939 3111/1335/1099 2950/1128/938
f 2976/1162/965 3111/1335/1099 2960/1144/949
f 2960/1144/949 3111/1335/1099 2954/1133/943
f 2970/1154/958 2976/1162/965 2960/1144/949
f 2960/1144/949 2959/1143/947 2970/1154/958
f 2964/1334/952 2946/1124/935 2949/1127/937
f 2949/1127/937 2946/1124/935 2947/1126/936
f 3115/1336/1100 3112/1337/1101 3113/1338/1102
f 3112/1337/1101 3114/1339/1103 3113/1338/1102
f 3116/1340/1104 3114/1341/1103 3112/1342/1101
f 3115/1343/1100 3117/1344/1105 3112/1342/1101
f 3118/1345/1106 3116/1340/1104 3112/1342/1101
f 3117/1344/1105 3118/1345/1106 3112/1342/1101
f 3118/1346/1106 3117/1347/1105 3119/1348/1107
f 3119/1348/1107 3120/1349/1108 3118/1346/1106
f 3120/1349/1108 3116/1350/1104 3118/1346/1106
f 3120/1351/1108 3121/1352/1109 3122/1353/1110
f 3113/1354/1102 3121/1352/1109 3120/1351/1108
f 3119/1355/1107 3113/1354/1102 3120/1351/1108
f 3120/1349/1108 3122/1356/1110 3123/1357/1111
f 3116/1350/1104 3120/1349/1108 3123/1357/1111
f 3122/1356/1110 3124/1358/1112 3123/1357/1111
f 3124/1358/1112 3125/1359/1113 3123/1357/1111
f 3123/1360/1111 3125/1361/1113 3126/1362/1114
f 3126/1362/1114 3114/1341/1103 3123/1360/1111
f 3114/1341/1103 3116/1340/1104 3123/1360/1111
f 3125/1361/1113 3127/1363/1115 3126/1362/1114
f 3114/1339/1103 3126/1364/1114 3129/1365/1116
f 3128/1366/1117 3126/1362/1114 3127/1363/1115
f 3126/1367/1114 3128/1368/1117 3129/1369/1116
f 3121/1370/1109 3114/1339/1103 3129/1365/1116
f 3121/1352/1109 3129/1371/1116 3122/1353/1110
f 3130/1372/1118 3129/1371/1116 3131/1373/1119
f 3122/1353/1110 3129/1371/1116 3130/1372/1118
f 3128/1368/1117 3131/1374/1119 3129/1369/1116
f 3134/1375/1120 3132/1376/1121 3131/1373/1119
f 3131/1373/1119 3132/1376/1121 3137/1377/1122
f 3133/1378/1123 3130/1372/1118 3131/1373/1119
f 3133/1378/1123 3131/1373/1119 3137/1377/1122
f 3128/1379/1117 3136/1380/1124 3131/1381/1119
f 3135/1382/1125 3134/1375/1120 3131/1373/1119
f 3136/1380/1124 3135/1383/1125 3131/1381/1119
f 3137/1377/1122 3138/1384/1126 3133/1378/1123
f 3139/1385/1127 3138/1386/1126 3137/1387/1122
f 3140/1388/1128 3139/1385/1127 3137/1387/1122
f 3137/1387/1122 3132/1389/1121 3140/1388/1128
f 3132/1389/1121 3141/1390/1129 3140/1388/1128
f 3140/1391/1128 3141/1392/1129 3142/1393/1130
f 3139/1394/1127 3140/1391/1128 3142/1393/1130
f 3142/1395/1130 3127/1396/1115 3144/1397/1131
f 3142/1393/1130 3128/1366/1117 3127/1363/1115
f 3141/1392/1129 3128/1366/1117 3142/1393/1130
f 3145/1398/1132 3142/1399/1130 3143/1400/1133
f 3143/1401/1133 3142/1395/1130 3144/1397/1131
f 3145/1402/1132 3139/1394/1127 3142/1393/1130
f 3146/1403/1134 3145/1398/1132 3143/1400/1133
f 3146/1403/1134 3149/1404/1135 3145/1398/1132
f 3147/1405/1136 3139/1394/1127 3145/1402/1132
f 3148/1406/1137 3147/1405/1136 3145/1402/1132
f 3149/1404/1135 3148/1407/1137 3145/1398/1132
f 3150/1408/1138 3152/1409/1139 3149/1404/1135
f 3149/1404/1135 3151/1410/1140 3150/1408/1138
f 3149/1404/1135 3146/1403/1134 3151/1410/1140
f 3152/1409/1139 3148/1407/1137 3149/1404/1135
f 3152/1411/1139 3154/1412/1141 3148/1406/1137
f 3153/1413/1142 3154/1412/1141 3152/1411/1139
f 3155/1414/1143 3153/1413/1142 3152/1411/1139
f 3155/1415/1143 3152/1409/1139 3150/1408/1138
f 3156/1416/1144 3153/1413/1142 3155/1414/1143
f 3157/1417/1145 3156/1416/1144 3155/1414/1143
f 3158/1418/1146 3155/1415/1143 3150/1408/1138
f 3157/1419/1145 3155/1415/1143 3158/1418/1146
f 3161/1420/1147 3159/1421/1148 3158/1418/1146
f 3158/1418/1146 3159/1421/1148 3160/1422/1149
f 3160/1422/1149 3157/1419/1145 3158/1418/1146
f 3150/1408/1138 3161/1420/1147 3158/1418/1146
f 3161/1423/1147 3151/1424/1140 3163/1425/1150
f 3151/1410/1140 3161/1420/1147 3150/1408/1138
f 3159/1426/1148 3161/1423/1147 3162/1427/1151
f 3162/1427/1151 3161/1423/1147 3163/1425/1150
f 3163/1428/1150 3138/1386/1126 3147/1429/1136
f 3162/1430/1151 3163/1428/1150 3147/1429/1136
f 3138/1384/1126 3163/1425/1150 3164/1431/1152
f 3163/1425/1150 3151/1424/1140 3164/1431/1152
f 3164/1432/1152 3146/1403/1134 3143/1400/1133
f 3146/1403/1134 3164/1432/1152 3151/1410/1140
f 3133/1433/1123 3164/1432/1152 3143/1400/1133
f 3138/1384/1126 3164/1431/1152 3133/1378/1123
f 3165/1434/1153 3159/1426/1148 3162/1427/1151
f 3165/1435/1153 3162/1430/1151 3154/1436/1141
f 3154/1436/1141 3162/1430/1151 3147/1429/1136
f 3166/1437/1154 3167/1438/1155 3165/1434/1153
f 3166/1439/1154 3165/1435/1153 3153/1440/1142
f 3167/1438/1155 3159/1426/1148 3165/1434/1153
f 3153/1440/1142 3165/1435/1153 3154/1436/1141
f 3159/1421/1148 3167/1441/1155 3160/1422/1149
f 3167/1441/1155 3168/1442/1156 3160/1422/1149
f 3169/1443/1157 3168/1444/1156 3167/1438/1155
f 3166/1437/1154 3169/1443/1157 3167/1438/1155
f 3169/1445/1157 3166/1446/1154 3172/1447/1158
f 3170/1448/1159 3168/1444/1156 3169/1443/1157
f 3171/1449/1160 3170/1448/1159 3169/1443/1157
f 3171/1450/1160 3169/1445/1157 3172/1447/1158
f 3173/1451/1161 3172/1452/1158 3174/1453/1162
f 3173/1454/1161 3171/1450/1160 3172/1447/1158
f 3172/1452/1158 3156/1416/1144 3174/1453/1162
f 3166/1446/1154 3156/1455/1144 3172/1447/1158
f 3175/1456/1163 3174/1457/1162 3176/1458/1164
f 3175/1459/1163 3173/1451/1161 3174/1453/1162
f 3156/1416/1144 3157/1417/1145 3174/1453/1162
f 3176/1458/1164 3174/1457/1162 3157/1419/1145
f 3177/1460/1165 3175/1456/1163 3176/1458/1164
f 3176/1458/1164 3168/1442/1156 3177/1460/1165
f 3168/1442/1156 3176/1458/1164 3160/1422/1149
f 3160/1422/1149 3176/1458/1164 3157/1419/1145
f 3178/1461/1166 3175/1456/1163 3177/1460/1165
f 3168/1442/1156 3170/1462/1159 3177/1460/1165
f 3177/1460/1165 3170/1462/1159 3179/1463/1167
f 3179/1463/1167 3178/1461/1166 3177/1460/1165
f 3180/1464/1168 3178/1461/1166 3179/1463/1167
f 3181/1465/1169 3180/1464/1168 3179/1463/1167
f 3179/1463/1167 3182/1466/1170 3181/1465/1169
f 3170/1462/1159 3182/1466/1170 3179/1463/1167
f 3182/1466/1170 3183/1467/1171 3181/1465/1169
f 3183/1468/1171 3182/1469/1170 3184/1470/1172
f 3184/1470/1172 3182/1469/1170 3171/1449/1160
f 3182/1469/1170 3170/1448/1159 3171/1449/1160
f 3186/1471/1173 3183/1468/1171 3184/1470/1172
f 3185/1472/1174 3184/1473/1172 3173/1454/1161
f 3186/1474/1173 3184/1473/1172 3185/1472/1174
f 3184/1473/1172 3171/1450/1160 3173/1454/1161
f 3187/1475/1175 3189/1476/1176 3186/1471/1173
f 3187/1477/1175 3186/1474/1173 3188/1478/1177
f 3188/1478/1177 3186/1474/1173 3185/1472/1174
f 3189/1476/1176 3183/1468/1171 3186/1471/1173
f 3189/1479/1176 3130/1480/1118 3190/1481/1178
f 3189/1476/1176 3187/1475/1175 3130/1372/1118
f 3183/1467/1171 3189/1479/1176 3190/1481/1178
f 3190/1481/1178 3144/1482/1131 3127/1483/1115
f 3191/1484/1179 3190/1481/1178 3127/1483/1115
f 3181/1465/1169 3183/1467/1171 3190/1481/1178
f 3190/1481/1178 3191/1484/1179 3181/1465/1169
f 3130/1480/1118 3144/1482/1131 3190/1481/1178
f 3192/1485/1180 3191/1486/1179 3127/1363/1115
f 3191/1486/1179 3192/1485/1180 3180/1487/1168
f 3191/1484/1179 3180/1464/1168 3181/1465/1169
f 3125/1361/1113 3192/1485/1180 3127/1363/1115
f 3192/1488/1180 3187/1477/1175 3188/1478/1177
f 3187/1477/1175 3192/1488/1180 3125/1359/1113
f 3192/1485/1180 3188/1489/1177 3180/1487/1168
f 3180/1487/1168 3188/1489/1177 3178/1490/1166
f 3188/1489/1177 3185/1491/1174 3178/1490/1166
f 3187/1475/1175 3124/1492/1112 3130/1372/1118
f 3124/1358/1112 3187/1477/1175 3125/1359/1113
f 3178/1490/1166 3185/1491/1174 3175/1459/1163
f 3185/1491/1174 3173/1451/1161 3175/1459/1163
f 3156/1493/1144 3166/1439/1154 3153/1440/1142
f 3154/1412/1141 3147/1405/1136 3148/1406/1137
f 3138/1386/1126 3139/1385/1127 3147/1429/1136
f 3143/1401/1133 3144/1397/1131 3130/1494/1118
f 3133/1495/1123 3143/1401/1133 3130/1494/1118
f 3193/1496/1181 3141/1390/1129 3132/1389/1121
f 3141/1392/1129 3193/1497/1181 3128/1366/1117
f 3134/1498/1120 3193/1496/1181 3132/1389/1121
f 3193/1497/1181 3136/1499/1124 3128/1366/1117
f 3193/1496/1181 3134/1498/1120 3194/1500/1182
f 3193/1497/1181 3194/1501/1182 3195/1502/1183
f 3136/1499/1124 3193/1497/1181 3195/1502/1183
f 3195/1502/1183 3194/1501/1182 3197/1503/1184
f 3136/1380/1124 3195/1504/1183 3196/1505/1185
f 3196/1505/1185 3195/1504/1183 3198/1506/1186
f 3195/1504/1183 3197/1507/1184 3198/1506/1186
f 3198/1506/1186 3197/1507/1184 3199/1508/1187
f 3198/1509/1186 3199/1510/1187 3200/1511/1188
f 3201/1512/1189 3198/1509/1186 3200/1511/1188
f 3196/1513/1185 3198/1509/1186 3201/1512/1189
f 3202/1514/1190 3196/1513/1185 3201/1512/1189
f 3202/1515/1190 3201/1516/1189 3203/1517/1191
f 3203/1517/1191 3201/1516/1189 3204/1518/1192
f 3201/1516/1189 3200/1519/1188 3204/1518/1192
f 3204/1518/1192 3200/1519/1188 3206/1520/1193
f 3205/1521/1194 3204/1522/1192 3207/1523/1195
f 3203/1524/1191 3204/1522/1192 3205/1521/1194
f 3204/1522/1192 3206/1525/1193 3207/1523/1195
f 3208/1526/1196 3207/1527/1195 3209/1528/1197
f 3205/1529/1194 3207/1527/1195 3208/1526/1196
f 3209/1530/1197 3207/1523/1195 3206/1525/1193
f 3211/1531/1198 3208/1526/1196 3209/1528/1197
f 3209/1530/1197 3210/1532/1199 3212/1533/1200
f 3210/1532/1199 3209/1530/1197 3206/1525/1193
f 3211/1531/1198 3209/1528/1197 3213/1534/1201
f 3209/1528/1197 3212/1535/1200 3213/1534/1201
f 3213/1534/1201 3212/1535/1200 3214/1536/1202
f 3213/1537/1201 3214/1538/1202 3215/1539/1203
f 3216/1540/1204 3213/1537/1201 3215/1539/1203
f 3211/1541/1198 3213/1537/1201 3216/1540/1204
f 3217/1542/1205 3211/1541/1198 3216/1540/1204
f 3217/1543/1205 3216/1544/1204 3218/1545/1206
f 3218/1545/1206 3216/1544/1204 3117/1347/1105
f 3216/1544/1204 3215/1546/1203 3117/1347/1105
f 3210/1532/1199 3218/1547/1206 3212/1533/1200
f 3210/1548/1199 3217/1543/1205 3218/1545/1206
f 3212/1533/1200 3218/1547/1206 3115/1343/1100
f 3218/1547/1206 3117/1344/1105 3115/1343/1100
f 3217/1542/1205 3219/1549/1207 3208/1550/1196
f 3211/1541/1198 3217/1542/1205 3208/1550/1196
f 3219/1551/1207 3217/1543/1205 3210/1548/1199
f 3200/1511/1188 3199/1510/1187 3219/1549/1207
f 3200/1519/1188 3219/1551/1207 3206/1520/1193
f 3199/1510/1187 3208/1550/1196 3219/1549/1207
f 3206/1520/1193 3219/1551/1207 3210/1548/1199
f 3117/1347/1105 3215/1546/1203 3119/1348/1107
f 3119/1355/1107 3215/1539/1203 3113/1354/1102
f 3215/1539/1203 3214/1538/1202 3113/1354/1102
f 3212/1535/1200 3115/1336/1100 3214/1536/1202
f 3214/1536/1202 3115/1336/1100 3113/1338/1102
f 3199/1508/1187 3205/1529/1194 3208/1526/1196
f 3197/1507/1184 3205/1529/1194 3199/1508/1187
f 3197/1503/1184 3203/1524/1191 3205/1521/1194
f 3194/1501/1182 3203/1524/1191 3197/1503/1184
f 3194/1500/1182 3202/1515/1190 3203/1517/1191
f 3134/1498/1120 3202/1515/1190 3194/1500/1182
f 3135/1382/1125 3196/1513/1185 3202/1514/1190
f 3134/1375/1120 3135/1382/1125 3202/1514/1190
f 3135/1383/1125 3136/1380/1124 3196/1505/1185
f 3124/1492/1112 3122/1353/1110 3130/1372/1118
f 3114/1339/1103 3121/1370/1109 3113/1338/1102
f 3220/1552/1208 3221/1553/1209 3224/1554/1210
f 3220/1555/1208 3222/1556/1211 3221/1557/1209
f 3222/1558/1211 3220/1559/1208 3223/1560/1212
f 3220/1559/1208 3224/1561/1210 3223/1560/1212
f 3221/1553/1209 3225/1562/1213 3224/1554/1210
f 3221/1563/1209 3226/1564/1214 3225/1565/1213
f 3226/1564/1214 3227/1566/1215 3225/1565/1213
f 3222/1567/1211 3223/1568/1212 3227/1569/1215
f 3226/1570/1214 3222/1567/1211 3227/1569/1215
f 3222/1556/1211 3226/1571/1214 3221/1557/1209
f 3228/1572/1216 3229/1573/1217 3232/1574/1218
f 3228/1575/1216 3230/1576/1219 3229/1577/1217
f 3230/1578/1219 3228/1579/1216 3231/1580/1220
f 3228/1579/1216 3232/1581/1218 3231/1580/1220
f 3229/1573/1217 3233/1582/1221 3232/1574/1218
f 3229/1583/1217 3234/1584/1222 3233/1585/1221
f 3234/1584/1222 3235/1586/1223 3233/1585/1221
f 3230/1587/1219 3231/1588/1220 3235/1589/1223
f 3234/1590/1222 3230/1587/1219 3235/1589/1223
f 3230/1576/1219 3234/1591/1222 3229/1577/1217
usemtl Mat_CyberNinja_Body
f 282/1592/1224 283/1593/1225 284/1594/1226
f 283/1593/1225 285/1595/1227 284/1594/1226
f 286/1596/1228 287/1597/1229 288/1598/1230
f 287/1597/1229 289/1599/1231 288/1598/1230
f 289/1599/1231 290/1600/1232 288/1598/1230
f 290/1600/1232 291/1601/1233 288/1598/1230
f 290/1600/1232 292/1602/1234 291/1601/1233
f 292/1602/1234 293/1603/1235 291/1601/1233
f 293/1603/1235 292/1602/1234 294/1604/1236
f 295/1605/1237 293/1603/1235 294/1604/1236
f 294/1604/1236 296/1606/1238 295/1605/1237
f 296/1606/1238 297/1607/1239 295/1605/1237
f 297/1607/1239 296/1606/1238 298/1608/1240
f 296/1606/1238 299/1609/1241 298/1608/1240
f 298/1608/1240 299/1609/1241 300/1610/1242
f 299/1609/1241 301/1611/1243 300/1610/1242
f 302/1612/1244 303/1613/1245 304/1614/1246
f 287/1597/1229 286/1596/1228 305/1615/1247
f 303/1613/1245 287/1597/1229 305/1615/1247
f 303/1613/1245 305/1615/1247 304/1614/1246
f 304/1614/1246 306/1616/1248 302/1612/1244
f 306/1616/1248 307/1617/1249 302/1612/1244
f 306/1616/1248 308/1618/1250 307/1617/1249
f 308/1618/1250 309/1619/1251 307/1617/1249
f 309/1619/1251 308/1618/1250 310/1620/1252
f 311/1621/1253 309/1619/1251 310/1620/1252
f 312/1622/1254 311/1621/1253 313/1623/1255
f 311/1621/1253 310/1620/1252 313/1623/1255
f 313/1623/1255 314/1624/1256 312/1622/1254
f 314/1624/1256 315/1625/1257 312/1622/1254
f 316/1626/1258 283/1593/1225 282/1592/1224
f 316/1626/1258 317/1627/1259 318/1628/1260
f 283/1593/1225 316/1626/1258 318/1628/1260
f 317/1627/1259 319/1629/1261 318/1628/1260
f 317/1627/1259 320/1630/1262 319/1629/1261
f 320/1630/1262 321/1631/1263 319/1629/1261
f 320/1630/1262 322/1632/1264 321/1631/1263
f 322/1632/1264 323/1633/1265 321/1631/1263
f 322/1632/1264 324/1634/1266 323/1633/1265
f 324/1634/1266 325/1635/1267 323/1633/1265
f 324/1634/1266 326/1636/1268 325/1635/1267
f 326/1636/1268 327/1637/1269 325/1635/1267
f 327/1637/1269 326/1636/1268 328/1638/1270
f 329/1639/1271 327/1637/1269 328/1638/1270
f 330/1640/1272 331/1641/1273 332/1642/1274
f 331/1641/1273 333/1643/1275 332/1642/1274
f 330/1640/1272 334/1644/1276 331/1641/1273
f 334/1644/1276 335/1645/1277 331/1641/1273
f 334/1644/1276 336/1646/1278 335/1645/1277
f 336/1646/1278 337/1647/1279 335/1645/1277
f 336/1646/1278 338/1648/1280 337/1647/1279
f 338/1648/1280 339/1649/1281 337/1647/1279
f 340/1650/1282 339/1649/1281 341/1651/1283
f 339/1649/1281 338/1648/1280 341/1651/1283
f 341/1651/1283 342/1652/1284 340/1650/1282
f 342/1652/1284 343/1653/1285 340/1650/1282
f 342/1652/1284 344/1654/1286 343/1653/1285
f 344/1654/1286 345/1655/1287 343/1653/1285
f 345/1655/1287 344/1654/1286 346/1656/1288
f 344/1654/1286 347/1657/1289 346/1656/1288
f 347/1657/1289 348/1658/1290 346/1656/1288
f 348/1658/1290 349/1659/1291 346/1656/1288
f 350/1660/1292 349/1659/1291 348/1658/1290
f 351/1661/1293 350/1660/1292 348/1658/1290
f 350/1660/1292 351/1661/1293 352/1662/1294
f 353/1663/1295 350/1660/1292 352/1662/1294
f 352/1662/1294 354/1664/1296 353/1663/1295
f 301/1611/1243 299/1609/1241 354/1664/1296
f 354/1664/1296 355/1665/1297 353/1663/1295
f 299/1609/1241 355/1665/1297 354/1664/1296
f 299/1609/1241 296/1606/1238 355/1665/1297
f 350/1660/1292 353/1663/1295 356/1666/1298
f 294/1604/1236 292/1602/1234 356/1666/1298
f 353/1663/1295 355/1665/1297 356/1666/1298
f 356/1666/1298 357/1667/1299 294/1604/1236
f 357/1667/1299 296/1606/1238 294/1604/1236
f 355/1665/1297 357/1667/1299 356/1666/1298
f 296/1606/1238 357/1667/1299 355/1665/1297
f 292/1602/1234 358/1668/1300 356/1666/1298
f 358/1668/1300 350/1660/1292 356/1666/1298
f 358/1668/1300 292/1602/1234 359/1669/1301
f 359/1669/1301 290/1600/1232 289/1599/1231
f 349/1659/1291 350/1660/1292 359/1669/1301
f 292/1602/1234 290/1600/1232 359/1669/1301
f 350/1660/1292 358/1668/1300 359/1669/1301
f 346/1656/1288 349/1659/1291 360/1670/1302
f 349/1659/1291 359/1669/1301 360/1670/1302
f 360/1670/1302 359/1669/1301 289/1599/1231
f 345/1655/1287 346/1656/1288 360/1670/1302
f 361/1671/1303 360/1670/1302 289/1599/1231
f 287/1597/1229 361/1671/1303 289/1599/1231
f 361/1671/1303 287/1597/1229 303/1613/1245
f 361/1671/1303 345/1655/1287 360/1670/1302
f 302/1612/1244 307/1617/1249 362/1672/1304
f 340/1650/1282 343/1653/1285 362/1672/1304
f 345/1655/1287 361/1671/1303 363/1673/1305
f 343/1653/1285 345/1655/1287 363/1673/1305
f 362/1672/1304 363/1673/1305 302/1612/1244
f 343/1653/1285 363/1673/1305 362/1672/1304
f 363/1673/1305 361/1671/1303 303/1613/1245
f 363/1673/1305 303/1613/1245 302/1612/1244
f 307/1617/1249 309/1619/1251 364/1674/1306
f 364/1674/1306 339/1649/1281 340/1650/1282
f 307/1617/1249 364/1674/1306 362/1672/1304
f 362/1672/1304 364/1674/1306 340/1650/1282
f 309/1619/1251 365/1675/1307 364/1674/1306
f 365/1675/1307 309/1619/1251 311/1621/1253
f 337/1647/1279 339/1649/1281 365/1675/1307
f 339/1649/1281 364/1674/1306 365/1675/1307
f 366/1676/1308 365/1675/1307 311/1621/1253
f 335/1645/1277 337/1647/1279 366/1676/1308
f 337/1647/1279 365/1675/1307 366/1676/1308
f 366/1676/1308 311/1621/1253 312/1622/1254
f 312/1622/1254 315/1625/1257 367/1677/1309
f 367/1677/1309 366/1676/1308 312/1622/1254
f 331/1641/1273 335/1645/1277 367/1677/1309
f 335/1645/1277 366/1676/1308 367/1677/1309
f 333/1643/1275 331/1641/1273 368/1678/1310
f 315/1625/1257 368/1678/1310 367/1677/1309
f 331/1641/1273 367/1677/1309 368/1678/1310
f 285/1595/1227 283/1593/1225 369/1679/1311
f 370/1680/1312 283/1593/1225 318/1628/1260
f 283/1593/1225 370/1680/1312 369/1679/1311
f 284/1594/1226 285/1595/1227 371/1681/1313
f 285/1595/1227 369/1679/1311 372/1682/1314
f 371/1681/1313 285/1595/1227 372/1682/1314
f 371/1681/1313 372/1682/1314 373/1683/1315
f 374/1684/1316 371/1681/1313 373/1683/1315
f 375/1685/1317 374/1684/1316 376/1686/1318
f 374/1684/1316 373/1683/1315 376/1686/1318
f 375/1685/1317 376/1686/1318 377/1687/1319
f 378/1688/1320 375/1685/1317 377/1687/1319
f 369/1689/1311 288/1598/1230 291/1601/1233
f 370/1690/1312 286/1596/1228 288/1598/1230
f 369/1689/1311 370/1690/1312 288/1598/1230
f 286/1596/1228 370/1690/1312 305/1615/1247
f 372/1691/1314 369/1689/1311 291/1601/1233
f 372/1691/1314 291/1601/1233 293/1603/1235
f 373/1692/1315 293/1603/1235 295/1605/1237
f 373/1692/1315 372/1691/1314 293/1603/1235
f 376/1693/1318 373/1692/1315 295/1605/1237
f 376/1693/1318 295/1605/1237 297/1607/1239
f 377/1694/1319 376/1693/1318 297/1607/1239
f 377/1694/1319 297/1607/1239 298/1608/1240
f 379/1695/1321 377/1694/1319 298/1608/1240
f 379/1695/1321 298/1608/1240 300/1610/1242
f 379/1695/1321 380/1696/1322 377/1694/1319
f 380/1696/1322 379/1695/1321 300/1610/1242
f 380/1696/1322 378/1697/1320 377/1694/1319
f 381/1698/1323 334/1699/1276 382/1700/1324
f 334/1699/1276 330/1701/1272 382/1700/1324
f 383/1702/1325 382/1700/1324 330/1701/1272
f 332/1703/1274 383/1702/1325 330/1701/1272
f 383/1702/1325 332/1703/1274 384/1704/1326
f 385/1705/1327 383/1702/1325 384/1704/1326
f 381/1698/1323 338/1706/1280 334/1699/1276
f 338/1706/1280 336/1707/1278 334/1699/1276
f 381/1698/1323 386/1708/1328 338/1706/1280
f 386/1708/1328 341/1709/1283 338/1706/1280
f 341/1709/1283 386/1708/1328 342/1710/1284
f 386/1708/1328 387/1711/1329 342/1710/1284
f 342/1710/1284 387/1711/1329 344/1712/1286
f 387/1711/1329 388/1713/1330 344/1712/1286
f 344/1712/1286 388/1713/1330 347/1714/1289
f 388/1713/1330 389/1715/1331 347/1714/1289
f 347/1714/1289 389/1715/1331 348/1716/1290
f 389/1715/1331 388/1713/1330 390/1717/1332
f 389/1715/1331 390/1717/1332 348/1716/1290
f 348/1716/1290 390/1717/1332 351/1718/1293
f 390/1717/1332 391/1719/1333 351/1718/1293
f 351/1718/1293 391/1719/1333 352/1720/1294
f 391/1719/1333 392/1721/1334 352/1720/1294
f 392/1721/1334 393/1722/1335 352/1720/1294
f 393/1722/1335 354/1723/1296 352/1720/1294
f 382/1700/1324 394/1724/1336 381/1698/1323
f 394/1724/1336 386/1708/1328 381/1698/1323
f 383/1702/1325 395/1725/1337 382/1700/1324
f 383/1702/1325 385/1705/1327 395/1725/1337
f 395/1725/1337 394/1724/1336 382/1700/1324
f 385/1705/1327 396/1726/1338 395/1725/1337
f 397/1727/1339 387/1711/1329 386/1708/1328
f 394/1724/1336 397/1727/1339 386/1708/1328
f 388/1713/1330 387/1711/1329 397/1727/1339
f 398/1728/1340 397/1727/1339 394/1724/1336
f 395/1725/1337 396/1726/1338 398/1728/1340
f 395/1725/1337 398/1728/1340 394/1724/1336
f 396/1726/1338 399/1729/1341 398/1728/1340
f 400/1730/1342 388/1713/1330 397/1727/1339
f 388/1713/1330 400/1730/1342 390/1717/1332
f 390/1717/1332 400/1730/1342 391/1719/1333
f 400/1730/1342 397/1727/1339 398/1728/1340
f 391/1719/1333 401/1731/1343 392/1721/1334
f 401/1731/1343 398/1728/1340 399/1729/1341
f 400/1730/1342 401/1731/1343 391/1719/1333
f 401/1731/1343 400/1730/1342 398/1728/1340
f 401/1731/1343 402/1732/1344 392/1721/1334
f 402/1732/1344 401/1731/1343 399/1729/1341
f 402/1732/1344 403/1733/1345 392/1721/1334
f 403/1733/1345 402/1732/1344 399/1729/1341
f 403/1733/1345 393/1722/1335 392/1721/1334
f 404/1734/1346 403/1733/1345 399/1729/1341
f 399/1729/1341 396/1726/1338 404/1734/1346
f 396/1726/1338 405/1735/1347 404/1734/1346
f 405/1735/1347 396/1726/1338 406/1736/1348
f 396/1726/1338 385/1705/1327 406/1736/1348
f 384/1704/1326 407/1737/1349 385/1705/1327
f 407/1737/1349 406/1736/1348 385/1705/1327
f 327/1738/1269 313/1623/1255 310/1620/1252
f 313/1623/1255 327/1738/1269 314/1624/1256
f 327/1738/1269 329/1739/1271 314/1624/1256
f 325/1740/1267 310/1620/1252 308/1618/1250
f 325/1740/1267 327/1738/1269 310/1620/1252
f 323/1741/1265 325/1740/1267 308/1618/1250
f 323/1741/1265 308/1618/1250 306/1616/1248
f 321/1742/1263 306/1616/1248 304/1614/1246
f 321/1742/1263 323/1741/1265 306/1616/1248
f 319/1743/1261 304/1614/1246 305/1615/1247
f 319/1743/1261 321/1742/1263 304/1614/1246
f 318/1744/1260 319/1743/1261 305/1615/1247
f 370/1690/1312 318/1744/1260 305/1615/1247
f 408/1745/1350 316/1626/1258 282/1592/1224
f 408/1745/1350 409/1746/1351 316/1626/1258
f 409/1746/1351 317/1627/1259 316/1626/1258
f 409/1746/1351 410/1747/1352 317/1627/1259
f 410/1747/1352 320/1630/1262 317/1627/1259
f 411/1748/1353 322/1632/1264 320/1630/1262
f 410/1747/1352 411/1748/1353 320/1630/1262
f 411/1748/1353 412/1749/1354 322/1632/1264
f 412/1749/1354 324/1634/1266 322/1632/1264
f 412/1749/1354 413/1750/1355 324/1634/1266
f 413/1750/1355 326/1636/1268 324/1634/1266
f 414/1751/1356 328/1638/1270 326/1636/1268
f 413/1750/1355 414/1751/1356 326/1636/1268
f 414/1751/1356 415/1752/1357 328/1638/1270
f 415/1752/1357 416/1753/1358 328/1638/1270
f 314/1624/1256 417/1754/1359 315/1625/1257
f 368/1678/1310 315/1625/1257 417/1754/1359
f 417/1754/1359 314/1624/1256 328/1755/1270
f 314/1624/1256 329/1739/1271 328/1755/1270
f 417/1754/1359 328/1755/1270 416/1756/1358
f 418/1757/1360 417/1754/1359 416/1756/1358
f 419/1758/1361 417/1754/1359 418/1757/1360
f 333/1643/1275 368/1678/1310 419/1758/1361
f 419/1758/1361 368/1678/1310 417/1754/1359
f 420/1759/1362 333/1643/1275 419/1758/1361
f 420/1759/1362 384/1760/1326 333/1643/1275
f 384/1760/1326 332/1642/1274 333/1643/1275
f 420/1759/1362 419/1758/1361 421/1761/1363
f 421/1761/1363 419/1758/1361 418/1757/1360
f 422/1762/1364 420/1759/1362 421/1761/1363
f 407/1763/1349 384/1760/1326 420/1759/1362
f 422/1762/1364 407/1763/1349 420/1759/1362
f 405/1735/1347 406/1736/1348 423/1764/1365
f 406/1736/1348 407/1737/1349 424/1765/1366
f 423/1764/1365 406/1736/1348 424/1765/1366
f 422/1762/1364 425/1766/1367 407/1763/1349
f 425/1766/1367 424/1767/1366 407/1763/1349
f 421/1761/1363 426/1768/1368 422/1762/1364
f 426/1768/1368 425/1766/1367 422/1762/1364
f 416/1756/1358 427/1769/1369 418/1757/1360
f 428/1770/1370 426/1768/1368 421/1761/1363
f 427/1769/1369 428/1770/1370 418/1757/1360
f 418/1757/1360 428/1770/1370 421/1761/1363
f 415/1752/1357 429/1771/1371 416/1753/1358
f 429/1771/1371 427/1772/1369 416/1753/1358
f 430/1773/1372 427/1772/1369 431/1774/1373
f 427/1772/1369 429/1771/1371 431/1774/1373
f 427/1769/1369 430/1775/1372 428/1770/1370
f 426/1768/1368 428/1770/1370 432/1776/1374
f 430/1775/1372 432/1776/1374 428/1770/1370
f 426/1768/1368 433/1777/1375 425/1766/1367
f 433/1777/1375 426/1768/1368 432/1776/1374
f 433/1777/1375 434/1778/1376 425/1766/1367
f 434/1778/1376 435/1779/1377 425/1766/1367
f 435/1779/1377 424/1767/1366 425/1766/1367
f 435/1780/1377 436/1781/1378 424/1765/1366
f 436/1781/1378 423/1764/1365 424/1765/1366
f 431/1774/1373 437/1782/1379 430/1773/1372
f 437/1782/1379 438/1783/1380 430/1773/1372
f 430/1775/1372 438/1784/1380 432/1776/1374
f 438/1784/1380 439/1785/1381 432/1776/1374
f 432/1776/1374 439/1785/1381 433/1777/1375
f 434/1778/1376 433/1777/1375 440/1786/1382
f 439/1785/1381 440/1786/1382 433/1777/1375
f 435/1779/1377 434/1778/1376 441/1787/1383
f 441/1787/1383 434/1778/1376 440/1786/1382
f 440/1786/1382 439/1785/1381 441/1787/1383
f 439/1785/1381 438/1784/1380 441/1787/1383
f 442/1788/1384 435/1779/1377 441/1787/1383
f 442/1788/1384 441/1787/1383 438/1784/1380
f 443/1789/1385 436/1781/1378 435/1780/1377
f 442/1790/1384 443/1789/1385 435/1780/1377
f 444/1791/1386 442/1788/1384 438/1784/1380
f 443/1789/1385 442/1790/1384 444/1792/1386
f 445/1793/1387 443/1789/1385 444/1792/1386
f 438/1783/1380 437/1782/1379 444/1794/1386
f 437/1782/1379 446/1795/1388 444/1794/1386
f 445/1796/1387 444/1794/1386 447/1797/1389
f 444/1794/1386 446/1795/1388 447/1797/1389
f 445/1793/1387 448/1798/1390 443/1789/1385
f 448/1798/1390 449/1799/1391 443/1789/1385
f 436/1781/1378 443/1789/1385 449/1799/1391
f 423/1764/1365 436/1781/1378 450/1800/1392
f 450/1800/1392 436/1781/1378 449/1799/1391
f 451/1801/1393 405/1735/1347 423/1764/1365
f 451/1801/1393 423/1764/1365 450/1800/1392
f 404/1734/1346 405/1735/1347 452/1802/1394
f 405/1735/1347 451/1801/1393 452/1802/1394
f 451/1801/1393 450/1800/1392 453/1803/1395
f 452/1802/1394 451/1801/1393 453/1803/1395
f 454/1804/1396 453/1803/1395 450/1800/1392
f 449/1799/1391 454/1804/1396 450/1800/1392
f 454/1804/1396 449/1799/1391 455/1805/1397
f 449/1799/1391 448/1798/1390 455/1805/1397
f 452/1802/1394 456/1806/1398 404/1734/1346
f 403/1733/1345 456/1806/1398 393/1722/1335
f 456/1806/1398 403/1733/1345 404/1734/1346
f 452/1802/1394 453/1803/1395 457/1807/1399
f 456/1806/1398 452/1802/1394 457/1807/1399
f 458/1808/1400 457/1807/1399 453/1803/1395
f 454/1804/1396 458/1808/1400 453/1803/1395
f 455/1805/1397 459/1809/1401 454/1804/1396
f 459/1809/1401 458/1808/1400 454/1804/1396
f 456/1806/1398 460/1810/1402 393/1722/1335
f 460/1810/1402 456/1806/1398 461/1811/1403
f 456/1806/1398 457/1807/1399 461/1811/1403
f 457/1807/1399 458/1808/1400 462/1812/1404
f 461/1811/1403 457/1807/1399 462/1812/1404
f 463/1813/1405 462/1812/1404 458/1808/1400
f 459/1809/1401 463/1813/1405 458/1808/1400
f 460/1810/1402 461/1811/1403 464/1814/1406
f 460/1810/1402 464/1814/1406 393/1722/1335
f 464/1814/1406 354/1723/1296 393/1722/1335
f 461/1811/1403 462/1812/1404 465/1815/1407
f 461/1811/1403 465/1815/1407 464/1814/1406
f 462/1812/1404 466/1816/1408 465/1815/1407
f 463/1813/1405 467/1817/1409 462/1812/1404
f 467/1817/1409 466/1816/1408 462/1812/1404
f 447/1797/1389 468/1818/1410 445/1796/1387
f 468/1818/1410 448/1819/1390 445/1796/1387
f 448/1819/1390 468/1818/1410 455/1820/1397
f 468/1818/1410 469/1821/1411 455/1820/1397
f 455/1820/1397 469/1821/1411 459/1822/1401
f 469/1821/1411 470/1823/1412 459/1822/1401
f 459/1822/1401 470/1823/1412 463/1824/1405
f 470/1823/1412 471/1825/1413 463/1824/1405
f 463/1824/1405 471/1825/1413 467/1826/1409
f 471/1825/1413 472/1827/1414 467/1826/1409
f 473/1828/1415 464/1814/1406 465/1815/1407
f 473/1828/1415 301/1829/1243 464/1814/1406
f 301/1829/1243 354/1723/1296 464/1814/1406
f 474/1830/1416 473/1828/1415 465/1815/1407
f 475/1831/1417 474/1830/1416 465/1815/1407
f 466/1816/1408 475/1831/1417 465/1815/1407
f 466/1816/1408 467/1817/1409 476/1832/1418
f 475/1831/1417 466/1816/1408 476/1832/1418
f 472/1827/1414 477/1833/1419 467/1826/1409
f 477/1833/1419 476/1834/1418 467/1826/1409
f 300/1835/1242 301/1829/1243 473/1828/1415
f 478/1836/1420 300/1835/1242 473/1828/1415
f 478/1836/1420 473/1828/1415 479/1837/1421
f 473/1828/1415 474/1830/1416 479/1837/1421
f 475/1831/1417 476/1832/1418 480/1838/1422
f 479/1837/1421 474/1830/1416 480/1838/1422
f 474/1830/1416 475/1831/1417 480/1838/1422
f 476/1832/1418 481/1839/1423 480/1838/1422
f 477/1833/1419 482/1840/1424 476/1834/1418
f 482/1840/1424 481/1841/1423 476/1834/1418
f 300/1835/1242 478/1836/1420 380/1842/1322
f 478/1836/1420 483/1843/1425 380/1842/1322
f 479/1837/1421 480/1838/1422 484/1844/1426
f 484/1844/1426 483/1843/1425 478/1836/1420
f 479/1837/1421 484/1844/1426 478/1836/1420
f 483/1843/1425 485/1845/1427 380/1842/1322
f 485/1845/1427 378/1846/1320 380/1842/1322
f 485/1845/1427 483/1843/1425 486/1847/1428
f 483/1843/1425 484/1844/1426 486/1847/1428
f 480/1838/1422 487/1848/1429 484/1844/1426
f 484/1844/1426 487/1848/1429 486/1847/1428
f 487/1848/1429 480/1838/1422 488/1849/1430
f 480/1838/1422 481/1839/1423 488/1849/1430
f 487/1848/1429 489/1850/1431 486/1847/1428
f 487/1848/1429 488/1849/1430 490/1851/1432
f 489/1850/1431 487/1848/1429 490/1851/1432
f 481/1841/1423 482/1840/1424 491/1852/1433
f 488/1853/1430 481/1841/1423 491/1852/1433
f 491/1852/1433 492/1854/1434 488/1853/1430
f 492/1854/1434 490/1855/1432 488/1853/1430
f 493/1856/1435 371/1681/1313 374/1684/1316
f 493/1856/1435 284/1594/1226 371/1681/1313
f 494/1857/1436 493/1856/1435 374/1684/1316
f 494/1857/1436 374/1684/1316 495/1858/1437
f 374/1684/1316 375/1685/1317 495/1858/1437
f 495/1858/1437 375/1685/1317 378/1688/1320
f 496/1859/1438 495/1858/1437 378/1688/1320
f 497/1860/1439 496/1859/1438 378/1688/1320
f 485/1861/1427 497/1860/1439 378/1688/1320
f 498/1862/1440 497/1860/1439 485/1861/1427
f 486/1863/1428 498/1862/1440 485/1861/1427
f 489/1864/1431 499/1865/1441 486/1863/1428
f 499/1865/1441 498/1862/1440 486/1863/1428
f 500/1866/1442 499/1865/1441 489/1864/1431
f 490/1867/1432 500/1866/1442 489/1864/1431
f 501/1868/1443 500/1866/1442 490/1867/1432
f 492/1869/1434 501/1868/1443 490/1867/1432
f 501/1868/1443 502/1870/1444 500/1866/1442
f 502/1870/1444 503/1871/1445 500/1866/1442
f 498/1862/1440 499/1865/1441 503/1871/1445
f 499/1865/1441 500/1866/1442 503/1871/1445
f 498/1862/1440 503/1871/1445 497/1860/1439
f 497/1860/1439 504/1872/1446 496/1859/1438
f 503/1871/1445 504/1872/1446 497/1860/1439
f 504/1872/1446 505/1873/1447 496/1859/1438
f 506/1874/1448 495/1858/1437 496/1859/1438
f 505/1873/1447 506/1874/1448 496/1859/1438
f 506/1874/1448 507/1875/1449 495/1858/1437
f 507/1875/1449 494/1857/1436 495/1858/1437
f 494/1857/1436 507/1875/1449 508/1876/1450
f 493/1856/1435 494/1857/1436 508/1876/1450
f 509/1877/1451 284/1594/1226 493/1856/1435
f 282/1592/1224 284/1594/1226 509/1877/1451
f 508/1876/1450 509/1877/1451 493/1856/1435
f 510/1878/1452 282/1592/1224 509/1877/1451
f 510/1878/1452 511/1879/1453 282/1592/1224
f 511/1879/1453 408/1745/1350 282/1592/1224
f 512/1880/1454 409/1746/1351 408/1745/1350
f 511/1879/1453 512/1880/1454 408/1745/1350
f 513/1881/1455 410/1747/1352 409/1746/1351
f 512/1880/1454 513/1881/1455 409/1746/1351
f 514/1882/1456 411/1748/1353 410/1747/1352
f 513/1881/1455 514/1882/1456 410/1747/1352
f 514/1882/1456 515/1883/1457 411/1748/1353
f 515/1883/1457 412/1749/1354 411/1748/1353
f 412/1749/1354 515/1883/1457 516/1884/1458
f 413/1750/1355 412/1749/1354 516/1884/1458
f 517/1885/1459 414/1751/1356 413/1750/1355
f 415/1752/1357 414/1751/1356 517/1885/1459
f 516/1884/1458 517/1885/1459 413/1750/1355
f 518/1886/1460 415/1752/1357 517/1885/1459
f 415/1752/1357 518/1886/1460 519/1887/1461
f 429/1771/1371 415/1752/1357 519/1887/1461
f 520/1888/1462 431/1774/1373 429/1771/1371
f 520/1888/1462 437/1782/1379 431/1774/1373
f 519/1887/1461 520/1888/1462 429/1771/1371
f 502/1870/1444 521/1889/1463 503/1871/1445
f 521/1889/1463 504/1872/1446 503/1871/1445
f 504/1872/1446 521/1889/1463 505/1873/1447
f 521/1889/1463 522/1890/1464 505/1873/1447
f 523/1891/1465 506/1874/1448 505/1873/1447
f 522/1890/1464 523/1891/1465 505/1873/1447
f 523/1891/1465 524/1892/1466 506/1874/1448
f 524/1892/1466 507/1875/1449 506/1874/1448
f 525/1893/1467 508/1876/1450 507/1875/1449
f 524/1892/1466 525/1893/1467 507/1875/1449
f 526/1894/1468 509/1877/1451 508/1876/1450
f 525/1893/1467 526/1894/1468 508/1876/1450
f 527/1895/1469 510/1878/1452 509/1877/1451
f 526/1894/1468 527/1895/1469 509/1877/1451
f 527/1895/1469 528/1896/1470 510/1878/1452
f 528/1896/1470 511/1879/1453 510/1878/1452
f 529/1897/1471 512/1880/1454 511/1879/1453
f 528/1896/1470 529/1897/1471 511/1879/1453
f 530/1898/1472 513/1881/1455 512/1880/1454
f 529/1897/1471 530/1898/1472 512/1880/1454
usemtl Arms_Mat1
f 532/1899/1473 537/1900/1474 531/1901/1475
f 531/1901/1475 533/1902/1476 532/1899/1473
f 535/1903/1477 533/1902/1476 531/1901/1475
f 531/1901/1475 536/1904/1478 534/1905/1479
f 534/1905/1479 535/1903/1477 531/1901/1475
f 537/1900/1474 536/1904/1478 531/1901/1475
f 538/1906/1480 537/1900/1474 532/1899/1473
f 540/1907/1481 536/1908/1478 537/1909/1474
f 539/1910/1482 537/1909/1474 538/1911/1480
f 539/1910/1482 540/1907/1481 537/1909/1474
f 540/1907/1481 543/1912/1481 536/1908/1478
f 541/1913/1483 543/1912/1481 540/1907/1481
f 542/1914/1484 541/1913/1483 540/1907/1481
f 542/1914/1484 540/1907/1481 539/1910/1482
f 543/1912/1481 544/1915/1485 536/1908/1478
f 544/1916/1485 543/1917/1481 545/1918/1486
f 545/1918/1486 543/1917/1481 546/1919/1487
f 543/1917/1481 541/1920/1483 546/1919/1487
f 546/1919/1487 547/1921/1488 545/1918/1486
f 549/1922/1489 547/1921/1488 546/1919/1487
f 546/1919/1487 541/1920/1483 548/1923/1490
f 548/1923/1490 549/1922/1489 546/1919/1487
f 550/1924/1491 552/1925/1492 549/1922/1489
f 550/1924/1491 549/1922/1489 548/1923/1490
f 552/1925/1492 551/1926/1493 549/1922/1489
f 549/1922/1489 551/1926/1493 547/1921/1488
f 552/1927/1492 553/1928/1494 551/1929/1493
f 555/1930/1495 553/1928/1494 552/1927/1492
f 554/1931/1496 552/1925/1492 550/1924/1491
f 554/1932/1496 555/1930/1495 552/1927/1492
f 556/1933/1497 553/1928/1494 555/1930/1495
f 557/1934/1498 556/1933/1497 555/1930/1495
f 557/1934/1498 555/1930/1495 558/1935/1499
f 555/1930/1495 560/1936/1500 558/1935/1499
f 559/1937/1501 555/1930/1495 554/1932/1496
f 555/1930/1495 559/1937/1501 560/1936/1500
f 561/1938/1502 562/1939/1503 560/1940/1500
f 559/1937/1501 561/1941/1502 560/1936/1500
f 562/1939/1503 563/1942/1504 560/1940/1500
f 560/1940/1500 563/1942/1504 558/1943/1499
f 562/1939/1503 564/1944/1505 563/1942/1504
f 563/1942/1504 564/1944/1505 565/1945/1506
f 563/1942/1504 565/1945/1506 558/1943/1499
f 565/1945/1506 564/1944/1505 566/1946/1507
f 565/1945/1506 566/1946/1507 567/1947/1508
f 565/1945/1506 567/1947/1508 568/1948/1509
f 558/1943/1499 565/1945/1506 568/1948/1509
f 570/1949/1510 568/1950/1509 569/1951/1511
f 568/1948/1509 567/1947/1508 569/1952/1511
f 570/1949/1510 557/1934/1498 568/1950/1509
f 557/1934/1498 558/1935/1499 568/1950/1509
f 572/1953/1512 570/1949/1510 569/1951/1511
f 572/1953/1512 571/1954/1513 570/1949/1510
f 571/1954/1513 573/1955/1514 570/1949/1510
f 570/1949/1510 573/1955/1514 557/1934/1498
f 573/1955/1514 571/1954/1513 574/1956/1515
f 575/1957/1516 573/1955/1514 574/1956/1515
f 556/1933/1497 573/1955/1514 575/1957/1516
f 573/1955/1514 556/1933/1497 557/1934/1498
f 575/1958/1516 574/1959/1515 576/1960/1517
f 551/1926/1493 575/1958/1516 547/1921/1488
f 551/1929/1493 556/1933/1497 575/1957/1516
f 547/1921/1488 575/1958/1516 576/1960/1517
f 576/1960/1517 535/1903/1477 534/1905/1479
f 545/1918/1486 576/1960/1517 534/1905/1479
f 576/1960/1517 574/1959/1515 535/1903/1477
f 547/1921/1488 576/1960/1517 545/1918/1486
f 574/1959/1515 577/1961/1518 535/1903/1477
f 574/1956/1515 571/1954/1513 577/1962/1518
f 577/1961/1518 578/1963/1519 533/1902/1476
f 577/1962/1518 579/1964/1520 578/1965/1519
f 571/1954/1513 579/1964/1520 577/1962/1518
f 535/1903/1477 577/1961/1518 533/1902/1476
f 579/1964/1520 580/1966/1521 578/1965/1519
f 580/1966/1521 579/1964/1520 572/1953/1512
f 579/1964/1520 571/1954/1513 572/1953/1512
f 578/1965/1519 580/1966/1521 584/1967/1522
f 580/1966/1521 572/1953/1512 583/1968/1523
f 580/1966/1521 581/1969/1524 584/1967/1522
f 581/1969/1524 580/1966/1521 582/1970/1525
f 580/1966/1521 583/1968/1523 582/1970/1525
f 578/1963/1519 584/1971/1522 585/1972/1526
f 585/1972/1526 584/1971/1522 586/1973/1527
f 584/1971/1522 587/1974/1528 586/1973/1527
f 584/1967/1522 581/1969/1524 587/1975/1528
f 586/1976/1527 587/1977/1528 589/1978/1529
f 587/1975/1528 590/1979/1530 588/1980/1531
f 587/1977/1528 588/1981/1531 589/1978/1529
f 581/1969/1524 590/1979/1530 587/1975/1528
f 590/1979/1530 592/1982/1532 588/1980/1531
f 590/1979/1530 591/1983/1533 595/1984/1534
f 590/1979/1530 581/1969/1524 591/1983/1533
f 592/1982/1532 590/1979/1530 593/1985/1535
f 590/1979/1530 594/1986/1505 593/1985/1535
f 594/1986/1505 590/1979/1530 595/1984/1534
f 591/1987/1533 596/1988/1536 595/1989/1534
f 596/1988/1536 597/1990/1537 595/1989/1534
f 595/1989/1534 597/1990/1537 598/1991/1538
f 595/1984/1534 598/1992/1538 594/1986/1505
f 598/1992/1538 599/1993/1539 594/1986/1505
f 598/1992/1538 601/1994/1540 599/1993/1539
f 598/1991/1538 600/1995/1541 601/1996/1540
f 597/1990/1537 600/1995/1541 598/1991/1538
f 604/1997/1521 601/1994/1540 602/1998/1542
f 601/1996/1540 603/1999/1543 602/2000/1542
f 600/1995/1541 603/1999/1543 601/1996/1540
f 601/1994/1540 604/1997/1521 599/1993/1539
f 605/2001/1544 604/1997/1521 606/2002/1545
f 599/1993/1539 604/1997/1521 605/2001/1544
f 604/1997/1521 607/2003/1546 606/2002/1545
f 607/2003/1546 604/1997/1521 602/1998/1542
f 609/2004/1547 607/2003/1546 608/2005/1548
f 607/2003/1546 559/1937/1501 608/2005/1548
f 606/2002/1545 607/2003/1546 609/2004/1547
f 607/2003/1546 602/1998/1542 561/1941/1502
f 559/1937/1501 607/2003/1546 561/1941/1502
f 612/2006/1549 609/2007/1547 610/2008/1550
f 610/2008/1550 609/2007/1547 611/2009/1551
f 609/2007/1547 608/2010/1548 611/2009/1551
f 612/2011/1549 606/2002/1545 609/2004/1547
f 614/2012/1552 612/2006/1549 613/2013/1553
f 613/2013/1553 612/2006/1549 610/2008/1550
f 614/2014/1552 605/2001/1544 612/2011/1549
f 605/2001/1544 606/2002/1545 612/2011/1549
f 615/2015/1554 614/2012/1552 613/2013/1553
f 616/2016/1555 614/2012/1552 615/2015/1554
f 616/2017/1555 617/2018/1556 614/2014/1552
f 617/2018/1556 605/2001/1544 614/2014/1552
f 594/1986/1505 599/1993/1539 617/2018/1556
f 593/1985/1535 594/1986/1505 617/2018/1556
f 593/1985/1535 617/2018/1556 616/2017/1555
f 617/2018/1556 599/1993/1539 605/2001/1544
f 619/2019/1557 616/2016/1555 618/2020/1558
f 618/2020/1558 616/2016/1555 615/2015/1554
f 619/2021/1557 593/1985/1535 616/2017/1555
f 620/2022/1559 619/2019/1557 618/2020/1558
f 588/1981/1531 619/2019/1557 620/2022/1559
f 588/1980/1531 592/1982/1532 619/2021/1557
f 592/1982/1532 593/1985/1535 619/2021/1557
f 620/2022/1559 618/2020/1558 622/2023/1560
f 589/1978/1529 588/1981/1531 620/2022/1559
f 589/1978/1529 620/2022/1559 621/2024/1561
f 621/2024/1561 620/2022/1559 622/2023/1560
f 622/2023/1560 618/2020/1558 624/2025/1562
f 625/2026/1563 623/2027/1564 622/2023/1560
f 622/2023/1560 623/2027/1564 621/2024/1561
f 624/2025/1562 625/2026/1563 622/2023/1560
f 625/2028/1563 628/2029/1481 623/2030/1564
f 626/2031/1565 628/2029/1481 625/2028/1563
f 627/2032/1566 626/2031/1565 625/2028/1563
f 627/2033/1566 625/2026/1563 624/2025/1562
f 626/2031/1565 629/2034/1567 628/2029/1481
f 629/2034/1567 630/2035/1568 628/2029/1481
f 628/2029/1481 630/2035/1568 631/2036/1569
f 628/2029/1481 631/2036/1569 623/2030/1564
f 630/2035/1568 632/2037/1570 631/2036/1569
f 631/2036/1569 632/2037/1570 633/2038/1571
f 631/2036/1569 633/2038/1571 634/2039/1572
f 623/2030/1564 631/2036/1569 634/2039/1572
f 634/2039/1572 633/2038/1571 635/2040/1573
f 634/2041/1572 635/2042/1573 636/2043/1574
f 623/2027/1564 634/2041/1572 621/2024/1561
f 621/2024/1561 634/2041/1572 636/2043/1574
f 637/2044/1575 586/1976/1527 636/2043/1574
f 636/2043/1574 635/2042/1573 637/2044/1575
f 586/1976/1527 589/1978/1529 636/2043/1574
f 636/2043/1574 589/1978/1529 621/2024/1561
f 637/2045/1575 538/1906/1480 532/1899/1473
f 532/1899/1473 585/1972/1526 637/2045/1575
f 585/1972/1526 586/1973/1527 637/2045/1575
f 635/2042/1573 538/2046/1480 637/2044/1575
f 633/2038/1571 538/1911/1480 635/2040/1573
f 633/2038/1571 539/1910/1482 538/1911/1480
f 632/2037/1570 539/1910/1482 633/2038/1571
f 630/2035/1568 638/2047/1569 632/2037/1570
f 632/2037/1570 542/1914/1484 539/1910/1482
f 638/2047/1569 542/1914/1484 632/2037/1570
f 639/2048/1576 638/2047/1569 630/2035/1568
f 639/2048/1576 640/2049/1577 638/2047/1569
f 638/2047/1569 641/2050/1578 542/1914/1484
f 640/2049/1577 641/2050/1578 638/2047/1569
f 641/2051/1578 640/2052/1577 642/2053/1579
f 541/1920/1483 641/2051/1578 548/1923/1490
f 641/2050/1578 541/1913/1483 542/1914/1484
f 548/1923/1490 641/2051/1578 642/2053/1579
f 644/2054/1580 550/1924/1491 642/2053/1579
f 642/2053/1579 550/1924/1491 548/1923/1490
f 643/2055/1581 644/2054/1580 642/2053/1579
f 642/2053/1579 640/2052/1577 643/2055/1581
f 608/2010/1548 554/1931/1496 644/2054/1580
f 611/2009/1551 608/2010/1548 644/2054/1580
f 644/2054/1580 554/1931/1496 550/1924/1491
f 611/2009/1551 644/2054/1580 643/2055/1581
f 640/2052/1577 639/2056/1576 643/2055/1581
f 643/2055/1581 639/2056/1576 645/2057/1582
f 645/2057/1582 611/2009/1551 643/2055/1581
f 639/2056/1576 629/2058/1567 645/2057/1582
f 646/2059/1583 610/2008/1550 645/2057/1582
f 610/2008/1550 611/2009/1551 645/2057/1582
f 645/2057/1582 629/2058/1567 646/2059/1583
f 647/2060/1584 613/2013/1553 646/2059/1583
f 613/2013/1553 610/2008/1550 646/2059/1583
f 646/2059/1583 626/2061/1565 647/2060/1584
f 629/2058/1567 626/2061/1565 646/2059/1583
f 615/2015/1554 613/2013/1553 647/2060/1584
f 626/2061/1565 627/2033/1566 647/2060/1584
f 647/2060/1584 627/2033/1566 624/2025/1562
f 624/2025/1562 615/2015/1554 647/2060/1584
f 629/2034/1567 639/2048/1576 630/2035/1568
f 618/2020/1558 615/2015/1554 624/2025/1562
f 608/2005/1548 559/1937/1501 554/1932/1496
f 566/1946/1507 564/1944/1505 603/1999/1543
f 603/1999/1543 564/1944/1505 648/2062/1585
f 603/1999/1543 648/2062/1585 602/2000/1542
f 649/2063/1586 566/1946/1507 603/1999/1543
f 600/1995/1541 649/2063/1586 603/1999/1543
f 567/1947/1508 649/2063/1586 650/2064/1587
f 566/1946/1507 649/2063/1586 567/1947/1508
f 649/2063/1586 651/2065/1588 650/2064/1587
f 651/2065/1588 649/2063/1586 600/1995/1541
f 651/2065/1588 652/2066/1589 650/2064/1587
f 597/1990/1537 652/2066/1589 651/2065/1588
f 597/1990/1537 651/2065/1588 600/1995/1541
f 650/2064/1587 652/2066/1589 653/2067/1590
f 653/2067/1590 652/2066/1589 654/2068/1591
f 654/2068/1591 652/2066/1589 596/1988/1536
f 596/1988/1536 652/2066/1589 597/1990/1537
f 653/2067/1590 654/2068/1591 582/2069/1525
f 582/2069/1525 654/2068/1591 591/1987/1533
f 654/2068/1591 596/1988/1536 591/1987/1533
f 650/2064/1587 653/2067/1590 583/2070/1523
f 583/2070/1523 653/2067/1590 582/2069/1525
f 569/1952/1511 650/2064/1587 583/2070/1523
f 567/1947/1508 650/2064/1587 569/1952/1511
f 648/2062/1585 562/1939/1503 561/1938/1502
f 648/2062/1585 564/1944/1505 562/1939/1503
f 602/2000/1542 648/2062/1585 561/1938/1502
f 581/1969/1524 582/1970/1525 591/1983/1533
f 533/1902/1476 585/1972/1526 532/1899/1473
f 533/1902/1476 578/1963/1519 585/1972/1526
f 572/1953/1512 569/1951/1511 583/1968/1523
f 553/1928/1494 556/1933/1497 551/1929/1493
f 534/1905/1479 544/1916/1485 545/1918/1486
f 536/1904/1478 544/1916/1485 534/1905/1479
f 660/2071/1592 655/2072/1593 656/2073/1594
f 655/2072/1593 657/2074/1595 656/2073/1594
f 658/2075/1596 657/2074/1595 655/2072/1593
f 658/2075/1596 655/2072/1593 659/2076/1597
f 655/2072/1593 660/2071/1592 659/2076/1597
f 663/2077/1598 660/2071/1592 656/2073/1594
f 660/2071/1592 662/2078/1599 661/2079/1600
f 659/2076/1597 660/2071/1592 661/2079/1600
f 662/2078/1599 660/2071/1592 663/2077/1598
f 666/2080/1601 662/2078/1599 663/2077/1598
f 664/2081/1602 663/2077/1598 665/2082/1603
f 666/2080/1601 663/2077/1598 664/2081/1602
f 663/2077/1598 656/2073/1594 665/2082/1603
f 667/2083/1604 669/2084/1605 666/2080/1601
f 667/2083/1604 666/2080/1601 668/2085/1606
f 668/2085/1606 666/2080/1601 664/2081/1602
f 666/2080/1601 669/2084/1605 662/2078/1599
f 670/2086/1607 669/2084/1605 667/2083/1604
f 671/2087/1608 669/2084/1605 670/2086/1607
f 661/2079/1600 669/2084/1605 671/2087/1608
f 662/2078/1599 669/2084/1605 661/2079/1600
f 671/2087/1608 670/2086/1607 672/2088/1609
f 661/2079/1600 671/2087/1608 673/2089/1610
f 673/2089/1610 671/2087/1608 672/2088/1609
f 674/2090/1611 673/2091/1610 672/2092/1609
f 674/2090/1611 676/2093/1612 673/2091/1610
f 676/2093/1612 675/2094/1613 673/2091/1610
f 675/2095/1613 661/2079/1600 673/2089/1610
f 675/2094/1613 676/2093/1612 677/2096/1614
f 677/2096/1614 676/2093/1612 679/2097/1615
f 676/2093/1612 674/2090/1611 678/2098/1616
f 679/2097/1615 676/2093/1612 678/2098/1616
f 681/2099/1617 679/2097/1615 680/2100/1618
f 679/2097/1615 678/2098/1616 680/2100/1618
f 682/2101/1619 679/2097/1615 681/2099/1617
f 682/2101/1619 677/2096/1614 679/2097/1615
f 683/2102/1620 684/2103/1621 682/2101/1619
f 683/2102/1620 682/2101/1619 685/2104/1622
f 684/2103/1621 677/2096/1614 682/2101/1619
f 685/2104/1622 682/2101/1619 681/2099/1617
f 685/2105/1622 681/2106/1617 686/2107/1623
f 688/2108/1624 685/2105/1622 686/2107/1623
f 687/2109/1625 683/2102/1620 685/2104/1622
f 687/2110/1625 685/2105/1622 688/2108/1624
f 690/2111/1626 688/2108/1624 689/2112/1627
f 688/2108/1624 686/2107/1623 689/2112/1627
f 691/2113/1628 688/2108/1624 690/2111/1626
f 691/2113/1628 687/2110/1625 688/2108/1624
f 692/2114/1629 691/2113/1628 690/2111/1626
f 693/2115/1630 691/2113/1628 692/2114/1629
f 693/2115/1630 694/2116/1631 691/2113/1628
f 694/2116/1631 687/2110/1625 691/2113/1628
f 697/2117/1632 695/2118/1633 694/2119/1631
f 694/2119/1631 695/2118/1633 687/2109/1625
f 696/2120/1634 694/2116/1631 693/2115/1630
f 696/2121/1634 697/2117/1632 694/2119/1631
f 697/2117/1632 700/2122/1635 698/2123/1636
f 684/2103/1621 697/2117/1632 698/2123/1636
f 697/2117/1632 684/2103/1621 683/2102/1620
f 695/2118/1633 697/2117/1632 683/2102/1620
f 699/2124/1637 697/2117/1632 696/2121/1634
f 697/2117/1632 699/2124/1637 700/2122/1635
f 700/2125/1635 701/2126/1638 698/2127/1636
f 702/2128/1639 701/2126/1638 700/2125/1635
f 703/2129/1640 702/2128/1639 700/2125/1635
f 699/2124/1637 703/2130/1640 700/2122/1635
f 704/2131/1641 702/2128/1639 703/2129/1640
f 705/2132/1642 704/2131/1641 703/2129/1640
f 706/2133/1643 705/2134/1642 703/2130/1640
f 699/2124/1637 706/2133/1643 703/2130/1640
f 708/2135/1644 706/2133/1643 707/2136/1645
f 706/2133/1643 699/2124/1637 707/2136/1645
f 709/2137/1646 706/2133/1643 708/2135/1644
f 706/2133/1643 709/2137/1646 710/2138/1647
f 706/2133/1643 710/2138/1647 705/2134/1642
f 709/2137/1646 711/2139/1648 710/2138/1647
f 710/2138/1647 665/2140/1603 705/2134/1642
f 710/2138/1647 712/2141/1649 665/2140/1603
f 710/2138/1647 711/2139/1648 712/2141/1649
f 712/2141/1649 713/2142/1650 714/2143/1651
f 711/2139/1648 713/2142/1650 712/2141/1649
f 712/2141/1649 664/2144/1602 665/2140/1603
f 712/2141/1649 714/2143/1651 664/2144/1602
f 713/2142/1650 716/2145/1652 714/2143/1651
f 714/2143/1651 668/2146/1606 664/2144/1602
f 714/2143/1651 715/2147/1653 668/2146/1606
f 714/2143/1651 716/2145/1652 715/2147/1653
f 716/2145/1652 713/2142/1650 719/2148/1654
f 718/2149/1655 716/2145/1652 717/2150/1656
f 717/2150/1656 716/2145/1652 719/2148/1654
f 716/2145/1652 718/2149/1655 715/2147/1653
f 717/2151/1656 719/2152/1654 720/2153/1657
f 720/2153/1657 719/2152/1654 722/2154/1658
f 719/2152/1654 721/2155/1659 722/2154/1658
f 719/2148/1654 713/2142/1650 721/2156/1659
f 722/2154/1658 721/2155/1659 725/2157/1660
f 723/2158/1661 722/2154/1658 724/2159/1662
f 720/2153/1657 722/2154/1658 723/2158/1661
f 722/2154/1658 725/2157/1660 724/2159/1662
f 721/2155/1659 726/2160/1663 725/2157/1660
f 725/2157/1660 726/2160/1663 728/2161/1664
f 725/2157/1660 728/2161/1664 727/2162/1665
f 724/2159/1662 725/2157/1660 727/2162/1665
f 726/2160/1663 708/2163/1644 728/2161/1664
f 727/2162/1665 728/2161/1664 730/2164/1666
f 728/2161/1664 708/2163/1644 729/2165/1667
f 728/2161/1664 729/2165/1667 730/2164/1666
f 731/2166/1668 733/2167/1669 730/2168/1666
f 730/2168/1666 729/2169/1667 731/2166/1668
f 730/2164/1666 732/2170/1670 727/2162/1665
f 733/2167/1669 732/2171/1670 730/2168/1666
f 735/2172/1671 733/2167/1669 731/2166/1668
f 734/2173/1672 736/2174/1673 733/2175/1669
f 734/2173/1672 733/2175/1669 735/2176/1671
f 736/2174/1673 732/2177/1670 733/2175/1669
f 736/2174/1673 738/2178/1673 732/2177/1670
f 737/2179/1674 738/2178/1673 736/2174/1673
f 739/2180/1675 737/2179/1674 736/2174/1673
f 739/2180/1675 736/2174/1673 734/2173/1672
f 740/2181/1676 742/2182/1677 739/2180/1675
f 740/2181/1676 739/2180/1675 741/2183/1678
f 741/2183/1678 739/2180/1675 734/2173/1672
f 742/2182/1677 737/2179/1674 739/2180/1675
f 745/2184/1679 742/2182/1677 740/2181/1676
f 743/2185/1680 744/2186/1681 742/2182/1677
f 745/2184/1679 743/2185/1680 742/2182/1677
f 742/2182/1677 744/2186/1681 737/2179/1674
f 745/2187/1679 747/2188/1682 746/2189/1683
f 748/2190/1684 745/2187/1679 746/2189/1683
f 747/2191/1682 745/2184/1679 740/2181/1676
f 743/2192/1680 745/2187/1679 748/2190/1684
f 746/2189/1683 749/2193/1685 748/2190/1684
f 749/2193/1685 751/2194/1686 748/2190/1684
f 750/2195/1687 743/2192/1680 748/2190/1684
f 748/2190/1684 751/2194/1686 750/2195/1687
f 749/2193/1685 754/2196/1688 751/2194/1686
f 751/2194/1686 752/2197/1689 750/2195/1687
f 751/2194/1686 753/2198/1690 752/2197/1689
f 754/2196/1688 753/2198/1690 751/2194/1686
f 755/2199/1691 754/2196/1688 749/2193/1685
f 755/2200/1691 674/2090/1611 754/2201/1688
f 674/2090/1611 756/2202/1692 754/2201/1688
f 754/2201/1688 756/2202/1692 753/2203/1690
f 756/2202/1692 674/2090/1611 672/2092/1609
f 756/2202/1692 715/2147/1653 753/2203/1690
f 756/2202/1692 672/2092/1609 757/2204/1693
f 715/2147/1653 756/2202/1692 757/2204/1693
f 715/2147/1653 757/2204/1693 668/2146/1606
f 757/2205/1693 667/2083/1604 668/2085/1606
f 670/2086/1607 667/2083/1604 757/2205/1693
f 672/2088/1609 670/2086/1607 757/2205/1693
f 680/2206/1618 755/2199/1691 758/2207/1694
f 680/2100/1618 678/2098/1616 755/2200/1691
f 678/2098/1616 674/2090/1611 755/2200/1691
f 758/2207/1694 755/2199/1691 749/2193/1685
f 760/2208/1695 758/2207/1694 759/2209/1696
f 759/2209/1696 758/2207/1694 746/2189/1683
f 758/2207/1694 749/2193/1685 746/2189/1683
f 760/2208/1695 680/2206/1618 758/2207/1694
f 686/2107/1623 760/2208/1695 761/2210/1697
f 761/2210/1697 760/2208/1695 759/2209/1696
f 686/2107/1623 681/2106/1617 760/2208/1695
f 681/2106/1617 680/2206/1618 760/2208/1695
f 761/2210/1697 762/2211/1698 689/2112/1627
f 689/2112/1627 686/2107/1623 761/2210/1697
f 763/2212/1699 762/2211/1698 761/2210/1697
f 759/2209/1696 763/2212/1699 761/2210/1697
f 762/2213/1698 763/2214/1699 764/2215/1700
f 763/2214/1699 765/2216/1678 764/2215/1700
f 747/2188/1682 763/2212/1699 759/2209/1696
f 763/2214/1699 747/2191/1682 765/2216/1678
f 747/2191/1682 740/2181/1676 765/2216/1678
f 764/2215/1700 765/2216/1678 766/2217/1701
f 765/2216/1678 741/2183/1678 766/2217/1701
f 765/2216/1678 740/2181/1676 741/2183/1678
f 766/2217/1701 741/2183/1678 767/2218/1702
f 766/2219/1701 767/2220/1702 692/2114/1629
f 764/2221/1700 766/2219/1701 690/2111/1626
f 690/2111/1626 766/2219/1701 692/2114/1629
f 741/2183/1678 734/2173/1672 767/2218/1702
f 767/2218/1702 734/2173/1672 735/2176/1671
f 767/2220/1702 735/2172/1671 768/2222/1703
f 692/2114/1629 767/2220/1702 768/2222/1703
f 769/2223/1704 693/2115/1630 768/2222/1703
f 768/2222/1703 693/2115/1630 692/2114/1629
f 731/2166/1668 769/2223/1704 768/2222/1703
f 768/2222/1703 735/2172/1671 731/2166/1668
f 729/2169/1667 707/2224/1645 769/2223/1704
f 707/2224/1645 696/2120/1634 769/2223/1704
f 729/2169/1667 769/2223/1704 731/2166/1668
f 769/2223/1704 696/2120/1634 693/2115/1630
f 689/2112/1627 764/2221/1700 690/2111/1626
f 762/2211/1698 764/2221/1700 689/2112/1627
f 746/2189/1683 747/2188/1682 759/2209/1696
f 753/2203/1690 715/2147/1653 770/2225/1705
f 753/2198/1690 770/2226/1705 752/2197/1689
f 752/2197/1689 770/2226/1705 771/2227/1706
f 715/2147/1653 718/2149/1655 770/2225/1705
f 770/2225/1705 718/2149/1655 717/2150/1656
f 770/2226/1705 717/2151/1656 771/2227/1706
f 771/2227/1706 720/2153/1657 773/2228/1707
f 771/2227/1706 717/2151/1656 720/2153/1657
f 752/2197/1689 771/2227/1706 772/2229/1708
f 772/2229/1708 771/2227/1706 773/2228/1707
f 773/2228/1707 774/2230/1709 772/2229/1708
f 775/2231/1710 774/2230/1709 773/2228/1707
f 723/2158/1661 775/2231/1710 773/2228/1707
f 773/2228/1707 720/2153/1657 723/2158/1661
f 774/2232/1709 775/2233/1710 738/2178/1673
f 777/2234/1711 775/2231/1710 723/2158/1661
f 738/2178/1673 775/2233/1710 776/2235/1712
f 775/2233/1710 777/2236/1711 776/2235/1712
f 776/2237/1712 777/2234/1711 724/2159/1662
f 724/2159/1662 777/2234/1711 723/2158/1661
f 732/2170/1670 776/2237/1712 727/2162/1665
f 738/2178/1673 776/2235/1712 732/2177/1670
f 727/2162/1665 776/2237/1712 724/2159/1662
f 774/2230/1709 744/2238/1681 772/2229/1708
f 744/2186/1681 774/2232/1709 737/2179/1674
f 737/2179/1674 774/2232/1709 738/2178/1673
f 772/2229/1708 744/2238/1681 750/2195/1687
f 750/2195/1687 752/2197/1689 772/2229/1708
f 744/2238/1681 743/2192/1680 750/2195/1687
f 708/2163/1644 707/2239/1645 729/2165/1667
f 711/2139/1648 709/2137/1646 726/2240/1663
f 726/2240/1663 709/2137/1646 708/2135/1644
f 721/2156/1659 711/2139/1648 726/2240/1663
f 713/2142/1650 711/2139/1648 721/2156/1659
f 707/2136/1645 699/2124/1637 696/2121/1634
f 665/2082/1603 656/2073/1594 705/2132/1642
f 656/2073/1594 704/2131/1641 705/2132/1642
f 704/2131/1641 657/2074/1595 702/2128/1639
f 656/2073/1594 657/2074/1595 704/2131/1641
f 702/2128/1639 657/2074/1595 701/2126/1638
f 701/2126/1638 657/2074/1595 658/2075/1596
f 701/2126/1638 658/2075/1596 698/2127/1636
f 698/2127/1636 658/2075/1596 778/2241/1713
f 698/2123/1636 778/2242/1713 684/2103/1621
f 658/2075/1596 659/2076/1597 778/2241/1713
f 778/2242/1713 675/2094/1613 677/2096/1614
f 778/2241/1713 659/2076/1597 675/2095/1613
f 778/2242/1713 677/2096/1614 684/2103/1621
f 695/2118/1633 683/2102/1620 687/2109/1625
f 659/2076/1597 661/2079/1600 675/2095/1613
f 782/2243/1714 779/2244/1715 780/2245/1716
f 779/2244/1715 781/2246/1717 780/2245/1716
f 783/2247/1718 781/2246/1717 779/2244/1715
f 782/2243/1714 783/2247/1718 779/2244/1715
f 786/2248/1719 783/2247/1718 782/2243/1714
f 783/2247/1718 785/2249/1720 781/2246/1717
f 784/2250/1721 785/2249/1720 783/2247/1718
f 786/2248/1719 784/2250/1721 783/2247/1718
f 787/2251/1722 789/2252/1723 786/2248/1719
f 787/2251/1722 786/2248/1719 788/2253/1724
f 788/2253/1724 786/2248/1719 782/2243/1714
f 789/2252/1723 784/2250/1721 786/2248/1719
f 789/2252/1723 790/2254/1725 784/2250/1721
f 789/2252/1723 792/2255/1726 790/2254/1725
f 791/2256/1727 792/2255/1726 789/2252/1723
f 787/2251/1722 791/2256/1727 789/2252/1723
f 792/2255/1726 795/2257/1728 793/2258/1729
f 792/2255/1726 793/2258/1729 790/2254/1725
f 794/2259/1730 795/2257/1728 792/2255/1726
f 791/2256/1727 794/2259/1730 792/2255/1726
f 795/2257/1728 796/2260/1731 798/2261/1732
f 797/2262/1733 796/2260/1731 795/2257/1728
f 794/2259/1730 797/2262/1733 795/2257/1728
f 795/2257/1728 798/2261/1732 793/2258/1729
f 798/2261/1732 799/2263/1734 800/2264/1735
f 796/2260/1731 799/2263/1734 798/2261/1732
f 798/2261/1732 800/2264/1735 801/2265/1736
f 793/2258/1729 798/2261/1732 801/2265/1736
f 793/2258/1729 801/2265/1736 803/2266/1737
f 801/2265/1736 804/2267/1738 802/2268/1739
f 803/2266/1737 801/2265/1736 802/2268/1739
f 801/2265/1736 800/2264/1735 804/2267/1738
f 800/2264/1735 805/2269/1740 804/2267/1738
f 804/2267/1738 805/2269/1740 807/2270/1741
f 802/2268/1739 804/2267/1738 806/2271/1742
f 804/2267/1738 807/2270/1741 806/2271/1742
f 806/2271/1742 807/2270/1741 808/2272/1743
f 807/2270/1741 809/2273/1744 808/2272/1743
f 807/2270/1741 810/2274/1745 809/2273/1744
f 805/2269/1740 810/2274/1745 807/2270/1741
f 805/2269/1740 811/2275/1746 810/2274/1745
f 811/2275/1746 812/2276/1747 810/2274/1745
f 810/2274/1745 812/2276/1747 813/2277/1748
f 810/2274/1745 813/2277/1748 809/2273/1744
f 812/2276/1747 814/2278/1749 813/2277/1748
f 813/2279/1748 814/2280/1749 816/2281/1750
f 809/2282/1744 813/2279/1748 815/2283/1751
f 815/2283/1751 813/2279/1748 816/2281/1750
f 816/2281/1750 814/2280/1749 817/2284/1752
f 818/2285/1753 816/2286/1750 817/2287/1752
f 815/2288/1751 816/2286/1750 818/2285/1753
f 819/2289/1754 818/2285/1753 817/2287/1752
f 820/2290/1755 818/2285/1753 819/2289/1754
f 820/2290/1755 815/2288/1751 818/2285/1753
f 821/2291/1756 815/2288/1751 820/2290/1755
f 822/2292/1757 821/2291/1756 820/2290/1755
f 822/2292/1757 820/2290/1755 823/2293/1758
f 823/2293/1758 820/2290/1755 819/2289/1754
f 824/2294/1759 822/2292/1757 823/2293/1758
f 824/2294/1759 823/2293/1758 825/2295/1760
f 825/2295/1760 823/2293/1758 826/2296/1761
f 823/2293/1758 819/2289/1754 826/2296/1761
f 826/2296/1761 828/2297/1762 827/2298/1763
f 829/2299/1764 826/2296/1761 827/2298/1763
f 826/2296/1761 819/2289/1754 828/2297/1762
f 825/2295/1760 826/2296/1761 829/2299/1764
f 829/2299/1764 827/2298/1763 830/2300/1765
f 832/2301/1766 829/2299/1764 830/2300/1765
f 831/2302/1767 825/2295/1760 829/2299/1764
f 831/2302/1767 829/2299/1764 832/2301/1766
f 835/2303/1768 832/2301/1766 833/2304/1769
f 833/2304/1769 832/2301/1766 834/2305/1770
f 832/2301/1766 830/2300/1765 834/2305/1770
f 835/2303/1768 831/2302/1767 832/2301/1766
f 837/2306/1771 835/2303/1768 833/2304/1769
f 836/2307/1772 835/2303/1768 837/2306/1771
f 836/2307/1772 838/2308/1773 835/2303/1768
f 838/2308/1773 831/2302/1767 835/2303/1768
f 839/2309/1774 838/2308/1773 836/2307/1772
f 839/2309/1774 840/2310/1775 838/2308/1773
f 840/2310/1775 841/2311/1776 838/2308/1773
f 838/2308/1773 841/2311/1776 831/2302/1767
f 840/2310/1775 842/2312/1777 841/2311/1776
f 842/2312/1777 824/2294/1759 841/2311/1776
f 841/2311/1776 824/2294/1759 825/2295/1760
f 841/2311/1776 825/2295/1760 831/2302/1767
f 840/2310/1775 844/2313/1778 842/2312/1777
f 842/2312/1777 843/2314/1779 824/2294/1759
f 842/2312/1777 845/2315/1780 843/2314/1779
f 844/2313/1778 845/2315/1780 842/2312/1777
f 845/2315/1780 846/2316/1781 843/2314/1779
f 844/2313/1778 847/2317/1782 845/2315/1780
f 845/2315/1780 848/2318/1783 846/2316/1781
f 847/2317/1782 848/2318/1783 845/2315/1780
f 847/2317/1782 850/2319/1784 848/2318/1783
f 848/2318/1783 849/2320/1785 851/2321/1786
f 850/2319/1784 849/2320/1785 848/2318/1783
f 848/2318/1783 851/2321/1786 846/2316/1781
f 851/2321/1786 854/2322/1787 852/2323/1788
f 846/2316/1781 851/2321/1786 852/2323/1788
f 849/2320/1785 853/2324/1789 851/2321/1786
f 851/2321/1786 853/2324/1789 854/2322/1787
f 852/2325/1788 854/2326/1787 857/2327/1790
f 853/2324/1789 855/2328/1791 854/2322/1787
f 854/2326/1787 855/2329/1791 856/2330/1792
f 854/2326/1787 856/2330/1792 857/2327/1790
f 852/2325/1788 857/2327/1790 808/2331/1743
f 808/2272/1743 857/2332/1790 858/2333/1793
f 858/2333/1793 857/2332/1790 859/2334/1794
f 857/2332/1790 856/2335/1792 859/2334/1794
f 859/2334/1794 856/2335/1792 862/2336/1795
f 858/2333/1793 859/2334/1794 860/2337/1796
f 860/2337/1796 859/2334/1794 861/2338/1797
f 859/2334/1794 862/2336/1795 861/2338/1797
f 862/2336/1795 864/2339/1798 863/2340/1799
f 861/2338/1797 862/2336/1795 863/2340/1799
f 856/2335/1792 864/2339/1798 862/2336/1795
f 855/2329/1791 864/2341/1798 856/2330/1792
f 855/2329/1791 865/2342/1800 864/2341/1798
f 865/2342/1800 863/2343/1799 864/2341/1798
f 865/2342/1800 866/2344/1801 863/2343/1799
f 866/2345/1801 865/2346/1800 849/2320/1785
f 865/2346/1800 855/2328/1791 853/2324/1789
f 849/2320/1785 865/2346/1800 853/2324/1789
f 866/2344/1801 868/2347/1802 867/2348/1803
f 866/2344/1801 867/2348/1803 863/2343/1799
f 868/2349/1802 866/2345/1801 850/2319/1784
f 850/2319/1784 866/2345/1801 849/2320/1785
f 868/2347/1802 869/2350/1804 867/2348/1803
f 868/2347/1802 870/2351/1805 869/2350/1804
f 870/2352/1805 868/2349/1802 871/2353/1806
f 871/2353/1806 868/2349/1802 850/2319/1784
f 873/2354/1807 870/2352/1805 871/2353/1806
f 871/2353/1806 850/2319/1784 847/2317/1782
f 872/2355/1808 871/2353/1806 847/2317/1782
f 873/2354/1807 871/2353/1806 872/2355/1808
f 874/2356/1809 870/2352/1805 873/2354/1807
f 876/2357/1810 874/2356/1809 873/2354/1807
f 875/2358/1811 873/2354/1807 872/2355/1808
f 876/2357/1810 873/2354/1807 875/2358/1811
f 877/2359/1812 874/2356/1809 876/2357/1810
f 878/2360/1813 877/2359/1812 876/2357/1810
f 878/2360/1813 876/2357/1810 879/2361/1814
f 879/2361/1814 876/2357/1810 875/2358/1811
f 880/2362/1815 879/2361/1814 882/2363/1816
f 880/2362/1815 878/2360/1813 879/2361/1814
f 879/2361/1814 875/2358/1811 881/2364/1817
f 882/2363/1816 879/2361/1814 881/2364/1817
f 883/2365/1818 880/2362/1815 882/2363/1816
f 883/2365/1818 882/2363/1816 884/2366/1819
f 884/2366/1819 882/2363/1816 885/2367/1820
f 882/2363/1816 881/2364/1817 885/2367/1820
f 885/2367/1820 881/2364/1817 839/2309/1774
f 885/2367/1820 839/2309/1774 836/2307/1772
f 885/2367/1820 836/2307/1772 886/2368/1821
f 884/2366/1819 885/2367/1820 886/2368/1821
f 887/2369/1822 886/2368/1821 888/2370/1823
f 884/2366/1819 886/2368/1821 887/2369/1822
f 886/2368/1821 836/2307/1772 837/2306/1771
f 886/2368/1821 837/2306/1771 888/2370/1823
f 887/2369/1822 888/2370/1823 890/2371/1824
f 888/2370/1823 837/2306/1771 889/2372/1825
f 888/2370/1823 889/2372/1825 891/2373/1826
f 890/2371/1824 888/2370/1823 891/2373/1826
f 891/2374/1826 892/2375/1827 890/2376/1824
f 893/2377/1828 892/2375/1827 891/2374/1826
f 834/2378/1770 893/2377/1828 891/2374/1826
f 833/2304/1769 834/2305/1770 891/2373/1826
f 889/2372/1825 833/2304/1769 891/2373/1826
f 892/2379/1827 893/2380/1828 797/2262/1733
f 797/2262/1733 893/2380/1828 796/2260/1731
f 894/2381/1829 893/2377/1828 834/2378/1770
f 893/2380/1828 894/2382/1829 796/2260/1731
f 796/2260/1731 894/2382/1829 799/2263/1734
f 895/2383/1830 894/2381/1829 830/2384/1765
f 830/2384/1765 894/2381/1829 834/2378/1770
f 894/2382/1829 895/2385/1830 799/2263/1734
f 897/2386/1831 895/2383/1830 827/2387/1763
f 827/2387/1763 895/2383/1830 830/2384/1765
f 799/2263/1734 895/2385/1830 896/2388/1832
f 895/2385/1830 897/2389/1831 896/2388/1832
f 896/2388/1832 897/2389/1831 811/2275/1746
f 897/2389/1831 898/2390/1833 811/2275/1746
f 898/2391/1833 897/2386/1831 828/2392/1762
f 828/2392/1762 897/2386/1831 827/2387/1763
f 814/2280/1749 898/2391/1833 817/2284/1752
f 817/2284/1752 898/2391/1833 828/2392/1762
f 811/2275/1746 898/2390/1833 812/2276/1747
f 898/2390/1833 814/2278/1749 812/2276/1747
f 799/2263/1734 896/2388/1832 800/2264/1735
f 896/2388/1832 811/2275/1746 805/2269/1740
f 800/2264/1735 896/2388/1832 805/2269/1740
f 892/2379/1827 899/2393/1834 900/2394/1835
f 899/2393/1834 892/2379/1827 797/2262/1733
f 901/2395/1836 892/2379/1827 900/2394/1835
f 892/2375/1827 901/2396/1836 890/2376/1824
f 901/2396/1836 903/2397/1837 902/2398/1838
f 890/2376/1824 901/2396/1836 902/2398/1838
f 901/2395/1836 900/2394/1835 904/2399/1839
f 903/2400/1837 901/2395/1836 904/2399/1839
f 903/2400/1837 904/2399/1839 905/2401/1840
f 905/2401/1840 904/2399/1839 787/2251/1722
f 904/2399/1839 791/2256/1727 787/2251/1722
f 904/2399/1839 900/2394/1835 791/2256/1727
f 905/2401/1840 788/2253/1724 907/2402/1841
f 905/2401/1840 787/2251/1722 788/2253/1724
f 906/2403/1842 903/2400/1837 905/2401/1840
f 906/2403/1842 905/2401/1840 907/2402/1841
f 907/2402/1841 788/2253/1724 909/2404/1843
f 910/2405/1844 906/2406/1842 907/2407/1841
f 908/2408/1845 910/2405/1844 907/2407/1841
f 908/2408/1845 907/2407/1841 909/2409/1843
f 902/2398/1838 903/2397/1837 910/2410/1844
f 910/2411/1844 911/2412/1846 902/2413/1838
f 903/2397/1837 906/2414/1842 910/2410/1844
f 910/2411/1844 908/2415/1845 911/2412/1846
f 911/2412/1846 884/2366/1819 887/2369/1822
f 911/2412/1846 883/2365/1818 884/2366/1819
f 908/2415/1845 883/2365/1818 911/2412/1846
f 911/2412/1846 887/2369/1822 902/2413/1838
f 909/2404/1843 782/2243/1714 780/2245/1716
f 788/2253/1724 782/2243/1714 909/2404/1843
f 912/2416/1847 909/2409/1843 780/2417/1716
f 912/2416/1847 908/2408/1845 909/2409/1843
f 877/2418/1812 912/2416/1847 780/2417/1716
f 912/2419/1847 877/2359/1812 880/2362/1815
f 912/2419/1847 880/2362/1815 883/2365/1818
f 908/2415/1845 912/2419/1847 883/2365/1818
f 902/2413/1838 887/2369/1822 890/2371/1824
f 900/2394/1835 899/2393/1834 794/2259/1730
f 900/2394/1835 794/2259/1730 791/2256/1727
f 899/2393/1834 797/2262/1733 794/2259/1730
f 837/2306/1771 833/2304/1769 889/2372/1825
f 881/2364/1817 913/2420/1811 839/2309/1774
f 881/2364/1817 875/2358/1811 913/2420/1811
f 839/2309/1774 913/2420/1811 840/2310/1775
f 913/2420/1811 844/2313/1778 840/2310/1775
f 913/2420/1811 872/2355/1808 844/2313/1778
f 875/2358/1811 872/2355/1808 913/2420/1811
f 877/2359/1812 878/2360/1813 880/2362/1815
f 877/2418/1812 780/2417/1716 914/2421/1848
f 874/2422/1809 877/2418/1812 914/2421/1848
f 781/2246/1717 915/2423/1849 914/2424/1848
f 781/2246/1717 914/2424/1848 780/2245/1716
f 874/2422/1809 914/2421/1848 916/2425/1850
f 915/2423/1849 916/2426/1850 914/2424/1848
f 915/2423/1849 917/2427/1851 916/2426/1850
f 870/2351/1805 916/2425/1850 869/2350/1804
f 870/2351/1805 874/2422/1809 916/2425/1850
f 917/2427/1851 869/2428/1804 916/2426/1850
f 919/2429/1852 917/2427/1851 915/2423/1849
f 917/2427/1851 918/2430/1853 869/2428/1804
f 920/2431/1854 918/2430/1853 917/2427/1851
f 919/2429/1852 920/2431/1854 917/2427/1851
f 921/2432/1855 860/2337/1796 920/2431/1854
f 922/2433/1856 921/2432/1855 920/2431/1854
f 922/2433/1856 920/2431/1854 919/2429/1852
f 920/2431/1854 860/2337/1796 918/2430/1853
f 803/2266/1737 802/2268/1739 922/2433/1856
f 803/2266/1737 922/2433/1856 923/2434/1857
f 923/2434/1857 922/2433/1856 919/2429/1852
f 802/2268/1739 921/2432/1855 922/2433/1856
f 784/2250/1721 923/2434/1857 785/2249/1720
f 790/2254/1725 923/2434/1857 784/2250/1721
f 790/2254/1725 803/2266/1737 923/2434/1857
f 923/2434/1857 919/2429/1852 785/2249/1720
f 802/2268/1739 806/2271/1742 921/2432/1855
f 806/2271/1742 858/2333/1793 921/2432/1855
f 921/2432/1855 858/2333/1793 860/2337/1796
f 785/2249/1720 919/2429/1852 915/2423/1849
f 918/2430/1853 867/2435/1803 869/2428/1804
f 918/2430/1853 861/2338/1797 867/2435/1803
f 860/2337/1796 861/2338/1797 918/2430/1853
f 785/2249/1720 915/2423/1849 781/2246/1717
f 872/2355/1808 847/2317/1782 844/2313/1778
f 861/2338/1797 863/2340/1799 867/2435/1803
f 806/2271/1742 808/2272/1743 858/2333/1793
f 846/2316/1781 852/2323/1788 924/2436/1858
f 924/2437/1858 852/2325/1788 808/2331/1743
f 843/2314/1779 924/2436/1858 822/2292/1757
f 843/2314/1779 846/2316/1781 924/2436/1858
f 924/2436/1858 821/2291/1756 822/2292/1757
f 924/2437/1858 808/2331/1743 821/2438/1756
f 843/2314/1779 822/2292/1757 824/2294/1759
f 819/2289/1754 817/2287/1752 828/2297/1762
f 821/2438/1756 809/2282/1744 815/2283/1751
f 808/2331/1743 809/2282/1744 821/2438/1756
f 790/2254/1725 793/2258/1729 803/2266/1737
f 925/2439/1859 926/2440/1860 928/2441/1861
f 925/2442/1859 927/2443/1862 926/2444/1860
f 928/2445/1861 927/2446/1862 925/2447/1859
f 926/2440/1860 929/2448/1863 928/2441/1861
f 930/2449/1864 928/2450/1861 929/2451/1863
f 930/2449/1864 931/2452/1865 928/2450/1861
f 931/2452/1865 932/2453/1866 928/2450/1861
f 928/2454/1861 932/2455/1866 933/2456/1867
f 927/2457/1862 928/2454/1861 933/2456/1867
f 934/2458/1868 933/2456/1867 932/2455/1866
f 935/2459/1869 933/2460/1867 934/2461/1868
f 935/2459/1869 936/2462/1870 933/2460/1867
f 936/2462/1870 927/2463/1862 933/2460/1867
f 936/2462/1870 937/2464/1871 927/2463/1862
f 937/2464/1871 936/2462/1870 938/2465/1872
f 938/2465/1872 936/2462/1870 939/2466/1873
f 936/2462/1870 935/2459/1869 939/2466/1873
f 943/2467/1874 938/2468/1872 939/2469/1873
f 939/2466/1873 935/2459/1869 940/2470/1875
f 941/2471/1876 939/2472/1873 940/2473/1875
f 942/2474/1877 939/2469/1873 941/2475/1876
f 942/2474/1877 943/2467/1874 939/2469/1873
f 944/2476/1878 943/2467/1874 946/2477/1879
f 938/2468/1872 943/2467/1874 944/2476/1878
f 943/2467/1874 945/2478/1880 946/2477/1879
f 945/2478/1880 943/2467/1874 942/2474/1877
f 946/2477/1879 947/2479/1881 944/2476/1878
f 948/2480/1882 946/2477/1879 945/2478/1880
f 949/2481/1883 947/2479/1881 946/2477/1879
f 948/2480/1882 949/2481/1883 946/2477/1879
f 951/2482/1884 949/2481/1883 948/2480/1882
f 949/2481/1883 951/2482/1884 950/2483/1885
f 950/2483/1885 952/2484/1886 949/2481/1883
f 952/2484/1886 947/2479/1881 949/2481/1883
f 954/2485/1887 953/2486/1888 952/2484/1886
f 953/2486/1888 947/2479/1881 952/2484/1886
f 954/2485/1887 952/2484/1886 955/2487/1889
f 952/2484/1886 950/2483/1885 955/2487/1889
f 956/2488/1890 954/2485/1887 955/2487/1889
f 955/2487/1889 957/2489/1891 956/2488/1890
f 959/2490/1892 957/2489/1891 955/2487/1889
f 950/2483/1885 958/2491/1893 955/2487/1889
f 958/2491/1893 959/2490/1892 955/2487/1889
f 962/2492/1894 960/2493/1895 959/2490/1892
f 961/2494/1896 959/2490/1892 960/2493/1895
f 959/2490/1892 958/2491/1893 964/2495/1897
f 959/2490/1892 961/2494/1896 957/2489/1891
f 963/2496/1898 962/2492/1894 959/2490/1892
f 963/2496/1898 959/2490/1892 964/2495/1897
f 964/2495/1897 965/2497/1899 963/2496/1898
f 965/2497/1899 964/2495/1897 967/2498/1900
f 964/2495/1897 966/2499/1901 967/2498/1900
f 966/2499/1901 964/2495/1897 958/2491/1893
f 967/2498/1900 969/2500/1902 965/2497/1899
f 967/2498/1900 966/2499/1901 970/2501/1903
f 970/2501/1903 968/2502/1904 967/2498/1900
f 968/2502/1904 969/2500/1902 967/2498/1900
f 966/2499/1901 951/2482/1884 970/2501/1903
f 972/2503/1905 971/2504/1906 970/2501/1903
f 971/2504/1906 968/2502/1904 970/2501/1903
f 972/2503/1905 970/2501/1903 951/2482/1884
f 975/2505/1907 972/2503/1905 973/2506/1908
f 973/2506/1908 972/2503/1905 951/2482/1884
f 975/2505/1907 974/2507/1909 972/2503/1905
f 974/2507/1909 971/2504/1906 972/2503/1905
f 977/2508/1910 975/2505/1907 973/2506/1908
f 976/2509/1911 974/2507/1909 975/2505/1907
f 978/2510/1912 976/2509/1911 975/2505/1907
f 978/2510/1912 975/2505/1907 977/2508/1910
f 976/2509/1911 978/2510/1912 979/2511/1913
f 978/2510/1912 980/2512/1914 979/2511/1913
f 980/2512/1914 978/2510/1912 981/2513/1915
f 981/2513/1915 978/2510/1912 977/2508/1910
f 981/2513/1915 983/2514/1916 982/2515/1917
f 982/2515/1917 980/2512/1914 981/2513/1915
f 983/2514/1916 981/2513/1915 977/2508/1910
f 983/2514/1916 984/2516/1918 985/2517/1919
f 984/2516/1918 983/2514/1916 977/2508/1910
f 986/2518/1920 983/2514/1916 985/2517/1919
f 986/2518/1920 987/2519/1921 983/2514/1916
f 983/2514/1916 987/2519/1921 982/2515/1917
f 987/2519/1921 986/2518/1920 988/2520/1922
f 987/2519/1921 988/2520/1922 982/2515/1917
f 990/2521/1923 989/2522/1924 988/2520/1922
f 988/2520/1922 989/2522/1924 991/2523/1925
f 992/2524/1926 990/2521/1923 988/2520/1922
f 988/2520/1922 991/2523/1925 982/2515/1917
f 986/2518/1920 992/2524/1926 988/2520/1922
f 993/2525/1927 990/2521/1923 992/2524/1926
f 994/2526/1928 993/2525/1927 992/2524/1926
f 995/2527/1929 994/2526/1928 992/2524/1926
f 986/2518/1920 995/2527/1929 992/2524/1926
f 995/2527/1929 997/2528/1930 994/2526/1928
f 995/2527/1929 986/2518/1920 996/2529/1931
f 995/2527/1929 996/2529/1931 998/2530/1932
f 997/2528/1930 995/2527/1929 998/2530/1932
f 997/2528/1930 998/2530/1932 999/2531/1933
f 999/2531/1933 998/2530/1932 1001/2532/1934
f 998/2530/1932 996/2529/1931 1000/2533/1935
f 998/2530/1932 1000/2533/1935 1001/2532/1934
f 1001/2532/1934 1003/2534/1936 1002/2535/1937
f 999/2531/1933 1001/2532/1934 1002/2535/1937
f 1003/2534/1936 1001/2532/1934 1004/2536/1938
f 1000/2533/1935 1004/2536/1938 1001/2532/1934
f 1005/2537/1939 1003/2534/1936 1004/2536/1938
f 1004/2536/1938 1006/2538/1940 1005/2537/1939
f 1004/2536/1938 1000/2533/1935 1006/2538/1940
f 1006/2538/1940 1008/2539/1941 1007/2540/1942
f 1006/2538/1940 1007/2540/1942 1009/2541/1943
f 1000/2533/1935 1008/2539/1941 1006/2538/1940
f 1006/2538/1940 1009/2541/1943 1005/2537/1939
f 1005/2537/1939 1009/2541/1943 1010/2542/1944
f 1009/2541/1943 942/2474/1877 941/2475/1876
f 1009/2541/1943 941/2475/1876 1010/2542/1944
f 1007/2540/1942 942/2474/1877 1009/2541/1943
f 1011/2543/1945 1012/2544/1946 1010/2545/1944
f 1011/2543/1945 1010/2545/1944 941/2471/1876
f 1012/2544/1946 1013/2546/1947 1010/2545/1944
f 1010/2542/1944 1013/2547/1947 1005/2537/1939
f 1013/2546/1947 1012/2544/1946 1014/2548/1948
f 1003/2534/1936 1013/2547/1947 1014/2549/1948
f 1013/2547/1947 1003/2534/1936 1005/2537/1939
f 1002/2550/1937 1014/2551/1948 1015/2552/1949
f 1014/2548/1948 1016/2553/1950 1015/2554/1949
f 1012/2544/1946 1016/2553/1950 1014/2548/1948
f 1002/2535/1937 1003/2534/1936 1014/2549/1948
f 1016/2553/1950 1017/2555/1951 1015/2554/1949
f 1018/2556/1952 1017/2557/1951 1016/2558/1950
f 1012/2559/1946 1018/2556/1952 1016/2558/1950
f 1018/2556/1952 1019/2560/1953 1020/2561/1954
f 1019/2560/1953 1018/2556/1952 1012/2559/1946
f 1021/2562/1955 1018/2556/1952 1020/2561/1954
f 1017/2557/1951 1018/2556/1952 1021/2562/1955
f 1021/2563/1955 1020/2564/1954 1023/2565/1956
f 1024/2566/1957 1021/2563/1955 1022/2567/1958
f 1022/2567/1958 1021/2563/1955 1023/2565/1956
f 1024/2568/1957 1017/2557/1951 1021/2562/1955
f 1025/2569/1959 1024/2566/1957 1022/2567/1958
f 1017/2555/1951 1024/2566/1957 1025/2569/1959
f 1026/2570/1960 1025/2571/1959 1022/2572/1958
f 1027/2573/1961 1015/2574/1949 1025/2571/1959
f 1015/2554/1949 1017/2555/1951 1025/2569/1959
f 1026/2570/1960 1027/2573/1961 1025/2571/1959
f 1028/2575/1962 1027/2576/1961 1026/2577/1960
f 1027/2578/1961 1002/2550/1937 1015/2552/1949
f 999/2579/1933 1002/2550/1937 1027/2578/1961
f 1028/2580/1962 999/2579/1933 1027/2578/1961
f 1029/2581/1963 1028/2575/1962 1026/2577/1960
f 1029/2582/1963 1030/2583/1964 1028/2584/1962
f 1028/2584/1962 997/2528/1930 999/2531/1933
f 1030/2583/1964 997/2528/1930 1028/2584/1962
f 993/2525/1927 994/2526/1928 1030/2583/1964
f 993/2525/1927 1030/2583/1964 1029/2582/1963
f 997/2528/1930 1030/2583/1964 994/2526/1928
f 1029/2581/1963 1026/2577/1960 1031/2585/1965
f 1032/2586/1966 1029/2581/1963 1031/2585/1965
f 1032/2587/1966 993/2525/1927 1029/2582/1963
f 1032/2586/1966 1031/2585/1965 1034/2588/1967
f 1033/2589/1968 990/2521/1923 1032/2587/1966
f 1033/2590/1968 1032/2586/1966 1034/2588/1967
f 990/2521/1923 993/2525/1927 1032/2587/1966
f 1034/2591/1967 1023/2592/1956 1035/2593/1969
f 1036/2594/1970 1034/2591/1967 1035/2593/1969
f 1038/2595/1971 1034/2591/1967 1036/2594/1970
f 1033/2590/1968 1034/2588/1967 1037/2596/1972
f 1034/2591/1967 1038/2595/1971 1037/2597/1972
f 1023/2592/1956 1034/2591/1967 1031/2598/1965
f 1039/2599/1973 1038/2595/1971 931/2452/1865
f 1037/2597/1972 1038/2595/1971 1039/2599/1973
f 1038/2595/1971 1036/2594/1970 931/2452/1865
f 1041/2600/1974 1039/2599/1973 1040/2601/1975
f 1040/2601/1975 1039/2599/1973 930/2449/1864
f 1041/2600/1974 1037/2597/1972 1039/2599/1973
f 1039/2599/1973 931/2452/1865 930/2449/1864
f 1044/2602/1976 1041/2603/1974 1042/2604/1977
f 1042/2605/1977 1041/2600/1974 1040/2601/1975
f 1045/2606/1978 1037/2596/1972 1041/2603/1974
f 1043/2607/1979 1045/2606/1978 1041/2603/1974
f 1043/2607/1979 1041/2603/1974 1044/2602/1976
f 990/2521/1923 1033/2589/1968 1045/2608/1978
f 1045/2606/1978 1033/2590/1968 1037/2596/1972
f 989/2522/1924 990/2521/1923 1045/2608/1978
f 989/2522/1924 1045/2608/1978 1043/2609/1979
f 1046/2610/1980 1044/2602/1976 1047/2611/1981
f 1048/2612/1982 1044/2602/1976 1046/2610/1980
f 1044/2602/1976 1042/2604/1977 1047/2611/1981
f 1048/2612/1982 1043/2607/1979 1044/2602/1976
f 1051/2613/1983 1043/2609/1979 1048/2614/1982
f 1049/2615/1984 1048/2612/1982 1046/2610/1980
f 1050/2616/1985 1048/2614/1982 1049/2617/1984
f 1050/2616/1985 1051/2613/1983 1048/2614/1982
f 1050/2616/1985 979/2511/1913 1051/2613/1983
f 1051/2613/1983 989/2522/1924 1043/2609/1979
f 989/2522/1924 1051/2613/1983 991/2523/1925
f 979/2511/1913 991/2523/1925 1051/2613/1983
f 1052/2618/1986 1050/2616/1985 1049/2617/1984
f 1052/2618/1986 976/2509/1911 1050/2616/1985
f 976/2509/1911 979/2511/1913 1050/2616/1985
f 1052/2618/1986 1049/2617/1984 1053/2619/1987
f 1052/2618/1986 1053/2619/1987 974/2507/1909
f 976/2509/1911 1052/2618/1986 974/2507/1909
f 1054/2620/1988 971/2504/1906 1053/2619/1987
f 1054/2620/1988 1053/2619/1987 1055/2621/1989
f 1049/2617/1984 1055/2621/1989 1053/2619/1987
f 971/2504/1906 974/2507/1909 1053/2619/1987
f 1056/2622/1990 1055/2623/1989 1049/2615/1984
f 1056/2622/1990 1057/2624/1991 1055/2623/1989
f 1057/2624/1991 1058/2625/1992 1055/2623/1989
f 1058/2626/1992 1054/2620/1988 1055/2621/1989
f 1060/2627/1993 1058/2628/1992 1059/2629/1994
f 1062/2630/1995 1059/2629/1994 1058/2628/1992
f 1058/2626/1992 1060/2631/1993 1061/2632/1996
f 1054/2620/1988 1058/2626/1992 1061/2632/1996
f 1057/2633/1991 1062/2630/1995 1058/2628/1992
f 1062/2634/1995 1066/2635/1997 1063/2636/1998
f 1065/2637/1999 1062/2634/1995 1063/2636/1998
f 1062/2630/1995 1057/2633/1991 1067/2638/2000
f 1059/2639/1994 1062/2634/1995 1064/2640/2001
f 1062/2634/1995 1065/2637/1999 1064/2640/2001
f 1066/2641/1997 1062/2630/1995 1067/2638/2000
f 1067/2642/2000 1068/2643/2002 1066/2644/1997
f 1067/2645/2000 1057/2624/1991 1068/2646/2002
f 1068/2646/2002 1056/2622/1990 1047/2611/1981
f 1068/2643/2002 1047/2647/1981 1069/2648/2003
f 1063/2649/1998 1068/2643/2002 1069/2648/2003
f 1068/2643/2002 1063/2649/1998 1066/2644/1997
f 1057/2624/1991 1056/2622/1990 1068/2646/2002
f 1071/2650/2004 1069/2648/2003 1040/2601/1975
f 1042/2605/1977 1040/2601/1975 1069/2648/2003
f 1047/2647/1981 1042/2605/1977 1069/2648/2003
f 1065/2637/1999 1063/2636/1998 1069/2651/2003
f 1070/2652/2005 1069/2651/2003 1071/2653/2004
f 1070/2652/2005 1065/2637/1999 1069/2651/2003
f 1073/2654/2006 1071/2650/2004 1040/2601/1975
f 1072/2655/2007 1071/2650/2004 1073/2654/2006
f 1074/2656/2008 1071/2653/2004 1072/2657/2007
f 1074/2656/2008 1070/2652/2005 1071/2653/2004
f 1070/2652/2005 1074/2656/2008 1075/2658/2009
f 1075/2658/2009 1074/2656/2008 1076/2659/2010
f 1074/2656/2008 1077/2660/2011 1076/2659/2010
f 1077/2660/2011 1074/2656/2008 1072/2657/2007
f 1077/2660/2011 1078/2661/2012 1076/2659/2010
f 1079/2662/2013 1078/2661/2012 1077/2660/2011
f 1072/2657/2007 1079/2662/2013 1077/2660/2011
f 1078/2661/2012 1079/2662/2013 1080/2663/2014
f 1079/2664/2013 1072/2655/2007 1082/2665/2015
f 1080/2666/2014 1079/2664/2013 1081/2667/2016
f 1081/2667/2016 1079/2664/2013 1082/2665/2015
f 1083/2668/2017 1086/2669/2018 1082/2665/2015
f 1082/2665/2015 1085/2670/2019 1083/2668/2017
f 1082/2665/2015 1084/2671/2020 1088/2672/2021
f 1086/2669/2018 1084/2671/2020 1082/2665/2015
f 1087/2673/2022 1085/2670/2019 1082/2665/2015
f 1081/2667/2016 1082/2665/2015 1088/2672/2021
f 1082/2665/2015 1072/2655/2007 1073/2654/2006
f 1073/2654/2006 1087/2673/2022 1082/2665/2015
f 1088/2674/2021 1089/2675/2023 1092/2676/2024
f 1090/2677/2025 1089/2675/2023 1088/2674/2021
f 1084/2678/2020 1090/2677/2025 1088/2674/2021
f 1091/2679/2026 1081/2667/2016 1088/2672/2021
f 1092/2680/2024 1091/2679/2026 1088/2672/2021
f 1089/2675/2023 1093/2681/2027 1092/2676/2024
f 1092/2682/2024 1093/2683/2027 1091/2684/2026
f 1093/2683/2027 1096/2685/2028 1094/2686/2029
f 1095/2687/2030 1093/2683/2027 1094/2686/2029
f 1093/2683/2027 1095/2687/2030 1091/2684/2026
f 1093/2681/2027 1089/2675/2023 1096/2688/2028
f 1094/2686/2029 1096/2685/2028 1097/2689/2031
f 1096/2690/2028 1098/2691/2032 1097/2692/2031
f 1089/2675/2023 1098/2693/2032 1096/2688/2028
f 1098/2691/2032 1100/2694/2033 1097/2692/2031
f 1089/2675/2023 1090/2677/2025 1098/2693/2032
f 1090/2677/2025 1099/2695/2034 1098/2693/2032
f 1098/2691/2032 1099/2696/2034 1101/2697/2035
f 1100/2694/2033 1098/2691/2032 1101/2697/2035
f 1090/2677/2025 1102/2698/2036 1101/2699/2035
f 1099/2695/2034 1090/2677/2025 1101/2699/2035
f 1101/2699/2035 1102/2698/2036 1103/2700/2037
f 1103/2701/2037 1104/2702/2038 1101/2697/2035
f 1104/2702/2038 1100/2694/2033 1101/2697/2035
f 1105/2703/2039 1104/2704/2038 1103/2700/2037
f 1104/2702/2038 1107/2705/2040 1097/2692/2031
f 1100/2694/2033 1104/2702/2038 1097/2692/2031
f 1105/2703/2039 1106/2706/2041 1104/2704/2038
f 1106/2706/2041 1107/2707/2040 1104/2704/2038
f 1097/2689/2031 1107/2708/2040 1108/2709/2042
f 1107/2708/2040 1106/2710/2041 1108/2709/2042
f 1109/2711/2043 1108/2712/2042 1113/2713/2044
f 1109/2714/2043 1097/2689/2031 1108/2709/2042
f 1106/2710/2041 1110/2715/2045 1108/2709/2042
f 1111/2716/2046 1108/2709/2042 1110/2715/2045
f 1111/2717/2046 1112/2718/2047 1108/2712/2042
f 1112/2718/2047 1113/2713/2044 1108/2712/2042
f 1114/2719/2048 1109/2711/2043 1113/2713/2044
f 1115/2720/2049 1113/2713/2044 1112/2718/2047
f 1113/2713/2044 1115/2720/2049 1114/2719/2048
f 1115/2720/2049 1117/2721/2050 1114/2719/2048
f 962/2492/1894 1115/2720/2049 1116/2722/2051
f 1116/2722/2051 1115/2720/2049 1112/2718/2047
f 962/2492/1894 965/2497/1899 1115/2720/2049
f 965/2497/1899 1117/2721/2050 1115/2720/2049
f 1114/2719/2048 1117/2721/2050 1118/2723/2052
f 1117/2721/2050 969/2500/1902 1118/2723/2052
f 969/2500/1902 1117/2721/2050 965/2497/1899
f 1118/2723/2052 1094/2724/2029 1114/2719/2048
f 1118/2723/2052 969/2500/1902 1061/2632/1996
f 1118/2723/2052 1061/2632/1996 1094/2724/2029
f 960/2493/1895 962/2492/1894 1116/2722/2051
f 960/2493/1895 1116/2722/2051 1112/2718/2047
f 1094/2724/2029 1109/2711/2043 1114/2719/2048
f 1119/2725/2053 960/2493/1895 1112/2718/2047
f 1112/2726/2047 1111/2716/2046 1119/2727/2053
f 1119/2725/2053 1120/2728/2054 1122/2729/2055
f 1119/2727/2053 1121/2730/2056 1120/2731/2054
f 1111/2716/2046 1121/2730/2056 1119/2727/2053
f 960/2493/1895 1119/2725/2053 1122/2729/2055
f 961/2494/1896 1122/2729/2055 1123/2732/2057
f 1122/2729/2055 1124/2733/2058 1123/2732/2057
f 1125/2734/2059 1124/2733/2058 1122/2729/2055
f 1122/2729/2055 961/2494/1896 960/2493/1895
f 1120/2728/2054 1125/2734/2059 1122/2729/2055
f 1127/2735/2060 1126/2736/2061 1125/2737/2059
f 1125/2737/2059 1126/2736/2061 1128/2738/2062
f 1120/2731/2054 1127/2735/2060 1125/2737/2059
f 1124/2733/2058 1125/2734/2059 1128/2739/2062
f 1128/2739/2062 1129/2740/2063 1131/2741/2064
f 1132/2742/2065 1129/2743/2063 1128/2738/2062
f 1126/2736/2061 1130/2744/2066 1128/2738/2062
f 1130/2744/2066 1132/2742/2065 1128/2738/2062
f 1131/2741/2064 1124/2733/2058 1128/2739/2062
f 1132/2742/2065 1133/2745/2067 1129/2743/2063
f 1134/2746/2068 1133/2745/2067 1132/2742/2065
f 1135/2747/2069 1134/2746/2068 1132/2742/2065
f 1135/2747/2069 1132/2742/2065 1130/2744/2066
f 1134/2748/2068 1135/2749/2069 1137/2750/2070
f 1138/2751/2071 1135/2749/2069 1136/2752/2072
f 1136/2753/2072 1135/2747/2069 1130/2744/2066
f 1135/2749/2069 1138/2751/2071 1137/2750/2070
f 1138/2751/2071 1139/2754/2073 1142/2755/2074
f 1139/2754/2073 1138/2751/2071 1140/2756/2075
f 1138/2751/2071 1141/2757/2076 1140/2756/2075
f 1141/2757/2076 1138/2751/2071 1136/2752/2072
f 1137/2750/2070 1138/2751/2071 1142/2755/2074
f 1144/2758/2077 1142/2759/2074 1143/2760/2078
f 1142/2759/2074 1139/2761/2073 1143/2760/2078
f 1137/2750/2070 1142/2755/2074 1144/2762/2077
f 1146/2763/2079 1144/2758/2077 1145/2764/2080
f 1145/2764/2080 1144/2758/2077 1143/2760/2078
f 1147/2765/2081 1144/2762/2077 1146/2766/2079
f 1147/2765/2081 1137/2750/2070 1144/2762/2077
f 1148/2767/2082 1147/2765/2081 1146/2766/2079
f 1134/2748/2068 1137/2750/2070 1147/2765/2081
f 1149/2768/2083 1147/2765/2081 1148/2767/2082
f 1149/2768/2083 1134/2748/2068 1147/2765/2081
f 1150/2769/2084 1149/2768/2083 1148/2767/2082
f 1151/2770/2085 1149/2771/2083 1150/2772/2084
f 1133/2745/2067 1134/2746/2068 1149/2771/2083
f 1151/2770/2085 1133/2745/2067 1149/2771/2083
f 1152/2773/2086 1154/2774/2087 1151/2770/2085
f 1151/2770/2085 1153/2775/2088 1152/2773/2086
f 1153/2775/2088 1151/2770/2085 1150/2772/2084
f 1154/2774/2087 1133/2745/2067 1151/2770/2085
f 1155/2776/2089 1154/2777/2087 1152/2778/2086
f 1133/2745/2067 1154/2774/2087 1129/2743/2063
f 1154/2777/2087 1155/2776/2089 1156/2779/2090
f 1129/2740/2063 1154/2777/2087 1156/2779/2090
f 1129/2740/2063 1156/2779/2090 1131/2741/2064
f 1157/2780/2091 1158/2781/2092 1156/2779/2090
f 1156/2779/2090 1155/2776/2089 1157/2780/2091
f 1158/2781/2092 1131/2741/2064 1156/2779/2090
f 1158/2781/2092 1123/2732/2057 1124/2733/2058
f 1123/2732/2057 1158/2781/2092 1159/2782/2093
f 1131/2741/2064 1158/2781/2092 1124/2733/2058
f 1158/2781/2092 1157/2780/2091 1160/2783/2094
f 1158/2781/2092 1160/2783/2094 1159/2782/2093
f 1160/2783/2094 1163/2784/2095 1161/2785/2096
f 1160/2783/2094 1161/2785/2096 1162/2786/2097
f 1159/2782/2093 1160/2783/2094 1162/2786/2097
f 1157/2780/2091 1163/2784/2095 1160/2783/2094
f 1165/2787/2098 1164/2788/2099 1163/2784/2095
f 1163/2784/2095 1164/2788/2099 1166/2789/2100
f 1157/2780/2091 1165/2787/2098 1163/2784/2095
f 1163/2784/2095 1166/2789/2100 1161/2785/2096
f 1166/2790/2100 1167/2791/2101 1161/2792/2096
f 1166/2790/2100 1168/2793/2102 1167/2791/2101
f 1164/2788/2099 1168/2794/2102 1166/2789/2100
f 1168/2793/2102 1169/2795/2103 1167/2791/2101
f 1169/2795/2103 1168/2793/2102 1171/2796/2104
f 1168/2794/2102 1164/2788/2099 1170/2797/2105
f 1168/2793/2102 1170/2798/2105 1171/2796/2104
f 1169/2795/2103 1171/2796/2104 1143/2799/2078
f 1171/2796/2104 1170/2798/2105 1172/2800/2106
f 1173/2801/2107 1171/2796/2104 1172/2800/2106
f 1143/2799/2078 1171/2796/2104 1173/2801/2107
f 1172/2800/2106 1176/2802/2108 1173/2801/2107
f 1174/2803/2109 1145/2804/2080 1173/2801/2107
f 1145/2804/2080 1143/2799/2078 1173/2801/2107
f 1175/2805/2110 1174/2803/2109 1173/2801/2107
f 1176/2802/2108 1175/2805/2110 1173/2801/2107
f 1176/2806/2108 1179/2807/2111 1177/2808/2112
f 1175/2809/2110 1176/2806/2108 1177/2808/2112
f 1178/2810/2113 1176/2811/2108 1172/2812/2106
f 1176/2811/2108 1178/2810/2113 1179/2813/2111
f 1179/2814/2111 1180/2815/2114 1181/2816/2115
f 1178/2810/2113 1180/2817/2114 1179/2813/2111
f 1177/2818/2112 1179/2814/2111 1181/2816/2115
f 1181/2816/2115 1180/2815/2114 1153/2819/2088
f 1181/2816/2115 1148/2820/2082 1177/2818/2112
f 1150/2821/2084 1148/2820/2082 1181/2816/2115
f 1153/2819/2088 1150/2821/2084 1181/2816/2115
f 1180/2815/2114 1182/2822/2116 1153/2819/2088
f 1180/2817/2114 1178/2810/2113 1182/2823/2116
f 1153/2775/2088 1182/2824/2116 1152/2773/2086
f 1152/2778/2086 1182/2823/2116 1183/2825/2117
f 1182/2823/2116 1184/2826/2118 1183/2825/2117
f 1178/2810/2113 1184/2826/2118 1182/2823/2116
f 1183/2825/2117 1184/2826/2118 1186/2827/2119
f 1187/2828/2120 1184/2826/2118 1185/2829/2121
f 1184/2826/2118 1178/2810/2113 1185/2829/2121
f 1184/2826/2118 1187/2828/2120 1186/2827/2119
f 1186/2827/2119 1187/2828/2120 1188/2830/2122
f 1187/2828/2120 1185/2829/2121 1188/2830/2122
f 1188/2830/2122 1164/2788/2099 1186/2827/2119
f 1164/2788/2099 1188/2830/2122 1170/2797/2105
f 1188/2830/2122 1185/2829/2121 1170/2797/2105
f 1164/2788/2099 1165/2787/2098 1186/2827/2119
f 1183/2825/2117 1186/2827/2119 1155/2776/2089
f 1186/2827/2119 1165/2787/2098 1155/2776/2089
f 1185/2829/2121 1172/2812/2106 1170/2797/2105
f 1185/2829/2121 1178/2810/2113 1172/2812/2106
f 1183/2825/2117 1155/2776/2089 1152/2778/2086
f 1148/2820/2082 1146/2831/2079 1177/2818/2112
f 1146/2832/2079 1174/2833/2109 1177/2808/2112
f 1174/2833/2109 1175/2809/2110 1177/2808/2112
f 1174/2834/2109 1146/2763/2079 1145/2764/2080
f 1169/2795/2103 1190/2835/2123 1189/2836/2124
f 1167/2791/2101 1169/2795/2103 1189/2836/2124
f 1190/2835/2123 1169/2795/2103 1143/2799/2078
f 1190/2837/2123 1139/2761/2073 1189/2838/2124
f 1139/2761/2073 1190/2837/2123 1143/2760/2078
f 1167/2791/2101 1189/2836/2124 1191/2839/2125
f 1192/2840/2126 1191/2841/2125 1189/2838/2124
f 1139/2761/2073 1140/2842/2075 1189/2838/2124
f 1140/2842/2075 1192/2840/2126 1189/2838/2124
f 1192/2843/2126 1140/2844/2075 1193/2845/2127
f 1191/2846/2125 1192/2847/2126 1193/2848/2127
f 1195/2849/2128 1191/2850/2125 1193/2851/2127
f 1197/2852/2129 1194/2853/2130 1193/2854/2127
f 1194/2855/2130 1195/2849/2128 1193/2851/2127
f 1141/2757/2076 1196/2856/2131 1193/2854/2127
f 1140/2756/2075 1141/2757/2076 1193/2854/2127
f 1196/2856/2131 1197/2852/2129 1193/2854/2127
f 1197/2852/2129 1198/2857/2132 1194/2853/2130
f 1197/2852/2129 1196/2856/2131 1201/2858/2133
f 1199/2859/2134 1198/2857/2132 1197/2852/2129
f 1200/2860/2135 1199/2859/2134 1197/2852/2129
f 1200/2860/2135 1197/2852/2129 1201/2858/2133
f 1127/2735/2060 1200/2861/2135 1201/2862/2133
f 1196/2856/2131 1141/2757/2076 1201/2858/2133
f 1141/2757/2076 1136/2752/2072 1201/2858/2133
f 1126/2736/2061 1127/2735/2060 1201/2862/2133
f 1126/2736/2061 1201/2862/2133 1136/2753/2072
f 1127/2735/2060 1121/2730/2056 1200/2861/2135
f 1199/2859/2134 1200/2860/2135 1202/2863/2136
f 1121/2730/2056 1202/2864/2136 1200/2861/2135
f 1202/2863/2136 1203/2865/2137 1199/2859/2134
f 1202/2864/2136 1121/2730/2056 1203/2866/2137
f 1121/2730/2056 1110/2715/2045 1203/2866/2137
f 1110/2715/2045 1106/2710/2041 1203/2866/2137
f 1205/2867/2138 1203/2865/2137 1204/2868/2139
f 1106/2710/2041 1204/2869/2139 1203/2866/2137
f 1203/2865/2137 1205/2867/2138 1199/2859/2134
f 1083/2668/2017 1205/2867/2138 1206/2870/2140
f 1206/2870/2140 1205/2867/2138 1204/2868/2139
f 1198/2857/2132 1199/2859/2134 1205/2867/2138
f 1207/2871/2141 1198/2857/2132 1205/2867/2138
f 1207/2871/2141 1205/2867/2138 1083/2668/2017
f 1207/2871/2141 1210/2872/2142 1208/2873/2143
f 1209/2874/2144 1207/2871/2141 1208/2873/2143
f 1198/2857/2132 1207/2871/2141 1209/2874/2144
f 1210/2872/2142 1207/2871/2141 1083/2668/2017
f 1085/2670/2019 1210/2872/2142 1083/2668/2017
f 1210/2872/2142 1085/2670/2019 1208/2873/2143
f 1209/2875/2144 1211/2876/2145 1212/2877/2146
f 1211/2876/2145 1209/2875/2144 1208/2878/2143
f 1212/2879/2146 1198/2857/2132 1209/2874/2144
f 1212/2877/2146 1213/2880/2147 1194/2881/2130
f 1211/2876/2145 1213/2880/2147 1212/2877/2146
f 1198/2857/2132 1212/2879/2146 1194/2853/2130
f 1215/2882/2148 1213/2883/2147 1214/2884/2149
f 1213/2883/2147 1211/2885/2145 1214/2884/2149
f 1213/2883/2147 1215/2882/2148 1195/2886/2128
f 1213/2880/2147 1216/2887/2150 1194/2881/2130
f 1216/2888/2150 1213/2883/2147 1195/2886/2128
f 1216/2889/2150 1195/2890/2128 1194/2891/2130
f 1217/2892/2151 1215/2893/2148 1214/2894/2149
f 1215/2893/2148 1217/2892/2151 1195/2895/2128
f 1218/2896/2152 1217/2892/2151 1219/2897/2153
f 1217/2892/2151 1218/2896/2152 1162/2898/2097
f 1217/2892/2151 1220/2899/2154 1219/2897/2153
f 1220/2899/2154 1217/2892/2151 1214/2894/2149
f 1217/2892/2151 1221/2900/2155 1195/2895/2128
f 1221/2900/2155 1217/2892/2151 1162/2898/2097
f 1221/2900/2155 1222/2901/2156 1195/2895/2128
f 1222/2901/2156 1221/2900/2155 1162/2898/2097
f 1222/2901/2156 1191/2839/2125 1195/2895/2128
f 1222/2901/2156 1167/2791/2101 1191/2839/2125
f 1167/2791/2101 1222/2901/2156 1161/2792/2096
f 1161/2792/2096 1222/2901/2156 1162/2898/2097
f 1219/2897/2153 1220/2899/2154 1223/2902/2157
f 1220/2899/2154 1214/2894/2149 1225/2903/2158
f 1220/2899/2154 1224/2904/2159 1223/2902/2157
f 1224/2904/2159 1220/2899/2154 1225/2903/2158
f 1214/2884/2149 1211/2885/2145 1225/2905/2158
f 1211/2885/2145 1226/2906/2160 1225/2905/2158
f 1225/2907/2158 1226/2908/2160 1208/2909/2143
f 1227/2910/2161 1225/2911/2158 1208/2912/2143
f 1224/2904/2159 1225/2903/2158 1227/2913/2161
f 1231/2914/2162 1227/2915/2161 1228/2916/2163
f 1227/2917/2161 1229/2918/2164 1228/2919/2163
f 1229/2920/2164 1227/2910/2161 1208/2912/2143
f 1230/2921/2165 1224/2904/2159 1227/2913/2161
f 1230/2921/2165 1227/2913/2161 1231/2922/2162
f 926/2444/1860 1231/2914/2162 1228/2916/2163
f 927/2443/1862 1231/2914/2162 926/2444/1860
f 937/2464/1871 1230/2921/2165 1231/2922/2162
f 937/2464/1871 1231/2922/2162 927/2463/1862
f 1224/2904/2159 1230/2921/2165 1232/2923/2166
f 1232/2923/2166 1230/2921/2165 1233/2924/2167
f 1230/2921/2165 937/2464/1871 1233/2924/2167
f 1233/2924/2167 937/2464/1871 938/2465/1872
f 1233/2925/2167 938/2468/1872 944/2476/1878
f 944/2476/1878 953/2486/1888 1233/2925/2167
f 953/2486/1888 1232/2926/2166 1233/2925/2167
f 1232/2926/2166 953/2486/1888 1223/2927/2157
f 1223/2902/2157 1224/2904/2159 1232/2923/2166
f 926/2440/1860 1228/2928/2163 1229/2929/2164
f 929/2448/1863 926/2440/1860 1229/2929/2164
f 1085/2670/2019 1087/2673/2022 1229/2930/2164
f 1085/2670/2019 1229/2930/2164 1208/2873/2143
f 1087/2673/2022 929/2451/1863 1229/2930/2164
f 1226/2931/2160 1211/2876/2145 1208/2878/2143
f 1223/2927/2157 954/2485/1887 1219/2932/2153
f 953/2486/1888 954/2485/1887 1223/2927/2157
f 1234/2933/2168 1218/2934/2152 1219/2932/2153
f 954/2485/1887 956/2488/1890 1219/2932/2153
f 956/2488/1890 1234/2933/2168 1219/2932/2153
f 1234/2933/2168 1159/2782/2093 1218/2934/2152
f 957/2489/1891 1234/2933/2168 956/2488/1890
f 1123/2732/2057 1159/2782/2093 1234/2933/2168
f 957/2489/1891 1123/2732/2057 1234/2933/2168
f 1159/2782/2093 1162/2786/2097 1218/2934/2152
f 1105/2703/2039 1235/2935/2169 1206/2936/2140
f 1235/2935/2169 1102/2698/2036 1206/2936/2140
f 1086/2669/2018 1083/2668/2017 1206/2870/2140
f 1102/2698/2036 1086/2937/2018 1206/2936/2140
f 1204/2938/2139 1105/2703/2039 1206/2936/2140
f 1235/2935/2169 1105/2703/2039 1103/2700/2037
f 1102/2698/2036 1235/2935/2169 1103/2700/2037
f 1204/2938/2139 1106/2706/2041 1105/2703/2039
f 1155/2776/2089 1165/2787/2098 1157/2780/2091
f 1130/2744/2066 1126/2736/2061 1136/2753/2072
f 1121/2730/2056 1127/2735/2060 1120/2731/2054
f 961/2494/1896 1123/2732/2057 957/2489/1891
f 1121/2730/2056 1111/2716/2046 1110/2715/2045
f 1109/2714/2043 1094/2686/2029 1097/2689/2031
f 1102/2698/2036 1090/2677/2025 1086/2937/2018
f 1094/2686/2029 1236/2939/2170 1095/2687/2030
f 1236/2939/2170 1237/2940/2171 1095/2687/2030
f 1095/2687/2030 1237/2940/2171 1091/2684/2026
f 1237/2941/2171 1078/2661/2012 1080/2663/2014
f 1078/2661/2012 1237/2941/2171 1236/2942/2170
f 1237/2940/2171 1080/2943/2014 1091/2684/2026
f 1238/2944/2172 1078/2661/2012 1236/2942/2170
f 1239/2945/2173 1238/2946/2172 1236/2947/2170
f 1240/2948/2174 1239/2945/2173 1236/2947/2170
f 1236/2939/2170 1094/2686/2029 1240/2949/2174
f 1240/2949/2174 1060/2627/1993 1059/2629/1994
f 1239/2945/2173 1240/2948/2174 1059/2950/1994
f 1094/2686/2029 1060/2627/1993 1240/2949/2174
f 1238/2946/2172 1239/2945/2173 1076/2951/2010
f 1239/2945/2173 1075/2952/2009 1076/2951/2010
f 1064/2953/2001 1239/2945/2173 1059/2950/1994
f 1075/2952/2009 1239/2945/2173 1064/2953/2001
f 1078/2661/2012 1238/2944/2172 1076/2659/2010
f 1061/2632/1996 1060/2631/1993 1094/2724/2029
f 1091/2679/2026 1080/2666/2014 1081/2667/2016
f 1090/2677/2025 1084/2678/2020 1086/2937/2018
f 930/2449/1864 1087/2673/2022 1073/2654/2006
f 1087/2673/2022 930/2449/1864 929/2451/1863
f 1241/2954/2175 1075/2952/2009 1064/2953/2001
f 1241/2955/2175 1070/2652/2005 1075/2658/2009
f 1064/2640/2001 1065/2637/1999 1241/2955/2175
f 1065/2637/1999 1070/2652/2005 1241/2955/2175
f 1040/2601/1975 930/2449/1864 1073/2654/2006
f 1054/2620/1988 1061/2632/1996 968/2502/1904
f 969/2500/1902 968/2502/1904 1061/2632/1996
f 1056/2622/1990 1046/2610/1980 1047/2611/1981
f 1046/2610/1980 1056/2622/1990 1049/2615/1984
f 971/2504/1906 1054/2620/1988 968/2502/1904
f 1036/2594/1970 1035/2593/1969 932/2453/1866
f 931/2452/1865 1036/2594/1970 932/2453/1866
f 1023/2565/1956 1020/2564/1954 1035/2956/1969
f 1020/2564/1954 934/2458/1868 1035/2956/1969
f 1035/2956/1969 934/2458/1868 932/2455/1866
f 1022/2572/1958 1023/2592/1956 1031/2598/1965
f 1031/2598/1965 1026/2570/1960 1022/2572/1958
f 1020/2561/1954 1019/2560/1953 934/2461/1868
f 1011/2957/1945 1019/2560/1953 1012/2559/1946
f 1019/2560/1953 1011/2957/1945 940/2470/1875
f 1242/2958/2176 1019/2560/1953 940/2470/1875
f 1019/2560/1953 1242/2958/2176 934/2461/1868
f 1242/2958/2176 935/2459/1869 934/2461/1868
f 935/2459/1869 1242/2958/2176 940/2470/1875
f 940/2473/1875 1011/2543/1945 941/2471/1876
f 1008/2539/1941 1243/2959/2177 1007/2540/1942
f 1244/2960/2178 1008/2539/1941 1000/2533/1935
f 1008/2539/1941 1244/2960/2178 1243/2959/2177
f 1244/2960/2178 1245/2961/2179 1243/2959/2177
f 996/2529/1931 985/2517/1919 1244/2960/2178
f 996/2529/1931 1244/2960/2178 1000/2533/1935
f 985/2517/1919 1245/2961/2179 1244/2960/2178
f 1245/2961/2179 1246/2962/2180 1243/2959/2177
f 1246/2962/2180 1245/2961/2179 985/2517/1919
f 1246/2962/2180 1247/2963/2181 1243/2959/2177
f 1246/2962/2180 973/2506/1908 1247/2963/2181
f 977/2508/1910 973/2506/1908 1246/2962/2180
f 984/2516/1918 977/2508/1910 1246/2962/2180
f 984/2516/1918 1246/2962/2180 985/2517/1919
f 1247/2963/2181 945/2478/1880 1243/2959/2177
f 973/2506/1908 948/2480/1882 1247/2963/2181
f 1247/2963/2181 948/2480/1882 945/2478/1880
f 945/2478/1880 1007/2540/1942 1243/2959/2177
f 1007/2540/1942 945/2478/1880 942/2474/1877
f 986/2518/1920 985/2517/1919 996/2529/1931
f 979/2511/1913 980/2512/1914 991/2523/1925
f 980/2512/1914 982/2515/1917 991/2523/1925
f 973/2506/1908 951/2482/1884 948/2480/1882
f 951/2482/1884 966/2499/1901 950/2483/1885
f 950/2483/1885 966/2499/1901 958/2491/1893
f 965/2497/1899 962/2492/1894 963/2496/1898
f 947/2479/1881 953/2486/1888 944/2476/1878
f 1251/2964/2182 1248/2965/2183 1249/2966/2184
f 1248/2967/2183 1250/2968/2185 1249/2969/2184
f 1253/2970/2186 1250/2968/2185 1248/2967/2183
f 1248/2965/2183 1251/2964/2182 1252/2971/2187
f 1252/2972/2187 1253/2970/2186 1248/2967/2183
f 1255/2973/2188 1254/2974/2189 1253/2975/2186
f 1254/2976/2189 1256/2977/2190 1253/2978/2186
f 1257/2979/2191 1255/2973/2188 1253/2975/2186
f 1256/2977/2190 1250/2980/2185 1253/2978/2186
f 1257/2979/2191 1253/2975/2186 1252/2981/2187
f 1260/2982/2192 1257/2983/2191 1258/2984/2193
f 1258/2985/2193 1257/2979/2191 1252/2981/2187
f 1259/2986/2194 1255/2987/2188 1257/2988/2191
f 1260/2989/2192 1259/2986/2194 1257/2988/2191
f 1261/2990/2195 1260/2982/2192 1258/2984/2193
f 1259/2986/2194 1262/2991/2196 1255/2987/2188
f 1262/2991/2196 1263/2992/2197 1255/2987/2188
f 1262/2991/2196 1264/2993/2198 1263/2992/2197
f 1264/2993/2198 1265/2994/2199 1263/2992/2197
f 1264/2993/2198 1266/2995/2200 1265/2994/2199
f 1266/2995/2200 1268/2996/2201 1265/2994/2199
f 1268/2996/2201 1266/2995/2200 1267/2997/2202
f 1268/2998/2201 1269/2999/2203 1271/3000/2204
f 1268/2998/2201 1270/3001/2205 1269/2999/2203
f 1270/3002/2205 1268/2996/2201 1267/2997/2202
f 1265/3003/2199 1268/2998/2201 1271/3000/2204
f 1265/3003/2199 1271/3000/2204 1272/3004/2206
f 1271/3005/2204 1273/3006/2207 1272/3007/2206
f 1273/3006/2207 1271/3005/2204 1269/3008/2203
f 1273/3006/2207 1274/3009/2208 1272/3007/2206
f 1274/3009/2208 1273/3006/2207 1277/3010/2209
f 1273/3006/2207 1276/3011/2210 1275/3012/2211
f 1277/3010/2209 1273/3006/2207 1275/3012/2211
f 1276/3011/2210 1273/3006/2207 1269/3008/2203
f 1280/3013/2212 1274/3009/2208 1277/3010/2209
f 1275/3012/2211 1278/3014/2213 1277/3010/2209
f 1278/3014/2213 1279/3015/2214 1277/3010/2209
f 1277/3010/2209 1279/3015/2214 1280/3013/2212
f 1256/2977/2190 1274/3009/2208 1280/3013/2212
f 1281/3016/2215 1256/2977/2190 1280/3013/2212
f 1281/3016/2215 1280/3013/2212 1282/3017/2216
f 1279/3015/2214 1282/3017/2216 1280/3013/2212
f 1285/3018/2217 1282/3017/2216 1283/3019/2218
f 1282/3017/2216 1286/3020/2219 1283/3019/2218
f 1282/3017/2216 1279/3015/2214 1286/3020/2219
f 1284/3021/2220 1282/3017/2216 1285/3018/2217
f 1284/3021/2220 1281/3016/2215 1282/3017/2216
f 1279/3015/2214 1287/3022/2221 1286/3020/2219
f 1286/3020/2219 1287/3022/2221 1288/3023/2222
f 1288/3023/2222 1289/3024/2223 1286/3020/2219
f 1289/3024/2223 1283/3019/2218 1286/3020/2219
f 1291/3025/2224 1289/3026/2223 1288/3027/2222
f 1283/3019/2218 1289/3024/2223 1290/3028/2225
f 1292/3029/2226 1290/3030/2225 1289/3026/2223
f 1289/3026/2223 1291/3025/2224 1293/3031/2227
f 1293/3031/2227 1292/3029/2226 1289/3026/2223
f 1291/3025/2224 1294/3032/2228 1293/3031/2227
f 1293/3031/2227 1294/3032/2228 1296/3033/2229
f 1295/3034/2230 1292/3029/2226 1293/3031/2227
f 1296/3033/2229 1295/3034/2230 1293/3031/2227
f 1296/3035/2229 1299/3036/2231 1295/3037/2230
f 1294/3032/2228 1297/3038/2232 1296/3033/2229
f 1297/3039/2232 1298/3040/2233 1296/3035/2229
f 1298/3040/2233 1299/3036/2231 1296/3035/2229
f 1299/3036/2231 1298/3040/2233 1300/3041/2234
f 1299/3036/2231 1300/3041/2234 1302/3042/2235
f 1299/3036/2231 1301/3043/2236 1295/3037/2230
f 1301/3043/2236 1299/3036/2231 1302/3042/2235
f 1302/3042/2235 1300/3041/2234 1303/3044/2237
f 1302/3042/2235 1303/3044/2237 1304/3045/2238
f 1305/3046/2239 1302/3042/2235 1304/3045/2238
f 1301/3043/2236 1302/3042/2235 1305/3046/2239
f 1305/3046/2239 1304/3045/2238 1306/3047/2240
f 1307/3048/2241 1305/3046/2239 1306/3047/2240
f 1308/3049/2242 1305/3046/2239 1307/3048/2241
f 1308/3049/2242 1301/3043/2236 1305/3046/2239
f 1310/3050/2243 1308/3049/2242 1307/3048/2241
f 1309/3051/2244 1308/3049/2242 1310/3050/2243
f 1301/3043/2236 1308/3049/2242 1309/3051/2244
f 1311/3052/2245 1309/3051/2244 1310/3050/2243
f 1310/3050/2243 1313/3053/2246 1311/3052/2245
f 1307/3048/2241 1312/3054/2247 1310/3050/2243
f 1312/3054/2247 1313/3053/2246 1310/3050/2243
f 1312/3054/2247 1314/3055/2248 1313/3053/2246
f 1314/3055/2248 1315/3056/2249 1313/3053/2246
f 1313/3053/2246 1315/3056/2249 1316/3057/2250
f 1313/3053/2246 1316/3057/2250 1311/3052/2245
f 1315/3056/2249 1317/3058/2251 1316/3057/2250
f 1317/3059/2251 1318/3060/2252 1316/3061/2250
f 1318/3060/2252 1319/3062/2253 1316/3061/2250
f 1316/3061/2250 1319/3062/2253 1320/3063/2254
f 1311/3064/2245 1316/3061/2250 1320/3063/2254
f 1320/3063/2254 1319/3062/2253 1323/3065/2255
f 1311/3064/2245 1320/3063/2254 1321/3066/2256
f 1321/3066/2256 1320/3063/2254 1322/3067/2257
f 1320/3063/2254 1323/3065/2255 1322/3067/2257
f 1324/3068/2258 1322/3069/2257 1323/3070/2255
f 1325/3071/2259 1324/3068/2258 1323/3070/2255
f 1323/3070/2255 1326/3072/2260 1325/3071/2259
f 1319/3062/2253 1326/3073/2260 1323/3065/2255
f 1326/3072/2260 1327/3074/2261 1325/3071/2259
f 1327/3074/2261 1326/3072/2260 1328/3075/2262
f 1326/3072/2260 1329/3076/2263 1328/3075/2262
f 1318/3060/2252 1329/3077/2263 1326/3073/2260
f 1319/3062/2253 1318/3060/2252 1326/3073/2260
f 1328/3075/2262 1329/3076/2263 1331/3078/2264
f 1329/3077/2263 1318/3060/2252 1330/3079/2265
f 1329/3076/2263 1330/3080/2265 1331/3078/2264
f 1328/3075/2262 1331/3078/2264 1332/3081/2266
f 1330/3082/2265 1334/3083/2267 1331/3084/2264
f 1331/3084/2264 1333/3085/2268 1332/3086/2266
f 1334/3083/2267 1333/3085/2268 1331/3084/2264
f 1336/3087/2269 1333/3088/2268 1334/3089/2267
f 1337/3090/2270 1334/3089/2267 1335/3091/2271
f 1335/3092/2271 1334/3083/2267 1330/3082/2265
f 1337/3090/2270 1336/3087/2269 1334/3089/2267
f 1338/3093/2272 1337/3090/2270 1335/3091/2271
f 1339/3094/2273 1338/3095/2272 1335/3096/2271
f 1340/3097/2274 1339/3094/2273 1341/3098/2275
f 1341/3098/2275 1339/3094/2273 1335/3096/2271
f 1344/3099/2276 1341/3100/2275 1342/3101/2277
f 1343/3102/2278 1342/3101/2277 1341/3100/2275
f 1335/3092/2271 1343/3102/2278 1341/3100/2275
f 1344/3103/2276 1340/3097/2274 1341/3098/2275
f 1346/3104/2279 1344/3099/2276 1345/3105/2280
f 1345/3105/2280 1344/3099/2276 1342/3101/2277
f 1344/3103/2276 1346/3106/2279 1347/3107/2281
f 1340/3097/2274 1344/3103/2276 1347/3107/2281
f 1346/3106/2279 1348/3108/2282 1347/3107/2281
f 1348/3108/2282 1349/3109/2283 1347/3107/2281
f 1349/3110/2283 1351/3111/2284 1350/3112/2285
f 1353/3113/2286 1349/3110/2283 1350/3112/2285
f 1351/3114/2284 1349/3115/2283 1352/3116/2287
f 1349/3115/2283 1348/3117/2282 1352/3116/2287
f 1306/3118/2240 1354/3119/2288 1353/3113/2286
f 1350/3112/2285 1306/3118/2240 1353/3113/2286
f 1354/3119/2288 1306/3118/2240 1304/3120/2238
f 1355/3121/2289 1354/3119/2288 1304/3120/2238
f 1304/3120/2238 1303/3122/2237 1355/3121/2289
f 1303/3122/2237 1356/3123/2290 1355/3121/2289
f 1357/3124/2291 1356/3123/2290 1358/3125/2292
f 1356/3123/2290 1303/3122/2237 1358/3125/2292
f 1300/3041/2234 1358/3126/2292 1303/3044/2237
f 1300/3041/2234 1360/3127/2293 1358/3126/2292
f 1357/3124/2291 1358/3125/2292 1359/3128/2294
f 1360/3127/2293 1359/3129/2294 1358/3126/2292
f 1361/3130/2295 1360/3127/2293 1363/3131/2296
f 1360/3127/2293 1361/3130/2295 1362/3132/2297
f 1359/3129/2294 1360/3127/2293 1362/3132/2297
f 1360/3127/2293 1298/3040/2233 1363/3131/2296
f 1298/3040/2233 1360/3127/2293 1300/3041/2234
f 1363/3131/2296 1365/3133/2298 1361/3130/2295
f 1363/3131/2296 1298/3040/2233 1364/3134/2299
f 1365/3133/2298 1363/3131/2296 1364/3134/2299
f 1366/3135/2300 1365/3133/2298 1367/3136/2301
f 1365/3133/2298 1366/3135/2300 1368/3137/2302
f 1367/3136/2301 1365/3133/2298 1364/3134/2299
f 1365/3133/2298 1368/3137/2302 1361/3130/2295
f 1361/3130/2295 1368/3137/2302 1362/3132/2297
f 1368/3137/2302 1369/3138/2303 1362/3132/2297
f 1368/3137/2302 1370/3139/2304 1369/3138/2303
f 1366/3135/2300 1370/3139/2304 1368/3137/2302
f 1370/3139/2304 1372/3140/2305 1371/3141/2306
f 1370/3139/2304 1371/3141/2306 1369/3138/2303
f 1373/3142/2307 1372/3140/2305 1370/3139/2304
f 1366/3135/2300 1373/3142/2307 1370/3139/2304
f 1376/3143/2308 1373/3142/2307 1374/3144/2309
f 1373/3142/2307 1366/3135/2300 1374/3144/2309
f 1373/3142/2307 1375/3145/2310 1372/3140/2305
f 1375/3145/2310 1373/3142/2307 1376/3143/2308
f 1377/3146/2311 1379/3147/2312 1376/3148/2308
f 1378/3149/2313 1377/3146/2311 1376/3148/2308
f 1378/3149/2313 1376/3148/2308 1374/3150/2309
f 1379/3151/2312 1375/3145/2310 1376/3143/2308
f 1379/3147/2312 1377/3146/2311 1380/3152/2314
f 1380/3153/2314 1381/3154/2315 1379/3151/2312
f 1381/3154/2315 1375/3145/2310 1379/3151/2312
f 1375/3145/2310 1381/3154/2315 1382/3155/2316
f 1382/3156/2316 1381/3157/2315 1383/3158/2317
f 1381/3157/2315 1384/3159/2318 1383/3158/2317
f 1385/3160/2319 1384/3159/2318 1381/3157/2315
f 1380/3161/2314 1385/3160/2319 1381/3157/2315
f 1385/3162/2319 1387/3163/2320 1384/3164/2318
f 1387/3165/2320 1385/3166/2319 1386/3167/2321
f 1386/3168/2321 1385/3160/2319 1388/3169/2322
f 1385/3160/2319 1380/3161/2314 1388/3169/2322
f 1388/3170/2322 1391/3171/2323 1389/3172/2324
f 1390/3173/2325 1388/3170/2322 1389/3172/2324
f 1386/3168/2321 1388/3169/2322 1390/3174/2325
f 1391/3171/2323 1388/3170/2322 1380/3152/2314
f 1389/3172/2324 1391/3171/2323 1393/3175/2326
f 1391/3171/2323 1392/3176/2327 1393/3175/2326
f 1392/3176/2327 1391/3171/2323 1394/3177/2328
f 1394/3177/2328 1391/3171/2323 1380/3152/2314
f 1377/3146/2311 1394/3177/2328 1380/3152/2314
f 1377/3146/2311 1396/3178/2329 1394/3177/2328
f 1395/3179/2330 1392/3176/2327 1394/3177/2328
f 1396/3178/2329 1395/3179/2330 1394/3177/2328
f 1396/3178/2329 1397/3180/2331 1399/3181/2332
f 1397/3180/2331 1396/3178/2329 1378/3149/2313
f 1396/3178/2329 1377/3146/2311 1378/3149/2313
f 1395/3179/2330 1396/3178/2329 1392/3176/2327
f 1396/3178/2329 1398/3182/2333 1392/3176/2327
f 1398/3182/2333 1396/3178/2329 1399/3181/2332
f 1294/3032/2228 1291/3025/2224 1399/3181/2332
f 1397/3180/2331 1294/3032/2228 1399/3181/2332
f 1398/3182/2333 1399/3181/2332 1288/3027/2222
f 1399/3181/2332 1291/3025/2224 1288/3027/2222
f 1392/3176/2327 1398/3182/2333 1393/3175/2326
f 1398/3182/2333 1400/3183/2334 1393/3175/2326
f 1400/3183/2334 1398/3182/2333 1288/3027/2222
f 1400/3184/2334 1287/3022/2221 1393/3185/2326
f 1287/3022/2221 1400/3184/2334 1288/3023/2222
f 1294/3032/2228 1397/3180/2331 1401/3186/2335
f 1397/3180/2331 1378/3149/2313 1401/3186/2335
f 1401/3186/2335 1364/3187/2299 1294/3032/2228
f 1364/3187/2299 1401/3186/2335 1374/3150/2309
f 1401/3186/2335 1378/3149/2313 1374/3150/2309
f 1389/3188/2324 1393/3185/2326 1402/3189/2336
f 1287/3022/2221 1402/3189/2336 1393/3185/2326
f 1279/3015/2214 1278/3014/2213 1402/3189/2336
f 1278/3014/2213 1403/3190/2337 1402/3189/2336
f 1403/3190/2337 1404/3191/2338 1402/3189/2336
f 1404/3191/2338 1389/3188/2324 1402/3189/2336
f 1287/3022/2221 1279/3015/2214 1402/3189/2336
f 1389/3188/2324 1404/3191/2338 1405/3192/2339
f 1404/3191/2338 1403/3190/2337 1405/3192/2339
f 1407/3193/2340 1405/3194/2339 1406/3195/2341
f 1403/3190/2337 1406/3196/2341 1405/3192/2339
f 1390/3197/2325 1389/3188/2324 1405/3192/2339
f 1405/3194/2339 1407/3193/2340 1390/3174/2325
f 1270/3001/2205 1407/3193/2340 1406/3195/2341
f 1407/3193/2340 1408/3198/2342 1390/3174/2325
f 1410/3199/2343 1408/3200/2342 1407/3201/2340
f 1409/3202/2344 1407/3201/2340 1270/3002/2205
f 1409/3202/2344 1410/3199/2343 1407/3201/2340
f 1410/3199/2343 1411/3203/2345 1408/3200/2342
f 1411/3203/2345 1386/3167/2321 1408/3200/2342
f 1411/3203/2345 1387/3165/2320 1386/3167/2321
f 1267/2997/2202 1409/3202/2344 1270/3002/2205
f 1408/3198/2342 1386/3168/2321 1390/3174/2325
f 1270/3001/2205 1406/3195/2341 1269/2999/2203
f 1276/3011/2210 1269/3008/2203 1406/3196/2341
f 1403/3190/2337 1276/3011/2210 1406/3196/2341
f 1276/3011/2210 1403/3190/2337 1278/3014/2213
f 1387/3163/2320 1412/3204/2346 1384/3164/2318
f 1412/3204/2346 1413/3205/2347 1384/3164/2318
f 1413/3205/2347 1383/3206/2317 1384/3164/2318
f 1413/3205/2347 1414/3207/2348 1383/3206/2317
f 1414/3207/2348 1417/3208/2349 1383/3206/2317
f 1414/3209/2348 1415/3210/2350 1416/3211/2351
f 1417/3212/2349 1414/3209/2348 1416/3211/2351
f 1382/3156/2316 1383/3158/2317 1417/3213/2349
f 1416/3214/2351 1382/3156/2316 1417/3213/2349
f 1419/3215/2352 1418/3216/2353 1416/3217/2351
f 1418/3216/2353 1382/3155/2316 1416/3217/2351
f 1420/3218/2354 1419/3219/2352 1416/3211/2351
f 1415/3210/2350 1420/3218/2354 1416/3211/2351
f 1420/3218/2354 1421/3220/2355 1419/3219/2352
f 1421/3220/2355 1422/3221/2356 1423/3222/2357
f 1421/3220/2355 1423/3222/2357 1419/3219/2352
f 1422/3221/2356 1371/3223/2306 1423/3222/2357
f 1372/3140/2305 1423/3224/2357 1371/3141/2306
f 1372/3140/2305 1418/3216/2353 1423/3224/2357
f 1418/3216/2353 1419/3215/2352 1423/3224/2357
f 1422/3221/2356 1424/3225/2358 1371/3223/2306
f 1424/3225/2358 1369/3226/2303 1371/3223/2306
f 1424/3225/2358 1425/3227/2359 1362/3228/2297
f 1369/3226/2303 1424/3225/2358 1362/3228/2297
f 1362/3228/2297 1425/3227/2359 1359/3128/2294
f 1425/3227/2359 1426/3229/2360 1359/3128/2294
f 1426/3229/2360 1357/3124/2291 1359/3128/2294
f 1375/3145/2310 1418/3216/2353 1372/3140/2305
f 1418/3216/2353 1375/3145/2310 1382/3155/2316
f 1374/3144/2309 1366/3135/2300 1367/3136/2301
f 1367/3230/2301 1364/3187/2299 1374/3150/2309
f 1364/3187/2299 1297/3038/2232 1294/3032/2228
f 1298/3040/2233 1297/3039/2232 1364/3134/2299
f 1351/3231/2284 1352/3232/2287 1427/3233/2361
f 1346/3104/2279 1427/3234/2361 1352/3235/2287
f 1348/3236/2282 1346/3104/2279 1352/3235/2287
f 1314/3055/2248 1351/3231/2284 1427/3233/2361
f 1315/3056/2249 1314/3055/2248 1427/3233/2361
f 1345/3237/2280 1315/3056/2249 1427/3233/2361
f 1427/3234/2361 1346/3104/2279 1345/3105/2280
f 1351/3231/2284 1314/3055/2248 1312/3054/2247
f 1350/3238/2285 1351/3231/2284 1312/3054/2247
f 1350/3238/2285 1312/3054/2247 1307/3048/2241
f 1306/3047/2240 1350/3238/2285 1307/3048/2241
f 1315/3056/2249 1345/3237/2280 1342/3239/2277
f 1342/3240/2277 1343/3241/2278 1317/3059/2251
f 1343/3102/2278 1335/3092/2271 1330/3082/2265
f 1318/3060/2252 1343/3241/2278 1330/3079/2265
f 1343/3241/2278 1318/3060/2252 1317/3059/2251
f 1317/3058/2251 1315/3056/2249 1342/3239/2277
f 1333/3088/2268 1336/3087/2269 1429/3242/2362
f 1336/3087/2269 1428/3243/2363 1429/3242/2362
f 1333/3085/2268 1429/3244/2362 1332/3086/2266
f 1332/3086/2266 1429/3244/2362 1430/3245/2364
f 1429/3244/2362 1431/3246/2365 1430/3245/2364
f 1429/3242/2362 1428/3243/2363 1431/3247/2365
f 1431/3247/2365 1433/3248/2366 1432/3249/2367
f 1431/3246/2365 1432/3250/2367 1434/3251/2368
f 1430/3245/2364 1431/3246/2365 1434/3251/2368
f 1428/3243/2363 1433/3248/2366 1431/3247/2365
f 1437/3252/2369 1435/3253/2370 1434/3254/2368
f 1435/3253/2370 1430/3255/2364 1434/3254/2368
f 1436/3256/2371 1437/3257/2369 1434/3258/2368
f 1438/3259/2372 1436/3256/2371 1434/3258/2368
f 1439/3260/2373 1438/3261/2372 1434/3251/2368
f 1432/3250/2367 1439/3260/2373 1434/3251/2368
f 1439/3260/2373 1440/3262/2374 1438/3261/2372
f 1439/3263/2373 1441/3264/2375 1440/3265/2374
f 1432/3249/2367 1442/3266/2376 1439/3267/2373
f 1442/3266/2376 1441/3268/2375 1439/3267/2373
f 1433/3248/2366 1442/3266/2376 1432/3249/2367
f 1441/3264/2375 1443/3269/2377 1440/3265/2374
f 1443/3269/2377 1444/3270/2378 1440/3265/2374
f 1444/3270/2378 1447/3271/2379 1445/3272/2380
f 1444/3270/2378 1445/3272/2380 1446/3273/2381
f 1444/3270/2378 1446/3273/2381 1440/3265/2374
f 1447/3271/2379 1449/3274/2382 1445/3272/2380
f 1450/3275/2383 1448/3276/2384 1447/3271/2379
f 1448/3276/2384 1449/3274/2382 1447/3271/2379
f 1448/3276/2384 1450/3275/2383 1451/3277/2385
f 1450/3275/2383 1452/3278/2386 1451/3277/2385
f 1452/3278/2386 1453/3279/2387 1451/3277/2385
f 1453/3279/2387 1454/3280/2388 1455/3281/2389
f 1453/3279/2387 1455/3281/2389 1451/3277/2385
f 1451/3282/2385 1455/3283/2389 1456/3284/2390
f 1455/3283/2389 1457/3285/2391 1456/3284/2390
f 1455/3283/2389 1458/3286/2392 1457/3285/2391
f 1454/3280/2388 1458/3287/2392 1455/3281/2389
f 1460/3288/2393 1459/3289/2394 1458/3287/2392
f 1458/3286/2392 1459/3290/2394 1461/3291/2395
f 1458/3286/2392 1461/3291/2395 1457/3285/2391
f 1454/3280/2388 1460/3288/2393 1458/3287/2392
f 1462/3292/2396 1461/3293/2395 1464/3294/2397
f 1461/3293/2395 1462/3292/2396 1463/3295/2398
f 1457/3296/2391 1461/3293/2395 1463/3295/2398
f 1459/3290/2394 1464/3297/2397 1461/3291/2395
f 1465/3298/2399 1462/3292/2396 1464/3294/2397
f 1465/3298/2399 1464/3294/2397 1466/3299/2400
f 1467/3300/2401 1466/3301/2400 1464/3297/2397
f 1459/3290/2394 1467/3300/2401 1464/3297/2397
f 1470/3302/2402 1468/3303/2403 1467/3304/2401
f 1467/3300/2401 1468/3305/2403 1466/3301/2400
f 1469/3306/2404 1467/3304/2401 1459/3289/2394
f 1469/3306/2404 1470/3302/2402 1467/3304/2401
f 1468/3303/2403 1470/3302/2402 1471/3307/2405
f 1474/3308/2406 1468/3303/2403 1471/3307/2405
f 1472/3309/2407 1473/3310/2408 1471/3307/2405
f 1473/3310/2408 1474/3308/2406 1471/3307/2405
f 1474/3311/2406 1475/3312/2409 1477/3313/2410
f 1475/3312/2409 1474/3311/2406 1476/3314/2411
f 1474/3311/2406 1473/3315/2408 1476/3314/2411
f 1468/3305/2403 1474/3311/2406 1477/3313/2410
f 1477/3316/2410 1479/3317/2412 1478/3318/2413
f 1466/3299/2400 1477/3316/2410 1478/3318/2413
f 1477/3316/2410 1475/3319/2409 1479/3317/2412
f 1468/3305/2403 1477/3313/2410 1466/3301/2400
f 1475/3319/2409 1480/3320/2414 1479/3317/2412
f 1479/3317/2412 1480/3320/2414 1481/3321/2415
f 1479/3317/2412 1481/3321/2415 1482/3322/2416
f 1478/3318/2413 1479/3317/2412 1482/3322/2416
f 1483/3323/2417 1482/3322/2416 1481/3321/2415
f 1482/3322/2416 1483/3323/2417 1484/3324/2418
f 1485/3325/2419 1482/3322/2416 1484/3324/2418
f 1485/3325/2419 1465/3298/2399 1482/3322/2416
f 1465/3298/2399 1478/3318/2413 1482/3322/2416
f 1485/3325/2419 1486/3326/2420 1465/3298/2399
f 1486/3326/2420 1485/3325/2419 1487/3327/2421
f 1485/3325/2419 1484/3324/2418 1487/3327/2421
f 1488/3328/2422 1489/3329/2423 1487/3330/2421
f 1487/3330/2421 1484/3331/2418 1488/3328/2422
f 1489/3329/2423 1490/3332/2424 1487/3330/2421
f 1486/3326/2420 1487/3327/2421 1490/3333/2424
f 1491/3334/2425 1490/3332/2424 1489/3329/2423
f 1490/3333/2424 1491/3335/2425 1492/3336/2426
f 1492/3336/2426 1486/3326/2420 1490/3333/2424
f 1462/3292/2396 1486/3326/2420 1492/3336/2426
f 1463/3295/2398 1492/3336/2426 1493/3337/2427
f 1491/3335/2425 1493/3337/2427 1492/3336/2426
f 1463/3295/2398 1462/3292/2396 1492/3336/2426
f 1493/3337/2427 1491/3335/2425 1496/3338/2428
f 1495/3339/2429 1493/3337/2427 1494/3340/2430
f 1494/3340/2430 1493/3337/2427 1496/3338/2428
f 1495/3339/2429 1463/3295/2398 1493/3337/2427
f 1496/3341/2428 1491/3334/2425 1497/3342/2431
f 1496/3341/2428 1497/3342/2431 1498/3343/2432
f 1499/3344/2433 1496/3341/2428 1498/3343/2432
f 1494/3340/2430 1496/3338/2428 1499/3345/2433
f 1436/3256/2371 1499/3344/2433 1498/3343/2432
f 1436/3346/2371 1501/3347/2434 1499/3345/2433
f 1500/3348/2435 1494/3340/2430 1499/3345/2433
f 1501/3347/2434 1500/3348/2435 1499/3345/2433
f 1502/3349/2436 1501/3347/2434 1503/3350/2437
f 1501/3347/2434 1502/3349/2436 1500/3348/2435
f 1503/3350/2437 1501/3347/2434 1438/3351/2372
f 1501/3347/2434 1436/3346/2371 1438/3351/2372
f 1440/3262/2374 1503/3352/2437 1438/3261/2372
f 1446/3353/2381 1504/3354/2438 1503/3352/2437
f 1504/3355/2438 1502/3349/2436 1503/3350/2437
f 1440/3262/2374 1446/3353/2381 1503/3352/2437
f 1506/3356/2439 1505/3357/2440 1504/3358/2438
f 1505/3359/2440 1507/3360/2441 1504/3355/2438
f 1446/3361/2381 1506/3356/2439 1504/3358/2438
f 1507/3360/2441 1502/3349/2436 1504/3355/2438
f 1507/3360/2441 1509/3362/2442 1508/3363/2443
f 1502/3349/2436 1507/3360/2441 1508/3363/2443
f 1449/3364/2382 1509/3365/2442 1507/3366/2441
f 1445/3367/2380 1507/3366/2441 1505/3368/2440
f 1445/3367/2380 1449/3364/2382 1507/3366/2441
f 1510/3369/2444 1509/3365/2442 1448/3370/2384
f 1509/3362/2442 1510/3371/2444 1508/3363/2443
f 1509/3365/2442 1449/3364/2382 1448/3370/2384
f 1451/3282/2385 1456/3284/2390 1510/3369/2444
f 1510/3371/2444 1456/3372/2390 1511/3373/2445
f 1448/3370/2384 1451/3282/2385 1510/3369/2444
f 1510/3371/2444 1511/3373/2445 1508/3363/2443
f 1456/3372/2390 1495/3339/2429 1511/3373/2445
f 1511/3373/2445 1495/3339/2429 1494/3340/2430
f 1508/3363/2443 1511/3373/2445 1500/3348/2435
f 1511/3373/2445 1494/3340/2430 1500/3348/2435
f 1502/3349/2436 1508/3363/2443 1500/3348/2435
f 1445/3272/2380 1506/3374/2439 1446/3273/2381
f 1506/3375/2439 1445/3367/2380 1505/3368/2440
f 1437/3257/2369 1436/3256/2371 1498/3343/2432
f 1435/3253/2370 1437/3252/2369 1498/3376/2432
f 1512/3377/2446 1498/3376/2432 1497/3378/2431
f 1512/3377/2446 1435/3253/2370 1498/3376/2432
f 1515/3379/2447 1435/3253/2370 1512/3377/2446
f 1513/3380/2448 1512/3377/2446 1497/3378/2431
f 1512/3377/2446 1513/3380/2448 1514/3381/2449
f 1514/3381/2449 1515/3379/2447 1512/3377/2446
f 1515/3379/2447 1328/3075/2262 1332/3081/2266
f 1328/3075/2262 1515/3379/2447 1514/3381/2449
f 1435/3253/2370 1515/3379/2447 1430/3255/2364
f 1515/3379/2447 1332/3081/2266 1430/3255/2364
f 1514/3381/2449 1516/3382/2450 1327/3074/2261
f 1327/3074/2261 1328/3075/2262 1514/3381/2449
f 1513/3380/2448 1516/3382/2450 1514/3381/2449
f 1516/3382/2450 1325/3071/2259 1327/3074/2261
f 1516/3382/2450 1513/3380/2448 1517/3383/2451
f 1518/3384/2452 1516/3382/2450 1517/3383/2451
f 1325/3071/2259 1516/3382/2450 1518/3384/2452
f 1324/3068/2258 1518/3384/2452 1519/3385/2453
f 1324/3068/2258 1325/3071/2259 1518/3384/2452
f 1520/3386/2454 1519/3385/2453 1518/3384/2452
f 1517/3383/2451 1520/3386/2454 1518/3384/2452
f 1489/3387/2423 1488/3388/2422 1520/3386/2454
f 1488/3388/2422 1521/3389/2455 1520/3386/2454
f 1520/3386/2454 1521/3389/2455 1519/3385/2453
f 1520/3386/2454 1517/3383/2451 1489/3387/2423
f 1521/3389/2455 1488/3388/2422 1522/3390/2456
f 1521/3389/2455 1284/3021/2220 1285/3018/2217
f 1284/3021/2220 1521/3389/2455 1522/3390/2456
f 1521/3389/2455 1285/3018/2217 1519/3385/2453
f 1484/3331/2418 1522/3391/2456 1488/3328/2422
f 1284/3021/2220 1522/3390/2456 1281/3016/2215
f 1522/3390/2456 1523/3392/2457 1281/3016/2215
f 1522/3391/2456 1484/3331/2418 1523/3393/2457
f 1250/2980/2185 1256/2977/2190 1523/3392/2457
f 1250/2968/2185 1523/3393/2457 1249/2969/2184
f 1484/3331/2418 1249/2969/2184 1523/3393/2457
f 1256/2977/2190 1281/3016/2215 1523/3392/2457
f 1524/3394/2458 1324/3068/2258 1519/3385/2453
f 1519/3385/2453 1285/3018/2217 1524/3394/2458
f 1285/3018/2217 1283/3019/2218 1524/3394/2458
f 1524/3394/2458 1283/3019/2218 1290/3028/2225
f 1524/3394/2458 1290/3028/2225 1322/3069/2257
f 1324/3068/2258 1524/3394/2458 1322/3069/2257
f 1525/3395/2459 1517/3383/2451 1513/3380/2448
f 1517/3383/2451 1525/3395/2459 1489/3387/2423
f 1497/3378/2431 1525/3395/2459 1513/3380/2448
f 1525/3396/2459 1491/3334/2425 1489/3329/2423
f 1491/3334/2425 1525/3396/2459 1497/3342/2431
f 1457/3296/2391 1463/3295/2398 1495/3339/2429
f 1456/3372/2390 1457/3296/2391 1495/3339/2429
f 1486/3326/2420 1462/3292/2396 1465/3298/2399
f 1249/2966/2184 1484/3324/2418 1483/3323/2417
f 1526/3397/2460 1249/2966/2184 1483/3323/2417
f 1483/3323/2417 1527/3398/2461 1526/3397/2460
f 1527/3398/2461 1483/3323/2417 1481/3321/2415
f 1527/3398/2461 1529/3399/2462 1526/3397/2460
f 1527/3398/2461 1481/3321/2415 1528/3400/2463
f 1531/3401/2464 1527/3398/2461 1528/3400/2463
f 1529/3399/2462 1527/3398/2461 1530/3402/2465
f 1527/3398/2461 1531/3401/2464 1530/3402/2465
f 1531/3401/2464 1532/3403/2466 1530/3402/2465
f 1480/3320/2414 1532/3403/2466 1531/3401/2464
f 1528/3400/2463 1480/3320/2414 1531/3401/2464
f 1532/3403/2466 1480/3320/2414 1476/3404/2411
f 1532/3403/2466 1476/3404/2411 1533/3405/2467
f 1534/3406/2468 1532/3403/2466 1533/3405/2467
f 1532/3403/2466 1534/3406/2468 1530/3402/2465
f 1535/3407/2469 1534/3406/2468 1536/3408/2470
f 1534/3406/2468 1535/3407/2469 1529/3399/2462
f 1530/3402/2465 1534/3406/2468 1529/3399/2462
f 1534/3406/2468 1533/3405/2467 1536/3408/2470
f 1539/3409/2471 1536/3410/2470 1533/3411/2467
f 1535/3407/2469 1536/3408/2470 1537/3412/2472
f 1538/3413/2473 1537/3414/2472 1536/3410/2470
f 1539/3409/2471 1538/3413/2473 1536/3410/2470
f 1540/3415/2474 1539/3409/2471 1533/3411/2467
f 1542/3416/2475 1538/3417/2473 1539/3418/2471
f 1541/3419/2476 1539/3418/2471 1540/3420/2474
f 1541/3419/2476 1542/3416/2475 1539/3418/2471
f 1542/3421/2475 1543/3422/2477 1538/3423/2473
f 1543/3422/2477 1258/3424/2193 1538/3423/2473
f 1544/3425/2478 1541/3419/2476 1540/3420/2474
f 1472/3309/2407 1544/3425/2478 1540/3420/2474
f 1473/3315/2408 1540/3426/2474 1533/3427/2467
f 1473/3310/2408 1472/3309/2407 1540/3420/2474
f 1538/3413/2473 1258/2985/2193 1537/3414/2472
f 1251/2964/2182 1537/3412/2472 1252/2971/2187
f 1251/2964/2182 1535/3407/2469 1537/3412/2472
f 1258/2985/2193 1252/2981/2187 1537/3414/2472
f 1529/3399/2462 1535/3407/2469 1526/3397/2460
f 1535/3407/2469 1251/2964/2182 1526/3397/2460
f 1476/3314/2411 1473/3315/2408 1533/3427/2467
f 1480/3320/2414 1528/3400/2463 1481/3321/2415
f 1526/3397/2460 1251/2964/2182 1249/2966/2184
f 1480/3320/2414 1475/3319/2409 1476/3404/2411
f 1478/3318/2413 1465/3298/2399 1466/3299/2400
f 1460/3288/2393 1469/3306/2404 1459/3289/2394
f 1322/3067/2257 1290/3030/2225 1321/3066/2256
f 1309/3428/2244 1311/3064/2245 1321/3066/2256
f 1290/3030/2225 1292/3029/2226 1321/3066/2256
f 1321/3066/2256 1292/3029/2226 1309/3428/2244
f 1292/3029/2226 1295/3034/2230 1309/3428/2244
f 1295/3037/2230 1301/3043/2236 1309/3051/2244
f 1275/3012/2211 1276/3011/2210 1278/3014/2213
f 1274/3009/2208 1256/2977/2190 1272/3007/2206
f 1256/2977/2190 1254/2976/2189 1272/3007/2206
f 1263/3429/2197 1272/3430/2206 1254/2974/2189
f 1263/3431/2197 1265/3003/2199 1272/3004/2206
f 1255/2973/2188 1263/3429/2197 1254/2974/2189
f 1545/3432/2479 1546/3433/2480 1548/3434/2481
f 1545/3432/2479 1547/3435/2482 1546/3433/2480
f 1550/3436/2483 1547/3435/2482 1545/3432/2479
f 1549/3437/2484 1545/3432/2479 1548/3434/2481
f 1551/3438/2485 1545/3432/2479 1549/3437/2484
f 1551/3438/2485 1550/3436/2483 1545/3432/2479
f 1552/3439/2486 1551/3440/2485 1554/3441/2487
f 1552/3439/2486 1553/3442/2488 1551/3440/2485
f 1554/3443/2487 1551/3438/2485 1549/3437/2484
f 1553/3442/2488 1550/3444/2483 1551/3440/2485
f 1555/3445/2489 1554/3441/2487 1556/3446/2490
f 1555/3445/2489 1552/3439/2486 1554/3441/2487
f 1556/3447/2490 1554/3443/2487 1557/3448/2491
f 1554/3443/2487 1549/3437/2484 1557/3448/2491
f 1556/3447/2490 1557/3448/2491 1558/3449/2492
f 1558/3449/2492 1557/3448/2491 1559/3450/2493
f 1557/3448/2491 1560/3451/2494 1559/3450/2493
f 1557/3448/2491 1549/3437/2484 1560/3451/2494
f 1549/3437/2484 1548/3434/2481 1560/3451/2494
f 1561/3452/2495 1560/3451/2494 1548/3434/2481
f 1561/3452/2495 1562/3453/2496 1560/3451/2494
f 1562/3453/2496 1559/3450/2493 1560/3451/2494
f 1563/3454/2497 1562/3455/2496 1561/3456/2495
f 1563/3454/2497 1565/3457/2498 1562/3455/2496
f 1562/3453/2496 1564/3458/2499 1559/3450/2493
f 1565/3457/2498 1564/3459/2499 1562/3455/2496
f 1566/3460/2500 1565/3461/2498 1567/3462/2501
f 1565/3457/2498 1566/3463/2500 1564/3459/2499
f 1565/3461/2498 1563/3464/2497 1567/3462/2501
f 1578/3465/2502 1568/3466/2503 1567/3462/2501
f 1568/3466/2503 1593/3467/2504 1567/3462/2501
f 1569/3468/2505 1572/3469/2506 1567/3462/2501
f 1591/3470/2507 1569/3468/2505 1567/3462/2501
f 1581/3471/2508 1570/3472/2509 1567/3462/2501
f 1570/3472/2509 1580/3473/2510 1567/3462/2501
f 1571/3474/2511 1589/3475/2512 1567/3462/2501
f 1575/3476/2513 1571/3474/2511 1567/3462/2501
f 1572/3469/2506 1573/3477/2514 1567/3462/2501
f 1573/3477/2514 1587/3478/2515 1567/3462/2501
f 1587/3478/2515 1566/3460/2500 1567/3462/2501
f 1574/3479/2516 1594/3480/2517 1567/3462/2501
f 1580/3473/2510 1574/3479/2516 1567/3462/2501
f 1576/3481/2518 1575/3476/2513 1567/3462/2501
f 1582/3482/2519 1576/3481/2518 1567/3462/2501
f 1583/3483/2520 1577/3484/2521 1567/3462/2501
f 1577/3484/2521 1592/3485/2522 1567/3462/2501
f 1584/3486/2523 1578/3465/2502 1567/3462/2501
f 1585/3487/2524 1579/3488/2525 1567/3462/2501
f 1579/3488/2525 1584/3486/2523 1567/3462/2501
f 1563/3464/2497 1588/3489/2526 1567/3462/2501
f 1595/3490/2527 1581/3471/2508 1567/3462/2501
f 1590/3491/2528 1582/3482/2519 1567/3462/2501
f 1593/3467/2504 1583/3483/2520 1567/3462/2501
f 1594/3480/2517 1585/3487/2524 1567/3462/2501
f 1586/3492/2529 1596/3493/2530 1567/3462/2501
f 1588/3489/2526 1586/3492/2529 1567/3462/2501
f 1589/3475/2512 1591/3470/2507 1567/3462/2501
f 1592/3485/2522 1590/3491/2528 1567/3462/2501
f 1596/3493/2530 1595/3490/2527 1567/3462/2501
f 1596/3494/2530 1598/3495/2531 1597/3496/2532
f 1595/3497/2527 1596/3494/2530 1597/3496/2532
f 1596/3494/2530 1586/3498/2529 1598/3495/2531
f 1598/3499/2531 1546/3433/2480 1599/3500/2533
f 1598/3499/2531 1600/3501/2534 1546/3433/2480
f 1597/3502/2532 1598/3499/2531 1599/3500/2533
f 1586/3498/2529 1600/3503/2534 1598/3495/2531
f 1600/3501/2534 1548/3434/2481 1546/3433/2480
f 1600/3501/2534 1561/3452/2495 1548/3434/2481
f 1588/3504/2526 1561/3456/2495 1600/3503/2534
f 1586/3498/2529 1588/3504/2526 1600/3503/2534
f 1547/3435/2482 1599/3500/2533 1546/3433/2480
f 1597/3502/2532 1599/3500/2533 1601/3505/2535
f 1602/3506/2536 1601/3505/2535 1599/3500/2533
f 1547/3435/2482 1602/3506/2536 1599/3500/2533
f 1603/3507/2537 1602/3506/2536 1547/3435/2482
f 1603/3507/2537 1605/3508/2538 1602/3506/2536
f 1605/3508/2538 1604/3509/2539 1602/3506/2536
f 1602/3506/2536 1604/3509/2539 1601/3505/2535
f 1608/3510/2540 1606/3511/2541 1605/3512/2538
f 1606/3511/2541 1607/3513/2542 1605/3512/2538
f 1605/3508/2538 1607/3514/2542 1604/3509/2539
f 1608/3510/2540 1605/3512/2538 1603/3515/2537
f 1611/3516/2543 1606/3517/2541 1608/3518/2540
f 1609/3519/2544 1608/3510/2540 1603/3515/2537
f 1610/3520/2545 1608/3518/2540 1609/3521/2544
f 1610/3520/2545 1611/3516/2543 1608/3518/2540
f 1611/3516/2543 1612/3522/2546 1606/3517/2541
f 1612/3522/2546 1611/3516/2543 1613/3523/2547
f 1611/3516/2543 1610/3520/2545 1614/3524/2548
f 1611/3516/2543 1614/3524/2548 1613/3523/2547
f 1613/3523/2547 1614/3524/2548 1615/3525/2549
f 1614/3524/2548 1617/3526/2550 1615/3525/2549
f 1610/3520/2545 1616/3527/2551 1614/3524/2548
f 1614/3524/2548 1616/3527/2551 1617/3526/2550
f 1616/3527/2551 1618/3528/2552 1617/3526/2550
f 1619/3529/2553 1620/3530/2554 1618/3528/2552
f 1616/3527/2551 1619/3529/2553 1618/3528/2552
f 1619/3529/2553 1621/3531/2555 1620/3530/2554
f 1621/3531/2555 1622/3532/2556 1620/3530/2554
f 1621/3531/2555 1623/3533/2557 1622/3532/2556
f 1623/3533/2557 1624/3534/2558 1622/3532/2556
f 1626/3535/2559 1625/3536/2560 1624/3534/2558
f 1623/3533/2557 1626/3535/2559 1624/3534/2558
f 1627/3537/2561 1629/3538/2562 1626/3535/2559
f 1628/3539/2563 1627/3537/2561 1626/3535/2559
f 1628/3539/2563 1626/3535/2559 1623/3533/2557
f 1626/3535/2559 1629/3538/2562 1625/3536/2560
f 1627/3537/2561 1632/3540/2564 1629/3538/2562
f 1629/3538/2562 1631/3541/2565 1625/3536/2560
f 1629/3538/2562 1630/3542/2566 1631/3541/2565
f 1632/3540/2564 1630/3542/2566 1629/3538/2562
f 1632/3540/2564 1627/3537/2561 1633/3543/2567
f 1632/3540/2564 1633/3543/2567 1635/3544/2568
f 1632/3540/2564 1634/3545/2569 1630/3542/2566
f 1634/3545/2569 1632/3540/2564 1635/3544/2568
f 1635/3546/2568 1633/3547/2567 1636/3548/2570
f 1634/3545/2569 1635/3544/2568 1637/3549/2571
f 1635/3546/2568 1636/3548/2570 1638/3550/2572
f 1637/3551/2571 1635/3546/2568 1638/3550/2572
f 1637/3551/2571 1638/3550/2572 1639/3552/2573
f 1639/3553/2573 1638/3554/2572 1640/3555/2574
f 1638/3554/2572 1636/3556/2570 1641/3557/2575
f 1638/3554/2572 1641/3557/2575 1640/3555/2574
f 1641/3557/2575 1642/3558/2576 1644/3559/2577
f 1641/3557/2575 1643/3560/2578 1642/3558/2576
f 1636/3556/2570 1643/3560/2578 1641/3557/2575
f 1640/3555/2574 1641/3557/2575 1644/3559/2577
f 1647/3561/2579 1644/3559/2577 1642/3558/2576
f 1640/3555/2574 1644/3559/2577 1645/3562/2580
f 1646/3563/2581 1645/3562/2580 1644/3559/2577
f 1647/3561/2579 1646/3563/2581 1644/3559/2577
f 1573/3564/2514 1646/3565/2581 1647/3566/2579
f 1587/3567/2515 1573/3564/2514 1647/3566/2579
f 1648/3568/2582 1647/3561/2579 1642/3558/2576
f 1587/3567/2515 1647/3566/2579 1648/3569/2582
f 1566/3463/2500 1648/3569/2582 1564/3459/2499
f 1566/3463/2500 1587/3567/2515 1648/3569/2582
f 1564/3458/2499 1648/3568/2582 1649/3570/2583
f 1648/3568/2582 1642/3558/2576 1649/3570/2583
f 1643/3560/2578 1558/3449/2492 1649/3570/2583
f 1643/3560/2578 1649/3570/2583 1642/3558/2576
f 1558/3449/2492 1559/3450/2493 1649/3570/2583
f 1564/3458/2499 1649/3570/2583 1559/3450/2493
f 1572/3571/2506 1650/3572/2584 1646/3565/2581
f 1646/3563/2581 1650/3573/2584 1645/3562/2580
f 1573/3564/2514 1572/3571/2506 1646/3565/2581
f 1572/3571/2506 1569/3574/2505 1650/3572/2584
f 1569/3574/2505 1652/3575/2585 1650/3572/2584
f 1650/3573/2584 1651/3576/2586 1645/3562/2580
f 1650/3573/2584 1652/3577/2585 1651/3576/2586
f 1652/3577/2585 1653/3578/2587 1651/3576/2586
f 1652/3577/2585 1654/3579/2588 1653/3578/2587
f 1591/3580/2507 1654/3581/2588 1652/3575/2585
f 1569/3574/2505 1591/3580/2507 1652/3575/2585
f 1654/3579/2588 1655/3582/2589 1653/3578/2587
f 1654/3579/2588 1656/3583/2590 1655/3582/2589
f 1589/3584/2512 1656/3585/2590 1654/3581/2588
f 1591/3580/2507 1589/3584/2512 1654/3581/2588
f 1589/3584/2512 1571/3586/2511 1656/3585/2590
f 1571/3586/2511 1657/3587/2591 1656/3585/2590
f 1656/3583/2590 1657/3588/2591 1658/3589/2592
f 1656/3583/2590 1658/3589/2592 1655/3582/2589
f 1659/3590/2593 1658/3589/2592 1661/3591/2594
f 1659/3590/2593 1660/3592/2595 1658/3589/2592
f 1660/3592/2595 1655/3582/2589 1658/3589/2592
f 1657/3588/2591 1661/3591/2594 1658/3589/2592
f 1657/3588/2591 1662/3593/2596 1661/3591/2594
f 1662/3593/2596 1664/3594/2597 1661/3591/2594
f 1663/3595/2598 1659/3590/2593 1661/3591/2594
f 1663/3595/2598 1661/3591/2594 1664/3594/2597
f 1665/3596/2599 1664/3594/2597 1666/3597/2600
f 1665/3596/2599 1663/3595/2598 1664/3594/2597
f 1667/3598/2601 1666/3597/2600 1664/3594/2597
f 1662/3593/2596 1667/3598/2601 1664/3594/2597
f 1667/3598/2601 1668/3599/2602 1666/3597/2600
f 1582/3600/2519 1668/3601/2602 1667/3602/2601
f 1576/3603/2518 1667/3602/2601 1662/3604/2596
f 1576/3603/2518 1582/3600/2519 1667/3602/2601
f 1668/3599/2602 1671/3605/2603 1666/3597/2600
f 1582/3600/2519 1590/3606/2528 1668/3601/2602
f 1590/3606/2528 1669/3607/2604 1668/3601/2602
f 1669/3608/2604 1670/3609/2605 1668/3599/2602
f 1670/3609/2605 1671/3605/2603 1668/3599/2602
f 1672/3610/2606 1671/3605/2603 1670/3609/2605
f 1672/3610/2606 1673/3611/2607 1671/3605/2603
f 1673/3611/2607 1666/3597/2600 1671/3605/2603
f 1674/3612/2608 1665/3596/2599 1673/3611/2607
f 1675/3613/2609 1674/3612/2608 1673/3611/2607
f 1675/3613/2609 1673/3611/2607 1672/3610/2606
f 1673/3611/2607 1665/3596/2599 1666/3597/2600
f 1676/3614/2610 1674/3615/2608 1675/3616/2609
f 1677/3617/2611 1676/3614/2610 1675/3616/2609
f 1677/3617/2611 1675/3616/2609 1678/3618/2612
f 1678/3619/2612 1675/3613/2609 1672/3610/2606
f 1679/3620/2613 1678/3618/2612 1680/3621/2614
f 1679/3620/2613 1677/3617/2611 1678/3618/2612
f 1680/3622/2614 1678/3619/2612 1681/3623/2615
f 1678/3619/2612 1672/3610/2606 1681/3623/2615
f 1683/3624/2616 1681/3623/2615 1682/3625/2617
f 1681/3623/2615 1670/3609/2605 1682/3625/2617
f 1681/3623/2615 1672/3610/2606 1670/3609/2605
f 1680/3622/2614 1681/3623/2615 1683/3624/2616
f 1685/3626/2618 1683/3624/2616 1684/3627/2619
f 1684/3627/2619 1683/3624/2616 1686/3628/2620
f 1685/3626/2618 1680/3622/2614 1683/3624/2616
f 1683/3624/2616 1682/3625/2617 1686/3628/2620
f 1687/3629/2621 1689/3630/2622 1686/3628/2620
f 1688/3631/2623 1687/3629/2621 1686/3628/2620
f 1688/3631/2623 1686/3628/2620 1682/3625/2617
f 1684/3627/2619 1686/3628/2620 1689/3630/2622
f 1687/3629/2621 1690/3632/2624 1689/3630/2622
f 1690/3632/2624 1691/3633/2625 1689/3630/2622
f 1692/3634/2626 1689/3630/2622 1691/3633/2625
f 1692/3634/2626 1684/3627/2619 1689/3630/2622
f 1695/3635/2627 1692/3634/2626 1693/3636/2628
f 1693/3636/2628 1692/3634/2626 1691/3633/2625
f 1695/3635/2627 1694/3637/2629 1692/3634/2626
f 1694/3637/2629 1684/3627/2619 1692/3634/2626
f 1696/3638/2630 1698/3639/2631 1695/3640/2627
f 1696/3638/2630 1695/3640/2627 1697/3641/2632
f 1697/3642/2632 1695/3635/2627 1693/3636/2628
f 1698/3639/2631 1694/3643/2629 1695/3640/2627
f 1698/3639/2631 1699/3644/2633 1694/3643/2629
f 1700/3645/2634 1699/3646/2633 1698/3647/2631
f 1701/3648/2635 1700/3645/2634 1698/3647/2631
f 1701/3648/2635 1698/3647/2631 1696/3649/2630
f 1701/3648/2635 1702/3650/2636 1704/3651/2637
f 1702/3650/2636 1701/3648/2635 1696/3649/2630
f 1701/3648/2635 1704/3651/2637 1703/3652/2638
f 1700/3645/2634 1701/3648/2635 1703/3652/2638
f 1704/3651/2637 1707/3653/2639 1705/3654/2640
f 1703/3652/2638 1704/3651/2637 1705/3654/2640
f 1702/3650/2636 1706/3655/2641 1704/3651/2637
f 1704/3651/2637 1706/3655/2641 1707/3653/2639
f 1706/3655/2641 1708/3656/2642 1707/3653/2639
f 1706/3655/2641 1709/3657/2643 1708/3656/2642
f 1709/3657/2643 1710/3658/2644 1708/3656/2642
f 1712/3659/2645 1711/3660/2646 1710/3658/2644
f 1709/3657/2643 1712/3659/2645 1710/3658/2644
f 1713/3661/2647 1715/3662/2648 1712/3659/2645
f 1714/3663/2649 1713/3661/2647 1712/3659/2645
f 1714/3663/2649 1712/3659/2645 1709/3657/2643
f 1712/3659/2645 1715/3662/2648 1711/3660/2646
f 1716/3664/2650 1717/3665/2651 1715/3662/2648
f 1713/3661/2647 1716/3664/2650 1715/3662/2648
f 1715/3662/2648 1718/3666/2652 1711/3660/2646
f 1715/3662/2648 1717/3665/2651 1718/3666/2652
f 1717/3665/2651 1719/3667/2653 1718/3666/2652
f 1717/3665/2651 1720/3668/2654 1719/3667/2653
f 1720/3668/2654 1721/3669/2655 1719/3667/2653
f 1723/3670/2656 1722/3671/2657 1721/3672/2655
f 1720/3673/2654 1723/3670/2656 1721/3672/2655
f 1724/3674/2658 1726/3675/2659 1723/3670/2656
f 1725/3676/2660 1724/3674/2658 1723/3670/2656
f 1725/3676/2660 1723/3670/2656 1720/3673/2654
f 1723/3670/2656 1726/3675/2659 1722/3671/2657
f 1726/3675/2659 1727/3677/2661 1722/3671/2657
f 1612/3522/2546 1613/3523/2547 1726/3675/2659
f 1724/3674/2658 1612/3522/2546 1726/3675/2659
f 1726/3675/2659 1613/3523/2547 1727/3677/2661
f 1613/3523/2547 1615/3525/2549 1727/3677/2661
f 1728/3678/2662 1725/3676/2660 1720/3673/2654
f 1725/3676/2660 1728/3678/2662 1730/3679/2663
f 1724/3674/2658 1725/3676/2660 1729/3680/2664
f 1725/3676/2660 1730/3679/2663 1729/3680/2664
f 1729/3681/2664 1730/3682/2663 1731/3683/2665
f 1730/3682/2663 1732/3684/2666 1731/3683/2665
f 1730/3682/2663 1733/3685/2667 1732/3684/2666
f 1728/3678/2662 1733/3686/2667 1730/3679/2663
f 1733/3685/2667 1734/3687/2668 1732/3684/2666
f 1733/3685/2667 1735/3688/2669 1734/3687/2668
f 1716/3664/2650 1735/3689/2669 1733/3690/2667
f 1728/3691/2662 1716/3664/2650 1733/3690/2667
f 1735/3688/2669 1736/3692/2670 1734/3687/2668
f 1735/3688/2669 1737/3693/2671 1736/3692/2670
f 1713/3661/2647 1737/3694/2671 1735/3689/2669
f 1716/3664/2650 1713/3661/2647 1735/3689/2669
f 1737/3693/2671 1738/3695/2672 1736/3692/2670
f 1737/3693/2671 1739/3696/2673 1738/3695/2672
f 1714/3663/2649 1739/3697/2673 1737/3694/2671
f 1713/3661/2647 1714/3663/2649 1737/3694/2671
f 1739/3696/2673 1741/3698/2674 1740/3699/2675
f 1739/3696/2673 1740/3699/2675 1738/3695/2672
f 1742/3700/2676 1741/3701/2674 1739/3697/2673
f 1714/3663/2649 1742/3700/2676 1739/3697/2673
f 1702/3650/2636 1742/3700/2676 1706/3655/2641
f 1742/3700/2676 1702/3650/2636 1741/3701/2674
f 1742/3700/2676 1714/3663/2649 1709/3657/2643
f 1742/3700/2676 1709/3657/2643 1706/3655/2641
f 1741/3698/2674 1697/3641/2632 1740/3699/2675
f 1741/3698/2674 1696/3638/2630 1697/3641/2632
f 1702/3650/2636 1696/3649/2630 1741/3701/2674
f 1740/3702/2675 1697/3642/2632 1744/3703/2677
f 1738/3704/2672 1740/3702/2675 1743/3705/2678
f 1740/3702/2675 1744/3703/2677 1743/3705/2678
f 1697/3642/2632 1693/3636/2628 1744/3703/2677
f 1744/3703/2677 1693/3636/2628 1745/3706/2679
f 1743/3705/2678 1744/3703/2677 1746/3707/2680
f 1744/3703/2677 1745/3706/2679 1746/3707/2680
f 1747/3708/2681 1748/3709/2682 1746/3707/2680
f 1747/3708/2681 1746/3707/2680 1745/3706/2679
f 1743/3705/2678 1746/3707/2680 1749/3710/2683
f 1748/3709/2682 1749/3710/2683 1746/3707/2680
f 1748/3711/2682 1750/3712/2684 1749/3713/2683
f 1750/3712/2684 1751/3714/2685 1749/3713/2683
f 1752/3715/2686 1749/3713/2683 1751/3714/2685
f 1752/3716/2686 1743/3705/2678 1749/3710/2683
f 1753/3717/2687 1752/3715/2686 1751/3714/2685
f 1736/3718/2670 1752/3715/2686 1753/3717/2687
f 1736/3719/2670 1738/3704/2672 1752/3716/2686
f 1738/3704/2672 1743/3705/2678 1752/3716/2686
f 1753/3717/2687 1751/3714/2685 1755/3720/2688
f 1734/3721/2668 1736/3718/2670 1753/3717/2687
f 1734/3721/2668 1753/3717/2687 1754/3722/2689
f 1754/3722/2689 1753/3717/2687 1755/3720/2688
f 1756/3723/2690 1755/3720/2688 1751/3714/2685
f 1756/3723/2690 1757/3724/2691 1755/3720/2688
f 1757/3724/2691 1758/3725/2692 1755/3720/2688
f 1754/3722/2689 1755/3720/2688 1758/3725/2692
f 1759/3726/2693 1754/3722/2689 1758/3725/2692
f 1759/3726/2693 1758/3725/2692 1761/3727/2694
f 1757/3724/2691 1760/3728/2695 1758/3725/2692
f 1760/3728/2695 1761/3727/2694 1758/3725/2692
f 1760/3728/2695 1762/3729/2696 1761/3727/2694
f 1762/3729/2696 1763/3730/2697 1761/3727/2694
f 1764/3731/2698 1761/3727/2694 1763/3730/2697
f 1764/3731/2698 1759/3726/2693 1761/3727/2694
f 1765/3732/2699 1764/3731/2698 1763/3730/2697
f 1731/3733/2665 1759/3726/2693 1764/3731/2698
f 1766/3734/2700 1731/3733/2665 1764/3731/2698
f 1766/3734/2700 1764/3731/2698 1765/3732/2699
f 1767/3735/2701 1729/3736/2664 1766/3737/2700
f 1767/3735/2701 1766/3737/2700 1607/3513/2542
f 1607/3514/2542 1766/3734/2700 1765/3732/2699
f 1729/3736/2664 1731/3738/2665 1766/3737/2700
f 1612/3522/2546 1767/3739/2701 1606/3517/2541
f 1606/3511/2541 1767/3735/2701 1607/3513/2542
f 1724/3674/2658 1729/3680/2664 1767/3739/2701
f 1612/3522/2546 1724/3674/2658 1767/3739/2701
f 1765/3732/2699 1763/3730/2697 1768/3740/2702
f 1607/3514/2542 1765/3732/2699 1604/3509/2539
f 1604/3509/2539 1765/3732/2699 1768/3740/2702
f 1769/3741/2703 1768/3740/2702 1763/3730/2697
f 1769/3741/2703 1770/3742/2704 1768/3740/2702
f 1770/3742/2704 1601/3505/2535 1768/3740/2702
f 1604/3509/2539 1768/3740/2702 1601/3505/2535
f 1581/3743/2508 1770/3744/2704 1769/3745/2703
f 1581/3743/2508 1595/3497/2527 1770/3744/2704
f 1770/3742/2704 1597/3502/2532 1601/3505/2535
f 1595/3497/2527 1597/3496/2532 1770/3744/2704
f 1570/3746/2509 1581/3743/2508 1769/3745/2703
f 1570/3746/2509 1769/3745/2703 1762/3747/2696
f 1762/3729/2696 1769/3741/2703 1763/3730/2697
f 1580/3748/2510 1570/3746/2509 1762/3747/2696
f 1580/3748/2510 1762/3747/2696 1760/3749/2695
f 1574/3750/2516 1760/3749/2695 1757/3751/2691
f 1574/3750/2516 1580/3748/2510 1760/3749/2695
f 1731/3733/2665 1732/3752/2666 1759/3726/2693
f 1732/3752/2666 1754/3722/2689 1759/3726/2693
f 1594/3753/2517 1574/3750/2516 1757/3751/2691
f 1594/3753/2517 1757/3751/2691 1756/3754/2690
f 1585/3755/2524 1756/3754/2690 1750/3756/2684
f 1750/3712/2684 1756/3723/2690 1751/3714/2685
f 1585/3755/2524 1594/3753/2517 1756/3754/2690
f 1732/3752/2666 1734/3721/2668 1754/3722/2689
f 1579/3757/2525 1750/3758/2684 1748/3759/2682
f 1579/3760/2525 1585/3755/2524 1750/3756/2684
f 1584/3761/2523 1748/3759/2682 1747/3762/2681
f 1584/3761/2523 1579/3757/2525 1748/3759/2682
f 1578/3763/2502 1747/3762/2681 1771/3764/2705
f 1771/3765/2705 1747/3708/2681 1745/3706/2679
f 1578/3763/2502 1584/3761/2523 1747/3762/2681
f 1771/3765/2705 1745/3706/2679 1691/3633/2625
f 1690/3632/2624 1771/3765/2705 1691/3633/2625
f 1568/3766/2503 1771/3764/2705 1690/3767/2624
f 1568/3766/2503 1578/3763/2502 1771/3764/2705
f 1693/3636/2628 1691/3633/2625 1745/3706/2679
f 1716/3664/2650 1728/3691/2662 1717/3665/2651
f 1728/3691/2662 1720/3668/2654 1717/3665/2651
f 1703/3652/2638 1705/3654/2640 1772/3768/2706
f 1773/3769/2707 1772/3768/2706 1774/3770/2708
f 1773/3769/2707 1703/3652/2638 1772/3768/2706
f 1776/3771/2709 1774/3770/2708 1775/3772/2710
f 1776/3771/2709 1773/3769/2707 1774/3770/2708
f 1778/3773/2711 1773/3769/2707 1776/3771/2709
f 1777/3774/2712 1776/3771/2709 1775/3772/2710
f 1779/3775/2713 1776/3771/2709 1777/3774/2712
f 1779/3775/2713 1778/3773/2711 1776/3771/2709
f 1779/3775/2713 1679/3776/2613 1780/3777/2714
f 1778/3773/2711 1779/3775/2713 1780/3777/2714
f 1779/3775/2713 1781/3778/2715 1679/3776/2613
f 1781/3778/2715 1779/3775/2713 1777/3774/2712
f 1781/3778/2715 1677/3779/2611 1679/3776/2613
f 1781/3778/2715 1782/3780/2716 1677/3779/2611
f 1782/3780/2716 1781/3778/2715 1783/3781/2717
f 1781/3778/2715 1777/3774/2712 1783/3781/2717
f 1782/3780/2716 1783/3781/2717 1784/3782/2718
f 1784/3782/2718 1783/3781/2717 1785/3783/2719
f 1783/3781/2717 1786/3784/2720 1785/3783/2719
f 1783/3781/2717 1777/3774/2712 1786/3784/2720
f 1777/3774/2712 1775/3772/2710 1786/3784/2720
f 1784/3782/2718 1785/3783/2719 1787/3785/2721
f 1788/3786/2722 1784/3782/2718 1787/3785/2721
f 1788/3786/2722 1787/3785/2721 1789/3787/2723
f 1791/3788/2724 1789/3787/2723 1790/3789/2725
f 1791/3788/2724 1788/3786/2722 1789/3787/2723
f 1793/3790/2726 1791/3788/2724 1790/3789/2725
f 1794/3791/2727 1788/3786/2722 1791/3788/2724
f 1792/3792/2728 1794/3791/2727 1791/3788/2724
f 1792/3792/2728 1791/3788/2724 1793/3790/2726
f 1794/3791/2727 1795/3793/2729 1788/3786/2722
f 1795/3793/2729 1794/3791/2727 1796/3794/2730
f 1794/3791/2727 1797/3795/2731 1796/3794/2730
f 1794/3791/2727 1792/3792/2728 1797/3795/2731
f 1792/3792/2728 1798/3796/2732 1797/3795/2731
f 1797/3797/2731 1798/3798/2732 1799/3799/2733
f 1797/3797/2731 1799/3799/2733 1800/3800/2734
f 1796/3801/2730 1797/3797/2731 1800/3800/2734
f 1800/3802/2734 1799/3803/2733 1663/3595/2598
f 1796/3801/2730 1800/3800/2734 1674/3615/2608
f 1674/3612/2608 1800/3802/2734 1665/3596/2599
f 1800/3802/2734 1663/3595/2598 1665/3596/2599
f 1799/3803/2733 1659/3590/2593 1663/3595/2598
f 1799/3803/2733 1801/3804/2735 1659/3590/2593
f 1798/3798/2732 1801/3805/2735 1799/3799/2733
f 1802/3806/2736 1803/3807/2737 1801/3805/2735
f 1798/3798/2732 1802/3806/2736 1801/3805/2735
f 1801/3804/2735 1803/3808/2737 1660/3592/2595
f 1801/3804/2735 1660/3592/2595 1659/3590/2593
f 1803/3808/2737 1804/3809/2738 1806/3810/2739
f 1805/3811/2740 1804/3812/2738 1803/3807/2737
f 1802/3806/2736 1805/3811/2740 1803/3807/2737
f 1803/3808/2737 1806/3810/2739 1660/3592/2595
f 1804/3809/2738 1807/3813/2741 1806/3810/2739
f 1806/3810/2739 1653/3578/2587 1655/3582/2589
f 1806/3810/2739 1807/3813/2741 1653/3578/2587
f 1660/3592/2595 1806/3810/2739 1655/3582/2589
f 1804/3809/2738 1809/3814/2742 1807/3813/2741
f 1809/3814/2742 1808/3815/2743 1807/3813/2741
f 1807/3813/2741 1808/3815/2743 1651/3576/2586
f 1807/3813/2741 1651/3576/2586 1653/3578/2587
f 1811/3816/2744 1810/3817/2745 1809/3818/2742
f 1810/3817/2745 1639/3552/2573 1809/3818/2742
f 1809/3814/2742 1639/3553/2573 1808/3815/2743
f 1811/3816/2744 1809/3818/2742 1804/3812/2738
f 1813/3819/2746 1810/3820/2745 1811/3821/2744
f 1805/3811/2740 1811/3816/2744 1804/3812/2738
f 1812/3822/2747 1811/3821/2744 1805/3823/2740
f 1812/3822/2747 1813/3819/2746 1811/3821/2744
f 1813/3819/2746 1812/3822/2747 1816/3824/2748
f 1813/3819/2746 1814/3825/2749 1810/3820/2745
f 1814/3825/2749 1813/3819/2746 1815/3826/2750
f 1813/3819/2746 1816/3824/2748 1815/3826/2750
f 1812/3822/2747 1818/3827/2751 1816/3824/2748
f 1816/3824/2748 1819/3828/2752 1817/3829/2753
f 1815/3826/2750 1816/3824/2748 1817/3829/2753
f 1816/3824/2748 1818/3827/2751 1819/3828/2752
f 1818/3827/2751 1820/3830/2754 1819/3828/2752
f 1818/3827/2751 1821/3831/2755 1820/3830/2754
f 1821/3831/2755 1822/3832/2756 1820/3830/2754
f 1793/3790/2726 1790/3789/2725 1822/3832/2756
f 1821/3831/2755 1793/3790/2726 1822/3832/2756
f 1823/3833/2757 1824/3834/2758 1821/3831/2755
f 1823/3833/2757 1821/3831/2755 1818/3827/2751
f 1824/3834/2758 1793/3790/2726 1821/3831/2755
f 1824/3834/2758 1823/3833/2757 1802/3835/2736
f 1824/3834/2758 1802/3835/2736 1798/3796/2732
f 1824/3834/2758 1792/3792/2728 1793/3790/2726
f 1792/3792/2728 1824/3834/2758 1798/3796/2732
f 1812/3822/2747 1823/3833/2757 1818/3827/2751
f 1823/3833/2757 1812/3822/2747 1805/3823/2740
f 1823/3833/2757 1805/3823/2740 1802/3835/2736
f 1815/3826/2750 1817/3829/2753 1825/3836/2759
f 1827/3837/2760 1825/3836/2759 1826/3838/2761
f 1827/3837/2760 1815/3826/2750 1825/3836/2759
f 1634/3545/2569 1814/3825/2749 1827/3837/2760
f 1634/3545/2569 1827/3837/2760 1630/3542/2566
f 1630/3542/2566 1827/3837/2760 1826/3838/2761
f 1814/3825/2749 1815/3826/2750 1827/3837/2760
f 1630/3542/2566 1826/3838/2761 1631/3541/2565
f 1814/3825/2749 1637/3549/2571 1810/3820/2745
f 1814/3825/2749 1634/3545/2569 1637/3549/2571
f 1810/3817/2745 1637/3551/2571 1639/3552/2573
f 1808/3815/2743 1645/3562/2580 1651/3576/2586
f 1808/3815/2743 1640/3555/2574 1645/3562/2580
f 1639/3553/2573 1640/3555/2574 1808/3815/2743
f 1676/3614/2610 1796/3801/2730 1674/3615/2608
f 1795/3793/2729 1796/3794/2730 1676/3839/2610
f 1782/3780/2716 1795/3793/2729 1676/3839/2610
f 1795/3793/2729 1782/3780/2716 1784/3782/2718
f 1795/3793/2729 1784/3782/2718 1788/3786/2722
f 1782/3780/2716 1676/3839/2610 1677/3779/2611
f 1780/3840/2714 1680/3621/2614 1685/3841/2618
f 1780/3840/2714 1679/3620/2613 1680/3621/2614
f 1778/3773/2711 1780/3777/2714 1699/3646/2633
f 1699/3644/2633 1780/3840/2714 1685/3841/2618
f 1700/3645/2634 1778/3773/2711 1699/3646/2633
f 1778/3773/2711 1700/3645/2634 1773/3769/2707
f 1700/3645/2634 1703/3652/2638 1773/3769/2707
f 1699/3644/2633 1685/3841/2618 1694/3643/2629
f 1694/3637/2629 1685/3626/2618 1684/3627/2619
f 1593/3842/2504 1690/3767/2624 1687/3843/2621
f 1593/3842/2504 1568/3766/2503 1690/3767/2624
f 1577/3844/2521 1688/3845/2623 1828/3846/2762
f 1828/3847/2762 1688/3631/2623 1682/3625/2617
f 1583/3848/2520 1687/3843/2621 1688/3845/2623
f 1577/3844/2521 1583/3848/2520 1688/3845/2623
f 1828/3847/2762 1682/3625/2617 1669/3608/2604
f 1592/3849/2522 1828/3846/2762 1669/3607/2604
f 1592/3849/2522 1577/3844/2521 1828/3846/2762
f 1583/3848/2520 1593/3842/2504 1687/3843/2621
f 1682/3625/2617 1670/3609/2605 1669/3608/2604
f 1590/3606/2528 1592/3849/2522 1669/3607/2604
f 1575/3850/2513 1576/3603/2518 1662/3604/2596
f 1575/3850/2513 1662/3604/2596 1657/3587/2591
f 1571/3586/2511 1575/3850/2513 1657/3587/2591
f 1636/3556/2570 1829/3851/2763 1643/3560/2578
f 1829/3851/2763 1558/3449/2492 1643/3560/2578
f 1633/3547/2567 1829/3852/2763 1636/3548/2570
f 1633/3547/2567 1830/3853/2764 1829/3852/2763
f 1829/3851/2763 1556/3447/2490 1558/3449/2492
f 1830/3853/2764 1556/3446/2490 1829/3852/2763
f 1628/3539/2563 1555/3854/2489 1830/3855/2764
f 1830/3853/2764 1555/3445/2489 1556/3446/2490
f 1627/3537/2561 1830/3855/2764 1633/3543/2567
f 1627/3537/2561 1628/3539/2563 1830/3855/2764
f 1628/3539/2563 1831/3856/2765 1555/3854/2489
f 1831/3856/2765 1628/3539/2563 1623/3533/2557
f 1831/3856/2765 1552/3857/2486 1555/3854/2489
f 1831/3856/2765 1623/3533/2557 1621/3531/2555
f 1832/3858/2766 1831/3856/2765 1621/3531/2555
f 1831/3856/2765 1832/3858/2766 1552/3857/2486
f 1832/3858/2766 1553/3859/2488 1552/3857/2486
f 1832/3858/2766 1833/3860/2767 1553/3859/2488
f 1833/3860/2767 1832/3858/2766 1619/3529/2553
f 1832/3858/2766 1621/3531/2555 1619/3529/2553
f 1833/3860/2767 1609/3521/2544 1553/3859/2488
f 1833/3860/2767 1610/3520/2545 1609/3521/2544
f 1610/3520/2545 1833/3860/2767 1616/3527/2551
f 1833/3860/2767 1619/3529/2553 1616/3527/2551
f 1609/3519/2544 1603/3515/2537 1550/3444/2483
f 1553/3442/2488 1609/3519/2544 1550/3444/2483
f 1550/3436/2483 1603/3507/2537 1547/3435/2482
f 1588/3504/2526 1563/3454/2497 1561/3456/2495
f 1834/3861/2768 1835/3862/2769 1837/3863/2770
f 1834/3861/2768 1836/3864/2771 1835/3862/2769
f 1836/3864/2771 1834/3861/2768 1840/3865/2772
f 1838/3866/2773 1834/3861/2768 1837/3863/2770
f 1834/3861/2768 1838/3866/2773 1839/3867/2774
f 1834/3861/2768 1839/3867/2774 1840/3865/2772
f 1836/3864/2771 1840/3865/2772 1841/3868/2775
f 1841/3868/2775 1840/3865/2772 1842/3869/2776
f 1840/3865/2772 1839/3867/2774 1843/3870/2777
f 1840/3865/2772 1843/3870/2777 1842/3869/2776
f 1839/3867/2774 1844/3871/2778 1843/3870/2777
f 1846/3872/2779 1845/3873/2780 1844/3871/2778
f 1839/3867/2774 1846/3872/2779 1844/3871/2778
f 1846/3872/2779 1847/3874/2781 1845/3873/2780
f 1848/3875/2782 1847/3874/2781 1846/3872/2779
f 1838/3866/2773 1848/3875/2782 1846/3872/2779
f 1838/3866/2773 1846/3872/2779 1839/3867/2774
f 1848/3875/2782 1850/3876/2783 1847/3874/2781
f 1848/3875/2782 1838/3866/2773 1849/3877/2784
f 1848/3875/2782 1849/3877/2784 1851/3878/2785
f 1850/3876/2783 1848/3875/2782 1851/3878/2785
f 1851/3879/2785 1854/3880/2786 1852/3881/2787
f 1853/3882/2788 1851/3879/2785 1852/3881/2787
f 1850/3876/2783 1851/3878/2785 1853/3883/2788
f 1851/3879/2785 1849/3884/2784 1854/3880/2786
f 1852/3885/2787 1854/3886/2786 1855/3887/2789
f 1854/3886/2786 1856/3888/2790 1855/3887/2789
f 1854/3886/2786 1857/3889/2791 1856/3888/2790
f 1849/3884/2784 1857/3890/2791 1854/3880/2786
f 1857/3889/2791 1858/3891/2792 1856/3888/2790
f 1857/3889/2791 1859/3892/2793 1858/3891/2792
f 1849/3884/2784 1837/3893/2770 1857/3890/2791
f 1837/3893/2770 1859/3894/2793 1857/3890/2791
f 1837/3893/2770 1835/3895/2769 1859/3894/2793
f 1859/3892/2793 1860/3896/2794 1861/3897/2795
f 1835/3895/2769 1860/3898/2794 1859/3894/2793
f 1859/3892/2793 1861/3897/2795 1858/3891/2792
f 1860/3896/2794 1862/3899/2796 1861/3897/2795
f 1861/3897/2795 1862/3899/2796 1863/3900/2797
f 1861/3897/2795 1863/3900/2797 1864/3901/2798
f 1858/3891/2792 1861/3897/2795 1864/3901/2798
f 1863/3902/2797 1865/3903/2799 1864/3904/2798
f 1865/3903/2799 1866/3905/2800 1864/3904/2798
f 1864/3904/2798 1866/3905/2800 1867/3906/2801
f 1858/3891/2792 1864/3901/2798 1867/3907/2801
f 1866/3905/2800 1868/3908/2802 1867/3906/2801
f 1867/3906/2801 1868/3908/2802 1869/3909/2803
f 1856/3888/2790 1867/3907/2801 1869/3910/2803
f 1856/3888/2790 1858/3891/2792 1867/3907/2801
f 1855/3887/2789 1869/3910/2803 1871/3911/2804
f 1855/3887/2789 1856/3888/2790 1869/3910/2803
f 1868/3908/2802 1870/3912/2805 1869/3909/2803
f 1869/3909/2803 1870/3912/2805 1871/3913/2804
f 1872/3914/2806 1871/3911/2804 1874/3915/2807
f 1872/3914/2806 1855/3887/2789 1871/3911/2804
f 1870/3912/2805 1873/3916/2808 1871/3913/2804
f 1871/3913/2804 1873/3916/2808 1874/3917/2807
f 1873/3916/2808 1876/3918/2809 1874/3917/2807
f 1877/3919/2810 1872/3914/2806 1874/3915/2807
f 1877/3919/2810 1874/3915/2807 1875/3920/2811
f 1874/3921/2807 1876/3922/2809 1875/3923/2811
f 1878/3924/2812 1880/3925/2813 1877/3919/2810
f 1878/3924/2812 1877/3919/2810 1879/3926/2814
f 1879/3926/2814 1877/3919/2810 1875/3920/2811
f 1880/3925/2813 1872/3914/2806 1877/3919/2810
f 1881/3927/2815 1880/3928/2813 1878/3929/2812
f 1880/3925/2813 1852/3885/2787 1872/3914/2806
f 1853/3882/2788 1852/3881/2787 1880/3928/2813
f 1881/3927/2815 1853/3882/2788 1880/3928/2813
f 1883/3930/2816 1853/3883/2788 1881/3931/2815
f 1882/3932/2817 1881/3931/2815 1884/3933/2818
f 1882/3932/2817 1883/3930/2816 1881/3931/2815
f 1884/3934/2818 1881/3927/2815 1878/3929/2812
f 1884/3934/2818 1878/3929/2812 1885/3935/2819
f 1886/3936/2820 1884/3934/2818 1885/3935/2819
f 1887/3937/2821 1882/3932/2817 1884/3933/2818
f 1887/3937/2821 1884/3933/2818 1886/3938/2820
f 1887/3937/2821 1888/3939/2822 1890/3940/2823
f 1887/3937/2821 1889/3941/2824 1888/3939/2822
f 1889/3941/2824 1887/3937/2821 1886/3938/2820
f 1882/3932/2817 1887/3937/2821 1890/3940/2823
f 1882/3932/2817 1890/3940/2823 1891/3942/2825
f 1891/3942/2825 1890/3940/2823 1892/3943/2826
f 1890/3940/2823 1893/3944/2827 1892/3943/2826
f 1890/3940/2823 1888/3939/2822 1893/3944/2827
f 1888/3939/2822 1894/3945/2828 1893/3944/2827
f 1895/3946/2829 1896/3947/2830 1894/3945/2828
f 1888/3939/2822 1895/3946/2829 1894/3945/2828
f 1895/3946/2829 1897/3948/2831 1896/3947/2830
f 1897/3948/2831 1898/3949/2832 1896/3947/2830
f 1899/3950/2833 1900/3951/2834 1898/3949/2832
f 1897/3948/2831 1899/3950/2833 1898/3949/2832
f 1899/3950/2833 1901/3952/2835 1900/3951/2834
f 1901/3952/2835 1902/3953/2836 1900/3951/2834
f 1901/3952/2835 1903/3954/2837 1902/3953/2836
f 1903/3954/2837 1904/3955/2838 1902/3953/2836
f 1905/3956/2839 1906/3957/2840 1904/3955/2838
f 1903/3954/2837 1905/3956/2839 1904/3955/2838
f 1907/3958/2841 1908/3959/2842 1906/3957/2840
f 1905/3956/2839 1907/3958/2841 1906/3957/2840
f 1907/3958/2841 1909/3960/2843 1908/3959/2842
f 1909/3960/2843 1910/3961/2844 1908/3959/2842
f 1909/3960/2843 1911/3962/2845 1910/3961/2844
f 1911/3962/2845 1912/3963/2846 1910/3961/2844
f 1911/3962/2845 1913/3964/2847 1912/3963/2846
f 1913/3964/2847 1914/3965/2848 1912/3963/2846
f 1915/3966/2849 1916/3967/2850 1914/3965/2848
f 1913/3964/2847 1915/3966/2849 1914/3965/2848
f 1915/3966/2849 1917/3968/2851 1916/3967/2850
f 1917/3968/2851 1918/3969/2852 1916/3967/2850
f 1919/3970/2853 1920/3971/2854 1918/3969/2852
f 1917/3968/2851 1919/3970/2853 1918/3969/2852
f 1921/3972/2855 1922/3973/2856 1920/3971/2854
f 1919/3970/2853 1921/3972/2855 1920/3971/2854
f 1921/3972/2855 1923/3974/2857 1922/3973/2856
f 1923/3974/2857 1924/3975/2858 1922/3973/2856
f 1923/3974/2857 1925/3976/2859 1924/3975/2858
f 1925/3976/2859 1926/3977/2860 1924/3975/2858
f 1925/3976/2859 1927/3978/2861 1926/3977/2860
f 1927/3978/2861 1928/3979/2862 1926/3977/2860
f 1929/3980/2863 1930/3981/2864 1928/3982/2862
f 1927/3983/2861 1929/3980/2863 1928/3982/2862
f 1929/3980/2863 1931/3984/2865 1930/3981/2864
f 1931/3984/2865 1932/3985/2866 1930/3981/2864
f 1931/3984/2865 1933/3986/2867 1932/3985/2866
f 1933/3986/2867 1934/3987/2868 1932/3985/2866
f 1933/3986/2867 1935/3988/2869 1934/3987/2868
f 1935/3988/2869 1936/3989/2870 1934/3987/2868
f 1935/3988/2869 1937/3990/2871 1936/3989/2870
f 1937/3990/2871 1938/3991/2872 1936/3989/2870
f 1937/3990/2871 1939/3992/2873 1938/3991/2872
f 1939/3992/2873 1940/3993/2874 1938/3991/2872
f 1939/3992/2873 1841/3868/2775 1940/3993/2874
f 1841/3868/2775 1842/3869/2776 1940/3993/2874
f 1941/3994/2875 1939/3992/2873 1937/3990/2871
f 1942/3995/2876 1841/3868/2775 1939/3992/2873
f 1941/3994/2875 1942/3995/2876 1939/3992/2873
f 1942/3995/2876 1836/3864/2771 1841/3868/2775
f 1836/3864/2771 1942/3995/2876 1943/3996/2877
f 1942/3995/2876 1944/3997/2878 1943/3996/2877
f 1942/3995/2876 1941/3994/2875 1944/3997/2878
f 1943/3998/2877 1944/3999/2878 1945/4000/2879
f 1944/3999/2878 1946/4001/2880 1945/4000/2879
f 1944/3999/2878 1947/4002/2881 1946/4001/2880
f 1941/3994/2875 1947/4003/2881 1944/3997/2878
f 1947/4002/2881 1948/4004/2882 1946/4001/2880
f 1947/4002/2881 1950/4005/2883 1948/4004/2882
f 1941/3994/2875 1949/4006/2884 1947/4003/2881
f 1949/4006/2884 1950/4007/2883 1947/4003/2881
f 1950/4005/2883 1952/4008/2885 1948/4004/2882
f 1950/4005/2883 1951/4009/2886 1952/4008/2885
f 1953/4010/2887 1951/4011/2886 1950/4007/2883
f 1949/4006/2884 1953/4010/2887 1950/4007/2883
f 1953/4010/2887 1949/4006/2884 1935/3988/2869
f 1953/4010/2887 1935/3988/2869 1933/3986/2867
f 1954/4012/2888 1953/4010/2887 1933/3986/2867
f 1953/4010/2887 1954/4012/2888 1951/4011/2886
f 1954/4012/2888 1933/3986/2867 1931/3984/2865
f 1955/4013/2889 1954/4012/2888 1931/3984/2865
f 1954/4012/2888 1955/4013/2889 1956/4014/2890
f 1954/4012/2888 1956/4014/2890 1951/4011/2886
f 1956/4015/2890 1957/4016/2891 1958/4017/2892
f 1955/4013/2889 1957/4018/2891 1956/4014/2890
f 1951/4009/2886 1956/4015/2890 1959/4019/2893
f 1956/4015/2890 1958/4017/2892 1959/4019/2893
f 1959/4020/2893 1958/4021/2892 1960/4022/2894
f 1959/4020/2893 1960/4022/2894 1961/4023/2895
f 1951/4009/2886 1959/4019/2893 1952/4008/2885
f 1952/4024/2885 1959/4020/2893 1961/4023/2895
f 1961/4023/2895 1960/4022/2894 1962/4025/2896
f 1952/4024/2885 1961/4023/2895 1963/4026/2897
f 1961/4023/2895 1962/4025/2896 1964/4027/2898
f 1963/4026/2897 1961/4023/2895 1964/4027/2898
f 1962/4028/2896 1965/4029/2899 1964/4030/2898
f 1965/4029/2899 1966/4031/2900 1964/4030/2898
f 1964/4030/2898 1966/4031/2900 1967/4032/2901
f 1963/4026/2897 1964/4027/2898 1967/4033/2901
f 1966/4031/2900 1969/4034/2902 1967/4032/2901
f 1968/4035/2903 1963/4026/2897 1967/4033/2901
f 1968/4035/2903 1967/4033/2901 1970/4036/2904
f 1967/4032/2901 1969/4034/2902 1970/4037/2904
f 1973/4038/2905 1968/4035/2903 1970/4036/2904
f 1973/4038/2905 1970/4036/2904 1971/4039/2906
f 1970/4037/2904 1972/4040/2907 1971/4041/2906
f 1969/4034/2902 1972/4040/2907 1970/4037/2904
f 1946/4042/2880 1968/4035/2903 1973/4038/2905
f 1945/4043/2879 1946/4042/2880 1973/4038/2905
f 1862/3899/2796 1973/4038/2905 1971/4039/2906
f 1945/4043/2879 1973/4038/2905 1862/3899/2796
f 1972/4040/2907 1974/4044/2908 1971/4041/2906
f 1976/4045/2909 1974/4046/2908 1972/4047/2907
f 1975/4048/2910 1972/4047/2907 1969/4049/2902
f 1975/4048/2910 1976/4045/2909 1972/4047/2907
f 1976/4050/2909 1975/4051/2910 1978/4052/2911
f 1977/4053/2912 1976/4050/2909 1978/4052/2911
f 1976/4045/2909 1977/4054/2912 1974/4046/2908
f 1979/4055/2913 1993/4056/2914 1978/4052/2911
f 1984/4057/2915 1979/4055/2913 1978/4052/2911
f 1980/4058/2916 1999/4059/2917 1978/4052/2911
f 1985/4060/2918 1980/4058/2916 1978/4052/2911
f 1996/4061/2919 1981/4062/2920 1978/4052/2911
f 1981/4062/2920 1995/4063/2921 1978/4052/2911
f 1986/4064/2922 1982/4065/2923 1978/4052/2911
f 1982/4065/2923 1988/4066/2924 1978/4052/2911
f 2003/4067/2925 1983/4068/2926 1978/4052/2911
f 1983/4068/2926 2006/4069/2927 1978/4052/2911
f 1997/4070/2928 1984/4057/2915 1978/4052/2911
f 2006/4069/2927 1985/4060/2918 1978/4052/2911
f 1988/4066/2924 1977/4053/2912 1978/4052/2911
f 1998/4071/2929 1986/4064/2922 1978/4052/2911
f 1987/4072/2930 1997/4070/2928 1978/4052/2911
f 1992/4073/2931 1987/4072/2930 1978/4052/2911
f 1989/4074/2932 2005/4075/2933 1978/4052/2911
f 2000/4076/2934 1989/4074/2932 1978/4052/2911
f 1990/4077/2935 1994/4078/2936 1978/4052/2911
f 1993/4056/2914 1990/4077/2935 1978/4052/2911
f 1991/4079/2937 2001/4080/2938 1978/4052/2911
f 1994/4078/2936 1991/4079/2937 1978/4052/2911
f 1995/4063/2921 1992/4073/2931 1978/4052/2911
f 1975/4051/2910 1996/4061/2919 1978/4052/2911
f 1999/4059/2917 1998/4071/2929 1978/4052/2911
f 2004/4081/2939 2000/4076/2934 1978/4052/2911
f 2001/4080/2938 2004/4081/2939 1978/4052/2911
f 2002/4082/2940 2007/4083/2941 1978/4052/2911
f 2005/4075/2933 2002/4082/2940 1978/4052/2911
f 2007/4083/2941 2003/4067/2925 1978/4052/2911
f 2003/4084/2925 2007/4085/2941 2008/4086/2942
f 2007/4085/2941 2009/4087/2943 2008/4086/2942
f 2007/4085/2941 2002/4088/2940 2009/4087/2943
f 2008/4089/2942 2009/4090/2943 2012/4091/2944
f 2009/4090/2943 2011/4092/2945 2010/4093/2946
f 2012/4091/2944 2009/4090/2943 2010/4093/2946
f 2002/4088/2940 2011/4094/2945 2009/4087/2943
f 2013/4095/2947 2012/4096/2944 2010/4097/2946
f 2013/4095/2947 2014/4098/2948 2012/4096/2944
f 2014/4098/2948 2015/4099/2949 2012/4096/2944
f 2015/4100/2949 2008/4089/2942 2012/4091/2944
f 2014/4098/2948 2016/4101/2950 2015/4099/2949
f 2018/4102/2951 2008/4089/2942 2015/4100/2949
f 2016/4101/2950 2017/4103/2952 2015/4099/2949
f 2017/4104/2952 2018/4102/2951 2015/4100/2949
f 2003/4084/2925 2008/4086/2942 2018/4105/2951
f 1983/4106/2926 2018/4105/2951 2019/4107/2953
f 2019/4108/2953 2018/4102/2951 2017/4104/2952
f 1983/4106/2926 2003/4084/2925 2018/4105/2951
f 2006/4109/2927 2019/4107/2953 2020/4110/2954
f 2020/4111/2954 2019/4108/2953 2021/4112/2955
f 2021/4112/2955 2019/4108/2953 2017/4104/2952
f 2006/4109/2927 1983/4106/2926 2019/4107/2953
f 2024/4113/2956 2022/4114/2957 2021/4115/2955
f 2022/4116/2957 2020/4111/2954 2021/4112/2955
f 2023/4117/2958 2021/4115/2955 2017/4103/2952
f 2023/4117/2958 2024/4113/2956 2021/4115/2955
f 2025/4118/2959 2024/4113/2956 2023/4117/2958
f 2025/4118/2959 1885/4119/2819 2024/4113/2956
f 1885/4119/2819 1879/4120/2814 2024/4113/2956
f 2024/4113/2956 1879/4120/2814 2022/4114/2957
f 2027/4121/2960 2025/4118/2959 2023/4117/2958
f 1886/3936/2820 1885/3935/2819 2025/4122/2959
f 2026/4123/2961 1886/3936/2820 2025/4122/2959
f 2026/4123/2961 2025/4122/2959 2027/4124/2960
f 2029/4125/2962 2027/4124/2960 2028/4126/2963
f 2028/4127/2963 2027/4121/2960 2016/4101/2950
f 2027/4121/2960 2023/4117/2958 2016/4101/2950
f 2029/4125/2962 2026/4123/2961 2027/4124/2960
f 2030/4128/2964 2029/4125/2962 2028/4126/2963
f 2032/4129/2965 2026/4130/2961 2029/4131/2962
f 2031/4132/2966 2029/4131/2962 2030/4133/2964
f 2031/4132/2966 2032/4129/2965 2029/4131/2962
f 2032/4129/2965 1897/3948/2831 1895/3946/2829
f 2032/4129/2965 2031/4132/2966 1897/3948/2831
f 1889/3941/2824 2032/4129/2965 1895/3946/2829
f 2032/4129/2965 1889/3941/2824 2026/4130/2961
f 2031/4132/2966 1899/3950/2833 1897/3948/2831
f 2031/4132/2966 2033/4134/2967 1899/3950/2833
f 2033/4134/2967 2031/4132/2966 2030/4133/2964
f 2033/4134/2967 2034/4135/2968 1901/3952/2835
f 2034/4135/2968 2033/4134/2967 2035/4136/2969
f 2033/4134/2967 2030/4133/2964 2035/4136/2969
f 2033/4134/2967 1901/3952/2835 1899/3950/2833
f 2035/4137/2969 2036/4138/2970 2037/4139/2971
f 2035/4137/2969 2030/4128/2964 2036/4138/2970
f 2034/4135/2968 2035/4136/2969 2038/4140/2972
f 2038/4141/2972 2035/4137/2969 2037/4139/2971
f 2039/4142/2973 2034/4135/2968 2038/4140/2972
f 2039/4142/2973 2038/4140/2972 2041/4143/2974
f 2041/4144/2974 2038/4141/2972 2040/4145/2975
f 2038/4141/2972 2037/4139/2971 2040/4145/2975
f 2042/4146/2976 2039/4142/2973 2041/4143/2974
f 2042/4146/2976 2041/4143/2974 2043/4147/2977
f 2043/4148/2977 2041/4144/2974 2044/4149/2978
f 2041/4144/2974 2040/4145/2975 2044/4149/2978
f 2045/4150/2979 2044/4151/2978 2046/4152/2980
f 2043/4148/2977 2044/4149/2978 2045/4153/2979
f 2044/4151/2978 2047/4154/2981 2046/4152/2980
f 2044/4151/2978 2040/4155/2975 2047/4154/2981
f 2047/4154/2981 2049/4156/2982 2048/4157/2983
f 2047/4154/2981 2048/4157/2983 2050/4158/2984
f 2040/4155/2975 2049/4156/2982 2047/4154/2981
f 2046/4152/2980 2047/4154/2981 2050/4158/2984
f 2048/4159/2983 2051/4160/2985 2050/4161/2984
f 2051/4160/2985 2052/4162/2986 2050/4161/2984
f 2050/4161/2984 2052/4162/2986 2053/4163/2987
f 2046/4152/2980 2050/4158/2984 2053/4164/2987
f 2054/4165/2988 2046/4152/2980 2053/4164/2987
f 2054/4165/2988 2053/4164/2987 2055/4166/2989
f 2052/4162/2986 2056/4167/2990 2053/4163/2987
f 2053/4163/2987 2056/4167/2990 2055/4168/2989
f 2000/4169/2934 2056/4170/2990 2052/4171/2986
f 2000/4169/2934 2004/4172/2939 2056/4170/2990
f 2004/4172/2939 2057/4173/2991 2056/4170/2990
f 2056/4167/2990 2057/4174/2991 2055/4168/2989
f 2001/4175/2938 2058/4176/2992 2057/4173/2991
f 2004/4172/2939 2001/4175/2938 2057/4173/2991
f 2057/4174/2991 2058/4177/2992 2059/4178/2993
f 2055/4168/2989 2057/4174/2991 2059/4178/2993
f 2060/4179/2994 2059/4180/2993 2062/4181/2995
f 2060/4179/2994 2061/4182/2996 2059/4180/2993
f 2061/4182/2996 2055/4166/2989 2059/4180/2993
f 2059/4178/2993 2058/4177/2992 2062/4183/2995
f 2062/4183/2995 2064/4184/2997 2063/4185/2998
f 2065/4186/2999 2062/4181/2995 2063/4187/2998
f 2065/4186/2999 2060/4179/2994 2062/4181/2995
f 2058/4177/2992 2064/4184/2997 2062/4183/2995
f 2066/4188/3000 2065/4186/2999 2063/4187/2998
f 2068/4189/3001 2065/4186/2999 2066/4188/3000
f 2067/4190/3002 2060/4179/2994 2065/4186/2999
f 2068/4189/3001 2067/4190/3002 2065/4186/2999
f 2069/4191/3003 2071/4192/3004 2068/4193/3001
f 2069/4191/3003 2068/4193/3001 2070/4194/3005
f 2070/4195/3005 2068/4189/3001 2066/4188/3000
f 2071/4192/3004 2067/4196/3002 2068/4193/3001
f 2072/4197/3006 2073/4198/3007 2071/4199/3004
f 2072/4197/3006 2071/4199/3004 2069/4200/3003
f 2071/4192/3004 2074/4201/3008 2067/4196/3002
f 2073/4198/3007 2074/4202/3008 2071/4199/3004
f 2074/4201/3008 2075/4203/3009 2067/4196/3002
f 2074/4201/3008 2076/4204/3010 2075/4203/3009
f 2077/4205/3011 2076/4206/3010 2074/4202/3008
f 2073/4198/3007 2077/4205/3011 2074/4202/3008
f 2078/4207/3012 2077/4205/3011 1911/3962/2845
f 2077/4205/3011 1913/3964/2847 1911/3962/2845
f 2077/4205/3011 2078/4207/3012 2076/4206/3010
f 2077/4205/3011 2073/4198/3007 1913/3964/2847
f 2079/4208/3013 2078/4207/3012 1909/3960/2843
f 2078/4207/3012 2079/4208/3013 2080/4209/3014
f 2078/4207/3012 1911/3962/2845 1909/3960/2843
f 2078/4207/3012 2080/4209/3014 2076/4206/3010
f 2076/4204/3010 2080/4210/3014 2081/4211/3015
f 2080/4210/3014 2045/4153/2979 2081/4211/3015
f 2080/4210/3014 2043/4148/2977 2045/4153/2979
f 2079/4208/3013 2043/4147/2977 2080/4209/3014
f 2076/4204/3010 2081/4211/3015 2075/4203/3009
f 2075/4212/3009 2081/4213/3015 2061/4182/2996
f 2081/4213/3015 2045/4150/2979 2054/4165/2988
f 2081/4213/3015 2054/4165/2988 2061/4182/2996
f 2079/4208/3013 1909/3960/2843 1907/3958/2841
f 2042/4146/2976 2079/4208/3013 1907/3958/2841
f 2079/4208/3013 2042/4146/2976 2043/4147/2977
f 2067/4190/3002 2075/4212/3009 2060/4179/2994
f 2075/4212/3009 2061/4182/2996 2060/4179/2994
f 2073/4198/3007 2072/4197/3006 1915/3966/2849
f 2073/4198/3007 1915/3966/2849 1913/3964/2847
f 2082/4214/3016 2072/4197/3006 2069/4200/3003
f 2072/4197/3006 2082/4214/3016 1917/3968/2851
f 2072/4197/3006 1917/3968/2851 1915/3966/2849
f 2082/4214/3016 1919/3970/2853 1917/3968/2851
f 2082/4214/3016 2083/4215/3017 1919/3970/2853
f 2083/4215/3017 2082/4214/3016 2084/4216/3018
f 2082/4214/3016 2069/4200/3003 2084/4216/3018
f 2084/4217/3018 2070/4194/3005 2085/4218/3019
f 2084/4217/3018 2069/4191/3003 2070/4194/3005
f 2086/4219/3020 2084/4217/3018 2085/4218/3019
f 2083/4215/3017 2084/4216/3018 2086/4220/3020
f 2086/4219/3020 2085/4218/3019 2088/4221/3021
f 2087/4222/3022 2086/4220/3020 2089/4223/3023
f 2087/4222/3022 2083/4215/3017 2086/4220/3020
f 2089/4224/3023 2086/4219/3020 2088/4221/3021
f 2090/4225/3024 2087/4222/3022 2089/4223/3023
f 2090/4225/3024 2089/4223/3023 2092/4226/3025
f 2089/4224/3023 2088/4221/3021 2091/4227/3026
f 2092/4228/3025 2089/4224/3023 2091/4227/3026
f 2093/4229/3027 2090/4225/3024 2092/4226/3025
f 2093/4230/3027 2092/4231/3025 2094/4232/3028
f 2094/4233/3028 2092/4228/3025 2095/4234/3029
f 2092/4228/3025 2091/4227/3026 2095/4234/3029
f 2095/4235/3029 2091/4236/3026 2096/4237/3030
f 2095/4235/3029 2096/4237/3030 2097/4238/3031
f 2098/4239/3032 2095/4235/3029 2097/4238/3031
f 2094/4233/3028 2095/4234/3029 2098/4240/3032
f 1957/4016/2891 2098/4241/3032 1958/4017/2892
f 1958/4021/2892 2098/4239/3032 2099/4242/3033
f 2098/4239/3032 2097/4238/3031 2099/4242/3033
f 1957/4243/2891 2094/4233/3028 2098/4240/3032
f 1958/4021/2892 2099/4242/3033 1960/4022/2894
f 1960/4022/2894 2099/4242/3033 2101/4244/3034
f 2099/4242/3033 2100/4245/3035 2101/4244/3034
f 2099/4242/3033 2097/4238/3031 2100/4245/3035
f 2100/4246/3035 2102/4247/3036 2101/4248/3034
f 2102/4247/3036 2103/4249/3037 2101/4248/3034
f 2101/4248/3034 2103/4249/3037 1962/4028/2896
f 1960/4022/2894 2101/4244/3034 1962/4025/2896
f 1992/4250/2931 2103/4251/3037 2102/4252/3036
f 2103/4249/3037 1965/4029/2899 1962/4028/2896
f 1995/4253/2921 1965/4254/2899 2103/4251/3037
f 1992/4250/2931 1995/4253/2921 2103/4251/3037
f 2104/4255/3038 2102/4247/3036 2100/4246/3035
f 1987/4256/2930 2102/4252/3036 2104/4257/3038
f 1987/4256/2930 1992/4250/2931 2102/4252/3036
f 2106/4258/3039 2104/4255/3038 2100/4246/3035
f 1997/4259/2928 2104/4257/3038 2105/4260/3040
f 2105/4261/3040 2104/4255/3038 2106/4258/3039
f 1997/4259/2928 1987/4256/2930 2104/4257/3038
f 2096/4237/3030 2107/4262/3041 2106/4263/3039
f 2097/4238/3031 2096/4237/3030 2106/4263/3039
f 2097/4238/3031 2106/4263/3039 2100/4245/3035
f 2107/4264/3041 2105/4261/3040 2106/4258/3039
f 2096/4237/3030 2110/4265/3042 2107/4262/3041
f 2108/4266/3043 2105/4261/3040 2107/4264/3041
f 2109/4267/3044 2108/4266/3043 2107/4264/3041
f 2110/4265/3042 2109/4268/3044 2107/4262/3041
f 2088/4269/3021 2111/4270/3045 2110/4265/3042
f 2091/4236/3026 2088/4269/3021 2110/4265/3042
f 2110/4265/3042 2111/4270/3045 2109/4268/3044
f 2091/4236/3026 2110/4265/3042 2096/4237/3030
f 2111/4270/3045 2112/4271/3046 2109/4268/3044
f 2111/4270/3045 2113/4272/3047 2112/4271/3046
f 2085/4273/3019 2113/4272/3047 2111/4270/3045
f 2088/4269/3021 2085/4273/3019 2111/4270/3045
f 2113/4272/3047 2114/4274/3048 2112/4271/3046
f 2113/4272/3047 2066/4188/3000 2114/4274/3048
f 2085/4273/3019 2070/4195/3005 2113/4272/3047
f 2070/4195/3005 2066/4188/3000 2113/4272/3047
f 2114/4275/3048 2115/4276/3049 2112/4277/3046
f 2066/4188/3000 2063/4187/2998 2114/4274/3048
f 2116/4278/3050 2115/4276/3049 2114/4275/3048
f 2063/4185/2998 2116/4278/3050 2114/4275/3048
f 1994/4279/2936 1990/4280/2935 2116/4281/3050
f 1990/4280/2935 2115/4282/3049 2116/4281/3050
f 1994/4279/2936 2116/4281/3050 2064/4283/2997
f 2064/4184/2997 2116/4278/3050 2063/4185/2998
f 1990/4280/2935 1993/4284/2914 2115/4282/3049
f 1993/4284/2914 2117/4285/3051 2115/4282/3049
f 2115/4276/3049 2117/4286/3051 2112/4277/3046
f 1979/4287/2913 2108/4288/3043 2117/4285/3051
f 1993/4284/2914 1979/4287/2913 2117/4285/3051
f 2117/4286/3051 2108/4266/3043 2109/4267/3044
f 2112/4277/3046 2117/4286/3051 2109/4267/3044
f 1979/4287/2913 1984/4289/2915 2108/4288/3043
f 1984/4289/2915 2105/4260/3040 2108/4288/3043
f 1984/4289/2915 1997/4259/2928 2105/4260/3040
f 2118/4290/3052 2094/4232/3028 1957/4018/2891
f 2118/4290/3052 2093/4230/3027 2094/4232/3028
f 2118/4290/3052 1929/3980/2863 1927/3983/2861
f 2118/4290/3052 1955/4013/2889 1929/3980/2863
f 2093/4230/3027 2118/4290/3052 1927/3983/2861
f 1955/4013/2889 2118/4290/3052 1957/4018/2891
f 2093/4229/3027 1927/3978/2861 1925/3976/2859
f 2090/4225/3024 2093/4229/3027 1925/3976/2859
f 2087/4222/3022 2090/4225/3024 1923/3974/2857
f 2090/4225/3024 1925/3976/2859 1923/3974/2857
f 2083/4215/3017 2087/4222/3022 1921/3972/2855
f 2087/4222/3022 1923/3974/2857 1921/3972/2855
f 2083/4215/3017 1921/3972/2855 1919/3970/2853
f 1991/4291/2937 2064/4283/2997 2058/4176/2992
f 1991/4291/2937 1994/4279/2936 2064/4283/2997
f 2061/4182/2996 2054/4165/2988 2055/4166/2989
f 2001/4175/2938 1991/4291/2937 2058/4176/2992
f 2045/4150/2979 2046/4152/2980 2054/4165/2988
f 1989/4292/2932 2052/4171/2986 2051/4293/2985
f 1989/4292/2932 2000/4169/2934 2052/4171/2986
f 2011/4092/2945 2051/4160/2985 2048/4159/2983
f 2005/4294/2933 1989/4292/2932 2051/4293/2985
f 2005/4294/2933 2051/4293/2985 2011/4094/2945
f 2049/4156/2982 2010/4097/2946 2048/4157/2983
f 2040/4155/2975 2037/4295/2971 2049/4156/2982
f 2037/4295/2971 2013/4095/2947 2049/4156/2982
f 2049/4156/2982 2013/4095/2947 2010/4097/2946
f 2010/4093/2946 2011/4092/2945 2048/4159/2983
f 2042/4146/2976 1907/3958/2841 1905/3956/2839
f 2039/4142/2973 2042/4146/2976 1905/3956/2839
f 2034/4135/2968 2039/4142/2973 1903/3954/2837
f 2039/4142/2973 1905/3956/2839 1903/3954/2837
f 2037/4295/2971 2036/4296/2970 2013/4095/2947
f 2030/4128/2964 2028/4126/2963 2036/4138/2970
f 2036/4296/2970 2028/4127/2963 2014/4098/2948
f 2036/4296/2970 2014/4098/2948 2013/4095/2947
f 2034/4135/2968 1903/3954/2837 1901/3952/2835
f 2028/4127/2963 2016/4101/2950 2014/4098/2948
f 1889/3941/2824 1886/3938/2820 2026/4130/2961
f 2016/4101/2950 2023/4117/2958 2017/4103/2952
f 2119/4297/3053 2020/4111/2954 2022/4116/2957
f 1875/3923/2811 2119/4297/3053 2022/4116/2957
f 1879/4120/2814 1875/4298/2811 2022/4114/2957
f 1980/4299/2916 2119/4300/3053 1876/4301/2809
f 1980/4299/2916 1985/4302/2918 2119/4300/3053
f 1985/4302/2918 2020/4110/2954 2119/4300/3053
f 1876/3922/2809 2119/4297/3053 1875/3923/2811
f 1985/4302/2918 2006/4109/2927 2020/4110/2954
f 2002/4088/2940 2005/4294/2933 2011/4094/2945
f 1999/4303/2917 1980/4299/2916 1876/4301/2809
f 1999/4304/2917 1876/4305/2809 1873/4306/2808
f 1998/4307/2929 1999/4304/2917 1873/4306/2808
f 1998/4307/2929 1873/4306/2808 1870/4308/2805
f 1986/4309/2922 1998/4307/2929 1870/4308/2805
f 1981/4310/2920 1996/4311/2919 1966/4312/2900
f 1996/4311/2919 1969/4049/2902 1966/4312/2900
f 1996/4311/2919 1975/4048/2910 1969/4049/2902
f 1995/4253/2921 1981/4310/2920 1965/4254/2899
f 1988/4313/2924 1982/4314/2923 1866/4315/2800
f 1988/4313/2924 1866/4315/2800 1865/4316/2799
f 1977/4054/2912 1988/4313/2924 1865/4316/2799
f 1982/4314/2923 1986/4309/2922 1868/4317/2802
f 1986/4309/2922 1870/4308/2805 1868/4317/2802
f 1982/4314/2923 1868/4317/2802 1866/4315/2800
f 1981/4310/2920 1966/4312/2900 1965/4254/2899
f 1977/4054/2912 1865/4316/2799 1974/4046/2908
f 1971/4041/2906 1974/4044/2908 1863/3902/2797
f 1974/4044/2908 1865/3903/2799 1863/3902/2797
f 1862/3899/2796 1971/4039/2906 1863/3900/2797
f 1946/4042/2880 1948/4318/2882 1968/4035/2903
f 1948/4318/2882 1963/4026/2897 1968/4035/2903
f 1948/4318/2882 1952/4024/2885 1963/4026/2897
f 1955/4013/2889 1931/3984/2865 1929/3980/2863
f 1949/4006/2884 1941/3994/2875 1937/3990/2871
f 1949/4006/2884 1937/3990/2871 1935/3988/2869
f 1943/3998/2877 1945/4000/2879 1860/3898/2794
f 1860/3896/2794 1945/4043/2879 1862/3899/2796
f 1836/3864/2771 1943/3996/2877 1835/3862/2769
f 1835/3895/2769 1943/3998/2877 1860/3898/2794
f 1889/3941/2824 1895/3946/2829 1888/3939/2822
f 1891/3942/2825 1892/3943/2826 2120/4319/3054
f 2122/4320/3055 1891/3942/2825 2120/4319/3054
f 2122/4320/3055 2120/4319/3054 2121/4321/3056
f 1850/3876/2783 2122/4320/3055 1847/3874/2781
f 1847/3874/2781 2122/4320/3055 2121/4321/3056
f 1883/3930/2816 1891/3942/2825 2122/4320/3055
f 1850/3876/2783 1883/3930/2816 2122/4320/3055
f 1847/3874/2781 2121/4321/3056 1845/3873/2780
f 1883/3930/2816 1882/3932/2817 1891/3942/2825
f 1885/4322/2819 1878/3924/2812 1879/3926/2814
f 1883/3930/2816 1850/3876/2783 1853/3883/2788
f 1852/3885/2787 1855/3887/2789 1872/3914/2806
f 1838/3866/2773 1837/3863/2770 1849/3877/2784
f 2126/4323/3057 2123/4324/3058 2124/4325/3059
f 2123/4326/3058 2125/4327/3060 2124/4328/3059
f 2125/4327/3060 2123/4326/3058 2129/4329/3061
f 2123/4324/3058 2126/4323/3057 2127/4330/3062
f 2128/4331/3063 2123/4324/3058 2127/4330/3062
f 2123/4326/3058 2128/4332/3063 2129/4329/3061
f 2131/4333/3064 2129/4329/3061 2128/4332/3063
f 2129/4329/3061 2131/4333/3064 2130/4334/3065
f 2129/4329/3061 2130/4334/3065 2132/4335/3066
f 2125/4327/3060 2129/4329/3061 2132/4335/3066
f 2134/4336/3067 2133/4337/3068 2132/4335/3066
f 2132/4335/3066 2133/4337/3068 2125/4327/3060
f 2135/4338/3069 2134/4336/3067 2132/4335/3066
f 2132/4335/3066 2130/4334/3065 2135/4338/3069
f 2134/4336/3067 2135/4338/3069 2136/4339/3070
f 2135/4338/3069 2137/4340/3071 2136/4339/3070
f 2135/4338/3069 2138/4341/3072 2137/4340/3071
f 2130/4334/3065 2138/4341/3072 2135/4338/3069
f 2138/4341/3072 2139/4342/3073 2137/4340/3071
f 2139/4342/3073 2138/4341/3072 2141/4343/3074
f 2130/4334/3065 2140/4344/3075 2138/4341/3072
f 2140/4344/3075 2141/4343/3074 2138/4341/3072
f 2142/4345/3076 2139/4342/3073 2141/4343/3074
f 2142/4346/3076 2141/4347/3074 2143/4348/3077
f 2143/4348/3077 2141/4347/3074 2140/4349/3075
f 2145/4350/3078 2142/4346/3076 2143/4348/3077
f 2146/4351/3079 2143/4352/3077 2144/4353/3080
f 2144/4354/3080 2143/4348/3077 2140/4349/3075
f 2145/4355/3078 2143/4352/3077 2146/4351/3079
f 2147/4356/3081 2146/4351/3079 2149/4357/3082
f 2147/4356/3081 2145/4355/3078 2146/4351/3079
f 2146/4351/3079 2144/4353/3080 2148/4358/3083
f 2146/4351/3079 2148/4358/3083 2149/4357/3082
f 2148/4358/3083 2151/4359/3084 2149/4357/3082
f 2150/4360/3085 2152/4361/3086 2149/4357/3082
f 2159/4362/3087 2150/4360/3085 2149/4357/3082
f 2151/4359/3084 2153/4363/3088 2149/4357/3082
f 2152/4361/3086 2157/4364/3089 2149/4357/3082
f 2153/4363/3088 2154/4365/3090 2149/4357/3082
f 2154/4365/3090 2155/4366/3091 2149/4357/3082
f 2155/4366/3091 2156/4367/3092 2149/4357/3082
f 2157/4364/3089 2147/4356/3081 2149/4357/3082
f 2156/4367/3092 2158/4368/3093 2149/4357/3082
f 2158/4368/3093 2159/4362/3087 2149/4357/3082
f 2150/4360/3085 2159/4362/3087 2160/4369/3094
f 2159/4362/3087 2161/4370/3095 2160/4369/3094
f 2161/4370/3095 2159/4362/3087 2162/4371/3096
f 2159/4362/3087 2158/4368/3093 2162/4371/3096
f 2162/4372/3096 2165/4373/3097 2163/4374/3098
f 2161/4375/3095 2162/4372/3096 2163/4374/3098
f 2166/4376/3099 2164/4377/3100 2162/4378/3096
f 2162/4379/3096 2164/4380/3100 2165/4381/3097
f 2167/4382/3101 2166/4376/3099 2162/4378/3096
f 2162/4371/3096 2158/4368/3093 2167/4383/3101
f 2168/4384/3102 2166/4376/3099 2167/4382/3101
f 2169/4385/3103 2168/4384/3102 2167/4382/3101
f 2167/4383/3101 2156/4367/3092 2169/4386/3103
f 2158/4368/3093 2156/4367/3092 2167/4383/3101
f 2169/4386/3103 2155/4366/3091 2170/4387/3104
f 2169/4385/3103 2170/4388/3104 2171/4389/3105
f 2156/4367/3092 2155/4366/3091 2169/4386/3103
f 2168/4384/3102 2169/4385/3103 2171/4389/3105
f 2171/4389/3105 2173/4390/3106 2168/4384/3102
f 2172/4391/3107 2171/4389/3105 2170/4388/3104
f 2171/4389/3105 2172/4391/3107 2173/4390/3106
f 2173/4390/3106 2177/4392/3108 2174/4393/3109
f 2176/4394/3110 2173/4390/3106 2174/4393/3109
f 2173/4390/3106 2175/4395/3111 2168/4384/3102
f 2173/4390/3106 2176/4394/3110 2175/4395/3111
f 2172/4391/3107 2177/4392/3108 2173/4390/3106
f 2174/4393/3109 2177/4396/3108 2178/4397/3112
f 2177/4396/3108 2172/4398/3107 2178/4397/3112
f 2178/4397/3112 2172/4398/3107 2179/4399/3113
f 2178/4397/3112 2179/4399/3113 2180/4400/3114
f 2180/4400/3114 2176/4394/3110 2178/4397/3112
f 2176/4394/3110 2174/4393/3109 2178/4397/3112
f 2179/4399/3113 2181/4401/3115 2180/4400/3114
f 2180/4400/3114 2181/4401/3115 2182/4402/3116
f 2182/4402/3116 2183/4403/3117 2180/4400/3114
f 2183/4403/3117 2176/4394/3110 2180/4400/3114
f 2184/4404/3118 2185/4405/3119 2183/4403/3117
f 2184/4404/3118 2183/4403/3117 2182/4402/3116
f 2185/4405/3119 2175/4395/3111 2183/4403/3117
f 2176/4394/3110 2183/4403/3117 2175/4395/3111
f 2185/4405/3119 2184/4404/3118 2186/4406/3120
f 2186/4406/3120 2164/4377/3100 2185/4405/3119
f 2185/4405/3119 2166/4376/3099 2175/4395/3111
f 2164/4377/3100 2166/4376/3099 2185/4405/3119
f 2184/4404/3118 2187/4407/3121 2186/4406/3120
f 2186/4408/3120 2187/4407/3121 2164/4380/3100
f 2187/4407/3121 2184/4404/3118 2188/4409/3122
f 2187/4407/3121 2189/4410/3123 2164/4380/3100
f 2189/4410/3123 2187/4407/3121 2188/4409/3122
f 2189/4410/3123 2188/4409/3122 2190/4411/3124
f 2165/4381/3097 2189/4410/3123 2190/4411/3124
f 2164/4380/3100 2189/4410/3123 2165/4381/3097
f 2190/4411/3124 2191/4412/3125 2165/4381/3097
f 2192/4413/3126 2191/4412/3125 2190/4411/3124
f 2193/4414/3127 2190/4411/3124 2188/4409/3122
f 2193/4414/3127 2192/4413/3126 2190/4411/3124
f 2181/4401/3115 2194/4415/3128 2193/4414/3127
f 2194/4415/3128 2192/4413/3126 2193/4414/3127
f 2181/4401/3115 2193/4414/3127 2182/4402/3116
f 2182/4402/3116 2193/4414/3127 2188/4409/3122
f 2127/4330/3062 2194/4415/3128 2179/4399/3113
f 2195/4416/3129 2194/4415/3128 2127/4330/3062
f 2194/4415/3128 2181/4401/3115 2179/4399/3113
f 2194/4415/3128 2195/4416/3129 2192/4413/3126
f 2196/4417/3130 2197/4418/3131 2195/4416/3129
f 2126/4323/3057 2196/4417/3130 2195/4416/3129
f 2126/4323/3057 2195/4416/3129 2127/4330/3062
f 2195/4416/3129 2197/4418/3131 2198/4419/3132
f 2195/4416/3129 2198/4419/3132 2192/4413/3126
f 2198/4419/3132 2199/4420/3133 2200/4421/3134
f 2197/4418/3131 2199/4420/3133 2198/4419/3132
f 2192/4413/3126 2198/4419/3132 2191/4412/3125
f 2198/4419/3132 2200/4421/3134 2191/4412/3125
f 2199/4420/3133 2203/4422/3135 2200/4421/3134
f 2191/4412/3125 2200/4421/3134 2201/4423/3136
f 2200/4421/3134 2202/4424/3137 2201/4423/3136
f 2200/4421/3134 2203/4422/3135 2202/4424/3137
f 2199/4420/3133 2205/4425/3138 2203/4422/3135
f 2204/4426/3139 2203/4422/3135 2206/4427/3140
f 2203/4422/3135 2204/4426/3139 2202/4424/3137
f 2205/4425/3138 2206/4427/3140 2203/4422/3135
f 2206/4427/3140 2205/4425/3138 2210/4428/3141
f 2207/4429/3142 2204/4426/3139 2206/4427/3140
f 2207/4429/3142 2206/4427/3140 2208/4430/3143
f 2206/4427/3140 2209/4431/3144 2208/4430/3143
f 2209/4431/3144 2206/4427/3140 2210/4428/3141
f 2213/4432/3145 2210/4428/3141 2211/4433/3146
f 2211/4433/3146 2210/4428/3141 2212/4434/3147
f 2210/4428/3141 2205/4425/3138 2212/4434/3147
f 2209/4431/3144 2210/4428/3141 2213/4432/3145
f 2214/4435/3148 2213/4432/3145 2211/4433/3146
f 2213/4436/3145 2214/4437/3148 2215/4438/3149
f 2216/4439/3150 2213/4436/3145 2215/4438/3149
f 2216/4440/3150 2209/4431/3144 2213/4432/3145
f 2218/4441/3151 2217/4442/3152 2216/4440/3150
f 2217/4442/3152 2209/4431/3144 2216/4440/3150
f 2218/4443/3151 2216/4439/3150 2215/4438/3149
f 2217/4444/3152 2218/4445/3151 2219/4446/3153
f 2219/4447/3153 2218/4443/3151 2215/4438/3149
f 2220/4448/3154 2222/4449/3155 2219/4446/3153
f 2221/4450/3156 2220/4448/3154 2219/4446/3153
f 2221/4451/3156 2219/4447/3153 2215/4438/3149
f 2222/4449/3155 2217/4444/3152 2219/4446/3153
f 2222/4449/3155 2220/4448/3154 2223/4452/3157
f 2217/4444/3152 2222/4449/3155 2223/4452/3157
f 2208/4453/3143 2217/4444/3152 2223/4452/3157
f 2223/4452/3157 2224/4454/3158 2208/4453/3143
f 2220/4448/3154 2224/4454/3158 2223/4452/3157
f 2224/4454/3158 2226/4455/3159 2225/4456/3160
f 2224/4454/3158 2225/4456/3160 2208/4453/3143
f 2227/4457/3161 2226/4455/3159 2224/4454/3158
f 2220/4448/3154 2227/4457/3161 2224/4454/3158
f 2227/4457/3161 2230/4458/3162 2228/4459/3163
f 2226/4455/3159 2227/4457/3161 2228/4459/3163
f 2229/4460/3164 2227/4457/3161 2220/4448/3154
f 2227/4457/3161 2229/4460/3164 2231/4461/3165
f 2230/4458/3162 2227/4457/3161 2231/4461/3165
f 2233/4462/3166 2232/4463/3167 2231/4461/3165
f 2232/4463/3167 2230/4458/3162 2231/4461/3165
f 2233/4464/3166 2231/4465/3165 2215/4438/3149
f 2231/4465/3165 2229/4466/3164 2215/4438/3149
f 2233/4467/3166 2234/4468/3168 2232/4469/3167
f 2234/4470/3168 2233/4464/3166 2215/4438/3149
f 2234/4468/3168 2235/4471/3169 2232/4469/3167
f 2235/4471/3169 2234/4468/3168 2236/4472/3170
f 2236/4473/3170 2234/4470/3168 2215/4438/3149
f 2237/4474/3171 2235/4471/3169 2236/4472/3170
f 2239/4475/3172 2237/4474/3171 2236/4472/3170
f 2238/4476/3173 2236/4473/3170 2215/4438/3149
f 2238/4477/3173 2239/4475/3172 2236/4472/3170
f 2237/4474/3171 2239/4475/3172 2241/4478/3174
f 2238/4477/3173 2242/4479/3175 2239/4475/3172
f 2239/4475/3172 2243/4480/3176 2240/4481/3177
f 2239/4475/3172 2240/4481/3177 2241/4478/3174
f 2242/4479/3175 2243/4480/3176 2239/4475/3172
f 2243/4480/3176 2246/4482/3178 2244/4483/3179
f 2245/4484/3180 2243/4480/3176 2244/4483/3179
f 2243/4480/3176 2245/4484/3180 2240/4481/3177
f 2243/4480/3176 2242/4479/3175 2247/4485/3181
f 2246/4482/3178 2243/4480/3176 2247/4485/3181
f 2249/4486/3182 2248/4487/3183 2247/4485/3181
f 2248/4487/3183 2246/4482/3178 2247/4485/3181
f 2249/4488/3182 2247/4489/3181 2215/4438/3149
f 2247/4489/3181 2242/4490/3175 2215/4438/3149
f 2251/4491/3184 2248/4487/3183 2249/4486/3182
f 2250/4492/3185 2249/4488/3182 2215/4438/3149
f 2250/4493/3185 2251/4491/3184 2249/4486/3182
f 2251/4491/3184 2255/4494/3186 2252/4495/3187
f 2248/4487/3183 2251/4491/3184 2252/4495/3187
f 2251/4491/3184 2250/4493/3185 2254/4496/3188
f 2253/4497/3189 2251/4491/3184 2254/4496/3188
f 2255/4494/3186 2251/4491/3184 2253/4497/3189
f 2252/4495/3187 2255/4494/3186 2256/4498/3190
f 2255/4494/3186 2257/4499/3191 2256/4498/3190
f 2257/4499/3191 2255/4494/3186 2253/4497/3189
f 2257/4499/3191 2124/4328/3059 2256/4498/3190
f 2124/4325/3059 2257/4500/3191 2196/4417/3130
f 2257/4500/3191 2258/4501/3192 2196/4417/3130
f 2257/4500/3191 2253/4502/3189 2258/4501/3192
f 2197/4418/3131 2196/4417/3130 2258/4501/3192
f 2211/4433/3146 2212/4434/3147 2258/4501/3192
f 2212/4434/3147 2197/4418/3131 2258/4501/3192
f 2253/4502/3189 2259/4503/3193 2258/4501/3192
f 2259/4503/3193 2211/4433/3146 2258/4501/3192
f 2259/4503/3193 2253/4502/3189 2260/4504/3194
f 2211/4433/3146 2259/4503/3193 2260/4504/3194
f 2253/4502/3189 2254/4505/3188 2260/4504/3194
f 2260/4506/3194 2254/4507/3188 2215/4438/3149
f 2214/4437/3148 2260/4506/3194 2215/4438/3149
f 2214/4435/3148 2211/4433/3146 2260/4504/3194
f 2125/4327/3060 2256/4498/3190 2124/4328/3059
f 2133/4337/3068 2252/4495/3187 2256/4498/3190
f 2133/4337/3068 2256/4498/3190 2125/4327/3060
f 2254/4507/3188 2250/4492/3185 2215/4438/3149
f 2248/4487/3183 2252/4495/3187 2244/4483/3179
f 2244/4483/3179 2252/4495/3187 2133/4337/3068
f 2246/4482/3178 2248/4487/3183 2244/4483/3179
f 2240/4481/3177 2245/4484/3180 2136/4339/3070
f 2134/4336/3067 2136/4339/3070 2245/4484/3180
f 2244/4483/3179 2134/4336/3067 2245/4484/3180
f 2134/4336/3067 2244/4483/3179 2133/4337/3068
f 2242/4490/3175 2238/4476/3173 2215/4438/3149
f 2262/4508/3195 2241/4478/3174 2261/4509/3196
f 2241/4478/3174 2240/4481/3177 2261/4509/3196
f 2263/4510/3197 2241/4478/3174 2262/4508/3195
f 2263/4510/3197 2235/4471/3169 2241/4478/3174
f 2235/4471/3169 2237/4474/3171 2241/4478/3174
f 2267/4511/3198 2263/4510/3197 2262/4508/3195
f 2263/4510/3197 2264/4512/3199 2265/4513/3200
f 2263/4510/3197 2267/4511/3198 2264/4512/3199
f 2266/4514/3201 2263/4510/3197 2265/4513/3200
f 2235/4471/3169 2263/4510/3197 2266/4514/3201
f 2262/4508/3195 2268/4515/3202 2267/4511/3198
f 2268/4515/3202 2269/4516/3203 2267/4511/3198
f 2270/4517/3204 2267/4511/3198 2269/4516/3203
f 2267/4511/3198 2270/4517/3204 2264/4512/3199
f 2272/4518/3205 2270/4517/3204 2271/4519/3206
f 2271/4519/3206 2270/4517/3204 2269/4516/3203
f 2272/4518/3205 2273/4520/3207 2270/4517/3204
f 2273/4520/3207 2264/4512/3199 2270/4517/3204
f 2207/4429/3142 2273/4521/3207 2272/4522/3205
f 2265/4513/3200 2264/4512/3199 2273/4520/3207
f 2225/4523/3160 2273/4521/3207 2207/4429/3142
f 2225/4524/3160 2265/4513/3200 2273/4520/3207
f 2274/4525/3208 2272/4518/3205 2271/4519/3206
f 2272/4522/3205 2274/4526/3208 2204/4426/3139
f 2204/4426/3139 2207/4429/3142 2272/4522/3205
f 2274/4525/3208 2271/4519/3206 2276/4527/3209
f 2274/4526/3208 2202/4424/3137 2204/4426/3139
f 2274/4526/3208 2275/4528/3210 2202/4424/3137
f 2275/4529/3210 2274/4525/3208 2276/4527/3209
f 2276/4527/3209 2271/4519/3206 2277/4530/3211
f 2163/4531/3098 2275/4529/3210 2276/4527/3209
f 2277/4530/3211 2279/4532/3212 2276/4527/3209
f 2278/4533/3213 2163/4531/3098 2276/4527/3209
f 2279/4532/3212 2278/4533/3213 2276/4527/3209
f 2160/4534/3094 2278/4535/3213 2279/4536/3212
f 2279/4536/3212 2280/4537/3214 2281/4538/3215
f 2280/4539/3214 2279/4532/3212 2277/4530/3211
f 2282/4540/3216 2279/4536/3212 2281/4538/3215
f 2282/4540/3216 2160/4534/3094 2279/4536/3212
f 2281/4541/3215 2152/4361/3086 2282/4542/3216
f 2160/4369/3094 2282/4542/3216 2152/4361/3086
f 2152/4361/3086 2281/4541/3215 2283/4543/3217
f 2281/4538/3215 2280/4537/3214 2283/4544/3217
f 2157/4364/3089 2152/4361/3086 2283/4543/3217
f 2157/4364/3089 2283/4543/3217 2145/4355/3078
f 2283/4544/3217 2284/4545/3218 2142/4346/3076
f 2145/4350/3078 2283/4544/3217 2142/4346/3076
f 2280/4537/3214 2284/4545/3218 2283/4544/3217
f 2285/4546/3219 2139/4342/3073 2284/4547/3218
f 2286/4548/3220 2285/4546/3219 2284/4547/3218
f 2139/4342/3073 2142/4345/3076 2284/4547/3218
f 2280/4539/3214 2286/4548/3220 2284/4547/3218
f 2286/4548/3220 2268/4515/3202 2285/4546/3219
f 2269/4516/3203 2268/4515/3202 2286/4548/3220
f 2286/4548/3220 2280/4539/3214 2277/4530/3211
f 2277/4530/3211 2269/4516/3203 2286/4548/3220
f 2139/4342/3073 2285/4546/3219 2287/4549/3221
f 2268/4515/3202 2287/4549/3221 2285/4546/3219
f 2137/4340/3071 2139/4342/3073 2287/4549/3221
f 2287/4549/3221 2261/4509/3196 2137/4340/3071
f 2262/4508/3195 2261/4509/3196 2287/4549/3221
f 2268/4515/3202 2262/4508/3195 2287/4549/3221
f 2161/4375/3095 2163/4374/3098 2278/4535/3213
f 2160/4534/3094 2161/4375/3095 2278/4535/3213
f 2271/4519/3206 2269/4516/3203 2277/4530/3211
f 2275/4528/3210 2163/4550/3098 2201/4423/3136
f 2275/4528/3210 2201/4423/3136 2202/4424/3137
f 2228/4459/3163 2266/4551/3201 2265/4552/3200
f 2232/4463/3167 2266/4551/3201 2228/4459/3163
f 2232/4469/3167 2235/4471/3169 2266/4514/3201
f 2226/4455/3159 2265/4552/3200 2225/4456/3160
f 2226/4455/3159 2228/4459/3163 2265/4552/3200
f 2261/4509/3196 2240/4481/3177 2136/4339/3070
f 2261/4509/3196 2136/4339/3070 2137/4340/3071
f 2230/4458/3162 2232/4463/3167 2228/4459/3163
f 2221/4450/3156 2229/4460/3164 2220/4448/3154
f 2229/4466/3164 2221/4451/3156 2215/4438/3149
f 2208/4430/3143 2225/4523/3160 2207/4429/3142
f 2209/4431/3144 2217/4442/3152 2208/4430/3143
f 2205/4425/3138 2199/4420/3133 2212/4434/3147
f 2199/4420/3133 2197/4418/3131 2212/4434/3147
f 2191/4412/3125 2201/4423/3136 2165/4381/3097
f 2163/4550/3098 2165/4381/3097 2201/4423/3136
f 2196/4417/3130 2126/4323/3057 2124/4325/3059
f 2188/4409/3122 2184/4404/3118 2182/4402/3116
f 2127/4330/3062 2179/4399/3113 2128/4331/3063
f 2172/4398/3107 2288/4553/3222 2179/4399/3113
f 2288/4554/3222 2289/4555/3223 2179/4556/3113
f 2289/4555/3223 2290/4557/3224 2179/4556/3113
f 2179/4399/3113 2290/4558/3224 2128/4331/3063
f 2290/4559/3224 2131/4333/3064 2128/4332/3063
f 2291/4560/3225 2131/4561/3064 2290/4557/3224
f 2289/4555/3223 2291/4560/3225 2290/4557/3224
f 2148/4358/3083 2291/4562/3225 2289/4563/3223
f 2144/4353/3080 2291/4562/3225 2148/4358/3083
f 2291/4560/3225 2144/4354/3080 2131/4561/3064
f 2288/4564/3222 2153/4363/3088 2289/4563/3223
f 2153/4363/3088 2151/4359/3084 2289/4563/3223
f 2151/4359/3084 2148/4358/3083 2289/4563/3223
f 2170/4387/3104 2154/4365/3090 2288/4564/3222
f 2288/4565/3222 2172/4391/3107 2170/4388/3104
f 2154/4365/3090 2153/4363/3088 2288/4564/3222
f 2166/4376/3099 2168/4384/3102 2175/4395/3111
f 2155/4366/3091 2154/4365/3090 2170/4387/3104
f 2150/4360/3085 2160/4369/3094 2152/4361/3086
f 2147/4356/3081 2157/4364/3089 2145/4355/3078
f 2144/4354/3080 2140/4349/3075 2131/4561/3064
f 2131/4333/3064 2140/4344/3075 2130/4334/3065
