# Blender 5.1.2
# www.blender.org
mtllib leftFoot.mtl
o Mesh_Mesh.279
v -0.047495 -0.268222 0.016594
v 0.070165 -0.268186 0.014977
v 0.070324 -0.270739 0.026466
v -0.047653 -0.270260 0.005003
v -0.047336 -0.270775 0.028083
v -0.047201 -0.277531 0.037721
v -0.047788 -0.276581 -0.004926
v -0.047201 -0.320183 0.036771
v -0.047080 -0.299054 0.046079
v -0.047111 -0.310544 0.043527
v 0.070459 -0.320147 0.035153
v 0.070324 -0.326466 0.025224
v -0.047788 -0.319232 -0.005877
v -0.047336 -0.326502 0.026842
v -0.047111 -0.287461 0.044042
v 0.070548 -0.287425 0.042424
v 0.070580 -0.299018 0.044462
v 0.070548 -0.310508 0.041910
v 0.070007 -0.270224 0.003386
v 0.070459 -0.277495 0.036104
v 0.069782 -0.309266 -0.013812
v 0.069782 -0.286184 -0.013298
v 0.069872 -0.276545 -0.006544
v -0.047878 -0.286220 -0.011681
v -0.047909 -0.297710 -0.014234
v 0.069751 -0.297674 -0.015852
v -0.047878 -0.309302 -0.012195
v 0.069872 -0.319196 -0.007494
v 0.070007 -0.325952 0.002145
v -0.047653 -0.325988 0.003761
v -0.047495 -0.328541 0.015250
v 0.070165 -0.328505 0.013633
v -0.033638 -0.227619 -0.009776
v -0.032765 -0.227631 -0.000225
v -0.035519 -0.049661 -0.015385
v -0.027847 -0.227965 -0.017401
v -0.036804 -0.250224 -0.009902
v -0.035091 -0.250274 0.001782
v -0.027108 -0.250234 -0.018521
v -0.036855 -0.260695 0.004444
v -0.038839 -0.260977 -0.012448
v -0.028263 -0.262820 -0.021415
v -0.037636 -0.270740 0.003186
v -0.039824 -0.270531 -0.011898
v -0.030466 -0.271497 -0.019831
v -0.020626 -0.270766 -0.012846
v -0.030759 -0.276162 -0.014939
v -0.026012 -0.277356 -0.007947
v -0.038222 -0.275650 -0.008543
v -0.031314 -0.278400 -0.009402
v -0.023603 -0.275181 -0.010501
v -0.023663 -0.275541 -0.002395
v -0.020533 -0.270901 -0.000558
v -0.017998 -0.262915 -0.013606
v -0.018282 -0.262363 0.000600
v -0.026418 -0.262472 0.009509
v -0.028070 -0.271638 0.007793
v -0.029236 -0.276671 0.003598
v -0.029920 -0.278534 -0.001456
v -0.037367 -0.275040 -0.000411
v -0.035683 -0.277531 -0.002474
v -0.036164 -0.277585 -0.006518
v -0.026385 -0.277815 -0.004080
v -0.027428 -0.250179 0.006828
v -0.019081 -0.250349 -0.000078
v -0.026635 -0.227726 0.004401
v -0.030027 -0.048908 -0.000113
v -0.021318 -0.228198 -0.001709
v -0.025038 -0.047793 -0.005087
v -0.024805 -0.048181 -0.014845
v -0.021053 -0.228942 -0.011603
v -0.018576 -0.250534 -0.012866
v -0.031049 -0.048448 -0.020372
v -0.028318 0.104161 -0.018843
v -0.034841 0.103837 -0.023409
v -0.041771 0.105473 -0.017452
v -0.034136 0.134227 -0.024933
v -0.028267 0.134530 -0.018411
v -0.042655 0.135221 -0.020094
v -0.032534 0.148104 -0.025563
v -0.041427 0.147835 -0.019766
v -0.044594 0.148388 -0.009768
v -0.039878 0.155767 -0.019284
v -0.042561 0.156288 -0.011118
v -0.039606 0.160584 -0.012625
v -0.038207 0.156682 -0.002468
v -0.029278 0.156369 -0.006056
v -0.035558 0.162618 -0.009189
v -0.039060 0.149393 0.000068
v -0.028569 0.148731 -0.006084
v -0.030047 0.135479 -0.006099
v -0.025083 0.156559 -0.017130
v -0.025523 0.148221 -0.017663
v -0.038544 0.136028 0.001082
v -0.035578 0.105032 -0.003117
v -0.045190 0.135413 -0.007642
v -0.041221 0.104771 -0.007746
v -0.035700 -0.048909 -0.004699
v -0.029653 0.104513 -0.007623
v -0.031594 0.157026 -0.023986
v -0.038323 0.160421 -0.017341
v -0.027778 0.162245 -0.016019
v -0.033691 0.162939 -0.018418
v -0.030407 0.161811 -0.009646
v 0.006500 -0.233389 0.045162
v 0.015295 -0.152738 0.018942
v 0.027102 -0.234128 0.035213
v 0.001974 -0.151923 0.029368
v -0.007859 -0.234363 0.027552
v 0.007155 -0.259144 0.046335
v 0.010242 -0.281881 0.037208
v 0.032245 -0.259755 0.035977
v -0.012268 -0.266159 0.033349
v -0.022265 -0.262992 0.004157
v -0.021187 -0.282094 0.029008
v 0.010958 -0.291466 0.028038
v -0.023791 -0.293038 0.021694
v -0.031052 -0.278292 0.005029
v -0.031019 -0.292193 0.004959
v -0.017270 -0.277036 -0.010662
v -0.021675 -0.288982 -0.008280
v 0.012404 -0.288996 -0.007327
v 0.012929 -0.292849 0.008297
v 0.044245 -0.287076 0.020137
v 0.043786 -0.286548 -0.014644
v 0.053336 -0.286498 0.001643
v 0.055492 -0.276661 0.003796
v 0.040012 -0.276926 -0.018054
v 0.040316 -0.277804 0.028241
v 0.045930 -0.257381 0.006994
v 0.033941 -0.233341 0.005929
v 0.029172 -0.257876 -0.012661
v 0.011048 -0.279157 -0.013052
v 0.008397 -0.232081 -0.008653
v 0.010720 -0.262685 -0.011731
v -0.007182 -0.261084 -0.008297
v -0.013058 -0.235255 0.004200
v -0.013066 -0.156496 0.000629
v -0.000483 -0.156424 -0.009445
v -0.014609 -0.083822 -0.006479
v -0.008237 -0.153986 0.016691
v -0.010966 -0.081605 0.007858
v -0.003265 -0.081292 0.017481
v 0.009732 -0.079771 0.009397
v -0.005998 -0.009555 0.008720
v -0.008475 0.058691 0.003332
v 0.006683 -0.008767 0.003521
v -0.014558 -0.010902 0.000097
v -0.018292 0.057489 -0.005704
v -0.018186 0.055801 -0.019264
v -0.018169 0.089511 -0.020404
v -0.020963 0.090559 -0.007482
v -0.027204 0.120108 -0.005483
v -0.016572 0.120810 0.004331
v -0.020074 0.119521 -0.021102
v -0.010056 0.090942 0.004655
v 0.004882 0.060294 -0.003022
v 0.006184 0.092206 -0.002757
v -0.005125 0.123328 0.011004
v 0.011836 0.128584 0.002659
v -0.005073 0.135067 0.014845
v -0.022421 0.132886 0.009191
v -0.026378 0.146871 0.012075
v -0.031614 0.129710 -0.003670
v -0.032528 0.141046 -0.003909
v -0.023274 0.131154 -0.022349
v -0.025103 0.142568 -0.023631
v -0.017330 0.151819 -0.014322
v -0.024359 0.152139 -0.002035
v -0.004475 0.155414 0.018146
v -0.022632 0.154730 0.011249
v -0.004556 0.148425 0.017722
v 0.011824 0.150710 0.014100
v 0.013473 0.138570 0.009906
v 0.020811 0.145574 0.003198
v 0.023934 0.150119 -0.006936
v 0.019525 0.162472 0.005976
v 0.021175 0.166276 -0.003671
v 0.007999 0.159678 0.012609
v 0.014576 0.168501 0.006690
v 0.014850 0.171625 -0.004379
v -0.005140 0.156360 -0.021744
v 0.012163 0.165674 -0.017264
v 0.004087 0.160236 -0.022532
v 0.010585 0.154871 -0.031308
v -0.003851 0.149049 -0.038886
v 0.009383 0.140987 -0.028236
v 0.018213 0.146968 -0.019497
v 0.021693 0.161672 -0.019352
v 0.012922 0.122498 -0.011170
v 0.006324 0.122729 -0.024365
v -0.005243 0.120142 -0.034611
v -0.006092 0.139420 -0.040614
v 0.005109 0.091213 -0.020642
v 0.004155 0.058067 -0.016769
v -0.007230 0.090217 -0.027360
v -0.006885 0.056819 -0.023126
v -0.005373 -0.012519 -0.018972
v 0.007017 -0.011331 -0.010816
v 0.009795 -0.081843 -0.004394
v -0.002663 -0.082340 -0.011815
v 0.016727 -0.153784 0.000055
v -0.015162 -0.012135 -0.013900
v 0.024192 0.084136 -0.014650
v 0.024700 0.049717 0.021553
v 0.011438 0.049712 0.021736
v 0.023961 0.071072 -0.031747
v 0.010930 0.084132 -0.014469
v 0.010699 0.071068 -0.031565
v 0.010925 0.073042 -0.015067
v 0.011308 0.044124 0.012139
v -0.033757 0.044110 0.012758
v -0.034139 0.073028 -0.014447
v -0.034228 0.066021 -0.021045
v 0.010837 0.066035 -0.021664
v -0.034213 0.044097 -0.020437
v 0.010852 0.044108 -0.021057
v 0.010699 0.044355 -0.032160
v 0.010699 0.005750 -0.033020
v -0.034366 0.005737 -0.032400
v -0.034366 0.044345 -0.031540
v -0.034366 0.071054 -0.030945
v -0.047627 0.071050 -0.030763
v -0.047396 0.084114 -0.013667
v -0.034135 0.084118 -0.013849
v -0.047627 -0.043177 -0.033308
v -0.046888 0.049694 0.022538
v -0.046611 -0.024666 0.041046
v -0.033555 0.030430 0.027151
v -0.033626 0.049699 0.022355
v 0.011510 0.030449 0.026530
v -0.033702 0.027747 0.016374
v 0.011716 -0.024649 0.040244
v -0.033349 -0.024662 0.040864
v -0.033211 -0.034965 0.050718
v -0.033437 -0.030903 0.034339
v -0.033325 -0.038234 0.042301
v 0.011628 -0.030889 0.033720
v 0.011739 -0.038220 0.041682
v 0.011854 -0.065188 0.049424
v 0.011854 -0.034952 0.050098
v -0.033330 -0.062466 0.041440
v 0.011735 -0.062452 0.040821
v -0.033686 -0.103544 0.014613
v 0.011379 -0.103530 0.013993
v 0.011438 -0.111549 0.018143
v 0.010711 -0.102413 -0.034530
v 0.010653 -0.110276 -0.038966
v 0.023915 -0.110272 -0.039148
v 0.024700 -0.111545 0.017960
v 0.010501 -0.093477 -0.049633
v 0.023637 -0.079587 -0.058630
v -0.034564 -0.093491 -0.049012
v -0.034460 -0.088652 -0.041391
v 0.010376 -0.079591 -0.058448
v -0.034689 -0.079605 -0.057829
v 0.010604 -0.088636 -0.042011
v -0.034366 -0.043173 -0.033490
v -0.047951 -0.079609 -0.057647
v -0.047674 -0.110294 -0.038164
v -0.034412 -0.110290 -0.038346
v -0.046888 -0.111567 0.018944
v -0.033626 -0.111563 0.018762
v -0.046472 -0.065206 0.050226
v -0.033211 -0.065202 0.050044
v -0.046472 -0.034969 0.050900
v -0.034353 -0.102427 -0.033911
v 0.010699 -0.043159 -0.034110
v 0.009843 -0.042275 -0.028006
v -0.033342 -0.042288 -0.027412
v 0.009843 0.004595 -0.026961
v -0.033342 0.004582 -0.026367
v 0.023961 -0.043155 -0.034292
v 0.024977 -0.024645 0.040062
v 0.025116 -0.065184 0.049242
v 0.025116 -0.034948 0.049916
v 0.011363 0.027765 0.015753
v -0.010747 0.196494 -0.004319
v -0.001931 0.188143 0.021416
v -0.032669 0.188355 0.011897
v 0.016625 0.188728 -0.004868
v -0.002647 0.189302 -0.030633
v -0.033111 0.189071 -0.020271
v -0.048796 0.168317 -0.031806
v -0.055033 0.171793 -0.004260
v -0.025011 0.172740 -0.046790
v -0.041927 0.145369 -0.047167
v -0.011463 0.145600 -0.057528
v 0.003034 0.168710 -0.049433
v 0.019276 0.145387 -0.048008
v 0.024724 0.172397 -0.031386
v 0.035820 0.167733 -0.005600
v 0.038546 0.144813 -0.022243
v 0.033540 0.117086 -0.006698
v 0.026550 0.121781 -0.033879
v 0.038989 0.144097 0.009925
v 0.027302 0.120561 0.020849
v 0.025440 0.171237 0.020664
v 0.020434 0.143511 0.036209
v -0.010031 0.143280 0.046570
v 0.004252 0.166737 0.039118
v 0.003518 0.116139 0.035832
v -0.024527 0.120169 0.038476
v 0.011618 0.099808 0.009315
v -0.018846 0.099577 0.019676
v -0.038117 0.100152 -0.006090
v -0.046218 0.116482 0.020429
v -0.010747 0.092386 -0.006639
v -0.019562 0.100737 -0.032373
v 0.011176 0.100525 -0.022853
v 0.002360 0.118015 -0.048385
v -0.025744 0.122142 -0.050075
v -0.046933 0.117642 -0.031620
v -0.060481 0.144783 -0.020882
v -0.057312 0.121145 -0.005358
v -0.060039 0.144066 0.011286
v -0.040769 0.143492 0.037051
v -0.048043 0.167098 0.022922
v -0.023852 0.170864 0.037427
v 0.026284 0.199716 0.028468
v -0.009103 0.199706 0.028955
v 0.006802 0.242320 0.157301
v 0.015782 0.188851 0.031415
v 0.026528 0.136508 0.044770
v 0.021602 0.171646 0.086504
v 0.018396 0.187850 0.115666
v 0.004571 0.168634 0.122737
v 0.018181 0.178694 0.120686
v 0.015228 0.203861 0.144480
v 0.015012 0.194705 0.149500
v 0.001402 0.184645 0.151552
v 0.008356 0.185454 0.152905
v 0.011525 0.169443 0.124091
v -0.001804 0.200850 0.180713
v -0.008823 0.126798 0.047758
v -0.024172 0.152420 0.094014
v -0.016226 0.184640 0.151794
v -0.006363 0.227638 0.228910
v 0.019962 0.126806 0.047362
v -0.008864 0.137659 0.044957
v 0.007777 0.152429 0.093575
v -0.020175 0.168626 0.123077
v -0.012229 0.200847 0.180856
v 0.015979 0.137666 0.044615
v -0.037606 0.126789 0.048153
v -0.033708 0.137651 0.045298
v -0.033904 0.188836 0.032097
v -0.044247 0.136486 0.045744
v -0.033953 0.133018 0.027337
v -0.034151 0.184203 0.014137
v -0.038927 0.132251 0.046762
v -0.009110 0.133026 0.026996
v 0.015734 0.133033 0.026654
v -0.009099 0.130841 0.027701
v 0.001651 0.123189 -0.002128
v -0.020661 0.123183 -0.001821
v 0.025775 0.130852 0.027222
v -0.009915 0.115455 -0.031944
v -0.043974 0.130831 0.028180
v -0.044380 0.123175 -0.001496
v -0.044093 0.161243 0.020195
v -0.044430 0.135715 -0.004873
v -0.020711 0.135722 -0.005199
v -0.044619 0.150440 -0.018300
v -0.044553 0.133386 -0.013902
v -0.030304 0.127988 -0.035042
v -0.030370 0.145043 -0.039439
v -0.010031 0.145050 -0.039719
v -0.010288 0.140648 -0.058538
v -0.048401 0.140636 -0.058014
v -0.066540 0.148451 -0.026358
v -0.014186 0.127993 -0.035263
v -0.014135 0.115454 -0.031886
v -0.066010 0.158180 0.012425
v -0.048461 0.157806 -0.061937
v -0.066600 0.165621 -0.030280
v -0.044685 0.167494 -0.022700
v -0.066073 0.176505 0.008237
v -0.030435 0.162098 -0.043838
v -0.030501 0.179151 -0.048236
v -0.010347 0.157818 -0.062461
v -0.010096 0.162104 -0.044118
v 0.010178 0.179164 -0.048796
v 0.010244 0.162110 -0.044397
v -0.010162 0.179157 -0.048516
v -0.009347 0.194544 0.011128
v 0.025000 0.184570 -0.028058
v -0.044751 0.184548 -0.027099
v -0.044163 0.179444 0.015500
v -0.044221 0.194534 0.011609
v 0.025066 0.167516 -0.023658
v 0.025587 0.179466 0.014541
v 0.025528 0.194555 0.010650
v 0.015537 0.184218 0.013453
v -0.009062 0.188843 0.031755
v -0.009307 0.184210 0.013795
v 0.025656 0.161265 0.019236
v 0.047290 0.176540 0.006678
v 0.047353 0.158215 0.010866
v 0.025319 0.135737 -0.005832
v 0.025131 0.150461 -0.019259
v 0.025196 0.133407 -0.014861
v 0.010309 0.145055 -0.039999
v 0.046823 0.148486 -0.027916
v 0.046764 0.165655 -0.031839
v 0.027766 0.157829 -0.062985
v 0.027825 0.140660 -0.059061
v -0.005743 0.127996 -0.035379
v 0.010375 0.128001 -0.035601
v 0.001601 0.135729 -0.005506
v -0.005693 0.115457 -0.032002
v 0.025370 0.123196 -0.002454
v -0.044490 0.199695 0.029441
v -0.031087 0.153224 0.095559
v -0.037838 0.162470 0.092340
v -0.038197 0.171627 0.087326
v -0.034200 0.187834 0.116389
v -0.033842 0.178678 0.121402
v -0.021500 0.242312 0.157690
v -0.029892 0.194691 0.150118
v -0.030252 0.203847 0.145105
v -0.026255 0.220055 0.174167
v -0.025895 0.210898 0.179181
v -0.019592 0.241576 0.211017
v -0.019564 0.240297 0.213005
v -0.007349 0.242316 0.157496
v -0.006616 0.241580 0.210839
v -0.012736 0.227636 0.228997
v 0.006389 0.240305 0.212648
v 0.000009 0.227640 0.228822
v 0.006361 0.241584 0.210660
v 0.011806 0.210910 0.178662
v 0.012021 0.220067 0.173641
v 0.005150 0.201659 0.182066
v -0.019144 0.201652 0.182400
v -0.023141 0.185444 0.153338
v -0.027090 0.169431 0.124622
v 0.021241 0.132270 0.045935
v 0.021387 0.162489 0.091525
v 0.014731 0.153238 0.094929
v -0.063562 0.239872 0.117424
v -0.067764 0.241592 0.040238
v -0.081020 0.239941 0.114300
v -0.081020 0.232097 0.114125
v -0.035336 0.243385 -0.040264
v -0.058291 0.222796 0.087584
v -0.061819 0.222357 0.107296
v -0.063562 0.232028 0.117250
v -0.079278 0.222427 0.104173
v -0.075750 0.222866 0.084460
v -0.071010 0.205523 0.057582
v -0.053552 0.205454 0.060707
v -0.055824 0.206881 -0.003348
v -0.067764 0.205927 0.039443
v -0.035336 0.207721 -0.041059
v -0.070451 0.243525 -0.046547
v -0.052205 0.207331 -0.023566
v -0.070451 0.207861 -0.047342
v -0.072708 0.220583 -0.034443
v -0.072708 0.207580 -0.034733
v -0.052205 0.220334 -0.023277
v -0.055824 0.219884 -0.003059
v -0.078928 0.219809 0.000306
v -0.080680 0.206588 0.009805
v -0.080680 0.242252 0.010600
v -0.078928 0.206806 0.000017
v 0.007151 0.215319 -0.001530
v 0.009654 0.220079 -0.003225
v 0.010403 0.216223 -0.002185
v 0.008788 0.212008 -0.003226
v 0.007793 0.210988 -0.003043
v 0.004771 0.212877 -0.001090
v 0.001238 0.214822 -0.001596
v 0.005004 0.218684 -0.002291
v 0.008680 0.222517 -0.006328
v -0.001456 0.216078 -0.004369
v 0.003167 0.220818 -0.005221
v 0.002341 0.220907 -0.009199
v -0.002280 0.216167 -0.008347
v 0.007856 0.222606 -0.010306
v 0.032143 0.222772 -0.015343
v 0.007492 0.220312 -0.013641
v 0.002842 0.218916 -0.012708
v 0.004479 0.215605 -0.014403
v -0.000923 0.215054 -0.012012
v 0.002099 0.213164 -0.013963
v -0.002270 0.210299 -0.011837
v -0.003920 0.210528 -0.008131
v -0.003973 0.155106 -0.009355
v -0.003094 0.210440 -0.004153
v -0.003147 0.155017 -0.005377
v -0.000108 0.210067 -0.001423
v -0.000140 0.154956 -0.002644
v 0.007428 0.154991 -0.004215
v 0.007396 0.209094 -0.003002
v 0.009047 0.208864 -0.006708
v 0.003899 0.154946 -0.002200
v 0.009099 0.155074 -0.007918
v 0.008274 0.155162 -0.011896
v 0.008222 0.208953 -0.010686
v 0.005268 0.155223 -0.014629
v 0.005235 0.209326 -0.013416
v 0.001228 0.155233 -0.015073
v 0.001228 0.209840 -0.013856
v -0.002302 0.155188 -0.013059
v 0.005632 0.211220 -0.013457
v 0.008325 0.209963 -0.010686
v 0.006627 0.212241 -0.013642
v 0.008481 0.212654 -0.014016
v 0.008464 0.210107 -0.010711
v 0.007731 0.216510 -0.015058
v 0.031220 0.216619 -0.019930
v 0.031475 0.220455 -0.018615
v 0.031475 0.212727 -0.018787
v 0.033892 0.216332 -0.007057
v 0.032968 0.222683 -0.011365
v 0.033637 0.220223 -0.008200
v 0.032143 0.210268 -0.015622
v 0.033637 0.212495 -0.008373
v 0.010642 0.212422 -0.003602
v 0.032968 0.210180 -0.011644
v 0.010279 0.210128 -0.006936
v 0.009290 0.210018 -0.006733
v 0.009453 0.210216 -0.010914
v 0.009150 0.209874 -0.006708
v 0.003899 0.209553 -0.000983
v -0.018407 0.155001 0.093930
v -0.028772 0.113926 0.081876
v -0.028980 0.140100 0.067309
v -0.008198 0.155004 0.093789
v -0.007990 0.128830 0.108357
v -0.018199 0.128827 0.108497
v -0.008175 0.121260 0.094760
v -0.018445 0.121257 0.094901
v -0.018808 0.116877 0.068411
v -0.018637 0.113368 0.080729
v -0.018920 0.131050 0.060523
v -0.029101 0.135135 0.058387
v -0.008683 0.135141 0.058107
v -0.008650 0.131053 0.060382
v -0.028956 0.116874 0.068551
v -0.028785 0.113366 0.080868
v 0.001621 0.131057 0.060240
v 0.001733 0.116883 0.068130
v 0.011882 0.116887 0.067990
v 0.002096 0.121263 0.094619
v 0.011736 0.135147 0.057826
v 0.011857 0.140113 0.066747
v 0.012066 0.113939 0.081315
v 0.002012 0.155007 0.093649
v 0.002220 0.128833 0.108217
v 0.012052 0.113377 0.080307
v 0.001904 0.113375 0.080446
v -0.010982 0.127053 0.089721
v -0.015756 0.127800 0.087156
v -0.011978 0.031453 0.015155
v -0.008246 0.127054 0.089684
v -0.018628 0.130597 0.077375
v -0.018555 0.129097 0.082637
v -0.009242 0.031454 0.015118
v -0.008518 0.132648 0.070047
v -0.005511 0.127055 0.089646
v -0.006506 0.031455 0.015080
v 0.001792 0.130603 0.077095
v -0.000808 0.127805 0.086950
v 0.001864 0.129103 0.082356
v 0.000895 0.036799 0.009750
v -0.001795 0.033411 0.013103
v -0.009443 0.046048 0.000836
v 0.000841 0.040709 0.005923
v -0.001942 0.044094 0.002647
v -0.001007 0.131900 0.072575
v -0.005782 0.132648 0.070009
v -0.006707 0.046049 0.000798
v -0.012179 0.046047 0.000874
v -0.011254 0.132647 0.070084
v -0.019578 0.040703 0.006204
v -0.016889 0.044089 0.002853
v -0.019525 0.036793 0.010030
v -0.016742 0.033407 0.013308
v -0.015955 0.131896 0.072780
v 0.047743 0.239906 0.115894
v 0.065109 0.239986 0.112292
v 0.065109 0.232142 0.112117
v 0.047743 0.232062 0.115719
v 0.045733 0.222390 0.105817
v 0.041664 0.222827 0.086210
v 0.015191 0.243401 -0.040959
v 0.049819 0.241628 0.038621
v 0.061916 0.206632 0.007845
v 0.061916 0.242296 0.008639
v 0.049819 0.205963 0.037826
v 0.053564 0.205561 0.055871
v 0.059030 0.222907 0.082608
v 0.063100 0.222470 0.102215
v 0.036198 0.205481 0.059473
v 0.036707 0.206909 -0.004620
v 0.015191 0.207737 -0.041754
v 0.050119 0.243562 -0.048204
v 0.032534 0.207357 -0.024731
v 0.050119 0.207898 -0.048999
v 0.052722 0.207619 -0.036457
v 0.052722 0.220621 -0.036168
v 0.059896 0.219851 -0.001602
v 0.032534 0.220360 -0.024441
v 0.036707 0.219912 -0.004330
v 0.059896 0.206848 -0.001892
v -0.010388 0.062837 -0.067539
v 0.009945 0.124669 -0.062405
v -0.010388 0.124753 -0.066159
v -0.030609 0.124657 -0.061848
v 0.009945 0.062753 -0.063785
v -0.030609 0.062741 -0.063227
v -0.009333 0.061127 0.009192
v -0.039991 0.062597 -0.056773
v -0.039078 0.061118 0.009601
v 0.019500 0.062615 -0.057590
v 0.020414 0.061137 0.008783
v -0.024949 0.064207 0.012630
v 0.006371 0.064215 0.012200
v -0.009289 0.064210 0.012415
v -0.009289 0.112706 0.013496
v -0.019559 0.112703 0.013637
v 0.000982 0.112709 0.013355
v 0.003344 0.094606 0.044021
v 0.001415 0.112008 0.044821
v -0.004560 0.122246 0.046324
v 0.011393 0.093039 0.042269
v -0.004560 0.111980 0.046095
v 0.011393 0.122322 0.042921
v -0.008888 0.122323 0.042871
v 0.029722 0.122604 0.030312
v 0.041827 0.123019 0.011648
v 0.041827 0.081991 0.010734
v 0.029722 0.081575 0.029397
v 0.021106 0.086639 0.035441
v 0.021106 0.081443 0.035325
v 0.020701 0.081559 0.030134
v 0.021035 0.081559 0.030130
v 0.019501 0.083503 -0.057125
v 0.044743 0.082596 -0.016407
v 0.044888 0.082361 -0.005843
v 0.044743 0.123624 -0.015493
v 0.044888 0.123388 -0.004929
v 0.041227 0.082963 -0.032894
v 0.028613 0.124399 -0.050302
v 0.041227 0.123991 -0.031980
v 0.028613 0.083372 -0.051217
v -0.060442 0.122988 0.013054
v -0.013119 0.122244 0.046442
v -0.047828 0.122580 0.031377
v -0.008840 0.122245 0.046383
v -0.029161 0.122310 0.043479
v -0.048937 0.124376 -0.049237
v -0.064105 0.123590 -0.013996
v -0.063959 0.123355 -0.003432
v -0.063959 0.082327 -0.004346
v -0.064105 0.082563 -0.014911
v -0.060442 0.081960 0.012140
v -0.038791 0.081541 0.030952
v -0.039991 0.083485 -0.056307
v -0.039125 0.081541 0.030957
v -0.029161 0.093026 0.042827
v -0.039054 0.086621 0.036268
v -0.021067 0.094598 0.044357
v -0.019126 0.112002 0.045103
v -0.013119 0.111977 0.046213
v -0.008840 0.111979 0.046154
v -0.047828 0.081552 0.030463
v -0.039054 0.081425 0.036152
v -0.048937 0.083348 -0.050151
v -0.061042 0.082932 -0.031488
v -0.061042 0.123960 -0.030574
v -0.052860 0.212469 -0.007183
v -0.029743 0.212410 -0.003047
v -0.053081 0.216305 -0.005861
v -0.029471 0.210115 -0.006390
v -0.052282 0.210153 -0.010471
v -0.028755 0.210205 -0.010389
v -0.051565 0.210243 -0.014471
v -0.052860 0.220197 -0.007011
v -0.052282 0.222657 -0.010193
v -0.050986 0.220430 -0.017481
v -0.051565 0.222746 -0.014193
v -0.027148 0.222595 -0.009825
v -0.028751 0.220068 -0.002698
v -0.027864 0.222506 -0.005826
v -0.050986 0.212702 -0.017653
v -0.050765 0.216594 -0.018803
v -0.027869 0.212643 -0.013517
v -0.027761 0.210096 -0.010214
v -0.027152 0.216499 -0.014578
v -0.026005 0.212231 -0.013193
v -0.027620 0.209952 -0.010192
v -0.023882 0.215597 -0.014013
v -0.025005 0.211211 -0.013036
v -0.024607 0.209317 -0.013007
v -0.020613 0.209833 -0.013556
v -0.021489 0.213157 -0.013639
v -0.017062 0.210295 -0.011634
v -0.018416 0.215049 -0.011771
v -0.022201 0.218909 -0.012363
v -0.021605 0.220899 -0.008871
v -0.015310 0.210525 -0.007975
v -0.016958 0.216162 -0.008145
v -0.016026 0.210436 -0.003975
v -0.017674 0.216073 -0.004146
v -0.020290 0.214815 -0.001300
v -0.022320 0.220810 -0.004872
v -0.024076 0.218674 -0.001891
v -0.026198 0.215308 -0.001071
v -0.026879 0.210978 -0.002566
v -0.023805 0.212868 -0.000697
v -0.029468 0.216211 -0.001636
v -0.027879 0.211997 -0.002722
v -0.028476 0.210007 -0.006214
v -0.028336 0.209863 -0.006192
v -0.026481 0.209083 -0.002536
v -0.027516 0.208942 -0.010195
v -0.028232 0.208853 -0.006196
v -0.026513 0.154981 -0.003748
v -0.027569 0.155152 -0.011403
v -0.028285 0.155062 -0.007404
v -0.018903 0.154951 -0.002386
v -0.020613 0.155227 -0.014773
v -0.018936 0.210061 -0.001164
v -0.015258 0.155102 -0.009200
v -0.022929 0.209545 -0.000614
v -0.015973 0.155013 -0.005201
v -0.022929 0.154938 -0.001831
v -0.017029 0.155184 -0.012856
v -0.024639 0.155214 -0.014218
v -0.026875 0.220301 -0.013168
v -0.016930 -0.297080 -0.031511
v -0.039840 -0.297087 -0.031197
v -0.016616 -0.279614 -0.027116
v -0.039275 -0.329446 -0.024910
v -0.017303 -0.329439 -0.025212
v -0.015661 -0.301726 0.060699
v -0.015444 -0.283908 0.058075
v -0.015355 -0.268448 0.048830
v -0.038871 -0.283915 0.058397
v -0.015897 -0.255923 -0.000913
v -0.015601 -0.253303 0.016908
v -0.015411 -0.257702 0.034375
v -0.039865 -0.253311 0.017241
v -0.039571 -0.257709 0.034707
v -0.039222 -0.268456 0.049159
v -0.038571 -0.301733 0.061014
v -0.040119 -0.265169 -0.016044
v -0.016251 -0.333289 0.051190
v -0.038223 -0.333296 0.051491
v -0.038646 -0.362032 -0.014029
v -0.037938 -0.364623 0.037378
v -0.016904 -0.364617 0.037089
v -0.017123 -0.373337 0.030605
v -0.037893 -0.373344 0.030891
v -0.037931 -0.378919 0.021560
v -0.017338 -0.378913 0.021277
v -0.017517 -0.380494 0.010524
v -0.038047 -0.380500 0.010806
v -0.017630 -0.377839 -0.000017
v -0.038224 -0.377846 0.000266
v -0.017664 -0.371354 -0.008739
v -0.038434 -0.371361 -0.008453
v -0.017612 -0.362026 -0.014318
v -0.016253 -0.265162 -0.016372
v -0.040057 -0.255931 -0.000581
v -0.040044 -0.279622 -0.026794
v 0.079588 -0.283119 -0.018767
v 0.075200 -0.292778 -0.011660
v 0.074255 -0.280477 -0.015285
v 0.075154 -0.276841 -0.009493
v 0.087671 -0.291431 -0.007340
v 0.075687 -0.325263 0.007164
v 0.079891 -0.321057 0.018026
v 0.065609 -0.310933 0.010101
v 0.093385 -0.288223 0.001266
v 0.083888 -0.283101 0.000495
v 0.063349 -0.301045 0.016597
v 0.067691 -0.290282 0.030146
v 0.075095 -0.300068 0.031815
v 0.071761 -0.283953 -0.004218
v 0.070786 -0.287794 -0.009861
v 0.071561 -0.292141 0.034323
v 0.070283 -0.308780 0.019615
v 0.070007 -0.303708 0.035288
v 0.066474 -0.295782 0.037795
v 0.062605 -0.293923 0.033618
v 0.074805 -0.324698 0.021498
v 0.070599 -0.328905 0.010636
v 0.074469 -0.330765 0.014813
v 0.079556 -0.327124 0.011341
v 0.068049 -0.260210 -0.029466
v 0.071862 -0.272183 -0.019744
v 0.076544 -0.271981 -0.024804
v 0.065315 -0.258516 -0.017858
v 0.064170 -0.261578 -0.023931
v 0.084552 -0.261443 -0.024916
v 0.081192 -0.258917 -0.013628
v 0.084036 -0.282814 0.000279
v 0.087490 -0.271954 0.013970
v 0.098109 -0.278186 0.012645
v 0.072850 -0.268896 -0.013762
v 0.090130 -0.254977 -0.018275
v 0.093590 -0.287837 0.000975
v 0.106528 -0.295155 -0.004526
v 0.101522 -0.300235 -0.014650
v 0.106731 -0.300620 -0.011717
v 0.101588 -0.308548 -0.005503
v 0.101555 -0.302815 0.001478
v 0.087855 -0.291084 -0.007602
v 0.096778 -0.307535 -0.008928
v 0.094244 -0.284098 0.017287
v 0.092698 -0.272337 0.016904
v 0.084592 -0.276340 0.017421
v 0.089402 -0.277353 0.020845
v 0.045497 -0.235943 -0.036323
v 0.053471 -0.249858 -0.027527
v 0.057000 -0.248099 -0.033185
v 0.043426 -0.234978 -0.024497
v 0.042033 -0.237770 -0.030646
v 0.062572 -0.236016 -0.033268
v 0.060394 -0.234938 -0.021471
v 0.080963 -0.258600 -0.013754
v 0.082973 -0.248835 0.001026
v 0.092387 -0.245094 -0.006098
v 0.054751 -0.246946 -0.021407
v 0.067908 -0.229226 -0.026755
v 0.089866 -0.254609 -0.018424
v 0.099226 -0.250027 -0.030235
v 0.094371 -0.257055 -0.039203
v 0.099127 -0.253465 -0.038589
v 0.104182 -0.257854 -0.026877
v 0.084298 -0.261089 -0.025057
v 0.099217 -0.264704 -0.035921
v 0.104268 -0.261588 -0.035102
v 0.096351 -0.251326 -0.003429
v 0.086165 -0.253823 0.003157
v 0.091216 -0.250708 0.003976
v 0.087729 -0.245245 0.001640
v 0.023183 -0.209282 -0.042474
v 0.030319 -0.224640 -0.033726
v 0.033885 -0.222930 -0.039377
v 0.021000 -0.208170 -0.030682
v 0.019412 -0.210729 -0.036886
v 0.040223 -0.211161 -0.039236
v 0.038127 -0.210164 -0.027417
v 0.060101 -0.234630 -0.021554
v 0.062483 -0.225666 -0.006329
v 0.070421 -0.220150 -0.014070
v 0.031814 -0.221964 -0.027549
v 0.046052 -0.204929 -0.032592
v 0.067611 -0.228914 -0.026838
v 0.074968 -0.222358 -0.039133
v 0.070060 -0.229347 -0.048102
v 0.074342 -0.225180 -0.047692
v 0.079382 -0.230473 -0.046268
v 0.079934 -0.227576 -0.037730
v 0.062271 -0.235701 -0.033353
v 0.075095 -0.234636 -0.046679
v 0.075165 -0.225131 -0.012730
v 0.067146 -0.230563 -0.005013
v 0.071432 -0.226399 -0.004602
v 0.066764 -0.221498 -0.005920
v 0.005523 -0.178621 -0.049699
v 0.009427 -0.195346 -0.040433
v 0.013462 -0.194306 -0.045929
v 0.002965 -0.176843 -0.038065
v 0.001227 -0.179141 -0.044330
v 0.021649 -0.183837 -0.045520
v 0.048327 -0.204939 -0.053897
v 0.053766 -0.198555 -0.044785
v 0.039951 -0.210829 -0.039312
v 0.028199 -0.178683 -0.038626
v 0.019232 -0.182348 -0.033815
v 0.037852 -0.209829 -0.027494
v 0.040864 -0.201355 -0.012095
v 0.049288 -0.196403 -0.019705
v 0.011098 -0.192915 -0.034200
v 0.045485 -0.197576 -0.011595
v 0.045789 -0.204605 -0.032665
v 0.053481 -0.201536 -0.018538
v 0.049759 -0.202808 -0.010406
v 0.045245 -0.206717 -0.010877
v 0.057876 -0.203586 -0.043642
v 0.052570 -0.210133 -0.052716
v 0.057084 -0.206223 -0.052245
v 0.052947 -0.201161 -0.053395
v -0.004694 -0.146048 -0.058330
v -0.000443 -0.161919 -0.053953
v -0.009262 -0.145754 -0.053172
v -0.007502 -0.143500 -0.046897
v 0.009879 -0.153480 -0.053186
v 0.031537 -0.179418 -0.059789
v 0.037630 -0.174042 -0.050444
v 0.021460 -0.183456 -0.045612
v 0.016929 -0.149553 -0.045985
v 0.007128 -0.151143 -0.041694
v 0.019036 -0.181958 -0.033909
v 0.022877 -0.173953 -0.018425
v 0.032435 -0.170763 -0.025625
v -0.003164 -0.159688 -0.042433
v -0.004940 -0.161885 -0.048724
v 0.028094 -0.171097 -0.017710
v 0.028020 -0.178321 -0.038713
v 0.035521 -0.176385 -0.024293
v 0.031303 -0.176945 -0.016325
v 0.026216 -0.180036 -0.016984
v 0.040541 -0.179341 -0.049189
v 0.034582 -0.184962 -0.058476
v 0.039669 -0.181871 -0.057817
v 0.036753 -0.176563 -0.059074
v -0.012588 -0.114508 -0.067848
v -0.008745 -0.130160 -0.063034
v -0.017197 -0.114053 -0.062738
v -0.015458 -0.111714 -0.056488
v 0.001840 -0.122128 -0.062327
v 0.021234 -0.151549 -0.066895
v 0.027715 -0.147144 -0.057307
v 0.009772 -0.153075 -0.053297
v 0.008886 -0.118183 -0.055131
v -0.001024 -0.119361 -0.050958
v 0.007018 -0.150728 -0.041808
v 0.011452 -0.143113 -0.026287
v 0.021845 -0.142081 -0.032942
v -0.011601 -0.127421 -0.051658
v -0.013342 -0.129754 -0.057910
v 0.017077 -0.141300 -0.025310
v 0.016822 -0.149149 -0.046094
v 0.023636 -0.148597 -0.031180
v 0.013321 -0.149902 -0.024453
v 0.018914 -0.147979 -0.023505
v 0.029413 -0.153338 -0.055631
v 0.022950 -0.157804 -0.065204
v 0.028542 -0.155879 -0.064256
v 0.026858 -0.149737 -0.065917
v -0.020095 -0.082147 -0.077156
v -0.016411 -0.098351 -0.072727
v -0.024658 -0.081892 -0.071992
v -0.022834 -0.079924 -0.065640
v -0.005725 -0.090435 -0.071905
v 0.013401 -0.120859 -0.075920
v 0.019853 -0.116339 -0.066365
v 0.001739 -0.121721 -0.062452
v 0.001383 -0.086752 -0.064631
v -0.008545 -0.087857 -0.060482
v -0.001125 -0.118953 -0.051084
v 0.003259 -0.111027 -0.035717
v 0.013768 -0.110438 -0.042243
v -0.019251 -0.095691 -0.061328
v -0.021014 -0.097928 -0.067608
v 0.008913 -0.109324 -0.034706
v 0.008785 -0.117776 -0.055256
v 0.015416 -0.117092 -0.040201
v 0.004921 -0.117730 -0.033660
v 0.010570 -0.116012 -0.032655
v 0.021481 -0.122907 -0.064349
v 0.015028 -0.127423 -0.073906
v 0.020678 -0.125705 -0.072901
v 0.019054 -0.119156 -0.074911
v -0.027614 -0.046426 -0.081388
v -0.023841 -0.064882 -0.080688
v -0.031842 -0.047797 -0.076114
v -0.029565 -0.048010 -0.069608
v -0.013024 -0.057075 -0.078994
v 0.005834 -0.088954 -0.085493
v 0.012370 -0.084795 -0.075832
v -0.005819 -0.090017 -0.072021
v -0.005602 -0.054842 -0.071448
v -0.015413 -0.056490 -0.067203
v -0.008637 -0.087449 -0.060596
v -0.004096 -0.080037 -0.045024
v 0.006412 -0.079444 -0.051550
v -0.026348 -0.063739 -0.068963
v -0.028308 -0.065076 -0.075438
v 0.001585 -0.078453 -0.043979
v 0.001290 -0.086342 -0.064745
v 0.007901 -0.085916 -0.049703
v -0.002619 -0.086460 -0.043191
v 0.003056 -0.084843 -0.042155
v 0.013927 -0.091564 -0.073900
v 0.007425 -0.095872 -0.083519
v 0.013099 -0.094255 -0.082484
v 0.011516 -0.087371 -0.084447
v -0.033308 -0.014826 -0.056079
v -0.035113 -0.030461 -0.069636
v -0.031385 -0.026433 -0.073810
v -0.033491 -0.026246 -0.052253
v -0.036754 -0.020537 -0.054330
v -0.019871 -0.021408 -0.067892
v -0.020399 -0.030690 -0.060235
v -0.015497 -0.056089 -0.067249
v -0.010191 -0.052064 -0.050759
v 0.000082 -0.050375 -0.057465
v -0.032201 -0.034061 -0.064525
v -0.011212 -0.025730 -0.063062
v -0.005689 -0.054425 -0.071495
v 0.005017 -0.050949 -0.082546
v -0.001968 -0.053020 -0.092560
v 0.003786 -0.051767 -0.091457
v -0.013119 -0.056621 -0.079045
v -0.000229 -0.061367 -0.091686
v 0.005500 -0.060002 -0.090594
v 0.006593 -0.058515 -0.081751
v 0.001275 -0.056102 -0.056859
v -0.004439 -0.050810 -0.049656
v -0.009092 -0.057345 -0.050199
v -0.003362 -0.055980 -0.049107
v -0.033557 -0.011238 -0.019676
v -0.037104 -0.017479 -0.036751
v -0.033689 -0.011498 -0.037108
v -0.033672 -0.023281 -0.019944
v -0.036974 -0.017228 -0.019763
v -0.021262 -0.011482 -0.032025
v -0.010699 -0.006805 -0.073270
v -0.002055 -0.013616 -0.067591
v -0.019926 -0.021083 -0.067464
v -0.012334 -0.017588 -0.031980
v -0.021374 -0.023524 -0.031812
v -0.020432 -0.030491 -0.059960
v -0.012176 -0.041963 -0.049237
v -0.033799 -0.023521 -0.036392
v -0.006187 -0.042001 -0.048928
v -0.012107 -0.042378 -0.049758
v -0.006217 -0.041816 -0.048656
v -0.002941 -0.034710 -0.053170
v -0.011253 -0.025487 -0.062733
v -0.002653 -0.036391 -0.055064
v -0.000932 -0.020132 -0.074720
v -0.009238 -0.015279 -0.082520
v -0.003318 -0.014901 -0.081688
v -0.004740 -0.006657 -0.072688
vn -0.8697 0.0729 0.4882
vn -0.9592 0.0583 -0.2767
vn -0.9356 0.1782 -0.3050
vn -0.9293 -0.0288 -0.3683
vn -0.0926 0.0411 -0.9949
vn -0.7936 0.1086 0.5987
vn -0.8365 0.1994 0.5103
vn -0.9073 0.1549 -0.3908
vn -0.0191 0.1527 -0.9881
vn 0.0095 0.0136 -0.9999
vn -0.0930 -0.4235 -0.9011
vn -0.7855 -0.2239 0.5769
vn -0.9091 -0.1918 -0.3697
vn -0.0482 -0.8036 -0.5933
vn 0.7785 -0.4703 -0.4156
vn 0.6263 -0.7196 -0.2998
vn 0.4359 -0.8844 -0.1671
vn -0.0566 -0.9671 -0.2482
vn -0.7750 -0.5967 -0.2081
vn 0.6840 -0.7002 0.2045
vn 0.8435 -0.4343 0.3159
vn 0.8906 -0.1129 -0.4405
vn 0.9157 -0.0810 0.3936
vn 0.2222 -0.0078 0.9750
vn 0.1455 -0.4170 0.8972
vn 0.0966 -0.7874 0.6089
vn -0.4838 -0.8443 0.2303
vn 0.0814 -0.9746 0.2088
vn -0.7641 -0.5188 0.3833
vn -0.4816 -0.8730 -0.0772
vn 0.4285 -0.8988 0.0926
vn 0.0753 0.1724 0.9821
vn 0.1114 0.0928 0.9894
vn 0.8974 0.0919 0.4315
vn 0.0536 0.0229 0.9983
vn 0.9317 0.0743 0.3556
vn 0.9171 0.0305 0.3975
vn 0.9164 0.0125 -0.4000
vn 0.9104 0.0589 -0.4095
vn 0.8871 0.1001 -0.4507
vn -0.0534 -0.0197 -0.9984
vn -0.0613 -0.0388 -0.9974
vn 0.9135 -0.0071 -0.4067
vn -0.9117 -0.0635 -0.4059
vn 0.1159 -0.0460 -0.9922
vn 0.9506 -0.0831 -0.2991
vn 0.1355 0.0421 -0.9899
vn -0.8015 -0.0029 -0.5980
vn -0.7840 0.1281 -0.6075
vn -0.7368 0.3217 -0.5947
vn -0.9811 0.1690 0.0947
vn -0.9102 0.4113 0.0496
vn -0.7040 0.7101 -0.0031
vn -0.2665 0.5112 0.8171
vn -0.1648 0.9057 0.3906
vn 0.7953 0.0121 0.6061
vn 0.6498 0.3066 0.6955
vn -0.2578 0.2215 0.9405
vn -0.1335 -0.0620 0.9891
vn 0.8564 -0.0733 0.5110
vn 0.9660 -0.0862 -0.2437
vn 0.9564 0.2147 -0.1978
vn -0.0142 -0.0373 0.9992
vn -0.9693 -0.0372 0.2431
vn -0.8891 -0.0700 0.4523
vn -0.9053 -0.0145 0.4246
vn 0.8704 0.0093 0.4923
vn 0.1567 0.3760 -0.9133
vn -0.6536 0.6244 -0.4276
vn -0.1229 0.8923 -0.4345
vn 0.6366 0.7650 -0.0970
vn 0.4623 0.7556 0.4640
vn 0.8629 0.1854 0.4701
vn -0.1151 0.1712 0.9785
vn -0.2000 0.1194 0.9725
vn 0.7463 0.1888 0.6382
vn -0.1232 -0.0952 0.9878
vn -0.8724 0.1201 0.4738
vn -0.6831 0.0835 0.7255
vn 0.0314 -0.5008 0.8650
vn 0.6552 0.0495 0.7538
vn -0.8904 0.4023 -0.2127
vn -0.6467 -0.0985 0.7563
vn -0.5333 -0.7136 0.4543
vn 0.0791 -0.8747 0.4782
vn -0.9611 0.2569 -0.1017
vn -0.7719 -0.6217 -0.1328
vn -0.3975 -0.5291 -0.7497
vn -0.4067 0.1298 -0.9043
vn 0.0655 -0.9956 -0.0673
vn -0.0431 -0.8062 -0.5901
vn 0.5597 -0.6808 0.4726
vn 0.7644 -0.6389 -0.0861
vn 0.4325 -0.5876 -0.6838
vn 0.9898 0.1419 -0.0155
vn 0.3388 0.0840 -0.9371
vn 0.8963 0.4416 -0.0398
vn 0.6332 -0.1930 0.7495
vn 0.8920 0.3254 -0.3139
vn 0.3003 0.3357 -0.8928
vn -0.1250 -0.2191 -0.9677
vn -0.1258 0.0825 -0.9886
vn -0.0368 0.1553 -0.9872
vn -0.3818 0.2350 -0.8939
vn -0.9054 0.1785 -0.3852
vn -0.9532 -0.0367 -0.3002
vn -0.0936 -0.0403 -0.9948
vn -0.9034 -0.0415 -0.4268
vn -0.8870 0.0423 0.4598
vn -0.8971 0.0247 0.4412
vn -0.1829 0.1233 0.9754
vn -0.2014 0.0744 0.9767
vn 0.8668 0.1096 0.4864
vn -0.1620 0.0264 0.9864
vn 0.8230 0.0793 0.5625
vn -0.9228 -0.0160 0.3850
vn -0.9176 -0.0073 0.3975
vn -0.9635 -0.1157 0.2414
vn -0.8149 -0.0783 -0.5742
vn -0.8123 -0.0476 -0.5812
vn -0.2174 -0.1404 0.9659
vn -0.7912 -0.2031 -0.5769
vn -0.9254 -0.3363 0.1746
vn -0.5525 -0.3198 0.7697
vn 0.8627 0.0143 0.5056
vn 0.8482 -0.1602 0.5048
vn 0.0769 -0.2846 0.9556
vn 0.7505 -0.3879 0.5351
vn 0.0579 -0.2986 0.9526
vn -0.5482 -0.3655 0.7522
vn -0.9477 -0.2821 0.1491
vn -0.9791 0.2035 0.0002
vn -0.7346 0.1078 0.6699
vn -0.5438 0.8254 -0.1515
vn -0.7953 -0.2289 -0.5613
vn -0.8027 0.3086 -0.5103
vn -0.4675 0.8621 -0.1957
vn -0.4666 0.7886 0.4005
vn -0.1444 0.5891 0.7950
vn -0.0170 -0.1265 0.9918
vn 0.4808 -0.0144 0.8767
vn 0.5690 -0.3871 0.7256
vn 0.8946 -0.2437 0.3746
vn 0.9899 -0.1413 -0.0148
vn 0.7813 0.2634 0.5659
vn -0.0235 0.7052 0.7086
vn 0.0274 0.8150 0.5789
vn 0.8408 0.5407 0.0256
vn 0.0320 0.9986 -0.0411
vn -0.0091 0.8966 -0.4428
vn -0.4228 0.8676 -0.2617
vn -0.3114 0.8011 -0.5112
vn 0.3913 0.3803 -0.8380
vn -0.0429 0.4865 -0.8726
vn 0.6816 -0.2229 -0.6969
vn 0.8420 -0.2450 -0.4807
vn 0.7576 0.4439 -0.4786
vn 0.9582 -0.2546 -0.1309
vn 0.7707 -0.1934 -0.6071
vn 0.0200 -0.2449 -0.9693
vn -0.0583 -0.0659 -0.9961
vn 0.8334 -0.1558 -0.5303
vn 0.8535 -0.0484 -0.5188
vn -0.0568 -0.1576 -0.9859
vn 0.0890 -0.0737 -0.9933
vn 0.8829 -0.0048 -0.4695
vn 0.0544 -0.0863 -0.9948
vn 0.8697 0.0174 -0.4933
vn 0.0640 -0.0587 -0.9962
vn 0.8662 0.1025 -0.4891
vn -0.8638 -0.0824 -0.4971
vn -0.6695 0.6955 -0.2610
vn -0.6657 0.7458 0.0258
vn 0.6656 0.7463 0.0075
vn 0.6696 0.6831 0.2917
vn -0.6617 0.6826 0.3100
vn -0.6729 0.5390 -0.5066
vn -0.6584 0.5156 0.5484
vn -0.6584 -0.5395 0.5248
vn -0.6554 -0.0168 0.7551
vn -0.6561 0.2699 0.7047
vn -0.6561 -0.3011 0.6920
vn 0.6730 -0.5390 0.5065
vn 0.6696 -0.6954 0.2610
vn -0.6729 -0.5160 -0.5301
vn -0.6617 -0.6958 0.2793
vn 0.6751 0.2704 0.6864
vn 0.6760 -0.0164 0.7367
vn 0.6751 -0.3007 0.6737
vn 0.6617 0.6958 -0.2792
vn 0.6730 0.5159 0.5300
vn 0.6562 0.3010 -0.6919
vn 0.6562 -0.2699 -0.7047
vn 0.6584 0.5395 -0.5249
vn -0.6751 0.3006 -0.6736
vn -0.6758 0.0164 -0.7369
vn 0.6555 0.0168 -0.7550
vn -0.6752 -0.2703 -0.6863
vn 0.6584 -0.5156 -0.5484
vn 0.6618 -0.6826 -0.3100
vn -0.6695 -0.6831 -0.2917
vn -0.6657 -0.7462 -0.0075
vn 0.6656 -0.7459 -0.0258
vn 0.6116 0.3553 -0.7069
vn 0.5864 0.8092 0.0355
vn 0.6581 0.3829 0.6483
vn -0.6403 0.3825 0.6661
vn -0.5857 0.8089 0.0516
vn -0.6310 0.3549 -0.6899
vn -0.9116 0.4110 0.0126
vn -0.7643 0.2967 0.5725
vn -0.8115 0.2114 -0.5447
vn 0.7796 0.2972 0.5512
vn 0.9113 0.4116 -0.0124
vn 0.7961 0.2119 -0.5669
vn -0.3139 0.3215 -0.8934
vn 0.5666 0.5772 -0.5880
vn -0.5829 0.5769 -0.5722
vn -0.2643 -0.2325 -0.9360
vn 0.2386 -0.2323 -0.9429
vn 0.2891 0.3217 -0.9017
vn -0.6310 0.3549 -0.6898
vn 0.6116 0.3552 -0.7069
vn -0.7840 0.1896 -0.5910
vn -0.7620 0.3078 0.5697
vn 0.3124 0.5112 0.8007
vn -0.2703 0.1279 0.9542
vn -0.2906 0.5110 0.8090
vn 0.5816 0.6951 0.4226
vn 0.2963 0.1281 0.9465
vn 0.6400 0.2813 0.7150
vn 0.8215 0.2239 0.5245
vn -0.5628 0.0076 0.8265
vn 0.5853 0.0079 0.8108
vn -0.8069 0.2235 0.5468
vn -0.6387 -0.2308 0.7340
vn -0.6203 0.2809 0.7323
vn -0.7643 -0.1921 0.6156
vn 0.7810 -0.1916 0.5943
vn 0.8380 -0.4874 0.2452
vn -0.8307 -0.4879 0.2682
vn -0.8427 -0.4647 -0.2720
vn -0.6082 -0.7016 0.3713
vn -0.6198 -0.6871 -0.3791
vn 0.6186 -0.7012 0.3544
vn 0.6096 -0.6867 -0.3960
vn -0.3095 -0.7395 -0.5978
vn 0.5914 0.0095 -0.8063
vn -0.0137 0.0117 -0.9998
vn 0.2934 -0.7393 -0.6061
vn -0.0137 0.0116 -0.9998
vn 0.5712 -0.7925 -0.2135
vn -0.5764 -0.7929 -0.1977
vn 0.2297 0.5529 -0.8009
vn -0.6134 0.0091 -0.7898
vn 0.6095 -0.6868 -0.3960
vn 0.6187 -0.7012 0.3544
vn 0.6588 -0.2305 0.7162
vn 0.8352 -0.4641 -0.2951
vn -0.2520 0.5528 -0.7943
vn -0.5427 0.5429 -0.6409
vn 0.5244 0.5433 -0.6556
vn 0.5245 -0.5135 -0.6791
vn -0.5427 -0.5138 -0.6644
vn 0.7674 0.1901 -0.6123
vn 0.6588 -0.2304 0.7162
vn 0.7772 0.3083 0.5485
vn 0.6401 0.2813 0.7150
vn -0.5703 0.6947 0.4384
vn -0.0000 0.9998 0.0223
vn 0.1693 0.8394 0.5166
vn 0.5257 0.8506 0.0117
vn -0.4210 0.8434 0.3337
vn -0.4295 0.8572 -0.2841
vn 0.1556 0.8616 -0.4831
vn -0.8506 0.5253 0.0234
vn -0.7308 0.4586 -0.5056
vn -0.2740 0.5435 -0.7934
vn -0.5989 0.0178 -0.8007
vn -0.0138 0.0223 -0.9997
vn 0.2647 0.4661 -0.8442
vn 0.5766 0.0182 -0.8168
vn 0.6812 0.5369 -0.4976
vn 0.8943 0.4474 -0.0023
vn 0.9467 0.0072 -0.3220
vn 0.9552 -0.0066 0.2958
vn 0.8506 -0.5253 -0.0234
vn 0.7163 -0.4352 -0.5454
vn 0.5988 -0.0178 0.8007
vn 0.7308 -0.4586 0.5056
vn 0.6950 0.5147 0.5021
vn 0.2740 -0.5435 0.7934
vn 0.0137 -0.0223 0.9997
vn 0.2881 0.4282 0.8565
vn -0.2647 -0.4661 0.8442
vn -0.1556 -0.8616 0.4831
vn 0.4295 -0.8572 0.2841
vn -0.0000 -0.9998 -0.0223
vn -0.6813 -0.5369 0.4976
vn -0.5257 -0.8506 -0.0117
vn -0.1693 -0.8394 -0.5165
vn 0.4210 -0.8434 -0.3337
vn 0.2517 -0.5075 -0.8241
vn -0.2881 -0.4283 -0.8565
vn -0.6950 -0.5147 -0.5021
vn -0.9552 0.0066 -0.2958
vn -0.8943 -0.4474 0.0023
vn -0.9467 -0.0072 0.3220
vn -0.5766 -0.0182 0.8168
vn -0.7163 0.4352 0.5455
vn -0.2517 0.5075 0.8241
vn 0.2884 0.0661 -0.9552
vn -0.0122 0.4787 -0.8779
vn 0.6087 0.3966 -0.6872
vn 0.5830 0.8063 -0.0999
vn 0.9933 -0.0902 0.0725
vn 0.7671 -0.3988 -0.5025
vn 0.9671 -0.0568 0.2481
vn 0.2735 -0.8989 0.3424
vn 0.8209 -0.4546 -0.3457
vn 0.6094 0.1535 0.7778
vn 0.9795 0.0422 0.1971
vn 0.2558 -0.2892 0.9225
vn 0.1778 -0.7593 0.6260
vn 0.4676 -0.8724 -0.1423
vn -0.0051 -0.9190 -0.3942
vn -0.4069 -0.8637 -0.2974
vn -0.1602 -0.7594 0.6306
vn -0.2635 -0.8990 0.3497
vn -0.1601 -0.7594 0.6307
vn -0.2634 -0.8990 0.3498
vn 0.0137 -0.0745 0.9971
vn 0.1779 -0.7593 0.6260
vn 0.3991 -0.8635 -0.3084
vn 0.2906 -0.5178 -0.8046
vn -0.0067 -0.8613 -0.5080
vn -0.3123 -0.5179 -0.7964
vn -0.3146 0.0660 -0.9469
vn -0.2906 0.5178 0.8046
vn -0.7804 -0.3993 -0.4812
vn -0.0134 -0.2498 -0.9682
vn -0.2884 -0.0331 0.9569
vn 0.0122 -0.4820 0.8761
vn 0.3147 -0.0329 0.9486
vn 0.5842 -0.4114 0.6996
vn -0.0067 -0.8637 -0.5040
vn 0.2950 -0.9444 -0.1452
vn -0.5645 -0.4118 0.7154
vn -0.2983 -0.9446 -0.1371
vn -0.3829 -0.0012 0.9238
vn -0.5833 -0.7053 -0.4029
vn -0.9061 -0.3710 -0.2036
vn -0.5110 -0.7310 -0.4523
vn -0.7298 -0.6822 -0.0437
vn -0.6015 -0.7985 0.0251
vn -0.3776 -0.7694 -0.5151
vn -0.2670 -0.9227 -0.2780
vn -0.7344 -0.6783 -0.0238
vn -0.0069 -0.8557 -0.5175
vn -0.2823 -0.4759 -0.8330
vn -0.0070 -0.8482 -0.5296
vn -0.4059 -0.7501 -0.5220
vn -0.6429 -0.4837 0.5939
vn -0.7343 0.5857 -0.3432
vn -0.4066 0.4368 -0.8024
vn -0.6618 0.6889 0.2956
vn -0.5950 0.7100 -0.3767
vn -0.2711 0.6892 -0.6720
vn -0.3822 0.4216 -0.8223
vn -0.0119 0.5179 -0.8554
vn -0.0118 0.5298 -0.8481
vn -0.0120 0.5081 -0.8612
vn 0.3592 0.4218 -0.8325
vn 0.2521 0.6893 -0.6792
vn 0.0067 0.8614 0.5079
vn -0.7346 0.5707 -0.3669
vn 0.7239 0.5712 -0.3869
vn -0.4122 0.4462 0.7944
vn -0.5718 0.7031 0.4228
vn 0.5840 0.7103 -0.3929
vn 0.4336 0.4465 0.7828
vn 0.5827 0.7034 0.4069
vn 0.3123 0.5180 0.7964
vn 0.4082 -0.0009 0.9129
vn 0.0067 0.8613 0.5080
vn 0.6693 0.6893 0.2773
vn 0.6593 -0.4833 0.5760
vn 0.6025 -0.7981 0.0085
vn 0.9003 -0.3704 -0.2284
vn 0.7288 -0.6818 -0.0637
vn 0.2598 -0.9226 -0.2853
vn 0.7339 -0.6778 -0.0440
vn 0.3919 -0.7499 -0.5330
vn 0.7242 0.5861 -0.3632
vn 0.3841 0.4371 -0.8133
vn 0.3638 -0.7692 -0.5253
vn 0.2596 -0.4757 -0.8404
vn 0.4988 -0.7307 -0.4661
vn 0.4988 -0.7307 -0.4662
vn 0.5725 -0.7049 -0.4188
vn -0.6276 0.3962 -0.6702
vn -0.9598 -0.0574 0.2746
vn -0.2301 -0.2894 0.9291
vn -0.5878 0.1532 0.7943
vn -0.9909 -0.0908 0.0998
vn -0.5861 0.8059 -0.0838
vn -0.8298 -0.4550 -0.3230
vn -0.9737 0.0416 0.2239
vn -0.9975 -0.0319 0.0630
vn -0.8433 -0.4649 -0.2696
vn -0.5950 0.7625 0.2540
vn -0.6914 0.4853 0.5352
vn 0.0042 0.9453 0.3261
vn -0.0024 0.9883 -0.1525
vn 0.4506 -0.0852 0.8886
vn -0.4260 -0.0855 0.9007
vn 0.7055 0.4858 0.5160
vn 0.6012 0.7630 0.2375
vn 0.9989 -0.0313 0.0355
vn 0.8358 -0.4644 -0.2928
vn 0.4980 -0.8585 -0.1222
vn -0.5007 -0.8588 -0.1085
vn -0.2302 -0.2894 0.9291
vn -0.4708 -0.8727 -0.1294
vn -0.0132 -0.2499 -0.9682
vn 0.6094 0.1535 0.7779
vn 0.2557 -0.2892 0.9225
vn 0.4666 0.5623 0.6827
vn 0.6700 0.5876 -0.4537
vn -0.6234 0.7767 0.0905
vn -0.6700 0.5668 0.4794
vn -0.7468 -0.3103 0.5883
vn 0.4940 -0.3153 0.8103
vn 0.7343 -0.6076 0.3027
vn 0.5681 -0.7261 0.3874
vn -0.6727 -0.7212 0.1654
vn -0.7984 -0.6015 0.0285
vn -0.6761 -0.7316 0.0871
vn 0.5983 -0.7367 0.3151
vn -0.6234 -0.7799 0.0559
vn -0.3492 -0.8566 -0.3799
vn 0.6700 -0.5668 -0.4794
vn -0.4666 0.5921 -0.6570
vn -0.4666 -0.5623 -0.6827
vn -0.4526 -0.8695 0.1979
vn -0.9694 -0.2268 0.0938
vn -0.7238 -0.6038 0.3340
vn -0.5584 -0.5832 -0.5900
vn -0.8750 -0.2150 -0.4337
vn -0.5584 -0.5832 -0.5899
vn -0.7570 -0.6491 0.0745
vn -0.7570 0.6452 0.1033
vn 0.0783 0.5817 0.8096
vn -0.1491 0.5123 0.8458
vn 0.1771 0.0210 0.9840
vn 0.1990 0.0021 0.9800
vn 0.4280 -0.4959 0.7556
vn 0.6390 -0.2796 0.7166
vn 0.1609 0.0044 0.9870
vn -0.3602 0.2958 0.8848
vn -0.0734 0.9365 0.3428
vn -0.4182 0.8121 0.4068
vn -0.7439 0.4782 0.4668
vn -0.5383 0.8250 -0.1718
vn -0.8639 0.4911 -0.1119
vn -0.1954 0.9496 -0.2450
vn 0.5815 0.7364 -0.3458
vn -0.2450 0.6166 -0.7482
vn -0.4687 0.5466 -0.6940
vn -0.2288 0.0646 -0.9713
vn -0.6797 0.3301 -0.6550
vn -0.2450 0.0479 -0.9683
vn -0.7490 0.0995 -0.6551
vn -0.9853 0.1390 -0.0991
vn -0.8633 0.1259 0.4887
vn -0.7610 -0.6414 -0.0979
vn -0.6648 -0.6517 0.3650
vn -0.4257 0.0648 0.9025
vn -0.3148 -0.6590 0.6831
vn 0.5664 -0.6548 0.5003
vn 0.9925 -0.0507 0.1111
vn 0.7286 -0.0726 0.6811
vn 0.1556 -0.6602 0.7348
vn 0.7610 -0.6451 0.0694
vn 0.6649 -0.6348 -0.3937
vn 0.8661 -0.0373 -0.4986
vn 0.3149 -0.6278 -0.7118
vn 0.3969 -0.0373 -0.9171
vn -0.1554 -0.6269 -0.7635
vn -0.2267 0.0259 -0.9736
vn -0.5663 -0.6320 -0.5291
vn 0.2988 -0.2430 -0.9229
vn 0.7618 -0.3961 -0.5125
vn 0.0877 -0.4594 -0.8839
vn -0.2073 0.0458 -0.9772
vn -0.1096 -0.5565 -0.8236
vn 0.3307 -0.8385 -0.4330
vn 0.5043 0.4664 -0.7268
vn 0.4748 0.0195 -0.8799
vn 0.5042 -0.4340 -0.7467
vn 0.7857 -0.0139 0.6185
vn 0.6776 0.7260 0.1171
vn 0.7560 0.4394 0.4852
vn 0.5815 -0.7202 -0.3784
vn 0.6775 -0.7307 0.0848
vn 0.7558 -0.4608 0.4652
vn 0.2216 -0.5923 0.7746
vn 0.1098 -0.9554 0.2741
vn 0.4676 -0.8536 0.2297
vn -0.0166 -0.9418 -0.3357
vn 0.8993 -0.4109 0.1499
vn 0.1795 -0.0177 0.9836
vn -0.7242 -0.5305 0.4406
vn -0.4575 -0.2043 0.8654
vn -0.4658 0.8375 0.2856
vn -0.7335 0.6453 -0.2136
vn 0.0035 0.9618 0.2739
vn 0.0133 -0.2739 0.9617
vn 0.1358 -0.9411 0.3095
vn 0.0019 -0.9934 0.1150
vn 0.6317 -0.7711 0.0806
vn 0.6237 -0.6083 -0.4909
vn 0.1211 -0.6359 -0.7622
vn -0.6366 -0.6087 -0.4735
vn -0.5881 0.2235 -0.7773
vn -0.0133 0.2739 -0.9617
vn -0.0083 -0.7837 -0.6210
vn -0.6287 -0.7715 0.0978
vn -0.1416 -0.6359 -0.7587
vn 0.6238 -0.6083 -0.4908
vn -0.6367 -0.6086 -0.4735
vn -0.1267 -0.9412 0.3131
vn 0.5664 0.2239 -0.7931
vn 0.7269 0.6457 -0.2337
vn 0.7364 -0.5298 0.4207
vn 0.4730 0.8378 0.2726
vn 0.4812 -0.2040 0.8525
vn 0.6314 -0.7712 0.0807
vn -0.6287 -0.7715 0.0979
vn -0.5594 0.3507 0.7510
vn -0.1979 0.2593 0.9453
vn 0.0129 0.3101 0.9506
vn -0.1998 -0.9737 0.1095
vn -0.7159 0.6958 0.0586
vn -0.7504 0.5119 0.4181
vn -0.0045 0.9525 -0.3045
vn 0.0011 -0.9984 0.0561
vn 0.2034 -0.9736 0.1041
vn 0.7168 0.6962 0.0390
vn 0.2236 0.2595 0.9395
vn 0.5797 0.3510 0.7354
vn 0.7613 0.5124 0.3973
vn 0.7342 -0.6002 -0.3174
vn 0.5471 -0.8354 -0.0538
vn 0.7175 -0.3363 -0.6100
vn -0.0138 -0.0501 -0.9986
vn 0.5109 -0.1159 -0.8518
vn 0.4868 0.8431 -0.2285
vn 0.1658 0.9190 -0.3576
vn 0.1759 0.0078 -0.9844
vn -0.2031 0.0079 -0.9791
vn -0.1761 0.9189 -0.3530
vn -0.5342 -0.1162 -0.8374
vn -0.7422 -0.6006 -0.2972
vn -0.7338 -0.3367 -0.5900
vn -0.5479 -0.8357 -0.0386
vn -0.4934 0.8428 -0.2150
vn -0.4480 0.5620 0.6953
vn 0.6826 0.5672 0.4608
vn 0.6251 0.7771 0.0734
vn 0.7628 -0.3098 0.5675
vn -0.4714 -0.3155 0.8236
vn -0.5568 -0.7264 0.4029
vn -0.7253 -0.6080 0.3228
vn -0.6826 0.5872 -0.4351
vn 0.7592 -0.6487 0.0537
vn 0.7592 0.6457 0.0825
vn 0.6251 -0.7796 0.0387
vn 0.6787 -0.7312 0.0685
vn 0.7992 -0.6010 0.0065
vn -0.5890 -0.7371 0.3314
vn 0.6775 -0.7207 0.1468
vn 0.3391 -0.8564 -0.3893
vn -0.6826 -0.5672 -0.4608
vn 0.4480 0.5924 -0.6696
vn 0.4480 -0.5620 -0.6953
vn 0.4584 -0.8692 0.1854
vn 0.9718 -0.2262 0.0671
vn 0.7331 -0.6033 0.3140
vn 0.8629 -0.2145 -0.4576
vn 0.5424 -0.5829 -0.6051
vn 0.2761 0.6810 -0.6782
vn 0.2760 -0.6501 -0.7079
vn -0.0103 -0.6489 -0.7608
vn -0.0103 0.6822 -0.7311
vn -0.2950 0.6808 -0.6704
vn -0.2950 -0.6503 -0.7001
vn 0.0052 -0.9322 0.3620
vn -0.7006 -0.6066 -0.3758
vn -0.6261 -0.7239 0.2897
vn 0.1404 -0.5953 0.7911
vn 0.6904 -0.6062 -0.3949
vn 0.6343 -0.7235 0.2723
vn -0.1182 -0.5955 0.7946
vn 0.0127 -0.4032 0.9150
vn 0.0097 -0.7227 0.6911
vn 0.5496 -0.6179 0.5623
vn -0.5336 -0.6182 0.5771
vn -0.5538 -0.3343 0.7626
vn -0.1171 -0.4116 0.9038
vn 0.0813 0.6694 0.7384
vn 0.0813 -0.7017 0.7079
vn 0.2950 0.6503 0.7001
vn 0.2716 -0.3623 0.8916
vn 0.5348 0.6540 0.5350
vn 0.6933 0.6594 0.2908
vn 0.6933 -0.6717 0.2611
vn 0.5348 -0.6771 0.5054
vn 0.2886 -0.3132 0.9048
vn -0.3828 -0.5689 0.7279
vn 0.1392 -0.8320 0.5371
vn -0.1288 -0.9777 0.1658
vn 0.7253 -0.6869 0.0461
vn 0.7105 -0.1534 -0.6868
vn 0.7233 -0.6837 -0.0965
vn 0.7233 0.6874 -0.0660
vn 0.7253 0.6842 0.0766
vn 0.6854 -0.6590 -0.3098
vn 0.6854 0.6721 -0.2801
vn 0.5203 0.6775 -0.5199
vn 0.5203 -0.6537 -0.5495
vn -0.6854 0.6590 0.3098
vn -0.5203 0.6537 0.5495
vn -0.7233 0.6837 0.0966
vn -0.2761 0.6501 0.7080
vn -0.0614 0.6694 0.7404
vn 0.0097 0.6912 0.7226
vn -0.5348 0.6772 -0.5054
vn -0.7253 0.6869 -0.0461
vn -0.7233 -0.6874 0.0660
vn -0.6854 -0.6721 0.2801
vn -0.7253 -0.6841 -0.0766
vn -0.1234 -0.8323 0.5405
vn -0.7290 -0.1539 -0.6670
vn -0.2635 -0.3134 0.9123
vn 0.1341 -0.9776 0.1623
vn 0.5748 -0.3339 0.7471
vn -0.2468 -0.3625 0.8987
vn 0.1421 -0.4116 0.9002
vn -0.0614 -0.7017 0.7098
vn -0.5203 -0.6775 0.5199
vn 0.4029 -0.5687 0.7171
vn -0.5349 -0.6540 -0.5350
vn -0.6932 -0.6594 -0.2908
vn -0.6932 0.6717 -0.2612
vn -0.1018 -0.9555 0.2769
vn -0.2003 -0.5923 0.7804
vn -0.7422 -0.4613 0.4862
vn -0.7683 -0.0144 0.6399
vn -0.6746 -0.7310 0.1033
vn 0.0080 -0.9418 -0.3361
vn -0.5911 -0.7206 -0.3623
vn -0.6747 0.7255 0.1357
vn -0.7424 0.4389 0.5061
vn -0.5912 0.7361 -0.3298
vn -0.5243 0.4661 -0.7126
vn -0.5241 -0.4341 -0.7327
vn 0.1880 0.9497 -0.2503
vn 0.0822 0.9366 0.3407
vn -0.0563 0.5818 0.8114
vn 0.0873 -0.5564 -0.8263
vn -0.4988 0.0192 -0.8665
vn -0.1119 -0.4593 -0.8812
vn -0.3413 -0.8391 -0.4236
vn 0.1803 0.0460 -0.9825
vn 0.2019 0.0648 -0.9773
vn -0.7756 -0.3963 -0.4914
vn -0.3238 -0.2432 -0.9143
vn 0.2183 0.0482 -0.9747
vn -0.4221 -0.0375 -0.9058
vn 0.1998 0.0260 -0.9795
vn 0.6612 0.3306 -0.6735
vn 0.7306 0.1000 -0.6755
vn 0.4491 0.5469 -0.7066
vn 0.5329 0.8254 -0.1866
vn 0.8602 0.4916 -0.1356
vn 0.9821 0.1396 -0.1263
vn 0.7561 0.4787 0.4464
vn 0.8763 0.1264 0.4648
vn 0.3841 0.2961 0.8745
vn 0.4288 0.8124 0.3952
vn 0.1719 0.5123 0.8414
vn -0.1500 0.0209 0.9885
vn -0.6190 -0.2797 0.7339
vn -0.1337 0.0043 0.9910
vn -0.4069 -0.4961 0.7670
vn -0.1719 0.0020 0.9851
vn -0.4611 -0.8536 0.2425
vn -0.8948 -0.4109 0.1746
vn -0.7096 -0.0729 0.7008
vn -0.9891 -0.0509 0.1383
vn -0.8794 -0.0379 -0.4746
vn -0.5521 -0.6552 0.5158
vn -0.7584 -0.6455 0.0902
vn -0.6751 -0.6352 -0.3753
vn 0.3339 -0.6588 0.6742
vn 0.1348 -0.6267 -0.7675
vn 0.7583 -0.6410 -0.1188
vn 0.4503 0.0651 0.8905
vn 0.6751 -0.6513 0.3465
vn -0.1523 -0.0177 0.9882
vn -0.1349 -0.6603 0.7388
vn 0.5520 -0.6316 -0.5443
vn -0.3340 -0.6280 -0.7029
vn 0.2240 0.6166 -0.7547
vn -0.7005 -0.1931 -0.6870
vn -0.6713 0.0121 -0.7411
vn 0.6507 0.0125 -0.7593
vn 0.6583 0.3123 -0.6849
vn 0.6773 0.2428 0.6945
vn 0.6815 -0.1926 -0.7060
vn 0.6713 -0.0630 0.7385
vn 0.6749 0.6689 0.3116
vn 0.6771 0.4938 0.5456
vn -0.6581 0.2424 0.7128
vn 0.6671 0.6977 -0.2612
vn 0.6715 0.7405 0.0281
vn -0.6709 0.7401 0.0465
vn -0.6665 0.6685 0.3300
vn -0.6507 -0.0634 0.7567
vn -0.6620 0.4935 0.5641
vn -0.6766 0.5468 -0.4932
vn 0.7003 -0.2617 0.6641
vn -0.6817 -0.2621 0.6831
vn -0.6723 -0.3782 0.6364
vn -0.6900 -0.3134 -0.6525
vn 0.6687 -0.5599 0.4892
vn 0.6897 -0.3778 0.6177
vn -0.6548 -0.5602 0.5073
vn -0.6569 -0.7084 0.2580
vn 0.6642 -0.7080 0.2398
vn 0.6598 -0.7500 -0.0469
vn -0.6604 -0.7504 -0.0288
vn 0.6566 -0.6793 -0.3279
vn -0.6647 -0.6798 -0.3098
vn 0.6543 -0.5070 -0.5611
vn -0.6691 -0.5074 -0.5429
vn 0.6720 -0.3129 -0.6712
vn -0.6772 0.3119 -0.6665
vn 0.6625 0.5472 -0.5116
vn -0.6744 0.6973 -0.2427
vn -0.2071 -0.6229 -0.7544
vn 0.2994 0.2029 -0.9323
vn 0.7366 -0.1485 -0.6598
vn -0.5979 0.4618 -0.6552
vn -0.1826 0.9830 0.0187
vn 0.2236 -0.4475 -0.8659
vn 0.8481 -0.1407 0.5108
vn -0.9174 -0.3056 -0.2550
vn 0.9421 0.3352 -0.0091
vn 0.3005 0.9368 0.1793
vn -0.7608 0.5805 0.2901
vn -0.9997 0.0212 -0.0136
vn -0.1357 0.9831 0.1226
vn 0.8481 -0.1470 0.5090
vn -0.9074 -0.0086 -0.4201
vn 0.6110 0.6889 0.3901
vn -0.2558 0.0989 0.9617
vn -0.2578 -0.5607 0.7869
vn 0.0066 -0.7047 0.7095
vn -0.8836 0.3138 0.3476
vn -0.0660 -0.3927 0.9173
vn -0.6424 -0.6930 -0.3272
vn -0.0006 -0.9685 0.2492
vn 0.8671 -0.3794 -0.3227
vn -0.7664 -0.6311 -0.1198
vn -0.9706 -0.0404 -0.2375
vn -0.3576 0.3550 -0.8638
vn -0.0429 -0.5735 -0.8181
vn 0.3372 0.3967 -0.8538
vn -0.6946 0.5702 0.4387
vn -0.2868 0.8557 0.4307
vn -0.7273 -0.0775 0.6819
vn -0.8174 -0.4575 0.3502
vn -0.3663 0.8922 0.2643
vn 0.9612 0.1645 0.2215
vn 0.4059 0.8860 -0.2241
vn 0.2125 -0.5073 0.8351
vn 0.9434 0.2175 0.2502
vn 0.1866 -0.2347 -0.9540
vn 0.8500 -0.0552 -0.5239
vn 0.2801 -0.9446 0.1711
vn 0.1791 -0.4223 0.8886
vn -0.7677 -0.6373 -0.0663
vn -0.5035 -0.8181 -0.2778
vn 0.3010 -0.7036 0.6437
vn 0.4337 0.8353 0.3378
vn -0.1077 -0.0037 0.9942
vn -0.8610 0.0736 0.5032
vn -0.1534 -0.9861 0.0637
vn -0.9805 -0.1069 -0.1649
vn -0.4511 0.3710 -0.8117
vn -0.1205 -0.6614 -0.7403
vn 0.0077 0.5420 -0.8403
vn -0.6912 0.4841 0.5365
vn -0.3206 0.6979 0.6404
vn -0.4293 -0.5226 0.7366
vn -0.2088 -0.9170 0.3398
vn -0.6641 0.2581 0.7017
vn 0.6222 0.7828 0.0068
vn 0.0104 0.9923 -0.1233
vn 0.8694 -0.3097 0.3849
vn 0.6144 0.7890 -0.0049
vn -0.2019 -0.0775 -0.9763
vn 0.2395 0.6057 -0.7588
vn 0.8454 -0.1211 0.5203
vn -0.1819 -0.9824 -0.0430
vn 0.1205 -0.9130 -0.3897
vn 0.8609 -0.3862 -0.3313
vn 0.9651 -0.2085 0.1583
vn 0.4739 -0.0728 0.8776
vn -0.2379 -0.6119 0.7543
vn -0.1220 0.8739 0.4705
vn -0.2230 -0.9739 0.0421
vn -0.9837 -0.0012 -0.1797
vn -0.3974 0.4234 -0.8141
vn -0.1739 -0.6480 -0.7415
vn 0.0104 0.5630 -0.8264
vn -0.6428 0.5464 0.5370
vn -0.2561 0.6880 0.6790
vn -0.4352 -0.5245 0.7318
vn -0.0983 -0.9558 0.2772
vn -0.6163 0.0912 0.7822
vn 0.5194 0.8539 0.0317
vn 0.0226 0.9966 -0.0792
vn 0.9438 -0.2599 0.2043
vn 0.5225 0.8527 0.0030
vn -0.3019 -0.0618 -0.9513
vn 0.0446 0.6904 -0.7220
vn 0.8550 -0.1633 -0.4923
vn 0.9297 0.0231 0.3676
vn -0.0354 -0.9916 -0.1242
vn 0.2413 -0.8281 -0.5060
vn 0.9999 -0.0111 -0.0037
vn 0.6139 -0.0411 0.7883
vn 0.0148 -0.7117 0.7024
vn -0.1905 0.8060 0.5604
vn -0.3947 -0.9182 0.0336
vn -0.9534 0.1906 -0.2338
vn -0.2625 0.4758 -0.8394
vn -0.2539 -0.6214 -0.7412
vn 0.1397 0.5449 -0.8268
vn -0.5494 0.6696 0.4998
vn -0.3028 -0.0279 -0.9527
vn 0.6036 0.7970 0.0219
vn -0.1184 -0.9821 -0.1468
vn 0.1744 0.9820 -0.0721
vn -0.1528 0.7172 0.6799
vn -0.5424 -0.4428 0.7139
vn -0.2010 -0.9454 0.2564
vn -0.6167 0.1239 0.7773
vn 0.5944 0.8019 0.0599
vn -0.1268 0.8073 0.5763
vn 0.6142 -0.0995 0.7829
vn 0.9149 -0.3574 0.1878
vn 0.9971 -0.0756 -0.0099
vn -0.0269 -0.7294 0.6836
vn 0.9325 -0.0449 0.3583
vn 0.1862 -0.8286 -0.5279
vn 0.8400 -0.2053 -0.5023
vn 0.1011 0.6988 -0.7081
vn -0.3336 -0.5809 -0.7425
vn -0.1343 0.4896 -0.8615
vn 0.2784 0.4924 -0.8246
vn -0.8945 0.3383 -0.2921
vn -0.4515 0.7737 0.4444
vn -0.2578 0.0111 -0.9661
vn 0.7438 0.6664 0.0509
vn -0.2939 -0.9437 -0.1519
vn 0.3802 0.9219 -0.0738
vn -0.0487 0.7627 0.6449
vn -0.6589 -0.3007 0.6895
vn -0.3986 -0.8830 0.2480
vn -0.6225 0.2448 0.7434
vn 0.7308 0.6766 0.0903
vn -0.5785 -0.8153 0.0256
vn -0.0046 0.8236 0.5671
vn 0.5536 -0.1968 0.8092
vn 0.8177 -0.5298 0.2250
vn 0.9687 -0.2462 0.0329
vn -0.1805 -0.7079 0.6829
vn 0.8953 -0.2007 0.3978
vn 0.0647 -0.8524 -0.5189
vn 0.8127 -0.3513 -0.4649
vn 0.2591 0.6603 -0.7049
vn -0.3410 -0.5742 -0.7443
vn -0.1159 0.4732 -0.8733
vn 0.3258 0.4516 -0.8306
vn -0.8855 0.3471 -0.3090
vn -0.4428 0.7914 0.4214
vn -0.1827 0.0391 -0.9824
vn 0.8452 0.5279 0.0834
vn -0.4418 -0.8861 -0.1401
vn 0.4549 0.8858 -0.0919
vn -0.0270 0.7909 0.6113
vn -0.6924 -0.2318 0.6832
vn -0.5494 -0.7978 0.2485
vn -0.5924 0.3952 0.7020
vn 0.8376 0.5359 0.1059
vn -0.6048 -0.7953 0.0408
vn 0.1324 0.8259 0.5480
vn 0.8865 -0.4512 0.1028
vn 0.7039 -0.6480 0.2911
vn 0.4451 -0.2869 0.8483
vn -0.3751 -0.6289 0.6810
vn 0.8017 -0.3795 0.4618
vn -0.0931 -0.8623 -0.4978
vn 0.7426 -0.5355 -0.4021
vn 0.4326 0.5686 -0.6997
vn -0.3442 -0.5582 -0.7550
vn -0.1091 0.5125 -0.8517
vn 0.3414 0.4504 -0.8250
vn -0.8814 0.3745 -0.2880
vn -0.4273 0.7802 0.4570
vn -0.1702 0.0187 -0.9852
vn 0.8551 0.5126 0.0773
vn -0.4698 -0.8742 -0.1228
vn 0.4705 0.8778 -0.0903
vn -0.0198 0.7880 0.6154
vn -0.7010 -0.2317 0.6745
vn -0.5680 -0.7800 0.2629
vn -0.5910 0.4265 0.6847
vn 0.8492 0.5185 0.1002
vn -0.6176 -0.7860 0.0258
vn 0.1445 0.8386 0.5253
vn 0.8691 -0.4764 0.1334
vn 0.6826 -0.6522 0.3296
vn 0.4203 -0.2733 0.8653
vn -0.4084 -0.5922 0.6946
vn 0.7793 -0.3895 0.4909
vn -0.1146 -0.8747 -0.4709
vn 0.7313 -0.5728 -0.3704
vn 0.4559 0.5369 -0.7099
vn -0.3652 -0.4273 -0.8271
vn -0.1242 0.7294 -0.6727
vn 0.3437 0.5457 -0.7643
vn -0.8851 0.4499 -0.1194
vn -0.3798 0.6336 0.6740
vn -0.1781 0.0552 -0.9825
vn 0.8645 0.4959 0.0820
vn -0.4966 -0.8542 -0.1540
vn 0.4880 0.8728 -0.0054
vn -0.0014 0.7062 0.7080
vn -0.6969 -0.3269 0.6384
vn -0.5693 -0.7840 0.2475
vn -0.5810 0.4106 0.7027
vn 0.8613 0.4963 0.1089
vn -0.6357 -0.7672 -0.0855
vn 0.1581 0.8241 0.5440
vn 0.8616 -0.4911 0.1285
vn 0.6646 -0.6706 0.3296
vn 0.4149 -0.2923 0.8616
vn -0.4180 -0.5951 0.6864
vn 0.7718 -0.4090 0.4869
vn -0.1285 -0.8661 -0.4831
vn 0.7226 -0.5787 -0.3780
vn 0.4641 0.5456 -0.6978
vn -0.7202 -0.4482 -0.5296
vn -0.8339 0.2432 0.4955
vn -0.1682 0.9278 0.3330
vn -0.4305 0.2843 -0.8566
vn 0.3777 0.8851 -0.2717
vn -0.2243 -0.3312 0.9165
vn 0.0852 0.0671 0.9941
vn -0.6813 -0.6965 0.2254
vn -0.5214 -0.8453 0.1170
vn -0.5319 0.2422 0.8114
vn 0.8853 0.4432 0.1405
vn 0.5530 0.7289 0.4036
vn 0.6171 -0.7504 0.2368
vn 0.8638 0.4927 0.1050
vn -0.2506 0.3055 -0.9186
vn -0.5904 -0.7351 -0.3334
vn 0.4527 0.6555 -0.6044
vn -0.1639 -0.7833 -0.5997
vn 0.7735 -0.4919 0.3997
vn 0.6993 -0.5280 -0.4818
vn 0.8551 -0.5174 0.0329
vn 0.1956 0.7089 0.6776
vn 0.4318 -0.4246 0.7958
vn -0.4095 -0.6816 0.6065
vn -0.7931 -0.0181 -0.6088
vn -0.7841 0.0028 0.6207
vn -0.1052 0.6849 0.7210
vn -0.5473 0.7583 -0.3542
vn 0.3594 0.8188 0.4476
vn -0.1224 -0.6876 0.7157
vn -0.3428 0.9107 -0.2306
vn 0.9190 0.2507 0.3044
vn -0.7589 -0.1987 -0.6201
vn 0.6461 0.1837 0.7408
vn 0.1988 -0.6720 0.7134
vn -0.6551 -0.7253 -0.2114
vn -0.5588 -0.6312 -0.5378
vn -0.3691 -0.6315 0.6819
vn -0.3704 -0.9270 -0.0581
vn 0.5003 -0.8634 0.0643
vn 0.3839 -0.1946 0.9026
vn 0.9540 0.1847 0.2360
vn 0.5472 -0.6613 -0.5130
vn 0.8076 -0.3345 -0.4858
vn 0.7665 -0.6013 -0.2256
vn -0.3298 -0.0883 -0.9399
vn 0.5720 0.0417 -0.8192
vn 0.4239 0.8987 0.1124
vt 0.069647 0.032603
vt 0.063299 0.032896
vt 0.062391 0.017642
vt 0.061859 0.150565
vt 0.374117 0.654754
vt 0.374117 0.551882
vt 0.380282 0.553150
vt 0.948518 0.125835
vt 0.960828 0.120227
vt 0.963927 0.125835
vt 0.071561 0.010158
vt 0.070261 0.017326
vt 0.194046 0.977370
vt 0.201182 0.977709
vt 0.201182 0.986236
vt 0.625327 0.930067
vt 0.625327 0.946854
vt 0.618499 0.933821
vt 0.060259 0.010430
vt 0.450067 0.985802
vt 0.450067 0.977370
vt 0.456030 0.978584
vt 0.193170 0.986312
vt 0.070477 0.003488
vt 0.060324 0.003995
vt 0.456470 0.986009
vt 0.954691 0.170324
vt 0.959197 0.170324
vt 0.956323 0.177832
vt 0.963704 0.172633
vt 0.936772 0.985115
vt 0.936767 0.977370
vt 0.940824 0.979228
vt 0.953124 0.175738
vt 0.950763 0.174343
vt 0.950828 0.170596
vt 0.940989 0.985393
vt 0.943748 0.981981
vt 0.948704 0.177009
vt 0.053885 0.001182
vt 0.054852 0.004453
vt 0.046864 0.003919
vt 0.048640 0.000640
vt 0.054798 0.009914
vt 0.045617 0.009731
vt 0.478934 0.961678
vt 0.486481 0.955878
vt 0.487010 0.961678
vt 0.478941 0.955526
vt 0.480472 0.951372
vt 0.485965 0.952017
vt 0.983038 0.164115
vt 0.982192 0.160245
vt 0.985438 0.158662
vt 0.482695 0.949006
vt 0.971080 0.642867
vt 0.965546 0.643517
vt 0.970397 0.640537
vt 0.230034 0.000640
vt 0.224873 0.005152
vt 0.223997 0.001748
vt 0.231963 0.004483
vt 0.973648 0.643517
vt 0.980688 0.165368
vt 0.977720 0.162993
vt 0.943171 0.985393
vt 0.975517 0.642151
vt 0.068121 0.000813
vt 0.062690 0.000640
vt 0.485585 0.949675
vt 0.979952 0.158662
vt 0.948518 0.174692
vt 0.977613 0.159349
vt 0.225856 0.011722
vt 0.233588 0.010489
vt 0.912646 0.626815
vt 0.905916 0.634031
vt 0.905631 0.625653
vt 0.232447 0.017976
vt 0.226390 0.017755
vt 0.232648 0.031836
vt 0.912646 0.634571
vt 0.907610 0.648547
vt 0.227646 0.031664
vt 0.232290 0.145719
vt 0.350597 0.348829
vt 0.349742 0.245379
vt 0.355165 0.245127
vt 0.912238 0.649028
vt 0.355299 0.349667
vt 0.053571 0.151750
vt 0.047271 0.151628
vt 0.047114 0.032208
vt 0.053502 0.032102
vt 0.046012 0.017653
vt 0.258537 0.143599
vt 0.257513 0.027728
vt 0.263354 0.028109
vt 0.263554 0.013561
vt 0.256729 0.013414
vt 0.054231 0.018046
vt 0.256779 0.005289
vt 0.263985 0.143169
vt 0.265316 0.240802
vt 0.260014 0.241083
vt 0.054509 0.252603
vt 0.269005 0.221524
vt 0.267682 0.120107
vt 0.271449 0.118997
vt 0.274522 0.222289
vt 0.265018 0.259988
vt 0.268163 0.241802
vt 0.053775 0.272729
vt 0.058978 0.272261
vt 0.058919 0.281624
vt 0.259472 0.260640
vt 0.274514 0.242279
vt 0.273728 0.250588
vt 0.266964 0.251021
vt 0.272780 0.255768
vt 0.229945 0.952188
vt 0.236032 0.949006
vt 0.237898 0.953576
vt 0.060259 0.272252
vt 0.066846 0.280361
vt 0.060846 0.280699
vt 0.232894 0.956192
vt 0.238310 0.957103
vt 0.456434 0.970170
vt 0.454753 0.967182
vt 0.460094 0.963808
vt 0.072731 0.286196
vt 0.066404 0.285838
vt 0.460094 0.970024
vt 0.925937 0.893492
vt 0.933647 0.890132
vt 0.932226 0.894777
vt 0.927872 0.899039
vt 0.925937 0.888303
vt 0.074140 0.281193
vt 0.898812 0.456021
vt 0.906163 0.456191
vt 0.906895 0.464343
vt 0.046063 0.272750
vt 0.052637 0.282015
vt 0.045617 0.281664
vt 0.965546 0.909182
vt 0.974093 0.909182
vt 0.967386 0.913228
vt 0.052096 0.287562
vt 0.927803 0.879856
vt 0.902023 0.437597
vt 0.223997 0.263702
vt 0.230608 0.244161
vt 0.230432 0.264996
vt 0.067950 0.271641
vt 0.074694 0.272371
vt 0.225897 0.243714
vt 0.061698 0.252572
vt 0.068086 0.251785
vt 0.227577 0.145450
vt 0.068786 0.150628
vt 0.906895 0.437742
vt 0.349742 0.437429
vt 0.228905 0.362739
vt 0.228905 0.266277
vt 0.233587 0.362669
vt 0.047442 0.252308
vt 0.971518 0.001226
vt 0.972254 0.007204
vt 0.966835 0.007204
vt 0.965546 0.000641
vt 0.235493 0.958543
vt 0.235359 0.962055
vt 0.229945 0.961626
vt 0.976223 0.005651
vt 0.912018 0.969545
vt 0.915196 0.963808
vt 0.916240 0.968800
vt 0.266597 0.256781
vt 0.912880 0.973693
vt 0.916240 0.974678
vt 0.458236 0.975337
vt 0.931343 0.898979
vt 0.970983 0.915547
vt 0.974907 0.913294
vt 0.266834 0.000640
vt 0.265316 0.005133
vt 0.258175 0.000640
vt 0.441985 0.073007
vt 0.431389 0.072515
vt 0.429037 0.017598
vt 0.444179 0.017357
vt 0.428578 0.001132
vt 0.189870 0.095705
vt 0.183861 0.040487
vt 0.197664 0.041356
vt 0.197526 0.024343
vt 0.708547 0.842293
vt 0.726003 0.835975
vt 0.721720 0.851862
vt 0.807374 0.819117
vt 0.792182 0.833300
vt 0.791849 0.816733
vt 0.446667 0.000640
vt 0.704163 0.860757
vt 0.165218 0.021727
vt 0.185653 0.018720
vt 0.180755 0.007643
vt 0.705187 0.830523
vt 0.704163 0.821719
vt 0.726382 0.827880
vt 0.163746 0.010751
vt 0.175160 0.000640
vt 0.163163 0.001584
vt 0.818368 0.064842
vt 0.828405 0.060341
vt 0.830406 0.067745
vt 0.829479 0.079347
vt 0.817364 0.072800
vt 0.435934 0.774393
vt 0.431364 0.803437
vt 0.423823 0.797075
vt 0.317078 0.815367
vt 0.336596 0.805478
vt 0.337666 0.814080
vt 0.155876 0.828794
vt 0.168765 0.806613
vt 0.165940 0.828228
vt 0.446311 0.754615
vt 0.448837 0.776531
vt 0.442491 0.799169
vt 0.434933 0.747988
vt 0.168765 0.848101
vt 0.423823 0.753726
vt 0.811298 0.842314
vt 0.815712 0.855006
vt 0.809107 0.856449
vt 0.946846 0.729538
vt 0.940303 0.727364
vt 0.940558 0.715223
vt 0.150888 0.000640
vt 0.137342 0.015153
vt 0.134634 0.000875
vt 0.946846 0.712792
vt 0.803913 0.838106
vt 0.685034 0.629588
vt 0.702861 0.625653
vt 0.699982 0.639692
vt 0.679304 0.642148
vt 0.699724 0.657483
vt 0.153604 0.015258
vt 0.142464 0.032344
vt 0.316911 0.839197
vt 0.303908 0.832228
vt 0.320413 0.821588
vt 0.326080 0.830820
vt 0.161882 0.035681
vt 0.337666 0.847367
vt 0.337284 0.825915
vt 0.830710 0.097813
vt 0.817364 0.107152
vt 0.818046 0.085498
vt 0.293046 0.003172
vt 0.309191 0.000640
vt 0.307966 0.053204
vt 0.168600 0.093103
vt 0.167838 0.040894
vt 0.298065 0.053715
vt 0.307158 0.102076
vt 0.179900 0.094192
vt 0.166580 0.141377
vt 0.176556 0.142271
vt 0.184066 0.142589
vt 0.432222 0.119862
vt 0.180744 0.190238
vt 0.434042 0.166993
vt 0.442191 0.121344
vt 0.435252 0.211186
vt 0.443205 0.167425
vt 0.558399 0.046581
vt 0.554075 0.089336
vt 0.545700 0.087425
vt 0.556587 0.000640
vt 0.550910 0.044581
vt 0.542912 0.108387
vt 0.163744 0.256334
vt 0.163163 0.234011
vt 0.172000 0.234255
vt 0.173700 0.189095
vt 0.171702 0.255945
vt 0.552780 0.110301
vt 0.239597 0.866491
vt 0.248480 0.848687
vt 0.251079 0.867191
vt 0.548062 0.129719
vt 0.538973 0.128026
vt 0.164152 0.276008
vt 0.434773 0.231276
vt 0.445100 0.212315
vt 0.446667 0.232151
vt 0.684487 0.791213
vt 0.683157 0.769654
vt 0.694273 0.771581
vt 0.556805 0.131927
vt 0.696649 0.795367
vt 0.683429 0.799097
vt 0.557592 0.140160
vt 0.545465 0.138707
vt 0.974202 0.124766
vt 0.975957 0.134107
vt 0.965546 0.134107
vt 0.545039 0.974983
vt 0.539947 0.963808
vt 0.549365 0.963808
vt 0.543484 0.148429
vt 0.965546 0.509399
vt 0.965546 0.501986
vt 0.975470 0.504311
vt 0.953629 0.719274
vt 0.948518 0.712471
vt 0.960602 0.712471
vt 0.239545 0.874290
vt 0.253245 0.873855
vt 0.253245 0.880586
vt 0.239128 0.881509
vt 0.738528 0.873761
vt 0.728922 0.875608
vt 0.730465 0.861974
vt 0.739468 0.864345
vt 0.962549 0.717724
vt 0.786911 0.688504
vt 0.789253 0.697289
vt 0.779866 0.706255
vt 0.779866 0.682945
vt 0.545421 0.153077
vt 0.558382 0.149217
vt 0.558399 0.153762
vt 0.819282 0.449812
vt 0.822882 0.447487
vt 0.828084 0.457469
vt 0.683157 0.807764
vt 0.694555 0.803428
vt 0.692573 0.811312
vt 0.364613 0.949006
vt 0.372323 0.949006
vt 0.370667 0.961906
vt 0.701626 0.807176
vt 0.200335 0.449389
vt 0.193819 0.446772
vt 0.193883 0.434575
vt 0.700808 0.817538
vt 0.193819 0.457916
vt 0.821697 0.459077
vt 0.824409 0.467677
vt 0.962805 0.144742
vt 0.957569 0.144625
vt 0.958464 0.137796
vt 0.948518 0.137108
vt 0.819282 0.467084
vt 0.774089 0.889322
vt 0.782044 0.891394
vt 0.785982 0.897867
vt 0.963808 0.137108
vt 0.771343 0.706357
vt 0.773334 0.695711
vt 0.775913 0.704930
vt 0.774500 0.912734
vt 0.936472 0.406474
vt 0.940910 0.402059
vt 0.940910 0.420576
vt 0.935596 0.413080
vt 0.768941 0.685417
vt 0.775913 0.689537
vt 0.929486 0.402908
vt 0.584624 0.974818
vt 0.584624 0.963808
vt 0.595584 0.969763
vt 0.145952 0.276434
vt 0.134634 0.278622
vt 0.135491 0.270374
vt 0.448940 0.440453
vt 0.440550 0.434770
vt 0.448081 0.430935
vt 0.438894 0.444716
vt 0.766411 0.696588
vt 0.428578 0.446353
vt 0.431275 0.436177
vt 0.437702 0.417510
vt 0.447313 0.418326
vt 0.137520 0.259758
vt 0.147818 0.258811
vt 0.148655 0.270477
vt 0.139697 0.240378
vt 0.447199 0.397115
vt 0.437923 0.375163
vt 0.447048 0.374834
vt 0.435428 0.396295
vt 0.141815 0.219935
vt 0.149106 0.241009
vt 0.150383 0.220231
vt 0.298165 0.196570
vt 0.305684 0.218380
vt 0.297388 0.219100
vt 0.306562 0.238412
vt 0.294600 0.239509
vt 0.144204 0.176046
vt 0.306153 0.195916
vt 0.298449 0.150162
vt 0.154144 0.176387
vt 0.146578 0.131520
vt 0.156249 0.132402
vt 0.438321 0.282006
vt 0.447330 0.281842
vt 0.447297 0.328729
vt 0.437950 0.329151
vt 0.147369 0.085138
vt 0.160646 0.085207
vt 0.298489 0.103142
vt 0.305662 0.150289
vt 0.164481 0.189113
vt 0.436029 0.233432
vt 0.448019 0.234488
vt 0.690267 0.708011
vt 0.702882 0.707864
vt 0.308321 0.246335
vt 0.293946 0.252836
vt 0.309191 0.254074
vt 0.728922 0.892230
vt 0.735306 0.892329
vt 0.412337 0.929941
vt 0.404069 0.915101
vt 0.412337 0.909958
vt 0.428578 0.420245
vt 0.742954 0.882646
vt 0.764839 0.912278
vt 0.764839 0.890053
vt 0.536524 0.134769
vt 0.679620 0.658164
vt 0.815712 0.822216
vt 0.298997 0.827218
vt 0.791310 0.611910
vt 0.796229 0.610891
vt 0.796229 0.657636
vt 0.585952 0.750048
vt 0.582337 0.713310
vt 0.587682 0.713429
vt 0.580606 0.749929
vt 0.739690 0.494516
vt 0.734749 0.492985
vt 0.730967 0.490163
vt 0.749980 0.493005
vt 0.745039 0.494523
vt 0.753762 0.478846
vt 0.755809 0.486514
vt 0.753762 0.490192
vt 0.755809 0.482530
vt 0.494690 0.712731
vt 0.500023 0.712805
vt 0.500023 0.765347
vt 0.504798 0.765794
vt 0.734749 0.476005
vt 0.504798 0.713252
vt 0.749980 0.476024
vt 0.333842 0.768217
vt 0.339168 0.768574
vt 0.339168 0.805987
vt 0.485555 0.713688
vt 0.489609 0.765583
vt 0.485555 0.766230
vt 0.489609 0.713041
vt 0.494690 0.765273
vt 0.573618 0.708871
vt 0.571572 0.705227
vt 0.571572 0.701331
vt 0.573618 0.697778
vt 0.577398 0.695107
vt 0.592621 0.712048
vt 0.577398 0.711710
vt 0.598447 0.705823
vt 0.333842 0.805630
vt 0.596401 0.698283
vt 0.596401 0.709377
vt 0.780999 0.610970
vt 0.785962 0.658683
vt 0.780999 0.657715
vt 0.776805 0.264697
vt 0.781128 0.266159
vt 0.781128 0.313522
vt 0.776805 0.312061
vt 0.598447 0.701928
vt 0.771606 0.264115
vt 0.771606 0.311479
vt 0.728920 0.482496
vt 0.730967 0.478817
vt 0.766322 0.264501
vt 0.728920 0.486480
vt 0.785962 0.611938
vt 0.791310 0.658655
vt 0.592621 0.695445
vt 0.766322 0.311864
vt 0.587682 0.693844
vt 0.761758 0.265795
vt 0.761758 0.313159
vt 0.739690 0.474486
vt 0.745039 0.474493
vt 0.739793 0.438814
vt 0.508286 0.714004
vt 0.508286 0.766546
vt 0.745141 0.438821
vt 0.582337 0.693726
vt 0.575667 0.748329
vt 0.561382 0.626892
vt 0.554777 0.634101
vt 0.535834 0.621594
vt 0.549697 0.194986
vt 0.543671 0.180263
vt 0.549697 0.180263
vt 0.543671 0.194986
vt 0.974187 0.817474
vt 0.982621 0.811447
vt 0.982621 0.817474
vt 0.974186 0.811448
vt 0.580556 0.869897
vt 0.586371 0.865081
vt 0.590211 0.868357
vt 0.590211 0.845657
vt 0.585365 0.847068
vt 0.581998 0.865061
vt 0.643353 0.195612
vt 0.643353 0.175133
vt 0.655802 0.175133
vt 0.655802 0.195612
vt 0.897163 0.077781
vt 0.900527 0.077780
vt 0.900529 0.098260
vt 0.897164 0.098260
vt 0.571572 0.861729
vt 0.510468 0.921828
vt 0.500686 0.921828
vt 0.500686 0.901348
vt 0.510470 0.901348
vt 0.574967 0.857995
vt 0.346849 0.642563
vt 0.340823 0.654350
vt 0.346849 0.625528
vt 0.367329 0.625529
vt 0.367329 0.642564
vt 0.346849 0.654350
vt 0.915379 0.417231
vt 0.920374 0.437710
vt 0.915380 0.437711
vt 0.373355 0.654350
vt 0.869426 0.462500
vt 0.860443 0.470666
vt 0.859001 0.465830
vt 0.367329 0.654350
vt 0.920373 0.417231
vt 0.866031 0.458766
vt 0.626973 0.273421
vt 0.608030 0.285928
vt 0.601425 0.278719
vt 0.982621 0.810167
vt 0.974187 0.804141
vt 0.982621 0.804141
vt 0.974187 0.810168
vt 0.609404 0.227418
vt 0.373355 0.603947
vt 0.641189 0.241634
vt 0.523191 0.180263
vt 0.517165 0.194986
vt 0.517165 0.180263
vt 0.517165 0.146981
vt 0.523191 0.171639
vt 0.855632 0.438814
vt 0.855634 0.447837
vt 0.850788 0.446427
vt 0.523191 0.194986
vt 0.854628 0.465851
vt 0.850788 0.469126
vt 0.543671 0.146981
vt 0.543671 0.171641
vt 0.662092 0.195612
vt 0.657081 0.175133
vt 0.662091 0.175133
vt 0.859890 0.441523
vt 0.523191 0.146981
vt 0.480447 0.765172
vt 0.474008 0.765881
vt 0.475154 0.761942
vt 0.523191 0.142549
vt 0.543671 0.143988
vt 0.523191 0.143988
vt 0.479998 0.761095
vt 0.918851 0.851932
vt 0.918853 0.872412
vt 0.915667 0.872412
vt 0.915666 0.851932
vt 0.044985 0.768169
vt 0.045434 0.764092
vt 0.050278 0.764939
vt 0.062147 0.760281
vt 0.051424 0.768878
vt 0.058782 0.757934
vt 0.022374 0.861284
vt 0.042853 0.861284
vt 0.042853 0.872300
vt 0.022374 0.872300
vt 0.022374 0.841983
vt 0.042853 0.841983
vt 0.066191 0.736906
vt 0.528515 0.306580
vt 0.508034 0.328617
vt 0.508035 0.306579
vt 0.070230 0.736187
vt 0.053993 0.715935
vt 0.052382 0.719708
vt 0.712061 0.860632
vt 0.718087 0.860632
vt 0.718086 0.886569
vt 0.340823 0.574665
vt 0.346849 0.574665
vt 0.346849 0.583172
vt 0.712060 0.886569
vt 0.044985 0.716728
vt 0.340823 0.590204
vt 0.346849 0.590204
vt 0.367329 0.583171
vt 0.367329 0.590204
vt 0.915480 0.876649
vt 0.918795 0.897128
vt 0.915479 0.897128
vt 0.918795 0.876649
vt 0.045344 0.720815
vt 0.321488 0.922145
vt 0.321487 0.901666
vt 0.328338 0.901666
vt 0.367329 0.603947
vt 0.373355 0.590204
vt 0.601425 0.209178
vt 0.612590 0.197006
vt 0.373355 0.574665
vt 0.638238 0.200996
vt 0.809998 0.328414
vt 0.816025 0.302478
vt 0.816024 0.328415
vt 0.367329 0.574665
vt 0.648532 0.224232
vt 0.809999 0.302478
vt 0.523191 0.107005
vt 0.517165 0.128813
vt 0.517165 0.107005
vt 0.523191 0.128813
vt 0.517165 0.142549
vt 0.646419 0.237812
vt 0.463286 0.757284
vt 0.466650 0.754936
vt 0.459242 0.733909
vt 0.455203 0.733190
vt 0.471440 0.712938
vt 0.480447 0.713731
vt 0.473051 0.716711
vt 0.480087 0.717818
vt 0.328338 0.922145
vt 0.528514 0.328618
vt 0.346849 0.603947
vt 0.381195 0.875164
vt 0.383993 0.895216
vt 0.381196 0.895644
vt 0.445184 0.866999
vt 0.442421 0.845232
vt 0.445184 0.844768
vt 0.383991 0.875591
vt 0.442421 0.866535
vt 0.728145 0.588535
vt 0.708520 0.609217
vt 0.708520 0.588535
vt 0.728145 0.609217
vt 0.864846 0.879280
vt 0.867622 0.879707
vt 0.867621 0.899332
vt 0.864845 0.899759
vt 0.131571 0.867486
vt 0.134335 0.845719
vt 0.134335 0.867022
vt 0.131571 0.845256
vt 0.340823 0.603947
vt 0.553403 0.575591
vt 0.514275 0.572405
vt 0.524569 0.549169
vt 0.550218 0.545179
vt 0.561382 0.557351
vt 0.521618 0.589807
vt 0.516388 0.585985
vt 0.549697 0.142549
vt 0.543671 0.128813
vt 0.549697 0.128813
vt 0.543671 0.107005
vt 0.549697 0.107005
vt 0.549697 0.146981
vt 0.543671 0.142549
vt 0.657083 0.195613
vt 0.636018 0.195612
vt 0.636020 0.175133
vt 0.585368 0.838046
vt 0.581110 0.840755
vt 0.680666 0.824617
vt 0.673716 0.813958
vt 0.687519 0.815934
vt 0.671031 0.823406
vt 0.385129 0.842306
vt 0.379908 0.830545
vt 0.391372 0.831226
vt 0.693365 0.826604
vt 0.385129 0.818801
vt 0.399447 0.842644
vt 0.404268 0.831119
vt 0.399447 0.819139
vt 0.412514 0.823085
vt 0.406271 0.810660
vt 0.393647 0.809980
vt 0.310539 0.808133
vt 0.309520 0.797037
vt 0.322150 0.803844
vt 0.299497 0.802034
vt 0.701505 0.815107
vt 0.704460 0.823211
vt 0.694514 0.805059
vt 0.704484 0.801124
vt 0.299497 0.787935
vt 0.692341 0.793309
vt 0.701166 0.789995
vt 0.305932 0.775018
vt 0.310539 0.784146
vt 0.228333 0.776577
vt 0.225584 0.788133
vt 0.218613 0.777242
vt 0.216181 0.768474
vt 0.681856 0.802462
vt 0.678538 0.791332
vt 0.211732 0.787171
vt 0.217453 0.800218
vt 0.228346 0.799438
vt 0.671031 0.801697
vt 0.204780 0.797801
vt 0.197790 0.787106
vt 0.205921 0.775021
vt 0.194893 0.777131
vt 0.085087 0.810518
vt 0.099073 0.809968
vt 0.090761 0.821418
vt 0.079896 0.822320
vt 0.194893 0.800112
vt 0.085087 0.833980
vt 0.332563 0.782943
vt 0.319933 0.776137
vt 0.328254 0.772575
vt 0.202239 0.768408
vt 0.316344 0.768217
vt 0.322150 0.789745
vt 0.332027 0.795727
vt 0.099073 0.833430
vt 0.094037 0.842758
vt 0.106848 0.841968
vt 0.332563 0.805756
vt 0.112522 0.829405
vt 0.103689 0.821385
vt 0.112522 0.814905
vt 0.276614 0.171990
vt 0.264830 0.163407
vt 0.277562 0.159155
vt 0.264444 0.176018
vt 0.253172 0.171990
vt 0.254120 0.159155
vt 0.257750 0.185876
vt 0.272238 0.185876
vt 0.266105 0.195510
vt 0.284969 0.181624
vt 0.278659 0.192409
vt 0.207046 0.808215
vt 0.286103 0.168784
vt 0.412514 0.837613
vt 0.814645 0.810207
vt 0.824619 0.814515
vt 0.810413 0.815568
vt 0.636484 0.330837
vt 0.634539 0.390350
vt 0.622456 0.329910
vt 0.024372 0.545309
vt 0.017684 0.605178
vt 0.005341 0.580660
vt 0.810413 0.786197
vt 0.000640 0.545309
vt 0.005033 0.566651
vt 0.156566 0.600218
vt 0.153350 0.613262
vt 0.145895 0.607243
vt 0.345854 0.981194
vt 0.348463 0.974165
vt 0.348463 0.985135
vt 0.001747 0.595619
vt 0.001442 0.581777
vt 0.005645 0.594501
vt 0.151531 0.614132
vt 0.149322 0.623726
vt 0.145734 0.620829
vt 0.590177 0.974165
vt 0.592543 0.975554
vt 0.592543 0.980660
vt 0.590177 0.984770
vt 0.147943 0.611234
vt 0.142717 0.620132
vt 0.345854 0.975914
vt 0.150172 0.626150
vt 0.139501 0.633176
vt 0.144522 0.573426
vt 0.131670 0.573232
vt 0.134846 0.593984
vt 0.134846 0.607076
vt 0.134846 0.620013
vt 0.134846 0.633106
vt 0.134515 0.654744
vt 0.149112 0.594199
vt 0.157374 0.573619
vt 0.814645 0.786423
vt 0.813064 0.781493
vt 0.824619 0.780636
vt 0.824619 0.785683
vt 0.834592 0.784944
vt 0.836174 0.779780
vt 0.618209 0.897562
vt 0.618209 0.916865
vt 0.610395 0.918747
vt 0.838825 0.784090
vt 0.834592 0.808728
vt 0.836696 0.782280
vt 0.471760 0.876198
vt 0.477741 0.877300
vt 0.477741 0.888394
vt 0.610395 0.899444
vt 0.471760 0.887293
vt 0.477741 0.899488
vt 0.471760 0.898387
vt 0.874412 0.858800
vt 0.877503 0.866271
vt 0.873578 0.859415
vt 0.869652 0.852560
vt 0.879922 0.868424
vt 0.651792 0.419815
vt 0.671655 0.423473
vt 0.661675 0.426617
vt 0.651792 0.435389
vt 0.868901 0.849176
vt 0.651792 0.404241
vt 0.661675 0.416653
vt 0.142541 0.729461
vt 0.141852 0.734086
vt 0.133390 0.725052
vt 0.661675 0.406061
vt 0.795535 0.596300
vt 0.795535 0.609580
vt 0.790925 0.595130
vt 0.784373 0.606831
vt 0.593712 0.950425
vt 0.593712 0.939833
vt 0.596719 0.940387
vt 0.764245 0.984117
vt 0.758408 0.974165
vt 0.764245 0.974568
vt 0.784672 0.589583
vt 0.790925 0.591089
vt 0.603692 0.948162
vt 0.788796 0.578658
vt 0.795048 0.580164
vt 0.153523 0.735151
vt 0.146550 0.727376
vt 0.149265 0.718158
vt 0.501208 0.845941
vt 0.501773 0.854110
vt 0.493731 0.852375
vt 0.159613 0.745408
vt 0.153523 0.744234
vt 0.159613 0.728388
vt 0.493284 0.845902
vt 0.032421 0.972208
vt 0.032421 0.957919
vt 0.037148 0.958443
vt 0.603692 0.955360
vt 0.487997 0.854070
vt 0.487880 0.852375
vt 0.037148 0.972732
vt 0.671655 0.421588
vt 0.136458 0.715767
vt 0.841787 0.298217
vt 0.832711 0.280742
vt 0.839085 0.281082
vt 0.835413 0.264115
vt 0.841787 0.264454
vt 0.834984 0.297855
vt 0.776374 0.061993
vt 0.772910 0.053934
vt 0.790276 0.051306
vt 0.767062 0.069292
vt 0.759014 0.063648
vt 0.837041 0.245564
vt 0.832829 0.233676
vt 0.839247 0.234097
vt 0.875125 0.205180
vt 0.874650 0.197006
vt 0.882574 0.197134
vt 0.759014 0.078790
vt 0.767062 0.077372
vt 0.883048 0.205308
vt 0.883522 0.213482
vt 0.875599 0.213354
vt 0.767062 0.085453
vt 0.869593 0.311666
vt 0.843066 0.316007
vt 0.852378 0.300628
vt 0.852378 0.328339
vt 0.843066 0.324088
vt 0.843066 0.307926
vt 0.830623 0.245143
vt 0.839247 0.262584
vt 0.833568 0.262211
vt 0.869593 0.297811
vt 0.125799 0.730950
vt 0.122382 0.727108
vt 0.127371 0.726176
vt 0.122382 0.742682
vt 0.793883 0.059600
vt 0.328911 0.983894
vt 0.320526 0.984856
vt 0.320574 0.975295
vt 0.882574 0.223908
vt 0.874650 0.223781
vt 0.939661 0.009153
vt 0.958045 0.015395
vt 0.941090 0.015395
vt 0.956781 0.009872
vt 0.869593 0.325522
vt 0.125799 0.753138
vt 0.122382 0.758256
vt 0.127371 0.757324
vt 0.133390 0.756200
vt 0.544311 0.921437
vt 0.544311 0.911567
vt 0.552299 0.910260
vt 0.552299 0.920130
vt 0.125799 0.742044
vt 0.142724 0.749977
vt 0.591491 0.897562
vt 0.599160 0.899660
vt 0.599160 0.918878
vt 0.591491 0.916780
vt 0.130273 0.767483
vt 0.868901 0.877260
vt 0.136458 0.766391
vt 0.146550 0.758523
vt 0.879064 0.047113
vt 0.867986 0.049996
vt 0.872790 0.035635
vt 0.879064 0.030055
vt 0.872860 0.031638
vt 0.493580 0.872675
vt 0.502337 0.862278
vt 0.501504 0.872714
vt 0.153523 0.753317
vt 0.149265 0.768781
vt 0.159613 0.762427
vt 0.938381 0.002774
vt 0.931763 0.021297
vt 0.932180 0.004137
vt 0.780417 0.194658
vt 0.789974 0.180602
vt 0.788307 0.194918
vt 0.782083 0.180342
vt 0.781250 0.165022
vt 0.759014 0.093932
vt 0.789141 0.165282
vt 0.772910 0.098972
vt 0.790276 0.096344
vt 0.776374 0.089704
vt 0.938381 0.019842
vt 0.494413 0.862238
vt 0.493965 0.855765
vt 0.960644 0.463487
vt 0.959385 0.453507
vt 0.966583 0.453507
vt 0.971790 0.460480
vt 0.488115 0.855765
vt 0.492388 0.865133
vt 0.486538 0.865133
vt 0.487196 0.874658
vt 0.493047 0.874658
vt 0.971236 0.463487
vt 0.661675 0.437209
vt 0.868214 0.036860
vt 0.671655 0.425358
vt 0.793883 0.087311
vt 0.544311 0.901697
vt 0.824619 0.809467
vt 0.552299 0.900390
vt 0.788308 0.149962
vt 0.328911 0.974165
vt 0.780417 0.149703
vt 0.758408 0.983713
vt 0.000640 0.630407
vt 0.029951 0.630407
vt 0.021433 0.648266
vt 0.838825 0.813461
vt 0.871369 0.383153
vt 0.865979 0.362602
vt 0.871369 0.361929
vt 0.865979 0.383464
vt 0.026086 0.649202
vt 0.680629 0.958565
vt 0.691825 0.957919
vt 0.691825 0.970931
vt 0.221023 0.974165
vt 0.221023 0.985373
vt 0.219359 0.981555
vt 0.019022 0.659989
vt 0.680629 0.971577
vt 0.001964 0.681465
vt 0.555334 0.974165
vt 0.557416 0.980583
vt 0.555334 0.984837
vt 0.023675 0.660924
vt 0.021293 0.672506
vt 0.016640 0.671571
vt 0.218079 0.974165
vt 0.218079 0.985373
vt 0.216415 0.981554
vt 0.668154 0.958565
vt 0.679350 0.957919
vt 0.679350 0.970931
vt 0.014229 0.683293
vt 0.668154 0.971577
vt 0.558695 0.974165
vt 0.560777 0.980583
vt 0.558695 0.984837
vt 0.018883 0.684229
vt 0.010685 0.698744
vt 0.011541 0.699271
vt 0.769547 0.983752
vt 0.765525 0.984167
vt 0.765664 0.983127
vt 0.640149 0.390721
vt 0.645759 0.391092
vt 0.650512 0.411578
vt 0.645368 0.411237
vt 0.911368 0.983930
vt 0.913771 0.974326
vt 0.915791 0.974165
vt 0.911751 0.974487
vt 0.769547 0.974165
vt 0.006238 0.627345
vt 0.007050 0.626681
vt 0.010269 0.629128
vt 0.915791 0.982645
vt 0.640224 0.410897
vt 0.005953 0.608509
vt 0.002055 0.609627
vt 0.146956 0.639195
vt 0.341966 0.981195
vt 0.344575 0.974165
vt 0.344575 0.985135
vt 0.374974 0.653621
vt 0.374974 0.631421
vt 0.378629 0.634234
vt 0.341966 0.975914
vt 0.142227 0.636731
vt 0.137361 0.654787
vt 0.717883 0.904063
vt 0.712060 0.910313
vt 0.712060 0.887848
vt 0.338599 0.900591
vt 0.338599 0.921454
vt 0.330117 0.916618
vt 0.131670 0.654701
vt 0.131670 0.633710
vt 0.333209 0.900902
vt 0.560777 0.975446
vt 0.216415 0.976159
vt 0.959696 0.235670
vt 0.972242 0.230281
vt 0.972553 0.235670
vt 0.131670 0.620617
vt 0.131670 0.607681
vt 0.959385 0.230281
vt 0.557416 0.975446
vt 0.650512 0.331765
vt 0.219359 0.976159
vt 0.131670 0.594588
vt 0.812542 0.784070
vt 0.593823 0.974165
vt 0.596188 0.980660
vt 0.593823 0.984770
vt 0.596188 0.975554
vt 0.152128 0.594896
vt 0.160873 0.576880
vt 0.155717 0.597794
vt 0.001134 0.567769
vt 0.673657 0.597721
vt 0.673657 0.530752
vt 0.679980 0.568228
vt 0.679980 0.599682
vt 0.980353 0.240484
vt 0.983410 0.232286
vt 0.983410 0.239852
vt 0.980353 0.232918
vt 0.656522 0.511653
vt 0.656522 0.438852
vt 0.662523 0.452361
vt 0.662523 0.443260
vt 0.659177 0.438814
vt 0.974187 0.239954
vt 0.974187 0.232388
vt 0.663220 0.389289
vt 0.663220 0.398389
vt 0.657128 0.402962
vt 0.659823 0.402927
vt 0.668496 0.398480
vt 0.657128 0.368768
vt 0.669381 0.376985
vt 0.038428 0.972593
vt 0.038428 0.959136
vt 0.045896 0.957919
vt 0.668496 0.389379
vt 0.045896 0.971376
vt 0.668592 0.464499
vt 0.674657 0.377075
vt 0.669381 0.368610
vt 0.670634 0.348533
vt 0.674657 0.330092
vt 0.668592 0.511482
vt 0.955108 0.312962
vt 0.941578 0.298037
vt 0.957025 0.298037
vt 0.939661 0.312962
vt 0.670634 0.339199
vt 0.664045 0.329909
vt 0.651792 0.330067
vt 0.659578 0.335789
vt 0.664045 0.335731
vt 0.379446 0.984880
vt 0.379446 0.974831
vt 0.384979 0.974165
vt 0.384979 0.984214
vt 0.666167 0.348590
vt 0.666167 0.339256
vt 0.659578 0.351832
vt 0.650899 0.984423
vt 0.645623 0.974165
vt 0.650899 0.975670
vt 0.664045 0.356293
vt 0.651792 0.356451
vt 0.664045 0.351774
vt 0.645623 0.982919
vt 0.686375 0.534696
vt 0.686375 0.558966
vt 0.954947 0.677341
vt 0.956457 0.691316
vt 0.941171 0.691316
vt 0.939661 0.677341
vt 0.416978 0.895923
vt 0.414821 0.895352
vt 0.415686 0.894306
vt 0.417194 0.894677
vt 0.416576 0.892708
vt 0.416115 0.892299
vt 0.414581 0.893327
vt 0.413074 0.893803
vt 0.511539 0.846499
vt 0.510383 0.844949
vt 0.512020 0.844096
vt 0.512996 0.845387
vt 0.509524 0.842233
vt 0.511320 0.841883
vt 0.508762 0.845130
vt 0.507903 0.842414
vt 0.863286 0.407671
vt 0.864563 0.405367
vt 0.865958 0.405940
vt 0.864682 0.408245
vt 0.856691 0.415737
vt 0.861759 0.406634
vt 0.862840 0.404701
vt 0.861449 0.404197
vt 0.863352 0.402356
vt 0.865191 0.402489
vt 0.861773 0.402715
vt 0.863086 0.400556
vt 0.864887 0.400341
vt 0.507729 0.839760
vt 0.509350 0.839579
vt 0.894966 0.256433
vt 0.897841 0.237961
vt 0.896716 0.256956
vt 0.509550 0.816068
vt 0.511171 0.815887
vt 0.511181 0.839650
vt 0.512996 0.816094
vt 0.899590 0.237635
vt 0.899545 0.234466
vt 0.900660 0.236685
vt 0.929113 0.612667
vt 0.927317 0.613042
vt 0.927323 0.594721
vt 0.415931 0.891544
vt 0.414177 0.870273
vt 0.415946 0.870016
vt 0.929123 0.594446
vt 0.900643 0.235475
vt 0.897785 0.234044
vt 0.930821 0.594929
vt 0.896036 0.234370
vt 0.930812 0.613150
vt 0.862080 0.839615
vt 0.855087 0.818030
vt 0.856846 0.817625
vt 0.894966 0.235319
vt 0.863874 0.839339
vt 0.858382 0.816847
vt 0.894983 0.236530
vt 0.865466 0.838771
vt 0.861568 0.401479
vt 0.854299 0.385911
vt 0.855759 0.384834
vt 0.896081 0.237539
vt 0.864001 0.840185
vt 0.865636 0.840292
vt 0.862181 0.840043
vt 0.863836 0.840807
vt 0.865240 0.841781
vt 0.864384 0.842838
vt 0.863334 0.841369
vt 0.862157 0.840130
vt 0.855244 0.414592
vt 0.854299 0.413314
vt 0.860684 0.405528
vt 0.857363 0.847897
vt 0.959897 0.608026
vt 0.962271 0.606928
vt 0.961887 0.612584
vt 0.960999 0.606938
vt 0.963501 0.609745
vt 0.963226 0.608000
vt 0.858087 0.416310
vt 0.971621 0.610860
vt 0.971013 0.612594
vt 0.962989 0.611496
vt 0.428105 0.896058
vt 0.428092 0.894796
vt 0.959385 0.609777
vt 0.959659 0.611521
vt 0.960615 0.612594
vt 0.417436 0.892879
vt 0.428105 0.892983
vt 0.417612 0.891217
vt 0.428139 0.891311
vt 0.985217 0.079485
vt 0.985713 0.077777
vt 0.993176 0.077795
vt 0.417153 0.891170
vt 0.992680 0.079503
vt 0.993470 0.077777
vt 0.992973 0.079485
vt 0.856457 0.846308
vt 0.855087 0.845251
vt 0.861875 0.840386
vt 0.860847 0.840008
vt 0.860870 0.839921
vt 0.417088 0.891112
vt 0.929132 0.612979
vt 0.927389 0.613569
vt 0.860770 0.839494
vt 0.414177 0.892001
vt 0.412434 0.869978
vt 0.412449 0.891907
vt 0.408472 0.902061
vt 0.408317 0.915253
vt 0.394709 0.915253
vt 0.394864 0.902061
vt 0.884949 0.085071
vt 0.881363 0.098956
vt 0.877307 0.098956
vt 0.408397 0.918499
vt 0.394789 0.918499
vt 0.412434 0.923251
vt 0.424468 0.919989
vt 0.418548 0.923883
vt 0.412434 0.927810
vt 0.418548 0.928469
vt 0.404353 0.939833
vt 0.408148 0.945105
vt 0.408148 0.950924
vt 0.404353 0.956075
vt 0.424921 0.924570
vt 0.956175 0.896920
vt 0.939802 0.900031
vt 0.939944 0.896920
vt 0.943842 0.822531
vt 0.944173 0.829867
vt 0.940088 0.829867
vt 0.939661 0.820415
vt 0.947880 0.820415
vt 0.956033 0.900031
vt 0.947976 0.822531
vt 0.015068 0.971558
vt 0.011078 0.972741
vt 0.011078 0.964515
vt 0.015068 0.959767
vt 0.014617 0.959900
vt 0.012264 0.957919
vt 0.008725 0.962534
vt 0.424921 0.920038
vt 0.955892 0.903141
vt 0.952110 0.822531
vt 0.956527 0.829867
vt 0.952442 0.829867
vt 0.950825 0.907027
vt 0.939661 0.903141
vt 0.956100 0.820415
vt 0.785289 0.661018
vt 0.793464 0.659963
vt 0.792718 0.663982
vt 0.868725 0.085071
vt 0.868568 0.080443
vt 0.876680 0.080443
vt 0.780999 0.665494
vt 0.792718 0.678300
vt 0.873251 0.098956
vt 0.394869 0.921744
vt 0.408478 0.921744
vt 0.780999 0.679812
vt 0.412434 0.932369
vt 0.424468 0.938226
vt 0.418548 0.933056
vt 0.781083 0.665040
vt 0.424921 0.933743
vt 0.424921 0.938274
vt 0.945010 0.907027
vt 0.950685 0.910101
vt 0.944870 0.910101
vt 0.884792 0.080443
vt 0.785204 0.311764
vt 0.783343 0.311193
vt 0.782875 0.310481
vt 0.372476 0.195188
vt 0.374361 0.140789
vt 0.374376 0.195461
vt 0.375597 0.195432
vt 0.789595 0.310000
vt 0.787493 0.311327
vt 0.790721 0.305528
vt 0.375582 0.140760
vt 0.376803 0.140731
vt 0.786104 0.304682
vt 0.782408 0.309768
vt 0.782649 0.307871
vt 0.376818 0.195403
vt 0.784002 0.306009
vt 0.782408 0.264501
vt 0.380743 0.194440
vt 0.379149 0.140994
vt 0.380769 0.141509
vt 0.379149 0.195029
vt 0.974244 0.179286
vt 0.974889 0.178394
vt 0.974187 0.181346
vt 0.975379 0.183130
vt 0.977502 0.184160
vt 0.982812 0.182238
vt 0.784701 0.264115
vt 0.979986 0.184160
vt 0.788392 0.304245
vt 0.787154 0.264493
vt 0.790253 0.304816
vt 0.421476 0.756990
vt 0.421360 0.708544
vt 0.422432 0.708370
vt 0.422549 0.756816
vt 0.789110 0.265534
vt 0.982166 0.183130
vt 0.423505 0.708195
vt 0.423622 0.756641
vt 0.983515 0.179286
vt 0.983458 0.181346
vt 0.980199 0.176472
vt 0.982322 0.177502
vt 0.746190 0.097548
vt 0.745909 0.055859
vt 0.748207 0.056133
vt 0.748337 0.098797
vt 0.750646 0.055673
vt 0.977715 0.176472
vt 0.750646 0.099181
vt 0.372476 0.141153
vt 0.975535 0.177502
vt 0.425986 0.708038
vt 0.426060 0.757071
vt 0.428139 0.708115
vt 0.790948 0.308139
vt 0.428139 0.758164
vt 0.791189 0.306241
vt 0.703841 0.327985
vt 0.696723 0.325807
vt 0.696723 0.297866
vt 0.983414 0.249822
vt 0.980293 0.241799
vt 0.983414 0.241765
vt 0.980293 0.249857
vt 0.562472 0.635380
vt 0.565775 0.636010
vt 0.558309 0.638556
vt 0.558309 0.646596
vt 0.565775 0.700323
vt 0.703841 0.268498
vt 0.672378 0.575963
vt 0.660410 0.577540
vt 0.656734 0.563457
vt 0.668702 0.561880
vt 0.689524 0.285674
vt 0.669869 0.553954
vt 0.661498 0.531099
vt 0.665554 0.543179
vt 0.959468 0.142587
vt 0.959385 0.134529
vt 0.972431 0.134529
vt 0.635402 0.974165
vt 0.635402 0.982935
vt 0.629926 0.984518
vt 0.629926 0.975748
vt 0.666822 0.534567
vt 0.972513 0.142587
vt 0.550759 0.655955
vt 0.717770 0.390320
vt 0.723246 0.388737
vt 0.717770 0.398390
vt 0.719071 0.417381
vt 0.723246 0.434010
vt 0.550759 0.697460
vt 0.921675 0.919033
vt 0.933922 0.900038
vt 0.933922 0.915085
vt 0.921675 0.903986
vt 0.719071 0.426375
vt 0.712233 0.437194
vt 0.668702 0.600931
vt 0.656734 0.602508
vt 0.665150 0.595997
vt 0.712233 0.431585
vt 0.669513 0.595422
vt 0.667385 0.580815
vt 0.634573 0.939834
vt 0.641411 0.950083
vt 0.634573 0.955293
vt 0.237507 0.974165
vt 0.242624 0.974928
vt 0.242624 0.985178
vt 0.734185 0.983093
vt 0.729952 0.984298
vt 0.729952 0.975370
vt 0.641411 0.941089
vt 0.237507 0.984416
vt 0.369574 0.984918
vt 0.364152 0.974165
vt 0.369574 0.975000
vt 0.734185 0.974165
vt 0.671748 0.580240
vt 0.364152 0.984083
vt 0.712233 0.416126
vt 0.712233 0.411771
vt 0.689524 0.264115
vt 0.664130 0.530752
vt 0.974187 0.241764
vt 0.974187 0.249822
vt 0.813461 0.349065
vt 0.839586 0.349065
vt 0.840708 0.357962
vt 0.814584 0.357962
vt 0.816886 0.365026
vt 0.843011 0.365026
vt 0.076133 0.724299
vt 0.078259 0.718525
vt 0.110020 0.731228
vt 0.077569 0.730801
vt 0.080201 0.734239
vt 0.109514 0.740232
vt 0.516804 0.808997
vt 0.530025 0.810272
vt 0.522777 0.811535
vt 0.081214 0.716230
vt 0.110527 0.722223
vt 0.536698 0.812877
vt 0.543247 0.811547
vt 0.529738 0.812206
vt 0.529897 0.831502
vt 0.525332 0.831062
vt 0.531411 0.831149
vt 0.461253 0.887320
vt 0.446654 0.893845
vt 0.448291 0.875671
vt 0.460839 0.893845
vt 0.447106 0.896926
vt 0.528746 0.842808
vt 0.528713 0.838723
vt 0.531488 0.838723
vt 0.536158 0.842808
vt 0.461639 0.895642
vt 0.532328 0.831795
vt 0.536062 0.831156
vt 0.531830 0.757767
vt 0.523674 0.751938
vt 0.539784 0.758761
vt 0.538351 0.759889
vt 0.545548 0.840938
vt 0.517496 0.744063
vt 0.812876 0.233822
vt 0.829344 0.243049
vt 0.815458 0.243196
vt 0.826761 0.233676
vt 0.545413 0.824613
vt 0.541017 0.827559
vt 0.541845 0.825300
vt 0.541342 0.824358
vt 0.170713 0.761156
vt 0.170618 0.758816
vt 0.172398 0.758946
vt 0.541491 0.824373
vt 0.164786 0.770941
vt 0.168133 0.761920
vt 0.170812 0.761137
vt 0.164107 0.778572
vt 0.172398 0.800440
vt 0.164299 0.783330
vt 0.599627 0.297322
vt 0.592629 0.328126
vt 0.592629 0.288952
vt 0.814833 0.255558
vt 0.815458 0.250857
vt 0.829344 0.250711
vt 0.828718 0.255412
vt 0.515027 0.737451
vt 0.514275 0.733343
vt 0.826761 0.262464
vt 0.812876 0.262611
vt 0.517941 0.720587
vt 0.514394 0.727095
vt 0.815370 0.329909
vt 0.831019 0.338976
vt 0.813708 0.338976
vt 0.832682 0.329909
vt 0.830898 0.343901
vt 0.169598 0.798229
vt 0.165579 0.790592
vt 0.524340 0.716805
vt 0.839712 0.343901
vt 0.599627 0.327120
vt 0.557731 0.749720
vt 0.554184 0.756228
vt 0.557850 0.743473
vt 0.547785 0.760011
vt 0.541718 0.760363
vt 0.540034 0.760126
vt 0.532030 0.716358
vt 0.540295 0.719048
vt 0.548451 0.724877
vt 0.557098 0.739364
vt 0.672212 0.887625
vt 0.688728 0.881432
vt 0.689790 0.888134
vt 0.100359 0.753195
vt 0.096001 0.766602
vt 0.091335 0.765648
vt 0.671150 0.880923
vt 0.095694 0.752241
vt 0.116519 0.748943
vt 0.107716 0.753692
vt 0.077982 0.741064
vt 0.514275 0.824981
vt 0.514749 0.821795
vt 0.514898 0.821809
vt 0.116513 0.749044
vt 0.521477 0.830749
vt 0.518035 0.829418
vt 0.522358 0.837843
vt 0.684203 0.946871
vt 0.697937 0.954658
vt 0.684033 0.952163
vt 0.697937 0.939833
vt 0.524909 0.838356
vt 0.524942 0.842441
vt 0.518132 0.841070
vt 0.462015 0.898210
vt 0.461741 0.900007
vt 0.447557 0.900007
vt 0.526811 0.838540
vt 0.461827 0.896926
vt 0.526844 0.842625
vt 0.671031 0.870880
vt 0.671586 0.866315
vt 0.673812 0.866380
vt 0.688609 0.871390
vt 0.677243 0.861314
vt 0.997108 0.625284
vt 0.995026 0.627025
vt 0.994776 0.625284
vt 0.118807 0.749513
vt 0.116094 0.751621
vt 0.689790 0.861678
vt 0.553675 0.704888
vt 0.557850 0.707871
vt 0.553336 0.712649
vt 0.080492 0.744342
vt 0.088449 0.749753
vt 0.557317 0.715494
vt 0.084090 0.763159
vt 0.554629 0.732753
vt 0.076133 0.757748
vt 0.882671 0.350385
vt 0.883182 0.352001
vt 0.873854 0.355664
vt 0.874646 0.357285
vt 0.836664 0.081180
vt 0.838166 0.082006
vt 0.838748 0.083336
vt 0.873462 0.353991
vt 0.834963 0.074298
vt 0.836809 0.074305
vt 0.834818 0.081173
vt 0.836703 0.085476
vt 0.838190 0.084661
vt 0.834857 0.085469
vt 0.833356 0.084643
vt 0.833332 0.081988
vt 0.974187 0.000640
vt 0.983938 0.002266
vt 0.974691 0.002262
vt 0.983433 0.000644
vt 0.134356 0.983780
vt 0.132779 0.983298
vt 0.133094 0.974165
vt 0.134676 0.974760
vt 0.735678 0.884070
vt 0.725239 0.883767
vt 0.735200 0.882534
vt 0.725582 0.885310
vt 0.832773 0.083313
vt 0.735851 0.885902
vt 0.724770 0.885238
vt 0.724805 0.883775
vt 0.725539 0.887155
vt 0.724114 0.886953
vt 0.833489 0.074311
vt 0.834969 0.073870
vt 0.834969 0.073961
vt 0.833492 0.073659
vt 0.724336 0.884862
vt 0.723076 0.886054
vt 0.833489 0.072889
vt 0.722704 0.884700
vt 0.724167 0.884085
vt 0.721447 0.886842
vt 0.720870 0.884911
vt 0.723089 0.888264
vt 0.809645 0.260270
vt 0.811122 0.257463
vt 0.811122 0.259931
vt 0.809645 0.257241
vt 0.809625 0.254828
vt 0.811105 0.255440
vt 0.807799 0.257243
vt 0.807778 0.254830
vt 0.806288 0.257468
vt 0.807799 0.260272
vt 0.809625 0.262545
vt 0.807778 0.262546
vt 0.806288 0.259935
vt 0.806271 0.261841
vt 0.136515 0.984688
vt 0.134866 0.985401
vt 0.885292 0.352718
vt 0.887526 0.351313
vt 0.886837 0.353194
vt 0.884027 0.351073
vt 0.885727 0.351528
vt 0.883845 0.351570
vt 0.136188 0.983548
vt 0.884167 0.353533
vt 0.883049 0.350191
vt 0.836815 0.073968
vt 0.838326 0.073678
vt 0.838323 0.074329
vt 0.836816 0.073877
vt 0.685721 0.194253
vt 0.687530 0.193796
vt 0.687385 0.194569
vt 0.685759 0.193830
vt 0.834967 0.073492
vt 0.836813 0.073499
vt 0.687518 0.170604
vt 0.685740 0.170770
vt 0.834799 0.055026
vt 0.836645 0.055033
vt 0.838154 0.054328
vt 0.838202 0.052029
vt 0.832773 0.053158
vt 0.834877 0.051306
vt 0.887037 0.349517
vt 0.875045 0.331160
vt 0.876122 0.329909
vt 0.885357 0.350283
vt 0.836723 0.051313
vt 0.873462 0.332100
vt 0.838748 0.053181
vt 0.689250 0.170817
vt 0.689250 0.194222
vt 0.807495 0.236057
vt 0.809342 0.236056
vt 0.888173 0.348373
vt 0.688932 0.195562
vt 0.719505 0.861256
vt 0.721016 0.861660
vt 0.719367 0.884638
vt 0.833368 0.052011
vt 0.722862 0.861660
vt 0.806271 0.255444
vt 0.833320 0.054310
vt 0.724338 0.861256
vt 0.939695 0.913226
vt 0.939661 0.911380
vt 0.956600 0.911394
vt 0.956727 0.913235
vt 0.136515 0.974711
vt 0.725127 0.888596
vt 0.811105 0.261837
vt 0.735655 0.887331
vt 0.983691 0.004093
vt 0.974556 0.004093
vt 0.795645 0.555326
vt 0.795476 0.570007
vt 0.786282 0.570730
vt 0.784373 0.577378
vt 0.039944 0.795742
vt 0.036038 0.800134
vt 0.004074 0.778867
vt 0.786827 0.556019
vt 0.041667 0.784225
vt 0.005346 0.772723
vt 0.009776 0.792545
vt 0.005630 0.785827
vt 0.982359 0.714087
vt 0.974472 0.721531
vt 0.974186 0.714087
vt 0.785418 0.242653
vt 0.795084 0.236731
vt 0.795870 0.243124
vt 0.023016 0.801355
vt 0.015881 0.797998
vt 0.010808 0.803603
vt 0.004724 0.798127
vt 0.332231 0.758539
vt 0.325873 0.763693
vt 0.337048 0.738622
vt 0.000640 0.791341
vt 0.336587 0.751964
vt 0.311184 0.766937
vt 0.301123 0.759798
vt 0.338278 0.744970
vt 0.784863 0.236271
vt 0.794860 0.222169
vt 0.785058 0.221727
vt 0.299496 0.747941
vt 0.329262 0.730396
vt 0.319688 0.723226
vt 0.299660 0.735032
vt 0.785638 0.206226
vt 0.795278 0.201743
vt 0.795022 0.206649
vt 0.786013 0.201325
vt 0.311605 0.721954
vt 0.316009 0.721776
vt 0.786683 0.197006
vt 0.795870 0.197420
vt 0.303344 0.718805
vt 0.307792 0.717010
vt 0.307145 0.723734
vt 0.299496 0.721900
vt 0.303309 0.726844
vt 0.792637 0.530752
vt 0.785810 0.535587
vt 0.784373 0.531402
vt 0.794145 0.534931
vt 0.300681 0.730811
vt 0.794874 0.539787
vt 0.040729 0.767362
vt 0.041667 0.771562
vt 0.025966 0.757540
vt 0.786433 0.540451
vt 0.034543 0.760018
vt 0.038227 0.763308
vt 0.022379 0.758729
vt 0.030237 0.757993
vt 0.013001 0.765152
vt 0.497622 0.876180
vt 0.496133 0.883821
vt 0.486654 0.883575
vt 0.486538 0.891753
vt 0.496133 0.892003
vt 0.318483 0.766642
vt 0.305088 0.764534
vt 0.793774 0.576638
vt 0.488317 0.875938
vt 0.487986 0.899228
vt 0.497622 0.899479
vt 0.030094 0.802105
vt 0.982650 0.721671
vt 0.951145 0.869573
vt 0.956594 0.869573
vt 0.952276 0.875447
vt 0.648606 0.951090
vt 0.651612 0.955023
vt 0.648606 0.955368
vt 0.000640 0.993649
vt 0.001690 0.991012
vt 0.004690 0.990135
vt 0.898436 0.629795
vt 0.893808 0.635476
vt 0.889884 0.631824
vt 0.939661 0.047032
vt 0.957084 0.046930
vt 0.940637 0.051019
vt 0.541507 0.974959
vt 0.541507 0.984595
vt 0.533580 0.976103
vt 0.958080 0.051019
vt 0.939661 0.870928
vt 0.894117 0.626977
vt 0.898700 0.626350
vt 0.752465 0.951054
vt 0.757785 0.950059
vt 0.753349 0.954966
vt 0.752465 0.939834
vt 0.584375 0.941901
vt 0.592405 0.942980
vt 0.584375 0.955462
vt 0.889884 0.612846
vt 0.895301 0.611368
vt 0.000640 0.987762
vt 0.003667 0.986967
vt 0.779848 0.971192
vt 0.782262 0.957919
vt 0.782262 0.971909
vt 0.918257 0.751938
vt 0.922414 0.749459
vt 0.925353 0.760015
vt 0.650753 0.939834
vt 0.651661 0.951781
vt 0.891473 0.610891
vt 0.605953 0.437381
vt 0.609391 0.433584
vt 0.608721 0.437462
vt 0.606616 0.427770
vt 0.619749 0.429019
vt 0.606623 0.433502
vt 0.997480 0.520122
vt 0.994776 0.520122
vt 0.995139 0.517668
vt 0.919825 0.741135
vt 0.923629 0.740303
vt 0.925353 0.742148
vt 0.592433 0.939833
vt 0.997843 0.517668
vt 0.917749 0.747930
vt 0.609391 0.421966
vt 0.985217 0.505598
vt 0.992058 0.505987
vt 0.992666 0.510613
vt 0.606623 0.421884
vt 0.985217 0.510697
vt 0.999313 0.032650
vt 0.997608 0.034514
vt 0.994776 0.032650
vt 0.605953 0.418017
vt 0.608721 0.418099
vt 0.994776 0.547843
vt 0.997514 0.547843
vt 0.997687 0.550521
vt 0.994776 0.069517
vt 0.997511 0.067659
vt 0.999213 0.069517
vt 0.994949 0.550521
vt 0.533870 0.974165
vt 0.922903 0.889124
vt 0.924255 0.895219
vt 0.921561 0.896019
vt 0.920075 0.889259
vt 0.927183 0.249538
vt 0.927242 0.256199
vt 0.921445 0.251341
vt 0.960416 0.943244
vt 0.966308 0.943151
vt 0.961341 0.948477
vt 0.959385 0.946154
vt 0.967263 0.948477
vt 0.952469 0.180773
vt 0.953238 0.175035
vt 0.957780 0.179470
vt 0.942280 0.181304
vt 0.939661 0.175035
vt 0.888373 0.473935
vt 0.893182 0.471453
vt 0.890837 0.487879
vt 0.939661 0.475059
vt 0.957352 0.475059
vt 0.956049 0.478103
vt 0.970806 0.945110
vt 0.928412 0.268700
vt 0.928412 0.286038
vt 0.923372 0.269949
vt 0.906284 0.366543
vt 0.911240 0.361595
vt 0.911240 0.381487
vt 0.904461 0.533030
vt 0.900156 0.533266
vt 0.900156 0.513126
vt 0.904404 0.514135
vt 0.994776 0.248537
vt 0.997822 0.246771
vt 0.998797 0.248537
vt 0.773914 0.986967
vt 0.777200 0.988285
vt 0.777200 0.992111
vt 0.774024 0.990838
vt 0.908514 0.359394
vt 0.485258 0.885713
vt 0.481324 0.878398
vt 0.485258 0.876700
vt 0.974187 0.871859
vt 0.979346 0.868413
vt 0.982676 0.871859
vt 0.481773 0.876199
vt 0.479021 0.880717
vt 0.979909 0.986967
vt 0.982624 0.987114
vt 0.982621 0.991436
vt 0.921868 0.876648
vt 0.926816 0.878325
vt 0.927242 0.236816
vt 0.482173 0.899581
vt 0.635082 0.989289
vt 0.632011 0.992383
vt 0.632011 0.986967
vt 0.979909 0.991659
vt 0.924982 0.266836
vt 0.974186 0.251136
vt 0.981436 0.251136
vt 0.974794 0.255671
vt 0.892294 0.468897
vt 0.889133 0.472066
vt 0.888373 0.469898
vt 0.982454 0.256585
vt 0.983535 0.254617
vt 0.994776 0.502251
vt 0.997692 0.502254
vt 0.997872 0.504823
vt 0.995319 0.504823
vt 0.985217 0.195846
vt 0.993255 0.194395
vt 0.993255 0.196796
vt 0.925492 0.888549
vt 0.926816 0.894516
vt 0.985217 0.292571
vt 0.992896 0.292572
vt 0.992987 0.295387
vt 0.985266 0.295386
vt 0.840529 0.430469
vt 0.840529 0.437534
vt 0.834905 0.432555
vt 0.771635 0.885175
vt 0.775079 0.890640
vt 0.767986 0.888862
vt 0.768692 0.885994
vt 0.771421 0.894349
vt 0.547099 0.949508
vt 0.552467 0.952253
vt 0.547099 0.955670
vt 0.552205 0.939833
vt 0.253585 0.941461
vt 0.260236 0.942659
vt 0.253585 0.956126
vt 0.910475 0.939834
vt 0.914508 0.941060
vt 0.910475 0.954839
vt 0.623703 0.939833
vt 0.623703 0.955520
vt 0.620035 0.954478
vt 0.776247 0.895219
vt 0.816882 0.913132
vt 0.832384 0.915695
vt 0.817159 0.918611
vt 0.818063 0.907071
vt 0.773573 0.905869
vt 0.767986 0.905781
vt 0.769945 0.907671
vt 0.813612 0.906916
vt 0.818446 0.903347
vt 0.497642 0.947088
vt 0.501765 0.939873
vt 0.505846 0.942959
vt 0.501721 0.949344
vt 0.504486 0.939833
vt 0.813828 0.903187
vt 0.994881 0.028661
vt 0.999299 0.031371
vt 0.994776 0.031371
vt 0.071766 0.906975
vt 0.065222 0.904027
vt 0.067538 0.900339
vt 0.999140 0.028659
vt 0.972326 0.315223
vt 0.959385 0.315223
vt 0.960020 0.309794
vt 0.835478 0.418023
vt 0.065222 0.921052
vt 0.497647 0.951331
vt 0.813612 0.918483
vt 0.505846 0.952393
vt 0.813828 0.922465
vt 0.501765 0.955598
vt 0.504486 0.955558
vt 0.994776 0.508652
vt 0.994997 0.506105
vt 0.997872 0.506102
vt 0.816940 0.922581
vt 0.581694 0.988956
vt 0.579836 0.992555
vt 0.579836 0.986967
vt 0.997402 0.508652
vt 0.260588 0.939834
vt 0.998467 0.354194
vt 0.996371 0.355683
vt 0.994776 0.354194
vt 0.985363 0.289922
vt 0.972150 0.309760
vt 0.992965 0.289922
vt 0.974198 0.972957
vt 0.982355 0.972957
vt 0.982231 0.975772
vt 0.974229 0.975772
vt 0.864030 0.724689
vt 0.863506 0.731989
vt 0.858302 0.726606
vt 0.109436 0.993307
vt 0.109436 0.987367
vt 0.114869 0.992841
vt 0.787647 0.986967
vt 0.789173 0.989574
vt 0.787647 0.992181
vt 0.114874 0.986967
vt 0.338467 0.949417
vt 0.343905 0.952125
vt 0.338956 0.956078
vt 0.343905 0.939833
vt 0.941563 0.733406
vt 0.942783 0.726705
vt 0.956731 0.733406
vt 0.658958 0.939833
vt 0.662702 0.941766
vt 0.658958 0.955307
vt 0.336501 0.957919
vt 0.340167 0.972264
vt 0.336501 0.972384
vt 0.957701 0.199192
vt 0.953610 0.201693
vt 0.953064 0.196852
vt 0.761369 0.918856
vt 0.776247 0.919200
vt 0.762402 0.924306
vt 0.762552 0.912732
vt 0.942393 0.202197
vt 0.940774 0.196852
vt 0.939661 0.199313
vt 0.759154 0.908950
vt 0.762532 0.908990
vt 0.759223 0.912693
vt 0.968122 0.954387
vt 0.960842 0.954910
vt 0.960587 0.949757
vt 0.967286 0.949757
vt 0.959385 0.952647
vt 0.941935 0.442676
vt 0.943033 0.449843
vt 0.939661 0.449802
vt 0.994776 0.490956
vt 0.997892 0.493677
vt 0.994793 0.493677
vt 0.997872 0.490956
vt 0.972384 0.255812
vt 0.959385 0.255812
vt 0.959593 0.250350
vt 0.858302 0.712741
vt 0.957151 0.442676
vt 0.970814 0.951918
vt 0.759223 0.924269
vt 0.987012 0.248626
vt 0.993117 0.248368
vt 0.985217 0.252396
vt 0.759154 0.928243
vt 0.991657 0.252396
vt 0.999204 0.077248
vt 0.996965 0.078813
vt 0.994776 0.077248
vt 0.994776 0.513883
vt 0.997418 0.513883
vt 0.997860 0.516389
vt 0.762282 0.928280
vt 0.680776 0.988931
vt 0.678923 0.992326
vt 0.678923 0.986967
vt 0.995217 0.516387
vt 0.939661 0.726667
vt 0.998380 0.366246
vt 0.996381 0.367750
vt 0.994776 0.366246
vt 0.974187 0.970307
vt 0.972524 0.250348
vt 0.982274 0.970308
vt 0.974511 0.709982
vt 0.982761 0.709982
vt 0.982336 0.712808
vt 0.974350 0.712808
vt 0.924049 0.626907
vt 0.923093 0.634540
vt 0.918305 0.628776
vt 0.992392 0.702635
vt 0.985217 0.697190
vt 0.992018 0.697201
vt 0.712429 0.986967
vt 0.713923 0.989697
vt 0.712429 0.992277
vt 0.940494 0.734686
vt 0.951807 0.734686
vt 0.942728 0.739745
vt 0.941779 0.668845
vt 0.956798 0.668845
vt 0.942754 0.675979
vt 0.952869 0.739326
vt 0.918305 0.614849
vt 0.956799 0.736384
vt 0.985447 0.702635
vt 0.949913 0.404826
vt 0.952683 0.399522
vt 0.957315 0.404014
vt 0.939661 0.399522
vt 0.942202 0.293675
vt 0.942854 0.286943
vt 0.957489 0.293674
vt 0.343407 0.921455
vt 0.343233 0.917244
vt 0.357877 0.914383
vt 0.356887 0.911336
vt 0.643204 0.957923
vt 0.643204 0.971928
vt 0.637745 0.971706
vt 0.998556 0.313890
vt 0.996667 0.315417
vt 0.994776 0.313890
vt 0.974186 0.707346
vt 0.982369 0.707346
vt 0.652372 0.988975
vt 0.650539 0.992420
vt 0.650539 0.986967
vt 0.340188 0.921232
vt 0.343304 0.921220
vt 0.342488 0.911813
vt 0.340175 0.917256
vt 0.995347 0.487122
vt 0.997901 0.487122
vt 0.997394 0.489676
vt 0.994776 0.489676
vt 0.999279 0.040934
vt 0.997014 0.042453
vt 0.994776 0.040934
vt 0.939661 0.287028
vt 0.993153 0.218799
vt 0.985217 0.222816
vt 0.986542 0.218799
vt 0.991376 0.222489
vt 0.343172 0.905670
vt 0.967185 0.880394
vt 0.970861 0.882540
vt 0.968139 0.884926
vt 0.960549 0.880394
vt 0.340175 0.905682
vt 0.960891 0.885446
vt 0.959385 0.883200
vt 0.340188 0.901941
vt 0.343204 0.901929
vt 0.939661 0.737274
vt 0.994876 0.577148
vt 0.997598 0.574430
vt 0.997627 0.577148
vt 0.994776 0.574430
vt 0.939661 0.676061
vt 0.637739 0.957919
vt 0.923043 0.371757
vt 0.922356 0.379241
vt 0.917328 0.373742
vt 0.985217 0.427626
vt 0.992868 0.424760
vt 0.992340 0.427626
vt 0.676204 0.986967
vt 0.677643 0.989750
vt 0.676204 0.992354
vt 0.985217 0.449246
vt 0.992422 0.449255
vt 0.992723 0.454678
vt 0.677396 0.939834
vt 0.674779 0.955217
vt 0.673801 0.939834
vt 0.945205 0.060229
vt 0.957921 0.066804
vt 0.942293 0.066804
vt 0.954126 0.971481
vt 0.950838 0.968336
vt 0.954126 0.957919
vt 0.917328 0.359394
vt 0.646641 0.992336
vt 0.642772 0.989398
vt 0.646641 0.986967
vt 0.985426 0.454678
vt 0.920933 0.605425
vt 0.926037 0.608179
vt 0.921449 0.612897
vt 0.926037 0.593990
vt 0.922265 0.394554
vt 0.928229 0.391562
vt 0.928229 0.408007
vt 0.138146 0.921308
vt 0.137194 0.917093
vt 0.152667 0.913589
vt 0.150818 0.910577
vt 0.998851 0.230992
vt 0.997027 0.232484
vt 0.994776 0.230992
vt 0.918819 0.613569
vt 0.918305 0.606124
vt 0.066177 0.972442
vt 0.066167 0.958063
vt 0.071629 0.972652
vt 0.071629 0.957919
vt 0.985628 0.424760
vt 0.569879 0.988979
vt 0.568083 0.992575
vt 0.568083 0.986967
vt 0.134512 0.921142
vt 0.137548 0.921068
vt 0.137180 0.911704
vt 0.134274 0.917164
vt 0.994776 0.411860
vt 0.995380 0.409400
vt 0.998100 0.409400
vt 0.895976 0.991850
vt 0.894485 0.989244
vt 0.895976 0.986967
vt 0.926793 0.388738
vt 0.997606 0.411860
vt 0.982582 0.925756
vt 0.974187 0.928914
vt 0.975936 0.925417
vt 0.980373 0.928914
vt 0.137026 0.905527
vt 0.967698 0.596494
vt 0.971717 0.598623
vt 0.968621 0.600862
vt 0.960755 0.596494
vt 0.134274 0.905594
vt 0.960982 0.601368
vt 0.959385 0.599163
vt 0.134512 0.901859
vt 0.137269 0.901792
vt 0.994776 0.581838
vt 0.997526 0.581838
vt 0.997581 0.584537
vt 0.669538 0.992370
vt 0.667675 0.988916
vt 0.669538 0.986967
vt 0.994949 0.584537
vt 0.939661 0.065616
vt 0.922661 0.137877
vt 0.922633 0.145369
vt 0.917128 0.140233
vt 0.985217 0.584267
vt 0.992723 0.581382
vt 0.992230 0.584267
vt 0.670818 0.986967
vt 0.672251 0.989752
vt 0.670818 0.992372
vt 0.985217 0.402181
vt 0.992490 0.402183
vt 0.992777 0.407600
vt 0.265505 0.940802
vt 0.261868 0.956286
vt 0.261868 0.939833
vt 0.286597 0.564482
vt 0.280253 0.576818
vt 0.280253 0.560852
vt 0.089910 0.972641
vt 0.086194 0.970016
vt 0.089910 0.957919
vt 0.917128 0.125501
vt 0.997709 0.000640
vt 0.999349 0.005178
vt 0.994776 0.005178
vt 0.985492 0.407600
vt 0.507297 0.867904
vt 0.512996 0.867704
vt 0.511256 0.874121
vt 0.505122 0.855391
vt 0.510766 0.851297
vt 0.154067 0.939834
vt 0.158619 0.940330
vt 0.154067 0.956351
vt 0.157672 0.956196
vt 0.423163 0.972122
vt 0.423157 0.958023
vt 0.428610 0.972194
vt 0.999008 0.167989
vt 0.997122 0.169473
vt 0.994776 0.167989
vt 0.505295 0.869727
vt 0.428610 0.957919
vt 0.985688 0.581382
vt 0.509252 0.875942
vt 0.578556 0.988865
vt 0.576807 0.992566
vt 0.576807 0.986967
vt 0.994776 0.115750
vt 0.994975 0.112837
vt 0.999004 0.112764
vt 0.934457 0.271660
vt 0.929692 0.285610
vt 0.929692 0.269760
vt 0.930663 0.266836
vt 0.998799 0.115750
vt 0.983739 0.150059
vt 0.977109 0.150532
vt 0.981852 0.147212
vt 0.974186 0.147212
vt 0.738217 0.986967
vt 0.739670 0.989985
vt 0.738217 0.992246
vt 0.511335 0.847779
vt 0.512996 0.850376
vt 0.509079 0.848656
vt 0.370494 0.923761
vt 0.375345 0.919732
vt 0.378753 0.934856
vt 0.968488 0.185528
vt 0.972611 0.187959
vt 0.968907 0.189744
vt 0.961240 0.185145
vt 0.373747 0.917464
vt 0.960877 0.189744
vt 0.959385 0.187508
vt 0.377169 0.915951
vt 0.378753 0.918201
vt 0.762640 0.992214
vt 0.760773 0.988750
vt 0.762640 0.986967
vt 0.994955 0.512603
vt 0.997733 0.509931
vt 0.997859 0.512604
vt 0.994776 0.509931
vt 0.281474 0.558319
vt 0.921485 0.794138
vt 0.921337 0.801761
vt 0.915936 0.796480
vt 0.985217 0.500078
vt 0.992790 0.497207
vt 0.992309 0.500078
vt 0.701716 0.986967
vt 0.703133 0.989762
vt 0.701716 0.992326
vt 0.985217 0.379731
vt 0.992666 0.379731
vt 0.992808 0.385169
vt 0.143826 0.940810
vt 0.140217 0.956531
vt 0.140217 0.939833
vt 0.898776 0.521025
vt 0.892462 0.533443
vt 0.892462 0.517247
vt 0.909195 0.954857
vt 0.905477 0.952216
vt 0.909195 0.939833
vt 0.915936 0.781555
vt 0.630731 0.992356
vt 0.626920 0.989406
vt 0.630731 0.986967
vt 0.985513 0.385154
vt 0.872958 0.462697
vt 0.878628 0.462365
vt 0.877074 0.468702
vt 0.870706 0.450157
vt 0.876426 0.446196
vt 0.375615 0.939833
vt 0.380237 0.940237
vt 0.375615 0.956102
vt 0.379235 0.955988
vt 0.445097 0.972158
vt 0.445098 0.957926
vt 0.450545 0.972104
vt 0.998985 0.170752
vt 0.997130 0.172228
vt 0.994776 0.170752
vt 0.870980 0.464558
vt 0.450545 0.957919
vt 0.985771 0.497207
vt 0.875167 0.470666
vt 0.590302 0.988835
vt 0.588546 0.992543
vt 0.588546 0.986967
vt 0.994776 0.107375
vt 0.995001 0.104410
vt 0.999042 0.104394
vt 0.934655 0.201754
vt 0.929828 0.215747
vt 0.929828 0.200026
vt 0.930839 0.197006
vt 0.998816 0.107375
vt 0.983710 0.192698
vt 0.977049 0.193245
vt 0.981837 0.189750
vt 0.974187 0.189750
vt 0.691064 0.986967
vt 0.692541 0.990097
vt 0.691064 0.992329
vt 0.876943 0.442583
vt 0.878628 0.445231
vt 0.874738 0.443543
vt 0.922297 0.010829
vt 0.927104 0.006673
vt 0.930484 0.021899
vt 0.968737 0.001007
vt 0.972879 0.003466
vt 0.969027 0.005238
vt 0.961369 0.000640
vt 0.925357 0.004314
vt 0.960860 0.005238
vt 0.959385 0.003005
vt 0.928741 0.002774
vt 0.994885 0.431970
vt 0.994776 0.429300
vt 0.997918 0.429300
vt 0.930484 0.005127
vt 0.998020 0.431970
vt 0.731960 0.992234
vt 0.730101 0.988733
vt 0.731960 0.986967
vt 0.893799 0.514624
vt 0.217770 0.913003
vt 0.217121 0.920802
vt 0.212156 0.915391
vt 0.985217 0.240901
vt 0.993195 0.238205
vt 0.992714 0.240901
vt 0.969116 0.986967
vt 0.970441 0.989734
vt 0.969116 0.991778
vt 0.985217 0.067595
vt 0.993298 0.067595
vt 0.992816 0.073040
vt 0.940569 0.844493
vt 0.956802 0.848203
vt 0.939661 0.848203
vt 0.926228 0.859755
vt 0.920133 0.872412
vt 0.920133 0.855673
vt 0.031141 0.972804
vt 0.027629 0.969781
vt 0.031141 0.957919
vt 0.212156 0.900313
vt 0.736937 0.992138
vt 0.733239 0.988986
vt 0.736937 0.986967
vt 0.985602 0.073049
vt 0.355208 0.986967
vt 0.360601 0.989629
vt 0.355208 0.992991
vt 0.921243 0.667876
vt 0.918941 0.655836
vt 0.926899 0.667257
vt 0.924692 0.651855
vt 0.642690 0.939833
vt 0.647326 0.940010
vt 0.642690 0.955311
vt 0.646200 0.955220
vt 0.126482 0.972492
vt 0.126482 0.957919
vt 0.131937 0.972089
vt 0.998512 0.325879
vt 0.997016 0.327318
vt 0.994776 0.325879
vt 0.985558 0.495928
vt 0.985217 0.493158
vt 0.991815 0.493168
vt 0.131929 0.958123
vt 0.986175 0.238195
vt 0.992802 0.495928
vt 0.593315 0.988828
vt 0.591581 0.992543
vt 0.591581 0.986967
vt 0.994776 0.111485
vt 0.995001 0.108655
vt 0.999038 0.108655
vt 0.944342 0.142723
vt 0.957928 0.147568
vt 0.942579 0.147568
vt 0.939661 0.146642
vt 0.998816 0.111449
vt 0.983681 0.207657
vt 0.976994 0.208223
vt 0.981852 0.204666
vt 0.974187 0.204666
vt 0.688326 0.986967
vt 0.689784 0.990105
vt 0.688326 0.992340
vt 0.923119 0.649321
vt 0.925334 0.648402
vt 0.926899 0.650922
vt 0.921118 0.827720
vt 0.925630 0.823273
vt 0.928963 0.838546
vt 0.968739 0.006892
vt 0.972876 0.009371
vt 0.969053 0.011063
vt 0.961365 0.006517
vt 0.923732 0.820991
vt 0.960863 0.011063
vt 0.959385 0.008841
vt 0.927032 0.819255
vt 0.994776 0.397481
vt 0.998154 0.400150
vt 0.994897 0.400150
vt 0.928963 0.821577
vt 0.998049 0.397481
vt 0.786367 0.992170
vt 0.784508 0.988704
vt 0.786367 0.986967
vt 0.921640 0.853026
vt 0.977060 0.057295
vt 0.983651 0.062361
vt 0.982427 0.064824
vt 0.974780 0.058927
vt 0.974187 0.064824
vt 0.981026 0.829278
vt 0.974187 0.829339
vt 0.982666 0.825171
vt 0.666395 0.992418
vt 0.665272 0.989599
vt 0.666395 0.986967
vt 0.974187 0.824427
vt 0.266785 0.950171
vt 0.272217 0.951462
vt 0.266785 0.956190
vt 0.271521 0.939834
vt 0.962451 0.962513
vt 0.959385 0.956190
vt 0.970748 0.956190
vt 0.961638 0.378848
vt 0.959385 0.374993
vt 0.972311 0.374993
vt 0.461431 0.974165
vt 0.465387 0.982261
vt 0.461431 0.984826
vt 0.994776 0.039655
vt 0.994776 0.035793
vt 0.999189 0.036584
vt 0.959385 0.866207
vt 0.970878 0.868076
vt 0.959385 0.871999
vt 0.381517 0.943602
vt 0.386064 0.939834
vt 0.386064 0.956082
vt 0.924712 0.213817
vt 0.924403 0.197986
vt 0.928549 0.197006
vt 0.928549 0.216214
vt 0.945390 0.363796
vt 0.957342 0.369337
vt 0.939661 0.369337
vt 0.973593 0.991719
vt 0.971721 0.988604
vt 0.973593 0.986967
vt 0.994776 0.279545
vt 0.998421 0.279545
vt 0.998608 0.282199
vt 0.993408 0.080783
vt 0.986994 0.083726
vt 0.985217 0.080783
vt 0.969029 0.343945
vt 0.960954 0.343945
vt 0.961053 0.339761
vt 0.959385 0.341809
vt 0.995012 0.282199
vt 0.968304 0.340162
vt 0.897113 0.974179
vt 0.899586 0.977951
vt 0.896492 0.977964
vt 0.900480 0.983970
vt 0.900480 0.974165
vt 0.491117 0.939833
vt 0.496362 0.941394
vt 0.495900 0.953967
vt 0.491117 0.955750
vt 0.971684 0.562502
vt 0.970672 0.568698
vt 0.959385 0.562502
vt 0.972346 0.342722
vt 0.191886 0.993358
vt 0.189823 0.988383
vt 0.191886 0.986967
vt 0.983587 0.362834
vt 0.976741 0.363460
vt 0.981984 0.359852
vt 0.994776 0.140865
vt 0.995024 0.138537
vt 0.998990 0.138537
vt 0.998767 0.140639
vt 0.974187 0.359852
vt 0.727542 0.986967
vt 0.728821 0.989942
vt 0.727542 0.992263
vt 0.981485 0.143024
vt 0.983760 0.143712
vt 0.983659 0.145933
vt 0.974187 0.145933
vt 0.981382 0.145292
vt 0.566804 0.988885
vt 0.565220 0.992586
vt 0.565220 0.986967
vt 0.887317 0.986967
vt 0.888749 0.989659
vt 0.887317 0.991888
vt 0.986137 0.428957
vt 0.992854 0.431943
vt 0.985217 0.431943
vt 0.992235 0.428906
vt 0.698436 0.189387
vt 0.695642 0.195632
vt 0.692790 0.195161
vt 0.695658 0.188754
vt 0.691126 0.187422
vt 0.905105 0.166099
vt 0.901863 0.172381
vt 0.898479 0.168981
vt 0.899002 0.171620
vt 0.921654 0.436602
vt 0.921654 0.417231
vt 0.926775 0.434620
vt 0.699224 0.173405
vt 0.693049 0.169790
vt 0.926405 0.417803
vt 0.901761 0.162808
vt 0.906564 0.161958
vt 0.992619 0.336277
vt 0.991146 0.340000
vt 0.985227 0.336278
vt 0.199749 0.985247
vt 0.199749 0.974165
vt 0.204302 0.982552
vt 0.959385 0.387521
vt 0.962846 0.380240
vt 0.972110 0.387521
vt 0.898479 0.151107
vt 0.790453 0.986967
vt 0.791794 0.989358
vt 0.790453 0.992188
vt 0.985217 0.333219
vt 0.992853 0.333219
vt 0.609454 0.941729
vt 0.608956 0.954389
vt 0.604972 0.955593
vt 0.962595 0.380127
vt 0.997404 0.611233
vt 0.997396 0.611371
vt 0.994776 0.611521
vt 0.994791 0.611233
vt 0.903403 0.149702
vt 0.989933 0.988207
vt 0.988230 0.991700
vt 0.988230 0.986967
vt 0.693105 0.962953
vt 0.695056 0.960887
vt 0.693149 0.963080
vt 0.701494 0.957919
vt 0.701494 0.971705
vt 0.694588 0.959983
vt 0.607996 0.967607
vt 0.607773 0.960433
vt 0.612425 0.967361
vt 0.612425 0.959302
vt 0.610240 0.957919
vt 0.961426 0.504087
vt 0.963646 0.498386
vt 0.971964 0.504087
vt 0.609966 0.972050
vt 0.976813 0.558239
vt 0.983016 0.558507
vt 0.981781 0.562858
vt 0.959385 0.498649
vt 0.974187 0.562858
vt 0.575528 0.992579
vt 0.573941 0.990537
vt 0.575528 0.986967
vt 0.845286 0.987800
vt 0.849296 0.986967
vt 0.849296 0.991867
vt 0.845282 0.991678
vt 0.793074 0.986967
vt 0.794621 0.990747
vt 0.793074 0.992177
vt 0.694616 0.164268
vt 0.691126 0.168475
vt 0.696636 0.165466
vt 0.604972 0.939833
s 1
usemtl Skeleton
f 34/1/1 33/2/2 37/3/3
f 34/1/1 35/4/4 33/2/2
f 35/5/4 36/6/5 33/7/2
f 37/8/3 33/9/2 36/10/5
f 37/3/3 40/11/6 38/12/7
f 34/1/1 37/3/3 38/12/7
f 41/13/8 37/14/3 39/15/9
f 37/16/3 36/17/5 39/18/9
f 37/3/3 41/19/8 40/11/6
f 41/20/8 42/21/10 45/22/11
f 41/13/8 39/15/9 42/23/10
f 43/24/12 40/11/6 41/19/8
f 43/24/12 41/19/8 44/25/13
f 41/20/8 45/22/11 44/26/13
f 47/27/14 45/28/11 46/29/15
f 42/30/10 46/29/15 45/28/11
f 44/31/13 45/32/11 47/33/14
f 47/27/14 46/29/15 51/34/16
f 48/35/17 50/36/18 47/27/14
f 48/35/17 47/27/14 51/34/16
f 44/31/13 47/33/14 49/37/19
f 50/38/18 49/37/19 47/33/14
f 52/39/20 48/35/17 51/34/16
f 51/40/16 46/41/15 53/42/21
f 51/40/16 53/42/21 52/43/20
f 54/44/22 55/45/23 53/42/21
f 54/44/22 53/42/21 46/41/15
f 56/46/24 53/47/21 55/48/23
f 56/46/24 57/49/25 53/47/21
f 53/47/21 57/49/25 58/50/26
f 53/47/21 58/50/26 52/51/20
f 61/52/27 59/53/28 58/54/26
f 59/55/28 52/51/20 58/50/26
f 61/56/27 58/57/26 60/58/29
f 58/59/26 43/60/12 60/61/29
f 58/59/26 57/62/25 43/60/12
f 62/63/30 61/56/27 60/58/29
f 62/64/30 59/53/28 61/52/27
f 62/64/30 50/65/18 59/53/28
f 50/38/18 62/66/30 49/37/19
f 62/63/30 60/58/29 49/67/19
f 60/68/29 44/25/13 49/69/19
f 60/68/29 43/24/12 44/25/13
f 59/55/28 63/70/31 52/51/20
f 63/71/31 59/53/28 50/65/18
f 52/39/20 63/72/31 48/35/17
f 63/71/31 50/65/18 48/73/17
f 40/74/6 43/60/12 57/62/25
f 40/74/6 57/62/25 56/75/24
f 55/76/23 64/77/32 56/78/24
f 64/79/32 40/74/6 56/75/24
f 64/79/32 38/80/7 40/74/6
f 66/81/33 38/80/7 64/79/32
f 55/76/23 65/82/34 64/77/32
f 65/82/34 66/83/33 64/77/32
f 66/81/33 34/84/1 38/80/7
f 67/85/35 34/84/1 66/81/33
f 67/86/35 66/87/33 68/88/36
f 65/82/34 68/89/36 66/83/33
f 67/86/35 68/88/36 69/90/37
f 70/91/38 69/92/37 68/93/36
f 70/91/38 68/93/36 71/94/39
f 71/94/39 68/93/36 65/95/34
f 70/96/38 71/97/39 36/98/5
f 39/99/9 71/97/39 72/100/40
f 71/94/39 65/95/34 72/101/40
f 39/99/9 36/98/5 71/97/39
f 72/101/40 65/95/34 55/45/23
f 39/99/9 72/100/40 54/102/22
f 72/101/40 55/45/23 54/44/22
f 70/96/38 73/103/41 75/104/42
f 70/96/38 36/98/5 73/103/41
f 70/96/38 75/104/42 74/105/43
f 74/106/43 69/92/37 70/91/38
f 75/107/42 73/108/41 35/109/4
f 75/107/42 35/109/4 76/110/44
f 74/105/43 75/104/42 77/111/45
f 77/112/45 75/107/42 76/110/44
f 78/113/46 77/114/45 80/115/47
f 74/105/43 77/111/45 78/116/46
f 77/112/45 79/117/48 81/118/49
f 77/112/45 76/110/44 79/117/48
f 77/112/45 81/118/49 80/119/47
f 83/120/50 80/119/47 81/118/49
f 81/121/49 82/122/51 84/123/52
f 79/124/48 82/125/51 81/126/49
f 81/121/49 84/123/52 83/127/50
f 83/127/50 84/123/52 85/128/53
f 85/129/53 84/130/52 86/131/54
f 86/132/54 84/133/52 82/125/51
f 85/129/53 86/131/54 88/134/55
f 86/135/54 90/136/56 87/137/57
f 87/137/57 88/138/55 86/135/54
f 86/135/54 89/139/58 90/136/56
f 86/132/54 82/125/51 89/140/58
f 94/141/59 91/142/60 90/143/56
f 91/144/60 93/145/61 90/146/56
f 90/147/56 92/148/62 87/149/57
f 90/146/56 93/145/61 92/150/62
f 94/151/59 90/136/56 89/139/58
f 95/152/63 91/142/60 94/141/59
f 96/153/64 95/154/63 94/155/59
f 96/156/64 94/157/59 89/140/58
f 96/153/64 97/158/65 95/154/63
f 76/159/44 97/160/65 96/156/64
f 79/124/48 96/156/64 82/125/51
f 76/159/44 96/156/64 79/124/48
f 96/156/64 89/140/58 82/125/51
f 98/161/66 95/154/63 97/158/65
f 35/4/4 98/162/66 97/160/65
f 35/4/4 97/160/65 76/159/44
f 34/1/1 98/162/66 35/4/4
f 98/161/66 67/85/35 95/154/63
f 67/85/35 98/161/66 34/84/1
f 95/152/63 99/163/67 91/142/60
f 95/164/63 67/86/35 69/90/37
f 95/165/63 69/166/37 99/167/67
f 74/106/43 99/168/67 69/92/37
f 99/168/67 78/113/46 91/144/60
f 99/168/67 74/106/43 78/113/46
f 91/144/60 78/113/46 93/145/61
f 78/113/46 80/115/47 93/145/61
f 100/169/68 92/170/62 93/171/61
f 100/169/68 93/171/61 80/172/47
f 101/173/69 103/174/70 100/175/68
f 101/173/69 100/175/68 83/127/50
f 102/176/71 92/170/62 100/169/68
f 102/177/71 100/178/68 103/179/70
f 83/120/50 100/180/68 80/119/47
f 104/181/72 103/179/70 88/182/55
f 103/183/70 85/129/53 88/134/55
f 103/174/70 101/173/69 85/128/53
f 104/181/72 102/177/71 103/179/70
f 87/137/57 104/184/72 88/138/55
f 92/148/62 104/185/72 87/149/57
f 92/148/62 102/186/71 104/185/72
f 83/127/50 85/128/53 101/173/69
f 35/109/4 73/108/41 36/187/5
f 42/188/10 54/102/22 46/189/15
f 39/99/9 54/102/22 42/188/10
f 106/190/73 108/191/74 105/192/75
f 106/190/73 105/192/75 107/193/76
f 110/194/77 107/193/76 105/192/75
f 108/195/74 109/196/78 105/197/75
f 109/196/78 110/198/77 105/197/75
f 113/199/79 111/200/80 110/201/77
f 111/202/80 112/203/81 110/204/77
f 110/194/77 112/205/81 107/193/76
f 109/206/78 113/199/79 110/201/77
f 109/196/78 114/207/82 113/208/79
f 114/207/82 115/209/83 113/208/79
f 113/199/79 115/210/83 111/200/80
f 115/210/83 117/211/84 116/212/85
f 115/210/83 116/212/85 111/200/80
f 118/213/86 117/214/84 115/209/83
f 114/207/82 118/213/86 115/209/83
f 118/213/86 119/215/87 117/214/84
f 121/216/88 119/217/87 118/218/86
f 114/219/82 120/220/89 118/218/86
f 121/216/88 118/218/86 120/220/89
f 123/221/90 119/222/87 121/223/88
f 122/224/91 121/225/88 120/226/89
f 123/227/90 121/228/88 122/229/91
f 124/230/92 116/231/85 123/221/90
f 117/232/84 123/221/90 116/231/85
f 124/230/92 123/221/90 126/233/93
f 123/227/90 122/229/91 125/234/94
f 123/221/90 125/235/94 126/233/93
f 117/232/84 119/222/87 123/221/90
f 124/236/92 126/237/93 127/238/95
f 127/239/95 126/240/93 125/241/94
f 128/242/96 130/243/97 127/244/95
f 127/239/95 125/241/94 128/245/96
f 124/236/92 127/238/95 129/246/98
f 129/247/98 127/248/95 130/249/97
f 129/247/98 130/249/97 112/250/81
f 131/251/99 112/250/81 130/249/97
f 132/252/100 131/253/99 130/243/97
f 128/242/96 132/252/100 130/243/97
f 132/254/100 128/255/96 133/256/101
f 132/254/100 133/256/101 135/257/102
f 132/252/100 134/258/103 131/253/99
f 134/259/103 132/254/100 135/257/102
f 135/257/102 136/260/104 134/259/103
f 133/256/101 136/260/104 135/257/102
f 137/261/105 134/262/103 136/263/104
f 137/261/105 136/263/104 114/219/82
f 114/219/82 136/263/104 120/220/89
f 133/256/101 120/226/89 136/260/104
f 134/264/103 137/265/105 138/266/106
f 109/196/78 138/267/106 137/268/105
f 109/196/78 137/268/105 114/207/82
f 139/269/107 138/266/106 140/270/108
f 134/264/103 138/266/106 139/269/107
f 109/196/78 141/271/109 138/267/106
f 140/272/108 138/267/106 141/271/109
f 140/272/108 141/271/109 142/273/110
f 141/271/109 143/274/111 142/273/110
f 141/271/109 108/195/74 143/274/111
f 108/195/74 141/271/109 109/196/78
f 143/275/111 108/191/74 106/190/73
f 142/273/110 143/274/111 145/276/112
f 145/277/112 143/275/111 144/278/113
f 143/275/111 106/190/73 144/278/113
f 146/279/114 145/277/112 147/280/115
f 145/281/112 146/282/114 149/283/116
f 142/284/110 145/281/112 148/285/117
f 145/277/112 144/278/113 147/280/115
f 145/281/112 149/283/116 148/285/117
f 152/286/118 149/283/116 146/282/114
f 151/287/119 150/288/120 149/289/116
f 150/288/120 148/290/117 149/289/116
f 151/287/119 149/289/116 152/291/118
f 152/286/118 146/282/114 156/292/121
f 155/293/122 152/294/118 153/295/123
f 152/286/118 154/296/124 153/297/123
f 152/286/118 156/292/121 154/296/124
f 155/298/122 151/287/119 152/291/118
f 156/299/121 146/279/114 157/300/125
f 156/299/121 157/300/125 158/301/126
f 159/302/127 156/303/121 158/304/126
f 154/296/124 156/292/121 159/305/127
f 160/306/128 161/307/129 159/302/127
f 159/302/127 158/304/126 160/306/128
f 159/305/127 161/308/129 162/309/130
f 159/305/127 162/309/130 154/296/124
f 154/310/124 162/311/130 164/312/131
f 165/313/132 162/314/130 163/315/133
f 161/308/129 163/316/133 162/309/130
f 165/317/132 164/318/131 162/319/130
f 169/320/134 165/321/132 163/322/133
f 166/323/135 164/324/131 165/325/132
f 166/323/135 165/325/132 167/326/136
f 168/327/137 167/328/136 165/329/132
f 168/327/137 165/329/132 169/330/134
f 169/320/134 163/322/133 171/331/138
f 169/332/134 171/333/138 170/334/139
f 170/334/139 168/335/137 169/332/134
f 171/336/138 163/316/133 172/337/140
f 171/336/138 172/337/140 170/338/139
f 170/339/139 172/340/140 173/341/141
f 172/342/140 174/343/142 173/344/141
f 172/345/140 161/346/129 174/347/142
f 161/308/129 172/337/140 163/316/133
f 160/306/128 174/343/142 161/307/129
f 160/306/128 175/348/143 174/343/142
f 173/344/141 174/343/142 175/348/143
f 176/349/144 175/350/143 160/351/128
f 173/344/141 175/348/143 177/352/145
f 177/353/145 175/350/143 176/349/144
f 179/354/146 173/341/141 177/355/145
f 180/356/147 177/357/145 178/358/148
f 177/357/145 176/359/144 178/358/148
f 179/354/146 177/355/145 180/360/147
f 179/361/146 180/362/147 181/363/149
f 180/356/147 178/358/148 181/364/149
f 178/365/148 183/366/150 181/367/149
f 179/361/146 181/363/149 182/368/151
f 184/369/152 182/370/151 181/371/149
f 181/371/149 183/372/150 184/369/152
f 183/366/150 185/373/153 184/374/152
f 185/375/153 182/370/151 184/369/152
f 185/376/153 186/377/154 182/378/151
f 186/379/154 185/380/153 187/381/155
f 185/382/153 188/383/156 187/384/155
f 185/382/153 189/385/157 188/383/156
f 183/366/150 189/386/157 185/373/153
f 178/365/148 189/386/157 183/366/150
f 189/385/157 178/387/148 176/388/144
f 189/385/157 176/388/144 188/383/156
f 190/389/158 191/390/159 188/383/156
f 190/389/158 188/383/156 176/388/144
f 188/383/156 191/390/159 187/384/155
f 191/391/159 192/392/160 193/393/161
f 194/394/162 192/392/160 191/391/159
f 190/389/158 194/395/162 191/390/159
f 191/391/159 193/393/161 187/381/155
f 157/396/125 195/397/163 194/395/162
f 157/396/125 194/395/162 158/398/126
f 195/399/163 196/400/164 194/394/162
f 158/398/126 194/395/162 190/389/158
f 194/394/162 196/400/164 192/392/160
f 195/399/163 197/401/165 196/400/164
f 197/402/165 151/403/119 196/404/164
f 196/404/164 151/403/119 155/405/122
f 196/404/164 155/405/122 192/406/160
f 197/401/165 195/399/163 199/407/166
f 150/408/120 197/402/165 198/409/167
f 197/401/165 199/407/166 198/410/167
f 197/402/165 150/408/120 151/403/119
f 199/407/166 200/411/168 201/412/169
f 144/413/113 200/414/168 199/415/166
f 199/407/166 201/412/169 198/410/167
f 147/416/115 199/415/166 195/397/163
f 144/413/113 199/415/166 147/416/115
f 202/417/170 139/418/107 201/412/169
f 202/417/170 201/412/169 200/411/168
f 139/269/107 140/270/108 201/419/169
f 201/419/169 140/270/108 203/420/171
f 201/419/169 203/420/171 198/409/167
f 150/288/120 203/421/171 148/290/117
f 203/421/171 142/273/110 148/290/117
f 203/421/171 140/272/108 142/273/110
f 150/408/120 198/409/167 203/420/171
f 106/422/73 202/423/170 200/414/168
f 202/417/170 131/253/99 134/258/103
f 106/424/73 131/251/99 202/425/170
f 202/417/170 134/258/103 139/418/107
f 106/422/73 200/414/168 144/413/113
f 147/416/115 195/397/163 157/396/125
f 192/406/160 166/426/135 193/427/161
f 193/427/161 166/426/135 167/428/136
f 193/429/161 167/328/136 186/430/154
f 186/379/154 187/381/155 193/393/161
f 192/406/160 155/405/122 166/426/135
f 176/431/144 160/432/128 190/433/158
f 158/398/126 190/389/158 160/434/128
f 182/435/151 186/430/154 167/328/136
f 182/368/151 168/436/137 179/361/146
f 182/435/151 167/328/136 168/327/137
f 170/437/139 179/361/146 168/436/137
f 170/339/139 173/341/141 179/354/146
f 153/295/123 166/323/135 155/293/122
f 153/295/123 164/324/131 166/323/135
f 154/296/124 164/438/131 153/297/123
f 146/279/114 147/280/115 157/300/125
f 122/224/91 120/226/89 133/256/101
f 128/255/96 122/224/91 133/256/101
f 106/424/73 107/439/76 131/251/99
f 131/251/99 107/439/76 112/250/81
f 116/440/85 124/236/92 129/246/98
f 116/440/85 129/246/98 111/202/80
f 111/202/80 129/246/98 112/203/81
f 128/255/96 125/441/94 122/224/91
usemtl Mechanism_2
f 4/442/172 1/443/173 2/444/174
f 1/445/173 3/446/175 2/447/174
f 1/445/173 5/448/176 3/446/175
f 1/449/173 4/450/172 7/451/177
f 6/452/178 5/453/176 1/449/173
f 6/452/178 1/449/173 8/454/179
f 1/449/173 7/451/177 8/454/179
f 9/455/180 15/456/181 8/454/179
f 8/454/179 10/457/182 9/455/180
f 10/458/182 8/459/179 11/460/183
f 8/459/179 12/461/184 11/460/183
f 7/451/177 13/462/185 8/454/179
f 8/459/179 14/463/186 12/461/184
f 14/464/186 8/454/179 13/462/185
f 15/456/181 6/452/178 8/454/179
f 6/465/178 15/466/181 16/467/187
f 15/468/181 17/469/188 16/470/187
f 15/468/181 9/471/180 17/469/188
f 9/471/180 18/472/189 17/469/188
f 16/473/187 17/474/188 18/475/189
f 9/471/180 10/458/182 18/472/189
f 10/458/182 11/460/183 18/472/189
f 18/475/189 11/476/183 12/477/184
f 16/473/187 18/475/189 12/477/184
f 2/447/174 3/446/175 16/473/187
f 19/478/190 2/447/174 16/473/187
f 3/446/175 20/479/191 16/473/187
f 22/480/192 19/478/190 16/473/187
f 6/465/178 16/467/187 20/481/191
f 21/482/193 22/480/192 16/473/187
f 16/473/187 12/477/184 21/482/193
f 22/480/192 23/483/194 19/478/190
f 24/484/195 23/485/194 22/486/192
f 25/487/196 24/488/195 22/489/192
f 25/487/196 22/489/192 26/490/197
f 21/482/193 26/491/197 22/480/192
f 27/492/198 25/487/196 26/490/197
f 27/492/198 26/490/197 21/493/193
f 25/494/196 27/495/198 13/462/185
f 13/496/185 27/492/198 21/493/193
f 24/497/195 25/494/196 13/462/185
f 7/451/177 24/497/195 13/462/185
f 24/484/195 7/498/177 23/485/194
f 7/498/177 19/499/190 23/485/194
f 28/500/199 21/482/193 12/477/184
f 13/496/185 21/493/193 28/501/199
f 29/502/200 28/500/199 12/477/184
f 30/503/201 28/501/199 29/504/200
f 30/503/201 13/496/185 28/501/199
f 13/462/185 30/505/201 31/506/202
f 31/506/202 30/505/201 29/507/200
f 14/463/186 31/508/202 32/509/203
f 31/506/202 29/507/200 32/510/203
f 31/506/202 14/464/186 13/462/185
f 12/477/184 32/511/203 29/502/200
f 14/463/186 32/509/203 12/461/184
f 5/448/176 20/479/191 3/446/175
f 5/448/176 6/512/178 20/479/191
f 4/442/172 2/444/174 19/499/190
f 7/498/177 4/442/172 19/499/190
f 207/513/204 204/514/205 205/515/206
f 204/516/205 206/517/207 205/518/206
f 204/516/205 208/519/208 206/517/207
f 207/520/204 208/521/208 204/522/205
f 207/520/204 209/523/209 208/521/208
f 209/524/209 210/525/210 208/526/208
f 206/527/207 208/526/208 210/525/210
f 206/527/207 210/525/210 211/528/211
f 209/524/209 215/529/212 210/525/210
f 212/530/213 211/531/211 210/532/210
f 212/530/213 210/532/210 213/533/214
f 214/534/215 213/535/214 210/536/210
f 214/534/215 210/536/210 215/537/212
f 218/538/216 215/529/212 209/524/209
f 216/539/217 214/540/215 215/541/212
f 216/539/217 215/541/212 217/542/218
f 218/538/216 217/543/218 215/529/212
f 218/544/216 207/545/204 219/546/219
f 220/547/220 218/544/216 219/546/219
f 220/547/220 221/548/221 218/544/216
f 209/549/209 207/545/204 218/544/216
f 221/550/221 217/551/218 218/552/216
f 223/553/222 221/548/221 220/547/220
f 221/554/221 222/555/223 214/556/215
f 223/553/222 222/557/223 221/548/221
f 221/550/221 216/558/217 217/551/218
f 221/554/221 214/556/215 216/559/217
f 227/560/207 224/561/208 223/562/222
f 225/563/205 223/564/222 224/565/208
f 225/563/205 222/566/223 223/564/222
f 227/560/207 223/562/222 226/567/224
f 226/568/224 223/553/222 220/547/220
f 228/569/225 227/560/207 226/567/224
f 230/570/206 224/571/208 227/572/207
f 227/572/207 228/573/225 229/574/226
f 229/574/226 230/570/206 227/572/207
f 229/575/226 212/576/213 230/577/206
f 230/570/206 225/578/205 224/571/208
f 230/577/206 213/579/214 225/580/205
f 230/577/206 212/576/213 213/579/214
f 229/574/226 233/581/227 231/582/228
f 231/583/228 232/584/229 229/585/226
f 229/575/226 232/586/229 212/576/213
f 229/574/226 234/587/230 233/581/227
f 228/573/225 234/587/230 229/574/226
f 234/588/230 235/589/231 237/590/232
f 235/591/231 234/587/230 228/573/225
f 234/587/230 238/592/233 233/581/227
f 234/587/230 236/593/234 238/592/233
f 234/588/230 237/590/232 236/594/234
f 237/595/232 239/596/235 238/597/233
f 237/595/232 238/597/233 236/598/234
f 233/599/227 238/600/233 239/601/235
f 240/602/236 241/603/237 239/601/235
f 240/602/236 239/601/235 243/604/238
f 233/599/227 239/601/235 241/603/237
f 242/605/239 243/606/238 239/607/235
f 242/605/239 239/607/235 237/608/232
f 244/609/240 243/606/238 242/605/239
f 244/609/240 245/610/241 243/606/238
f 240/602/236 243/604/238 245/611/241
f 244/612/240 247/613/242 245/614/241
f 240/602/236 245/611/241 246/615/243
f 248/616/244 246/615/243 245/611/241
f 248/616/244 245/611/241 247/617/242
f 250/618/245 246/619/243 248/620/244
f 249/621/246 248/622/244 251/623/247
f 250/618/245 248/620/244 249/624/246
f 251/625/247 248/616/244 247/617/242
f 252/626/248 249/621/246 251/623/247
f 255/627/249 252/626/248 251/623/247
f 251/623/247 253/628/250 256/629/251
f 251/630/247 254/631/252 253/632/250
f 251/630/247 257/633/253 254/631/252
f 251/623/247 256/629/251 255/627/249
f 251/625/247 247/617/242 257/634/253
f 254/635/252 257/636/253 247/637/242
f 258/638/254 256/629/251 259/639/255
f 258/638/254 255/627/249 256/629/251
f 259/639/255 256/629/251 253/628/250
f 226/567/224 259/640/255 260/641/244
f 258/638/254 259/639/255 226/568/224
f 260/642/244 259/639/255 253/628/250
f 226/567/224 260/641/244 262/643/243
f 261/644/256 262/645/243 260/646/244
f 253/628/250 261/647/256 260/642/244
f 262/643/243 264/648/236 226/567/224
f 261/644/256 263/649/257 262/645/243
f 263/650/257 264/651/236 262/652/243
f 264/648/236 228/569/225 226/567/224
f 263/650/257 265/653/258 264/651/236
f 265/653/258 266/654/237 264/651/236
f 264/648/236 266/655/237 228/569/225
f 265/653/258 235/591/231 266/654/237
f 235/591/231 228/573/225 266/654/237
f 265/656/258 242/657/239 237/590/232
f 265/656/258 244/658/240 242/657/239
f 265/656/258 263/659/257 244/658/240
f 265/656/258 237/590/232 235/589/231
f 261/660/256 244/658/240 263/659/257
f 253/661/250 267/662/259 261/660/256
f 261/660/256 267/662/259 244/658/240
f 253/661/250 254/663/252 267/662/259
f 254/635/252 247/637/242 267/664/259
f 244/612/240 267/665/259 247/613/242
f 220/547/220 258/638/254 226/568/224
f 258/638/254 268/666/260 255/627/249
f 258/667/254 269/668/261 268/669/260
f 220/670/220 270/671/262 258/672/254
f 258/667/254 270/673/262 269/668/261
f 220/670/220 272/674/263 270/671/262
f 270/675/262 271/676/264 269/677/261
f 270/675/262 272/678/263 271/676/264
f 219/679/219 271/680/264 272/681/263
f 219/679/219 272/681/263 220/682/220
f 219/683/219 269/684/261 271/685/264
f 219/683/219 268/686/260 269/684/261
f 273/687/265 268/666/260 219/546/219
f 252/626/248 255/627/249 268/666/260
f 252/626/248 268/666/260 273/687/265
f 207/545/204 273/687/265 219/546/219
f 207/513/204 205/515/206 273/688/265
f 275/689/266 250/690/245 273/688/265
f 250/690/245 249/691/246 273/688/265
f 249/691/246 252/692/248 273/688/265
f 205/515/206 274/693/267 273/688/265
f 274/693/267 275/689/266 273/688/265
f 274/693/267 276/694/268 275/689/266
f 276/695/268 240/696/236 275/697/266
f 275/697/266 240/696/236 246/698/243
f 275/697/266 246/698/243 250/699/245
f 274/700/267 241/701/237 276/695/268
f 276/695/268 241/701/237 240/696/236
f 274/700/267 233/581/227 241/701/237
f 233/581/227 274/700/267 231/582/228
f 274/700/267 205/518/206 231/582/228
f 231/583/228 277/702/269 232/584/229
f 212/530/213 232/703/229 277/704/269
f 231/705/228 211/528/211 277/706/269
f 212/530/213 277/704/269 211/531/211
f 231/705/228 206/527/207 211/528/211
f 205/518/206 206/517/207 231/582/228
f 222/555/223 225/580/205 213/579/214
f 222/555/223 213/579/214 214/556/215
f 278/707/270 279/708/271 281/709/272
f 278/707/270 280/710/273 279/708/271
f 280/711/273 278/712/270 283/713/274
f 278/707/270 281/709/272 282/714/275
f 278/712/270 282/715/275 283/713/274
f 285/716/276 283/713/274 284/717/277
f 283/713/274 286/718/278 284/717/277
f 285/716/276 280/711/273 283/713/274
f 283/713/274 282/715/275 286/718/278
f 284/717/277 286/718/278 287/719/279
f 287/719/279 286/718/278 288/720/280
f 286/718/278 289/721/281 288/720/280
f 282/715/275 289/721/281 286/718/278
f 289/722/281 290/723/282 288/724/280
f 289/722/281 291/725/283 290/723/282
f 282/714/275 291/726/283 289/727/281
f 281/709/272 292/728/284 291/726/283
f 282/714/275 281/709/272 291/726/283
f 291/726/283 292/728/284 293/729/285
f 290/723/282 291/725/283 293/730/285
f 293/729/285 296/731/286 294/732/287
f 293/730/285 294/733/287 295/734/288
f 290/723/282 293/730/285 295/734/288
f 292/728/284 296/731/286 293/729/285
f 296/735/286 299/736/289 297/737/290
f 296/735/286 297/737/290 294/738/287
f 296/731/286 298/739/291 299/740/289
f 292/728/284 298/739/291 296/731/286
f 299/736/289 302/741/292 297/737/290
f 299/736/289 300/742/293 302/741/292
f 301/743/294 300/742/293 299/736/289
f 298/739/291 301/744/294 299/740/289
f 300/742/293 303/745/295 302/741/292
f 302/741/292 303/745/295 305/746/296
f 297/737/290 302/741/292 304/747/297
f 304/747/297 302/741/292 305/746/296
f 304/747/297 305/746/296 308/748/298
f 305/749/296 307/750/299 306/751/300
f 305/749/296 306/751/300 308/752/298
f 303/745/295 307/753/299 305/746/296
f 306/751/300 309/754/301 308/752/298
f 309/755/301 310/756/302 308/757/298
f 310/758/302 304/747/297 308/748/298
f 310/756/302 294/733/287 304/759/297
f 311/760/303 295/734/288 310/756/302
f 295/734/288 294/733/287 310/756/302
f 309/755/301 311/760/303 310/756/302
f 288/724/280 290/723/282 311/760/303
f 288/724/280 311/760/303 312/761/304
f 290/723/282 295/734/288 311/760/303
f 312/761/304 311/760/303 309/755/301
f 313/762/305 312/763/304 309/754/301
f 287/764/279 312/763/304 313/762/305
f 287/765/279 288/724/280 312/761/304
f 314/766/306 287/764/279 313/762/305
f 314/766/306 313/762/305 315/767/307
f 315/767/307 313/762/305 306/751/300
f 306/751/300 313/762/305 309/754/301
f 307/750/299 315/767/307 306/751/300
f 316/768/308 315/767/307 307/750/299
f 316/768/308 314/766/306 315/767/307
f 317/769/309 316/770/308 307/771/299
f 318/772/310 316/770/308 317/769/309
f 316/770/308 285/773/276 314/774/306
f 318/772/310 285/773/276 316/770/308
f 318/772/310 280/775/273 285/773/276
f 280/775/273 318/772/310 319/776/311
f 319/776/311 318/772/310 317/769/309
f 279/777/271 280/775/273 319/776/311
f 300/778/293 319/776/311 317/769/309
f 301/779/294 319/776/311 300/778/293
f 279/777/271 319/776/311 301/779/294
f 300/742/293 317/780/309 303/745/295
f 317/769/309 307/771/299 303/781/295
f 285/716/276 284/717/277 314/782/306
f 284/717/277 287/719/279 314/782/306
f 294/738/287 297/737/290 304/747/297
f 279/708/271 301/744/294 298/739/291
f 281/709/272 279/708/271 298/739/291
f 281/709/272 298/739/291 292/728/284
f 323/783/312 321/784/313 320/785/314
f 321/786/313 322/787/315 320/788/314
f 320/789/314 322/790/315 326/791/316
f 323/783/312 320/785/314 324/792/317
f 324/793/317 320/789/314 325/794/318
f 325/794/318 320/789/314 326/791/316
f 325/795/318 326/796/316 327/797/319
f 328/798/320 327/799/319 326/800/316
f 330/801/321 328/802/320 326/791/316
f 329/803/322 330/801/321 326/791/316
f 329/803/322 326/791/316 322/790/315
f 328/804/320 330/805/321 332/806/323
f 331/807/324 332/808/323 330/809/321
f 331/807/324 330/809/321 329/810/322
f 328/804/320 332/806/323 333/811/325
f 333/811/325 332/806/323 331/812/324
f 327/797/319 333/811/325 331/812/324
f 328/798/320 333/813/325 327/799/319
f 329/814/322 334/815/319 331/812/324
f 331/812/324 334/815/319 335/816/326
f 327/797/319 331/812/324 335/816/326
f 345/817/327 335/816/326 336/818/328
f 342/819/329 336/818/328 335/816/326
f 337/820/330 342/819/329 335/816/326
f 335/816/326 343/821/331 337/820/330
f 338/822/332 335/816/326 334/815/319
f 335/816/326 338/822/332 343/821/331
f 335/816/326 341/823/333 327/797/319
f 335/816/326 339/824/334 341/823/333
f 344/825/335 339/826/334 335/827/326
f 335/827/326 340/828/336 344/825/335
f 346/829/337 340/828/336 335/827/326
f 335/827/326 345/830/327 346/829/337
f 346/831/337 347/832/338 350/833/339
f 348/834/340 347/835/338 346/829/337
f 346/829/337 351/836/341 348/834/340
f 346/837/337 349/838/342 352/839/343
f 346/831/337 350/833/339 349/840/342
f 345/830/327 351/836/341 346/829/337
f 346/837/337 352/839/343 340/841/336
f 352/839/343 353/842/344 344/843/335
f 354/844/343 353/845/344 352/846/343
f 352/839/343 344/843/335 340/841/336
f 349/847/342 354/844/343 352/846/343
f 354/844/343 357/848/345 353/845/344
f 354/849/343 358/850/346 355/851/347
f 354/849/343 355/851/347 357/852/345
f 349/847/342 359/853/348 354/844/343
f 354/849/343 359/854/348 356/855/349
f 354/849/343 356/855/349 358/850/346
f 359/856/348 349/857/342 361/858/350
f 359/854/348 360/859/351 356/855/349
f 360/860/351 359/861/348 362/862/352
f 359/861/348 361/863/350 362/862/352
f 363/864/353 362/865/352 365/866/354
f 363/867/353 360/868/351 362/869/352
f 361/863/350 364/870/355 362/862/352
f 364/870/355 365/871/354 362/862/352
f 363/864/353 365/866/354 366/872/356
f 365/871/354 367/873/357 366/874/356
f 365/871/354 364/870/355 367/873/357
f 367/875/357 364/876/355 371/877/358
f 367/878/357 368/879/359 372/880/360
f 367/875/357 369/881/361 368/882/359
f 367/875/357 370/883/362 369/881/361
f 367/875/357 371/877/358 370/883/362
f 366/884/356 367/878/357 372/880/360
f 363/885/353 372/886/360 373/887/353
f 366/872/356 372/888/360 363/864/353
f 368/879/359 358/889/346 372/880/360
f 358/889/346 373/890/353 372/880/360
f 363/885/353 373/887/353 356/891/349
f 356/855/349 373/892/353 358/850/346
f 364/876/355 374/893/363 371/877/358
f 374/894/363 376/895/364 371/896/358
f 371/896/358 375/897/365 370/898/362
f 371/896/358 376/895/364 375/897/365
f 374/894/363 378/899/366 376/895/364
f 377/900/367 376/901/364 378/902/366
f 379/903/368 376/901/364 377/900/367
f 379/903/368 375/904/365 376/901/364
f 377/905/367 380/906/369 379/907/368
f 382/908/370 379/909/368 380/910/369
f 379/903/368 381/911/371 375/904/365
f 379/903/368 382/912/370 381/911/371
f 382/908/370 380/910/369 385/913/372
f 383/914/373 384/915/374 382/908/370
f 383/914/373 382/908/370 385/913/372
f 384/916/374 381/911/371 382/912/370
f 386/917/375 385/918/372 388/919/376
f 387/920/377 385/918/372 386/917/375
f 387/920/377 383/921/373 385/918/372
f 385/918/372 380/922/369 388/919/376
f 377/905/367 388/923/376 380/906/369
f 389/924/378 390/925/379 388/923/376
f 389/924/378 388/923/376 377/905/367
f 388/919/376 390/926/379 386/917/375
f 350/927/339 390/928/379 389/929/378
f 350/927/339 386/930/375 390/928/379
f 377/900/367 378/902/366 389/931/378
f 350/927/339 389/929/378 361/858/350
f 361/932/350 389/933/378 378/934/366
f 384/915/374 383/914/373 387/935/377
f 384/915/374 387/935/377 391/936/380
f 387/937/377 392/938/381 391/939/380
f 387/937/377 393/940/382 392/938/381
f 386/917/375 393/941/382 387/920/377
f 394/942/383 393/943/382 386/930/375
f 392/944/381 393/943/382 394/942/383
f 397/945/384 392/944/381 394/942/383
f 394/946/383 396/947/385 395/948/372
f 394/946/383 395/948/372 323/949/312
f 394/942/383 386/930/375 396/950/385
f 394/942/383 353/951/344 397/945/384
f 344/952/335 353/953/344 394/954/383
f 344/952/335 394/954/383 323/955/312
f 397/945/384 398/956/386 392/944/381
f 353/845/344 357/848/345 397/957/384
f 397/945/384 399/958/387 398/956/386
f 401/959/388 399/958/387 397/945/384
f 397/960/384 357/961/345 400/962/389
f 400/962/389 401/963/388 397/960/384
f 400/962/389 402/964/390 401/963/388
f 402/965/390 403/966/391 401/967/388
f 403/968/391 404/969/392 401/959/388
f 401/959/388 404/969/392 399/958/387
f 403/968/391 407/970/393 404/969/392
f 405/971/394 399/972/387 404/973/392
f 404/974/392 406/975/395 405/976/394
f 404/974/392 407/977/393 406/975/395
f 369/881/361 407/970/393 403/968/391
f 406/975/395 407/977/393 369/978/361
f 384/916/374 406/979/395 381/911/371
f 406/975/395 369/978/361 381/980/371
f 405/981/394 406/979/395 384/916/374
f 398/982/386 405/981/394 391/983/380
f 405/981/394 384/916/374 391/983/380
f 405/971/394 398/984/386 399/972/387
f 403/966/391 409/985/396 408/986/397
f 368/879/359 403/966/391 408/986/397
f 402/965/390 409/985/396 403/966/391
f 369/881/361 403/968/391 368/882/359
f 410/987/398 408/988/397 409/989/396
f 409/989/396 402/990/390 410/987/398
f 411/991/399 408/986/397 410/992/398
f 411/991/399 410/992/398 355/993/347
f 412/994/400 355/993/347 410/992/398
f 412/994/400 410/992/398 400/995/389
f 402/990/390 400/996/389 410/987/398
f 355/851/347 412/997/400 357/852/345
f 357/961/345 412/998/400 400/962/389
f 408/986/397 411/991/399 358/889/346
f 358/850/346 411/999/399 355/851/347
f 408/986/397 358/889/346 368/879/359
f 398/982/386 391/983/380 392/1000/381
f 395/948/372 396/947/385 350/1001/339
f 350/927/339 396/950/385 386/930/375
f 323/783/312 395/1002/372 321/784/313
f 321/784/313 395/1002/372 347/835/338
f 395/948/372 350/1001/339 347/1003/338
f 375/1004/365 381/980/371 369/978/361
f 361/932/350 378/934/366 374/1005/363
f 375/1004/365 369/978/361 370/1006/362
f 364/876/355 361/858/350 374/893/363
f 363/867/353 356/1007/349 360/868/351
f 349/857/342 350/927/339 361/858/350
f 345/830/327 348/834/340 351/836/341
f 413/1008/401 348/1009/340 416/1010/402
f 348/834/340 413/1011/401 347/835/338
f 414/1012/403 348/1013/340 345/1014/327
f 414/1012/403 415/1015/404 348/1013/340
f 348/1009/340 415/1016/404 416/1010/402
f 416/1017/402 336/1018/328 342/1019/329
f 336/1020/328 416/1021/402 415/1022/404
f 413/1008/401 416/1010/402 417/1023/405
f 416/1017/402 342/1019/329 417/1024/405
f 419/1025/406 413/1008/401 417/1023/405
f 342/1026/329 418/1027/407 417/1028/405
f 417/1023/405 418/1029/407 420/1030/404
f 419/1025/406 417/1023/405 421/1031/408
f 417/1023/405 420/1030/404 421/1031/408
f 337/1032/330 421/1033/408 420/1034/404
f 421/1035/408 337/1036/330 343/1037/331
f 421/1031/408 422/1038/409 419/1025/406
f 421/1035/408 343/1037/331 422/1039/409
f 343/1040/331 423/1041/410 422/1042/409
f 422/1038/409 423/1043/410 424/1044/411
f 424/1044/411 419/1025/406 422/1038/409
f 425/1045/412 424/1044/411 423/1043/410
f 427/1046/413 424/1047/411 425/1048/412
f 426/1049/414 419/1050/406 424/1051/411
f 426/1049/414 424/1051/411 427/1052/413
f 427/1053/413 338/1054/332 430/1055/415
f 428/1056/416 338/1054/332 427/1053/413
f 425/1048/412 428/1057/416 427/1046/413
f 429/1058/417 431/1059/418 427/1060/413
f 427/1053/413 430/1055/415 429/1061/417
f 426/1049/414 427/1052/413 431/1062/418
f 426/1049/414 431/1062/418 322/787/315
f 433/1063/419 431/1059/418 432/1064/420
f 431/1059/418 429/1058/417 432/1064/420
f 322/790/315 431/1059/418 433/1063/419
f 322/790/315 433/1063/419 329/803/322
f 329/814/322 433/1065/419 334/815/319
f 432/1066/420 334/1067/319 433/1068/419
f 429/1069/417 434/1070/421 432/1071/420
f 432/1066/420 434/1072/421 334/1067/319
f 334/815/319 434/1073/421 338/822/332
f 430/1074/415 338/822/332 434/1073/421
f 429/1075/417 430/1076/415 434/1077/421
f 435/1078/422 428/1079/416 425/1080/412
f 338/822/332 428/1081/416 435/1082/422
f 435/1078/422 425/1080/412 423/1083/410
f 343/821/331 338/822/332 435/1082/422
f 343/1040/331 435/1084/422 423/1041/410
f 321/786/313 426/1049/414 322/787/315
f 321/786/313 419/1050/406 426/1049/414
f 337/1032/330 420/1034/404 436/1085/423
f 418/1086/407 436/1087/423 420/1088/404
f 337/820/330 436/1089/423 437/1090/424
f 418/1086/407 437/1091/424 436/1087/423
f 337/820/330 437/1090/424 342/819/329
f 342/1026/329 437/1092/424 418/1027/407
f 321/786/313 413/1093/401 419/1050/406
f 336/1020/328 415/1022/404 414/1094/403
f 414/1095/403 345/817/327 336/818/328
f 321/784/313 347/835/338 413/1011/401
f 344/825/335 323/783/312 324/792/317
f 344/825/335 438/1096/425 339/826/334
f 324/792/317 438/1096/425 344/825/335
f 339/826/334 438/1096/425 324/792/317
f 325/795/318 327/797/319 341/823/333
f 341/1097/333 439/1098/426 325/1099/318
f 341/1097/333 440/1100/427 439/1098/426
f 339/824/334 440/1101/427 341/823/333
f 324/1102/317 439/1103/426 440/1101/427
f 324/1102/317 440/1101/427 339/824/334
f 325/794/318 439/1104/426 324/793/317
f 441/1105/428 445/1106/429 442/1107/430
f 442/1107/430 443/1108/431 441/1105/428
f 444/1109/432 441/1110/428 443/1111/431
f 444/1109/432 448/1112/433 441/1110/428
f 445/1113/429 441/1114/428 446/1115/434
f 446/1115/434 441/1114/428 447/1116/435
f 441/1114/428 448/1117/433 447/1116/435
f 449/1118/436 447/1119/435 448/1112/433
f 449/1118/436 448/1112/433 444/1109/432
f 450/1120/437 449/1121/436 443/1122/431
f 449/1121/436 444/1123/432 443/1122/431
f 450/1120/437 447/1124/435 449/1121/436
f 450/1120/437 442/1125/430 451/1126/438
f 443/1122/431 442/1125/430 450/1120/437
f 450/1127/437 451/1128/438 452/1129/439
f 450/1120/437 446/1130/434 447/1124/435
f 450/1127/437 452/1129/439 446/1131/434
f 446/1115/434 452/1132/439 445/1113/429
f 452/1133/439 454/1134/440 453/1135/441
f 455/1136/442 452/1133/439 453/1135/441
f 452/1133/439 451/1126/438 454/1134/440
f 452/1132/439 455/1137/442 445/1113/429
f 455/1138/442 456/1139/443 445/1140/429
f 455/1138/442 458/1141/444 456/1139/443
f 453/1135/441 457/1142/445 455/1136/442
f 458/1143/444 455/1136/442 457/1142/445
f 456/1144/443 458/1143/444 459/1145/446
f 458/1143/444 460/1146/447 459/1145/446
f 460/1146/447 458/1143/444 457/1142/445
f 461/1147/447 459/1148/446 460/1149/447
f 461/1147/447 460/1149/447 457/1150/445
f 462/1151/448 461/1152/447 457/1142/445
f 461/1152/447 462/1151/448 463/1153/449
f 461/1152/447 463/1153/449 459/1145/446
f 462/1154/448 466/1155/450 463/1156/449
f 464/1157/451 465/1158/452 463/1153/449
f 466/1159/450 464/1157/451 463/1153/449
f 459/1145/446 463/1153/449 465/1158/452
f 462/1154/448 453/1160/441 466/1155/450
f 464/1157/451 466/1159/450 453/1135/441
f 445/1106/429 456/1161/443 465/1162/452
f 456/1144/443 459/1145/446 465/1158/452
f 442/1163/430 465/1164/452 464/1165/451
f 442/1107/430 445/1106/429 465/1162/452
f 442/1163/430 464/1165/451 454/1166/440
f 454/1134/440 464/1157/451 453/1135/441
f 462/1151/448 457/1142/445 453/1135/441
f 442/1125/430 454/1134/440 451/1126/438
f 468/1167/453 474/1168/454 467/1169/455
f 468/1167/453 467/1169/455 469/1170/456
f 469/1170/456 467/1169/455 470/1171/457
f 467/1169/455 471/1172/458 470/1171/457
f 467/1169/455 472/1173/459 471/1172/458
f 467/1169/455 473/1174/460 472/1173/459
f 467/1169/455 474/1168/454 473/1174/460
f 475/1175/461 477/1176/462 474/1177/454
f 475/1175/461 474/1177/454 468/1178/453
f 474/1177/454 476/1179/463 473/1180/460
f 474/1177/454 477/1176/462 476/1179/463
f 477/1176/462 478/1181/464 479/1182/465
f 480/1183/466 478/1184/464 477/1185/462
f 477/1176/462 479/1182/465 476/1179/463
f 480/1183/466 477/1185/462 475/1186/461
f 481/1187/467 480/1183/466 475/1186/461
f 481/1187/467 482/1188/468 480/1183/466
f 480/1183/466 482/1188/468 483/1189/469
f 480/1183/466 483/1189/469 478/1184/464
f 482/1188/468 484/1190/470 483/1189/469
f 484/1190/470 485/1191/471 483/1189/469
f 478/1184/464 483/1189/469 485/1191/471
f 478/1184/464 485/1191/471 479/1192/465
f 484/1190/470 486/1193/472 485/1191/471
f 486/1193/472 487/1194/473 485/1191/471
f 485/1191/471 488/1195/474 479/1192/465
f 485/1191/471 487/1194/473 488/1195/474
f 479/1182/465 488/1196/474 490/1197/475
f 487/1198/473 489/1199/476 488/1200/474
f 488/1196/474 489/1201/476 491/1202/477
f 488/1196/474 491/1202/477 490/1197/475
f 492/1203/478 490/1197/475 491/1202/477
f 492/1203/478 491/1202/477 493/1204/479
f 491/1205/477 489/1199/476 494/1206/480
f 493/1207/479 491/1205/477 494/1206/480
f 496/1208/481 495/1209/482 494/1210/480
f 495/1211/482 497/1212/483 494/1213/480
f 496/1208/481 494/1210/480 498/1214/484
f 494/1206/480 497/1215/483 493/1207/479
f 498/1216/484 494/1206/480 489/1199/476
f 496/1208/481 498/1214/484 499/1217/485
f 499/1218/485 498/1216/484 489/1199/476
f 496/1208/481 499/1217/485 500/1219/486
f 500/1220/486 499/1221/485 501/1222/487
f 501/1223/487 499/1218/485 489/1199/476
f 500/1220/486 501/1222/487 502/1224/488
f 502/1224/488 501/1222/487 503/1225/489
f 503/1226/489 501/1223/487 489/1199/476
f 502/1224/488 503/1225/489 504/1227/490
f 504/1228/490 503/1229/489 505/1230/491
f 489/1199/476 505/1231/491 503/1226/489
f 504/1228/490 505/1230/491 487/1194/473
f 487/1198/473 505/1231/491 489/1199/476
f 506/1232/492 502/1224/488 504/1227/490
f 506/1232/492 504/1227/490 486/1233/472
f 486/1193/472 504/1228/490 487/1194/473
f 507/1234/493 502/1224/488 506/1232/492
f 508/1235/494 507/1234/493 506/1232/492
f 484/1236/470 506/1232/492 486/1233/472
f 484/1236/470 508/1235/494 506/1232/492
f 511/1237/495 509/1238/496 508/1235/494
f 509/1238/496 510/1239/497 508/1235/494
f 508/1235/494 510/1239/497 507/1234/493
f 511/1237/495 508/1235/494 484/1236/470
f 513/1240/498 512/1241/499 511/1242/495
f 512/1243/499 509/1238/496 511/1237/495
f 513/1240/498 511/1242/495 482/1188/468
f 482/1188/468 511/1242/495 484/1190/470
f 514/1244/500 513/1245/498 515/1246/501
f 514/1244/500 512/1247/499 513/1245/498
f 481/1187/467 513/1240/498 482/1188/468
f 513/1245/498 516/1248/502 515/1246/501
f 513/1245/498 481/1249/467 516/1248/502
f 481/1187/467 475/1186/461 516/1250/502
f 516/1248/502 475/1251/461 468/1252/453
f 516/1248/502 517/1253/503 515/1246/501
f 516/1248/502 468/1252/453 517/1253/503
f 517/1254/503 468/1167/453 469/1170/456
f 517/1254/503 469/1170/456 515/1255/501
f 518/1256/504 514/1244/500 515/1246/501
f 521/1257/505 518/1256/504 515/1246/501
f 515/1246/501 519/1258/506 521/1257/505
f 515/1255/501 520/1259/507 519/1260/506
f 515/1255/501 469/1170/456 520/1259/507
f 519/1260/506 522/1261/508 521/1262/505
f 518/1263/504 521/1264/505 522/1265/508
f 519/1260/506 520/1259/507 522/1261/508
f 520/1259/507 523/1266/509 522/1261/508
f 518/1263/504 522/1265/508 524/1267/510
f 522/1265/508 523/1268/509 510/1269/497
f 522/1265/508 510/1269/497 524/1267/510
f 514/1270/500 518/1271/504 524/1272/510
f 514/1270/500 524/1272/510 509/1238/496
f 509/1238/496 524/1272/510 510/1239/497
f 520/1259/507 470/1171/457 523/1266/509
f 523/1266/509 470/1171/457 471/1172/458
f 510/1239/497 523/1273/509 525/1274/511
f 523/1266/509 471/1172/458 525/1275/511
f 510/1239/497 525/1274/511 507/1234/493
f 525/1276/511 471/1277/458 495/1209/482
f 507/1234/493 525/1274/511 496/1278/481
f 525/1276/511 495/1209/482 496/1208/481
f 469/1170/456 470/1171/457 520/1259/507
f 512/1243/499 514/1270/500 509/1238/496
f 507/1234/493 500/1220/486 502/1224/488
f 507/1234/493 496/1278/481 500/1220/486
f 495/1211/482 526/1279/512 497/1212/483
f 526/1279/512 493/1280/479 497/1212/483
f 471/1172/458 526/1279/512 495/1211/482
f 526/1279/512 492/1281/478 493/1280/479
f 472/1173/459 492/1281/478 526/1279/512
f 471/1172/458 472/1173/459 526/1279/512
f 472/1173/459 473/1174/460 492/1281/478
f 473/1180/460 490/1197/475 492/1203/478
f 479/1182/465 490/1197/475 476/1179/463
f 473/1180/460 476/1179/463 490/1197/475
f 528/1282/513 532/1283/514 527/1284/515
f 528/1282/513 527/1284/515 529/1285/516
f 529/1286/516 527/1287/515 530/1288/517
f 527/1284/515 531/1289/518 530/1290/517
f 527/1284/515 532/1283/514 531/1289/518
f 532/1291/514 528/1292/513 534/1293/519
f 531/1294/518 532/1291/514 533/1295/520
f 534/1293/519 533/1295/520 532/1291/514
f 534/1296/519 536/1297/521 535/1298/522
f 534/1296/519 535/1298/522 537/1299/523
f 528/1292/513 536/1300/521 534/1293/519
f 537/1301/523 533/1302/520 534/1303/519
f 537/1304/523 535/1305/522 541/1306/524
f 538/1307/525 539/1308/526 537/1304/523
f 537/1304/523 541/1306/524 538/1307/525
f 537/1301/523 540/1309/527 533/1302/520
f 539/1308/526 540/1310/527 537/1304/523
f 529/1311/516 538/1312/525 541/1313/524
f 541/1313/524 528/1314/513 529/1311/516
f 541/1313/524 542/1315/528 528/1314/513
f 536/1316/521 542/1315/528 541/1313/524
f 536/1316/521 541/1313/524 535/1317/522
f 528/1292/513 542/1318/528 536/1300/521
f 533/1302/520 540/1309/527 543/1319/529
f 540/1310/527 539/1308/526 543/1320/529
f 545/1321/530 544/1322/531 543/1320/529
f 544/1323/531 546/1324/532 543/1319/529
f 533/1302/520 543/1319/529 546/1324/532
f 547/1325/533 545/1321/530 543/1320/529
f 539/1308/526 547/1325/533 543/1320/529
f 545/1326/530 547/1327/533 548/1328/534
f 548/1329/534 547/1330/533 539/1331/526
f 548/1328/534 549/1332/535 545/1326/530
f 550/1333/536 549/1332/535 548/1328/534
f 530/1288/517 550/1334/536 548/1329/534
f 548/1329/534 539/1331/526 530/1288/517
f 550/1335/536 530/1290/517 531/1289/518
f 550/1335/536 531/1289/518 551/1336/537
f 550/1333/536 551/1337/537 549/1332/535
f 551/1338/537 531/1294/518 533/1295/520
f 549/1339/535 551/1338/537 546/1340/532
f 546/1340/532 551/1338/537 533/1295/520
f 549/1332/535 552/1341/538 545/1326/530
f 553/1342/539 552/1343/538 549/1339/535
f 546/1340/532 553/1342/539 549/1339/535
f 544/1323/531 553/1344/539 546/1324/532
f 545/1345/530 553/1344/539 544/1323/531
f 545/1345/530 552/1346/538 553/1344/539
f 539/1331/526 538/1347/525 529/1286/516
f 530/1288/517 539/1331/526 529/1286/516
f 555/1348/540 554/1349/541 557/1350/542
f 555/1351/540 556/1352/543 554/1353/541
f 556/1352/543 557/1354/542 554/1353/541
f 558/1355/544 559/1356/545 557/1350/542
f 557/1350/542 561/1357/546 558/1355/544
f 559/1356/545 555/1348/540 557/1350/542
f 556/1352/543 560/1358/547 557/1354/542
f 557/1354/542 560/1358/547 563/1359/548
f 561/1357/546 557/1350/542 564/1360/549
f 557/1350/542 562/1361/550 565/1362/551
f 557/1354/542 563/1359/548 562/1363/550
f 566/1364/552 564/1360/549 557/1350/542
f 565/1362/551 566/1364/552 557/1350/542
f 564/1360/549 566/1364/552 567/1365/553
f 566/1366/552 568/1367/554 567/1368/553
f 566/1366/552 565/1369/551 568/1367/554
f 563/1370/548 560/1371/547 568/1372/554
f 567/1373/553 568/1372/554 560/1371/547
f 565/1369/551 563/1359/548 568/1367/554
f 570/1374/555 567/1373/553 569/1375/556
f 560/1371/547 569/1375/556 567/1373/553
f 564/1360/549 567/1365/553 570/1376/555
f 571/1377/557 570/1374/555 569/1375/556
f 572/1378/558 570/1376/555 571/1379/557
f 572/1378/558 564/1360/549 570/1376/555
f 573/1380/559 561/1357/546 572/1378/558
f 564/1360/549 572/1378/558 561/1357/546
f 573/1380/559 572/1378/558 571/1379/557
f 573/1381/559 574/1382/560 569/1383/556
f 573/1381/559 569/1383/556 561/1384/546
f 573/1380/559 571/1379/557 574/1385/560
f 569/1375/556 574/1386/560 571/1377/557
f 569/1383/556 575/1387/561 576/1388/562
f 578/1389/563 575/1390/561 569/1375/556
f 569/1383/556 576/1388/562 561/1384/546
f 569/1375/556 560/1371/547 579/1391/564
f 577/1392/565 578/1389/563 569/1375/556
f 579/1391/564 577/1392/565 569/1375/556
f 558/1393/544 577/1394/565 579/1395/564
f 558/1393/544 579/1395/564 559/1396/545
f 559/1396/545 579/1395/564 580/1397/566
f 579/1391/564 560/1371/547 580/1398/566
f 559/1396/545 580/1397/566 555/1399/540
f 555/1351/540 580/1400/566 556/1352/543
f 560/1371/547 556/1401/543 580/1398/566
f 576/1388/562 575/1387/561 578/1402/563
f 581/1403/567 578/1402/563 577/1404/565
f 576/1388/562 578/1402/563 581/1403/567
f 558/1355/544 561/1357/546 581/1405/567
f 581/1403/567 577/1404/565 558/1406/544
f 561/1357/546 576/1407/562 581/1405/567
f 565/1369/551 562/1363/550 563/1359/548
f 582/1408/568 583/1409/569 589/1410/570
f 582/1411/568 584/1412/571 583/1413/569
f 582/1411/568 585/1414/572 584/1412/571
f 585/1415/572 582/1416/568 586/1417/573
f 587/1418/574 586/1417/573 582/1416/568
f 582/1416/568 588/1419/575 587/1418/574
f 588/1420/575 582/1408/568 589/1410/570
f 590/1421/576 591/1422/577 589/1423/570
f 590/1421/576 589/1423/570 592/1424/578
f 589/1410/570 591/1425/577 588/1420/575
f 592/1424/578 589/1423/570 593/1426/579
f 589/1423/570 583/1427/569 594/1428/580
f 594/1428/580 593/1426/579 589/1423/570
f 596/1429/581 593/1430/579 594/1431/580
f 586/1432/573 587/1433/574 594/1434/580
f 586/1432/573 594/1434/580 595/1435/582
f 583/1427/569 595/1436/582 594/1428/580
f 596/1429/581 594/1431/580 587/1437/574
f 588/1419/575 596/1438/581 587/1418/574
f 593/1439/579 596/1440/581 592/1441/578
f 592/1441/578 596/1440/581 597/1442/583
f 596/1440/581 598/1443/584 597/1442/583
f 588/1419/575 598/1444/584 596/1438/581
f 599/1445/585 598/1446/584 588/1447/575
f 599/1445/585 601/1448/586 598/1446/584
f 598/1443/584 600/1449/587 597/1442/583
f 598/1443/584 601/1450/586 600/1449/587
f 601/1451/586 599/1452/585 603/1453/588
f 601/1450/586 602/1454/589 600/1449/587
f 602/1455/589 601/1451/586 603/1453/588
f 591/1422/577 604/1456/590 603/1453/588
f 604/1457/590 605/1458/589 603/1459/588
f 599/1452/585 591/1422/577 603/1453/588
f 602/1460/589 603/1461/588 605/1462/589
f 600/1463/587 605/1464/589 606/1465/591
f 604/1457/590 606/1466/591 605/1458/589
f 602/1460/589 605/1462/589 600/1467/587
f 604/1468/590 597/1469/583 606/1470/591
f 600/1463/587 606/1465/591 597/1471/583
f 590/1421/576 607/1472/591 604/1456/590
f 591/1422/577 590/1421/576 604/1456/590
f 604/1468/590 607/1473/591 597/1469/583
f 607/1474/591 590/1475/576 597/1442/583
f 599/1476/585 588/1420/575 591/1425/577
f 590/1475/576 592/1441/578 597/1442/583
f 583/1427/569 584/1477/571 595/1436/582
f 595/1478/582 584/1412/571 585/1414/572
f 595/1478/582 585/1414/572 586/1479/573
f 609/1480/592 612/1481/593 608/1482/594
f 609/1480/592 608/1482/594 610/1483/595
f 608/1482/594 611/1484/596 610/1483/595
f 608/1482/594 613/1485/597 611/1484/596
f 608/1486/594 612/1487/593 614/1488/598
f 613/1489/597 608/1486/594 614/1488/598
f 615/1490/599 613/1489/597 614/1488/598
f 614/1488/598 616/1491/600 615/1490/599
f 616/1492/600 614/1493/598 619/1494/601
f 612/1487/593 617/1495/602 614/1488/598
f 617/1495/602 618/1496/603 614/1488/598
f 620/1497/604 614/1493/598 618/1498/603
f 614/1493/598 621/1499/605 619/1494/601
f 620/1497/604 621/1499/605 614/1493/598
f 621/1499/605 622/1500/606 623/1501/607
f 624/1502/608 622/1500/606 621/1499/605
f 621/1499/605 623/1501/607 619/1494/601
f 624/1502/608 621/1499/605 620/1497/604
f 625/1503/609 624/1504/608 620/1505/604
f 625/1503/609 626/1506/610 624/1504/608
f 624/1504/608 626/1506/610 622/1507/606
f 627/1508/611 629/1509/612 626/1510/610
f 630/1511/613 627/1508/611 626/1510/610
f 626/1506/610 629/1512/612 622/1507/606
f 626/1510/610 625/1513/609 628/1514/614
f 630/1511/613 626/1510/610 628/1514/614
f 630/1515/613 632/1516/615 631/1517/270
f 631/1517/270 627/1518/611 630/1515/613
f 632/1519/615 630/1511/613 628/1514/614
f 632/1516/615 633/1520/616 631/1517/270
f 632/1521/615 634/1522/617 633/1523/616
f 632/1521/615 635/1524/618 634/1522/617
f 635/1525/618 632/1519/615 636/1526/619
f 636/1526/619 632/1519/615 628/1514/614
f 636/1526/619 637/1527/620 635/1525/618
f 636/1526/619 628/1514/614 638/1528/621
f 639/1529/622 637/1530/620 636/1531/619
f 639/1532/622 636/1526/619 638/1528/621
f 634/1533/617 635/1534/618 639/1529/622
f 638/1535/621 634/1533/617 639/1529/622
f 635/1534/618 637/1530/620 639/1529/622
f 642/1536/623 634/1533/617 638/1535/621
f 638/1535/621 640/1537/624 641/1538/625
f 618/1539/603 640/1540/624 638/1541/621
f 625/1513/609 620/1497/604 638/1528/621
f 620/1497/604 618/1498/603 638/1528/621
f 628/1514/614 625/1513/609 638/1528/621
f 641/1538/625 642/1536/623 638/1535/621
f 643/1542/626 644/1543/627 642/1544/623
f 643/1542/626 642/1544/623 641/1545/625
f 633/1523/616 642/1544/623 644/1543/627
f 633/1523/616 634/1522/617 642/1544/623
f 644/1546/627 643/1547/626 631/1517/270
f 633/1520/616 644/1546/627 631/1517/270
f 643/1542/626 641/1545/625 645/1548/628
f 643/1542/626 645/1548/628 647/1549/629
f 643/1547/626 646/1550/630 631/1517/270
f 643/1547/626 647/1551/629 646/1550/630
f 647/1552/629 648/1553/631 646/1554/630
f 647/1552/629 645/1555/628 648/1553/631
f 646/1554/630 648/1553/631 640/1556/624
f 640/1537/624 648/1557/631 645/1558/628
f 609/1480/592 646/1554/630 640/1556/624
f 646/1550/630 609/1559/592 631/1517/270
f 641/1538/625 640/1537/624 645/1558/628
f 612/1481/593 609/1480/592 640/1556/624
f 640/1556/624 617/1560/602 612/1481/593
f 618/1539/603 617/1561/602 640/1540/624
f 649/1562/632 651/1563/633 631/1517/270
f 656/1564/634 649/1562/632 631/1517/270
f 653/1565/635 650/1566/636 631/1517/270
f 650/1566/636 652/1567/637 631/1517/270
f 631/1517/270 610/1568/595 611/1569/596
f 609/1559/592 610/1568/595 631/1517/270
f 651/1563/633 653/1565/635 631/1517/270
f 627/1518/611 631/1517/270 652/1567/637
f 611/1569/596 654/1570/638 631/1517/270
f 654/1570/638 655/1571/639 631/1517/270
f 655/1571/639 656/1564/634 631/1517/270
f 657/1572/640 649/1573/632 656/1574/634
f 657/1575/640 656/1576/634 655/1577/639
f 657/1572/640 659/1578/641 649/1573/632
f 658/1579/642 660/1580/643 657/1575/640
f 657/1575/640 655/1577/639 658/1579/642
f 659/1581/641 657/1575/640 660/1580/643
f 616/1491/600 660/1580/643 661/1582/644
f 661/1582/644 660/1580/643 658/1579/642
f 664/1583/645 662/1584/646 660/1585/643
f 660/1580/643 662/1586/646 659/1581/641
f 660/1585/643 616/1492/600 619/1494/601
f 665/1587/647 663/1588/648 660/1585/643
f 663/1588/648 664/1583/645 660/1585/643
f 619/1494/601 665/1587/647 660/1585/643
f 663/1588/648 665/1587/647 666/1589/649
f 665/1590/647 623/1591/607 666/1592/649
f 665/1590/647 619/1593/601 623/1591/607
f 666/1589/649 667/1594/650 650/1595/636
f 653/1596/635 666/1589/649 650/1595/636
f 653/1596/635 663/1588/648 666/1589/649
f 667/1597/650 666/1598/649 622/1507/606
f 666/1598/649 623/1599/607 622/1507/606
f 668/1600/606 650/1595/636 667/1594/650
f 622/1507/606 668/1601/606 667/1597/650
f 668/1600/606 652/1602/637 650/1595/636
f 627/1508/611 652/1602/637 668/1600/606
f 629/1512/612 668/1601/606 622/1507/606
f 627/1508/611 668/1600/606 629/1509/612
f 669/1603/651 670/1604/652 664/1605/645
f 651/1606/633 669/1603/651 664/1605/645
f 664/1605/645 663/1607/648 651/1606/633
f 662/1608/646 664/1609/645 670/1610/652
f 662/1586/646 670/1611/652 669/1612/651
f 662/1586/646 669/1612/651 659/1581/641
f 659/1578/641 669/1603/651 651/1606/633
f 653/1613/635 651/1606/633 663/1607/648
f 613/1614/597 615/1615/599 661/1616/644
f 616/1491/600 661/1582/644 615/1490/599
f 671/1617/653 661/1582/644 672/1618/654
f 661/1616/644 671/1619/653 654/1570/638
f 661/1582/644 658/1579/642 672/1618/654
f 611/1569/596 613/1614/597 661/1616/644
f 654/1570/638 611/1569/596 661/1616/644
f 671/1617/653 672/1618/654 673/1620/655
f 672/1618/654 658/1579/642 655/1577/639
f 672/1618/654 655/1577/639 673/1620/655
f 654/1570/638 673/1621/655 655/1571/639
f 671/1617/653 673/1620/655 654/1622/638
f 659/1578/641 651/1606/633 649/1573/632
f 677/1623/656 675/1624/657 674/1625/658
f 675/1624/657 676/1626/659 674/1625/658
f 678/1627/660 674/1628/658 676/1629/659
f 677/1623/656 674/1625/658 678/1630/660
f 679/1631/661 677/1632/656 678/1627/660
f 679/1631/661 678/1627/660 680/1633/662
f 680/1633/662 678/1627/660 682/1634/663
f 676/1629/659 681/1635/664 678/1627/660
f 681/1635/664 682/1634/663 678/1627/660
f 682/1634/663 684/1636/665 683/1637/666
f 682/1634/663 683/1637/666 688/1638/667
f 682/1639/663 685/1640/668 684/1641/665
f 682/1639/663 687/1642/669 685/1640/668
f 686/1643/670 687/1644/669 682/1645/663
f 686/1643/670 682/1645/663 681/1646/664
f 688/1638/667 680/1633/662 682/1634/663
f 688/1647/667 679/1648/661 680/1649/662
f 688/1647/667 690/1650/671 679/1648/661
f 683/1637/666 689/1651/672 688/1638/667
f 689/1652/672 690/1650/671 688/1647/667
f 690/1650/671 693/1653/673 691/1654/674
f 690/1650/671 691/1654/674 679/1648/661
f 689/1652/672 692/1655/675 690/1650/671
f 692/1655/675 693/1653/673 690/1650/671
f 692/1655/675 695/1656/676 693/1653/673
f 693/1657/673 694/1658/677 691/1659/674
f 693/1657/673 696/1660/678 694/1658/677
f 695/1656/676 696/1661/678 693/1653/673
f 695/1656/676 699/1662/679 696/1661/678
f 697/1663/680 694/1658/677 696/1660/678
f 698/1664/681 697/1665/680 696/1661/678
f 698/1664/681 696/1661/678 699/1662/679
f 701/1666/682 699/1662/679 695/1656/676
f 700/1667/683 698/1664/681 699/1662/679
f 700/1667/683 699/1662/679 701/1666/682
f 701/1666/682 695/1656/676 702/1668/684
f 703/1669/685 701/1670/682 702/1671/684
f 703/1669/685 705/1672/686 701/1670/682
f 704/1673/687 700/1674/683 701/1670/682
f 704/1673/687 701/1670/682 705/1672/686
f 707/1675/688 705/1672/686 703/1669/685
f 706/1676/689 704/1673/687 705/1672/686
f 706/1676/689 705/1672/686 707/1675/688
f 708/1677/690 706/1676/689 707/1675/688
f 708/1677/690 707/1675/688 709/1678/691
f 707/1675/688 703/1669/685 709/1678/691
f 709/1678/691 703/1669/685 685/1679/668
f 709/1678/691 685/1679/668 687/1680/669
f 710/1681/692 709/1678/691 687/1680/669
f 708/1677/690 709/1678/691 710/1681/692
f 710/1681/692 687/1680/669 686/1682/670
f 711/1683/693 710/1684/692 686/1643/670
f 711/1685/693 708/1686/690 710/1687/692
f 712/1688/694 713/1689/695 711/1685/693
f 712/1688/694 711/1685/693 715/1690/696
f 711/1685/693 713/1689/695 708/1686/690
f 711/1683/693 686/1643/670 714/1691/697
f 715/1690/696 711/1685/693 714/1692/697
f 716/1693/698 715/1690/696 675/1624/657
f 715/1690/696 714/1692/697 675/1624/657
f 716/1694/698 712/1695/694 715/1696/696
f 716/1694/698 717/1697/699 712/1695/694
f 691/1659/674 716/1694/698 677/1632/656
f 691/1659/674 717/1697/699 716/1694/698
f 716/1693/698 675/1624/657 677/1623/656
f 691/1659/674 694/1658/677 717/1697/699
f 717/1698/699 718/1699/700 712/1700/694
f 717/1698/699 720/1701/701 718/1699/700
f 719/1702/702 720/1703/701 717/1697/699
f 719/1702/702 717/1697/699 694/1658/677
f 720/1701/701 721/1704/703 718/1699/700
f 720/1701/701 723/1705/704 721/1704/703
f 722/1706/705 723/1707/704 720/1703/701
f 722/1706/705 720/1703/701 719/1702/702
f 721/1708/703 723/1707/704 724/1709/706
f 723/1707/704 722/1706/705 724/1709/706
f 722/1706/705 725/1710/707 724/1709/706
f 725/1710/707 727/1711/708 724/1709/706
f 726/1712/709 724/1713/706 729/1714/710
f 728/1715/711 724/1713/706 726/1712/709
f 727/1711/708 729/1716/710 724/1709/706
f 728/1715/711 730/1717/712 724/1713/706
f 724/1709/706 730/1718/712 721/1708/703
f 718/1699/700 721/1704/703 730/1719/712
f 718/1699/700 730/1719/712 728/1720/711
f 729/1721/710 727/1722/708 704/1673/687
f 729/1721/710 704/1673/687 706/1676/689
f 726/1712/709 729/1714/710 706/1723/689
f 712/1700/694 718/1699/700 728/1720/711
f 712/1700/694 728/1720/711 713/1724/695
f 713/1689/695 728/1715/711 726/1712/709
f 727/1725/708 731/1726/713 700/1667/683
f 727/1725/708 700/1667/683 704/1727/687
f 725/1710/707 731/1728/713 727/1711/708
f 731/1726/713 698/1664/681 700/1667/683
f 731/1726/713 725/1729/707 698/1664/681
f 708/1677/690 726/1730/709 706/1676/689
f 713/1689/695 726/1712/709 708/1686/690
f 722/1706/705 732/1731/714 725/1710/707
f 725/1729/707 732/1732/714 697/1665/680
f 725/1729/707 697/1665/680 698/1664/681
f 732/1733/714 722/1734/705 719/1735/702
f 732/1733/714 719/1735/702 697/1736/680
f 697/1663/680 719/1702/702 694/1658/677
f 714/1691/697 686/1643/670 681/1646/664
f 714/1691/697 681/1646/664 676/1737/659
f 675/1624/657 714/1692/697 676/1626/659
f 685/1679/668 703/1669/685 702/1671/684
f 733/1738/715 702/1668/684 695/1656/676
f 685/1679/668 702/1671/684 733/1739/715
f 683/1740/666 733/1738/715 692/1655/675
f 684/1641/665 733/1741/715 683/1742/666
f 684/1641/665 685/1640/668 733/1741/715
f 733/1738/715 695/1656/676 692/1655/675
f 683/1740/666 692/1655/675 689/1652/672
f 691/1659/674 677/1632/656 679/1631/661
f 737/1743/716 735/1744/717 734/1745/718
f 735/1744/717 736/1746/719 734/1745/718
f 734/1747/718 736/1748/719 740/1749/720
f 737/1743/716 734/1745/718 738/1750/721
f 738/1751/721 734/1747/718 739/1752/722
f 740/1749/720 739/1752/722 734/1747/718
f 745/1753/723 741/1754/724 740/1749/720
f 741/1755/724 742/1756/725 740/1757/720
f 742/1758/725 739/1759/722 740/1760/720
f 736/1748/719 743/1761/726 740/1749/720
f 743/1761/726 744/1762/727 740/1749/720
f 744/1762/727 745/1753/723 740/1749/720
f 746/1763/728 745/1753/723 744/1762/727
f 746/1763/728 747/1764/729 745/1753/723
f 747/1764/729 741/1754/724 745/1753/723
f 747/1765/729 746/1766/728 749/1767/730
f 747/1764/729 748/1768/731 741/1754/724
f 748/1769/731 747/1765/729 749/1767/730
f 750/1770/732 735/1771/717 749/1767/730
f 746/1766/728 750/1770/732 749/1767/730
f 749/1767/730 742/1772/725 748/1769/731
f 742/1758/725 749/1773/730 739/1759/722
f 749/1773/730 751/1774/733 739/1759/722
f 749/1773/730 752/1775/734 751/1774/733
f 735/1771/717 737/1776/716 749/1767/730
f 749/1767/730 737/1776/716 752/1777/734
f 754/1778/735 752/1777/734 753/1779/736
f 737/1776/716 753/1779/736 752/1777/734
f 751/1774/733 752/1775/734 754/1780/735
f 754/1780/735 756/1781/737 755/1782/738
f 751/1774/733 754/1780/735 755/1782/738
f 754/1780/735 757/1783/739 756/1781/737
f 758/1784/740 757/1785/739 754/1778/735
f 758/1784/740 754/1778/735 753/1779/736
f 757/1783/739 758/1786/740 759/1787/741
f 758/1784/740 760/1788/742 759/1789/741
f 758/1784/740 761/1790/743 760/1788/742
f 761/1790/743 758/1784/740 753/1779/736
f 761/1790/743 762/1791/744 760/1788/742
f 761/1790/743 763/1792/745 762/1791/744
f 763/1792/745 761/1790/743 753/1779/736
f 763/1793/745 764/1794/746 762/1795/744
f 763/1793/745 765/1796/747 764/1794/746
f 753/1779/736 765/1797/747 763/1792/745
f 764/1794/746 765/1796/747 753/1798/736
f 764/1799/746 766/1800/748 756/1801/737
f 764/1794/746 753/1798/736 766/1802/748
f 756/1801/737 760/1803/742 764/1799/746
f 760/1803/742 762/1804/744 764/1799/746
f 755/1805/738 756/1801/737 766/1800/748
f 753/1798/736 738/1750/721 766/1802/748
f 738/1751/721 755/1805/738 766/1800/748
f 756/1801/737 759/1806/741 760/1803/742
f 757/1783/739 759/1787/741 756/1781/737
f 751/1807/733 755/1805/738 738/1751/721
f 753/1798/736 737/1743/716 738/1750/721
f 739/1752/722 751/1807/733 738/1751/721
f 769/1808/749 750/1809/732 767/1810/750
f 750/1809/732 743/1811/726 767/1810/750
f 750/1809/732 768/1812/751 743/1811/726
f 746/1766/728 768/1813/751 750/1770/732
f 750/1770/732 769/1814/749 735/1771/717
f 735/1744/717 769/1815/749 736/1746/719
f 769/1808/749 767/1810/750 736/1816/719
f 768/1812/751 744/1817/727 743/1811/726
f 768/1812/751 746/1818/728 744/1817/727
f 736/1748/719 767/1819/750 743/1761/726
f 741/1755/724 748/1820/731 742/1756/725
f 771/1821/752 770/1822/753 774/1823/754
f 771/1824/752 772/1825/755 770/1826/753
f 770/1827/753 772/1828/755 773/1829/756
f 774/1830/754 770/1831/753 773/1832/756
f 775/1833/757 774/1834/754 776/1835/758
f 777/1836/759 774/1837/754 775/1838/757
f 774/1834/754 778/1839/760 776/1835/758
f 771/1821/752 774/1823/754 777/1840/759
f 779/1841/761 778/1842/760 774/1830/754
f 773/1832/756 779/1841/761 774/1830/754
f 783/1843/762 779/1844/761 773/1845/756
f 783/1843/762 780/1846/763 779/1844/761
f 780/1847/763 781/1848/764 779/1849/761
f 781/1850/764 782/1851/765 779/1841/761
f 782/1851/765 778/1842/760 779/1841/761
f 784/1852/766 783/1853/762 773/1829/756
f 784/1854/766 777/1855/759 783/1856/762
f 777/1857/759 780/1858/763 783/1859/762
f 771/1824/752 777/1860/759 784/1861/766
f 771/1824/752 784/1861/766 772/1825/755
f 784/1852/766 773/1829/756 772/1828/755
f 785/1862/767 782/1851/765 781/1850/764
f 788/1863/768 782/1864/765 785/1865/767
f 786/1866/769 778/1867/760 782/1864/765
f 786/1866/769 782/1864/765 787/1868/770
f 788/1863/768 787/1868/770 782/1864/765
f 789/1869/771 788/1870/768 785/1871/767
f 787/1872/770 788/1873/768 789/1874/771
f 780/1847/763 789/1875/771 781/1848/764
f 789/1869/771 785/1871/767 781/1876/764
f 780/1858/763 787/1872/770 789/1874/771
f 786/1877/769 787/1872/770 780/1858/763
f 786/1866/769 776/1878/758 778/1867/760
f 786/1877/769 780/1858/763 777/1857/759
f 790/1879/772 786/1880/769 777/1881/759
f 786/1866/769 790/1882/772 776/1878/758
f 777/1881/759 791/1883/773 790/1879/772
f 791/1884/773 792/1885/774 790/1886/772
f 790/1882/772 792/1887/774 793/1888/775
f 790/1882/772 793/1888/775 776/1878/758
f 791/1889/773 775/1890/757 793/1891/775
f 776/1892/758 793/1893/775 775/1894/757
f 791/1889/773 793/1891/775 792/1895/774
f 777/1836/759 775/1838/757 791/1896/773
f 795/1897/776 798/1898/777 794/1899/778
f 795/1897/776 794/1899/778 796/1900/779
f 796/1901/779 794/1902/778 799/1903/780
f 797/1904/781 800/1905/782 794/1906/778
f 794/1906/778 798/1907/777 797/1904/781
f 794/1906/778 800/1905/782 799/1908/780
f 804/1909/783 800/1910/782 797/1911/781
f 804/1909/783 801/1912/784 800/1910/782
f 801/1912/784 802/1913/785 800/1910/782
f 802/1914/785 803/1915/786 800/1916/782
f 803/1917/786 805/1918/787 800/1919/782
f 800/1905/782 805/1920/787 799/1908/780
f 806/1921/788 805/1922/787 803/1923/786
f 806/1924/788 807/1925/789 805/1926/787
f 799/1927/780 805/1928/787 807/1929/789
f 808/1930/790 799/1927/780 807/1929/789
f 807/1931/789 809/1932/791 808/1933/790
f 810/1934/792 809/1935/791 807/1936/789
f 810/1934/792 807/1936/789 811/1937/793
f 806/1924/788 811/1938/793 807/1925/789
f 812/1939/794 813/1940/795 811/1941/793
f 811/1942/793 806/1943/788 812/1944/794
f 813/1940/795 810/1945/792 811/1941/793
f 812/1939/794 808/1946/790 813/1940/795
f 810/1947/792 813/1948/795 808/1949/790
f 812/1950/794 801/1951/784 795/1897/776
f 796/1900/779 812/1950/794 795/1897/776
f 796/1901/779 799/1903/780 812/1952/794
f 812/1939/794 799/1953/780 808/1946/790
f 806/1954/788 801/1955/784 812/1956/794
f 810/1947/792 808/1949/790 809/1957/791
f 806/1921/788 803/1923/786 814/1958/796
f 806/1959/788 814/1960/796 801/1961/784
f 814/1962/796 803/1915/786 815/1963/797
f 814/1962/796 815/1963/797 817/1964/798
f 801/1961/784 814/1960/796 816/1965/799
f 814/1960/796 817/1966/798 816/1965/799
f 817/1967/798 815/1968/797 802/1969/785
f 817/1967/798 802/1969/785 816/1970/799
f 801/1971/784 816/1972/799 802/1973/785
f 815/1963/797 803/1915/786 802/1914/785
f 801/1951/784 804/1974/783 795/1897/776
f 804/1974/783 798/1898/777 795/1897/776
f 804/1974/783 797/1975/781 798/1898/777
f 819/1976/800 822/1977/801 818/1978/802
f 819/1976/800 818/1978/802 820/1979/803
f 820/1980/803 818/1981/802 823/1982/804
f 821/1983/805 824/1984/806 818/1985/802
f 818/1985/802 822/1986/801 821/1983/805
f 818/1985/802 824/1984/806 823/1987/804
f 828/1988/807 824/1989/806 821/1990/805
f 828/1988/807 825/1991/808 824/1989/806
f 825/1992/808 826/1993/809 824/1994/806
f 826/1995/809 827/1996/810 824/1997/806
f 827/1998/810 829/1999/811 824/2000/806
f 824/1984/806 829/2001/811 823/1987/804
f 830/2002/812 829/2003/811 827/2004/810
f 830/2002/812 831/2005/813 829/2003/811
f 823/1987/804 829/2001/811 831/2006/813
f 832/2007/814 823/1987/804 831/2006/813
f 831/2006/813 833/2008/815 832/2007/814
f 834/2009/816 833/2010/815 831/2005/813
f 830/2002/812 834/2009/816 831/2005/813
f 835/2011/817 836/2012/818 834/2013/816
f 834/2013/816 830/2014/812 835/2011/817
f 836/2012/818 837/2015/819 834/2013/816
f 834/2009/816 837/2016/819 833/2010/815
f 836/2017/818 833/2018/815 837/2019/819
f 835/2020/817 832/2021/814 836/2022/818
f 836/2017/818 832/2023/814 833/2018/815
f 820/2024/803 835/2025/817 825/2026/808
f 820/1980/803 823/1982/804 835/2027/817
f 835/2020/817 823/2028/804 832/2021/814
f 830/2014/812 825/2029/808 835/2011/817
f 830/2002/812 827/2004/810 838/2030/820
f 830/2014/812 838/2031/820 825/2029/808
f 840/2032/821 838/2030/820 827/2004/810
f 825/2029/808 838/2031/820 839/2033/822
f 838/2031/820 840/2034/821 839/2033/822
f 839/2035/822 840/2036/821 841/2037/823
f 840/2032/821 827/2004/810 841/2038/823
f 841/2039/823 827/2040/810 826/2041/809
f 839/2035/822 841/2037/823 826/2042/809
f 825/1992/808 839/2043/822 826/1993/809
f 828/2044/807 819/2045/800 820/2046/803
f 828/2047/807 822/1977/801 819/1976/800
f 825/2026/808 828/2048/807 820/2024/803
f 828/2047/807 821/2049/805 822/1977/801
f 843/2050/824 846/2051/825 842/2052/826
f 843/2050/824 842/2052/826 844/2053/827
f 844/2054/827 842/2055/826 847/2056/828
f 845/2057/829 848/2058/830 842/2059/826
f 842/2060/826 846/2061/825 845/2062/829
f 842/2059/826 848/2058/830 847/2063/828
f 852/2064/831 848/2065/830 845/2066/829
f 852/2064/831 849/2067/832 848/2065/830
f 849/2068/832 850/2069/833 848/2070/830
f 850/2071/833 851/2072/834 848/2073/830
f 851/2074/834 853/2075/835 848/2076/830
f 848/2077/830 853/2078/835 847/2079/828
f 854/2080/836 853/2081/835 851/2082/834
f 854/2080/836 855/2083/837 853/2081/835
f 847/2079/828 853/2078/835 855/2084/837
f 856/2085/838 847/2079/828 855/2084/837
f 855/2084/837 857/2086/839 856/2085/838
f 858/2087/840 857/2088/839 855/2083/837
f 858/2087/840 855/2083/837 859/2089/841
f 854/2080/836 859/2089/841 855/2083/837
f 860/2090/842 861/2091/843 859/2092/841
f 859/2092/841 854/2093/836 860/2090/842
f 861/2091/843 858/2094/840 859/2092/841
f 860/2095/842 856/2096/838 861/2097/843
f 861/2098/843 857/2099/839 858/2100/840
f 861/2098/843 856/2101/838 857/2099/839
f 844/2102/827 860/2103/842 849/2104/832
f 844/2054/827 847/2056/828 860/2105/842
f 860/2095/842 847/2106/828 856/2096/838
f 854/2093/836 849/2107/832 860/2090/842
f 854/2080/836 851/2082/834 862/2108/844
f 854/2109/836 862/2110/844 849/2111/832
f 864/2112/845 862/2108/844 851/2082/834
f 849/2111/832 862/2110/844 863/2113/846
f 862/2114/844 864/2115/845 863/2116/846
f 863/2117/846 864/2118/845 865/2119/847
f 864/2112/845 851/2082/834 865/2120/847
f 865/2121/847 851/2122/834 850/2123/833
f 863/2117/846 865/2119/847 850/2124/833
f 849/2068/832 863/2125/846 850/2069/833
f 852/2126/831 843/2127/824 844/2128/827
f 852/2129/831 846/2051/825 843/2050/824
f 849/2104/832 852/2130/831 844/2102/827
f 852/2129/831 845/2131/829 846/2051/825
f 867/2132/848 870/2133/849 866/2134/850
f 867/2132/848 866/2134/850 868/2135/851
f 868/2136/851 866/2137/850 871/2138/852
f 869/2139/853 871/2140/852 866/2141/850
f 866/2142/850 870/2143/849 869/2144/853
f 872/2145/854 871/2146/852 873/2147/855
f 874/2148/856 871/2149/852 872/2150/854
f 871/2146/852 875/2151/857 873/2147/855
f 868/2136/851 871/2138/852 874/2152/856
f 876/2153/858 875/2151/857 871/2146/852
f 869/2139/853 876/2154/858 871/2140/852
f 880/2155/859 876/2156/858 869/2157/853
f 880/2155/859 877/2158/860 876/2156/858
f 877/2159/860 878/2160/861 876/2161/858
f 878/2162/861 879/2163/862 876/2164/858
f 879/2163/862 875/2165/857 876/2164/858
f 877/2166/860 880/2167/859 868/2168/851
f 880/2169/859 867/2170/848 868/2171/851
f 867/2132/848 880/2172/859 869/2173/853
f 881/2174/863 879/2175/862 878/2176/861
f 884/2177/864 879/2163/862 881/2178/863
f 882/2179/865 875/2165/857 879/2163/862
f 882/2179/865 879/2163/862 883/2180/866
f 884/2177/864 883/2180/866 879/2163/862
f 884/2181/864 881/2182/863 878/2183/861
f 884/2181/864 878/2183/861 885/2184/867
f 883/2185/866 884/2186/864 885/2187/867
f 877/2159/860 885/2188/867 878/2160/861
f 877/2189/860 883/2190/866 885/2191/867
f 882/2192/865 883/2190/866 877/2189/860
f 882/2179/865 873/2193/855 875/2165/857
f 882/2194/865 877/2195/860 874/2196/856
f 886/2197/868 882/2194/865 874/2196/856
f 882/2179/865 886/2198/868 873/2193/855
f 874/2196/856 887/2199/869 886/2197/868
f 887/2199/869 888/2200/870 886/2197/868
f 886/2198/868 888/2201/870 889/2202/871
f 886/2198/868 889/2202/871 873/2193/855
f 873/2147/855 889/2203/871 872/2145/854
f 888/2204/870 872/2205/854 889/2206/871
f 888/2204/870 887/2207/869 872/2205/854
f 874/2148/856 872/2150/854 887/2208/869
f 868/2168/851 874/2209/856 877/2166/860
f 867/2132/848 869/2173/853 870/2133/849
f 891/2210/872 890/2211/873 894/2212/874
f 891/2213/872 892/2214/875 890/2215/873
f 890/2216/873 892/2217/875 893/2218/876
f 894/2219/874 890/2220/873 893/2221/876
f 895/2222/877 894/2223/874 896/2224/878
f 897/2225/879 894/2226/874 895/2227/877
f 894/2228/874 898/2229/880 896/2230/878
f 891/2210/872 894/2212/874 897/2231/879
f 899/2232/881 898/2233/880 894/2234/874
f 893/2221/876 899/2235/881 894/2219/874
f 903/2236/882 899/2237/881 893/2238/876
f 903/2236/882 900/2239/883 899/2237/881
f 900/2240/883 901/2241/884 899/2242/881
f 901/2243/884 902/2244/885 899/2245/881
f 902/2244/885 898/2246/880 899/2245/881
f 903/2247/882 904/2248/886 891/2249/872
f 903/2236/882 892/2250/875 904/2251/886
f 891/2252/872 897/2253/879 903/2254/882
f 897/2253/879 900/2255/883 903/2254/882
f 903/2236/882 893/2238/876 892/2250/875
f 891/2213/872 904/2256/886 892/2214/875
f 905/2257/887 902/2258/885 901/2259/884
f 908/2260/888 902/2244/885 905/2261/887
f 906/2262/889 898/2246/880 902/2244/885
f 906/2262/889 902/2244/885 907/2263/890
f 908/2260/888 907/2263/890 902/2244/885
f 909/2264/891 908/2265/888 905/2266/887
f 907/2267/890 908/2268/888 909/2269/891
f 900/2240/883 909/2270/891 901/2241/884
f 909/2264/891 905/2266/887 901/2271/884
f 900/2272/883 907/2273/890 909/2274/891
f 906/2275/889 907/2273/890 900/2272/883
f 906/2262/889 896/2276/878 898/2246/880
f 906/2277/889 900/2278/883 897/2279/879
f 910/2280/892 906/2277/889 897/2279/879
f 906/2262/889 910/2281/892 896/2276/878
f 897/2279/879 911/2282/893 910/2280/892
f 911/2282/893 912/2283/894 910/2280/892
f 910/2281/892 912/2284/894 913/2285/895
f 910/2281/892 913/2285/895 896/2276/878
f 911/2286/893 895/2287/877 913/2288/895
f 896/2289/878 913/2290/895 895/2291/877
f 911/2286/893 913/2288/895 912/2292/894
f 897/2225/879 895/2227/877 911/2293/893
f 915/2294/896 914/2295/897 918/2296/898
f 915/2297/896 916/2298/899 914/2299/897
f 914/2300/897 916/2301/899 917/2302/900
f 918/2303/898 914/2304/897 917/2305/900
f 919/2306/901 918/2307/898 920/2308/902
f 921/2309/903 918/2310/898 919/2311/901
f 918/2312/898 922/2313/904 920/2314/902
f 915/2294/896 918/2296/898 921/2315/903
f 923/2316/905 922/2317/904 918/2318/898
f 917/2305/900 923/2319/905 918/2303/898
f 927/2320/906 923/2321/905 917/2322/900
f 927/2320/906 924/2323/907 923/2321/905
f 924/2323/907 925/2324/908 923/2321/905
f 925/2325/908 926/2326/909 923/2327/905
f 926/2326/909 922/2328/904 923/2327/905
f 915/2329/896 921/2330/903 927/2331/906
f 927/2332/906 928/2333/910 915/2334/896
f 928/2335/910 927/2320/906 917/2322/900
f 921/2330/903 924/2336/907 927/2331/906
f 915/2297/896 928/2337/910 916/2298/899
f 928/2335/910 917/2322/900 916/2338/899
f 929/2339/911 926/2340/909 925/2341/908
f 931/2342/912 926/2343/909 929/2344/911
f 930/2345/913 922/2346/904 926/2347/909
f 930/2345/913 926/2347/909 931/2348/912
f 931/2342/912 929/2344/911 933/2349/914
f 930/2350/913 931/2351/912 924/2352/907
f 924/2352/907 931/2351/912 932/2353/915
f 931/2354/912 933/2355/914 932/2356/915
f 933/2357/914 929/2358/911 925/2324/908
f 933/2357/914 925/2324/908 932/2359/915
f 924/2323/907 932/2359/915 925/2324/908
f 930/2360/913 920/2361/902 922/2362/904
f 930/2363/913 924/2364/907 921/2365/903
f 934/2366/916 930/2363/913 921/2365/903
f 930/2360/913 934/2367/916 920/2361/902
f 921/2365/903 935/2368/917 934/2366/916
f 935/2368/917 936/2369/918 934/2366/916
f 934/2367/916 936/2370/918 937/2371/919
f 934/2367/916 937/2371/919 920/2361/902
f 920/2372/902 937/2373/919 919/2374/901
f 936/2375/918 919/2376/901 937/2377/919
f 936/2375/918 935/2378/917 919/2376/901
f 921/2309/903 919/2311/901 935/2379/917
f 939/2380/920 938/2381/921 942/2382/922
f 939/2383/920 940/2384/923 938/2385/921
f 938/2386/921 940/2387/923 941/2388/924
f 942/2389/922 938/2390/921 941/2391/924
f 943/2392/925 942/2393/922 944/2394/926
f 945/2395/927 942/2396/922 943/2397/925
f 942/2398/922 946/2399/928 944/2400/926
f 939/2380/920 942/2382/922 945/2401/927
f 947/2402/929 946/2403/928 942/2404/922
f 941/2391/924 947/2405/929 942/2389/922
f 951/2406/930 947/2407/929 941/2408/924
f 951/2406/930 948/2409/931 947/2407/929
f 948/2409/931 949/2410/932 947/2407/929
f 949/2411/932 950/2412/933 947/2413/929
f 950/2412/933 946/2414/928 947/2413/929
f 939/2415/920 945/2416/927 951/2417/930
f 951/2418/930 952/2419/934 939/2420/920
f 952/2421/934 951/2406/930 941/2408/924
f 945/2416/927 948/2422/931 951/2417/930
f 939/2383/920 952/2423/934 940/2384/923
f 952/2421/934 941/2408/924 940/2424/923
f 953/2425/935 950/2426/933 949/2427/932
f 955/2428/936 950/2429/933 953/2430/935
f 954/2431/937 946/2432/928 950/2433/933
f 954/2431/937 950/2433/933 955/2434/936
f 955/2428/936 953/2430/935 957/2435/938
f 954/2436/937 955/2437/936 948/2438/931
f 948/2438/931 955/2437/936 956/2439/939
f 955/2440/936 957/2441/938 956/2442/939
f 957/2443/938 953/2444/935 949/2410/932
f 957/2443/938 949/2410/932 956/2445/939
f 948/2409/931 956/2445/939 949/2410/932
f 954/2446/937 944/2447/926 946/2448/928
f 954/2449/937 948/2450/931 945/2451/927
f 958/2452/940 954/2449/937 945/2451/927
f 954/2446/937 958/2453/940 944/2447/926
f 945/2451/927 959/2454/941 958/2452/940
f 959/2454/941 960/2455/942 958/2452/940
f 960/2456/942 944/2447/926 958/2453/940
f 960/2457/942 959/2458/941 943/2459/925
f 960/2456/942 961/2460/943 944/2447/926
f 960/2457/942 943/2459/925 961/2461/943
f 944/2462/926 961/2463/943 943/2464/925
f 945/2395/927 943/2397/925 959/2465/941
f 963/2466/944 962/2467/945 966/2468/946
f 963/2469/944 964/2470/947 962/2471/945
f 962/2472/945 964/2473/947 965/2474/948
f 966/2475/946 962/2476/945 965/2477/948
f 967/2478/949 966/2479/946 968/2480/950
f 969/2481/951 966/2482/946 967/2483/949
f 966/2484/946 970/2485/952 968/2486/950
f 963/2466/944 966/2468/946 969/2487/951
f 971/2488/953 970/2489/952 966/2490/946
f 965/2477/948 971/2491/953 966/2475/946
f 975/2492/954 971/2493/953 965/2494/948
f 975/2495/954 972/2496/955 971/2497/953
f 972/2496/955 973/2498/956 971/2497/953
f 973/2499/956 974/2500/957 971/2501/953
f 974/2500/957 970/2502/952 971/2501/953
f 963/2503/944 969/2504/951 975/2505/954
f 975/2506/954 976/2507/958 963/2508/944
f 976/2509/958 975/2510/954 965/2511/948
f 969/2504/951 972/2512/955 975/2505/954
f 963/2469/944 976/2513/958 964/2470/947
f 976/2509/958 965/2511/948 964/2514/947
f 977/2515/959 974/2516/957 973/2517/956
f 979/2518/960 974/2519/957 977/2520/959
f 978/2521/961 970/2522/952 974/2523/957
f 978/2521/961 974/2523/957 979/2524/960
f 979/2518/960 977/2520/959 981/2525/962
f 978/2526/961 979/2527/960 972/2528/955
f 972/2528/955 979/2527/960 980/2529/963
f 979/2530/960 981/2531/962 980/2532/963
f 980/2533/963 981/2534/962 977/2535/959
f 972/2496/955 980/2533/963 973/2498/956
f 980/2533/963 977/2535/959 973/2498/956
f 978/2536/961 968/2537/950 970/2538/952
f 978/2539/961 972/2540/955 969/2541/951
f 982/2542/964 978/2539/961 969/2541/951
f 978/2536/961 982/2543/964 968/2537/950
f 969/2541/951 983/2544/965 982/2542/964
f 983/2544/965 984/2545/966 982/2542/964
f 984/2546/966 968/2537/950 982/2543/964
f 983/2547/965 985/2548/967 984/2549/966
f 984/2546/966 985/2550/967 968/2537/950
f 983/2547/965 967/2551/949 985/2548/967
f 968/2552/950 985/2553/967 967/2554/949
f 969/2481/951 967/2483/949 983/2555/965
f 987/2556/968 990/2557/969 986/2558/970
f 987/2556/968 986/2558/970 988/2559/971
f 988/2559/971 986/2558/970 991/2560/972
f 989/2561/973 992/2562/974 986/2563/970
f 986/2564/970 990/2565/969 989/2566/973
f 986/2563/970 992/2562/974 991/2567/972
f 996/2568/975 992/2569/974 989/2570/973
f 996/2568/975 993/2571/976 992/2569/974
f 993/2572/976 994/2573/977 992/2574/974
f 994/2575/977 995/2576/978 992/2577/974
f 995/2578/978 997/2579/979 992/2580/974
f 992/2581/974 997/2582/979 991/2583/972
f 998/2584/980 997/2585/979 995/2586/978
f 998/2587/980 999/2588/981 997/2589/979
f 997/2590/979 999/2591/981 1000/2592/982
f 1000/2592/982 991/2593/972 997/2590/979
f 1002/2594/983 991/2595/972 1000/2596/982
f 999/2597/981 1001/2598/984 1000/2599/982
f 1003/2600/985 1000/2601/982 1001/2602/984
f 1002/2603/983 1000/2604/982 1003/2605/985
f 1002/2606/983 1003/2607/985 1005/2608/986
f 1003/2607/985 1004/2609/987 1005/2608/986
f 1003/2600/985 1001/2602/984 1004/2610/987
f 1005/2608/986 998/2611/980 1002/2606/983
f 1004/2612/987 999/2613/981 1005/2614/986
f 998/2615/980 1005/2614/986 999/2613/981
f 1004/2612/987 1001/2616/984 999/2613/981
f 1002/2617/983 993/2618/976 996/2619/975
f 988/2620/971 1002/2617/983 996/2619/975
f 988/2621/971 991/2622/972 1002/2623/983
f 998/2611/980 993/2624/976 1002/2606/983
f 998/2625/980 995/2626/978 1006/2627/988
f 998/2628/980 1006/2629/988 993/2630/976
f 1006/2631/988 995/2632/978 1007/2633/989
f 1006/2631/988 1007/2633/989 1009/2634/990
f 993/2630/976 1006/2629/988 1008/2635/991
f 1006/2636/988 1009/2637/990 1008/2638/991
f 1008/2639/991 1009/2640/990 1007/2641/989
f 993/2642/976 1008/2639/991 994/2643/977
f 1008/2639/991 1007/2641/989 994/2643/977
f 1007/2644/989 995/2645/978 994/2646/977
f 996/2647/975 987/2648/968 988/2649/971
f 996/2650/975 990/2651/969 987/2652/968
f 996/2650/975 989/2653/973 990/2651/969
f 1011/2654/992 1014/2655/993 1010/2656/994
f 1011/2654/992 1010/2656/994 1012/2657/995
f 1012/2657/995 1010/2656/994 1015/2658/996
f 1015/2659/996 1010/2660/994 1013/2661/997
f 1010/2660/994 1014/2662/993 1013/2661/997
f 1016/2663/998 1015/2664/996 1017/2665/999
f 1018/2666/1000 1015/2658/996 1016/2667/998
f 1015/2664/996 1019/2668/1001 1017/2665/999
f 1012/2657/995 1015/2658/996 1018/2666/1000
f 1020/2669/1002 1019/2670/1001 1015/2659/996
f 1013/2661/997 1020/2669/1002 1015/2659/996
f 1023/2671/1003 1020/2672/1002 1013/2673/997
f 1023/2674/1003 1021/2675/1004 1020/2676/1002
f 1021/2677/1004 1022/2678/1005 1020/2679/1002
f 1019/2670/1001 1020/2669/1002 1022/2680/1005
f 1023/2681/1003 1011/2682/992 1012/2683/995
f 1023/2671/1003 1014/2684/993 1011/2685/992
f 1021/2686/1004 1023/2687/1003 1012/2688/995
f 1023/2671/1003 1013/2673/997 1014/2684/993
f 1021/2677/1004 1025/2689/1006 1022/2678/1005
f 1024/2690/1007 1026/2691/1008 1022/2692/1005
f 1024/2690/1007 1022/2692/1005 1025/2693/1006
f 1027/2694/1009 1019/2670/1001 1022/2680/1005
f 1026/2695/1008 1027/2696/1009 1022/2697/1005
f 1024/2698/1007 1027/2699/1009 1026/2700/1008
f 1028/2701/1010 1019/2702/1001 1027/2699/1009
f 1028/2701/1010 1027/2699/1009 1029/2703/1011
f 1024/2698/1007 1029/2703/1011 1027/2699/1009
f 1028/2704/1010 1029/2705/1011 1021/2706/1004
f 1021/2706/1004 1029/2705/1011 1025/2707/1006
f 1029/2705/1011 1024/2708/1007 1025/2707/1006
f 1028/2709/1010 1017/2710/999 1019/2711/1001
f 1028/2704/1010 1021/2706/1004 1018/2712/1000
f 1030/2713/1012 1028/2714/1010 1018/2715/1000
f 1028/2709/1010 1030/2716/1012 1017/2710/999
f 1018/2715/1000 1031/2717/1013 1030/2713/1012
f 1031/2718/1013 1032/2719/1014 1030/2720/1012
f 1030/2721/1012 1032/2722/1014 1033/2723/1015
f 1030/2721/1012 1033/2723/1015 1017/2724/999
f 1017/2725/999 1033/2726/1015 1016/2727/998
f 1032/2728/1014 1016/2667/998 1033/2729/1015
f 1032/2728/1014 1031/2730/1013 1016/2667/998
f 1018/2666/1000 1016/2667/998 1031/2730/1013
f 1012/2688/995 1018/2731/1000 1021/2686/1004
