# Blender 5.1.2
# www.blender.org
mtllib rightFoot.mtl
o Mesh_Mesh.283
v -0.083146 -0.385789 -0.071934
v 0.033445 -0.386332 -0.056041
v 0.031885 -0.389018 -0.044688
v -0.081586 -0.387693 -0.083444
v -0.084706 -0.388474 -0.060581
v -0.086029 -0.395341 -0.051113
v -0.080264 -0.393898 -0.093359
v -0.086029 -0.437978 -0.052570
v 0.030563 -0.438522 -0.036677
v 0.031885 -0.444726 -0.046592
v -0.080264 -0.436535 -0.094816
v -0.084706 -0.444182 -0.062485
v -0.086913 -0.405344 -0.044971
v -0.087223 -0.416959 -0.043091
v -0.086913 -0.428418 -0.045759
v 0.029679 -0.428962 -0.029867
v 0.029679 -0.405887 -0.029078
v 0.029368 -0.417502 -0.027199
v 0.030563 -0.395884 -0.035220
v 0.037211 -0.427075 -0.085064
v 0.037211 -0.404001 -0.084276
v 0.035005 -0.388236 -0.067551
v 0.036328 -0.394441 -0.077466
v -0.079380 -0.403458 -0.100168
v -0.079070 -0.414917 -0.102837
v 0.037522 -0.415460 -0.086945
v -0.079380 -0.426532 -0.100957
v 0.036328 -0.437078 -0.078923
v 0.035005 -0.443944 -0.069455
v -0.081586 -0.443401 -0.085347
v -0.083146 -0.446088 -0.073994
v 0.033445 -0.446631 -0.058102
v 0.024746 -0.345375 -0.083171
v 0.019923 -0.345609 -0.091447
v 0.027776 -0.167373 -0.086366
v 0.027843 -0.367990 -0.083185
v 0.022718 -0.345496 -0.073797
v 0.026660 -0.166747 -0.075729
v 0.020472 -0.166775 -0.071867
v 0.024723 -0.368169 -0.071795
v 0.016072 -0.345618 -0.069951
v 0.016505 -0.368101 -0.067717
v 0.009057 -0.368157 -0.075587
v 0.011535 -0.345997 -0.076668
v 0.016127 -0.165582 -0.077395
v 0.017079 -0.165856 -0.087114
v 0.012473 -0.346625 -0.086528
v 0.010109 -0.368190 -0.088343
v 0.019265 -0.367860 -0.092916
v 0.030143 -0.378722 -0.085593
v 0.009591 -0.380560 -0.089297
v 0.020729 -0.380417 -0.095799
v 0.012087 -0.388430 -0.088318
v 0.022699 -0.389120 -0.094065
v 0.022384 -0.393843 -0.089230
v 0.031028 -0.388285 -0.085043
v 0.029016 -0.393436 -0.081969
v 0.027182 -0.392917 -0.073994
v 0.027024 -0.388661 -0.070340
v 0.026122 -0.378627 -0.069065
v 0.018620 -0.394561 -0.071023
v 0.016965 -0.389572 -0.066940
v 0.015143 -0.380420 -0.065327
v 0.010501 -0.388707 -0.076134
v 0.013819 -0.393338 -0.077634
v 0.014745 -0.392884 -0.085682
v 0.008149 -0.380174 -0.075156
v 0.016820 -0.395098 -0.082882
v 0.022257 -0.396147 -0.083693
v 0.016719 -0.395604 -0.079003
v 0.019906 -0.396368 -0.075978
v 0.026723 -0.395386 -0.080232
v 0.025754 -0.395377 -0.076276
v 0.023949 -0.166085 -0.091844
v 0.028494 -0.013791 -0.092564
v 0.021465 -0.013494 -0.088820
v 0.021427 -0.013278 -0.077518
v 0.028061 0.016617 -0.093796
v 0.021444 0.016869 -0.088032
v 0.021718 0.017667 -0.075583
v 0.026585 0.030507 -0.094449
v 0.018666 0.030561 -0.087457
v 0.025485 0.039414 -0.092890
v 0.018188 0.038895 -0.086881
v 0.020285 0.030924 -0.075589
v 0.029280 0.018097 -0.067418
v 0.021006 0.038558 -0.075384
v 0.029953 0.031470 -0.068202
v 0.029434 0.038792 -0.070735
v 0.034805 0.038481 -0.078796
v 0.032067 0.042806 -0.080598
v 0.027636 0.044817 -0.077655
v 0.036638 0.030558 -0.077304
v 0.034708 0.030134 -0.087619
v 0.035932 0.017519 -0.087946
v 0.036935 0.017556 -0.075277
v 0.034653 -0.012254 -0.085790
v 0.032926 -0.013066 -0.076232
v 0.026762 -0.012835 -0.072320
v 0.033133 0.038066 -0.087232
v 0.031365 0.042703 -0.085437
v 0.026905 0.045253 -0.087038
v 0.022578 0.044037 -0.078744
v 0.020743 0.044556 -0.085383
v -0.021783 -0.351617 -0.033587
v -0.041026 -0.352156 -0.045972
v -0.027110 -0.270631 -0.059708
v -0.005395 -0.352446 -0.049333
v -0.015152 -0.269993 -0.047732
v -0.022646 -0.377382 -0.032813
v -0.046294 -0.377768 -0.046148
v -0.024663 -0.399997 -0.042520
v -0.001809 -0.384325 -0.043427
v 0.011669 -0.380861 -0.071149
v 0.007529 -0.400246 -0.046845
v 0.010972 -0.411115 -0.053920
v 0.020244 -0.396206 -0.069401
v -0.024287 -0.409472 -0.051824
v -0.023847 -0.410618 -0.071674
v -0.053413 -0.395692 -0.055023
v -0.056354 -0.404853 -0.063655
v -0.063130 -0.404022 -0.083109
v -0.065505 -0.394202 -0.081114
v -0.051673 -0.403922 -0.098114
v -0.056350 -0.375000 -0.076547
v -0.047486 -0.394277 -0.100925
v -0.021418 -0.406586 -0.087070
v -0.019350 -0.396686 -0.092470
v -0.037331 -0.375336 -0.094026
v -0.017125 -0.349676 -0.087214
v -0.019140 -0.380232 -0.090920
v -0.044256 -0.350999 -0.075860
v -0.026240 -0.271452 -0.078639
v -0.005360 -0.199956 -0.087207
v -0.018624 -0.199493 -0.081348
v -0.008010 -0.274053 -0.086011
v 0.005847 -0.201549 -0.080478
v 0.003255 -0.274294 -0.074485
v -0.003484 -0.271951 -0.059099
v 0.002600 -0.353088 -0.071891
v -0.001784 -0.378745 -0.085319
v 0.008473 -0.394711 -0.086633
v 0.012524 -0.406702 -0.083878
v 0.020182 -0.410105 -0.069642
v -0.008316 -0.199250 -0.058044
v 0.000496 -0.199484 -0.066663
v -0.004346 -0.127428 -0.065542
v 0.005194 -0.128711 -0.073078
v 0.007490 -0.129784 -0.086912
v 0.011328 -0.061803 -0.091050
v -0.001610 -0.130067 -0.093139
v 0.000583 -0.060693 -0.096244
v -0.014897 -0.128923 -0.086536
v -0.011145 -0.059473 -0.091260
v -0.016299 -0.126527 -0.072235
v -0.020232 -0.197582 -0.067626
v -0.013530 -0.057403 -0.077677
v -0.001048 -0.059135 -0.069768
v 0.012747 -0.027196 -0.078600
v 0.009790 -0.060273 -0.077559
v 0.000448 -0.026909 -0.067875
v -0.005129 0.005422 -0.061781
v -0.014768 -0.025491 -0.077188
v 0.007036 0.002934 -0.067045
v 0.012284 0.014928 -0.061365
v 0.022963 0.011863 -0.073052
v 0.018780 0.002302 -0.075503
v 0.013598 0.001926 -0.091878
v 0.016957 0.013560 -0.092588
v 0.000520 0.002765 -0.107080
v 0.018960 0.024979 -0.093500
v 0.002144 0.022109 -0.112703
v 0.023930 0.023198 -0.073043
v 0.015624 0.034302 -0.072041
v 0.015899 0.028862 -0.057855
v 0.010138 0.034154 -0.085093
v -0.001048 0.038832 -0.093885
v -0.018253 0.041804 -0.061344
v -0.006557 0.037425 -0.054385
v -0.022257 0.032836 -0.060438
v 0.012303 0.036745 -0.059034
v -0.006443 0.030441 -0.054881
v -0.005616 0.017115 -0.057834
v -0.023416 0.020752 -0.064947
v -0.020938 0.010844 -0.072060
v -0.029865 0.027864 -0.072411
v -0.031721 0.032539 -0.082793
v -0.028880 0.044723 -0.069294
v -0.024039 0.050723 -0.067912
v -0.029336 0.048646 -0.079023
v -0.018741 0.048164 -0.091427
v -0.022959 0.053977 -0.078894
v -0.027958 0.044227 -0.094706
v -0.024526 0.029511 -0.094604
v -0.015498 0.037519 -0.105305
v -0.000266 0.031726 -0.111144
v -0.014716 0.023595 -0.102278
v -0.010101 0.042754 -0.095741
v -0.012199 0.005281 -0.098284
v -0.020352 0.004924 -0.085991
v -0.011530 -0.026280 -0.094821
v 0.001530 -0.027250 -0.100003
v 0.011541 -0.028082 -0.091779
v 0.033860 0.094644 0.025928
v 0.033244 0.092591 0.018344
v 0.031218 0.096596 0.017860
v 0.039515 0.092964 0.025709
v 0.034175 0.096806 0.033792
v 0.032209 0.098089 0.025238
v 0.038876 0.094928 0.033998
v 0.040909 0.100384 0.041657
v 0.038193 0.097403 0.042618
v 0.042300 0.094945 0.025675
v 0.041814 0.097358 0.033681
v 0.039665 0.100110 0.024453
v 0.039738 0.102197 0.032339
v 0.039684 0.104791 0.040411
v 0.035521 0.102457 0.032347
v 0.032158 0.102592 0.041079
v 0.035235 0.105218 0.040433
v 0.032354 0.100037 0.033003
v 0.034863 0.100117 0.024620
v 0.034399 0.098816 0.016950
v 0.039439 0.098631 0.016730
v 0.042367 0.093112 0.017695
v 0.033796 0.098113 0.009158
v 0.039404 0.097663 0.008839
v 0.041662 0.091757 0.009788
v 0.038919 0.090952 0.017572
v 0.038299 0.089564 0.010419
v 0.042004 0.090577 0.002464
v 0.039402 0.097523 0.001487
v 0.037395 0.086562 0.002956
v 0.042804 0.088738 -0.005421
v 0.039828 0.098095 -0.006828
v 0.035926 0.084558 -0.004030
v 0.041799 0.088241 -0.012887
v 0.035530 0.085109 -0.010292
v 0.034446 0.087266 -0.015572
v 0.030979 0.087911 -0.012146
v 0.027820 0.086263 -0.008970
v 0.025926 0.092398 -0.010215
v 0.026249 0.084136 -0.003284
v 0.023164 0.093403 -0.004324
v 0.032104 0.098549 -0.006476
v 0.029154 0.087332 0.004688
v 0.027106 0.095097 0.003569
v 0.031864 0.090348 0.010879
v 0.029382 0.095457 0.010478
v 0.032721 0.097967 0.001561
v 0.032028 0.096821 -0.013351
v 0.038988 0.096294 -0.014622
v 0.032778 0.091928 -0.016938
v 0.035752 0.093197 -0.017966
v 0.029950 0.091171 -0.013665
v 0.037741 0.088778 -0.017271
v 0.033868 0.098983 0.041997
v 0.033382 0.100883 0.050309
v 0.037552 0.099542 0.050752
v 0.040806 0.102973 0.049770
v 0.032771 0.101372 0.056553
v 0.037986 0.100513 0.056601
v 0.037641 0.102816 0.060411
v 0.041705 0.105158 0.056018
v 0.039656 0.107968 0.048447
v 0.040049 0.110755 0.054646
v 0.040368 0.106431 0.059832
v 0.038926 0.110935 0.059688
v 0.037219 0.105916 0.062899
v 0.039209 0.107577 0.062464
v 0.041973 0.107238 0.064361
v 0.038225 0.104071 0.065155
v 0.038073 0.109908 0.062672
v 0.034335 0.110975 0.062439
v 0.038911 0.111937 0.064159
v 0.033519 0.112284 0.064155
v 0.041847 0.107928 0.067704
v 0.038466 0.112218 0.067689
v 0.033756 0.111726 0.068310
v 0.039671 0.108711 0.072533
v 0.037643 0.110958 0.071919
v 0.034661 0.110835 0.071838
v 0.034966 0.110887 0.075027
v 0.037244 0.110892 0.075131
v 0.039070 0.109273 0.075631
v 0.037126 0.111554 0.078858
v 0.035161 0.111607 0.079072
v 0.039701 0.111272 0.083079
v 0.037604 0.113387 0.082856
v 0.039089 0.110301 0.079196
v 0.037398 0.107958 0.083840
v 0.037279 0.107668 0.079700
v 0.037459 0.106932 0.076099
v 0.034372 0.107469 0.075941
v 0.034079 0.108825 0.079604
v 0.033673 0.109523 0.075413
v 0.033217 0.109443 0.083756
v 0.033870 0.110653 0.079244
v 0.032753 0.112353 0.083047
v 0.034241 0.116150 0.086654
v 0.031207 0.113404 0.086853
v 0.034765 0.113646 0.082813
v 0.032452 0.113528 0.089490
v 0.033228 0.109649 0.087754
v 0.037580 0.108568 0.087960
v 0.037293 0.110261 0.090086
v 0.033839 0.110921 0.089905
v 0.036887 0.109430 0.092734
v 0.031379 0.113718 0.091859
v 0.032871 0.110311 0.092235
v 0.032076 0.113129 0.095677
v 0.033219 0.110722 0.095978
v 0.033192 0.111120 0.098935
v 0.032274 0.113207 0.098772
v 0.036067 0.109922 0.096273
v 0.037441 0.112111 0.099545
v 0.038775 0.111896 0.096525
v 0.035546 0.110276 0.099411
v 0.035368 0.110541 0.101741
v 0.032932 0.111371 0.101310
v 0.032235 0.113447 0.101227
v 0.032392 0.113614 0.103214
v 0.032784 0.111663 0.103663
v 0.035201 0.111041 0.104097
v 0.032945 0.113485 0.104201
v 0.033246 0.112267 0.104537
v 0.033122 0.112097 0.105627
v 0.032328 0.113605 0.105166
v 0.035061 0.111870 0.104780
v 0.036594 0.112875 0.103851
v 0.036036 0.113114 0.104568
v 0.035102 0.111687 0.106009
v 0.033083 0.112317 0.107599
v 0.034717 0.112041 0.107979
v 0.036265 0.113482 0.107918
v 0.037011 0.113162 0.105879
v 0.035258 0.114805 0.105516
v 0.033570 0.114848 0.105246
v 0.035363 0.114416 0.104392
v 0.034791 0.114836 0.107311
v 0.033166 0.114733 0.107083
v 0.033116 0.114498 0.108747
v 0.034258 0.114618 0.109002
v 0.035475 0.113799 0.109672
v 0.033722 0.114790 0.110613
v 0.033495 0.114353 0.111639
v 0.034732 0.114212 0.111377
v 0.033005 0.114374 0.111515
v 0.032752 0.114751 0.110458
v 0.032077 0.113998 0.110556
v 0.032437 0.113718 0.108856
v 0.032520 0.113666 0.107110
v 0.032955 0.112492 0.109285
v 0.034482 0.112484 0.109609
v 0.032608 0.112925 0.111039
v 0.032849 0.113943 0.111862
v 0.034050 0.112862 0.111511
v 0.032879 0.113465 0.111856
v 0.033446 0.113506 0.112140
v 0.033651 0.113991 0.112066
v 0.033748 0.114497 0.104176
v 0.035698 0.114871 0.103595
v 0.033607 0.115019 0.101384
v 0.035978 0.114763 0.101634
v 0.033420 0.114925 0.103437
v 0.033894 0.114804 0.098991
v 0.037077 0.112503 0.101690
v 0.036382 0.114376 0.099252
v 0.034058 0.115224 0.095810
v 0.037347 0.114589 0.096148
v 0.037998 0.114907 0.092433
v 0.034313 0.115605 0.092169
v 0.037740 0.114584 0.089869
v 0.034632 0.114942 0.089650
v 0.038393 0.115714 0.086960
v 0.040833 0.111740 0.087563
v 0.039702 0.111955 0.090111
v 0.040304 0.111708 0.092712
v 0.032867 0.108848 0.072263
v 0.034139 0.105189 0.069205
v 0.031546 0.108543 0.068821
v 0.034240 0.106280 0.072766
v 0.037878 0.105917 0.072916
v 0.038437 0.104863 0.069198
v 0.034122 0.104819 0.065404
v 0.031655 0.108050 0.062779
v 0.030590 0.108035 0.064802
v 0.034436 0.105826 0.063016
v 0.033552 0.103409 0.060616
v 0.029395 0.107613 0.055201
v 0.030000 0.107849 0.060355
v 0.034046 0.111630 0.059595
v 0.033850 0.110748 0.054329
v 0.031105 0.105736 0.049414
v 0.034389 0.108585 0.048891
v -0.039194 0.095956 0.055326
v -0.039370 0.093261 0.048053
v -0.034065 0.093128 0.056283
v -0.040756 0.100672 0.053658
v -0.041035 0.102853 0.061786
v -0.039609 0.098461 0.063208
v -0.034795 0.095634 0.064544
v -0.033831 0.097568 0.072645
v -0.028966 0.097404 0.055540
v -0.028439 0.099605 0.063592
v -0.040553 0.100194 0.071214
v -0.042150 0.101642 0.078264
v -0.042735 0.107080 0.069147
v -0.038018 0.107475 0.060569
v -0.045375 0.111177 0.075501
v -0.037985 0.111376 0.068593
v -0.031319 0.107064 0.061191
v -0.030914 0.116436 0.076740
v -0.040407 0.117344 0.074982
v -0.031980 0.110573 0.069079
v -0.027322 0.102977 0.071226
v -0.026362 0.106977 0.078193
v -0.033179 0.099694 0.080083
v -0.033316 0.101458 0.085100
v -0.026979 0.109463 0.084159
v -0.031388 0.118583 0.082294
v -0.028947 0.110241 0.089639
v -0.034337 0.103943 0.089883
v -0.042277 0.104690 0.088989
v -0.041188 0.107160 0.092219
v -0.031433 0.110595 0.092695
v -0.035185 0.107086 0.092965
v -0.041563 0.106227 0.093886
v -0.034370 0.106163 0.095919
v -0.042298 0.106733 0.098857
v -0.035892 0.106361 0.100278
v -0.031148 0.110483 0.100624
v -0.029722 0.110697 0.095608
v -0.032956 0.119077 0.093778
v -0.034073 0.118578 0.100379
v -0.043792 0.118931 0.098787
v -0.043361 0.117654 0.104121
v -0.033811 0.111281 0.105803
v -0.036174 0.117472 0.105464
v -0.043219 0.117039 0.108208
v -0.035667 0.111818 0.109579
v -0.037432 0.116977 0.109235
v -0.038116 0.117046 0.112860
v -0.036511 0.112597 0.113621
v -0.043461 0.117398 0.112188
v -0.045944 0.113922 0.112283
v -0.044099 0.118466 0.116645
v -0.046740 0.114956 0.116981
v -0.048143 0.116270 0.122187
v -0.045713 0.111328 0.122947
v -0.044641 0.111003 0.117864
v -0.039943 0.110008 0.118535
v -0.043874 0.110133 0.113143
v -0.039487 0.109539 0.113786
v -0.038784 0.108821 0.109445
v -0.043321 0.108950 0.108609
v -0.045534 0.113055 0.107890
v -0.045828 0.112411 0.103310
v -0.046864 0.113117 0.097645
v -0.042664 0.107875 0.103877
v -0.037577 0.107819 0.105078
v -0.047028 0.113193 0.092238
v -0.043429 0.119340 0.091945
v -0.041928 0.117805 0.089625
v -0.046646 0.112297 0.087514
v -0.041661 0.119118 0.087543
v -0.045025 0.112061 0.090480
v -0.033721 0.117434 0.090792
v -0.033108 0.118213 0.088279
v -0.041149 0.120015 0.080560
v -0.047385 0.112462 0.081298
v -0.042903 0.102429 0.083753
v -0.036169 0.113584 0.118241
v -0.040057 0.110197 0.123734
v -0.035861 0.114699 0.123848
v -0.046310 0.111703 0.128034
v -0.039887 0.111483 0.129041
v -0.040679 0.113282 0.131310
v -0.036357 0.114742 0.129218
v -0.037611 0.114990 0.131675
v -0.041101 0.112766 0.134441
v -0.039510 0.119231 0.131657
v -0.037263 0.115017 0.134511
v -0.039134 0.116396 0.137648
v -0.039232 0.120170 0.134296
v -0.044555 0.121413 0.133385
v -0.040298 0.120102 0.137589
v -0.045100 0.120911 0.136737
v -0.039951 0.117177 0.140821
v -0.041517 0.119700 0.140290
v -0.045087 0.120196 0.139560
v -0.047743 0.117806 0.138778
v -0.048551 0.118218 0.142245
v -0.045467 0.120776 0.142435
v -0.041825 0.120654 0.142956
v -0.042043 0.121321 0.145837
v -0.046222 0.121401 0.145291
v -0.049387 0.118702 0.145191
v -0.046273 0.120434 0.146966
v -0.048010 0.118732 0.147439
v -0.042050 0.120288 0.147688
v -0.043707 0.119610 0.148318
v -0.045813 0.119717 0.147675
v -0.046464 0.118648 0.148285
v -0.044180 0.117140 0.148801
v -0.045907 0.117082 0.148441
v -0.043552 0.118324 0.148950
v -0.047021 0.116276 0.147065
v -0.043455 0.116004 0.147586
v -0.046885 0.115835 0.144983
v -0.046265 0.115842 0.142455
v -0.042818 0.115690 0.145550
v -0.040913 0.118178 0.147974
v -0.042654 0.115714 0.143012
v -0.039959 0.117961 0.146228
v -0.039932 0.117597 0.143451
v -0.042435 0.115300 0.140365
v -0.042151 0.114282 0.137541
v -0.046071 0.115295 0.139787
v -0.046337 0.114357 0.137073
v -0.046458 0.113423 0.133720
v -0.048264 0.118007 0.135967
v -0.049566 0.117834 0.132998
v -0.044477 0.120091 0.130628
v -0.047806 0.117189 0.130382
v -0.048694 0.117174 0.127255
v -0.045710 0.114304 0.130704
v -0.044991 0.120851 0.127718
v -0.038120 0.120466 0.123249
v -0.044561 0.120452 0.122061
v -0.038749 0.120592 0.128724
v -0.038010 0.118350 0.117236
v -0.030728 0.104663 0.053668
v -0.037801 0.105215 0.052626
v -0.030150 0.103219 0.046618
v -0.028162 0.095958 0.048402
v -0.032565 0.090804 0.049080
v -0.026324 0.095351 0.042478
v -0.030450 0.088943 0.043078
v -0.040805 0.088553 0.036712
v -0.029207 0.086384 0.037342
v -0.039608 0.090681 0.042357
v -0.041139 0.099893 0.039969
v -0.040726 0.099402 0.046314
v -0.036603 0.103895 0.045549
v -0.035495 0.103418 0.039283
v -0.029449 0.102934 0.040497
v -0.028745 0.104603 0.034431
v -0.022839 0.094495 0.035998
v -0.027398 0.105325 0.026909
v -0.020623 0.092703 0.031097
v -0.029045 0.083882 0.031975
v -0.026736 0.101576 0.022431
v -0.024909 0.086555 0.021993
v -0.029085 0.084311 0.027724
v -0.040323 0.087555 0.025701
v -0.029239 0.078332 0.022440
v -0.039828 0.082424 0.018814
v -0.041051 0.087223 0.030721
v -0.042434 0.098566 0.027704
v -0.041971 0.099585 0.034178
v -0.035952 0.103948 0.033194
v -0.036597 0.105091 0.027007
v -0.036885 0.104320 0.020854
v -0.042284 0.096002 0.023255
v -0.027020 0.099238 0.011772
v -0.038427 0.101390 0.011291
v -0.040947 0.092696 0.013289
v -0.038697 0.089220 -0.001650
v -0.036425 0.096488 -0.003690
v -0.027502 0.095798 -0.000630
v -0.020193 0.092691 -0.000893
v -0.020320 0.093099 0.010846
v -0.032763 0.093198 -0.012004
v -0.025846 0.091975 -0.009850
v -0.026044 0.091514 -0.022274
v -0.019804 0.090221 -0.008949
v -0.018601 0.088438 -0.019526
v -0.009358 0.088801 -0.020531
v -0.013516 0.089067 -0.007944
v -0.014278 0.090903 -0.027719
v -0.019458 0.089738 -0.028087
v -0.017224 0.085669 -0.034164
v -0.024584 0.084384 -0.035499
v -0.027153 0.089674 -0.029215
v -0.033573 0.090319 -0.029915
v -0.032444 0.093071 -0.023949
v -0.030359 0.083467 -0.036110
v -0.030878 0.076288 -0.035613
v -0.023729 0.076697 -0.034003
v -0.034330 0.077040 -0.030580
v -0.031534 0.068933 -0.021292
v -0.026828 0.068451 -0.023719
v -0.035735 0.083704 -0.016297
v -0.035741 0.086497 -0.009618
v -0.034457 0.079352 -0.006134
v -0.033573 0.075396 -0.010920
v -0.028748 0.065873 -0.016338
v -0.027727 0.068008 -0.007625
v -0.024845 0.071775 -0.002710
v -0.027549 0.075903 0.002492
v -0.018928 0.070513 0.004194
v -0.019533 0.065318 -0.006750
v -0.019316 0.068164 -0.002514
v -0.009504 0.069729 -0.003770
v -0.011798 0.066849 -0.007578
v -0.004205 0.068374 -0.017878
v -0.015561 0.062837 -0.018848
v -0.002642 0.070768 -0.008773
v 0.003588 0.075404 -0.005948
v 0.000418 0.073185 0.000460
v 0.002448 0.070366 -0.010883
v 0.007891 0.067065 -0.013887
v 0.009835 0.072476 -0.006388
v 0.015394 0.072355 -0.009224
v 0.007772 0.078955 0.000078
v 0.016409 0.079026 -0.001778
v 0.016829 0.079713 0.006131
v 0.023919 0.084294 0.003369
v 0.021320 0.083020 -0.005758
v 0.021552 0.077068 -0.014460
v 0.020730 0.090447 -0.005626
v 0.027441 0.088320 -0.013276
v 0.021730 0.099563 -0.022158
v 0.025208 0.084133 -0.020462
v 0.025356 0.098795 -0.014116
v 0.019438 0.100596 -0.006882
v 0.012362 0.104713 -0.024920
v 0.020178 0.091983 0.002487
v 0.012579 0.102390 -0.002891
v 0.004513 0.105276 -0.021667
v 0.013468 0.093116 0.002844
v 0.008039 0.092307 0.004049
v 0.014077 0.094015 0.010188
v 0.003596 0.099995 -0.000684
v 0.020054 0.092555 0.010068
v 0.023664 0.085847 0.011169
v 0.014747 0.094332 0.017607
v 0.020244 0.093065 0.017440
v 0.020543 0.094220 0.024661
v 0.023535 0.087301 0.018377
v 0.017169 0.080835 0.012784
v 0.017898 0.082551 0.019822
v 0.023633 0.088795 0.025760
v 0.023723 0.090326 0.033448
v 0.019109 0.084726 0.027331
v 0.020674 0.095616 0.032226
v 0.021345 0.097775 0.039896
v 0.024077 0.092638 0.041219
v 0.016061 0.097040 0.032237
v 0.015454 0.095531 0.024826
v 0.010898 0.092422 0.025912
v 0.010032 0.091136 0.018836
v 0.011352 0.085020 0.019955
v 0.007622 0.090554 0.011320
v 0.009930 0.080144 0.012098
v -0.001841 0.094166 0.013130
v 0.005957 0.094770 0.010176
v 0.005210 0.092992 0.017545
v 0.008428 0.083596 0.019996
v 0.006615 0.085467 0.026310
v 0.003549 0.080232 0.026560
v 0.003182 0.078059 0.020522
v 0.003899 0.077072 0.015477
v 0.004480 0.092019 0.025710
v -0.000424 0.093841 0.033794
v 0.003441 0.091463 0.033917
v -0.001480 0.097016 0.024466
v -0.004775 0.089614 0.025337
v -0.002600 0.096835 0.015895
v -0.007811 0.087865 0.020667
v -0.005772 0.080170 0.020187
v -0.008175 0.086252 0.017265
v -0.003745 0.082719 0.026153
v -0.002509 0.084272 0.035097
v -0.003306 0.090327 0.033306
v -0.002415 0.091213 0.043050
v -0.001671 0.093018 0.052900
v -0.001708 0.086773 0.044291
v 0.000031 0.093750 0.043154
v 0.000460 0.094937 0.052630
v 0.003064 0.092411 0.043334
v 0.002897 0.094319 0.052791
v 0.003695 0.091098 0.053196
v 0.004362 0.088644 0.043802
v 0.005624 0.087114 0.035057
v 0.002189 0.086526 0.044226
v 0.003099 0.083557 0.035088
v 0.001652 0.089104 0.053684
v -0.001361 0.089260 0.053971
v 0.001441 0.091519 0.063375
v -0.001396 0.092283 0.063126
v 0.002626 0.094039 0.072358
v 0.004043 0.093782 0.062833
v -0.001736 0.094722 0.072012
v -0.002261 0.098877 0.070427
v -0.002846 0.101973 0.078153
v -0.001813 0.096472 0.080017
v 0.003836 0.096008 0.080061
v -0.001546 0.097671 0.085305
v 0.004242 0.097702 0.085145
v -0.003222 0.104740 0.083438
v -0.000253 0.099010 0.088939
v -0.003084 0.104525 0.087741
v 0.000574 0.109327 0.087540
v 0.000583 0.106997 0.090207
v -0.000884 0.104200 0.090453
v -0.002816 0.104855 0.092856
v 0.000693 0.102311 0.091180
v 0.000532 0.101369 0.093460
v 0.005293 0.098948 0.088864
v 0.005736 0.101687 0.091085
v 0.005736 0.100448 0.093463
v 0.007445 0.103157 0.087838
v 0.008628 0.103564 0.092698
v 0.007178 0.103509 0.090680
v 0.004997 0.106168 0.090592
v 0.006131 0.107832 0.092518
v -0.000281 0.108807 0.092219
v 0.005065 0.107341 0.096956
v 0.000440 0.107859 0.096750
v 0.007727 0.103905 0.097193
v 0.006125 0.104307 0.100906
v 0.005064 0.100710 0.097311
v 0.000877 0.101452 0.097134
v 0.004591 0.101476 0.101165
v 0.004125 0.102444 0.104604
v 0.001008 0.102003 0.100875
v 0.005248 0.104537 0.104389
v 0.004068 0.103576 0.110219
v 0.003882 0.105911 0.104414
v 0.004301 0.106877 0.109316
v 0.005438 0.105333 0.109812
v 0.004137 0.106108 0.100518
v 0.001422 0.106463 0.100427
v 0.001772 0.106348 0.104076
v -0.000157 0.105051 0.104058
v 0.001577 0.107456 0.109517
v -0.000262 0.106609 0.110054
v 0.005015 0.109040 0.113740
v 0.001269 0.109905 0.113575
v -0.001307 0.108019 0.113421
v -0.001720 0.109518 0.117319
v 0.001362 0.111465 0.116395
v 0.005546 0.110413 0.116581
v -0.000406 0.109483 0.119584
v 0.001811 0.110152 0.119754
v 0.002186 0.111307 0.122232
v -0.000988 0.110104 0.121493
v 0.004811 0.109342 0.120151
v 0.005636 0.110304 0.122458
v 0.007222 0.107186 0.117086
v 0.006296 0.107702 0.120426
v 0.007339 0.108053 0.122686
v 0.004895 0.105710 0.123080
v 0.004929 0.106685 0.120239
v 0.001075 0.107002 0.119973
v 0.004815 0.104649 0.117611
v 0.001123 0.105422 0.117482
v 0.000448 0.104967 0.114549
v 0.004629 0.103964 0.114514
v 0.000768 0.104105 0.110281
v 0.006356 0.106352 0.113753
v 0.001122 0.102709 0.104497
v 0.000301 0.106506 0.122269
v 0.000342 0.110308 0.126196
v 0.001329 0.107923 0.126848
v 0.004283 0.106764 0.127240
v 0.003837 0.108159 0.130534
v 0.001207 0.108909 0.130038
v 0.000763 0.111106 0.129493
v 0.001209 0.109887 0.132381
v 0.003651 0.109308 0.132868
v 0.000514 0.112351 0.132120
v 0.001486 0.111044 0.134620
v 0.003479 0.110714 0.134883
v 0.001820 0.111757 0.135447
v 0.000999 0.112695 0.134246
v 0.002199 0.113610 0.132026
v 0.002080 0.113940 0.134206
v 0.002175 0.113933 0.134945
v 0.000825 0.112748 0.134968
v 0.000561 0.113198 0.136371
v 0.001765 0.111935 0.136752
v 0.001790 0.114688 0.136176
v 0.001019 0.113794 0.138119
v 0.001650 0.112768 0.138600
v 0.001375 0.115212 0.139725
v 0.000918 0.114324 0.139944
v 0.001747 0.114765 0.137992
v 0.003181 0.114732 0.138220
v 0.002682 0.115284 0.140038
v 0.002151 0.115982 0.142035
v 0.003484 0.114312 0.140628
v 0.003032 0.112646 0.138907
v 0.004347 0.113578 0.138728
v 0.002129 0.114241 0.142441
v 0.002881 0.115068 0.142610
v 0.002601 0.113489 0.140632
v 0.001193 0.114089 0.142200
v 0.001410 0.113385 0.140391
v 0.000277 0.114750 0.141821
v 0.000941 0.115702 0.142771
v 0.000802 0.115927 0.141776
v 0.000810 0.115230 0.142975
v 0.001061 0.114800 0.143023
v 0.001631 0.114827 0.143205
v 0.002021 0.115360 0.143233
v 0.001741 0.115711 0.142936
v 0.003856 0.114528 0.136485
v 0.005249 0.112775 0.136700
v 0.003572 0.111828 0.137057
v 0.003555 0.111620 0.135598
v 0.004712 0.112438 0.135370
v 0.004485 0.112219 0.134804
v 0.003768 0.113702 0.135211
v 0.003915 0.113752 0.134392
v 0.004195 0.113319 0.132370
v 0.002369 0.112134 0.129551
v 0.005241 0.111415 0.132878
v 0.004208 0.111743 0.129763
v 0.005412 0.110054 0.130295
v 0.002425 0.111340 0.126110
v 0.004776 0.110765 0.126337
v 0.006210 0.108978 0.126956
v -0.000672 0.104605 0.100642
v -0.002122 0.104622 0.096744
v 0.005543 0.107252 0.086762
v 0.007699 0.102494 0.084359
v 0.006414 0.108176 0.084044
v 0.005800 0.105919 0.079495
v 0.000193 0.109710 0.082509
v 0.000747 0.106027 0.077034
v 0.000930 0.101286 0.069916
v 0.004071 0.101001 0.071381
v 0.005199 0.097089 0.072101
v 0.003029 0.096898 0.062197
v 0.006543 0.100584 0.080117
v 0.000702 0.097516 0.061688
v -0.001723 0.095707 0.062071
v -0.010472 0.081510 0.017765
v -0.006102 0.080206 0.016858
v -0.012849 0.089596 0.015741
v -0.011233 0.091752 0.011274
v -0.003999 0.097209 0.010714
v -0.012336 0.091996 0.002425
v -0.004994 0.094842 0.001974
v 0.002297 0.093924 -0.001800
v 0.003726 0.094599 0.003199
v -0.006474 0.091589 -0.009728
v -0.000619 0.093936 -0.011657
v -0.010596 0.095824 -0.027802
v -0.003022 0.103309 -0.017868
v -0.003166 0.098767 -0.028857
v 0.008445 0.095737 -0.034938
v -0.003117 0.095294 -0.036986
v -0.009609 0.094427 -0.038121
v -0.002798 0.081857 -0.035702
v 0.001031 0.070321 -0.029436
v 0.010531 0.077382 -0.033697
v -0.006613 0.071852 -0.025172
v -0.012021 0.088971 -0.036387
v -0.008833 0.083782 -0.033230
v -0.018399 0.079231 -0.031326
v -0.016202 0.070604 -0.023934
v -0.023193 0.062666 -0.018236
v 0.012561 0.069430 -0.032296
v 0.018163 0.069947 -0.030190
v 0.018152 0.080893 -0.032478
v 0.021681 0.099970 -0.029964
v 0.014665 0.102137 -0.033393
v 0.020843 0.074248 -0.023648
v 0.023504 0.082769 -0.027467
v 0.016777 0.068930 -0.023151
v 0.017083 0.070990 -0.019264
v 0.013123 0.068334 -0.016429
v 0.010780 0.066630 -0.024445
v 0.005168 0.066781 -0.022919
v -0.020113 0.090574 0.015399
v -0.013285 0.092459 0.020759
v -0.009574 0.082450 0.024229
v -0.011437 0.084044 0.030598
v -0.014795 0.079300 0.030696
v -0.015130 0.076541 0.024605
v -0.014182 0.091723 0.029119
v -0.017146 0.092073 0.037025
v -0.013894 0.090231 0.038096
v -0.019266 0.093706 0.028691
v -0.020585 0.088757 0.037478
v -0.023057 0.087536 0.029165
v -0.020223 0.093766 0.021169
v -0.024913 0.091293 0.017472
v -0.022425 0.080609 0.030852
v -0.020129 0.082793 0.039588
v -0.024774 0.077635 0.024815
v -0.016403 0.075492 0.019666
v -0.024233 0.076363 0.019706
v -0.027917 0.076348 0.014943
v -0.017171 0.073121 0.015765
v -0.008068 0.076428 0.012228
v 0.001384 0.075090 0.008922
v -0.008361 0.071364 0.003587
v 0.006379 0.084198 0.005190
v -0.039726 0.081488 0.013738
v -0.037881 0.080416 -0.000493
v -0.015603 0.085105 0.048754
v -0.015042 0.082955 0.039326
v -0.019381 0.085093 0.049114
v -0.019555 0.089347 0.047652
v -0.019070 0.091813 0.057687
v -0.017031 0.094360 0.056838
v -0.017094 0.092339 0.046741
v -0.013858 0.091082 0.047341
v -0.013974 0.093426 0.057381
v -0.013453 0.090086 0.058044
v -0.013500 0.087161 0.048361
v -0.012721 0.085786 0.039608
v -0.015353 0.087856 0.058630
v -0.018688 0.088043 0.059183
v -0.015239 0.091286 0.069144
v -0.018501 0.091417 0.069101
v -0.014431 0.094868 0.079101
v -0.013114 0.093418 0.068459
v -0.018092 0.094579 0.079374
v -0.018962 0.095037 0.067876
v -0.018405 0.097668 0.087872
v -0.019786 0.100040 0.078195
v -0.016556 0.097668 0.066922
v -0.021385 0.104936 0.085680
v -0.016209 0.103156 0.076936
v -0.013808 0.096770 0.067556
v -0.011727 0.107590 0.086959
v -0.018162 0.109751 0.084841
v -0.012867 0.101710 0.077544
v -0.012046 0.097196 0.078542
v -0.010909 0.101472 0.086931
v -0.013707 0.097565 0.088226
v -0.013354 0.098434 0.091833
v -0.009339 0.103272 0.091148
v -0.011852 0.109111 0.093585
v -0.011347 0.108967 0.090138
v -0.009226 0.103794 0.094166
v -0.013281 0.099446 0.094933
v -0.018057 0.098845 0.092059
v -0.017322 0.102465 0.097535
v -0.012295 0.101981 0.097005
v -0.017898 0.099855 0.095499
v -0.020818 0.105363 0.093962
v -0.019241 0.105197 0.096559
v -0.017074 0.107627 0.095943
v -0.020560 0.105793 0.098948
v -0.017762 0.109332 0.098026
v -0.012536 0.109071 0.098516
v -0.017638 0.108729 0.101311
v -0.019824 0.105734 0.102293
v -0.012735 0.108507 0.101440
v -0.016489 0.107320 0.105320
v -0.018355 0.105544 0.106041
v -0.016181 0.107266 0.108430
v -0.013638 0.107075 0.105367
v -0.009763 0.104712 0.102211
v -0.013911 0.107032 0.108562
v -0.011517 0.105440 0.106198
v -0.012922 0.102617 0.107068
v -0.012039 0.101633 0.103187
v -0.012336 0.105714 0.109200
v -0.013774 0.104547 0.113301
v -0.013871 0.107704 0.112502
v -0.012412 0.106674 0.113027
v -0.013451 0.103537 0.109824
v -0.016870 0.103146 0.106797
v -0.016868 0.103956 0.109671
v -0.016972 0.105531 0.113501
v -0.017839 0.105996 0.108930
v -0.017603 0.107062 0.113108
v -0.016022 0.108072 0.112810
v -0.013214 0.109952 0.117153
v -0.016403 0.110385 0.117106
v -0.018450 0.109184 0.117700
v -0.019655 0.110842 0.121312
v -0.012567 0.112903 0.121600
v -0.016714 0.113548 0.121172
v -0.018508 0.111422 0.123831
v -0.016148 0.112533 0.124253
v -0.016493 0.113616 0.126334
v -0.019154 0.112025 0.126054
v -0.013015 0.112075 0.124456
v -0.012444 0.112518 0.126546
v -0.011401 0.109684 0.124644
v -0.010434 0.109896 0.126978
v -0.010349 0.109157 0.122152
v -0.013029 0.108586 0.124664
v -0.016736 0.109082 0.124393
v -0.013036 0.106690 0.122464
v -0.013428 0.107831 0.127459
v -0.017912 0.109096 0.126878
v -0.012126 0.111402 0.131259
v -0.017286 0.110121 0.131212
v -0.014354 0.109035 0.131620
v -0.014924 0.110549 0.135023
v -0.013042 0.112514 0.135039
v -0.017207 0.111347 0.134392
v -0.015003 0.111689 0.137058
v -0.017318 0.112391 0.136647
v -0.017695 0.113535 0.134177
v -0.017934 0.114558 0.136611
v -0.017086 0.113596 0.138897
v -0.015269 0.113195 0.139215
v -0.017619 0.115101 0.138448
v -0.017372 0.115121 0.139286
v -0.016880 0.114394 0.139623
v -0.015339 0.114201 0.139858
v -0.017106 0.114485 0.140907
v -0.018045 0.115481 0.140207
v -0.016509 0.116007 0.139295
v -0.016761 0.116870 0.140276
v -0.017760 0.116091 0.142355
v -0.017089 0.115009 0.143093
v -0.017852 0.116516 0.144173
v -0.017184 0.117062 0.142281
v -0.015537 0.117247 0.142488
v -0.017309 0.117414 0.143945
v -0.015903 0.117560 0.144204
v -0.016673 0.118327 0.146564
v -0.018069 0.118200 0.146411
v -0.018586 0.117185 0.146345
v -0.017895 0.118040 0.147129
v -0.018159 0.117596 0.147404
v -0.017775 0.116449 0.147002
v -0.017147 0.115464 0.144744
v -0.015665 0.114829 0.143465
v -0.015789 0.115641 0.144920
v -0.016592 0.116633 0.147384
v -0.017257 0.117220 0.147944
v -0.015788 0.117539 0.147295
v -0.014954 0.116658 0.144887
v -0.016656 0.117749 0.147775
v -0.017023 0.118105 0.147358
v -0.014187 0.115912 0.143074
v -0.014907 0.116898 0.140591
v -0.013470 0.115164 0.141090
v -0.015115 0.114189 0.141434
v -0.014144 0.114808 0.139684
v -0.014877 0.116083 0.138872
v -0.014156 0.114477 0.139096
v -0.015009 0.115966 0.139610
v -0.014556 0.115762 0.137045
v -0.013325 0.113512 0.136966
v -0.014316 0.114281 0.134648
v -0.016410 0.114635 0.134487
v -0.016348 0.113577 0.130593
v -0.013420 0.112899 0.130884
v -0.018055 0.112385 0.130551
v -0.016812 0.116057 0.136892
v -0.016855 0.116079 0.138697
v -0.017903 0.117122 0.147645
v -0.017121 0.107626 0.122367
v -0.011666 0.107966 0.117519
v -0.013800 0.105468 0.118178
v -0.017492 0.106957 0.118481
v -0.016939 0.102194 0.103204
v -0.017175 0.101840 0.099801
v -0.012061 0.101241 0.099686
v -0.009066 0.104505 0.098942
v -0.012558 0.107437 0.096531
v -0.010102 0.104424 0.096418
v -0.016903 0.108676 0.093289
v -0.021260 0.105729 0.090017
v -0.017475 0.109432 0.088858
v 0.012264 0.086960 0.027394
v 0.013610 0.089208 0.034875
v 0.011982 0.093858 0.033463
v 0.013354 0.095557 0.041095
v 0.016530 0.098664 0.040067
v 0.014433 0.097664 0.048859
v 0.017459 0.100099 0.047962
v 0.018089 0.102695 0.055674
v 0.021419 0.099543 0.047943
v 0.014929 0.100050 0.056532
v 0.016050 0.095555 0.057763
v 0.015398 0.093455 0.050110
v 0.015180 0.102372 0.063442
v 0.016760 0.097578 0.064821
v 0.021682 0.097029 0.064611
v 0.021233 0.094479 0.057808
v 0.017331 0.099078 0.071023
v 0.014607 0.105481 0.074852
v 0.022283 0.098905 0.070795
v 0.014471 0.104346 0.069511
v 0.018051 0.100844 0.075850
v 0.022679 0.100539 0.075731
v 0.016501 0.105517 0.077642
v 0.018350 0.102631 0.078547
v 0.018351 0.101808 0.081021
v 0.014936 0.105888 0.080220
v 0.022800 0.102845 0.078149
v 0.024315 0.104943 0.077646
v 0.023536 0.101252 0.080688
v 0.026713 0.104020 0.075310
v 0.026549 0.105256 0.080007
v 0.023021 0.109246 0.079829
v 0.022657 0.107271 0.077587
v 0.022839 0.108811 0.083468
v 0.025890 0.105286 0.084262
v 0.024390 0.105765 0.088011
v 0.022065 0.107540 0.087176
v 0.023378 0.101859 0.084904
v 0.018660 0.102460 0.084770
v 0.022667 0.102740 0.088621
v 0.018999 0.103487 0.088255
v 0.019279 0.104336 0.091336
v 0.022208 0.103473 0.091652
v 0.023927 0.105949 0.091103
v 0.021877 0.107405 0.090484
v 0.022099 0.108136 0.094028
v 0.023945 0.106454 0.094594
v 0.021904 0.104280 0.095021
v 0.024484 0.107078 0.098350
v 0.023137 0.109668 0.098019
v 0.019468 0.109797 0.097757
v 0.025550 0.107611 0.102607
v 0.019475 0.112335 0.101802
v 0.023931 0.111878 0.102132
v 0.024691 0.108091 0.105172
v 0.023215 0.111287 0.104879
v 0.019667 0.111398 0.104632
v 0.023320 0.111505 0.107239
v 0.019509 0.112107 0.106947
v 0.022593 0.111557 0.110817
v 0.019402 0.112146 0.110466
v 0.017353 0.110204 0.110574
v 0.017575 0.109562 0.104603
v 0.016542 0.109941 0.106777
v 0.018588 0.107299 0.107487
v 0.018590 0.107805 0.111037
v 0.021327 0.107057 0.111354
v 0.021964 0.106407 0.107946
v 0.019425 0.107666 0.104940
v 0.022277 0.107007 0.105192
v 0.022334 0.105354 0.102973
v 0.018936 0.106312 0.102735
v 0.021961 0.104791 0.099106
v 0.018758 0.105844 0.099093
v 0.016489 0.108996 0.101968
v 0.017598 0.107993 0.098358
v 0.018544 0.106646 0.094582
v 0.019179 0.105279 0.094974
v 0.019719 0.108180 0.094197
v 0.018425 0.106002 0.090744
v 0.019644 0.107368 0.090339
v 0.017734 0.105745 0.087577
v 0.019344 0.107491 0.087030
v 0.016197 0.105922 0.084043
v 0.018380 0.108797 0.083268
v 0.018191 0.109495 0.079509
v 0.018378 0.108787 0.077011
v 0.018191 0.110099 0.074181
v 0.023799 0.109301 0.074359
v 0.023696 0.107750 0.068538
v 0.018468 0.108114 0.068455
v 0.022948 0.104749 0.062635
v 0.018455 0.105265 0.062505
v 0.022197 0.102109 0.055620
v 0.024601 0.097882 0.056948
v 0.024687 0.100473 0.063722
v 0.026540 0.102354 0.069880
v 0.024227 0.095091 0.049211
v 0.021004 0.091972 0.050235
v 0.020610 0.089588 0.042522
v 0.014814 0.091466 0.042394
v 0.019894 0.087182 0.034850
v 0.025174 0.108157 0.107744
v 0.024026 0.109059 0.111446
v 0.022736 0.109854 0.114312
v 0.022391 0.110645 0.116410
v 0.020894 0.108089 0.114351
v 0.021577 0.111769 0.113797
v 0.020669 0.109007 0.116559
v 0.018459 0.109517 0.116139
v 0.018373 0.110193 0.118192
v 0.020485 0.109783 0.118440
v 0.022070 0.111383 0.118296
v 0.018512 0.111266 0.119619
v 0.020495 0.110984 0.119833
v 0.021509 0.112094 0.119512
v 0.020673 0.111350 0.120815
v 0.018683 0.111409 0.120343
v 0.017654 0.112285 0.119735
v 0.017439 0.112841 0.121680
v 0.018420 0.111768 0.122222
v 0.020364 0.112021 0.122551
v 0.017457 0.113395 0.123520
v 0.018150 0.112411 0.124000
v 0.019720 0.112816 0.124201
v 0.018960 0.113251 0.126099
v 0.020488 0.113494 0.124108
v 0.020501 0.114750 0.121615
v 0.021480 0.112789 0.122306
v 0.019623 0.114658 0.123706
v 0.019086 0.115157 0.125514
v 0.019754 0.114282 0.126464
v 0.018788 0.114629 0.127272
v 0.018453 0.115134 0.126654
v 0.018269 0.113852 0.127135
v 0.017596 0.113728 0.126851
v 0.017153 0.114400 0.126827
v 0.017486 0.115124 0.126462
v 0.016899 0.113870 0.125349
v 0.018234 0.114631 0.123544
v 0.017619 0.115225 0.125295
v 0.017743 0.113004 0.125687
v 0.018553 0.114697 0.121150
v 0.018750 0.114001 0.119766
v 0.020601 0.114053 0.120050
v 0.018752 0.113663 0.119062
v 0.022028 0.112132 0.120663
v 0.020866 0.113549 0.119413
v 0.021333 0.113547 0.117818
v 0.018993 0.113113 0.115791
v 0.021312 0.112796 0.116084
v 0.018536 0.113793 0.117627
v 0.017485 0.112035 0.117760
v 0.017981 0.112098 0.119241
v 0.017519 0.111467 0.115858
v 0.017590 0.110917 0.113514
v 0.019376 0.112238 0.113527
v 0.018647 0.108741 0.113891
v -0.006462 0.050257 -0.042113
v -0.004842 0.060612 -0.044008
v -0.009958 0.053961 -0.030768
v 0.005620 0.056926 -0.051568
v 0.003552 0.044394 -0.045806
v -0.009903 0.043224 -0.049505
v -0.013752 0.049280 -0.042489
v -0.017426 0.053409 -0.030239
v -0.024714 0.062096 -0.036152
v -0.021458 0.046368 -0.056979
v -0.023718 0.052756 -0.049226
v -0.027389 0.058303 -0.055105
v -0.028267 0.070142 -0.041346
v -0.025736 0.080031 -0.029901
v -0.025360 0.088504 -0.043822
v -0.024818 0.073206 -0.064470
v -0.025707 0.084861 -0.053929
v -0.023720 0.070750 -0.025314
v -0.017570 0.058068 -0.023479
v -0.012432 0.070732 -0.027175
v -0.012760 0.081559 -0.032559
v -0.010329 0.077743 -0.041783
v -0.008773 0.065459 -0.036012
v -0.010904 0.058045 -0.024530
v -0.006539 0.068506 -0.049992
v -0.007364 0.080114 -0.048676
v -0.002368 0.074728 -0.053547
v 0.005747 0.065166 -0.055270
v 0.016226 0.053677 -0.053237
v 0.012073 0.072445 -0.057373
v 0.024121 0.067625 -0.057642
v 0.027757 0.065138 -0.064628
v 0.017938 0.049187 -0.063006
v 0.025314 0.072246 -0.058000
v 0.026252 0.069211 -0.069391
v 0.021303 0.070992 -0.044542
v 0.026044 0.081396 -0.043782
v 0.029490 0.082550 -0.054863
v 0.031392 0.087031 -0.068667
v 0.032157 0.077800 -0.089250
v 0.034620 0.090334 -0.083784
v 0.026110 0.096055 -0.065188
v 0.029981 0.101210 -0.077770
v 0.034390 0.108128 -0.088731
v 0.019613 0.109174 -0.076766
v 0.025196 0.115592 -0.086831
v 0.017608 0.118133 -0.088621
v 0.036077 0.116345 -0.095902
v 0.027087 0.117333 -0.097193
v 0.019418 0.121524 -0.097883
v 0.028484 0.118158 -0.108334
v 0.037311 0.116386 -0.106450
v 0.039064 0.109533 -0.095884
v 0.035096 0.115817 -0.115342
v 0.038962 0.109020 -0.115801
v 0.041260 0.108862 -0.105733
v 0.038719 0.098527 -0.103124
v 0.040112 0.101377 -0.108672
v 0.036346 0.093121 -0.112494
v 0.037410 0.101492 -0.115964
v 0.035875 0.095625 -0.117226
v 0.035253 0.108007 -0.120559
v 0.034060 0.100635 -0.121538
v 0.029723 0.100008 -0.127843
v 0.030027 0.107960 -0.125926
v 0.033582 0.093018 -0.121831
v 0.033109 0.085639 -0.120039
v 0.028679 0.091151 -0.127455
v 0.027745 0.082247 -0.125064
v 0.021709 0.092030 -0.130320
v 0.012837 0.095349 -0.129749
v 0.013079 0.086113 -0.128455
v 0.022262 0.101416 -0.130301
v 0.019695 0.082016 -0.128146
v 0.026944 0.073673 -0.120791
v 0.018000 0.073250 -0.124195
v 0.010894 0.077875 -0.124380
v 0.007463 0.072035 -0.115727
v 0.000264 0.081928 -0.116111
v 0.005874 0.085667 -0.123621
v -0.001189 0.090965 -0.115715
v 0.003785 0.093995 -0.122567
v 0.009555 0.090503 -0.127658
v 0.007215 0.095724 -0.126048
v 0.002912 0.103595 -0.121873
v 0.007495 0.102424 -0.126016
v 0.006520 0.111553 -0.126970
v 0.013843 0.105564 -0.129768
v 0.023436 0.109832 -0.128876
v 0.015465 0.114341 -0.128941
v 0.024568 0.115814 -0.124582
v 0.017652 0.119282 -0.125449
v 0.007745 0.121227 -0.124965
v 0.001830 0.116110 -0.121417
v 0.003584 0.124837 -0.118729
v 0.012347 0.124938 -0.122432
v 0.009240 0.129702 -0.116274
v 0.018287 0.127040 -0.114931
v 0.019435 0.126705 -0.107009
v 0.010169 0.130092 -0.107849
v 0.028164 0.119712 -0.115515
v 0.029333 0.114699 -0.122153
v 0.013885 0.124192 -0.097238
v 0.002829 0.123952 -0.109919
v 0.001975 0.114056 -0.111470
v 0.008880 0.118649 -0.094461
v 0.007166 0.110130 -0.096443
v 0.005318 0.111512 -0.078547
v 0.012109 0.114187 -0.075506
v 0.001796 0.104298 -0.081812
v -0.001658 0.101074 -0.071727
v 0.003368 0.107526 -0.067886
v 0.002284 0.097952 -0.051998
v -0.003165 0.098022 -0.064740
v 0.010171 0.109646 -0.064883
v 0.009113 0.104893 -0.051278
v 0.008763 0.102305 -0.044498
v 0.015346 0.102683 -0.053169
v 0.016794 0.101942 -0.042391
v 0.022891 0.093221 -0.043449
v 0.015936 0.105013 -0.064397
v 0.023905 0.093371 -0.053807
v 0.019226 0.093019 -0.036793
v 0.019949 0.080513 -0.034648
v 0.014894 0.099689 -0.038039
v 0.012695 0.093560 -0.037491
v 0.014110 0.089254 -0.036073
v 0.014744 0.081668 -0.034568
v 0.009813 0.087351 -0.038360
v 0.009497 0.092766 -0.039009
v 0.009256 0.099312 -0.040323
v 0.004079 0.094133 -0.042591
v 0.006229 0.091284 -0.040081
v 0.000042 0.088647 -0.041786
v 0.004660 0.086958 -0.039332
v 0.002829 0.080529 -0.035515
v -0.001553 0.079682 -0.037212
v 0.009518 0.080736 -0.035784
v 0.005769 0.075606 -0.033532
v 0.010472 0.074406 -0.032821
v 0.013610 0.075152 -0.032650
v 0.010556 0.067599 -0.035338
v 0.017745 0.070349 -0.034774
v 0.012360 0.069402 -0.045109
v 0.004299 0.071005 -0.035922
v 0.002339 0.074588 -0.045316
v -0.004578 0.079257 -0.041950
v -0.002851 0.088730 -0.045413
v -0.004346 0.089945 -0.050630
v 0.003098 0.096250 -0.047462
v -0.003757 0.093911 -0.056802
v -0.008325 0.089793 -0.055679
v -0.011488 0.085358 -0.055111
v -0.017292 0.086717 -0.053875
v -0.017080 0.086385 -0.058841
v -0.014192 0.090510 -0.059459
v -0.015529 0.091260 -0.063726
v -0.007415 0.093496 -0.060373
v -0.006811 0.095017 -0.064298
v -0.013904 0.091495 -0.068194
v -0.007503 0.095081 -0.067820
v -0.007727 0.088498 -0.075549
v -0.013250 0.075124 -0.079406
v -0.006413 0.079161 -0.085814
v -0.001296 0.092557 -0.083223
v -0.017964 0.085647 -0.069639
v -0.019578 0.076791 -0.073622
v -0.020813 0.086207 -0.064815
v -0.021815 0.079386 -0.067769
v -0.023020 0.066809 -0.074429
v -0.020689 0.068902 -0.083670
v -0.021684 0.061972 -0.085374
v -0.017201 0.073983 -0.092589
v -0.001443 0.074194 -0.094246
v -0.015708 0.059049 -0.097180
v -0.011511 0.070588 -0.099179
v -0.001935 0.061919 -0.101740
v 0.010543 0.052471 -0.101148
v -0.006732 0.052918 -0.101316
v 0.011030 0.060463 -0.095038
v 0.003586 0.067511 -0.096937
v 0.015233 0.065346 -0.104886
v 0.005363 0.071077 -0.106080
v 0.000194 0.078972 -0.105691
v 0.000599 0.087436 -0.100952
v 0.005032 0.097306 -0.099420
v 0.000856 0.101842 -0.113272
v 0.023466 0.066008 -0.101880
v 0.025629 0.067061 -0.113623
v 0.015834 0.067397 -0.116450
v 0.032377 0.072954 -0.107400
v 0.033873 0.083040 -0.100789
v 0.033253 0.079294 -0.115750
v 0.028803 0.070379 -0.096514
v 0.018104 0.057681 -0.088297
v 0.023987 0.061209 -0.080913
v 0.024854 0.053954 -0.077410
v 0.019495 0.043398 -0.075326
v 0.020555 0.048864 -0.090967
v 0.018362 0.041587 -0.090272
v 0.006345 0.045805 -0.100065
v -0.001048 0.038832 -0.093885
v 0.010138 0.034154 -0.085093
v -0.018253 0.041804 -0.061344
v -0.006557 0.037425 -0.054385
v 0.015624 0.034302 -0.072041
v 0.012303 0.036744 -0.059034
v 0.010392 0.041100 -0.050784
v -0.022958 0.053977 -0.078893
v -0.024039 0.050723 -0.067912
v -0.025260 0.052451 -0.063471
v -0.018741 0.048164 -0.091427
v -0.010101 0.042754 -0.095741
v 0.035884 0.088283 -0.109090
v 0.037089 0.094314 -0.094942
v -0.017421 0.088907 -0.045302
v -0.036765 -0.337036 -0.080676
v -0.009079 -0.331592 -0.077185
v -0.009571 -0.338689 -0.076763
v -0.041822 -0.334532 -0.044467
v -0.040928 -0.328479 -0.048123
v -0.048051 -0.338546 -0.119236
v -0.058166 -0.333538 -0.046818
v -0.036273 -0.329938 -0.081098
v -0.004514 -0.341193 -0.112972
v -0.046491 -0.316058 -0.120572
v -0.002954 -0.318705 -0.114308
v 0.040583 -0.321353 -0.108044
v 0.039023 -0.343841 -0.106707
v 0.017622 -0.340343 -0.072850
v 0.028909 -0.338833 -0.034290
v 0.012565 -0.337839 -0.036641
v 0.018116 -0.333245 -0.073272
v 0.013459 -0.331787 -0.040298
v 0.012863 -0.304004 -0.024407
v -0.013734 -0.330133 -0.044210
v -0.014332 -0.302351 -0.028320
v 0.011777 -0.305640 -0.017555
v 0.028121 -0.306634 -0.015204
v 0.017972 -0.216320 -0.022866
v -0.009221 -0.214666 -0.026778
v 0.018956 -0.216806 -0.029908
v -0.007376 -0.188049 -0.028362
v 0.036161 -0.190697 -0.022097
v 0.045192 -0.220587 -0.097493
v 0.041217 -0.161390 -0.044840
v 0.023850 -0.173208 -0.037136
v -0.004518 -0.171483 -0.041218
v 0.026048 -0.160468 -0.047022
v 0.030023 -0.219664 -0.099676
v 0.019550 -0.235198 -0.033451
v -0.008818 -0.233473 -0.037532
v 0.028634 -0.239695 -0.098485
v 0.000266 -0.237970 -0.102567
v -0.003815 -0.296811 -0.099068
v 0.039722 -0.299459 -0.092804
v -0.028102 -0.236245 -0.106648
v -0.047353 -0.294164 -0.105332
v -0.041882 -0.215292 -0.110022
v -0.058954 -0.301339 -0.027732
v -0.050913 -0.185402 -0.034626
v -0.036416 -0.213012 -0.030691
v -0.042611 -0.302333 -0.025380
v -0.041526 -0.300697 -0.032232
v -0.035432 -0.213499 -0.037734
v -0.008237 -0.215153 -0.033821
v -0.045859 -0.156095 -0.057369
v -0.032886 -0.169757 -0.045299
v -0.037186 -0.231748 -0.041614
v -0.026713 -0.216215 -0.107839
v -0.030688 -0.157018 -0.055186
v -0.024698 -0.204331 -0.116817
v -0.018962 -0.162823 -0.139146
v -0.034131 -0.161901 -0.141328
v -0.021936 -0.205698 -0.136596
v -0.037105 -0.204776 -0.138779
v -0.039867 -0.203408 -0.118999
v 0.032038 -0.207781 -0.108654
v 0.047207 -0.208703 -0.106471
v 0.049970 -0.210071 -0.126251
v 0.052943 -0.167196 -0.128800
v 0.037774 -0.166273 -0.130982
v 0.034800 -0.209148 -0.128433
v 0.030527 -0.371463 -0.061285
v 0.007825 -0.371357 -0.064379
v 0.028395 -0.375496 -0.043861
v 0.012610 -0.378332 -0.096245
v 0.034382 -0.378433 -0.093278
v 0.034452 -0.398883 -0.094565
v 0.012651 -0.398792 -0.097212
v 0.026583 -0.385941 -0.029298
v 0.037986 -0.389252 -0.123326
v 0.017062 -0.389106 -0.126041
v 0.025366 -0.401207 -0.019813
v 0.024933 -0.418970 -0.016852
v 0.034431 -0.434528 -0.095625
v 0.026544 -0.451204 -0.031238
v 0.034336 -0.454904 -0.095552
v 0.028343 -0.460766 -0.046397
v 0.030471 -0.463758 -0.064030
v 0.038425 -0.440178 -0.128712
v 0.012630 -0.434436 -0.098272
v 0.017624 -0.440131 -0.131478
v 0.025345 -0.436526 -0.020864
v 0.038203 -0.441454 -0.126934
v 0.012564 -0.454803 -0.098520
v 0.017360 -0.441357 -0.129775
v 0.007770 -0.463652 -0.067125
v 0.005128 -0.460657 -0.049561
v 0.002894 -0.451093 -0.034462
v 0.001405 -0.436415 -0.024127
v 0.000889 -0.418858 -0.020129
v 0.001426 -0.401095 -0.023077
v 0.002933 -0.385831 -0.032522
v 0.005180 -0.375388 -0.047025
v -0.011685 -0.255648 -0.141052
v -0.016952 -0.264065 -0.124291
v -0.013936 -0.250411 -0.137171
v -0.009851 -0.247295 -0.132570
v -0.004056 -0.266690 -0.127807
v -0.007489 -0.286966 -0.092064
v 0.003788 -0.281997 -0.090832
v -0.010893 -0.269540 -0.091675
v 0.005872 -0.264390 -0.124183
v -0.000960 -0.256087 -0.123003
v -0.006751 -0.258231 -0.091878
v 0.007167 -0.246959 -0.092783
v 0.012581 -0.257993 -0.091264
v -0.013517 -0.253065 -0.120787
v -0.018362 -0.257435 -0.123019
v 0.012731 -0.248980 -0.091866
v -0.000477 -0.266918 -0.090401
v 0.011437 -0.257832 -0.083949
v 0.011587 -0.248820 -0.084551
v 0.006023 -0.246798 -0.085469
v 0.002644 -0.281835 -0.083518
v -0.008632 -0.286805 -0.084749
v -0.003069 -0.288827 -0.083833
v -0.001925 -0.288987 -0.091147
v -0.002169 -0.222096 -0.152366
v -0.009281 -0.237104 -0.144889
v -0.006041 -0.239550 -0.150464
v -0.002913 -0.222211 -0.140344
v -0.005844 -0.221578 -0.146554
v 0.007320 -0.237310 -0.150805
v 0.007023 -0.235279 -0.138937
v -0.000861 -0.255945 -0.123340
v 0.011639 -0.245228 -0.116661
v -0.006027 -0.236317 -0.138861
v 0.015910 -0.238309 -0.144307
v 0.017233 -0.247218 -0.115874
v 0.017989 -0.255502 -0.119398
v 0.005992 -0.264220 -0.124594
v 0.011865 -0.277368 -0.131147
v 0.001431 -0.281673 -0.136244
v 0.007025 -0.283663 -0.135457
v 0.004198 -0.287198 -0.124949
v 0.009413 -0.280425 -0.122027
v -0.003920 -0.266497 -0.128277
v -0.001378 -0.285183 -0.125804
v 0.016694 -0.257086 -0.114542
v 0.010758 -0.246287 -0.113330
v 0.016333 -0.248300 -0.112476
v 0.001119 -0.188056 -0.147093
v -0.003701 -0.205248 -0.144844
v 0.000123 -0.204676 -0.150553
v 0.000077 -0.190853 -0.135423
v -0.002748 -0.189304 -0.141520
v 0.012866 -0.200923 -0.148847
v 0.011857 -0.203108 -0.137045
v 0.007111 -0.234885 -0.138981
v 0.015750 -0.233078 -0.123487
v 0.024803 -0.236081 -0.131385
v -0.000859 -0.206526 -0.138692
v 0.021290 -0.202800 -0.142327
v 0.016013 -0.237854 -0.144362
v 0.025679 -0.239343 -0.156729
v 0.017210 -0.238515 -0.165726
v 0.023051 -0.239792 -0.165360
v 0.023337 -0.248753 -0.154950
v 0.007430 -0.236828 -0.150864
v 0.014645 -0.248810 -0.163770
v 0.020436 -0.250287 -0.163366
v 0.023353 -0.241933 -0.130307
v 0.014672 -0.237445 -0.122701
v 0.020463 -0.238922 -0.122296
v 0.021590 -0.234355 -0.123120
v -0.000225 -0.155589 -0.137863
v -0.002879 -0.173222 -0.137210
v 0.000985 -0.171490 -0.142653
v -0.001240 -0.159258 -0.126435
v -0.004060 -0.157684 -0.132529
v 0.013072 -0.166467 -0.140068
v 0.012039 -0.169934 -0.128579
v 0.011894 -0.202680 -0.136970
v 0.019655 -0.204400 -0.120992
v 0.029311 -0.203459 -0.128689
v -0.000053 -0.174848 -0.131132
v 0.021491 -0.167901 -0.133430
v 0.021331 -0.202341 -0.142246
v 0.031475 -0.198518 -0.153681
v 0.023261 -0.196165 -0.162646
v 0.029218 -0.196636 -0.162223
v 0.030816 -0.206725 -0.155199
v 0.012906 -0.200465 -0.148766
v 0.022594 -0.204473 -0.164182
v 0.028539 -0.205099 -0.163788
v 0.028732 -0.210664 -0.130023
v 0.019121 -0.211037 -0.122221
v 0.025065 -0.211663 -0.121827
v 0.025611 -0.204871 -0.120569
v -0.006219 -0.124569 -0.128056
v -0.006442 -0.142121 -0.127601
v -0.002651 -0.139728 -0.132842
v -0.007215 -0.128377 -0.116673
v -0.009952 -0.127209 -0.122895
v 0.008535 -0.133265 -0.129697
v 0.007544 -0.137084 -0.118316
v 0.012017 -0.169505 -0.128453
v 0.019529 -0.171661 -0.112408
v 0.029187 -0.168792 -0.119609
v -0.003646 -0.143535 -0.121458
v 0.016809 -0.133681 -0.122741
v 0.021468 -0.167454 -0.133299
v 0.031371 -0.161321 -0.143963
v 0.023169 -0.159208 -0.152998
v 0.029122 -0.158957 -0.152387
v 0.031790 -0.169030 -0.146229
v 0.013049 -0.166028 -0.139939
v 0.023582 -0.166798 -0.155228
v 0.029544 -0.166702 -0.154661
v 0.029588 -0.176164 -0.121774
v 0.025482 -0.171408 -0.111797
v 0.019909 -0.178687 -0.114472
v 0.025872 -0.178590 -0.113907
v -0.016905 -0.094106 -0.119254
v -0.014824 -0.112134 -0.118348
v -0.011142 -0.109336 -0.123462
v -0.018028 -0.097557 -0.107768
v -0.020595 -0.096885 -0.114134
v -0.001130 -0.101306 -0.119979
v -0.002192 -0.104921 -0.108538
v 0.007449 -0.136663 -0.118182
v 0.014512 -0.138024 -0.101845
v 0.023963 -0.133733 -0.108601
v -0.012181 -0.113011 -0.112040
v 0.006763 -0.100445 -0.112634
v 0.016710 -0.133243 -0.122602
v 0.026068 -0.125622 -0.132756
v 0.018021 -0.124505 -0.142103
v 0.023853 -0.123447 -0.141239
v 0.027657 -0.133079 -0.135124
v 0.008441 -0.132843 -0.129563
v 0.019554 -0.131697 -0.144387
v 0.025425 -0.130823 -0.143581
v 0.025544 -0.141162 -0.110960
v 0.016035 -0.145167 -0.104113
v 0.021905 -0.144293 -0.103307
v 0.020344 -0.136967 -0.100981
v -0.029449 -0.062841 -0.111838
v -0.026866 -0.081097 -0.110206
v -0.023149 -0.078384 -0.115342
v -0.030748 -0.065855 -0.100249
v -0.033201 -0.065469 -0.106682
v -0.013484 -0.069832 -0.111949
v 0.007806 -0.091798 -0.132228
v 0.015452 -0.091617 -0.122488
v -0.001281 -0.100899 -0.119863
v -0.005794 -0.068447 -0.104469
v -0.014721 -0.072995 -0.100393
v -0.002345 -0.104508 -0.108421
v 0.004008 -0.104474 -0.091722
v 0.013174 -0.099222 -0.098185
v -0.024362 -0.081609 -0.103801
v 0.009612 -0.102663 -0.090630
v 0.006609 -0.100027 -0.112515
v 0.015798 -0.106305 -0.100206
v 0.012243 -0.109762 -0.092656
v 0.006603 -0.111477 -0.093721
v 0.018006 -0.098504 -0.124455
v 0.010281 -0.098476 -0.134135
v 0.015921 -0.096761 -0.133070
v 0.013410 -0.089987 -0.131136
v -0.042151 -0.030776 -0.105636
v -0.039724 -0.049305 -0.103390
v -0.035926 -0.046793 -0.108569
v -0.043624 -0.033350 -0.093962
v -0.046013 -0.033125 -0.100427
v -0.026272 -0.038150 -0.105347
v -0.004506 -0.060628 -0.124407
v 0.002914 -0.059870 -0.114521
v -0.013650 -0.069424 -0.111857
v -0.018664 -0.036566 -0.097823
v -0.027683 -0.040886 -0.093702
v -0.014890 -0.072582 -0.100299
v -0.008930 -0.071714 -0.083500
v 0.000260 -0.066521 -0.089976
v -0.037312 -0.049592 -0.096936
v -0.003393 -0.069731 -0.082363
v -0.005961 -0.068034 -0.104376
v 0.003038 -0.073393 -0.091568
v -0.006139 -0.078618 -0.085099
v -0.000593 -0.076655 -0.083967
v 0.005614 -0.066548 -0.116067
v -0.001846 -0.067210 -0.125931
v 0.003700 -0.065248 -0.124800
v 0.001031 -0.058645 -0.123270
v -0.053095 0.003410 -0.100387
v -0.052060 -0.016040 -0.097639
v -0.048109 -0.013946 -0.102889
v -0.054757 0.001441 -0.088620
v -0.057166 0.001748 -0.095074
v -0.037920 -0.005805 -0.099933
v -0.039513 -0.008030 -0.088204
v -0.027848 -0.040468 -0.093622
v -0.022072 -0.039069 -0.076794
v -0.012744 -0.034221 -0.083340
v -0.049676 -0.016256 -0.091171
v -0.030200 -0.004549 -0.092463
v -0.018828 -0.036152 -0.097745
v -0.009723 -0.028481 -0.108072
v -0.017037 -0.029503 -0.118013
v -0.011490 -0.027547 -0.116881
v -0.007110 -0.035088 -0.109321
v -0.026436 -0.037737 -0.105268
v -0.014434 -0.036085 -0.119258
v -0.008897 -0.034101 -0.118121
v -0.010054 -0.041026 -0.084627
v -0.019339 -0.045980 -0.078101
v -0.013803 -0.043996 -0.076965
v -0.016525 -0.037113 -0.075662
v -0.048997 0.046980 -0.095468
v -0.060052 0.022514 -0.092498
v -0.055859 0.023183 -0.097932
v -0.050323 0.046888 -0.083496
v -0.052285 0.049013 -0.089756
v -0.043400 0.028027 -0.095594
v -0.028031 0.001592 -0.112893
v -0.020624 0.002326 -0.102996
v -0.038047 -0.005378 -0.099872
v -0.035423 0.026382 -0.088475
v -0.045124 0.026932 -0.083723
v -0.039642 -0.007594 -0.088141
v -0.033717 -0.006111 -0.071369
v -0.057597 0.021811 -0.086092
v -0.031529 -0.013126 -0.072418
v -0.028020 -0.004595 -0.070308
v -0.024034 -0.002296 -0.078082
v -0.030322 -0.004134 -0.092403
v -0.021948 -0.008983 -0.079082
v -0.025880 -0.011453 -0.071334
v -0.018623 -0.004081 -0.103954
v -0.025987 -0.004957 -0.113872
v -0.020339 -0.003284 -0.112788
v -0.022334 0.003109 -0.111832
v -0.010346 0.064809 -0.093837
v -0.027760 0.062905 -0.088485
v -0.026808 0.059378 -0.094333
v -0.010735 0.065327 -0.081809
v -0.011299 0.068337 -0.087989
v -0.019268 0.048880 -0.093580
v -0.019655 0.049398 -0.081553
v -0.045098 0.027402 -0.083671
v -0.038122 0.026544 -0.067255
v -0.028192 0.025376 -0.074562
v -0.027195 0.059896 -0.082306
v -0.017432 0.040398 -0.087124
v -0.035410 0.026742 -0.088436
v -0.024588 0.027329 -0.099799
v -0.026296 0.028587 -0.108580
v -0.026575 0.024845 -0.108989
v -0.024840 0.023858 -0.100180
v -0.043377 0.028472 -0.095544
v -0.032501 0.024885 -0.109854
v -0.032116 0.029798 -0.109318
v -0.028529 0.020954 -0.075046
v -0.038649 0.020045 -0.067967
v -0.032722 0.020006 -0.067101
v -0.032303 0.025331 -0.066519
v 0.009310 -0.416421 -0.078044
v 0.012934 -0.409052 -0.099661
v 0.012255 -0.411755 -0.077548
v 0.009913 -0.413508 -0.101012
v 0.008671 -0.421918 -0.078284
v 0.009058 -0.418431 -0.103562
v 0.010465 -0.427159 -0.078222
v 0.014336 -0.431105 -0.077869
v 0.022392 -0.408270 -0.076212
v 0.027575 -0.410139 -0.075637
v 0.032602 -0.424824 -0.075462
v 0.016925 -0.408846 -0.076894
v 0.017538 -0.405960 -0.099755
v 0.022800 -0.404831 -0.101300
v 0.027665 -0.405863 -0.104053
v 0.022738 -0.399029 -0.114436
v 0.017967 -0.398105 -0.111570
v 0.005383 -0.379391 -0.122194
v 0.003322 -0.381603 -0.117552
v 0.012787 -0.399340 -0.109855
v 0.008190 -0.402447 -0.109687
v -0.000057 -0.384921 -0.114677
v -0.021685 -0.354478 -0.110885
v -0.024663 -0.358228 -0.108101
v -0.004083 -0.388688 -0.114138
v -0.007960 -0.392158 -0.116042
v -0.028648 -0.362040 -0.107567
v -0.032851 -0.365156 -0.109389
v -0.051664 -0.334832 -0.094681
v -0.056302 -0.337426 -0.096248
v -0.036438 -0.366961 -0.113206
v -0.060447 -0.338564 -0.099743
v -0.038698 -0.367096 -0.118262
v -0.010918 -0.394643 -0.120012
v 0.005090 -0.406811 -0.111120
v 0.004141 -0.411615 -0.113831
v -0.012373 -0.395651 -0.125262
v -0.012037 -0.394983 -0.130750
v -0.039187 -0.365535 -0.123554
v 0.005576 -0.415965 -0.117217
v 0.010527 -0.422824 -0.106833
v 0.009105 -0.418993 -0.120594
v 0.014020 -0.425812 -0.110182
v 0.013960 -0.420024 -0.123339
v -0.009975 -0.392772 -0.135392
v -0.037804 -0.362588 -0.128037
v -0.006596 -0.389454 -0.138267
v -0.034826 -0.358837 -0.130820
v -0.030839 -0.355026 -0.131354
v -0.055961 -0.325327 -0.117286
v -0.060174 -0.328862 -0.116614
v -0.063126 -0.332638 -0.113837
v -0.071943 -0.304603 -0.099636
v -0.067017 -0.304086 -0.102761
v -0.061664 -0.295057 -0.096265
v -0.067184 -0.294039 -0.094829
v -0.061134 -0.305243 -0.104149
v -0.051323 -0.322733 -0.115719
v -0.056341 -0.297460 -0.095637
v -0.055495 -0.307730 -0.103415
v -0.047179 -0.321594 -0.112224
v -0.052312 -0.300747 -0.093051
v -0.051384 -0.310884 -0.100613
v -0.044347 -0.322137 -0.107493
v -0.050411 -0.304299 -0.089074
v -0.049654 -0.314214 -0.096451
v -0.050588 -0.317225 -0.091903
v -0.044500 -0.327522 -0.098130
v -0.043392 -0.324252 -0.102463
v -0.020789 -0.349970 -0.120659
v -0.020302 -0.351530 -0.115367
v -0.023051 -0.350105 -0.125716
v 0.005721 -0.378724 -0.127683
v 0.004266 -0.379733 -0.132932
v 0.026185 -0.401965 -0.117857
v 0.027623 -0.406328 -0.121165
v 0.031158 -0.408846 -0.107435
v 0.033240 -0.419327 -0.075222
v 0.032593 -0.413199 -0.110741
v 0.031447 -0.414086 -0.075284
v 0.031695 -0.418072 -0.113318
v 0.026753 -0.411235 -0.123733
v 0.023740 -0.415703 -0.125075
v -0.002570 -0.385688 -0.138806
v 0.001306 -0.382218 -0.136902
v -0.026638 -0.351910 -0.129532
v 0.019177 -0.418843 -0.124936
v 0.018849 -0.426806 -0.112933
v 0.024067 -0.425624 -0.114531
v 0.028651 -0.422506 -0.114667
v 0.029656 -0.429490 -0.075959
v 0.024987 -0.432399 -0.076613
v 0.019520 -0.432975 -0.077294
v -0.047453 -0.331298 -0.095353
v -0.053925 -0.319331 -0.087859
v -0.051008 -0.307394 -0.084512
v -0.053936 -0.309382 -0.080235
v -0.058950 -0.320019 -0.084996
v -0.058622 -0.309895 -0.077082
v -0.064679 -0.319055 -0.083779
v -0.064177 -0.308873 -0.075693
v -0.070017 -0.316644 -0.084461
v -0.069454 -0.306511 -0.076320
v -0.073945 -0.313320 -0.086980
v -0.063278 -0.338023 -0.104474
v -0.064234 -0.335907 -0.109504
v -0.075026 -0.306637 -0.095395
v -0.075730 -0.309750 -0.090878
v -0.073394 -0.303259 -0.078842
v -0.074692 -0.296666 -0.087339
v -0.075255 -0.299748 -0.082772
v -0.066838 -0.292144 -0.074983
v -0.066359 -0.289032 -0.079551
v -0.040014 -0.277765 -0.065238
v -0.063541 -0.286973 -0.083850
v -0.039171 -0.276558 -0.070578
v -0.071819 -0.294622 -0.091642
v -0.058945 -0.286394 -0.087034
v -0.038478 -0.277813 -0.075930
v -0.053424 -0.287443 -0.088464
v -0.038070 -0.281279 -0.080231
v -0.047998 -0.289976 -0.087858
v -0.038027 -0.286272 -0.082632
v -0.040667 -0.301409 -0.070682
v -0.043730 -0.293580 -0.085375
v -0.039002 -0.296774 -0.080296
v -0.038361 -0.291802 -0.082654
v -0.041543 -0.297514 -0.081536
v -0.041902 -0.300774 -0.077016
v -0.039826 -0.300202 -0.076024
v -0.044657 -0.302566 -0.072604
v -0.049331 -0.302736 -0.069274
v -0.041362 -0.300155 -0.065331
v -0.041769 -0.296688 -0.061029
v -0.055125 -0.301481 -0.067836
v -0.041478 -0.286166 -0.058606
v -0.041811 -0.291695 -0.058629
v -0.060688 -0.299008 -0.068491
v -0.064840 -0.295695 -0.071040
v -0.040837 -0.281194 -0.060965
v -0.008620 0.053678 -0.091419
v -0.009437 0.054733 -0.095405
v 0.020466 0.048136 -0.097327
v -0.007461 0.054461 -0.087454
v 0.021022 0.049035 -0.093258
v 0.021824 0.051593 -0.090020
v 0.030148 0.049797 -0.087335
v 0.032270 0.046595 -0.089355
v 0.035560 0.044841 -0.091729
v 0.040204 0.046864 -0.072808
v 0.042414 0.043631 -0.074548
v 0.045720 0.041872 -0.076759
v 0.045321 0.041240 -0.066198
v 0.042064 0.043238 -0.067712
v 0.035297 0.046583 -0.057471
v 0.037506 0.043165 -0.056412
v 0.039939 0.046638 -0.068718
v 0.039554 0.050920 -0.071836
v 0.034656 0.050725 -0.057807
v 0.039349 0.050769 -0.069032
v 0.035707 0.054768 -0.057351
v 0.040394 0.054815 -0.068583
v 0.040621 0.054986 -0.071748
v 0.042871 0.057975 -0.067466
v 0.038246 0.057915 -0.056195
v 0.046310 0.059618 -0.065899
v 0.043186 0.058259 -0.072581
v 0.033049 0.061214 -0.087205
v 0.046708 0.060103 -0.074235
v 0.036541 0.063072 -0.089111
v 0.024062 0.066680 -0.097574
v 0.024262 0.065743 -0.093481
v 0.040368 0.063114 -0.091406
v 0.050471 0.060155 -0.076406
v 0.043729 0.061341 -0.093663
v 0.023506 0.065780 -0.101643
v -0.006335 0.071467 -0.095604
v -0.007604 0.069000 -0.098761
v 0.022705 0.063222 -0.104881
v -0.008735 0.065337 -0.100486
v 0.045933 0.058111 -0.095485
v 0.021816 0.059513 -0.106647
v 0.021015 0.055386 -0.106592
v 0.045458 0.050004 -0.096626
v 0.046543 0.054066 -0.096539
v 0.055862 0.055195 -0.080527
v 0.055402 0.047088 -0.081691
v 0.056456 0.051157 -0.081612
v 0.056115 0.049862 -0.061224
v 0.055491 0.054000 -0.061568
v 0.051162 0.053885 -0.050214
v 0.050750 0.045699 -0.050333
v 0.051809 0.049743 -0.049885
v 0.055063 0.045817 -0.061680
v 0.052909 0.043794 -0.080751
v 0.048200 0.042553 -0.051473
v 0.052545 0.042668 -0.062841
v 0.049460 0.041931 -0.078984
v 0.044665 0.040929 -0.053083
v 0.049064 0.041035 -0.064460
v 0.040849 0.041147 -0.054845
v 0.028230 0.042093 -0.034323
v 0.025912 0.042207 -0.037828
v 0.000551 0.045710 -0.020491
v -0.001141 0.045752 -0.024338
v 0.023973 0.044127 -0.041026
v -0.002399 0.047590 -0.027903
v 0.022798 0.047473 -0.043284
v -0.002976 0.050863 -0.030477
v 0.022621 0.051581 -0.044155
v -0.002755 0.054921 -0.031553
v 0.023474 0.055639 -0.043467
v -0.001781 0.058960 -0.030915
v -0.000248 0.062181 -0.028692
v -0.015489 0.066152 -0.019537
v -0.018256 0.063279 -0.020961
v -0.020075 0.059474 -0.021058
v -0.033696 0.066692 -0.002308
v -0.031878 0.070503 -0.002186
v -0.036628 0.077608 0.017598
v -0.038885 0.074360 0.019023
v -0.029083 0.073391 -0.000691
v -0.025846 0.074782 0.001869
v -0.012318 0.067525 -0.017066
v -0.033080 0.079520 0.016402
v -0.023862 0.089009 0.044167
v -0.028945 0.079719 0.015674
v -0.020139 0.088792 0.042227
v -0.003007 0.097539 0.064518
v -0.016607 0.086863 0.041012
v -0.006123 0.098077 0.067288
v 0.012495 0.107313 0.087978
v 0.009513 0.105858 0.090557
v -0.008738 0.096833 0.070336
v -0.027038 0.087469 0.046449
v 0.007718 0.102962 0.093020
v -0.010336 0.094055 0.073055
v -0.010598 0.090291 0.074909
v -0.029040 0.084478 0.048620
v 0.007467 0.099198 0.094877
v 0.014672 0.092709 0.109538
v 0.008808 0.095313 0.095759
v -0.009475 0.086289 0.075532
v 0.012453 0.093735 0.112958
v 0.012003 0.094871 0.116980
v 0.026363 0.091986 0.108311
v 0.029349 0.092691 0.111186
v 0.021504 0.091309 0.089363
v 0.018522 0.089854 0.091944
v 0.013410 0.095893 0.120807
v 0.028087 0.095876 0.122456
v 0.018218 0.091997 0.107397
v 0.022391 0.091738 0.106959
v 0.014943 0.090128 0.094132
v -0.004187 0.080627 0.072853
v -0.001072 0.080089 0.070082
v 0.011476 0.092076 0.095494
v -0.007186 0.082840 0.074797
v -0.025603 0.073419 0.050769
v -0.022071 0.071489 0.049556
v -0.035184 0.063572 0.021961
v -0.031280 0.062017 0.021843
v -0.018348 0.071272 0.047615
v -0.015171 0.072813 0.045334
v -0.027145 0.062216 0.021115
v -0.021836 0.061046 0.011250
v -0.024722 0.058196 0.009844
v -0.023597 0.064129 0.019919
v -0.013169 0.075804 0.043162
v -0.019949 0.064844 0.011357
v -0.021340 0.067376 0.018494
v -0.012739 0.079655 0.041532
v -0.019472 0.068853 0.010180
v -0.020821 0.071315 0.017121
v -0.022141 0.075166 0.016072
v -0.013966 0.083601 0.040764
v -0.020500 0.072269 0.007923
v -0.025041 0.078165 0.015555
v -0.022785 0.074387 0.004958
v -0.009367 0.067127 -0.014038
v -0.007207 0.065032 -0.011062
v -0.006262 0.061651 -0.008736
v 0.004494 0.062065 -0.017910
v 0.003235 0.063904 -0.021475
v 0.027431 0.060557 -0.038238
v 0.029749 0.060443 -0.034734
v 0.001543 0.063946 -0.025323
v 0.025191 0.058842 -0.041355
v 0.031688 0.058524 -0.031536
v 0.041772 0.059539 -0.054575
v 0.045590 0.059321 -0.052813
v 0.050040 0.059417 -0.064177
v 0.048943 0.057303 -0.051257
v 0.053320 0.057412 -0.062631
v 0.053733 0.058405 -0.078660
v 0.032863 0.055179 -0.029277
v 0.005070 0.058792 -0.015336
v 0.033041 0.051070 -0.028407
v 0.004850 0.054735 -0.014261
v 0.032187 0.047012 -0.029095
v -0.006711 0.057651 -0.007527
v 0.003876 0.050695 -0.014898
v 0.030470 0.043808 -0.031207
v -0.008486 0.053830 -0.007662
v 0.002341 0.047474 -0.017121
v -0.011256 0.050952 -0.009097
v -0.028010 0.056845 0.007388
v -0.014466 0.049586 -0.011550
v -0.031046 0.057257 0.004356
v -0.017462 0.050000 -0.014542
v -0.033244 0.059349 0.001344
v -0.019643 0.052106 -0.017490
v -0.034185 0.062714 -0.001042
v -0.020574 0.055488 -0.019816
v -0.039405 0.070421 0.020396
v -0.029470 0.080627 0.050251
v -0.028243 0.076680 0.051018
v -0.038084 0.066571 0.021444
v 0.002279 0.091877 0.061839
v -0.000008 0.095327 0.062574
v 0.019541 0.105091 0.084428
v 0.016074 0.107039 0.085790
v 0.020367 0.096846 0.125034
v 0.024540 0.096588 0.124597
v 0.016394 0.096598 0.123681
v 0.022209 0.101853 0.084161
v 0.030305 0.094849 0.119036
v 0.023550 0.097969 0.085045
v 0.003403 0.087875 0.062460
v 0.003141 0.084111 0.064316
v 0.023298 0.094205 0.086900
v 0.030755 0.093713 0.115014
v 0.001543 0.081333 0.067035
v 0.042890 0.046729 -0.095723
v 0.039355 0.044888 -0.093989
v 0.020266 0.049073 -0.101420
v 0.020463 0.051660 -0.104727
v -0.009501 0.061203 -0.100436
v -0.009752 0.057419 -0.098624
v -0.005176 0.072252 -0.091640
v -0.004359 0.071196 -0.087654
v -0.005061 0.060593 -0.082573
v -0.004295 0.064726 -0.082622
v -0.004045 0.068509 -0.084436
v 0.024065 0.063155 -0.090174
v 0.023513 0.059428 -0.088309
v 0.030596 0.057905 -0.086108
v 0.029577 0.053827 -0.086144
v 0.022712 0.055302 -0.088253
v -0.006191 0.056930 -0.084297
v 0.038378 0.111218 0.131791
v 0.034440 0.097728 0.132031
v 0.039737 0.112410 0.105171
v 0.035691 0.112067 0.131725
v 0.037051 0.113258 0.105104
v 0.032644 0.099848 0.131562
v 0.030359 0.089274 0.091774
v 0.018502 0.099762 0.134079
v 0.013066 0.111064 0.136297
v 0.015554 0.111944 0.135309
v 0.005078 0.113064 0.110797
v 0.007040 0.089132 0.095927
v 0.017004 0.097622 0.135136
v 0.002589 0.112184 0.111785
v 0.006059 0.086683 0.096918
v 0.031650 0.086839 0.092361
v -0.002883 0.109034 0.038007
v -0.009747 0.118528 0.054252
v -0.010934 0.111135 0.037844
v 0.008139 0.107313 0.035831
v 0.010896 0.116739 0.050959
v -0.004516 0.106358 0.039995
v 0.008788 0.104159 0.037677
v 0.002585 0.117007 0.053235
v 0.011545 0.113585 0.052806
v 0.000953 0.114331 0.055222
v -0.010531 0.115243 0.055789
v -0.011718 0.107849 0.039381
v -0.021545 0.119377 0.053774
v -0.021407 0.116018 0.055349
v -0.020088 0.108428 0.039040
v -0.031995 0.114001 0.054720
v -0.032917 0.117210 0.053099
v -0.041007 0.112057 0.053101
v -0.029500 0.110018 0.036916
v -0.020227 0.111786 0.037465
v -0.028579 0.106809 0.038537
v -0.040939 0.105993 0.036113
v -0.038680 0.103222 0.037111
v -0.040723 0.096907 0.038691
v -0.042462 0.103141 0.055527
v -0.044415 0.096928 0.038302
v -0.038748 0.109285 0.054099
v -0.042599 0.087253 0.042018
v -0.045013 0.093926 0.058601
v -0.046153 0.103161 0.055138
v -0.039636 0.089442 0.041568
v -0.035966 0.080800 0.046904
v -0.033534 0.083597 0.046712
v -0.042051 0.096117 0.058151
v -0.039143 0.089570 0.062781
v -0.026739 0.079166 0.050276
v -0.030980 0.084255 0.067051
v -0.032826 0.081073 0.067550
v -0.041575 0.086773 0.062972
v -0.028585 0.075984 0.050773
v -0.020237 0.072664 0.053261
v -0.019089 0.076123 0.052556
v -0.011014 0.074520 0.053295
v -0.021193 0.080372 0.069958
v -0.010294 0.078228 0.070932
v -0.022340 0.076913 0.070664
v -0.011357 0.070906 0.054068
v -0.010636 0.074613 0.071706
v -0.010111 0.074596 0.074495
v 0.001913 0.074541 0.072917
v -0.011198 0.069768 0.051466
v -0.009703 0.079319 0.073486
v -0.010790 0.074491 0.050457
v 0.001340 0.079272 0.072033
v -0.003492 0.074471 0.049484
v 0.011673 0.080904 0.068623
v 0.013031 0.076294 0.069252
v -0.002919 0.069740 0.050368
v 0.005056 0.071007 0.047728
v 0.012321 0.076311 0.066486
v 0.006136 0.072244 0.050039
v 0.021265 0.079065 0.061869
v 0.014848 0.074982 0.045514
v 0.005076 0.075769 0.049565
v 0.003697 0.075617 0.047100
v 0.011262 0.079837 0.066013
v 0.013491 0.078421 0.045188
v 0.019908 0.082504 0.061543
v 0.024331 0.082056 0.041751
v 0.027558 0.085069 0.059239
v 0.033466 0.085792 0.039575
v 0.036403 0.088698 0.057133
v 0.028875 0.081617 0.059591
v 0.025647 0.078603 0.042103
v 0.038081 0.085398 0.057398
v 0.035144 0.082491 0.039841
v 0.045584 0.091487 0.055037
v 0.042301 0.090509 0.036944
v 0.044880 0.087876 0.037379
v 0.047926 0.104072 0.050203
v 0.047920 0.095821 0.034163
v 0.044314 0.095042 0.034566
v 0.044320 0.103292 0.050606
v 0.038220 0.104283 0.031434
v 0.036558 0.101428 0.033125
v 0.028197 0.106515 0.032185
v 0.027840 0.103421 0.034206
v 0.040428 0.108685 0.049177
v 0.031296 0.112820 0.049208
v 0.042090 0.111540 0.047486
v 0.031652 0.115913 0.047188
v 0.021197 0.116976 0.048798
v 0.021459 0.113816 0.050726
v 0.018086 0.107541 0.033745
v 0.018347 0.104380 0.035672
v 0.043005 0.094119 0.054602
v -0.011813 0.052780 -0.047429
v -0.017784 0.044125 -0.040344
v -0.012245 0.055390 -0.044605
v -0.009953 0.049955 -0.049313
v -0.015925 0.041300 -0.042227
v -0.008787 0.058048 -0.038444
v -0.007035 0.047476 -0.049881
v -0.013008 0.038821 -0.042796
v -0.003636 0.045834 -0.049023
v -0.009609 0.037179 -0.041938
v -0.011568 0.041327 -0.038522
v -0.012755 0.042336 -0.038290
v -0.013512 0.043485 -0.037525
v -0.070163 -0.043302 0.035095
v -0.008408 0.043756 -0.032890
v -0.007652 0.042607 -0.033657
v -0.007476 0.041545 -0.034806
v -0.013688 0.044547 -0.036375
v -0.007914 0.040780 -0.036111
v -0.013248 0.045312 -0.035070
v -0.008882 0.040464 -0.037312
v -0.012281 0.045627 -0.033869
v -0.010186 0.040659 -0.038172
v -0.010976 0.045433 -0.033009
v -0.009594 0.044764 -0.032659
v -0.008156 0.047270 -0.028386
v -0.005237 0.044791 -0.028954
v -0.011553 0.048912 -0.029243
v -0.014760 0.049393 -0.031359
v -0.005582 0.057567 -0.036329
v -0.002183 0.055925 -0.035471
v 0.000734 0.053446 -0.036039
v 0.002595 0.050621 -0.037922
v -0.003378 0.041966 -0.030837
v 0.003027 0.048010 -0.040747
v -0.002946 0.039355 -0.033662
v 0.001947 0.046131 -0.043954
v -0.004025 0.037476 -0.036868
v -0.006403 0.036698 -0.039822
v -0.000431 0.045353 -0.046907
v -0.017137 0.048616 -0.034313
v -0.018218 0.046735 -0.037519
v -0.011166 0.057271 -0.041398
v 0.002912 0.085140 0.032615
v 0.007604 0.078843 0.033990
v 0.003764 0.086214 0.034627
v 0.007605 0.078325 0.031612
v 0.002913 0.084621 0.030238
v 0.003768 0.084762 0.027964
v 0.007219 0.089111 0.036104
v 0.005302 0.087631 0.035871
v 0.009994 0.081334 0.037246
v 0.009137 0.090361 0.035279
v 0.013830 0.084064 0.036654
v 0.009143 0.088263 0.025651
v 0.005307 0.085533 0.026243
v 0.011911 0.082815 0.037478
v 0.011533 0.090754 0.028907
v 0.010677 0.091132 0.033559
v 0.011531 0.091273 0.031285
v 0.016225 0.084459 0.030281
v 0.010681 0.089681 0.026896
v 0.015373 0.083384 0.028271
v 0.013836 0.081967 0.027026
v 0.012696 0.081779 0.030057
v 0.013322 0.082356 0.030563
v 0.013669 0.082792 0.031382
v 0.058729 0.018833 0.045847
v 0.011913 0.082124 0.034309
v 0.011136 0.080669 0.030298
v 0.012694 0.082633 0.033974
v 0.010509 0.080355 0.030997
v 0.013320 0.082946 0.033273
v 0.010162 0.080298 0.031923
v 0.013668 0.083003 0.032349
v 0.010508 0.080946 0.033708
v 0.010161 0.080509 0.032890
v 0.011133 0.081522 0.034215
v 0.011916 0.081177 0.029962
v 0.010000 0.079238 0.027618
v 0.011918 0.080487 0.026792
v 0.007225 0.086783 0.025418
v 0.008461 0.078466 0.029337
v 0.008457 0.079917 0.036001
v 0.016223 0.084976 0.032659
v 0.015369 0.084835 0.034933
vn 0.9661 0.1778 -0.1869
vn 0.2128 0.0523 -0.9757
vn 0.9859 0.0575 -0.1574
vn 0.9670 -0.0284 -0.2530
vn 0.8041 0.0636 0.5911
vn 0.8470 -0.0232 0.5311
vn -0.1744 0.0115 0.9846
vn -0.2304 0.0817 0.9697
vn 0.7689 0.1900 0.6105
vn -0.1935 0.1613 0.9678
vn -0.9430 0.0906 0.3203
vn -0.9678 0.0740 0.2407
vn -0.8610 0.0210 -0.5082
vn -0.9585 0.0296 0.2836
vn -0.8537 0.0674 -0.5163
vn -0.8255 0.1090 -0.5538
vn 0.1393 0.1641 -0.9766
vn 0.9485 0.1557 -0.2758
vn -0.8308 -0.1041 -0.5467
vn 0.1121 0.0252 -0.9934
vn -0.7235 -0.4622 -0.5127
vn 0.2006 -0.4134 -0.8882
vn 0.1178 -0.7968 -0.5926
vn 0.9468 -0.1913 -0.2589
vn 0.7090 -0.2338 0.6654
vn 0.7929 -0.5974 -0.1197
vn 0.7105 -0.5264 0.4670
vn 0.7152 0.0983 0.6919
vn -0.2546 -0.4268 0.8678
vn -0.1720 -0.7940 0.5831
vn -0.3390 -0.0182 0.9406
vn -0.8768 -0.4345 0.2059
vn -0.5872 -0.7135 -0.3823
vn -0.7057 -0.6997 0.1115
vn -0.9570 -0.0818 0.2785
vn -0.4147 -0.8806 -0.2295
vn 0.0838 -0.9643 -0.2511
vn -0.4391 -0.8980 0.0290
vn -0.1088 -0.9766 0.1856
vn 0.4852 -0.8739 -0.0287
vn 0.4498 -0.8490 0.2772
vn 0.1743 -0.0083 -0.9847
vn 0.1818 -0.0274 -0.9829
vn -0.8574 0.0014 -0.5147
vn -0.9237 0.0072 0.3830
vn -0.9075 -0.0757 -0.4133
vn 0.0053 -0.0340 -0.9994
vn -0.9295 -0.0793 -0.3601
vn -0.9124 -0.0757 0.4023
vn -0.0141 0.0542 -0.9984
vn -0.9247 0.2210 -0.3098
vn -0.0436 0.3873 -0.9209
vn -0.8630 0.0084 0.5052
vn 0.0121 -0.0740 0.9972
vn 0.1423 0.2095 0.9674
vn -0.7287 0.3012 0.6151
vn 0.1667 0.5006 0.8495
vn 0.9627 0.1638 0.2152
vn 0.8985 0.4069 0.1647
vn 0.7011 0.7072 0.0909
vn 0.1185 0.9004 0.4186
vn 0.8523 0.1319 -0.5062
vn 0.8682 0.0007 -0.4962
vn 0.9325 -0.0440 0.3586
vn 0.8273 -0.0790 0.5561
vn 0.9541 -0.0625 -0.2929
vn -0.1075 -0.0489 0.9930
vn 0.8044 0.3256 -0.4969
vn 0.7024 0.6267 -0.3376
vn 0.1771 0.8968 -0.4055
vn -0.6181 0.7687 -0.1643
vn -0.5132 0.7521 0.4135
vn 0.0020 -0.1072 0.9942
vn 0.0808 0.1073 0.9909
vn -0.8178 0.1845 0.5451
vn -0.9131 0.1835 0.3641
vn -0.0042 0.1593 0.9872
vn 0.8087 0.1110 0.5777
vn -0.1375 -0.5107 0.8487
vn -0.7418 0.0434 0.6692
vn 0.5901 0.0723 0.8041
vn 0.5498 -0.1099 0.8280
vn 0.9108 0.4011 -0.0981
vn 0.9670 0.2541 0.0189
vn 0.4722 -0.7211 0.5070
vn -0.1390 -0.8798 0.4545
vn -0.0595 -0.9944 -0.0868
vn -0.6148 -0.6839 0.3929
vn -0.7201 -0.1991 0.6647
vn -0.7500 -0.6347 -0.1860
vn -0.9802 0.1461 -0.1338
vn -0.2222 0.0963 -0.9702
vn -0.3478 -0.5779 -0.7383
vn -0.8837 0.4458 -0.1430
vn 0.1123 -0.7995 -0.5901
vn 0.2411 -0.2083 -0.9479
vn -0.1888 0.3473 -0.9186
vn -0.8464 0.3327 -0.4159
vn 0.1569 0.1667 -0.9734
vn 0.2452 0.0935 -0.9650
vn -0.8001 0.1117 -0.5894
vn -0.8033 0.0267 -0.5950
vn 0.0573 -0.0468 -0.9973
vn 0.2136 -0.0291 -0.9765
vn 0.9484 -0.0403 -0.3144
vn 0.9825 -0.0371 -0.1826
vn 0.8247 0.0333 0.5646
vn 0.9460 0.1792 -0.2703
vn 0.4882 0.2438 -0.8380
vn 0.5139 0.1386 -0.8466
vn 0.4842 -0.5220 -0.7022
vn 0.7806 -0.6233 -0.0455
vn 0.8369 0.0158 0.5471
vn 0.0635 0.1112 0.9918
vn 0.9175 -0.0802 -0.3895
vn 0.0814 0.0622 0.9947
vn 0.8625 -0.0158 0.5059
vn 0.0667 -0.0745 -0.9950
vn 0.8768 -0.0442 -0.4788
vn -0.8194 0.0044 -0.5733
vn 0.0321 -0.0618 -0.9976
vn -0.7843 -0.0388 -0.6191
vn -0.8850 0.0762 0.4593
vn -0.9192 0.1075 0.3789
vn -0.9176 0.0121 0.3972
vn 0.0411 0.0143 0.9991
vn 0.9267 -0.1225 0.3552
vn 0.0980 -0.1526 0.9834
vn 0.8691 -0.0243 0.4940
vn -0.9037 -0.1626 0.3961
vn 0.4541 -0.3310 0.8272
vn -0.1932 -0.2953 0.9357
vn 0.4518 -0.3765 0.8088
vn 0.9218 -0.2878 0.2597
vn 0.8965 -0.3421 0.2816
vn 0.8549 -0.1996 -0.4789
vn 0.8570 -0.2256 -0.4633
vn 0.0973 -0.2335 -0.9675
vn 0.1787 -0.0545 -0.9824
vn 0.8596 0.3112 -0.4053
vn 0.9723 0.1994 0.1216
vn 0.6480 0.0970 0.7554
vn 0.4901 0.8623 -0.1271
vn 0.5604 0.8249 -0.0744
vn 0.4538 0.8688 -0.1980
vn -0.0608 0.6969 0.7146
vn 0.0483 0.5792 0.8137
vn -0.5838 -0.0226 0.8115
vn -0.1039 -0.1381 0.9849
vn 0.4166 0.7819 0.4637
vn -0.1740 -0.3094 0.9349
vn -0.6539 -0.3931 0.6464
vn -0.8110 -0.3910 0.4352
vn -0.9341 -0.2443 0.2602
vn -0.9811 -0.1370 -0.1366
vn -0.8435 0.2600 0.4700
vn -0.8363 0.5438 -0.0702
vn -0.0953 0.8083 0.5810
vn 0.0654 0.9016 -0.4276
vn -0.6926 0.4526 -0.5616
vn -0.0242 0.9992 -0.0327
vn -0.7780 -0.2359 -0.5823
vn -0.2855 0.3916 -0.8747
vn 0.1499 0.4964 -0.8551
vn -0.5925 -0.2119 -0.7772
vn 0.3734 0.8057 -0.4599
vn -0.6918 -0.1831 -0.6985
vn -0.7632 -0.1461 -0.6294
vn -0.9358 -0.2490 -0.2493
vn 0.1757 -0.1463 -0.9735
vn 0.8784 -0.0750 -0.4719
vn -0.6056 -0.7420 0.2876
vn 0.1836 -0.9529 0.2414
vn -0.6445 -0.7295 0.2291
vn -0.9575 0.2577 0.1296
vn -0.9723 0.2317 0.0293
vn 0.1672 -0.9398 0.2981
vn -0.6610 -0.7254 0.1919
vn 0.2388 -0.9325 0.2709
vn 0.9751 -0.1995 0.0966
vn 0.9653 -0.2154 0.1480
vn 0.9666 -0.2407 0.0880
vn 0.5945 0.7757 -0.2118
vn 0.5396 0.8198 -0.1919
vn 0.6503 0.7171 -0.2508
vn -0.2966 0.9155 -0.2719
vn -0.9749 0.1734 -0.1400
vn -0.3033 0.8860 -0.3507
vn -0.9811 0.1832 -0.0629
vn -0.3323 0.9233 -0.1927
vn -0.2847 0.9539 -0.0946
vn 0.5453 0.8254 -0.1457
vn 0.9527 -0.2992 0.0527
vn 0.9619 -0.2734 0.0085
vn -0.2193 0.9754 -0.0204
vn 0.6080 0.7919 -0.0567
vn 0.1763 -0.9616 0.2102
vn 0.2684 -0.9347 0.2330
vn 0.9653 -0.2258 0.1309
vn 0.3191 -0.9035 0.2862
vn 0.6038 0.7967 0.0267
vn 0.9355 -0.3534 0.0057
vn 0.6028 0.7936 -0.0831
vn 0.2358 -0.9707 0.0471
vn 0.8289 -0.4234 -0.3657
vn 0.0861 -0.9667 -0.2410
vn -0.5279 -0.6805 -0.5082
vn -0.5095 -0.6265 -0.5899
vn -0.2510 -0.7490 -0.6132
vn -0.5778 -0.8149 0.0465
vn -0.8095 0.1658 -0.5632
vn -0.9539 0.2973 -0.0419
vn -0.5256 -0.6833 0.5067
vn -0.2556 0.9612 -0.1037
vn -0.8316 0.4597 0.3116
vn -0.5483 -0.7382 0.3930
vn -0.9280 0.2910 0.2325
vn -0.1956 0.9793 0.0511
vn -0.3973 0.7724 -0.4955
vn -0.7066 -0.1473 -0.6921
vn 0.5359 0.6648 -0.5204
vn 0.0422 0.2891 -0.9564
vn -0.5614 0.0009 -0.8275
vn 0.3374 -0.4419 -0.8312
vn -0.6801 -0.7164 0.1554
vn 0.2455 -0.9542 0.1710
vn -0.6710 -0.7390 0.0599
vn 0.3501 -0.8796 0.3221
vn 0.9659 -0.2587 0.0099
vn -0.5936 -0.7653 0.2488
vn 0.3455 -0.7124 0.6109
vn 0.9764 -0.1556 0.1497
vn 0.9038 -0.1099 0.4135
vn 0.6428 0.6946 -0.3230
vn 0.6079 0.7841 -0.1248
vn 0.9513 -0.1812 -0.2495
vn 0.5867 0.7864 0.1933
vn 0.3572 -0.9330 0.0448
vn 0.9028 -0.1993 -0.3812
vn 0.2373 -0.9443 -0.2280
vn 0.6275 0.7001 -0.3409
vn 0.4821 0.7723 -0.4137
vn -0.3066 0.9111 -0.2754
vn 0.3968 0.9043 0.1576
vn -0.4401 0.8554 -0.2731
vn 0.9763 -0.0445 0.2119
vn 0.3572 0.9109 0.2068
vn -0.4820 0.8454 0.2300
vn 0.9483 0.0941 0.3033
vn -0.3940 0.9169 -0.0637
vn -0.4191 0.8922 0.1681
vn 0.3698 0.9275 -0.0549
vn 0.9863 0.1389 0.0886
vn 0.3113 0.9053 -0.2889
vn 0.4312 0.7821 -0.4499
vn -0.2967 0.8974 -0.3266
vn 0.9743 0.1829 -0.1319
vn 0.9750 0.0739 -0.2094
vn 0.3222 -0.9337 0.1564
vn 0.3134 -0.9466 0.0755
vn 0.3900 -0.8778 0.2780
vn -0.6433 -0.7211 0.2574
vn -0.7801 -0.6217 0.0701
vn -0.9679 0.2402 0.0740
vn -0.9171 0.3393 -0.2094
vn -0.7427 -0.6662 -0.0676
vn -0.8509 0.3040 -0.4284
vn -0.2850 0.9537 -0.0964
vn -0.2233 0.8231 -0.5221
vn -0.9752 0.2210 0.0149
vn -0.9559 0.2861 0.0664
vn -0.6067 -0.7333 0.3069
vn 0.2650 -0.9068 0.3279
vn 0.2163 -0.9520 0.2167
vn -0.6041 -0.7927 0.0815
vn 0.1897 -0.9815 -0.0264
vn -0.6293 -0.7649 -0.1376
vn -0.9513 0.2830 -0.1222
vn -0.9806 0.1641 0.1072
vn -0.6356 -0.7636 0.1138
vn -0.9832 0.1823 0.0034
vn 0.1541 -0.9713 0.1809
vn -0.6743 -0.7374 0.0387
vn 0.9101 -0.1941 0.3662
vn 0.9447 -0.1963 0.2626
vn 0.1841 -0.9742 0.1304
vn 0.2445 -0.9513 0.1877
vn -0.7185 -0.6939 0.0484
vn -0.7327 -0.5917 0.3363
vn -0.9782 0.2077 -0.0016
vn -0.9460 0.2376 0.2207
vn 0.2688 -0.8277 0.4927
vn -0.7045 -0.6683 0.2390
vn -0.9681 0.2419 0.0648
vn -0.5972 -0.8011 -0.0400
vn 0.3511 -0.8578 0.3752
vn -0.9625 0.1313 -0.2375
vn 0.9156 -0.0684 0.3962
vn 0.9873 -0.0317 0.1556
vn 0.2842 -0.9585 0.0240
vn -0.6294 -0.7750 0.0566
vn 0.9918 -0.0738 -0.1044
vn 0.2815 -0.9257 0.2528
vn 0.9238 0.0545 0.3790
vn 0.4307 0.8935 -0.1269
vn 0.2974 0.9431 0.1488
vn -0.3439 0.9146 -0.2128
vn 0.5287 0.8183 0.2254
vn -0.5109 0.8577 0.0570
vn -0.4687 0.8807 -0.0687
vn 0.2430 0.9675 0.0694
vn 0.9191 0.1817 0.3497
vn 0.1631 0.9766 0.1405
vn 0.7559 0.3795 0.5334
vn 0.0078 0.8302 0.5574
vn -0.3563 0.7762 0.5202
vn -0.4488 0.8917 0.0593
vn -0.9839 0.1163 -0.1357
vn -0.9774 0.1796 0.1113
vn -0.9960 0.0823 0.0355
vn -0.5561 -0.8267 0.0856
vn -0.6256 -0.7079 0.3280
vn 0.4145 -0.8546 0.3128
vn -0.6135 0.3068 0.7276
vn -0.6259 -0.3837 0.6789
vn 0.3860 -0.7384 0.5529
vn 0.0272 -0.3075 0.9512
vn 0.2100 0.3633 0.9077
vn -0.3899 0.9035 0.1779
vn 0.4954 0.8168 0.2954
vn 0.5762 0.8172 0.0136
vn -0.3708 0.9265 -0.0645
vn -0.4444 0.8509 0.2801
vn -0.3155 0.9489 -0.0050
vn 0.5952 0.7958 0.1115
vn 0.9710 -0.1141 0.2102
vn 0.5761 0.7911 0.2054
vn -0.3137 0.9456 0.0857
vn -0.2183 0.9743 -0.0553
vn 0.5549 0.8317 0.0201
vn 0.5069 0.8538 0.1184
vn -0.2240 0.9721 0.0694
vn 0.5235 0.8504 -0.0525
vn 0.9949 -0.0733 0.0694
vn 0.9856 -0.0918 0.1418
vn 0.9812 -0.1789 0.0722
vn -0.9638 0.1258 0.2353
vn -0.9604 -0.0024 0.2786
vn -0.4835 -0.8539 0.1924
vn -0.5634 -0.7796 0.2734
vn 0.4207 -0.8497 0.3179
vn 0.3751 -0.8914 0.2544
vn -0.4173 -0.8999 -0.1265
vn -0.3311 -0.9158 0.2273
vn -0.9987 -0.0249 0.0450
vn -0.9858 -0.1322 -0.1031
vn -0.4416 -0.7102 0.5482
vn -0.9751 0.1978 -0.1002
vn -0.9436 0.0864 0.3197
vn -0.2785 0.9582 0.0653
vn -0.3029 0.9171 -0.2593
vn -0.9554 0.1691 -0.2421
vn -0.3165 0.8666 -0.3859
vn -0.7708 -0.5911 0.2377
vn -0.7839 -0.5920 0.1872
vn -0.9915 0.1262 -0.0324
vn 0.0828 -0.9392 0.3333
vn 0.0063 -0.9740 0.2263
vn -0.9868 0.0583 -0.1510
vn -0.7933 -0.6017 0.0926
vn -0.7370 -0.6749 0.0356
vn 0.1617 -0.9596 0.2303
vn 0.9355 -0.3528 0.0190
vn 0.9421 -0.3040 0.1414
vn -0.9290 0.1423 -0.3418
vn -0.6934 -0.7203 0.0180
vn -0.4204 0.8282 -0.3707
vn -0.2379 0.7887 -0.5668
vn -0.9041 0.1284 -0.4076
vn 0.6020 0.7489 -0.2770
vn 0.5581 0.7072 -0.4341
vn -0.3001 0.7643 -0.5707
vn 0.5990 0.6999 -0.3891
vn 0.9951 -0.0992 0.0023
vn 0.9784 -0.2050 -0.0260
vn 0.9726 -0.0314 0.2304
vn 0.3567 -0.8412 0.4063
vn 0.3021 -0.9111 0.2803
vn 0.5822 0.8127 -0.0229
vn 0.8798 -0.0610 0.4715
vn 0.2919 -0.7614 0.5789
vn 0.9668 -0.2364 0.0968
vn -0.4752 -0.8776 0.0639
vn -0.5286 -0.6918 0.4920
vn 0.3552 -0.9124 0.2035
vn 0.4030 -0.9118 -0.0791
vn -0.3800 -0.8970 -0.2256
vn -0.4920 -0.8670 0.0791
vn 0.9752 -0.1978 -0.0993
vn 0.2756 -0.9291 0.2466
vn 0.8963 -0.2489 0.3669
vn 0.5994 0.7803 -0.1786
vn 0.5459 0.7924 0.2723
vn -0.5300 0.8290 0.1785
vn -0.5231 0.8414 0.1356
vn 0.5047 0.7946 0.3374
vn 0.8544 -0.2203 0.4706
vn -0.4897 0.8718 0.0096
vn 0.9078 -0.2354 0.3471
vn 0.5572 0.8112 0.1773
vn -0.4182 0.8899 -0.1821
vn 0.5985 0.7980 -0.0712
vn 0.9661 -0.2312 0.1152
vn -0.9913 0.0371 -0.1265
vn -0.9723 0.0433 -0.2298
vn -0.4098 0.8520 -0.3258
vn -0.9733 0.1111 -0.2008
vn -0.6092 -0.7921 -0.0382
vn -0.6001 -0.7998 -0.0128
vn 0.2740 -0.9582 0.0827
vn -0.5748 -0.8149 0.0749
vn 0.3095 -0.9368 0.1628
vn 0.3066 -0.9130 0.2692
vn -0.5301 -0.8341 0.1522
vn -1.0000 -0.0008 0.0080
vn -0.9884 -0.1131 0.1018
vn -0.4926 -0.8572 0.1505
vn -0.9954 -0.0577 0.0769
vn 0.2777 -0.8999 0.3363
vn -0.9406 -0.0514 -0.3355
vn -0.4594 0.8268 -0.3245
vn -0.4815 0.8691 -0.1128
vn -0.9534 0.0879 0.2886
vn -0.9767 -0.2013 -0.0742
vn -0.3926 0.8828 0.2580
vn 0.6135 0.7891 -0.0296
vn 0.4936 0.8235 0.2796
vn -0.3356 0.9236 -0.1852
vn -0.9831 0.1346 -0.1240
vn -0.6229 -0.7596 0.1871
vn 0.9747 -0.2221 -0.0235
vn 0.2972 -0.9480 0.1137
vn 0.9857 -0.1611 0.0495
vn 0.2956 -0.8722 0.3898
vn -0.5860 -0.7420 0.3258
vn 0.9256 -0.2836 0.2507
vn 0.1313 -0.9397 0.3159
vn 0.9405 -0.2055 0.2707
vn 0.1844 -0.9664 0.1793
vn 0.9207 -0.3241 0.2173
vn 0.6563 0.7515 0.0675
vn 0.8594 -0.2585 0.4412
vn 0.6785 0.7342 -0.0225
vn -0.1810 0.9712 -0.1549
vn 0.5934 0.7616 0.2605
vn -0.3239 0.9325 0.1597
vn -0.2863 0.9582 -0.0010
vn 0.9493 -0.2232 0.2215
vn 0.5151 0.8540 0.0733
vn -0.2625 0.9269 -0.2681
vn -0.9919 0.1104 0.0627
vn -0.9610 0.0389 -0.2737
vn -0.3413 0.9362 0.0841
vn 0.5093 0.8379 -0.1964
vn 0.4297 0.8898 0.1536
vn -0.3338 0.7484 0.5731
vn -0.9898 0.1213 0.0753
vn -0.2519 0.5935 0.7644
vn -0.7010 0.1825 0.6894
vn 0.3976 0.6661 0.6311
vn -0.0417 0.5885 0.8074
vn -0.4010 0.2226 0.8886
vn -0.3624 -0.4037 0.8401
vn 0.0995 -0.4187 0.9027
vn 0.1312 0.0427 0.9904
vn -0.5085 -0.7326 0.4525
vn 0.2232 -0.8413 0.4924
vn -0.4403 -0.8976 0.0207
vn -0.4206 -0.9072 -0.0032
vn 0.3021 -0.9434 0.1366
vn 0.7006 -0.1320 0.7013
vn 0.9544 -0.1586 0.2528
vn 0.2773 -0.9570 0.0848
vn 0.9801 -0.1978 0.0175
vn 0.2681 -0.9247 0.2702
vn 0.2036 -0.8920 0.4035
vn -0.4942 -0.8367 0.2359
vn -0.5374 -0.7988 0.2704
vn -0.5140 -0.8576 -0.0186
vn -0.9440 0.2174 0.2481
vn -0.9833 0.1533 -0.0984
vn -0.2697 0.9611 -0.0588
vn -0.9861 0.0597 -0.1549
vn -0.3771 0.9217 0.0911
vn -0.6088 -0.7759 0.1654
vn -0.9795 0.1791 0.0922
vn 0.5686 0.8155 -0.1078
vn -0.3696 0.8989 -0.2352
vn 0.5332 0.8123 0.2362
vn 0.5952 0.7624 -0.2540
vn 0.6541 0.7406 -0.1539
vn -0.4373 0.8712 -0.2233
vn 0.6374 0.7705 -0.0066
vn 0.9529 -0.1764 0.2469
vn 0.9271 -0.0541 0.3709
vn 0.3701 -0.8346 0.4080
vn 0.2184 -0.9072 0.3595
vn -0.7400 -0.6134 0.2760
vn 0.3387 -0.8257 0.4511
vn -0.7064 -0.6327 0.3174
vn -0.9009 0.4286 0.0690
vn -0.9743 0.2250 0.0093
vn -0.3214 0.9381 -0.1293
vn 0.5550 0.8123 0.1792
vn -0.2618 0.9648 0.0239
vn 0.4208 0.8849 0.1995
vn 0.9080 0.0362 0.4175
vn 0.5070 0.8526 -0.1264
vn 0.9916 -0.1087 0.0707
vn 0.2621 -0.9535 0.1491
vn 0.7376 0.5903 -0.3278
vn 0.2967 -0.9145 0.2752
vn 0.0213 0.1355 0.9905
vn -0.7496 -0.6616 0.0187
vn -0.7739 -0.5849 0.2428
vn -0.8151 -0.5739 0.0791
vn -0.3037 -0.7461 0.5925
vn -0.9491 0.3127 -0.0370
vn -0.8994 0.4333 0.0576
vn -0.3722 0.9212 0.1138
vn -0.4078 0.9116 0.0516
vn -0.3564 0.9077 -0.2217
vn -0.9922 0.0896 -0.0864
vn -0.5305 0.7958 -0.2920
vn 0.5601 0.8188 -0.1256
vn -0.9904 0.0408 -0.1319
vn -0.9657 0.0487 -0.2549
vn -0.5296 0.7458 -0.4041
vn 0.3128 0.9167 -0.2487
vn 0.2886 0.9373 -0.1954
vn 0.2732 0.9451 -0.1795
vn 0.3701 0.9010 0.2263
vn -0.4457 0.8512 -0.2772
vn 0.2655 0.9596 -0.0935
vn 0.1541 0.9871 0.0436
vn 0.2551 0.9455 -0.2023
vn -0.4545 0.8434 0.2865
vn -0.5082 0.8613 -0.0048
vn -0.0741 0.9780 -0.1952
vn -0.0181 0.9551 -0.2958
vn -0.1185 0.2038 -0.9718
vn 0.1436 0.3221 -0.9357
vn 0.1127 0.8551 -0.5061
vn -0.4126 0.8977 -0.1546
vn -0.5869 0.6352 -0.5021
vn -0.3375 0.2551 -0.9061
vn -0.8908 -0.3197 -0.3228
vn -0.3492 -0.4568 -0.8182
vn 0.3307 -0.4610 -0.8234
vn -0.1648 -0.8021 -0.5740
vn -0.9994 0.0156 -0.0301
vn -0.7061 -0.6733 -0.2194
vn -0.8867 -0.4185 0.1963
vn -0.9709 0.0541 -0.2333
vn -0.8202 -0.5719 -0.0150
vn -0.6337 -0.7731 0.0248
vn -0.5876 -0.6421 0.4924
vn -0.5671 -0.6883 0.4522
vn -0.5203 -0.8466 0.1126
vn -0.1635 -0.9477 0.2740
vn -0.1697 -0.8755 0.4524
vn -0.0685 -0.8931 0.4447
vn 0.2547 -0.9169 0.3072
vn 0.3071 -0.8869 0.3452
vn 0.2046 -0.9044 -0.3744
vn 0.0568 -0.9938 -0.0958
vn 0.3059 -0.9122 0.2725
vn -0.0763 -0.8298 0.5528
vn 0.4558 -0.8826 0.1152
vn 0.1991 -0.8659 0.4589
vn 0.0612 -0.9460 0.3182
vn 0.0362 -0.7599 0.6490
vn 0.5280 -0.7318 0.4308
vn 0.4567 -0.8372 0.3010
vn 0.2683 -0.8183 0.5083
vn 0.2376 -0.9646 0.1144
vn 0.9592 -0.2822 -0.0161
vn 0.8897 -0.3978 0.2239
vn 0.9419 0.1773 0.2854
vn 0.8106 -0.5463 0.2110
vn 0.9849 -0.0471 0.1669
vn 0.7754 0.6240 -0.0970
vn 0.8123 0.5782 0.0764
vn 0.9722 -0.1615 -0.1695
vn 0.5965 0.7145 0.3656
vn -0.1262 0.9746 -0.1852
vn 0.0935 0.9758 -0.1978
vn 0.7108 0.6899 0.1374
vn 0.1288 0.8993 0.4180
vn 0.2090 0.8345 0.5099
vn -0.5253 0.5661 0.6353
vn 0.1295 0.9314 0.3402
vn -0.0963 0.9951 -0.0222
vn 0.6001 0.7969 -0.0688
vn -0.1891 0.9786 -0.0807
vn 0.9766 -0.2049 0.0656
vn 0.6040 0.7889 -0.1133
vn 0.9844 -0.1733 0.0295
vn 0.6077 0.7790 -0.1543
vn 0.3143 -0.9201 0.2336
vn 0.1866 -0.9554 0.2288
vn 0.9877 -0.1560 0.0127
vn 0.2330 -0.9390 0.2528
vn 0.9831 -0.1814 0.0227
vn 0.6238 0.7532 -0.2087
vn 0.6007 0.7725 -0.2061
vn 0.9865 -0.1630 0.0163
vn -0.1958 0.9622 -0.1893
vn -0.1796 0.9711 -0.1569
vn -0.9046 0.4042 0.1350
vn -0.9296 0.3651 0.0498
vn -0.7217 -0.6084 0.3303
vn 0.1630 0.9075 0.3872
vn 0.9529 -0.1641 0.2552
vn 0.2693 -0.9572 0.1057
vn -0.1244 0.9429 0.3089
vn 0.5500 0.7373 0.3923
vn 0.7008 0.7131 -0.0191
vn 0.9691 -0.0688 0.2368
vn 0.3301 -0.8794 0.3431
vn 0.8017 0.5766 0.1578
vn 0.2240 -0.9357 0.2727
vn 0.2519 -0.9303 0.2667
vn -0.2266 0.9535 0.1986
vn -0.1749 0.9777 0.1166
vn 0.7458 0.6648 0.0429
vn -0.9218 0.2471 0.2988
vn -0.3289 0.8722 -0.3622
vn -0.9544 0.2038 0.2180
vn -0.6458 -0.7171 0.2621
vn -0.7067 -0.5978 0.3784
vn -0.6394 0.3328 0.6931
vn -0.7021 -0.6618 0.2628
vn -0.9518 0.2882 0.1048
vn -0.9521 0.3011 0.0529
vn -0.9361 0.3485 -0.0487
vn -0.1821 0.9809 -0.0687
vn -0.6695 -0.7040 0.2371
vn -0.2280 0.9515 -0.2065
vn 0.7339 0.6774 -0.0500
vn 0.7137 0.6795 -0.1700
vn 0.9623 -0.2584 0.0847
vn 0.9634 -0.2195 0.1537
vn 0.9870 -0.0789 0.1401
vn 0.3547 -0.8939 0.2742
vn 0.4066 -0.8546 0.3229
vn 0.3668 -0.8972 0.2459
vn -0.6853 -0.7017 0.1946
vn 0.2241 -0.9439 0.2425
vn -0.7703 -0.6160 0.1651
vn -0.7302 -0.6672 0.1472
vn 0.3424 -0.9183 0.1985
vn 0.9603 -0.2790 0.0031
vn -0.9607 0.2156 -0.1748
vn -0.9181 0.3445 -0.1962
vn -0.6836 -0.7066 0.1828
vn 0.4625 -0.8636 0.2007
vn -0.6175 -0.7298 0.2933
vn 0.4519 -0.8678 0.2069
vn -0.4095 -0.6720 0.6171
vn -0.9294 0.1551 0.3349
vn -0.9650 0.2495 -0.0807
vn -0.9833 -0.1227 0.1345
vn -0.4062 0.9103 -0.0795
vn -0.2282 0.8923 0.3895
vn -0.9813 -0.0541 -0.1848
vn -0.5222 -0.8152 0.2506
vn -0.4536 -0.8785 -0.1501
vn 0.5161 -0.8556 0.0391
vn 0.4778 -0.7573 0.4451
vn 0.3228 -0.9365 -0.1372
vn 0.9765 -0.1099 -0.1852
vn 0.9897 0.0328 0.1391
vn 0.9475 -0.0403 -0.3173
vn 0.5283 0.7840 -0.3260
vn 0.5403 0.8038 -0.2489
vn -0.4157 0.8744 -0.2501
vn -0.3610 0.8877 0.2857
vn 0.9513 -0.0278 0.3069
vn 0.4345 0.8589 0.2711
vn 0.9379 0.1452 0.3151
vn 0.3380 -0.9205 0.1960
vn -0.4820 -0.8669 0.1271
vn 0.4256 -0.8674 0.2580
vn 0.9866 0.1353 0.0907
vn 0.4487 -0.8631 0.2317
vn -0.5428 -0.8213 0.1757
vn 0.3702 -0.9232 0.1034
vn 0.9891 -0.0694 -0.1296
vn 0.3895 0.8878 0.2451
vn 0.4759 0.8765 -0.0729
vn 0.5420 0.7852 -0.2994
vn -0.2627 0.9348 0.2392
vn -0.1844 0.9807 -0.0646
vn -0.1594 0.9147 -0.3713
vn -0.9758 0.2161 0.0340
vn -0.1809 0.8578 -0.4812
vn -0.9412 0.2456 -0.2321
vn 0.5741 0.6897 -0.4413
vn -0.9587 0.1595 -0.2353
vn -0.1497 0.9843 -0.0933
vn -0.9535 0.2682 0.1374
vn 0.6071 0.7925 -0.0575
vn -0.0150 0.9996 -0.0251
vn -0.9196 0.3761 0.1137
vn -0.8956 0.4317 -0.1073
vn -0.0253 0.9797 -0.1991
vn 0.5538 0.8244 -0.1170
vn 0.9810 -0.1327 -0.1417
vn 0.5805 0.7840 -0.2200
vn 0.9930 -0.0935 0.0722
vn 0.9938 -0.0887 -0.0666
vn 0.2815 -0.9583 0.0498
vn 0.3374 -0.9350 0.1096
vn -0.5448 -0.8358 0.0683
vn -0.5033 -0.7885 0.3535
vn 0.3055 -0.8795 0.3648
vn -0.6427 -0.7455 0.1767
vn 0.3639 -0.9235 0.1215
vn -0.6231 -0.7717 0.1275
vn 0.9739 -0.1100 -0.1988
vn -0.5442 -0.8226 0.1649
vn -0.6384 -0.7693 0.0239
vn -0.9151 0.3872 0.1123
vn -0.6694 -0.6968 0.2576
vn 0.2092 -0.9191 0.3340
vn 0.2373 -0.8795 0.4126
vn -0.7304 -0.6389 0.2415
vn -0.7197 -0.6195 0.3134
vn -0.9214 0.3746 -0.1040
vn -0.6487 -0.5510 0.5250
vn 0.2660 -0.8295 0.4912
vn -0.9338 0.3510 -0.0689
vn -0.5319 -0.7585 0.3764
vn 0.2816 -0.7070 0.6487
vn -0.9683 0.2448 0.0499
vn -0.2286 0.9208 -0.3160
vn -0.3731 0.9259 -0.0588
vn -0.2961 0.9152 -0.2735
vn -0.9775 -0.0469 -0.2055
vn -0.9999 -0.0019 -0.0100
vn -0.9984 0.0479 0.0294
vn -0.4579 -0.8573 0.2355
vn -0.3781 0.8701 -0.3160
vn -0.9816 -0.0515 -0.1840
vn -0.5757 -0.7752 0.2602
vn -0.4937 0.8017 -0.3370
vn -0.4204 0.8887 -0.1831
vn 0.4438 0.8816 -0.1604
vn 0.4033 0.9144 -0.0344
vn 0.3644 0.9287 0.0683
vn 0.9446 -0.0046 0.3281
vn 0.3288 -0.8280 0.4542
vn 0.2288 -0.8597 0.4566
vn 0.9057 0.0109 0.4238
vn 0.8311 0.0704 0.5517
vn 0.3110 -0.7621 0.5680
vn -0.5005 -0.8389 0.2140
vn -0.3329 -0.8368 0.4347
vn -0.9837 -0.1614 0.0798
vn -0.4883 0.7023 0.5180
vn -0.5582 0.8245 -0.0931
vn -0.6760 0.1299 0.7254
vn -0.4549 -0.4670 0.7582
vn 0.0553 -0.4074 0.9116
vn 0.3468 0.2747 0.8968
vn 0.0884 0.7998 0.5938
vn 0.9845 -0.1684 0.0498
vn 0.4959 0.8416 -0.2141
vn 0.2554 -0.9189 0.3006
vn 0.3521 -0.8408 0.4113
vn 0.9325 -0.2163 -0.2892
vn 0.5767 0.7767 -0.2535
vn 0.9810 -0.1136 0.1573
vn 0.5915 0.8060 0.0207
vn 0.5955 0.7717 -0.2235
vn -0.1577 0.9139 -0.3740
vn 0.5833 0.7670 -0.2673
vn 0.9816 -0.0140 0.1906
vn 0.9854 -0.0383 0.1657
vn 0.5506 0.8336 -0.0451
vn -0.1095 0.9884 -0.1054
vn 0.9715 -0.0074 0.2368
vn -0.9648 0.0684 0.2539
vn -0.9674 -0.0509 0.2480
vn 0.6636 0.6536 0.3638
vn 0.7238 0.6899 -0.0066
vn 0.9914 -0.1274 -0.0301
vn -0.3305 0.9113 -0.2457
vn 0.7119 0.5462 -0.4415
vn -0.2736 0.7953 -0.5410
vn -0.1897 0.8711 -0.4529
vn 0.7058 0.5773 -0.4106
vn 0.7090 0.6483 -0.2776
vn 0.9676 -0.2267 -0.1109
vn 0.9714 -0.2241 -0.0786
vn -0.1724 0.9273 -0.3322
vn -0.9188 0.3659 -0.1479
vn 0.4721 0.8456 0.2490
vn 0.7012 -0.3421 0.6256
vn -0.3174 -0.7934 0.5194
vn -0.1126 0.9206 0.3739
vn -0.2004 0.9235 0.3272
vn -0.2072 0.9607 -0.1850
vn -0.1132 0.9888 -0.0976
vn 0.3070 0.9307 -0.1989
vn -0.3390 0.9318 -0.1299
vn -0.5494 0.8124 0.1952
vn -0.7937 0.5338 0.2917
vn -0.6553 0.7314 0.1888
vn -0.7104 0.7025 0.0425
vn -0.2625 0.8666 -0.4244
vn 0.0306 0.3674 -0.9296
vn 0.0402 0.5631 -0.8254
vn -0.1490 -0.3720 -0.9162
vn -0.4115 0.5072 -0.7573
vn -0.2873 -0.7219 -0.6295
vn 0.0873 -0.1907 -0.9778
vn -0.1932 -0.7837 -0.5904
vn -0.2456 -0.5875 -0.7711
vn -0.5659 0.0100 -0.8244
vn 0.2893 -0.4455 -0.8472
vn 0.1374 -0.6693 -0.7302
vn -0.2091 -0.9421 -0.2621
vn 0.0864 -0.6081 -0.7891
vn 0.6469 -0.5699 -0.5067
vn 0.5142 -0.1459 -0.8452
vn 0.8810 -0.4670 -0.0763
vn 0.7636 0.4772 -0.4350
vn 0.8779 -0.1727 -0.4466
vn 0.0515 0.6703 -0.7403
vn 0.5967 -0.7947 0.1114
vn 0.7105 -0.6650 0.2303
vn 0.4223 -0.8834 0.2030
vn 0.0895 -0.9908 -0.1011
vn -0.1201 -0.9811 -0.1519
vn 0.9769 -0.1876 0.1026
vn 0.1595 0.9855 0.0579
vn 0.6105 0.7762 -0.1574
vn 0.9649 -0.1157 0.2357
vn 0.3751 -0.8498 0.3702
vn 0.6908 0.7140 0.1141
vn 0.3550 -0.9031 0.2418
vn -0.3226 0.9350 0.1475
vn -0.0952 0.9871 0.1285
vn 0.7907 0.6115 0.0288
vn -0.9393 0.2657 0.2170
vn -0.9130 0.3677 0.1766
vn -0.2962 0.9506 -0.0930
vn 0.6000 0.7500 0.2784
vn -0.7113 -0.5622 0.4218
vn -0.6591 -0.6816 0.3178
vn -0.5033 -0.6549 0.5637
vn 0.2916 -0.8873 0.3573
vn -0.2148 -0.9442 0.2497
vn 0.0986 -0.9366 0.3363
vn -0.3716 -0.9177 0.1406
vn 0.2192 -0.8183 0.5314
vn 0.3665 -0.9008 0.2331
vn 0.1502 -0.9354 0.3200
vn 0.3502 -0.9258 0.1421
vn -0.8059 -0.5918 0.0150
vn -0.7939 -0.5853 -0.1644
vn 0.4483 -0.8465 0.2871
vn 0.3884 -0.8927 0.2285
vn -0.6762 -0.7007 0.2276
vn -0.9520 0.3053 0.0199
vn -0.9600 0.2772 -0.0391
vn -0.2986 0.9244 -0.2371
vn -0.2385 0.9658 -0.1014
vn 0.8043 0.5896 -0.0741
vn 0.7718 0.6096 -0.1809
vn 0.9615 -0.2641 0.0754
vn 0.9330 -0.3427 0.1101
vn 0.9661 -0.2196 0.1361
vn 0.4213 -0.8678 0.2635
vn -0.6653 -0.7049 0.2461
vn 0.3779 -0.8846 0.2731
vn -0.6842 -0.6876 0.2430
vn -0.5543 -0.7898 0.2627
vn 0.4229 -0.8672 0.2630
vn 0.9562 -0.2897 0.0406
vn -0.9644 0.2426 -0.1053
vn -0.9659 0.1572 -0.2059
vn -0.5926 -0.7721 0.2295
vn -0.2440 0.8887 -0.3881
vn -0.1333 0.8220 -0.5537
vn -0.9756 0.1660 -0.1434
vn 0.7726 0.5681 -0.2836
vn 0.7847 0.5004 -0.3659
vn -0.3073 0.9054 -0.2931
vn 0.6978 0.6126 -0.3712
vn 0.9631 -0.2458 -0.1093
vn 0.9511 -0.3089 -0.0015
vn 0.9825 -0.1655 -0.0858
vn 0.4110 -0.8871 0.2100
vn 0.4351 -0.8742 0.2155
vn 0.6006 0.7891 -0.1287
vn 0.4400 0.8674 0.2324
vn 0.9787 -0.1168 0.1691
vn 0.3504 -0.8135 0.4641
vn 0.4699 -0.8618 0.1910
vn -0.5550 -0.7925 0.2528
vn -0.4753 -0.7071 0.5235
vn -0.5477 -0.7859 0.2870
vn -0.9969 0.0419 0.0665
vn -0.9351 0.2012 0.2916
vn -0.3943 0.8800 -0.2647
vn -0.3946 0.9072 -0.1461
vn -0.9939 0.0075 -0.1097
vn -0.4008 0.8732 0.2772
vn 0.4452 0.8753 -0.1888
vn -0.9523 0.0365 0.3031
vn 0.4350 0.8567 0.2772
vn -0.3130 0.9210 0.2318
vn 0.3733 0.9064 0.1976
vn -0.9598 0.1314 0.2480
vn -0.2864 0.9562 -0.0606
vn 0.9563 0.0467 0.2886
vn 0.9213 0.2887 0.2605
vn 0.3865 0.9212 -0.0445
vn 0.4483 -0.8619 0.2368
vn 0.4572 -0.8224 0.3387
vn 0.9680 0.2116 0.1351
vn 0.3760 -0.8938 0.2445
vn 0.4553 -0.8308 0.3201
vn 0.9877 0.1016 -0.1192
vn 0.3869 0.8704 -0.3045
vn -0.5980 -0.7655 0.2376
vn -0.5637 -0.7906 0.2393
vn -0.6742 -0.7130 0.1927
vn -0.9711 0.2330 0.0525
vn -0.2332 0.9105 -0.3414
vn -0.9596 0.2407 -0.1456
vn -0.2303 0.8146 -0.5324
vn 0.4862 0.7407 -0.4636
vn -0.9454 0.1712 -0.2774
vn 0.5358 0.8357 -0.1207
vn -0.9914 0.1297 -0.0192
vn -0.2510 0.9513 -0.1792
vn -0.1390 0.9873 -0.0775
vn -0.9564 0.2787 0.0870
vn -0.9379 0.3286 -0.1112
vn -0.1552 0.9663 -0.2053
vn 0.5431 0.8394 -0.0203
vn 0.9779 -0.2036 0.0482
vn 0.5884 0.7956 -0.1447
vn 0.9849 -0.1722 0.0195
vn 0.2936 -0.9325 0.2105
vn 0.9895 -0.1161 0.0859
vn 0.1983 -0.9740 0.1092
vn -0.5247 -0.8320 0.1802
vn 0.2868 -0.8738 0.3926
vn 0.9563 0.0162 0.2921
vn -0.6744 -0.7372 0.0410
vn -0.7040 -0.6657 0.2472
vn 0.1905 -0.9113 0.3651
vn 0.1582 -0.8830 0.4420
vn -0.7508 -0.6064 0.2620
vn 0.9745 -0.0730 0.2123
vn 0.2079 -0.8260 0.5240
vn -0.7388 -0.6011 0.3048
vn -0.6463 -0.5579 0.5207
vn -0.9387 0.3267 -0.1099
vn -0.9702 0.2257 -0.0887
vn -0.5675 -0.7399 0.3613
vn 0.1990 -0.6889 0.6970
vn -0.9602 0.2234 0.1678
vn -0.9967 0.0600 -0.0550
vn 0.1929 -0.8809 0.4321
vn -0.5179 -0.8473 0.1179
vn -0.9702 0.0018 -0.2421
vn -0.9992 0.0348 -0.0214
vn -0.2895 0.9289 -0.2312
vn -0.3311 0.8416 -0.4266
vn -0.9842 -0.0719 -0.1619
vn -0.5770 -0.7939 0.1918
vn -0.5495 0.8109 -0.2012
vn -0.4975 0.8121 -0.3049
vn 0.3328 0.9403 -0.0706
vn 0.2653 0.9636 0.0333
vn 0.3641 0.9219 -0.1325
vn -0.5730 0.8182 -0.0477
vn -0.9967 -0.0758 0.0304
vn -0.4593 0.7726 0.4384
vn -0.7619 0.2761 0.5859
vn -0.4339 -0.8630 0.2588
vn -0.4520 -0.7784 0.4357
vn 0.2314 -0.8934 0.3851
vn 0.4116 -0.7734 0.4822
vn 0.3246 -0.6810 0.6564
vn 0.9388 0.1258 0.3206
vn -0.0718 -0.1371 0.9880
vn 0.2929 0.4284 0.8548
vn 0.8055 0.2183 0.5509
vn 0.0076 0.8572 0.5149
vn 0.9402 0.0146 0.3402
vn 0.9855 -0.1694 -0.0043
vn 0.4601 0.8184 -0.3443
vn 0.2300 -0.9530 0.1972
vn 0.9647 -0.2405 -0.1072
vn 0.5091 0.8166 -0.2718
vn 0.9295 -0.1442 0.3395
vn 0.5004 0.8632 0.0669
vn 0.9729 -0.0372 0.2281
vn 0.5697 0.7969 -0.2012
vn 0.5573 0.7856 -0.2687
vn -0.2259 0.8919 -0.3917
vn 0.5414 0.8397 -0.0433
vn -0.1916 0.9735 -0.1250
vn -0.9450 0.3163 0.0829
vn -0.3594 0.8912 -0.2767
vn -0.4671 0.8715 0.1497
vn -0.6224 -0.3249 0.7121
vn 0.9802 -0.0724 -0.1843
vn -0.5500 -0.7446 0.3782
vn 0.2548 -0.9502 0.1797
vn -0.7165 -0.6804 0.1542
vn -0.4903 -0.8508 0.1890
vn -0.4610 -0.8868 -0.0327
vn 0.3525 -0.9338 -0.0622
vn 0.9950 -0.0414 -0.0908
vn 0.5063 0.8605 -0.0576
vn 0.9976 -0.0086 0.0686
vn -0.3184 0.9156 0.2455
vn -0.2987 0.9516 0.0731
vn -0.9626 0.2576 0.0836
vn -0.7220 -0.6319 0.2818
vn -0.9484 0.3040 0.0896
vn -0.6891 -0.6534 0.3133
vn -0.9636 0.2505 0.0933
vn -0.2938 0.9434 -0.1538
vn -0.9495 0.3137 0.0042
vn -0.2785 0.9360 -0.2151
vn -0.9542 0.2970 -0.0372
vn -0.2924 0.9077 -0.3010
vn 0.5551 0.7928 -0.2518
vn -0.6428 -0.7213 0.2579
vn -0.6953 -0.6700 0.2600
vn -0.7212 -0.6513 0.2360
vn -0.9699 0.2261 -0.0907
vn 0.3796 -0.8853 0.2687
vn -0.5282 -0.8049 0.2703
vn 0.3019 -0.9072 0.2932
vn -0.9616 0.1153 0.2489
vn -0.9839 0.1559 -0.0873
vn -0.4452 -0.7738 0.4506
vn 0.3463 -0.9072 0.2390
vn -0.5106 -0.8543 0.0970
vn 0.3214 -0.8374 0.4421
vn -0.9971 -0.0149 0.0751
vn -0.4567 -0.8882 -0.0504
vn 0.4594 -0.8834 0.0928
vn -0.9952 0.0258 -0.0944
vn 0.9655 0.0243 -0.2594
vn 0.9960 0.0564 0.0692
vn 0.9398 -0.0772 0.3330
vn 0.3774 -0.9050 -0.1962
vn 0.9609 0.0699 0.2678
vn 0.3861 0.8910 0.2386
vn 0.4085 0.8772 -0.2521
vn 0.5724 0.8194 -0.0311
vn 0.3086 0.9310 0.1949
vn 0.4251 -0.8734 0.2375
vn 0.9415 0.2504 0.2255
vn -0.5315 -0.8128 0.2386
vn 0.3915 -0.8729 0.2913
vn -0.6073 -0.7452 0.2754
vn -0.6415 -0.7406 0.2001
vn 0.3034 -0.9233 0.2354
vn 0.9845 0.1679 0.0513
vn 0.3062 0.9488 -0.0774
vn 0.3564 0.8825 -0.3070
vn 0.9946 -0.0156 -0.1026
vn 0.2203 -0.9588 0.1793
vn 0.9710 -0.1988 -0.1329
vn 0.5415 0.7297 -0.4175
vn -0.3773 0.8067 -0.4548
vn -0.3309 0.9358 -0.1217
vn 0.9576 -0.2755 0.0839
vn 0.5978 0.7965 -0.0905
vn 0.9268 -0.3504 0.1355
vn 0.5582 0.8232 0.1042
vn -0.3486 0.9371 0.0174
vn -0.2613 0.9562 -0.1321
vn 0.5973 0.8019 -0.0139
vn 0.5621 0.8196 0.1109
vn -0.2733 0.9612 -0.0367
vn -0.9857 0.1521 0.0725
vn -0.9818 0.1338 -0.1351
vn -0.9953 0.0950 0.0207
vn -0.5618 -0.8260 -0.0459
vn -0.6295 -0.7557 0.1804
vn 0.1543 -0.9432 0.2943
vn 0.1433 -0.9890 0.0370
vn -0.4978 -0.8535 0.1540
vn 0.1611 -0.9664 0.2005
vn 0.1878 -0.9220 0.3385
vn -0.5222 -0.7848 0.3336
vn -0.6259 -0.7784 0.0481
vn 0.2021 -0.9731 0.1106
vn -0.9978 0.0499 0.0428
vn -0.9535 0.0764 -0.2915
vn -0.9925 0.0641 -0.1039
vn -0.6777 -0.7284 0.1008
vn -0.4495 0.8463 -0.2859
vn -0.9865 0.1333 0.0947
vn -0.4175 0.9077 -0.0420
vn -0.9499 0.1310 0.2838
vn -0.3825 0.8925 0.2390
vn -0.9344 0.0656 0.3502
vn -0.3986 0.8742 0.2772
vn -0.3610 0.9226 -0.1359
vn -0.3702 0.9112 0.1806
vn -0.3519 0.9355 0.0322
vn 0.5365 0.8322 0.1400
vn -0.3373 0.8768 -0.3427
vn 0.5397 0.7734 -0.3326
vn 0.5893 0.7058 -0.3932
vn -0.3098 0.8780 -0.3649
vn 0.5737 0.7568 -0.3131
vn 0.9772 -0.1973 -0.0791
vn 0.9913 -0.1316 0.0032
vn 0.9718 -0.2239 -0.0741
vn 0.9913 -0.1316 0.0049
vn 0.2741 -0.9210 0.2767
vn 0.2381 -0.9327 0.2709
vn -0.6994 -0.6590 0.2768
vn 0.2173 -0.9343 0.2827
vn 0.9533 -0.2926 0.0751
vn 0.9137 -0.1690 0.3696
vn 0.9405 -0.1302 0.3139
vn 0.9734 -0.1251 0.1918
vn 0.2274 -0.8938 0.3865
vn 0.5911 0.8045 -0.0590
vn 0.1915 -0.9128 0.3608
vn -0.6131 -0.6973 0.3714
vn -0.6531 -0.7272 0.2113
vn 0.2287 -0.8307 0.5077
vn 0.3093 -0.8222 0.4779
vn 0.9434 -0.1366 0.3023
vn -0.5721 -0.7282 0.3773
vn -0.4102 -0.8868 0.2131
vn 0.9866 -0.1215 0.1090
vn 0.3266 -0.9062 0.2684
vn -0.3995 -0.8842 0.2423
vn -0.9939 -0.1006 -0.0458
vn -0.9636 -0.1321 -0.2326
vn 0.4109 -0.8052 0.4275
vn 0.3371 -0.8213 0.4603
vn -0.9919 -0.0459 -0.1184
vn -0.3796 -0.8964 0.2289
vn 0.9010 -0.0226 0.4332
vn 0.3356 -0.8030 0.4925
vn 0.9223 -0.1027 0.3727
vn 0.5205 0.8516 -0.0624
vn 0.4193 0.9062 0.0543
vn 0.4198 0.9076 0.0072
vn 0.8436 0.0819 0.5306
vn 0.3057 0.3166 0.8979
vn 0.0182 -0.5021 0.8646
vn 0.1135 0.8916 0.4384
vn -0.7772 0.1250 0.6167
vn -0.4497 -0.6109 0.6516
vn -0.5025 0.7820 0.3687
vn -0.9894 -0.1285 -0.0675
vn -0.4022 -0.8638 0.3035
vn -0.4777 0.8526 -0.2120
vn -0.4711 0.8517 -0.2294
vn -0.4605 0.8490 -0.2589
vn -0.4353 0.8009 -0.4113
vn 0.4866 0.8033 -0.3433
vn -0.4902 0.8573 -0.1576
vn 0.6018 0.7868 -0.1372
vn 0.9665 -0.2551 0.0270
vn 0.6160 0.7843 -0.0735
vn 0.6119 0.7450 -0.2656
vn -0.3293 0.8651 -0.3783
vn -0.4780 0.8699 -0.1214
vn -0.9884 0.1278 0.0824
vn -0.9932 -0.0938 -0.0693
vn -0.9841 0.1487 -0.0966
vn -0.9713 0.2376 -0.0079
vn -0.2207 0.9554 -0.1961
vn -0.6487 -0.7275 0.2235
vn 0.4492 0.2726 0.8508
vn 0.8025 0.2386 0.5469
vn 0.4399 -0.5014 0.7450
vn 0.6389 -0.6204 0.4549
vn -0.2924 -0.8491 0.4399
vn 0.3257 -0.3101 0.8932
vn -0.3113 -0.7468 0.5877
vn -0.4274 -0.8315 0.3549
vn -0.8712 -0.4208 0.2528
vn -0.7628 -0.5663 0.3120
vn -0.7254 -0.6493 0.2287
vn -0.9809 -0.1940 -0.0099
vn -0.9936 -0.0643 0.0927
vn -0.5790 0.8077 0.1108
vn -0.5881 0.4928 0.6413
vn -0.5356 0.0930 0.8393
vn -0.7338 0.6166 -0.2853
vn -0.9526 0.1456 -0.2672
vn 0.6175 0.3123 0.7219
vn -0.3146 -0.3976 0.8619
vn 0.6015 0.6028 0.5242
vn 0.9012 0.3751 0.2170
vn 0.9445 0.1801 0.2749
vn 0.6002 -0.2766 0.7505
vn 0.7441 0.2974 0.5983
vn -0.1468 0.3125 0.9385
vn 0.3226 0.2682 0.9077
vn 0.2081 -0.5036 0.8385
vn 0.6124 -0.0807 0.7864
vn 0.5530 -0.1063 0.8264
vn 0.0316 -0.6567 0.7535
vn 0.8739 -0.3720 0.3130
vn 0.8176 -0.4250 0.3884
vn 0.9789 -0.1111 0.1716
vn 0.9727 0.0419 0.2283
vn 0.9933 -0.1159 0.0034
vn 0.9214 -0.0789 0.3805
vn 0.5938 -0.7932 0.1354
vn 0.9761 -0.0206 0.2162
vn 0.9396 -0.3361 0.0646
vn 0.9734 -0.0499 0.2236
vn 0.7704 0.5403 0.3385
vn 0.7647 0.4357 0.4748
vn 0.7664 0.3004 0.5678
vn 0.5210 0.6916 0.5002
vn 0.3463 0.7930 0.5012
vn 0.2641 0.9496 0.1688
vn 0.0946 0.8970 0.4318
vn 0.5730 0.7604 0.3057
vn 0.4772 0.8008 0.3621
vn 0.4586 0.8804 0.1205
vn 0.6190 0.7847 -0.0335
vn 0.9209 0.1558 0.3574
vn 0.9878 0.1547 0.0179
vn 0.6231 0.7027 -0.3434
vn 0.8807 0.1773 -0.4393
vn 0.9672 -0.2402 0.0822
vn 0.9647 -0.2406 -0.1074
vn 0.8928 -0.1668 -0.4184
vn 0.9546 -0.2350 -0.1832
vn 0.9343 -0.1524 -0.3224
vn 0.8357 -0.0310 -0.5484
vn 0.7496 0.1652 -0.6410
vn 0.8513 -0.1219 -0.5103
vn 0.5939 0.0430 -0.8034
vn 0.5918 0.2561 -0.7644
vn 0.5674 -0.1875 -0.8018
vn 0.8639 -0.2368 -0.4445
vn 0.1411 -0.1311 -0.9813
vn 0.5539 -0.3462 -0.7572
vn 0.1563 0.0709 -0.9852
vn -0.3106 -0.0289 -0.9501
vn -0.2990 -0.2510 -0.9207
vn 0.0933 -0.3472 -0.9332
vn 0.5354 -0.5770 -0.6168
vn -0.0187 -0.6346 -0.7726
vn -0.4544 -0.4626 -0.7613
vn -0.6100 -0.6866 -0.3957
vn -0.8650 -0.3300 -0.3780
vn -0.6649 -0.2163 -0.7149
vn -0.9698 0.0675 -0.2342
vn -0.7926 -0.0163 -0.6095
vn -0.5419 -0.1273 -0.8307
vn -0.6352 -0.0143 -0.7722
vn -0.8881 -0.0383 -0.4581
vn -0.5932 -0.0378 -0.8041
vn -0.5437 0.0591 -0.8372
vn -0.2182 0.0464 -0.9748
vn 0.2985 0.2871 -0.9102
vn 0.0179 0.3254 -0.9454
vn -0.3456 0.4815 -0.8054
vn 0.4223 0.6089 -0.6715
vn 0.3014 0.6075 -0.7349
vn 0.1046 0.7257 -0.6800
vn -0.9185 0.1314 -0.3729
vn -0.7519 0.5605 -0.3471
vn 0.4487 0.8509 -0.2734
vn -0.1880 0.9372 -0.2937
vn 0.5418 0.8112 -0.2202
vn 0.5043 0.8377 0.2097
vn -0.2120 0.9404 0.2660
vn 0.5278 0.5870 -0.6138
vn -0.0671 0.8422 0.5350
vn -0.8818 0.4213 0.2120
vn -0.9866 0.0553 0.1535
vn -0.7262 0.5675 0.3881
vn -0.9802 0.1808 0.0807
vn -0.6834 0.7268 0.0684
vn 0.0425 0.9380 0.3440
vn -0.6404 0.7353 0.2217
vn -0.9066 0.3730 -0.1975
vn -0.8350 0.5417 -0.0969
vn -0.7074 0.6282 0.3240
vn -0.1564 0.9165 0.3683
vn -0.6761 0.6986 0.2343
vn 0.0713 0.9326 0.3539
vn 0.5573 0.8064 0.1979
vn -0.3847 0.8381 0.3868
vn 0.4432 0.8487 0.2886
vn 0.8758 0.4096 0.2554
vn 0.8276 0.5182 0.2160
vn 0.6130 0.7317 0.2981
vn 0.4860 0.3135 0.8158
vn 0.5733 0.0173 0.8192
vn -0.2431 0.1751 0.9541
vn -0.3042 0.1817 0.9351
vn 0.0671 0.6099 0.7896
vn -0.1177 0.2641 0.9573
vn -0.3474 0.2153 0.9127
vn -0.4524 0.1543 0.8784
vn -0.4689 0.5297 0.7068
vn -0.6159 0.4794 0.6251
vn -0.3681 0.2992 0.8804
vn -0.5648 0.4509 0.6912
vn -0.2438 0.3847 0.8903
vn -0.7372 -0.0547 0.6735
vn -0.1369 0.3942 0.9088
vn -0.2367 0.3934 0.8884
vn -0.2581 -0.0020 0.9661
vn -0.1126 -0.0287 0.9932
vn 0.0561 0.0101 0.9984
vn -0.1100 -0.8995 0.4228
vn 0.5403 -0.6159 0.5733
vn -0.0974 -0.9769 -0.1900
vn -0.5985 -0.6916 0.4044
vn -0.4944 -0.8692 0.0112
vn -0.8271 -0.3524 0.4379
vn -0.7668 0.4662 0.4413
vn -0.7217 0.5860 0.3684
vn -0.7169 0.5492 0.4295
vn -0.6074 0.7036 0.3688
vn -0.5244 0.6398 0.5618
vn -0.2380 0.7248 0.6465
vn -0.6663 0.6850 0.2945
vn 0.0884 0.9913 -0.0974
vn -0.5094 0.6847 0.5212
vn -0.6055 0.7927 0.0702
vn -0.4305 0.8166 0.3845
vn -0.5348 0.8284 0.1664
vn -0.6259 0.7665 -0.1440
vn -0.5552 0.7384 -0.3828
vn -0.6753 0.4992 -0.5430
vn -0.6647 0.4916 -0.5626
vn -0.5821 0.7049 -0.4054
vn -0.6998 0.5911 -0.4010
vn -0.8730 0.3766 -0.3099
vn -0.7337 0.4349 -0.5221
vn -0.8673 0.3331 -0.3698
vn -0.9156 0.3974 0.0605
vn -0.8853 0.4231 -0.1929
vn -0.9672 0.1565 -0.2000
vn -0.9521 0.0602 -0.2999
vn -0.6541 0.6405 -0.4024
vn -0.6668 -0.0321 -0.7445
vn -0.6169 0.2920 -0.7309
vn -0.2733 0.4562 -0.8468
vn 0.0753 0.2314 -0.9699
vn 0.3766 -0.2395 -0.8949
vn 0.4726 0.0338 -0.8806
vn -0.2708 -0.1824 -0.9452
vn -0.2244 -0.1749 -0.9587
vn -0.6646 -0.6858 -0.2967
vn -0.1563 -0.9413 -0.2993
vn -0.9528 -0.2712 -0.1365
vn -0.9712 0.2311 -0.0586
vn -0.9652 0.2604 0.0251
vn -0.9950 0.0965 0.0239
vn 0.4291 -0.8466 -0.3149
vn 0.4511 -0.8808 -0.1438
vn -0.1891 -0.8805 -0.4346
vn 0.8706 -0.4913 -0.0268
vn 0.8270 -0.5621 -0.0045
vn 0.8940 -0.3359 -0.2965
vn 0.9566 -0.2877 0.0476
vn 0.8165 -0.2136 -0.5363
vn 0.9205 -0.3187 -0.2259
vn 0.9625 -0.2487 -0.1083
vn 0.8940 -0.4438 0.0616
vn 0.8656 -0.0579 -0.4974
vn 0.7084 -0.5637 -0.4248
vn 0.1601 -0.4862 -0.8590
vn 0.2018 -0.9446 -0.2590
vn -0.2121 -0.8400 -0.4994
vn -0.6021 -0.7969 0.0493
vn -0.2422 -0.8978 0.3678
vn 0.5809 -0.8124 0.0502
vn 0.5283 -0.7654 0.3675
vn 0.5216 -0.4887 0.6994
vn -0.8976 -0.3980 -0.1897
vn -0.9284 -0.3223 -0.1846
vn -0.9527 -0.2875 -0.0988
vn -0.7670 -0.5740 -0.2870
vn -0.4427 -0.7623 -0.4722
vn 0.9667 -0.2478 -0.0643
vn 0.9751 -0.1540 0.1598
vn 0.3821 0.9238 0.0249
vn -0.6210 0.7017 -0.3491
vn -0.6596 0.7488 -0.0644
vn 0.6596 0.7427 0.1154
vn 0.6210 0.6763 0.3962
vn -0.6982 0.6824 0.2164
vn -0.5883 0.5483 -0.5944
vn -0.7309 0.5126 0.4506
vn -0.7309 -0.5422 0.4146
vn -0.7528 -0.3057 0.5830
vn 0.5883 -0.5483 0.5944
vn 0.6210 -0.7017 0.3492
vn -0.5883 -0.5064 -0.6304
vn -0.6982 -0.6956 0.1693
vn -0.7528 0.2651 0.6025
vn -0.7604 -0.0222 0.6490
vn 0.5664 -0.3118 0.7629
vn 0.5664 0.2590 0.7824
vn 0.5588 -0.0283 0.8288
vn 0.5883 0.5064 0.6304
vn 0.7528 -0.2651 -0.6025
vn 0.7528 0.3057 -0.5830
vn 0.6982 0.6956 -0.1693
vn 0.7309 0.5421 -0.4146
vn -0.5665 0.3118 -0.7628
vn -0.5587 0.0283 -0.8289
vn -0.5664 -0.2590 -0.7823
vn 0.7604 0.0222 -0.6490
vn 0.7309 -0.5126 -0.4506
vn -0.6210 -0.6762 -0.3962
vn 0.6982 -0.6824 -0.2164
vn -0.6596 -0.7427 -0.1154
vn 0.6596 -0.7488 0.0644
vn -0.1458 -0.6651 0.7324
vn 0.4500 -0.5782 0.6806
vn 0.1938 -0.8983 0.3943
vn -0.1464 -0.6558 0.7406
vn 0.0487 -0.7525 -0.6568
vn 0.5095 -0.7061 0.4917
vn -0.7072 -0.6321 0.3167
vn 0.7547 -0.5202 0.3997
vn -0.5306 -0.5797 -0.6184
vn -0.5143 0.2423 -0.8227
vn 0.1531 0.2652 -0.9520
vn 0.7496 0.1654 -0.6408
vn 0.6102 -0.6491 -0.4542
vn -0.4020 -0.8621 0.3086
vn -0.7072 -0.6322 0.3167
vn -0.8928 -0.4201 0.1626
vn -0.6884 -0.5090 0.5167
vn -0.7546 -0.1363 0.6418
vn -0.8647 -0.0913 0.4939
vn -0.1520 -0.2201 0.9636
vn -0.1250 -0.8515 0.5092
vn -0.4436 -0.2204 0.8687
vn 0.5222 -0.2139 0.8255
vn 0.5534 0.2359 0.7988
vn -0.1114 0.3600 0.9263
vn -0.6899 -0.4998 0.5236
vn 0.8395 -0.2689 -0.4721
vn 0.6058 0.6823 0.4092
vn -0.6083 0.6815 0.4068
vn 0.1068 0.9310 -0.3489
vn -0.4509 0.5702 -0.6867
vn -0.6109 0.7563 0.2342
vn -0.6988 -0.1754 -0.6934
vn 0.1464 0.6558 -0.7406
vn -0.1522 0.2566 -0.9545
vn 0.8742 0.1152 -0.4717
vn 0.1464 0.6559 -0.7406
vn -0.6863 0.2101 -0.6963
vn 0.4436 0.2203 -0.8687
vn -0.6988 -0.1754 -0.6935
vn -0.7234 0.3136 0.6151
vn 0.1522 -0.2566 0.9545
vn 0.6739 -0.1848 0.7153
vn 0.4506 -0.5692 0.6878
vn -0.1465 -0.6545 0.7417
vn 0.5459 0.6113 0.5729
vn 0.6900 0.5008 -0.5226
vn 0.8225 -0.5574 -0.1128
vn -0.5306 -0.5797 -0.6183
vn -0.8179 -0.4576 -0.3489
vn -0.8179 -0.4576 -0.3488
vn 0.8226 -0.5574 -0.1128
vn -0.5307 -0.5797 -0.6183
vn -0.6535 0.6956 -0.2984
vn -0.6511 0.7534 -0.0922
vn 0.6589 0.7473 0.0864
vn 0.6245 0.6791 0.3858
vn 0.9101 -0.2875 -0.2984
vn 0.7159 0.6892 -0.1117
vn -0.8051 -0.2721 -0.5271
vn -0.4208 -0.0059 -0.9071
vn 0.9185 0.3074 -0.2486
vn 0.5934 0.5107 0.6222
vn 0.5724 0.2635 0.7765
vn 0.6439 -0.0131 -0.7650
vn 0.5649 -0.0249 0.8248
vn 0.5927 -0.5475 0.5907
vn 0.6237 -0.7016 0.3447
vn 0.5720 -0.3098 0.7595
vn 0.7151 -0.6822 -0.1525
vn 0.7210 -0.6382 -0.2698
vn 0.6580 -0.7519 0.0418
vn 0.6457 0.1862 -0.7406
vn -0.4249 0.1894 -0.8852
vn -0.8204 0.3077 -0.4819
vn -0.6544 -0.6758 -0.3392
vn -0.6285 -0.6317 -0.4539
vn -0.6520 -0.7458 -0.1368
vn -0.6996 -0.6954 0.1643
vn -0.7342 -0.5413 0.4098
vn -0.7572 -0.3036 0.5783
vn -0.7652 -0.0187 0.6435
vn -0.7569 0.2696 0.5953
vn -0.7335 0.5169 0.4413
vn -0.6988 0.6852 0.2054
vn -0.8035 -0.5843 -0.1139
vn -0.0001 -0.1031 -0.9947
vn 0.2076 -0.6667 -0.7158
vn -0.5702 0.5994 -0.5618
vn 0.2364 0.9556 -0.1759
vn -0.5498 -0.7222 -0.4198
vn 0.9264 -0.3582 -0.1159
vn -0.8446 0.0818 0.5292
vn 0.7767 -0.1176 -0.6188
vn 0.5794 0.7330 -0.3564
vn -0.4536 0.8062 0.3798
vn -0.6753 0.4558 0.5798
vn 0.0667 0.9376 -0.3412
vn 0.9343 -0.3399 -0.1073
vn -0.8895 0.0760 0.4506
vn 0.7403 0.4314 -0.5155
vn 0.5668 0.4862 0.6651
vn 0.3680 -0.0961 0.9248
vn 0.4878 -0.3842 0.7839
vn -0.2922 0.7565 0.5851
vn 0.6215 -0.0233 0.7830
vn -0.7148 -0.3989 0.5744
vn 0.1202 -0.7441 0.6571
vn 0.2953 -0.7995 -0.5231
vn -0.9143 -0.3987 0.0711
vn -0.6590 0.7494 -0.0646
vn 0.0549 0.6929 -0.7190
vn -0.5614 -0.3708 -0.7398
vn 0.4901 0.1030 -0.8656
vn -0.0272 0.7616 0.6475
vn 0.3319 0.8252 0.4570
vn -0.7142 0.1707 0.6788
vn -0.6913 0.0417 0.7213
vn -0.1682 0.9336 0.3164
vn 0.8219 0.4238 -0.3806
vn 0.7915 0.5500 0.2667
vn 0.9133 -0.3942 -0.1026
vn 0.2958 -0.3266 0.8977
vn 0.9547 -0.2202 -0.2004
vn -0.4088 -0.4549 -0.7912
vn 0.4206 -0.5128 -0.7484
vn 0.1088 -0.9069 0.4071
vn 0.5435 -0.2330 0.8064
vn -0.9424 -0.1375 0.3049
vn -0.7412 -0.5723 0.3508
vn 0.4510 -0.5823 0.6764
vn 0.4726 0.2803 0.8355
vn -0.3806 0.5410 0.7500
vn -0.8329 -0.5289 -0.1629
vn -0.7622 0.6427 0.0773
vn -0.0280 0.8561 -0.5161
vn -0.5316 -0.0717 -0.8440
vn 0.4416 0.6089 -0.6590
vn -0.1488 0.5598 0.8151
vn 0.2721 0.4607 0.8448
vn -0.7064 -0.2744 0.6525
vn -0.8052 -0.5373 0.2510
vn -0.2549 0.4879 0.8348
vn 0.9991 0.0428 0.0051
vn 0.7555 0.6468 0.1043
vn 0.3289 -0.9070 0.2630
vn 0.9974 0.0716 -0.0054
vn -0.2008 0.2984 -0.9331
vn 0.6050 0.3696 -0.7053
vn 0.5055 -0.7659 0.3973
vn -0.8746 -0.4617 -0.1476
vn -0.5916 -0.6520 -0.4741
vn 0.3066 -0.8256 -0.4736
vn 0.5210 -0.8534 0.0180
vn 0.2964 -0.5254 0.7975
vn -0.5846 -0.3704 0.7218
vn 0.5690 0.5732 0.5896
vn -0.7521 -0.6100 -0.2495
vn -0.8404 0.5337 0.0937
vn -0.1218 0.8835 -0.4524
vn -0.5162 -0.0254 -0.8561
vn 0.3521 0.7599 -0.5465
vn -0.2391 0.4740 0.8474
vn 0.2028 0.3601 0.9106
vn -0.6651 -0.4429 0.6012
vn -0.7492 -0.6622 0.0083
vn -0.3621 0.1776 0.9151
vn 0.9761 0.1826 0.1180
vn 0.6546 0.7140 0.2484
vn 0.4740 -0.8756 -0.0929
vn 0.9750 0.1939 0.1088
vn -0.2153 0.5316 -0.8192
vn 0.5580 0.6662 -0.4949
vn 0.6215 -0.7736 0.1234
vn -0.7456 -0.5540 -0.3703
vn -0.4451 -0.4988 -0.7437
vn 0.4627 -0.5250 -0.7143
vn 0.6566 -0.7091 -0.2571
vn 0.3553 -0.7392 0.5722
vn -0.5418 -0.6993 0.4663
vn 0.4482 0.4244 0.7868
vn -0.6505 -0.7012 -0.2917
vn -0.9113 0.4077 0.0570
vn -0.2268 0.8617 -0.4539
vn -0.4823 -0.0665 -0.8735
vn 0.2544 0.8246 -0.5052
vn -0.3394 0.4286 0.8373
vn 0.1235 0.3522 0.9278
vn -0.6138 -0.5462 0.5700
vn -0.6656 -0.7422 -0.0784
vn -0.4066 0.0505 0.9122
vn 0.9391 0.2951 0.1762
vn 0.5436 0.7824 0.3039
vn 0.5896 -0.7883 -0.1758
vn 0.9387 0.3007 0.1687
vn -0.2564 0.5714 -0.7796
vn 0.4805 0.7763 -0.4079
vn 0.7146 -0.6967 0.0627
vn -0.6427 -0.6183 -0.4523
vn -0.3548 -0.4638 -0.8118
vn 0.5458 -0.3790 -0.7474
vn 0.7489 -0.5869 -0.3078
vn 0.3686 0.3983 0.8400
vn 0.4331 -0.7478 0.5032
vn -0.4593 -0.8101 0.3644
vn -0.5379 -0.7878 -0.3000
vn -0.9506 0.3103 0.0031
vn -0.2950 0.8148 -0.4990
vn -0.4323 -0.1495 -0.8893
vn 0.1696 0.8395 -0.5162
vn -0.4193 0.4157 0.8071
vn 0.0425 0.3728 0.9269
vn -0.5607 -0.6119 0.5579
vn -0.5566 -0.8228 -0.1154
vn -0.4471 -0.0199 0.8943
vn 0.8782 0.4231 0.2230
vn 0.4158 0.8530 0.3155
vn 0.7031 -0.6904 -0.1706
vn 0.8789 0.4252 0.2162
vn -0.2997 0.5424 -0.7848
vn 0.3829 0.8439 -0.3757
vn 0.8015 -0.5930 0.0770
vn -0.5231 -0.6987 -0.4880
vn -0.2560 -0.4851 -0.8361
vn 0.6208 -0.2802 -0.7322
vn 0.8336 -0.4699 -0.2904
vn 0.5129 -0.6946 0.5044
vn -0.3572 -0.8749 0.3269
vn 0.2753 0.4285 0.8606
vn -0.5073 -0.8155 -0.2787
vn -0.9557 0.2928 -0.0285
vn -0.3000 0.7869 -0.5393
vn -0.4031 -0.2125 -0.8902
vn 0.1510 0.8218 -0.5494
vn -0.4450 0.4379 0.7812
vn -0.3302 0.4706 -0.8183
vn 0.8168 0.5268 0.2352
vn -0.4177 -0.7661 -0.4885
vn 0.3579 0.8868 0.2926
vn 0.0062 0.4067 0.9135
vn -0.5492 -0.6169 0.5638
vn -0.4640 -0.8790 -0.1097
vn -0.4913 -0.0545 0.8693
vn 0.8133 0.5239 0.2529
vn 0.1743 0.4833 0.8579
vn 0.5765 -0.6059 0.5482
vn 0.7802 -0.6123 -0.1278
vn 0.9036 -0.3570 -0.2365
vn -0.2505 -0.9087 0.3339
vn 0.8706 -0.4742 0.1313
vn -0.1432 -0.5338 -0.8334
vn 0.6899 -0.2078 -0.6934
vn 0.2898 0.8762 -0.3852
vn -0.5108 -0.8208 -0.2558
vn -0.9492 0.3108 -0.0486
vn -0.2787 0.7723 -0.5709
vn -0.3920 -0.2461 -0.8864
vn 0.1663 0.7981 -0.5791
vn -0.4437 0.4724 0.7616
vn -0.3242 0.4256 -0.8449
vn 0.8011 0.5535 0.2278
vn -0.3915 -0.7935 -0.4659
vn 0.3522 0.8977 0.2648
vn -0.0017 0.4363 0.8998
vn -0.5603 -0.5957 0.5755
vn -0.4432 -0.8927 -0.0820
vn -0.5116 -0.0319 0.8587
vn 0.7972 0.5501 0.2489
vn 0.1421 0.5235 0.8401
vn 0.9203 -0.3376 -0.1978
vn 0.7939 -0.6018 -0.0862
vn 0.5808 -0.5628 0.5882
vn -0.2303 -0.9013 0.3668
vn 0.8816 -0.4395 0.1719
vn -0.1046 -0.5738 -0.8123
vn 0.7137 -0.2150 -0.6666
vn 0.2772 0.8661 -0.4159
vn -0.5711 -0.7885 -0.2284
vn -0.9101 0.4106 -0.0558
vn -0.1971 0.7756 -0.5997
vn -0.4098 -0.2556 -0.8756
vn 0.2261 0.7592 -0.6103
vn -0.3837 0.5398 0.7493
vn 0.0344 0.4565 0.8890
vn -0.5994 -0.5411 0.5899
vn -0.4612 -0.8856 -0.0545
vn -0.5247 0.0023 0.8513
vn 0.8044 0.5431 0.2408
vn 0.3987 0.8862 0.2359
vn 0.7819 -0.6207 -0.0580
vn 0.8094 0.5466 0.2146
vn -0.3122 0.3959 -0.8636
vn 0.2908 0.8481 -0.4428
vn 0.8770 -0.4374 0.1990
vn -0.4028 -0.8011 -0.4428
vn -0.0969 -0.6022 -0.7925
vn 0.7213 -0.2423 -0.6489
vn 0.9209 -0.3493 -0.1728
vn 0.5698 -0.5443 0.6157
vn -0.2399 -0.8865 0.3957
vn 0.1372 0.5515 0.8228
vn -0.8518 -0.4957 -0.1696
vn -0.4034 0.9147 -0.0234
vn 0.2589 0.6931 -0.6727
vn -0.5453 -0.1296 -0.8282
vn 0.4903 0.5056 -0.7099
vn 0.0874 0.6436 0.7603
vn -0.2928 0.3823 -0.8764
vn 0.8685 0.4599 0.1848
vn -0.4969 -0.7611 -0.4169
vn 0.6268 0.7536 0.1981
vn 0.2469 0.3148 0.9165
vn -0.7431 -0.2769 0.6092
vn -0.5675 -0.8231 -0.0214
vn -0.5338 0.0758 0.8422
vn -0.2983 -0.8547 0.4249
vn 0.1820 0.5666 0.8036
vn 0.8577 0.4591 0.2316
vn 0.5321 -0.5599 0.6352
vn 0.7049 -0.7078 -0.0477
vn 0.8955 -0.4161 -0.1579
vn 0.8462 -0.4878 0.2145
vn -0.1364 -0.6211 -0.7718
vn 0.7033 -0.3120 -0.6387
vn 0.3557 0.8070 -0.4715
vn -0.8008 0.5965 -0.0543
vn 0.3789 0.9251 -0.0248
vn 0.6739 0.2847 -0.6817
vn -0.4987 0.4222 -0.7570
vn 0.6963 -0.0461 -0.7162
vn 0.6219 0.3418 0.7045
vn 0.5870 -0.0476 0.8082
vn -0.5634 0.4563 0.6887
vn -0.9566 -0.2878 0.0450
vn -0.4429 0.4043 0.8003
vn 0.9574 -0.1246 0.2606
vn 0.9679 -0.2389 0.0779
vn 0.1297 -0.9876 -0.0881
vn 0.9494 -0.2815 0.1393
vn 0.6462 0.1699 -0.7440
vn 0.5352 -0.5446 -0.6458
vn 0.6534 -0.7300 0.2005
vn -0.8827 -0.2987 -0.3628
vn -0.3613 -0.5668 -0.7404
vn -0.3332 0.4299 -0.8391
vn 0.7020 -0.6939 -0.1602
vn 0.3451 -0.6835 0.6433
vn -0.5429 -0.6974 0.4680
vn 0.4425 0.4613 0.7690
vn -0.6878 0.6360 0.3498
vn -0.9314 0.2502 0.2643
vn -0.7513 0.2147 0.6240
vn -0.5796 0.4829 0.6564
vn -0.7947 -0.1051 0.5978
vn -0.9748 -0.1840 0.1259
vn -0.6972 -0.4221 0.5794
vn -0.4685 -0.6746 0.5704
vn 0.0090 0.6943 0.7196
vn 0.3255 0.5953 0.7346
vn 0.6801 -0.3006 0.6687
vn 0.1570 0.9384 0.3079
vn -0.3106 0.6532 0.6906
vn -0.2956 0.8827 0.3654
vn 0.5718 0.7990 0.1860
vn 0.6121 0.7433 0.2698
vn 0.2945 0.7414 0.6030
vn 0.6948 0.6462 0.3158
vn 0.5074 0.4980 0.7033
vn -0.0807 0.5849 0.8071
vn 0.2190 0.2415 0.9454
vn -0.4409 0.3097 0.8424
vn 0.6504 0.3292 0.6845
vn 0.4049 0.0296 0.9139
vn -0.1164 -0.0638 0.9911
vn -0.4305 -0.3520 0.8311
vn -0.2657 -0.5254 0.8083
vn 0.0771 -0.2761 0.9580
vn -0.5539 -0.6682 0.4968
vn 0.1671 -0.3941 0.9038
vn -0.2223 -0.5886 0.7772
vn -0.6556 -0.5662 0.4996
vn -0.5692 -0.6524 0.5004
vn -0.7304 -0.6774 0.0880
vn -0.7150 -0.0279 0.6986
vn -0.8418 -0.3579 0.4041
vn -0.7403 -0.6690 0.0664
vn -0.7899 -0.6129 0.0212
vn -0.6684 -0.6423 -0.3750
vn -0.7621 -0.5533 -0.3362
vn -0.8179 -0.5741 -0.0382
vn -0.5676 -0.7449 -0.3506
vn -0.5026 -0.8410 -0.2003
vn -0.2322 -0.7410 -0.6301
vn -0.4654 -0.4928 -0.7352
vn -0.6450 -0.3218 -0.6931
vn -0.4030 -0.0285 -0.9148
vn -0.1780 -0.2531 -0.9509
vn -0.0832 0.2701 -0.9592
vn -0.1976 0.3872 -0.9006
vn -0.5441 0.1244 -0.8298
vn -0.7844 -0.1574 -0.5999
vn -0.7034 0.3138 -0.6378
vn -0.3311 0.4920 -0.8052
vn -0.3060 0.7044 -0.6405
vn 0.1147 0.5939 -0.7963
vn 0.0953 0.6369 -0.7651
vn 0.1874 0.5825 -0.7910
vn 0.5329 0.5965 -0.6001
vn 0.4802 0.4593 -0.7473
vn 0.5308 0.6716 -0.5169
vn 0.8291 0.4869 -0.2749
vn 0.7882 0.1840 -0.5873
vn 0.7626 0.6325 -0.1355
vn 0.9570 0.2704 0.1052
vn 0.9404 -0.1690 -0.2950
vn 0.8947 -0.0142 0.4464
vn 0.7518 0.2040 0.6271
vn 0.8403 0.4668 0.2758
vn 0.7244 0.6803 -0.1114
vn 0.7641 0.5615 0.3176
vn 0.5414 0.6636 -0.5162
vn 0.7452 0.6536 -0.1319
vn 0.6504 0.5289 -0.5452
vn 0.8042 0.5839 -0.1112
vn 0.8414 0.3036 -0.4472
vn 0.8620 0.5065 0.0194
vn 0.7073 0.0460 0.7054
vn 0.9789 0.1268 -0.1600
vn 0.5775 0.3664 0.7295
vn 0.9107 -0.2710 -0.3118
vn 0.7272 -0.0314 -0.6857
vn 0.4810 -0.3535 -0.8023
vn 0.1399 0.0300 -0.9897
vn 0.4337 0.3064 -0.8474
vn 0.2532 0.5168 -0.8178
vn 0.1414 -0.6039 -0.7844
vn 0.3182 -0.8564 -0.4066
vn -0.0987 -0.9377 -0.3330
vn 0.6756 -0.6191 -0.4003
vn 0.4983 -0.5968 0.6289
vn 0.2009 -0.7779 0.5955
vn -0.1472 -0.8046 0.5752
vn 0.5146 -0.1069 0.8507
vn 0.6513 -0.3055 0.6946
vn 0.8625 -0.5010 0.0713
vn 0.5843 -0.6937 0.4211
vn 0.2663 -0.5253 0.8082
vn 0.2106 -0.7158 0.6658
vn -0.1782 -0.6168 0.7667
vn -0.5784 -0.5652 0.5882
vn -0.1812 -0.6020 0.7777
vn -0.8014 -0.5834 0.1317
vn -0.5411 -0.3863 0.7470
vn -0.8612 -0.4000 0.3136
vn -0.8760 -0.4080 -0.2573
vn -0.9854 -0.1697 -0.0126
vn -0.9325 0.0831 -0.3514
vn -0.8130 -0.1024 0.5732
vn -0.9371 0.2005 0.2856
vn -0.8814 0.4684 -0.0608
vn -0.6918 0.5032 0.5180
vn -0.6333 0.7470 0.2023
vn 0.4359 0.7725 0.4617
vn 0.5243 0.8442 0.1115
vn -0.4623 0.8755 -0.1408
vn -0.6554 0.6464 -0.3907
vn 0.6370 0.7372 -0.2252
vn -0.1920 0.8580 -0.4765
vn 0.1347 0.6568 -0.7419
vn 0.7520 0.4749 -0.4571
vn 0.4271 0.2887 -0.8569
vn 0.8342 0.1428 -0.5326
vn 0.7183 -0.6825 0.1352
vn 0.8433 -0.4136 -0.3431
vn 0.5939 -0.1344 -0.7932
vn 0.8623 -0.1643 -0.4790
vn 0.6198 -0.5182 -0.5893
vn 0.5301 -0.8052 -0.2659
vn 0.7935 -0.5929 -0.1370
vn 0.3556 -0.9252 0.1328
vn 0.6226 -0.6507 0.4347
vn 0.1187 -0.8544 0.5060
vn 0.5132 -0.4746 0.7151
vn -0.1674 -0.6011 0.7815
vn 0.4204 -0.1652 0.8922
vn 0.3744 0.2051 0.9043
vn -0.4402 -0.2255 0.8692
vn -0.6268 0.1671 0.7610
vn 0.3824 0.5429 0.7477
vn -0.8268 -0.5404 -0.1562
vn -0.7683 -0.6186 0.1645
vn -0.6830 -0.5510 0.4795
vn -0.1909 -0.9813 -0.0248
vn -0.2064 -0.8833 0.4210
vn -0.4458 -0.8359 0.3202
vn -0.1679 -0.6030 0.7799
vn -0.5784 -0.5237 0.6255
vn -0.2176 -0.9747 -0.0508
vn -0.6055 -0.7928 0.0697
vn -0.8786 -0.4435 0.1769
vn -0.2128 -0.9759 -0.0475
vn -0.2355 -0.9678 -0.0894
vn -0.6405 -0.7493 -0.1682
vn -0.8998 -0.3774 -0.2187
vn -0.5606 -0.7611 -0.3263
vn -0.7834 -0.3968 -0.4784
vn -0.9673 0.0076 0.2533
vn -0.9726 0.0551 -0.2259
vn -0.8451 0.0484 -0.5324
vn -0.8619 0.4714 -0.1867
vn -0.7363 0.4824 -0.4745
vn -0.8426 0.4631 0.2748
vn -0.5810 0.8068 -0.1076
vn -0.4773 0.8197 -0.3166
vn -0.1680 0.9858 -0.0080
vn -0.5368 0.8097 0.2372
vn -0.2756 0.7307 0.6246
vn -0.0163 0.9476 0.3189
vn -0.1236 0.9801 0.1554
vn 0.2517 0.9667 -0.0470
vn 0.2123 0.9757 -0.0534
vn 0.1597 0.9054 0.3935
vn 0.2239 0.8483 -0.4799
vn 0.3079 0.9505 0.0429
vn 0.4802 0.7903 -0.3805
vn -0.5772 0.7981 -0.1730
vn -0.6731 0.6017 -0.4300
vn 0.1895 0.5633 -0.8042
vn 0.1217 0.1806 -0.9760
vn -0.7611 0.3070 -0.5713
vn 0.6258 0.4677 -0.6242
vn 0.0373 -0.2332 -0.9717
vn 0.5494 -0.3469 -0.7601
vn 0.6527 0.0640 -0.7549
vn 0.8936 0.3969 -0.2095
vn 0.9565 -0.0183 -0.2910
vn 0.8477 -0.4324 -0.3074
vn 0.9796 -0.0557 0.1932
vn 0.9116 0.3629 0.1932
vn 0.7989 0.3745 0.4707
vn 0.8734 -0.4614 0.1559
vn 0.8571 -0.0532 0.5123
vn 0.7529 -0.4705 0.4602
vn 0.5855 -0.7685 -0.2579
vn 0.6074 -0.7895 0.0880
vn 0.5050 -0.8005 0.3227
vn 0.2121 -0.9637 -0.1625
vn 0.2156 -0.9765 0.0012
vn 0.1582 -0.9800 0.1210
vn -0.2226 -0.9686 -0.1106
vn 0.0700 -0.9733 0.2186
vn -0.2019 -0.9704 -0.1322
vn -0.0515 -0.9673 0.2485
vn -0.2623 -0.9545 -0.1416
vn -0.4362 -0.7732 -0.4603
vn -0.4214 -0.7550 -0.5024
vn -0.5826 -0.4164 -0.6980
vn -0.4985 -0.4092 -0.7642
vn -0.6088 0.0284 -0.7928
vn -0.4787 0.0156 -0.8778
vn -0.3651 0.4392 -0.8209
vn -0.5084 0.4683 -0.7227
vn -0.1787 0.7789 -0.6011
vn -0.2262 0.7897 -0.5703
vn -0.4884 0.4788 -0.7295
vn -0.6583 0.0773 -0.7488
vn -0.8620 0.1793 -0.4742
vn -0.6569 0.5566 -0.5085
vn -0.9433 0.3244 -0.0699
vn -0.7181 0.6658 -0.2025
vn -0.3232 0.8344 -0.4465
vn -0.3542 0.8862 -0.2986
vn 0.0792 0.9508 -0.2996
vn 0.0863 0.9491 -0.3028
vn -0.3123 0.9337 -0.1752
vn 0.0823 0.9213 -0.3800
vn 0.0861 0.9378 -0.3365
vn -0.2852 0.9453 -0.1586
vn 0.0659 0.8997 -0.4316
vn 0.4640 0.7239 -0.5105
vn -0.4468 0.8611 0.2424
vn -0.1140 0.9928 0.0359
vn -0.5781 0.8029 0.1452
vn -0.7429 0.5430 0.3915
vn -0.7558 0.5030 0.4192
vn -0.6425 0.7638 0.0621
vn -0.7852 0.1055 0.6101
vn -0.8470 0.4483 0.2858
vn -0.8705 0.0790 0.4858
vn -0.2899 -0.9488 0.1253
vn -0.5458 -0.8271 0.1342
vn -0.7764 -0.3643 0.5144
vn -0.6615 -0.3125 0.6818
vn 0.1108 -0.9869 0.1175
vn -0.7847 -0.5065 0.3574
vn -0.0844 -0.9786 0.1877
vn 0.5558 -0.8313 -0.0050
vn 0.6558 -0.0532 0.7531
vn 0.5962 -0.7860 -0.1634
vn -0.7262 -0.1913 0.6603
vn 0.2617 -0.9615 0.0835
vn -0.0145 -0.9817 0.1898
vn -0.1128 -0.9454 0.3056
vn -0.0734 -0.8970 0.4359
vn -0.4877 -0.7600 0.4296
vn 0.2771 -0.9465 0.1654
vn -0.4080 -0.6702 0.6199
vn -0.4906 -0.7021 0.5161
vn -0.1215 -0.9101 0.3962
vn -0.5689 -0.7694 0.2906
vn -0.1590 -0.9311 0.3283
vn 0.2748 -0.9411 0.1972
vn 0.6196 -0.7837 -0.0432
vn 0.2894 -0.9091 0.2998
vn 0.2726 -0.8561 0.4392
vn 0.6823 -0.7018 0.2047
vn 0.6377 -0.5940 0.4904
vn 0.8407 -0.4654 -0.2769
vn 0.9349 -0.3490 0.0643
vn 0.8715 -0.2127 0.4418
vn 0.8893 -0.0492 -0.4546
vn 0.9929 0.0792 -0.0887
vn 0.9271 0.2161 0.3062
vn 0.8426 0.4910 -0.2211
vn 0.7539 0.3771 -0.5380
vn 0.5163 0.7989 -0.3086
vn 0.7900 0.6029 0.1119
vn 0.4881 0.8665 -0.1043
vn 0.3719 0.9277 0.0326
vn 0.5953 0.7166 0.3634
vn 0.2574 0.9565 0.1373
vn 0.6981 0.3514 0.6238
vn 0.4178 0.7549 0.5055
vn -0.0350 0.9829 -0.1810
vn 0.0439 0.9649 -0.2589
vn 0.2370 0.9560 0.1730
vn -0.3024 0.8100 -0.5025
vn -0.1196 0.9883 -0.0951
vn 0.2613 0.9551 0.1400
vn 0.4584 0.7420 0.4892
vn 0.2867 0.9542 0.0858
vn 0.6714 0.7246 0.1558
vn 0.5879 0.7339 0.3403
vn 0.6671 0.7398 -0.0870
vn 0.5890 0.3881 0.7088
vn 0.4939 0.4026 0.7707
vn 0.4716 -0.0291 0.8813
vn 0.6083 -0.0365 0.7929
vn 0.5147 -0.4539 0.7273
vn 0.3558 -0.4539 0.8169
vn 0.6517 -0.0921 0.7528
vn 0.3244 -0.7876 0.5238
vn 0.1692 -0.7888 0.5909
vn 0.4681 -0.5121 0.7201
vn 0.1930 -0.8194 0.5398
vn -0.1159 -0.9595 0.2569
vn -0.1483 -0.9447 0.2926
vn -0.4012 -0.9132 -0.0712
vn -0.5292 -0.8447 0.0805
vn -0.7956 -0.5872 -0.1487
vn -0.6104 -0.6925 -0.3845
vn -0.7022 -0.3396 -0.6258
vn -0.9106 -0.2251 -0.3466
vn -0.9945 -0.0750 0.0725
vn -0.7632 -0.3605 0.5363
vn -0.8896 0.0485 0.4542
vn -0.8634 -0.4633 0.1996
vn 0.4046 0.6739 -0.6182
vn 0.6621 0.3136 -0.6806
vn 0.2368 0.9564 -0.1708
vn 0.5562 0.7613 -0.3334
vn -0.0694 0.0332 0.9970
vn 0.3241 0.0225 0.9458
vn -0.4558 -0.0343 0.8894
vn 0.7957 0.4309 -0.4256
vn 0.8655 -0.1890 0.4640
vn 0.9012 0.0080 -0.4334
vn 0.7870 -0.1084 -0.6073
vn 0.8310 -0.4340 -0.3479
vn 0.7551 -0.5086 -0.4136
vn 0.8982 -0.4135 0.1490
vn 0.5730 -0.8078 -0.1379
vn 0.0629 -0.9174 -0.3930
vn 0.3373 -0.6930 -0.6371
vn -0.1315 -0.8793 -0.4577
vn -0.0505 -0.6098 -0.7910
vn -0.8467 -0.3289 -0.4182
vn -0.8234 -0.0260 -0.5669
vn -0.4925 0.8579 0.1464
vn -0.4185 0.5576 0.7169
vn -0.4361 0.7711 0.4638
vn -0.5029 -0.0638 0.8620
vn -0.4424 0.2602 0.8582
vn -0.0024 0.2475 0.9689
vn 0.0842 0.6432 0.7611
vn -0.5927 -0.0964 0.7996
vn -0.4821 0.3593 0.7991
vn -0.0921 -0.1994 0.9756
vn -0.5887 -0.3525 0.7275
vn 0.6976 0.3699 0.6137
vn -0.3643 0.5848 0.7247
vn 0.5280 -0.5117 0.6777
vn 0.7959 0.4748 -0.3756
vn -0.3681 0.8373 -0.4042
vn -0.4258 0.6983 0.5753
vn 0.0390 0.3401 -0.9396
vn 0.5852 0.5906 0.5556
vn -0.2556 -0.5165 0.8173
vn -0.3650 0.3376 -0.8677
vn -0.4472 0.3629 0.8175
vn 0.5900 0.7046 0.3944
vn 0.1962 0.8408 -0.5046
vn -0.6413 -0.6962 -0.3226
vn -0.8822 0.4646 -0.0769
vn 0.4987 -0.6892 -0.5256
vn 0.1015 0.9314 0.3496
vn 0.1292 0.9447 0.3013
vn -0.0724 0.2555 -0.9641
vn 0.1050 0.3626 -0.9260
vn -0.1785 -0.9600 -0.2159
vn -0.1876 0.1941 -0.9629
vn -0.0967 -0.9723 -0.2128
vn 0.0791 0.9713 0.2244
vn 0.2034 -0.2546 0.9454
vn 0.1051 -0.2528 0.9618
vn -0.0372 -0.3259 0.9447
vn -0.1022 -0.9254 -0.3650
vn -0.0304 -0.2881 0.9571
vn -0.0717 0.9427 0.3259
vn 0.0731 -0.9317 -0.3559
vn 0.0564 -0.2421 0.9686
vn -0.3599 0.8870 0.2893
vn 0.0230 0.3929 -0.9193
vn -0.6083 0.6922 0.3884
vn -0.0552 0.3867 -0.9205
vn -0.4594 0.3628 -0.8108
vn 0.3017 -0.8889 -0.3446
vn 0.5000 -0.5723 -0.6500
vn -0.6746 -0.1608 -0.7205
vn 0.7148 -0.2706 -0.6448
vn 0.5523 0.1199 0.8249
vn 0.3107 -0.2787 0.9087
vn -0.8339 -0.0000 0.5520
vn -0.5617 -0.5993 -0.5704
vn 0.6726 -0.0553 -0.7379
vn -0.8115 0.3102 0.4953
vn -0.3040 -0.7772 -0.5510
vn 0.6945 0.2498 -0.6747
vn 0.5210 0.5120 0.6829
vn 0.2220 0.6839 0.6950
vn 0.5107 0.3964 -0.7629
vn 0.1608 0.7819 0.6022
vn -0.5159 -0.4195 0.7469
vn -0.7603 -0.2771 0.5875
vn -0.2127 -0.8240 -0.5252
vn -0.1540 -0.8510 -0.5021
vn 0.2984 0.4830 -0.8232
vn -0.7122 0.5457 -0.4416
vn 0.1209 0.7953 0.5940
vn -0.6640 0.7070 0.2433
vn -0.2999 -0.5011 0.8117
vn -0.8293 -0.5375 -0.1526
vn -0.7845 -0.4378 0.4391
vn -0.4990 -0.4245 0.7555
vn -0.6099 -0.6745 -0.4160
vn -0.4572 0.7193 0.5230
vn 0.2245 -0.5508 0.8039
vn -0.5745 0.4783 -0.6642
vn 0.0744 0.8034 0.5907
vn -0.2269 0.5411 -0.8098
vn 0.5363 0.7894 0.2987
vn 0.8221 -0.3340 0.4610
vn 0.9430 -0.3247 0.0730
vn -0.0507 -0.8623 -0.5038
vn 0.4567 -0.6009 -0.6560
vn 0.7435 -0.4371 -0.5061
vn 0.4595 -0.5368 0.7077
vn 0.0093 -0.7969 -0.6040
vn 0.4008 0.6229 -0.6718
vn 0.1667 0.5302 -0.8313
vn 0.6069 0.7933 -0.0482
vn -0.0369 0.8249 0.5640
vn -0.4665 0.4886 -0.7373
vn -0.4011 0.5131 -0.7588
vn -0.1234 0.7771 0.6171
vn -0.4501 0.4824 -0.7514
vn -0.2219 0.6942 0.6847
vn 0.4014 -0.5468 0.7348
vn 0.1171 -0.7761 -0.6196
vn 0.2252 -0.7596 -0.6102
vn 0.4961 -0.5163 0.6981
vn 0.7263 -0.2353 0.6459
vn 0.5601 -0.6519 -0.5112
vn -0.6170 0.1110 -0.7791
vn 0.7957 0.4039 0.4514
vn 0.7642 -0.0698 -0.6411
vn -0.5136 -0.4023 -0.7579
vn 0.2537 0.2920 -0.9221
vn -0.5245 0.1294 0.8415
vn -0.3966 -0.8217 -0.4093
vn -0.0814 0.2508 -0.9646
vn -0.2153 -0.9473 -0.2373
vn -0.2239 -0.0896 0.9705
vn 0.0276 -0.1488 0.9885
vn 0.5709 0.7870 0.2338
vn 0.2306 0.9578 0.1717
vn 0.0757 0.9758 0.2049
vn 0.1673 -0.2081 0.9637
vn -0.1633 0.2548 -0.9531
vn -0.0815 -0.9674 -0.2398
vn -0.3773 0.5734 0.7272
vn -0.1504 0.3000 -0.9420
vn -0.9330 -0.3575 -0.0415
vn -0.3109 0.5440 -0.7794
vn -0.3484 0.7693 -0.5355
vn -0.7725 -0.6013 -0.2041
vn -0.5205 -0.8155 -0.2531
vn -0.0498 0.9988 -0.0035
vn 0.1015 0.0859 -0.9911
vn 0.3949 -0.0559 -0.9170
vn -0.2271 -0.9573 -0.1791
vn -0.5408 -0.8354 -0.0987
vn -0.7548 -0.6534 -0.0574
vn -0.8912 -0.4463 0.0811
vn -0.4762 -0.6808 0.5565
vn 0.1664 -0.6047 0.7789
vn 0.0298 -0.3972 0.9173
vn -0.1846 -0.2152 0.9590
vn 0.1982 -0.7962 0.5716
vn 0.1186 -0.9342 0.3364
vn -0.8438 -0.1164 0.5239
vn -0.9231 -0.2545 0.2884
vn -0.0558 -0.9913 0.1194
vn -0.6691 -0.0592 0.7408
vn -0.2911 -0.9560 -0.0361
vn -0.4338 -0.0949 0.8960
vn 0.1504 -0.3000 0.9420
vn -0.1016 -0.0860 0.9911
vn -0.3949 0.0559 0.9170
vn -0.6718 0.0974 0.7343
vn 0.2269 0.9573 0.1793
vn 0.5206 0.8154 0.2531
vn 0.7724 0.6014 0.2043
vn 0.9330 0.3575 0.0416
vn 0.3110 -0.5439 0.7794
vn 0.9704 0.1319 -0.2023
vn 0.3483 -0.7694 0.5355
vn 0.8771 -0.0302 -0.4793
vn 0.2552 -0.9317 0.2587
vn 0.0499 -0.9987 0.0036
vn 0.6718 -0.0977 -0.7343
vn -0.8771 0.0303 0.4793
vn -0.9703 -0.1321 0.2024
vn -0.2551 0.9317 -0.2586
vn -0.2032 -0.9782 0.0419
vn -0.2033 -0.9071 0.3685
vn -0.9806 0.1359 0.1409
vn -0.8636 0.2833 0.4170
vn -0.9805 0.0648 -0.1858
vn -0.8630 0.0842 -0.4981
vn -0.3892 0.6813 0.6199
vn -0.6523 0.4780 0.5882
vn 0.1251 -0.5649 0.8156
vn 0.3882 -0.3615 0.8477
vn -0.1256 0.8529 0.5067
vn 0.2034 0.9071 -0.3684
vn 0.6516 -0.1901 0.7344
vn -0.1249 0.5650 -0.8156
vn -0.6518 0.1900 -0.7343
vn 0.0855 0.9589 0.2705
vn 0.2029 0.9783 -0.0420
vn 0.9807 -0.1356 -0.1409
vn 0.0864 0.7596 -0.6447
vn 0.8636 -0.2835 -0.4169
vn 0.8567 -0.4057 -0.3185
vn 0.6525 -0.4781 -0.5879
vn 0.6771 -0.5710 -0.4642
vn 0.9563 -0.2800 -0.0839
vn 0.5844 -0.7909 0.1815
vn 0.6767 -0.3263 0.6600
vn 0.4526 -0.4718 0.7566
vn 0.2287 -0.6450 0.7292
vn 0.0498 -0.9798 -0.1936
vn 0.2293 -0.8896 -0.3950
vn 0.4533 -0.7438 -0.4912
vn 0.8564 -0.2356 0.4595
vn -0.0502 -0.9962 0.0715
vn 0.9560 -0.2197 0.1943
vn -0.0502 -0.9357 0.3491
vn 0.0492 -0.8103 0.5839
vn 0.1257 -0.8529 -0.5067
vn 0.3890 -0.6814 -0.6200
vn -0.3884 0.3620 -0.8474
vn -0.0856 -0.9589 -0.2705
vn -0.0863 -0.7596 0.6446
vn 0.9804 -0.0648 0.1858
vn 0.8631 -0.0842 0.4980
vt 0.791993 0.301011
vt 0.798571 0.315481
vt 0.792607 0.315941
vt 0.212269 0.015408
vt 0.207665 0.134243
vt 0.206434 0.015904
vt 0.200323 0.015512
vt 0.206328 0.001199
vt 0.200648 0.134415
vt 0.447948 0.105062
vt 0.452259 0.000641
vt 0.452759 0.105568
vt 0.458506 0.555674
vt 0.452035 0.442772
vt 0.456834 0.443345
vt 0.198945 0.000640
vt 0.457523 0.428508
vt 0.451664 0.428087
vt 0.908324 0.552970
vt 0.914599 0.556178
vt 0.908324 0.568743
vt 0.040217 0.014065
vt 0.044336 0.029676
vt 0.039584 0.028985
vt 0.042820 0.148368
vt 0.032444 0.148717
vt 0.038867 0.148728
vt 0.372683 0.000640
vt 0.376723 0.114976
vt 0.372287 0.115147
vt 0.033066 0.028738
vt 0.031774 0.014244
vt 0.216133 0.014694
vt 0.222567 0.014092
vt 0.221347 0.028277
vt 0.216028 0.029361
vt 0.220040 0.148464
vt 0.800514 0.301180
vt 0.792259 0.293491
vt 0.222716 0.005950
vt 0.801496 0.292563
vt 0.214816 0.006586
vt 0.221052 0.000640
vt 0.800132 0.286919
vt 0.213550 0.000661
vt 0.431150 0.970018
vt 0.438309 0.971440
vt 0.431538 0.974514
vt 0.417942 0.977913
vt 0.421878 0.983882
vt 0.417942 0.986036
vt 0.791993 0.287315
vt 0.848269 0.104187
vt 0.857828 0.103801
vt 0.858999 0.109967
vt 0.422018 0.977370
vt 0.850345 0.101144
vt 0.855491 0.100424
vt 0.848269 0.110791
vt 0.451483 0.414360
vt 0.458506 0.415152
vt 0.457965 0.421242
vt 0.357468 0.958973
vt 0.360211 0.953643
vt 0.363332 0.955732
vt 0.360684 0.962023
vt 0.450282 0.419870
vt 0.978170 0.364502
vt 0.985111 0.364331
vt 0.985111 0.370661
vt 0.984982 0.572031
vt 0.978853 0.576271
vt 0.977613 0.572031
vt 0.442317 0.964790
vt 0.436043 0.968306
vt 0.442317 0.975076
vt 0.984280 0.575914
vt 0.438527 0.963808
vt 0.039998 0.000640
vt 0.040484 0.006021
vt 0.031141 0.006019
vt 0.977613 0.370425
vt 0.975909 0.314613
vt 0.965546 0.314613
vt 0.969646 0.308944
vt 0.910832 0.545897
vt 0.434984 0.965975
vt 0.980565 0.404157
vt 0.985245 0.406237
vt 0.982747 0.407400
vt 0.070788 0.982523
vt 0.069913 0.977370
vt 0.072622 0.979255
vt 0.072729 0.984041
vt 0.980368 0.406665
vt 0.075609 0.983502
vt 0.977613 0.407400
vt 0.076335 0.978505
vt 0.077971 0.980583
vt 0.072311 0.986454
vt 0.077708 0.986454
vt 0.357958 0.953076
vt 0.357468 0.950766
vt 0.358900 0.949006
vt 0.424314 0.977686
vt 0.424955 0.981425
vt 0.858377 0.116970
vt 0.400685 0.963808
vt 0.400685 0.975456
vt 0.396268 0.968908
vt 0.215109 0.148705
vt 0.213550 0.249979
vt 0.218512 0.249865
vt 0.031141 0.249903
vt 0.038677 0.249963
vt 0.031581 0.269964
vt 0.214047 0.270289
vt 0.785203 0.315920
vt 0.785203 0.298049
vt 0.790712 0.313947
vt 0.031757 0.278712
vt 0.039897 0.270434
vt 0.966727 0.690296
vt 0.973994 0.695879
vt 0.965546 0.695879
vt 0.975251 0.689142
vt 0.977613 0.140838
vt 0.981699 0.137144
vt 0.985596 0.140838
vt 0.977613 0.955636
vt 0.984525 0.951898
vt 0.984525 0.957034
vt 0.039768 0.279043
vt 0.032089 0.284164
vt 0.372287 0.240415
vt 0.373310 0.231825
vt 0.380480 0.232863
vt 0.380384 0.241188
vt 0.039928 0.284164
vt 0.379087 0.245449
vt 0.372654 0.245253
vt 0.762866 0.305352
vt 0.761122 0.310285
vt 0.754976 0.308578
vt 0.760062 0.313761
vt 0.756496 0.314651
vt 0.987110 0.529517
vt 0.990672 0.524282
vt 0.993327 0.529517
vt 0.755575 0.303848
vt 0.207268 0.265851
vt 0.201349 0.271279
vt 0.200265 0.266177
vt 0.207454 0.257607
vt 0.764985 0.298048
vt 0.198945 0.257558
vt 0.199967 0.236894
vt 0.206219 0.237720
vt 0.455282 0.215737
vt 0.449283 0.196368
vt 0.454107 0.196704
vt 0.447948 0.216174
vt 0.448458 0.223959
vt 0.372938 0.211766
vt 0.377797 0.212486
vt 0.317401 0.231318
vt 0.310840 0.231945
vt 0.310472 0.213367
vt 0.316484 0.211993
vt 0.313420 0.114711
vt 0.311442 0.240213
vt 0.207082 0.270959
vt 0.312179 0.245533
vt 0.318540 0.240276
vt 0.764985 0.313716
vt 0.762339 0.315736
vt 0.318558 0.246353
vt 0.312432 0.248989
vt 0.315480 0.250869
vt 0.987110 0.776100
vt 0.991350 0.779459
vt 0.988156 0.779300
vt 0.993175 0.628992
vt 0.989174 0.623506
vt 0.993175 0.623397
vt 0.993139 0.776100
vt 0.993152 0.740601
vt 0.988353 0.743782
vt 0.987110 0.740601
vt 0.992857 0.744485
vt 0.037766 0.287977
vt 0.033227 0.288169
vt 0.987110 0.627205
vt 0.987110 0.602891
vt 0.993373 0.602891
vt 0.990927 0.605024
vt 0.317680 0.115091
vt 0.318558 0.000640
vt 0.029860 0.024530
vt 0.029364 0.040735
vt 0.014073 0.039661
vt 0.014979 0.087888
vt 0.025959 0.089554
vt 0.385128 0.000640
vt 0.399599 0.016404
vt 0.384390 0.015702
vt 0.389341 0.062113
vt 0.025968 0.008459
vt 0.011717 0.023740
vt 0.601084 0.524820
vt 0.610901 0.540232
vt 0.595565 0.540232
vt 0.267791 0.908947
vt 0.282878 0.908947
vt 0.277259 0.929815
vt 0.038109 0.850084
vt 0.055172 0.861191
vt 0.034678 0.862031
vt 0.038927 0.881347
vt 0.917174 0.174190
vt 0.917174 0.152439
vt 0.926681 0.159072
vt 0.349987 0.931297
vt 0.349987 0.947659
vt 0.342769 0.942606
vt 0.868408 0.746365
vt 0.863806 0.765934
vt 0.859864 0.746365
vt 0.933394 0.022955
vt 0.929600 0.004331
vt 0.938455 0.004331
vt 0.055172 0.849414
vt 0.554391 0.768051
vt 0.567254 0.765341
vt 0.564779 0.788272
vt 0.560933 0.742723
vt 0.005064 0.011239
vt 0.000640 0.004022
vt 0.023216 0.000640
vt 0.553454 0.795736
vt 0.963367 0.351664
vt 0.960964 0.357632
vt 0.948518 0.351664
vt 0.075975 0.007155
vt 0.088025 0.000640
vt 0.094106 0.006784
vt 0.441453 0.807687
vt 0.423823 0.810961
vt 0.425943 0.804718
vt 0.941820 0.191637
vt 0.941820 0.175682
vt 0.946406 0.187406
vt 0.079897 0.020695
vt 0.442294 0.822089
vt 0.299365 0.929302
vt 0.306343 0.911770
vt 0.306343 0.931271
vt 0.871213 0.278643
vt 0.869656 0.297496
vt 0.862519 0.296397
vt 0.425475 0.825970
vt 0.742954 0.917813
vt 0.742954 0.936595
vt 0.729613 0.930796
vt 0.440426 0.839499
vt 0.423823 0.848239
vt 0.805585 0.888547
vt 0.805942 0.868533
vt 0.817925 0.871792
vt 0.805585 0.857730
vt 0.081494 0.037813
vt 0.101600 0.036630
vt 0.094594 0.092318
vt 0.082019 0.092350
vt 0.236718 0.003730
vt 0.255448 0.000640
vt 0.247626 0.054390
vt 0.100751 0.019154
vt 0.081815 0.140771
vt 0.237058 0.103440
vt 0.234868 0.054132
vt 0.246298 0.102637
vt 0.116273 0.133318
vt 0.114791 0.087984
vt 0.125459 0.087562
vt 0.124989 0.134524
vt 0.130345 0.039967
vt 0.290217 0.102972
vt 0.279226 0.054548
vt 0.289068 0.054308
vt 0.275803 0.000640
vt 0.113601 0.038012
vt 0.290263 0.001968
vt 0.054891 0.879882
vt 0.121186 0.019926
vt 0.108271 0.019323
vt 0.116123 0.008335
vt 0.133353 0.009272
vt 0.132722 0.020033
vt 0.846357 0.040925
vt 0.857175 0.052413
vt 0.846357 0.058994
vt 0.072885 0.930086
vt 0.064288 0.930086
vt 0.071362 0.908892
vt 0.871213 0.316037
vt 0.102881 0.008809
vt 0.112770 0.000640
vt 0.519317 0.961658
vt 0.512018 0.956026
vt 0.519317 0.949006
vt 0.542398 0.746688
vt 0.549870 0.739274
vt 0.544933 0.769162
vt 0.341793 0.931000
vt 0.281333 0.103225
vt 0.393251 0.103013
vt 0.400322 0.061785
vt 0.401487 0.103482
vt 0.291762 0.150924
vt 0.394420 0.144346
vt 0.402565 0.144615
vt 0.282686 0.150794
vt 0.118434 0.178062
vt 0.125809 0.177909
vt 0.291765 0.196462
vt 0.118474 0.220503
vt 0.247302 0.150004
vt 0.237959 0.150421
vt 0.240062 0.196746
vt 0.126322 0.221593
vt 0.077858 0.234335
vt 0.079690 0.187928
vt 0.089169 0.188999
vt 0.248262 0.196591
vt 0.090887 0.141516
vt 0.024307 0.132139
vt 0.014118 0.132390
vt 0.021963 0.176179
vt 0.012778 0.176487
vt 0.086791 0.235106
vt 0.020471 0.218640
vt 0.010538 0.219294
vt 0.402794 0.204566
vt 0.391906 0.203626
vt 0.393956 0.184103
vt 0.402833 0.184749
vt 0.021083 0.239412
vt 0.009107 0.239828
vt 0.392932 0.222896
vt 0.384510 0.222180
vt 0.019105 0.261627
vt 0.392113 0.232398
vt 0.402833 0.231101
vt 0.402523 0.223942
vt 0.289831 0.238893
vt 0.278564 0.238857
vt 0.282124 0.218929
vt 0.289642 0.246928
vt 0.276291 0.245450
vt 0.131115 0.260504
vt 0.132630 0.271809
vt 0.116555 0.267885
vt 0.117994 0.260927
vt 0.115922 0.274826
vt 0.275803 0.253040
vt 0.289691 0.254710
vt 0.402627 0.237953
vt 0.391403 0.242163
vt 0.239591 0.958336
vt 0.249116 0.949006
vt 0.249116 0.961995
vt 0.962497 0.762234
vt 0.956038 0.767501
vt 0.948518 0.762234
vt 0.953882 0.654419
vt 0.960608 0.662028
vt 0.948518 0.662028
vt 0.867077 0.245866
vt 0.858682 0.250464
vt 0.852185 0.243204
vt 0.876990 0.267623
vt 0.868397 0.271090
vt 0.854409 0.258794
vt 0.671547 0.977370
vt 0.672735 0.985772
vt 0.666389 0.985772
vt 0.019963 0.283532
vt 0.009012 0.280772
vt 0.020051 0.278978
vt 0.961728 0.197520
vt 0.948855 0.198922
vt 0.948518 0.194637
vt 0.856200 0.267667
vt 0.963408 0.191957
vt 0.948518 0.186821
vt 0.007120 0.272319
vt 0.019871 0.269861
vt 0.006343 0.264463
vt 0.867345 0.044397
vt 0.871481 0.051423
vt 0.865500 0.056911
vt 0.000640 0.275985
vt 0.858470 0.058985
vt 0.753695 0.300278
vt 0.742627 0.305694
vt 0.742494 0.298049
vt 0.001815 0.287235
vt 0.010735 0.285986
vt 0.753695 0.307307
vt 0.004895 0.290917
vt 0.934856 0.977888
vt 0.930137 0.984401
vt 0.930137 0.977370
vt 0.917176 0.750224
vt 0.922895 0.752908
vt 0.914877 0.760363
vt 0.965546 0.767116
vt 0.975180 0.761962
vt 0.975180 0.767504
vt 0.935486 0.985476
vt 0.747373 0.315940
vt 0.199911 0.839315
vt 0.192738 0.847900
vt 0.190513 0.838687
vt 0.181751 0.843520
vt 0.923873 0.741126
vt 0.866584 0.233432
vt 0.876990 0.238514
vt 0.254383 0.252416
vt 0.255448 0.261867
vt 0.244613 0.259226
vt 0.182187 0.834714
vt 0.905861 0.961371
vt 0.905861 0.949006
vt 0.909557 0.956045
vt 0.916295 0.743010
vt 0.911888 0.758281
vt 0.911888 0.738180
vt 0.182199 0.822739
vt 0.251995 0.240050
vt 0.242382 0.253099
vt 0.242800 0.239723
vt 0.250075 0.218871
vt 0.192002 0.821589
vt 0.181751 0.803918
vt 0.075975 0.256318
vt 0.087534 0.256049
vt 0.240991 0.219270
vt 0.081785 0.275781
vt 0.118866 0.241957
vt 0.127538 0.242302
vt 0.291004 0.218837
vt 0.282846 0.196718
vt 0.858470 0.039485
vt 0.091125 0.279277
vt 0.133353 0.278490
vt 0.007811 0.907579
vt 0.007811 0.882920
vt 0.019819 0.899250
vt 0.015978 0.905925
vt 0.381761 0.229643
vt 0.962612 0.656608
vt 0.542398 0.790654
vt 0.453209 0.793195
vt 0.457013 0.798442
vt 0.453086 0.798461
vt 0.449005 0.819389
vt 0.446056 0.814392
vt 0.448994 0.814113
vt 0.446490 0.819457
vt 0.456049 0.804080
vt 0.452741 0.803908
vt 0.448862 0.824852
vt 0.454982 0.810000
vt 0.721401 0.496590
vt 0.718648 0.496617
vt 0.718699 0.491244
vt 0.721253 0.491274
vt 0.721177 0.486277
vt 0.718926 0.486239
vt 0.849631 0.884906
vt 0.848522 0.879691
vt 0.852090 0.879213
vt 0.851845 0.874250
vt 0.847906 0.874537
vt 0.286798 0.564333
vt 0.286475 0.558667
vt 0.289272 0.558597
vt 0.465854 0.936771
vt 0.469137 0.931282
vt 0.468814 0.936894
vt 0.286304 0.553208
vt 0.088540 0.893179
vt 0.085797 0.893246
vt 0.085873 0.887829
vt 0.088576 0.887856
vt 0.289770 0.564295
vt 0.086296 0.882915
vt 0.289448 0.553179
vt 0.927658 0.122926
vt 0.927797 0.118402
vt 0.930062 0.118462
vt 0.088570 0.882974
vt 0.930320 0.123070
vt 0.286316 0.547957
vt 0.289641 0.547987
vt 0.848150 0.864628
vt 0.851971 0.869414
vt 0.847759 0.869480
vt 0.290009 0.542819
vt 0.286276 0.542694
vt 0.852327 0.864424
vt 0.939304 0.992329
vt 0.938546 0.988103
vt 0.941261 0.988103
vt 0.663885 0.957761
vt 0.660827 0.961578
vt 0.661181 0.957672
vt 0.848189 0.859921
vt 0.664849 0.953701
vt 0.660817 0.952958
vt 0.853066 0.859758
vt 0.847759 0.854770
vt 0.665891 0.949006
vt 0.854147 0.854381
vt 0.660463 0.949006
vt 0.987706 0.653860
vt 0.993155 0.658879
vt 0.987110 0.658879
vt 0.981380 0.012537
vt 0.977660 0.017410
vt 0.977613 0.011943
vt 0.982000 0.017410
vt 0.294118 0.993374
vt 0.293689 0.988104
vt 0.297731 0.988104
vt 0.850227 0.967051
vt 0.850584 0.963808
vt 0.853444 0.966089
vt 0.985179 0.013222
vt 0.851173 0.969867
vt 0.993443 0.497196
vt 0.987110 0.497196
vt 0.991837 0.493545
vt 0.846918 0.970386
vt 0.847179 0.974721
vt 0.853444 0.973396
vt 0.853861 0.985650
vt 0.849524 0.981290
vt 0.853861 0.977370
vt 0.971758 0.261392
vt 0.975931 0.260168
vt 0.974344 0.267000
vt 0.931920 0.137888
vt 0.924870 0.137888
vt 0.926656 0.132398
vt 0.975572 0.591036
vt 0.968320 0.591147
vt 0.971375 0.587187
vt 0.965546 0.587187
vt 0.443575 0.804718
vt 0.448763 0.808844
vt 0.445082 0.809346
vt 0.927173 0.127699
vt 0.930727 0.127873
vt 0.931041 0.132746
vt 0.286325 0.537926
vt 0.290762 0.537860
vt 0.291321 0.532761
vt 0.452847 0.787933
vt 0.457192 0.787923
vt 0.457166 0.792820
vt 0.457233 0.782591
vt 0.451653 0.783319
vt 0.456766 0.777668
vt 0.450418 0.777504
vt 0.286203 0.532676
vt 0.291193 0.528018
vt 0.970033 0.266560
vt 0.968584 0.263000
vt 0.286573 0.527304
vt 0.288291 0.524504
vt 0.966383 0.264911
vt 0.965546 0.267000
vt 0.847738 0.966871
vt 0.847184 0.964063
vt 0.380881 0.998518
vt 0.378636 0.998547
vt 0.378636 0.995278
vt 0.025176 0.993767
vt 0.028750 0.989761
vt 0.028839 0.993007
vt 0.381208 0.995156
vt 0.985660 0.015768
vt 0.025176 0.988104
vt 0.992959 0.653498
vt 0.721153 0.481615
vt 0.718513 0.481596
vt 0.448479 0.830509
vt 0.445832 0.830455
vt 0.446371 0.824812
vt 0.451972 0.809540
vt 0.454000 0.815560
vt 0.451114 0.815195
vt 0.448171 0.836181
vt 0.462165 0.945822
vt 0.462933 0.941920
vt 0.465515 0.942403
vt 0.721734 0.501611
vt 0.718513 0.501612
vt 0.450418 0.819301
vt 0.453950 0.819538
vt 0.989857 0.773944
vt 0.987110 0.774819
vt 0.987110 0.770831
vt 0.453308 0.822314
vt 0.465435 0.946875
vt 0.989846 0.770911
vt 0.468863 0.942619
vt 0.469137 0.947151
vt 0.989899 0.301446
vt 0.987110 0.301619
vt 0.987349 0.297747
vt 0.991920 0.301109
vt 0.990697 0.298531
vt 0.992211 0.772671
vt 0.991891 0.770940
vt 0.242543 0.992026
vt 0.240868 0.993520
vt 0.240123 0.990295
vt 0.180412 0.988104
vt 0.181866 0.989829
vt 0.181101 0.991390
vt 0.242146 0.990319
vt 0.992613 0.299549
vt 0.179355 0.991706
vt 0.993655 0.297747
vt 0.181866 0.993620
vt 0.922305 0.992389
vt 0.920263 0.991259
vt 0.922305 0.988317
vt 0.920830 0.988103
vt 0.973498 0.530310
vt 0.975635 0.530188
vt 0.975295 0.533927
vt 0.972962 0.533927
vt 0.990519 0.646883
vt 0.993164 0.648194
vt 0.991159 0.650346
vt 0.993164 0.652217
vt 0.970005 0.531114
vt 0.970059 0.533160
vt 0.967598 0.305265
vt 0.965546 0.306813
vt 0.965549 0.304870
vt 0.989533 0.648436
vt 0.967927 0.532981
vt 0.967607 0.306763
vt 0.967925 0.531365
vt 0.970127 0.306839
vt 0.965546 0.533049
vt 0.973027 0.307176
vt 0.970327 0.305559
vt 0.458121 0.990471
vt 0.456661 0.990580
vt 0.456466 0.988103
vt 0.456466 0.993285
vt 0.749543 0.997701
vt 0.751286 0.995156
vt 0.751523 0.997701
vt 0.980036 0.201861
vt 0.977613 0.200288
vt 0.980051 0.199929
vt 0.982803 0.202030
vt 0.982741 0.199585
vt 0.977613 0.202008
vt 0.318000 0.376049
vt 0.315913 0.373644
vt 0.318012 0.373585
vt 0.315767 0.376243
vt 0.318256 0.378790
vt 0.975727 0.461393
vt 0.972981 0.461800
vt 0.973285 0.460444
vt 0.369375 0.990709
vt 0.368160 0.990772
vt 0.368206 0.988103
vt 0.315343 0.379067
vt 0.369807 0.993405
vt 0.980121 0.008341
vt 0.977613 0.009192
vt 0.977707 0.007920
vt 0.980023 0.009415
vt 0.367861 0.993405
vt 0.982991 0.008384
vt 0.985796 0.010662
vt 0.982797 0.009967
vt 0.985763 0.007920
vt 0.389481 0.998522
vt 0.387903 0.996282
vt 0.389481 0.995156
vt 0.973123 0.305282
vt 0.976074 0.304870
vt 0.570410 0.989173
vt 0.567988 0.990656
vt 0.568810 0.988104
vt 0.934657 0.990741
vt 0.932355 0.992226
vt 0.931829 0.990370
vt 0.934657 0.988104
vt 0.315528 0.381706
vt 0.318520 0.381563
vt 0.318269 0.383209
vt 0.315914 0.383282
vt 0.934307 0.992345
vt 0.318214 0.384824
vt 0.315450 0.384738
vt 0.778629 0.995431
vt 0.780346 0.997631
vt 0.778630 0.997423
vt 0.780346 0.995156
vt 0.980169 0.524473
vt 0.977613 0.524912
vt 0.977875 0.522515
vt 0.980389 0.522745
vt 0.315825 0.387231
vt 0.982221 0.524561
vt 0.317799 0.387228
vt 0.982337 0.523088
vt 0.315915 0.389220
vt 0.980680 0.056949
vt 0.980159 0.054820
vt 0.982238 0.055001
vt 0.982529 0.056735
vt 0.978485 0.057152
vt 0.317576 0.389342
vt 0.983819 0.056495
vt 0.315836 0.390814
vt 0.317548 0.390906
vt 0.315826 0.392397
vt 0.983865 0.523425
vt 0.983831 0.524805
vt 0.985160 0.524912
vt 0.868751 0.996526
vt 0.870030 0.995156
vt 0.870030 0.996725
vt 0.317506 0.392522
vt 0.996604 0.005059
vt 0.996966 0.005718
vt 0.995332 0.005718
vt 0.868854 0.997211
vt 0.869650 0.997376
vt 0.523761 0.988793
vt 0.523747 0.988104
vt 0.524997 0.988108
vt 0.996513 0.098919
vt 0.995585 0.099589
vt 0.995332 0.098919
vt 0.996429 0.099685
vt 0.995416 0.005042
vt 0.985739 0.055675
vt 0.985167 0.056121
vt 0.984885 0.054605
vt 0.985512 0.054639
vt 0.525133 0.988877
vt 0.996713 0.065048
vt 0.995332 0.065048
vt 0.995966 0.064508
vt 0.523861 0.990110
vt 0.996474 0.012213
vt 0.996937 0.013179
vt 0.995332 0.013179
vt 0.524992 0.990231
vt 0.174842 0.996536
vt 0.173460 0.996837
vt 0.173305 0.995623
vt 0.174842 0.995156
vt 0.258080 0.996604
vt 0.257852 0.995156
vt 0.259438 0.995271
vt 0.995332 0.072524
vt 0.996656 0.072524
vt 0.995426 0.073576
vt 0.934779 0.997139
vt 0.934718 0.995954
vt 0.935853 0.995963
vt 0.934764 0.995156
vt 0.785841 0.949621
vt 0.784864 0.949718
vt 0.784655 0.949006
vt 0.259431 0.996509
vt 0.935853 0.997139
vt 0.995374 0.103831
vt 0.996441 0.103010
vt 0.996441 0.104050
vt 0.259322 0.997700
vt 0.995332 0.103072
vt 0.258353 0.997881
vt 0.259438 0.998834
vt 0.996491 0.101611
vt 0.995383 0.101729
vt 0.995332 0.100966
vt 0.996595 0.089784
vt 0.996595 0.090642
vt 0.995332 0.090540
vt 0.996864 0.023539
vt 0.996538 0.024300
vt 0.996182 0.023630
vt 0.995918 0.023801
vt 0.996499 0.100966
vt 0.995981 0.024568
vt 0.916013 0.997220
vt 0.915990 0.996106
vt 0.916681 0.996161
vt 0.995332 0.024501
vt 0.916689 0.997275
vt 0.756241 0.997581
vt 0.756188 0.996444
vt 0.757152 0.996611
vt 0.757118 0.997723
vt 0.916689 0.995156
vt 0.995332 0.110752
vt 0.996430 0.110752
vt 0.996326 0.111679
vt 0.523747 0.992464
vt 0.523886 0.991239
vt 0.524917 0.991370
vt 0.996537 0.097638
vt 0.995332 0.096843
vt 0.996537 0.096806
vt 0.996240 0.139803
vt 0.995332 0.139803
vt 0.995723 0.139093
vt 0.996224 0.146650
vt 0.995332 0.146650
vt 0.995980 0.146455
vt 0.523935 0.993063
vt 0.524737 0.992686
vt 0.995860 0.160352
vt 0.995675 0.160600
vt 0.995332 0.160352
vt 0.524327 0.993224
vt 0.995845 0.162207
vt 0.995332 0.162207
vt 0.995449 0.161881
vt 0.995799 0.129056
vt 0.995461 0.129054
vt 0.995332 0.128359
vt 0.995332 0.163667
vt 0.995832 0.163488
vt 0.995832 0.163850
vt 0.996157 0.151956
vt 0.995375 0.152287
vt 0.995332 0.151956
vt 0.996320 0.128359
vt 0.996992 0.003040
vt 0.996357 0.003761
vt 0.995332 0.003040
vt 0.995657 0.023539
vt 0.995332 0.158855
vt 0.995865 0.158855
vt 0.995633 0.159071
vt 0.174805 0.997790
vt 0.173703 0.997845
vt 0.174837 0.999022
vt 0.756011 0.995156
vt 0.757152 0.995299
vt 0.813994 0.996714
vt 0.814094 0.995156
vt 0.814668 0.996333
vt 0.814668 0.997609
vt 0.961662 0.996979
vt 0.961662 0.995854
vt 0.962819 0.996076
vt 0.935847 0.995199
vt 0.836547 0.996293
vt 0.836776 0.997254
vt 0.836184 0.997530
vt 0.784715 0.950322
vt 0.394735 0.986288
vt 0.394657 0.985002
vt 0.396258 0.984946
vt 0.396244 0.986250
vt 0.786159 0.950159
vt 0.784807 0.951623
vt 0.835967 0.996167
vt 0.996693 0.062239
vt 0.995469 0.063227
vt 0.995332 0.062239
vt 0.836776 0.995521
vt 0.836106 0.995156
vt 0.396187 0.983361
vt 0.394488 0.983389
vt 0.786465 0.951604
vt 0.785081 0.953196
vt 0.786736 0.953016
vt 0.785219 0.955372
vt 0.396326 0.981392
vt 0.394071 0.981413
vt 0.787254 0.955169
vt 0.396426 0.979120
vt 0.393910 0.979071
vt 0.785154 0.957897
vt 0.394194 0.977370
vt 0.805953 0.992606
vt 0.803986 0.990032
vt 0.805805 0.990269
vt 0.803621 0.992606
vt 0.396288 0.977370
vt 0.852229 0.995656
vt 0.853857 0.995156
vt 0.853857 0.997435
vt 0.852194 0.997356
vt 0.568328 0.993071
vt 0.570154 0.990888
vt 0.570410 0.992687
vt 0.785129 0.959478
vt 0.787788 0.961273
vt 0.784655 0.961545
vt 0.976080 0.307663
vt 0.239988 0.998849
vt 0.237593 0.997195
vt 0.239988 0.995156
vt 0.363366 0.998652
vt 0.363366 0.995156
vt 0.364872 0.997375
vt 0.149307 0.995156
vt 0.149307 0.999055
vt 0.147224 0.997300
vt 0.524005 0.997613
vt 0.525669 0.995156
vt 0.525669 0.998209
vt 0.787332 0.959458
vt 0.523937 0.995680
vt 0.665307 0.997894
vt 0.666979 0.995760
vt 0.666981 0.997718
vt 0.787801 0.957869
vt 0.977613 0.054605
vt 0.665307 0.995156
vt 0.804229 0.988104
vt 0.805686 0.988201
vt 0.983536 0.054776
vt 0.996859 0.010933
vt 0.995332 0.010933
vt 0.995524 0.009507
vt 0.996925 0.009472
vt 0.996639 0.076088
vt 0.995332 0.076088
vt 0.995400 0.074857
vt 0.961906 0.995156
vt 0.962753 0.995311
vt 0.985587 0.201982
vt 0.987110 0.647495
vt 0.988214 0.646900
vt 0.988017 0.649315
vt 0.970774 0.461678
vt 0.968330 0.461952
vt 0.968706 0.459128
vt 0.971117 0.459772
vt 0.989024 0.651495
vt 0.318231 0.371346
vt 0.315786 0.371400
vt 0.315650 0.368917
vt 0.318520 0.368749
vt 0.982441 0.886093
vt 0.984715 0.884220
vt 0.984505 0.886105
vt 0.982812 0.883922
vt 0.980060 0.885986
vt 0.315486 0.366383
vt 0.318257 0.366000
vt 0.979561 0.882815
vt 0.977813 0.886105
vt 0.240931 0.988104
vt 0.242543 0.988646
vt 0.486770 0.997919
vt 0.486578 0.995620
vt 0.488252 0.995156
vt 0.488252 0.998293
vt 0.965546 0.461952
vt 0.966197 0.458823
vt 0.450746 0.824222
vt 0.450539 0.822276
vt 0.993107 0.773974
vt 0.340284 0.998708
vt 0.340284 0.995156
vt 0.341795 0.996893
vt 0.443575 0.840309
vt 0.448308 0.840269
vt 0.448034 0.843277
vt 0.444246 0.843705
vt 0.445105 0.845381
vt 0.306070 0.990229
vt 0.302413 0.993151
vt 0.302413 0.989886
vt 0.303227 0.988104
vt 0.306094 0.993377
vt 0.290962 0.579486
vt 0.287975 0.577836
vt 0.291268 0.577759
vt 0.291321 0.574200
vt 0.305778 0.988302
vt 0.088726 0.898995
vt 0.089482 0.903088
vt 0.085797 0.902981
vt 0.085798 0.899173
vt 0.287261 0.574583
vt 0.290717 0.570324
vt 0.287186 0.570079
vt 0.444656 0.836328
vt 0.386622 0.998565
vt 0.385223 0.995676
vt 0.386622 0.995156
vt 0.448194 0.997687
vt 0.445449 0.998295
vt 0.445449 0.995156
vt 0.448210 0.995332
vt 0.385107 0.998333
vt 0.977613 0.882783
vt 0.941998 0.625653
vt 0.942614 0.630810
vt 0.939398 0.631184
vt 0.946326 0.630351
vt 0.946879 0.636101
vt 0.940260 0.636740
vt 0.943211 0.636313
vt 0.943961 0.641704
vt 0.012079 0.835045
vt 0.011429 0.830553
vt 0.016392 0.829903
vt 0.246432 0.914406
vt 0.249938 0.908933
vt 0.251216 0.914396
vt 0.015826 0.825224
vt 0.011350 0.825335
vt 0.939398 0.642468
vt 0.245967 0.919315
vt 0.977613 0.968006
vt 0.982884 0.972678
vt 0.977915 0.972584
vt 0.209245 0.937077
vt 0.206219 0.931448
vt 0.209858 0.931330
vt 0.204940 0.937084
vt 0.984528 0.968006
vt 0.209091 0.942431
vt 0.832055 0.692391
vt 0.827953 0.686409
vt 0.832433 0.686517
vt 0.827999 0.692164
vt 0.203840 0.942995
vt 0.827205 0.698124
vt 0.833677 0.697782
vt 0.917894 0.978486
vt 0.922617 0.977370
vt 0.922617 0.983458
vt 0.977613 0.566434
vt 0.984987 0.566434
vt 0.981976 0.570751
vt 0.916901 0.985463
vt 0.969537 0.086994
vt 0.965546 0.087186
vt 0.966770 0.080267
vt 0.013030 0.842538
vt 0.012724 0.839359
vt 0.019498 0.839339
vt 0.017812 0.834651
vt 0.019819 0.843379
vt 0.970442 0.080212
vt 0.973457 0.087186
vt 0.013257 0.846093
vt 0.018750 0.846897
vt 0.017447 0.849187
vt 0.252062 0.926574
vt 0.247521 0.929122
vt 0.246697 0.926734
vt 0.252468 0.923014
vt 0.251543 0.929122
vt 0.014013 0.848998
vt 0.708763 0.981431
vt 0.706693 0.981865
vt 0.708537 0.977370
vt 0.709768 0.977745
vt 0.709768 0.984648
vt 0.880201 0.210369
vt 0.880116 0.207020
vt 0.885069 0.207596
vt 0.707990 0.985903
vt 0.884590 0.210583
vt 0.951522 0.224906
vt 0.952145 0.229027
vt 0.949338 0.228723
vt 0.948518 0.224451
vt 0.012748 0.993876
vt 0.011131 0.988104
vt 0.013246 0.988104
vt 0.957683 0.903959
vt 0.961293 0.898403
vt 0.962139 0.904364
vt 0.957799 0.898403
vt 0.988285 0.749716
vt 0.993153 0.753177
vt 0.987110 0.753177
vt 0.977712 0.692469
vt 0.984160 0.696498
vt 0.977613 0.696648
vt 0.992808 0.749644
vt 0.953995 0.899409
vt 0.953979 0.903718
vt 0.946100 0.820848
vt 0.941788 0.818815
vt 0.946624 0.818362
vt 0.951238 0.900085
vt 0.942220 0.821194
vt 0.951303 0.903604
vt 0.945949 0.823474
vt 0.942356 0.823560
vt 0.948518 0.900492
vt 0.948855 0.903596
vt 0.948518 0.913180
vt 0.948601 0.910615
vt 0.951223 0.910963
vt 0.968639 0.439471
vt 0.965776 0.442219
vt 0.965546 0.439393
vt 0.968702 0.442390
vt 0.946099 0.826562
vt 0.972246 0.439393
vt 0.206069 0.995156
vt 0.206069 0.998861
vt 0.202648 0.998271
vt 0.202761 0.995221
vt 0.036191 0.947268
vt 0.033208 0.947330
vt 0.033531 0.944149
vt 0.880532 0.226927
vt 0.880639 0.223500
vt 0.883872 0.223303
vt 0.880635 0.220250
vt 0.036416 0.944101
vt 0.883629 0.220129
vt 0.883618 0.217155
vt 0.880540 0.217093
vt 0.033638 0.941180
vt 0.036727 0.940991
vt 0.033311 0.938104
vt 0.951384 0.913857
vt 0.953980 0.910714
vt 0.954422 0.914473
vt 0.037007 0.937775
vt 0.957612 0.910103
vt 0.031865 0.934543
vt 0.037163 0.934351
vt 0.958283 0.914318
vt 0.880480 0.213814
vt 0.883955 0.214068
vt 0.955310 0.225309
vt 0.955533 0.228702
vt 0.958029 0.225592
vt 0.958417 0.228449
vt 0.037163 0.931087
vt 0.031138 0.931069
vt 0.962167 0.910030
vt 0.961895 0.914473
vt 0.753610 0.988103
vt 0.753610 0.992761
vt 0.751533 0.992511
vt 0.983897 0.690310
vt 0.984768 0.692208
vt 0.965546 0.686790
vt 0.966512 0.684740
vt 0.970088 0.686290
vt 0.970597 0.687861
vt 0.974891 0.684740
vt 0.751770 0.988307
vt 0.978382 0.690310
vt 0.976112 0.082016
vt 0.976020 0.086890
vt 0.199148 0.993610
vt 0.199148 0.988104
vt 0.201047 0.992253
vt 0.975434 0.686429
vt 0.974496 0.081220
vt 0.827690 0.705965
vt 0.833908 0.701905
vt 0.833446 0.706214
vt 0.827205 0.702114
vt 0.993415 0.498477
vt 0.991692 0.502670
vt 0.987110 0.498477
vt 0.209858 0.946464
vt 0.203346 0.947064
vt 0.905888 0.977370
vt 0.909557 0.983921
vt 0.905888 0.985575
vt 0.983762 0.610677
vt 0.984845 0.614686
vt 0.977613 0.614686
vt 0.993810 0.223259
vt 0.987110 0.223259
vt 0.989866 0.220101
vt 0.977613 0.557030
vt 0.985065 0.557030
vt 0.979413 0.560202
vt 0.245956 0.923045
vt 0.977904 0.610885
vt 0.252208 0.919484
vt 0.299012 0.988103
vt 0.301132 0.989742
vt 0.299012 0.993460
vt 0.982623 0.608739
vt 0.987110 0.878880
vt 0.993105 0.878880
vt 0.991918 0.880414
vt 0.987650 0.880066
vt 0.960561 0.225328
vt 0.961031 0.228148
vt 0.963701 0.227861
vt 0.962990 0.224451
vt 0.620248 0.988103
vt 0.622222 0.990220
vt 0.620248 0.993001
vt 0.884416 0.226687
vt 0.979881 0.483139
vt 0.977613 0.479113
vt 0.980738 0.479113
vt 0.982956 0.483100
vt 0.880732 0.230316
vt 0.885069 0.230285
vt 0.985104 0.480746
vt 0.984960 0.482971
vt 0.884681 0.232108
vt 0.983510 0.479950
vt 0.559712 0.997942
vt 0.558040 0.995156
vt 0.559916 0.995595
vt 0.558040 0.998132
vt 0.754838 0.967353
vt 0.751316 0.965488
vt 0.754361 0.965564
vt 0.754640 0.963808
vt 0.987516 0.706143
vt 0.987110 0.703294
vt 0.989699 0.703589
vt 0.965931 0.936896
vt 0.967966 0.939478
vt 0.965546 0.940457
vt 0.405994 0.995156
vt 0.405994 0.998475
vt 0.404211 0.997868
vt 0.967567 0.717697
vt 0.967634 0.721401
vt 0.965781 0.721096
vt 0.968245 0.937020
vt 0.969781 0.721002
vt 0.969640 0.717695
vt 0.971306 0.718035
vt 0.970160 0.939207
vt 0.970219 0.937189
vt 0.971492 0.720491
vt 0.973275 0.717973
vt 0.990230 0.991734
vt 0.991896 0.989215
vt 0.992150 0.991538
vt 0.923935 0.988257
vt 0.926340 0.988103
vt 0.926342 0.990359
vt 0.923688 0.990093
vt 0.923586 0.992041
vt 0.973397 0.720414
vt 0.975378 0.720447
vt 0.975260 0.717659
vt 0.422009 0.990555
vt 0.420743 0.990806
vt 0.421077 0.988104
vt 0.926342 0.992352
vt 0.421412 0.993303
vt 0.422653 0.990645
vt 0.422573 0.989028
vt 0.422806 0.993067
vt 0.423234 0.991898
vt 0.242210 0.997153
vt 0.242884 0.998833
vt 0.242298 0.998511
vt 0.241447 0.998885
vt 0.423234 0.989961
vt 0.957644 0.997012
vt 0.957041 0.996092
vt 0.957644 0.995156
vt 0.954945 0.997012
vt 0.954945 0.995156
vt 0.955760 0.995260
vt 0.966881 0.995156
vt 0.968121 0.995501
vt 0.968006 0.996592
vt 0.241269 0.996976
vt 0.966881 0.996946
vt 0.071929 0.975790
vt 0.071169 0.974829
vt 0.073583 0.974945
vt 0.071146 0.973401
vt 0.368622 0.997906
vt 0.366153 0.997116
vt 0.368622 0.996491
vt 0.367029 0.998596
vt 0.366361 0.995156
vt 0.876981 0.997344
vt 0.876981 0.995156
vt 0.878650 0.995400
vt 0.071369 0.971727
vt 0.073882 0.973540
vt 0.866413 0.990840
vt 0.864267 0.991372
vt 0.864080 0.990049
vt 0.866424 0.989541
vt 0.073802 0.971886
vt 0.708590 0.995156
vt 0.709776 0.995964
vt 0.708590 0.997816
vt 0.865915 0.988103
vt 0.991795 0.703697
vt 0.993248 0.703580
vt 0.993248 0.705726
vt 0.973572 0.939539
vt 0.971814 0.939355
vt 0.971979 0.936933
vt 0.973849 0.936896
vt 0.975001 0.937723
vt 0.974892 0.939327
vt 0.073790 0.970091
vt 0.991716 0.705731
vt 0.989882 0.705995
vt 0.073865 0.968085
vt 0.071353 0.969900
vt 0.071065 0.968006
vt 0.990974 0.662556
vt 0.989436 0.660326
vt 0.991357 0.660482
vt 0.993159 0.660639
vt 0.070826 0.965690
vt 0.989146 0.663097
vt 0.987110 0.660160
vt 0.988086 0.992191
vt 0.988086 0.988104
vt 0.990041 0.988949
vt 0.987110 0.663792
vt 0.056997 0.998712
vt 0.058919 0.995156
vt 0.058919 0.999217
vt 0.267996 0.998002
vt 0.269992 0.995156
vt 0.269992 0.998799
vt 0.056853 0.995769
vt 0.978597 0.921765
vt 0.981380 0.922508
vt 0.980851 0.924478
vt 0.267888 0.995608
vt 0.977613 0.923640
vt 0.041330 0.991657
vt 0.044365 0.993603
vt 0.041976 0.993736
vt 0.941844 0.830860
vt 0.946156 0.830430
vt 0.945986 0.834145
vt 0.941788 0.834417
vt 0.975446 0.439522
vt 0.975718 0.443011
vt 0.972360 0.443072
vt 0.984686 0.923948
vt 0.750698 0.967590
vt 0.754747 0.970888
vt 0.750698 0.971212
vt 0.984295 0.921765
vt 0.942054 0.826603
vt 0.980835 0.928852
vt 0.977613 0.926008
vt 0.980643 0.925759
vt 0.984659 0.928880
vt 0.751555 0.974965
vt 0.074471 0.965787
vt 0.071016 0.963824
vt 0.074471 0.963808
vt 0.845240 0.992569
vt 0.843513 0.989806
vt 0.845240 0.988104
vt 0.045197 0.991426
vt 0.041581 0.988259
vt 0.965546 0.717659
vt 0.241569 0.995156
vt 0.242884 0.996077
vt 0.865690 0.992463
vt 0.993237 0.662843
vt 0.073088 0.975944
vt 0.864790 0.992463
vt 0.045197 0.988104
vt 0.977667 0.928880
vt 0.000640 0.993741
vt 0.000640 0.988103
vt 0.005661 0.988358
vt 0.828044 0.681108
vt 0.985155 0.469490
vt 0.981795 0.473084
vt 0.977613 0.469490
vt 0.832825 0.680999
vt 0.828204 0.676295
vt 0.922354 0.968544
vt 0.917549 0.964284
vt 0.922354 0.963808
vt 0.917521 0.969059
vt 0.917977 0.974629
vt 0.916388 0.580691
vt 0.920856 0.585035
vt 0.915880 0.584817
vt 0.012327 0.816300
vt 0.016169 0.820935
vt 0.011636 0.820513
vt 0.017290 0.817293
vt 0.171694 0.895157
vt 0.179591 0.894756
vt 0.178897 0.898928
vt 0.172643 0.899103
vt 0.012256 0.812187
vt 0.177711 0.903205
vt 0.172921 0.903191
vt 0.816530 0.205090
vt 0.816211 0.209191
vt 0.810030 0.209281
vt 0.811578 0.213261
vt 0.815699 0.213324
vt 0.812248 0.218170
vt 0.808913 0.218637
vt 0.987110 0.859475
vt 0.993042 0.859475
vt 0.989712 0.862641
vt 0.519307 0.988104
vt 0.522466 0.990741
vt 0.519307 0.993143
vt 0.832597 0.676154
vt 0.828323 0.672293
vt 0.896776 0.988103
vt 0.899391 0.992344
vt 0.895480 0.992344
vt 0.832444 0.671996
vt 0.921944 0.581144
vt 0.207590 0.953874
vt 0.203860 0.950483
vt 0.207537 0.949702
vt 0.916375 0.575739
vt 0.924073 0.577480
vt 0.925836 0.572667
vt 0.915880 0.571999
vt 0.019819 0.809192
vt 0.019143 0.812858
vt 0.011656 0.808557
vt 0.924672 0.569426
vt 0.977613 0.432294
vt 0.985253 0.432294
vt 0.977733 0.434863
vt 0.975482 0.554148
vt 0.969902 0.560484
vt 0.965546 0.554148
vt 0.292264 0.967562
vt 0.296335 0.969913
vt 0.292264 0.975609
vt 0.179250 0.888176
vt 0.179591 0.890878
vt 0.171272 0.891067
vt 0.171769 0.882539
vt 0.171397 0.887818
vt 0.985554 0.104764
vt 0.977613 0.104764
vt 0.977663 0.099662
vt 0.296043 0.963808
vt 0.814912 0.197941
vt 0.816191 0.201006
vt 0.808522 0.201112
vt 0.809135 0.205465
vt 0.198282 0.952443
vt 0.199634 0.949006
vt 0.202914 0.954337
vt 0.196877 0.956106
vt 0.202002 0.958418
vt 0.207590 0.958684
vt 0.987110 0.416911
vt 0.993540 0.416911
vt 0.990300 0.420416
vt 0.200810 0.961956
vt 0.559491 0.837818
vt 0.558733 0.841864
vt 0.552774 0.841199
vt 0.993442 0.511645
vt 0.987110 0.513308
vt 0.987110 0.509924
vt 0.803101 0.191563
vt 0.809241 0.197809
vt 0.803031 0.198339
vt 0.553466 0.830345
vt 0.552404 0.837566
vt 0.561190 0.831267
vt 0.809222 0.190963
vt 0.808236 0.181002
vt 0.803031 0.181284
vt 0.554719 0.821812
vt 0.560937 0.820631
vt 0.554198 0.815078
vt 0.549639 0.820518
vt 0.548516 0.828077
vt 0.559071 0.814436
vt 0.555601 0.807096
vt 0.550115 0.807715
vt 0.549970 0.814880
vt 0.977618 0.705390
vt 0.983194 0.704958
vt 0.981033 0.710489
vt 0.545637 0.814849
vt 0.544239 0.806494
vt 0.551730 0.802584
vt 0.977613 0.711112
vt 0.550471 0.797760
vt 0.548446 0.802681
vt 0.555267 0.797177
vt 0.556859 0.802396
vt 0.560124 0.806788
vt 0.561190 0.802531
vt 0.558994 0.797017
vt 0.686914 0.928200
vt 0.684586 0.933417
vt 0.683073 0.929680
vt 0.286392 0.992903
vt 0.282219 0.988103
vt 0.286851 0.988103
vt 0.282590 0.993349
vt 0.987110 0.470708
vt 0.993363 0.475125
vt 0.987110 0.476229
vt 0.684023 0.920180
vt 0.976142 0.056982
vt 0.965546 0.056982
vt 0.968687 0.049799
vt 0.687282 0.919828
vt 0.586856 0.535114
vt 0.579101 0.528602
vt 0.587118 0.524820
vt 0.578879 0.533059
vt 0.594284 0.528780
vt 0.593176 0.536560
vt 0.581930 0.540397
vt 0.586881 0.539910
vt 0.592064 0.540397
vt 0.754194 0.985665
vt 0.754194 0.977370
vt 0.758247 0.978776
vt 0.760717 0.984292
vt 0.393150 0.975481
vt 0.390853 0.969342
vt 0.394987 0.967610
vt 0.910172 0.302781
vt 0.917284 0.306828
vt 0.908883 0.306751
vt 0.915213 0.311135
vt 0.921810 0.310697
vt 0.921408 0.305951
vt 0.390853 0.963808
vt 0.921810 0.302619
vt 0.355901 0.690069
vt 0.356736 0.685415
vt 0.363013 0.686161
vt 0.362353 0.683046
vt 0.987110 0.807477
vt 0.993145 0.807477
vt 0.991208 0.810107
vt 0.894997 0.868410
vt 0.887201 0.871208
vt 0.888218 0.864186
vt 0.894447 0.862820
vt 0.895611 0.873316
vt 0.993601 0.394831
vt 0.988596 0.397616
vt 0.987110 0.394831
vt 0.892812 0.859552
vt 0.368476 0.690681
vt 0.367886 0.684020
vt 0.970809 0.931295
vt 0.969161 0.935615
vt 0.965546 0.931295
vt 0.774388 0.992641
vt 0.772041 0.988104
vt 0.775554 0.988104
vt 0.890145 0.855831
vt 0.895767 0.854602
vt 0.993049 0.844156
vt 0.990328 0.847464
vt 0.987110 0.844156
vt 0.916780 0.932684
vt 0.912705 0.932672
vt 0.914468 0.927039
vt 0.914628 0.938883
vt 0.605292 0.992901
vt 0.603496 0.988104
vt 0.607978 0.988104
vt 0.909338 0.937976
vt 0.992895 0.901250
vt 0.987109 0.901250
vt 0.987826 0.896013
vt 0.988196 0.765086
vt 0.993034 0.769550
vt 0.987110 0.769349
vt 0.993034 0.763966
vt 0.919082 0.940852
vt 0.987110 0.518133
vt 0.993352 0.521934
vt 0.987110 0.523001
vt 0.922449 0.934910
vt 0.925711 0.942754
vt 0.919162 0.945115
vt 0.870523 0.173089
vt 0.865033 0.171974
vt 0.865403 0.165190
vt 0.870734 0.163079
vt 0.867814 0.157471
vt 0.546486 0.984210
vt 0.546254 0.977370
vt 0.552469 0.979634
vt 0.938988 0.438761
vt 0.933213 0.436246
vt 0.933216 0.430492
vt 0.552469 0.985918
vt 0.944402 0.425886
vt 0.938877 0.426420
vt 0.665108 0.980741
vt 0.660832 0.985879
vt 0.660832 0.977370
vt 0.707207 0.968506
vt 0.706492 0.964001
vt 0.714047 0.963808
vt 0.944402 0.439089
vt 0.714360 0.968756
vt 0.712462 0.974866
vt 0.706492 0.972199
vt 0.809760 0.542277
vt 0.806057 0.546771
vt 0.806322 0.541852
vt 0.801939 0.546671
vt 0.801769 0.541685
vt 0.805671 0.551640
vt 0.839794 0.238680
vt 0.839300 0.243510
vt 0.834169 0.243520
vt 0.838681 0.248142
vt 0.801894 0.551524
vt 0.834204 0.248104
vt 0.838393 0.252647
vt 0.801869 0.556396
vt 0.872270 0.712387
vt 0.877862 0.712150
vt 0.877547 0.716291
vt 0.872517 0.716359
vt 0.877341 0.720484
vt 0.834158 0.252751
vt 0.873145 0.720636
vt 0.877111 0.724843
vt 0.838260 0.257404
vt 0.834101 0.257593
vt 0.838337 0.262102
vt 0.834367 0.262421
vt 0.805210 0.561604
vt 0.801863 0.566880
vt 0.801988 0.561527
vt 0.805385 0.556534
vt 0.931469 0.449366
vt 0.931266 0.445031
vt 0.935025 0.444888
vt 0.934707 0.440445
vt 0.935370 0.449279
vt 0.954303 0.012462
vt 0.958962 0.016556
vt 0.954113 0.016456
vt 0.948929 0.016719
vt 0.936081 0.453892
vt 0.931158 0.454459
vt 0.987110 0.308468
vt 0.987110 0.302900
vt 0.993570 0.304773
vt 0.948518 0.010058
vt 0.731656 0.955656
vt 0.730195 0.949006
vt 0.733035 0.950320
vt 0.516081 0.969582
vt 0.510647 0.968241
vt 0.512377 0.963808
vt 0.933176 0.458960
vt 0.809494 0.988103
vt 0.810317 0.992560
vt 0.807234 0.992560
vt 0.841333 0.445522
vt 0.846922 0.440615
vt 0.848012 0.445176
vt 0.971132 0.650674
vt 0.975408 0.651368
vt 0.974284 0.655223
vt 0.846319 0.450387
vt 0.841890 0.449966
vt 0.970559 0.655761
vt 0.967513 0.655340
vt 0.965546 0.650674
vt 0.851322 0.451292
vt 0.847606 0.456694
vt 0.844952 0.455718
vt 0.089867 0.968418
vt 0.094737 0.963808
vt 0.094737 0.970426
vt 0.092774 0.975869
vt 0.515121 0.971770
vt 0.510647 0.975217
vt 0.985634 0.110477
vt 0.979163 0.113857
vt 0.977613 0.110477
vt 0.984643 0.759445
vt 0.977913 0.757060
vt 0.984867 0.756848
vt 0.990607 0.253670
vt 0.989289 0.248901
vt 0.993675 0.248901
vt 0.988134 0.253251
vt 0.977613 0.759445
vt 0.472515 0.993185
vt 0.472515 0.988103
vt 0.475697 0.991223
vt 0.839613 0.399492
vt 0.840052 0.405611
vt 0.835933 0.405369
vt 0.366552 0.708767
vt 0.361116 0.713900
vt 0.361555 0.707782
vt 0.835144 0.399994
vt 0.367300 0.704568
vt 0.361273 0.703353
vt 0.836970 0.411865
vt 0.670968 0.975144
vt 0.671196 0.970039
vt 0.673983 0.969679
vt 0.670968 0.963993
vt 0.992973 0.924438
vt 0.987658 0.926734
vt 0.987110 0.924438
vt 0.839966 0.412006
vt 0.837448 0.418566
vt 0.673212 0.963808
vt 0.987110 0.724615
vt 0.987813 0.722858
vt 0.993285 0.724615
vt 0.841877 0.681252
vt 0.839892 0.674887
vt 0.842066 0.674916
vt 0.839585 0.668655
vt 0.842450 0.668881
vt 0.840194 0.681321
vt 0.809829 0.283489
vt 0.808682 0.289784
vt 0.806637 0.289352
vt 0.843974 0.461697
vt 0.841333 0.467611
vt 0.841383 0.461514
vt 0.841622 0.455709
vt 0.289087 0.619518
vt 0.288294 0.624737
vt 0.286243 0.624680
vt 0.286261 0.618808
vt 0.289696 0.614321
vt 0.364835 0.714591
vt 0.362798 0.720703
vt 0.050238 0.988103
vt 0.048612 0.993738
vt 0.046478 0.988103
vt 0.288140 0.630481
vt 0.360241 0.720231
vt 0.286203 0.630470
vt 0.361018 0.727026
vt 0.359017 0.726809
vt 0.359442 0.733526
vt 0.286226 0.636235
vt 0.357537 0.733061
vt 0.355967 0.739026
vt 0.287050 0.641346
vt 0.288563 0.636184
vt 0.358837 0.739777
vt 0.836176 0.436182
vt 0.836773 0.430754
vt 0.839663 0.431147
vt 0.839661 0.425058
vt 0.354761 0.744379
vt 0.839931 0.436581
vt 0.358468 0.745140
vt 0.354164 0.747965
vt 0.840052 0.440204
vt 0.357918 0.748673
vt 0.354403 0.750645
vt 0.836217 0.442751
vt 0.835349 0.440003
vt 0.019372 0.999258
vt 0.017080 0.995156
vt 0.019728 0.995156
vt 0.991763 0.293195
vt 0.993687 0.294288
vt 0.990155 0.296466
vt 0.211933 0.997762
vt 0.209954 0.998899
vt 0.209954 0.995156
vt 0.832780 0.443710
vt 0.212164 0.995936
vt 0.499719 0.997774
vt 0.499518 0.995745
vt 0.501541 0.995156
vt 0.437066 0.998370
vt 0.435219 0.997351
vt 0.435519 0.995687
vt 0.990148 0.293729
vt 0.196268 0.988104
vt 0.197867 0.988346
vt 0.197176 0.991231
vt 0.437066 0.995156
vt 0.987110 0.295521
vt 0.987209 0.293195
vt 0.195406 0.991008
vt 0.196582 0.993590
vt 0.804038 0.315519
vt 0.802856 0.313455
vt 0.805854 0.314014
vt 0.805359 0.315833
vt 0.197867 0.992592
vt 0.408790 0.995669
vt 0.409051 0.997941
vt 0.407275 0.998469
vt 0.989422 0.716662
vt 0.987153 0.716288
vt 0.987178 0.714432
vt 0.407275 0.995156
vt 0.990959 0.291914
vt 0.990353 0.287613
vt 0.993176 0.287999
vt 0.988840 0.288558
vt 0.989346 0.291533
vt 0.576362 0.972212
vt 0.576711 0.975233
vt 0.573412 0.975233
vt 0.573449 0.972160
vt 0.993638 0.291073
vt 0.575676 0.969579
vt 0.389824 0.990781
vt 0.387052 0.991050
vt 0.387028 0.988802
vt 0.389824 0.988104
vt 0.389542 0.993338
vt 0.764331 0.817143
vt 0.767862 0.816906
vt 0.767556 0.819470
vt 0.764707 0.819547
vt 0.767331 0.822109
vt 0.951363 0.926905
vt 0.951092 0.928910
vt 0.948518 0.928902
vt 0.953601 0.927251
vt 0.953416 0.928735
vt 0.767073 0.824507
vt 0.764898 0.822068
vt 0.957218 0.928685
vt 0.957259 0.927376
vt 0.573908 0.969620
vt 0.574078 0.967055
vt 0.575355 0.967205
vt 0.573917 0.964045
vt 0.575219 0.963808
vt 0.992065 0.283471
vt 0.993590 0.283790
vt 0.993287 0.286332
vt 0.896178 0.479114
vt 0.894552 0.476897
vt 0.896377 0.476762
vt 0.894740 0.479364
vt 0.333618 0.980880
vt 0.333397 0.977498
vt 0.334924 0.977370
vt 0.991981 0.280713
vt 0.993323 0.281487
vt 0.896537 0.482804
vt 0.333180 0.983997
vt 0.334968 0.981195
vt 0.894669 0.482713
vt 0.894574 0.485977
vt 0.897146 0.485828
vt 0.335270 0.983702
vt 0.897347 0.487921
vt 0.335270 0.986419
vt 0.332780 0.986061
vt 0.894463 0.488073
vt 0.896906 0.489884
vt 0.786179 0.995278
vt 0.787711 0.995156
vt 0.787711 0.997589
vt 0.785320 0.996800
vt 0.898750 0.490855
vt 0.898255 0.489546
vt 0.896861 0.491701
vt 0.894833 0.490153
vt 0.943729 0.995566
vt 0.943853 0.997050
vt 0.942223 0.997050
vt 0.894463 0.491850
vt 0.774914 0.996877
vt 0.775037 0.995401
vt 0.777348 0.995156
vt 0.777348 0.997599
vt 0.033794 0.996683
vt 0.033944 0.995156
vt 0.036060 0.995906
vt 0.942246 0.995156
vt 0.816040 0.995956
vt 0.818049 0.997520
vt 0.815949 0.997066
vt 0.034722 0.997320
vt 0.767845 0.835324
vt 0.765255 0.835273
vt 0.765340 0.833413
vt 0.036060 0.999266
vt 0.818049 0.995156
vt 0.767862 0.833310
vt 0.475022 0.921604
vt 0.471706 0.921942
vt 0.472342 0.919210
vt 0.474737 0.919589
vt 0.764814 0.831444
vt 0.767676 0.831191
vt 0.474389 0.923458
vt 0.960121 0.928910
vt 0.764930 0.828524
vt 0.767160 0.828341
vt 0.960029 0.927117
vt 0.962242 0.928825
vt 0.710398 0.990698
vt 0.710373 0.988315
vt 0.711677 0.988103
vt 0.712393 0.990959
vt 0.710373 0.992741
vt 0.841236 0.995156
vt 0.842949 0.997464
vt 0.841005 0.997464
vt 0.765057 0.824535
vt 0.474980 0.916707
vt 0.473616 0.912752
vt 0.475391 0.912761
vt 0.473244 0.916875
vt 0.475419 0.910296
vt 0.472462 0.923488
vt 0.746968 0.997554
vt 0.746678 0.995625
vt 0.748262 0.995156
vt 0.966993 0.599303
vt 0.967019 0.602469
vt 0.965546 0.602265
vt 0.146650 0.991289
vt 0.145892 0.988104
vt 0.148336 0.988198
vt 0.748262 0.997732
vt 0.148336 0.991451
vt 0.970098 0.601393
vt 0.969896 0.599318
vt 0.972279 0.599351
vt 0.972320 0.601192
vt 0.147981 0.993656
vt 0.973983 0.601005
vt 0.093122 0.999198
vt 0.093122 0.996442
vt 0.094336 0.997258
vt 0.094206 0.995156
vt 0.975582 0.600666
vt 0.973981 0.599303
vt 0.429183 0.998419
vt 0.429183 0.996411
vt 0.430614 0.997089
vt 0.430289 0.995156
vt 0.996397 0.066399
vt 0.996692 0.067079
vt 0.995410 0.067079
vt 0.975516 0.599304
vt 0.882759 0.995471
vt 0.883593 0.996156
vt 0.882759 0.997367
vt 0.883451 0.995156
vt 0.996730 0.054885
vt 0.995332 0.054885
vt 0.995597 0.053543
vt 0.995332 0.071126
vt 0.996658 0.070141
vt 0.996658 0.071243
vt 0.996374 0.120361
vt 0.996374 0.120838
vt 0.995332 0.120788
vt 0.128572 0.995657
vt 0.127580 0.995622
vt 0.127536 0.995156
vt 0.995770 0.045813
vt 0.995332 0.044686
vt 0.995791 0.044613
vt 0.127536 0.996611
vt 0.996760 0.044669
vt 0.127802 0.997837
vt 0.128727 0.996513
vt 0.996760 0.045959
vt 0.996545 0.094773
vt 0.995332 0.095525
vt 0.995332 0.094405
vt 0.127875 0.999105
vt 0.128655 0.997872
vt 0.996772 0.051602
vt 0.995795 0.052262
vt 0.995332 0.051602
vt 0.996786 0.047798
vt 0.995332 0.047798
vt 0.996454 0.047240
vt 0.996540 0.095495
vt 0.897342 0.503898
vt 0.896912 0.502656
vt 0.897851 0.502441
vt 0.897789 0.501259
vt 0.898182 0.503617
vt 0.897816 0.505280
vt 0.499617 0.992642
vt 0.498817 0.991141
vt 0.499732 0.991229
vt 0.499875 0.989953
vt 0.540126 0.991116
vt 0.539322 0.991154
vt 0.539119 0.989891
vt 0.540173 0.989659
vt 0.498790 0.989670
vt 0.498756 0.992578
vt 0.539459 0.992445
vt 0.540204 0.992537
vt 0.188862 0.991646
vt 0.189842 0.990444
vt 0.189659 0.991725
vt 0.188841 0.992942
vt 0.189466 0.993049
vt 0.188893 0.990373
vt 0.128620 0.999143
vt 0.996631 0.084252
vt 0.995332 0.084307
vt 0.995332 0.083537
vt 0.897818 0.996607
vt 0.898228 0.995156
vt 0.898578 0.996413
vt 0.996025 0.150003
vt 0.996166 0.150675
vt 0.995332 0.150675
vt 0.995697 0.149874
vt 0.996812 0.036435
vt 0.995332 0.035747
vt 0.996655 0.035627
vt 0.898578 0.997140
vt 0.898299 0.997317
vt 0.995960 0.157396
vt 0.995678 0.157574
vt 0.995332 0.157396
vt 0.189165 0.993673
vt 0.188775 0.993595
vt 0.539959 0.993216
vt 0.539519 0.993166
vt 0.995995 0.154138
vt 0.995376 0.154138
vt 0.995332 0.153733
vt 0.995623 0.153568
vt 0.499306 0.993236
vt 0.498952 0.993254
vt 0.996087 0.153795
vt 0.996202 0.145174
vt 0.995581 0.144536
vt 0.996094 0.144521
vt 0.995332 0.036387
vt 0.898686 0.505035
vt 0.995332 0.145174
vt 0.498756 0.988104
vt 0.500126 0.988725
vt 0.538980 0.988538
vt 0.540204 0.988104
vt 0.188855 0.989039
vt 0.190081 0.989078
vt 0.189941 0.988104
vt 0.996663 0.077937
vt 0.995332 0.077937
vt 0.995893 0.077369
vt 0.996633 0.081447
vt 0.996360 0.082256
vt 0.995332 0.081447
vt 0.995332 0.029536
vt 0.995363 0.028637
vt 0.996417 0.028511
vt 0.995332 0.137812
vt 0.996154 0.137485
vt 0.996292 0.137812
vt 0.995332 0.028234
vt 0.896419 0.501536
vt 0.896340 0.500567
vt 0.897412 0.500354
vt 0.996822 0.029327
vt 0.896241 0.500054
vt 0.363546 0.986382
vt 0.362591 0.985828
vt 0.363700 0.985848
vt 0.363803 0.984509
vt 0.895969 0.498690
vt 0.897466 0.499873
vt 0.897312 0.498416
vt 0.896955 0.496574
vt 0.895698 0.496737
vt 0.362316 0.984391
vt 0.363497 0.982800
vt 0.362071 0.982670
vt 0.363508 0.980488
vt 0.896758 0.494220
vt 0.895141 0.494388
vt 0.361935 0.980342
vt 0.363803 0.977862
vt 0.361973 0.977370
vt 0.529884 0.980146
vt 0.527949 0.977454
vt 0.530231 0.977370
vt 0.527913 0.980074
vt 0.528169 0.982329
vt 0.529820 0.982414
vt 0.075342 0.995156
vt 0.076753 0.997137
vt 0.075516 0.997310
vt 0.464340 0.989733
vt 0.462828 0.990103
vt 0.462803 0.988104
vt 0.464832 0.992130
vt 0.530231 0.984224
vt 0.528487 0.983945
vt 0.528952 0.985486
vt 0.530141 0.985678
vt 0.076734 0.999048
vt 0.075342 0.999214
vt 0.529375 0.986133
vt 0.995332 0.066329
vt 0.188775 0.988164
vt 0.462803 0.993264
vt 0.712818 0.992818
vt 0.473357 0.910434
vt 0.990598 0.282350
vt 0.475352 0.907775
vt 0.990658 0.285787
vt 0.472425 0.907815
vt 0.988616 0.284239
vt 0.471706 0.905283
vt 0.474961 0.905356
vt 0.987110 0.286332
vt 0.282135 0.998773
vt 0.279730 0.996782
vt 0.282135 0.995156
vt 0.501541 0.998239
vt 0.987110 0.291914
vt 0.990245 0.714101
vt 0.993119 0.715625
vt 0.990737 0.712178
vt 0.991538 0.717346
vt 0.987110 0.712178
vt 0.843885 0.703135
vt 0.839585 0.704042
vt 0.839707 0.700689
vt 0.806313 0.311726
vt 0.809507 0.309339
vt 0.809829 0.312747
vt 0.843543 0.706325
vt 0.843050 0.698968
vt 0.831700 0.440499
vt 0.920953 0.458510
vt 0.917139 0.459662
vt 0.917234 0.455248
vt 0.920837 0.454583
vt 0.917626 0.449584
vt 0.840215 0.694532
vt 0.842323 0.693542
vt 0.840395 0.687849
vt 0.806096 0.308538
vt 0.805809 0.302620
vt 0.808338 0.302989
vt 0.807981 0.296233
vt 0.802928 0.310759
vt 0.803099 0.307170
vt 0.842008 0.687560
vt 0.805958 0.295990
vt 0.920295 0.449219
vt 0.917674 0.443771
vt 0.919694 0.443500
vt 0.917139 0.438002
vt 0.837314 0.424904
vt 0.919024 0.437597
vt 0.803690 0.301819
vt 0.289696 0.641741
vt 0.358003 0.751363
vt 0.840014 0.418674
vt 0.981658 0.537993
vt 0.985126 0.539844
vt 0.979371 0.540522
vt 0.977613 0.537993
vt 0.987110 0.249306
vt 0.987110 0.981963
vt 0.992900 0.981963
vt 0.990209 0.984020
vt 0.980148 0.749781
vt 0.977613 0.745169
vt 0.984786 0.745169
vt 0.391105 0.988104
vt 0.394524 0.992683
vt 0.391105 0.993305
vt 0.730195 0.961569
vt 0.734037 0.957120
vt 0.977613 0.498749
vt 0.981816 0.494394
vt 0.985077 0.498749
vt 0.544088 0.821939
vt 0.542398 0.827443
vt 0.987110 0.945400
vt 0.992818 0.940675
vt 0.992818 0.945912
vt 0.958117 0.514653
vt 0.956710 0.508983
vt 0.962810 0.508948
vt 0.948518 0.508948
vt 0.954677 0.514011
vt 0.984847 0.596366
vt 0.984912 0.601380
vt 0.977613 0.601380
vt 0.656468 0.953901
vt 0.659182 0.961474
vt 0.653874 0.957366
vt 0.651501 0.949006
vt 0.659182 0.949666
vt 0.978346 0.596418
vt 0.824397 0.925153
vt 0.826356 0.931616
vt 0.822696 0.933719
vt 0.817342 0.923006
vt 0.826356 0.917685
vt 0.820442 0.914483
vt 0.961885 0.822578
vt 0.949378 0.823230
vt 0.948518 0.817162
vt 0.962326 0.817162
vt 0.818948 0.952141
vt 0.817391 0.960962
vt 0.814131 0.954112
vt 0.811658 0.961322
vt 0.897909 0.969616
vt 0.892480 0.974538
vt 0.891065 0.963808
vt 0.811658 0.949006
vt 0.898792 0.963808
vt 0.610519 0.925393
vt 0.619263 0.917604
vt 0.617965 0.926550
vt 0.993954 0.059929
vt 0.987110 0.063204
vt 0.987110 0.058927
vt 0.622210 0.926791
vt 0.618505 0.909172
vt 0.611167 0.913023
vt 0.932338 0.065407
vt 0.928285 0.074317
vt 0.926700 0.065307
vt 0.932504 0.075127
vt 0.624511 0.923364
vt 0.933715 0.079514
vt 0.262617 0.981991
vt 0.263161 0.986269
vt 0.258981 0.986365
vt 0.258981 0.979159
vt 0.507237 0.939860
vt 0.509167 0.946752
vt 0.500269 0.945619
vt 0.508279 0.935729
vt 0.499870 0.939525
vt 0.264060 0.977370
vt 0.993135 0.784112
vt 0.987110 0.784112
vt 0.989571 0.780740
vt 0.494739 0.946752
vt 0.494230 0.938284
vt 0.499815 0.932480
vt 0.494411 0.933619
vt 0.977613 0.383267
vt 0.985234 0.383267
vt 0.981104 0.387020
vt 0.687237 0.915864
vt 0.683073 0.914543
vt 0.887875 0.876190
vt 0.895767 0.879036
vt 0.889811 0.880045
vt 0.977613 0.561483
vt 0.985025 0.561483
vt 0.979229 0.565153
vt 0.978288 0.082936
vt 0.983205 0.079633
vt 0.985618 0.082936
vt 0.977613 0.078602
vt 0.933715 0.060341
vt 0.610785 0.907478
vt 0.977613 0.544420
vt 0.980427 0.541803
vt 0.985119 0.544420
vt 0.607245 0.907039
vt 0.605914 0.914383
vt 0.079252 0.981211
vt 0.084316 0.979164
vt 0.084316 0.986600
vt 0.960096 0.741836
vt 0.949078 0.742071
vt 0.948518 0.737036
vt 0.962570 0.737036
vt 0.605914 0.928786
vt 0.987110 0.645602
vt 0.992866 0.640716
vt 0.993191 0.645602
vt 0.874197 0.156607
vt 0.875611 0.162840
vt 0.875611 0.174237
vt 0.079991 0.977370
vt 0.923061 0.926887
vt 0.925711 0.930497
vt 0.921736 0.929259
vt 0.918332 0.927891
vt 0.888474 0.852658
vt 0.883089 0.854537
vt 0.884041 0.850720
vt 0.884326 0.858160
vt 0.977613 0.763201
vt 0.979789 0.760725
vt 0.984872 0.763201
vt 0.880776 0.861633
vt 0.187494 0.988104
vt 0.187494 0.993526
vt 0.183540 0.992949
vt 0.183147 0.988695
vt 0.977613 0.626412
vt 0.984885 0.628094
vt 0.977613 0.631194
vt 0.931158 0.425971
vt 0.934674 0.421966
vt 0.640774 0.971948
vt 0.639466 0.966097
vt 0.645051 0.963808
vt 0.645051 0.975061
vt 0.984766 0.711112
vt 0.958609 0.517778
vt 0.962808 0.515821
vt 0.993317 0.584036
vt 0.991196 0.587529
vt 0.987110 0.584036
vt 0.903826 0.974264
vt 0.900073 0.967883
vt 0.904364 0.968918
vt 0.394553 0.988503
vt 0.948518 0.699411
vt 0.953796 0.701894
vt 0.950564 0.703867
vt 0.900073 0.974700
vt 0.851298 0.667345
vt 0.850157 0.671485
vt 0.846467 0.670281
vt 0.662309 0.964461
vt 0.668018 0.969152
vt 0.662615 0.968950
vt 0.845972 0.666255
vt 0.669687 0.963808
vt 0.901842 0.963808
vt 0.958512 0.699581
vt 0.957114 0.696252
vt 0.962523 0.695924
vt 0.667727 0.974804
vt 0.665420 0.974534
vt 0.850302 0.181832
vt 0.854616 0.180588
vt 0.855350 0.186321
vt 0.877787 0.961457
vt 0.874679 0.955401
vt 0.877805 0.955616
vt 0.848794 0.176986
vt 0.952329 0.697397
vt 0.344709 0.990635
vt 0.347950 0.988104
vt 0.347950 0.993362
vt 0.853913 0.175682
vt 0.948560 0.695924
vt 0.980747 0.751061
vt 0.978138 0.755567
vt 0.977613 0.752594
vt 0.975090 0.781448
vt 0.965546 0.779289
vt 0.969275 0.776986
vt 0.975090 0.774174
vt 0.984773 0.755567
vt 0.859285 0.180364
vt 0.859513 0.186537
vt 0.354345 0.708760
vt 0.349409 0.714159
vt 0.349224 0.707952
vt 0.355198 0.704462
vt 0.860117 0.175743
vt 0.348798 0.703382
vt 0.355085 0.700978
vt 0.349906 0.700016
vt 0.346094 0.701313
vt 0.988144 0.568633
vt 0.987110 0.565876
vt 0.993371 0.565876
vt 0.355354 0.698077
vt 0.348077 0.696433
vt 0.993639 0.266447
vt 0.987883 0.271251
vt 0.987110 0.268516
vt 0.361205 0.697462
vt 0.993639 0.271729
vt 0.367871 0.696492
vt 0.362685 0.691254
vt 0.361439 0.701168
vt 0.358338 0.701297
vt 0.368476 0.701300
vt 0.977613 0.785221
vt 0.982491 0.790003
vt 0.977613 0.789334
vt 0.983829 0.444450
vt 0.985132 0.449268
vt 0.978249 0.449107
vt 0.984696 0.784597
vt 0.977613 0.444450
vt 0.984587 0.934656
vt 0.977613 0.932456
vt 0.984587 0.930161
vt 0.987110 0.197740
vt 0.990912 0.193170
vt 0.993771 0.197740
vt 0.339128 0.697987
vt 0.339904 0.694620
vt 0.917338 0.319004
vt 0.349811 0.688412
vt 0.816305 0.189234
vt 0.813974 0.180143
vt 0.816738 0.192632
vt 0.342880 0.685585
vt 0.987110 0.969917
vt 0.992221 0.964477
vt 0.992779 0.969917
vt 0.987764 0.964639
vt 0.345885 0.682302
vt 0.009718 0.993840
vt 0.006942 0.988104
vt 0.009850 0.988104
vt 0.352705 0.714719
vt 0.350969 0.720968
vt 0.348488 0.720672
vt 0.856989 0.192982
vt 0.859962 0.193094
vt 0.706715 0.204525
vt 0.707129 0.210753
vt 0.704944 0.211044
vt 0.857459 0.199871
vt 0.704127 0.204904
vt 0.874679 0.949006
vt 0.877171 0.949631
vt 0.844665 0.073530
vt 0.842315 0.066878
vt 0.844619 0.066655
vt 0.842396 0.060763
vt 0.844799 0.060341
vt 0.842524 0.073771
vt 0.876101 0.066318
vt 0.875264 0.073106
vt 0.873058 0.072839
vt 0.873437 0.066132
vt 0.874630 0.060423
vt 0.877679 0.060341
vt 0.849014 0.676850
vt 0.848009 0.681834
vt 0.846035 0.681617
vt 0.846698 0.676032
vt 0.662309 0.974927
vt 0.845972 0.687499
vt 0.847943 0.687736
vt 0.347382 0.727604
vt 0.349625 0.727691
vt 0.348030 0.734886
vt 0.846037 0.693999
vt 0.345910 0.734420
vt 0.344568 0.741470
vt 0.846592 0.700147
vt 0.848094 0.694101
vt 0.346927 0.741839
vt 0.860101 0.214255
vt 0.857515 0.206973
vt 0.860014 0.207085
vt 0.928315 0.593629
vt 0.924734 0.594012
vt 0.925938 0.586409
vt 0.342976 0.747267
vt 0.927986 0.599676
vt 0.707644 0.224931
vt 0.705048 0.217628
vt 0.707474 0.217405
vt 0.704368 0.225038
vt 0.922810 0.599783
vt 0.707804 0.231007
vt 0.844954 0.088085
vt 0.842682 0.080936
vt 0.844618 0.080636
vt 0.842554 0.088280
vt 0.704127 0.232041
vt 0.842436 0.095429
vt 0.846988 0.094328
vt 0.873751 0.093651
vt 0.872916 0.087358
vt 0.875914 0.087644
vt 0.875043 0.080224
vt 0.877518 0.094931
vt 0.874018 0.096831
vt 0.870565 0.095829
vt 0.870822 0.093348
vt 0.877679 0.097258
vt 0.825503 0.992009
vt 0.821545 0.992489
vt 0.821555 0.990192
vt 0.825503 0.990121
vt 0.962593 0.988513
vt 0.964458 0.988103
vt 0.964458 0.992325
vt 0.245965 0.995156
vt 0.245965 0.998868
vt 0.244165 0.997897
vt 0.990397 0.611918
vt 0.989642 0.609806
vt 0.993328 0.611384
vt 0.345235 0.752740
vt 0.342560 0.750151
vt 0.345681 0.750613
vt 0.342133 0.752510
vt 0.987674 0.612742
vt 0.987110 0.610580
vt 0.925290 0.606776
vt 0.924128 0.605143
vt 0.928315 0.604990
vt 0.928208 0.602589
vt 0.235066 0.998912
vt 0.235066 0.995156
vt 0.236312 0.996992
vt 0.543640 0.998181
vt 0.541809 0.997887
vt 0.541853 0.995690
vt 0.990387 0.069306
vt 0.987401 0.070317
vt 0.988384 0.068534
vt 0.357398 0.998655
vt 0.355667 0.998003
vt 0.356016 0.995713
vt 0.543640 0.995156
vt 0.982452 0.960842
vt 0.984527 0.960118
vt 0.984326 0.963056
vt 0.223130 0.997016
vt 0.226613 0.996823
vt 0.226286 0.998822
vt 0.226052 0.995156
vt 0.982111 0.963267
vt 0.223038 0.998794
vt 0.979568 0.961435
vt 0.981005 0.958314
vt 0.978730 0.960002
vt 0.979440 0.963202
vt 0.977613 0.961832
vt 0.318126 0.338133
vt 0.316614 0.336076
vt 0.318515 0.336151
vt 0.039309 0.981953
vt 0.041958 0.984483
vt 0.038707 0.984737
vt 0.041056 0.981668
vt 0.316601 0.338126
vt 0.039366 0.979848
vt 0.605896 0.997992
vt 0.603413 0.995883
vt 0.605896 0.995156
vt 0.380195 0.951591
vt 0.382264 0.951529
vt 0.381937 0.953449
vt 0.380195 0.949006
vt 0.040720 0.979617
vt 0.380466 0.955836
vt 0.380346 0.953464
vt 0.381993 0.956063
vt 0.039186 0.977370
vt 0.316429 0.340782
vt 0.315313 0.340896
vt 0.315367 0.338255
vt 0.701632 0.095712
vt 0.699515 0.093294
vt 0.701821 0.093288
vt 0.699492 0.091298
vt 0.702164 0.091346
vt 0.699425 0.096029
vt 0.763917 0.698641
vt 0.762869 0.695718
vt 0.764388 0.695907
vt 0.764518 0.693913
vt 0.125134 0.980026
vt 0.124798 0.977409
vt 0.126236 0.977370
vt 0.977619 0.963267
vt 0.762834 0.698610
vt 0.126399 0.979974
vt 0.762596 0.693749
vt 0.125166 0.983253
vt 0.316010 0.344179
vt 0.317866 0.341095
vt 0.318156 0.344297
vt 0.126797 0.983337
vt 0.315697 0.347575
vt 0.127396 0.986043
vt 0.124798 0.986685
vt 0.318520 0.347509
vt 0.317842 0.349287
vt 0.719382 0.996005
vt 0.719690 0.997747
vt 0.717485 0.997747
vt 0.717797 0.995156
vt 0.928515 0.995156
vt 0.926963 0.996918
vt 0.926955 0.995281
vt 0.928515 0.997166
vt 0.315720 0.349264
vt 0.318083 0.350834
vt 0.847843 0.995526
vt 0.847843 0.997461
vt 0.846575 0.997378
vt 0.315279 0.350678
vt 0.573387 0.995598
vt 0.575175 0.998089
vt 0.573242 0.997528
vt 0.846379 0.995156
vt 0.794819 0.997611
vt 0.796475 0.995932
vt 0.796334 0.997234
vt 0.575175 0.995156
vt 0.791766 0.995876
vt 0.793538 0.997606
vt 0.791823 0.997164
vt 0.794819 0.995156
vt 0.702040 0.105437
vt 0.699615 0.103662
vt 0.702125 0.103716
vt 0.702234 0.102001
vt 0.793538 0.995156
vt 0.112386 0.980516
vt 0.110258 0.977793
vt 0.112663 0.977370
vt 0.698926 0.105303
vt 0.699393 0.108276
vt 0.110198 0.980555
vt 0.701457 0.108344
vt 0.701049 0.110797
vt 0.110489 0.982936
vt 0.699436 0.110532
vt 0.112305 0.983052
vt 0.110898 0.984362
vt 0.699339 0.112159
vt 0.700955 0.112295
vt 0.699451 0.113803
vt 0.123338 0.996954
vt 0.122021 0.996457
vt 0.123011 0.995156
vt 0.343155 0.995156
vt 0.344366 0.996392
vt 0.343076 0.996929
vt 0.344366 0.998085
vt 0.996390 0.014762
vt 0.996543 0.015463
vt 0.995332 0.015463
vt 0.700705 0.113928
vt 0.343337 0.998197
vt 0.343607 0.998716
vt 0.996917 0.014460
vt 0.995403 0.014684
vt 0.987972 0.976782
vt 0.987110 0.976755
vt 0.987112 0.975703
vt 0.996468 0.105331
vt 0.995792 0.105753
vt 0.995332 0.105331
vt 0.987723 0.986477
vt 0.987110 0.985550
vt 0.987940 0.985471
vt 0.989214 0.986279
vt 0.913804 0.995157
vt 0.914631 0.995217
vt 0.914709 0.996012
vt 0.913442 0.995968
vt 0.914186 0.997249
vt 0.990457 0.986211
vt 0.989437 0.985340
vt 0.993698 0.999358
vt 0.993033 0.998239
vt 0.993728 0.998125
vt 0.913448 0.997249
vt 0.318067 0.362879
vt 0.316970 0.361874
vt 0.318038 0.361741
vt 0.317854 0.360408
vt 0.993033 0.999359
vt 0.317613 0.364719
vt 0.317149 0.363042
vt 0.318520 0.364627
vt 0.980350 0.996763
vt 0.979623 0.996935
vt 0.979623 0.995156
vt 0.980309 0.995186
vt 0.996019 0.155618
vt 0.996061 0.156115
vt 0.995332 0.156115
vt 0.995713 0.155419
vt 0.991978 0.986477
vt 0.990581 0.985301
vt 0.992738 0.986309
vt 0.992227 0.985659
vt 0.990609 0.976511
vt 0.989465 0.976598
vt 0.989567 0.975611
vt 0.990644 0.975617
vt 0.992454 0.975984
vt 0.992271 0.976782
vt 0.412933 0.992712
vt 0.412863 0.990910
vt 0.413744 0.990946
vt 0.992959 0.976416
vt 0.413448 0.993274
vt 0.412911 0.993384
vt 0.413746 0.992694
vt 0.995332 0.122178
vt 0.996337 0.122119
vt 0.996120 0.122446
vt 0.996291 0.135837
vt 0.995733 0.136204
vt 0.995332 0.135837
vt 0.436707 0.992741
vt 0.437336 0.993254
vt 0.436919 0.993321
vt 0.995539 0.122494
vt 0.996225 0.123011
vt 0.437594 0.992727
vt 0.436732 0.990968
vt 0.436669 0.989577
vt 0.437931 0.989877
vt 0.437682 0.991019
vt 0.413764 0.989560
vt 0.436669 0.988103
vt 0.438140 0.988543
vt 0.412553 0.989886
vt 0.412533 0.988492
vt 0.413764 0.988104
vt 0.988112 0.975397
vt 0.996275 0.079285
vt 0.995332 0.080166
vt 0.995375 0.079218
vt 0.996631 0.080166
vt 0.995332 0.019596
vt 0.995628 0.018643
vt 0.996584 0.018782
vt 0.111808 0.986704
vt 0.112528 0.986069
vt 0.112663 0.986472
vt 0.995332 0.132410
vt 0.995396 0.131966
vt 0.996313 0.132410
vt 0.995332 0.109034
vt 0.996456 0.109034
vt 0.996196 0.109471
vt 0.996876 0.019596
vt 0.316631 0.359773
vt 0.316624 0.360576
vt 0.317638 0.359610
vt 0.316602 0.359317
vt 0.111390 0.986025
vt 0.112557 0.984436
vt 0.329666 0.986161
vt 0.329477 0.984543
vt 0.331026 0.985246
vt 0.330800 0.986452
vt 0.330811 0.983582
vt 0.329379 0.983203
vt 0.316458 0.358077
vt 0.316255 0.356254
vt 0.317681 0.356261
vt 0.330822 0.980934
vt 0.317735 0.353560
vt 0.315714 0.353557
vt 0.329533 0.980574
vt 0.331499 0.978055
vt 0.800978 0.988287
vt 0.802132 0.990424
vt 0.801058 0.990785
vt 0.802341 0.988104
vt 0.598348 0.997842
vt 0.596963 0.995159
vt 0.598348 0.995156
vt 0.122021 0.999146
vt 0.596279 0.998035
vt 0.208097 0.991162
vt 0.207544 0.988104
vt 0.209627 0.988330
vt 0.209627 0.991339
vt 0.209222 0.993584
vt 0.802137 0.992148
vt 0.800978 0.992664
vt 0.317983 0.358082
vt 0.995580 0.043332
vt 0.995332 0.042222
vt 0.996573 0.042605
vt 0.317908 0.359247
vt 0.996782 0.043332
vt 0.995423 0.141083
vt 0.996082 0.141528
vt 0.995332 0.141644
vt 0.996217 0.141083
vt 0.995332 0.147931
vt 0.996199 0.147931
vt 0.995827 0.148225
vt 0.995858 0.148594
vt 0.992784 0.985929
vt 0.995332 0.122955
vt 0.329379 0.977370
vt 0.871641 0.997248
vt 0.873140 0.995156
vt 0.873140 0.997348
vt 0.871310 0.995283
vt 0.676184 0.995156
vt 0.674365 0.997834
vt 0.673773 0.995156
vt 0.699436 0.102130
vt 0.701697 0.099034
vt 0.380570 0.962149
vt 0.380346 0.959132
vt 0.382230 0.959223
vt 0.699117 0.099498
vt 0.763456 0.702073
vt 0.761844 0.701890
vt 0.763653 0.704716
vt 0.455105 0.998353
vt 0.453681 0.997423
vt 0.455105 0.995156
vt 0.481507 0.995156
vt 0.479745 0.998238
vt 0.479813 0.995341
vt 0.760839 0.704442
vt 0.761281 0.706224
vt 0.763277 0.706288
vt 0.482680 0.998238
vt 0.699413 0.088813
vt 0.764622 0.691428
vt 0.699169 0.086541
vt 0.702605 0.086310
vt 0.761508 0.691284
vt 0.764370 0.689157
vt 0.702707 0.088654
vt 0.702278 0.084670
vt 0.570256 0.998101
vt 0.570256 0.995156
vt 0.571928 0.995825
vt 0.507192 0.998251
vt 0.505447 0.996725
vt 0.507192 0.995156
vt 0.470643 0.998301
vt 0.470643 0.995156
vt 0.472447 0.997552
vt 0.042198 0.986691
vt 0.038350 0.986691
vt 0.181953 0.995156
vt 0.183358 0.998278
vt 0.181953 0.999000
vt 0.183460 0.995710
vt 0.571961 0.998010
vt 0.825011 0.988536
vt 0.822445 0.988104
vt 0.992462 0.612742
vt 0.990713 0.071189
vt 0.993047 0.068534
vt 0.993870 0.070702
vt 0.223038 0.995436
vt 0.990445 0.074173
vt 0.987110 0.072897
vt 0.845857 0.099607
vt 0.842315 0.097733
vt 0.846418 0.096874
vt 0.842602 0.099972
vt 0.275832 0.995156
vt 0.278449 0.995156
vt 0.278357 0.998768
vt 0.043409 0.995156
vt 0.043409 0.999260
vt 0.041080 0.997842
vt 0.923147 0.602709
vt 0.698926 0.085155
vt 0.760839 0.689092
vt 0.357398 0.995156
vt 0.345984 0.748137
vt 0.846849 0.705543
vt 0.848846 0.700336
vt 0.872785 0.080120
vt 0.860117 0.200119
vt 0.434528 0.575665
vt 0.434334 0.580181
vt 0.429685 0.579160
vt 0.429706 0.585033
vt 0.959464 0.012951
vt 0.434310 0.585053
vt 0.429758 0.590209
vt 0.964157 0.016719
vt 0.434528 0.590325
vt 0.430057 0.595482
vt 0.948518 0.061617
vt 0.953800 0.061617
vt 0.953479 0.064794
vt 0.149617 0.988103
vt 0.152196 0.992096
vt 0.149617 0.993642
vt 0.958777 0.064492
vt 0.665163 0.988104
vt 0.661876 0.992843
vt 0.661603 0.988104
vt 0.931158 0.440370
vt 0.644336 0.992916
vt 0.641319 0.988456
vt 0.644336 0.988104
vt 0.805140 0.566958
vt 0.069195 0.988103
vt 0.071450 0.989512
vt 0.069195 0.993788
vt 0.804744 0.572339
vt 0.702815 0.920330
vt 0.699997 0.920335
vt 0.700408 0.915323
vt 0.804708 0.577794
vt 0.802074 0.572384
vt 0.703076 0.915395
vt 0.964121 0.092734
vt 0.959070 0.095665
vt 0.959185 0.092670
vt 0.953859 0.092670
vt 0.953696 0.095500
vt 0.953461 0.436476
vt 0.953396 0.439714
vt 0.948518 0.439482
vt 0.702610 0.924868
vt 0.433168 0.616474
vt 0.429790 0.620645
vt 0.429857 0.616357
vt 0.433466 0.611663
vt 0.429932 0.611432
vt 0.957745 0.436243
vt 0.961284 0.440159
vt 0.957637 0.440284
vt 0.961199 0.436243
vt 0.433076 0.620801
vt 0.429848 0.624079
vt 0.429717 0.626098
vt 0.432933 0.624268
vt 0.963152 0.439032
vt 0.963271 0.436688
vt 0.987110 0.876599
vt 0.987470 0.874950
vt 0.990152 0.875544
vt 0.303734 0.998733
vt 0.302161 0.995773
vt 0.303734 0.995156
vt 0.301800 0.998114
vt 0.984704 0.844072
vt 0.981262 0.843156
vt 0.983136 0.841984
vt 0.993057 0.876650
vt 0.991739 0.874950
vt 0.980798 0.839614
vt 0.983026 0.840253
vt 0.989967 0.877600
vt 0.544965 0.997787
vt 0.547740 0.995156
vt 0.547740 0.998110
vt 0.982666 0.529564
vt 0.985084 0.526193
vt 0.985084 0.529746
vt 0.332935 0.995156
vt 0.334721 0.997991
vt 0.332935 0.998691
vt 0.334892 0.996091
vt 0.982247 0.526447
vt 0.980030 0.529165
vt 0.544921 0.995260
vt 0.979655 0.527281
vt 0.599629 0.997445
vt 0.602111 0.995156
vt 0.602133 0.998001
vt 0.286203 0.581150
vt 0.289673 0.580767
vt 0.289673 0.583612
vt 0.286489 0.583690
vt 0.289260 0.586181
vt 0.599741 0.995156
vt 0.286745 0.586111
vt 0.286965 0.588244
vt 0.289001 0.588276
vt 0.652082 0.995156
vt 0.652082 0.997951
vt 0.650712 0.996475
vt 0.862359 0.995156
vt 0.862359 0.997348
vt 0.860341 0.997127
vt 0.977856 0.529149
vt 0.977613 0.527547
vt 0.027829 0.968433
vt 0.026453 0.966148
vt 0.028011 0.966017
vt 0.865303 0.997363
vt 0.863640 0.997363
vt 0.863743 0.995156
vt 0.832494 0.997505
vt 0.830690 0.995156
vt 0.832515 0.995156
vt 0.919985 0.997208
vt 0.917970 0.997208
vt 0.917977 0.995156
vt 0.483961 0.998314
vt 0.483961 0.995156
vt 0.485297 0.996114
vt 0.739435 0.997735
vt 0.738217 0.995156
vt 0.739929 0.995156
vt 0.672187 0.990936
vt 0.674117 0.990634
vt 0.674246 0.992909
vt 0.029634 0.971139
vt 0.027201 0.971285
vt 0.029812 0.974209
vt 0.674246 0.988104
vt 0.539479 0.995156
vt 0.540528 0.998148
vt 0.537813 0.998148
vt 0.026818 0.974339
vt 0.967390 0.193353
vt 0.965588 0.193663
vt 0.965546 0.190673
vt 0.967453 0.191023
vt 0.027107 0.975999
vt 0.948518 0.376314
vt 0.948560 0.373961
vt 0.950184 0.373974
vt 0.602215 0.993008
vt 0.599877 0.990845
vt 0.601874 0.990891
vt 0.968928 0.191190
vt 0.950064 0.376561
vt 0.952398 0.376389
vt 0.952447 0.374204
vt 0.781627 0.997590
vt 0.784039 0.995698
vt 0.783804 0.997521
vt 0.781627 0.995156
vt 0.805266 0.995545
vt 0.806829 0.995156
vt 0.806829 0.997584
vt 0.805304 0.997404
vt 0.849342 0.997088
vt 0.850913 0.995156
vt 0.850913 0.997429
vt 0.615467 0.979930
vt 0.614981 0.977370
vt 0.617255 0.977577
vt 0.617255 0.979960
vt 0.288830 0.601685
vt 0.286934 0.601632
vt 0.286844 0.599239
vt 0.289183 0.599353
vt 0.287260 0.597616
vt 0.849124 0.995342
vt 0.289221 0.597637
vt 0.289339 0.595944
vt 0.039799 0.997606
vt 0.039407 0.999257
vt 0.037628 0.999121
vt 0.286987 0.595985
vt 0.286773 0.593540
vt 0.288997 0.593342
vt 0.037341 0.997239
vt 0.039799 0.995156
vt 0.602215 0.989105
vt 0.600670 0.988104
vt 0.504166 0.998272
vt 0.502822 0.996210
vt 0.504166 0.995156
vt 0.217292 0.993459
vt 0.215423 0.990589
vt 0.217173 0.990898
vt 0.214296 0.993532
vt 0.724172 0.961598
vt 0.722533 0.961314
vt 0.723422 0.958747
vt 0.217292 0.988191
vt 0.724418 0.958871
vt 0.724747 0.956383
vt 0.216002 0.988104
vt 0.744238 0.997748
vt 0.745397 0.995156
vt 0.745397 0.997754
vt 0.723495 0.956151
vt 0.724899 0.954240
vt 0.692468 0.997856
vt 0.691378 0.995751
vt 0.692468 0.995156
vt 0.979670 0.664531
vt 0.977613 0.664644
vt 0.977668 0.663426
vt 0.723162 0.954000
vt 0.725095 0.951806
vt 0.979743 0.662941
vt 0.982232 0.664644
vt 0.722226 0.951601
vt 0.721500 0.949006
vt 0.725095 0.949252
vt 0.982409 0.662299
vt 0.984867 0.664636
vt 0.981042 0.659952
vt 0.021152 0.996960
vt 0.023940 0.999179
vt 0.021009 0.999220
vt 0.984788 0.661465
vt 0.024367 0.996898
vt 0.425046 0.998425
vt 0.423164 0.995902
vt 0.425046 0.995156
vt 0.516391 0.998257
vt 0.515085 0.997157
vt 0.516391 0.995156
vt 0.021271 0.995156
vt 0.024299 0.995156
vt 0.989805 0.606391
vt 0.990803 0.608227
vt 0.987110 0.608526
vt 0.987496 0.606305
vt 0.993365 0.606304
vt 0.144217 0.995156
vt 0.145943 0.997655
vt 0.144217 0.999078
vt 0.801928 0.591228
vt 0.805242 0.587003
vt 0.805711 0.591035
vt 0.801769 0.587197
vt 0.990523 0.858194
vt 0.987110 0.854026
vt 0.990766 0.854126
vt 0.992580 0.857215
vt 0.993002 0.855348
vt 0.801827 0.582834
vt 0.804840 0.582665
vt 0.699202 0.929151
vt 0.702935 0.928976
vt 0.703076 0.932253
vt 0.699257 0.933009
vt 0.699621 0.924903
vt 0.801936 0.577816
vt 0.835914 0.276477
vt 0.835284 0.272228
vt 0.838636 0.271847
vt 0.838375 0.267172
vt 0.969490 0.869777
vt 0.975129 0.869777
vt 0.970757 0.872285
vt 0.965546 0.871816
vt 0.867705 0.992446
vt 0.867705 0.988103
vt 0.870283 0.988460
vt 0.875184 0.743242
vt 0.877938 0.739178
vt 0.878269 0.743512
vt 0.779715 0.988104
vt 0.779715 0.992669
vt 0.776835 0.990437
vt 0.585027 0.988104
vt 0.585027 0.993018
vt 0.581843 0.990738
vt 0.987126 0.858194
vt 0.978408 0.844072
vt 0.977613 0.840439
vt 0.834759 0.267432
vt 0.874691 0.738990
vt 0.877493 0.734357
vt 0.874421 0.734331
vt 0.874138 0.729687
vt 0.877336 0.729495
vt 0.430079 0.606113
vt 0.430260 0.600772
vt 0.434289 0.600990
vt 0.434431 0.595614
vt 0.873678 0.725127
vt 0.433936 0.606370
vt 0.959099 0.061680
vt 0.964205 0.064512
vt 0.948518 0.092759
vt 0.978899 0.661498
vt 0.029475 0.965916
vt 0.028029 0.963911
vt 0.029812 0.963808
vt 0.029388 0.968550
vt 0.288851 0.590599
vt 0.286947 0.590760
vt 0.699606 0.995156
vt 0.701720 0.995434
vt 0.701737 0.997757
vt 0.827218 0.997490
vt 0.827218 0.995156
vt 0.829410 0.995421
vt 0.714445 0.995571
vt 0.716203 0.995156
vt 0.716203 0.997777
vt 0.699171 0.997757
vt 0.797756 0.997609
vt 0.797756 0.995156
vt 0.799441 0.995628
vt 0.799299 0.997393
vt 0.714563 0.997246
vt 0.971501 0.193237
vt 0.968924 0.193765
vt 0.360490 0.979875
vt 0.358339 0.977934
vt 0.360655 0.977370
vt 0.971355 0.191270
vt 0.358287 0.980053
vt 0.360230 0.981971
vt 0.973579 0.192627
vt 0.360413 0.983382
vt 0.358823 0.983489
vt 0.974971 0.192286
vt 0.973458 0.191094
vt 0.358526 0.982020
vt 0.286830 0.606660
vt 0.286874 0.605218
vt 0.288402 0.605381
vt 0.288558 0.603801
vt 0.288276 0.606727
vt 0.359076 0.984735
vt 0.359641 0.985807
vt 0.360586 0.984662
vt 0.286869 0.607747
vt 0.288217 0.607812
vt 0.286996 0.608238
vt 0.360655 0.985672
vt 0.359876 0.986359
vt 0.288336 0.608504
vt 0.286860 0.609522
vt 0.418425 0.989785
vt 0.418408 0.988432
vt 0.419385 0.988588
vt 0.419240 0.988104
vt 0.419462 0.989853
vt 0.287691 0.610948
vt 0.288132 0.609742
vt 0.418523 0.991067
vt 0.419382 0.991122
vt 0.286687 0.610782
vt 0.537557 0.990745
vt 0.536873 0.990823
vt 0.536810 0.989543
vt 0.536699 0.992153
vt 0.287219 0.612264
vt 0.537699 0.989307
vt 0.384249 0.990882
vt 0.384147 0.989432
vt 0.385665 0.989661
vt 0.385228 0.991113
vt 0.385092 0.992390
vt 0.384155 0.992578
vt 0.537558 0.992407
vt 0.537275 0.993225
vt 0.536660 0.993078
vt 0.384911 0.993234
vt 0.384364 0.993399
vt 0.995332 0.115395
vt 0.996057 0.114947
vt 0.996419 0.115395
vt 0.995572 0.114912
vt 0.286300 0.612847
vt 0.286742 0.613040
vt 0.995332 0.127036
vt 0.996337 0.126545
vt 0.996337 0.127078
vt 0.995332 0.130337
vt 0.996323 0.130337
vt 0.995803 0.130685
vt 0.996103 0.125178
vt 0.995332 0.124292
vt 0.996330 0.124662
vt 0.418408 0.992333
vt 0.419065 0.993228
vt 0.418549 0.993380
vt 0.419248 0.992324
vt 0.996622 0.056166
vt 0.996727 0.057155
vt 0.995436 0.057125
vt 0.995332 0.056166
vt 0.995332 0.125264
vt 0.286423 0.611978
vt 0.962610 0.373961
vt 0.963343 0.373987
vt 0.963419 0.374634
vt 0.962664 0.374947
vt 0.961346 0.374281
vt 0.961385 0.375200
vt 0.959812 0.374274
vt 0.996854 0.021833
vt 0.995332 0.020877
vt 0.996605 0.020966
vt 0.995332 0.022258
vt 0.973620 0.996849
vt 0.972206 0.996922
vt 0.972318 0.995896
vt 0.958882 0.375593
vt 0.958783 0.374365
vt 0.960022 0.375582
vt 0.958268 0.374345
vt 0.958364 0.375771
vt 0.384147 0.988220
vt 0.385747 0.988630
vt 0.385600 0.988103
vt 0.995332 0.060959
vt 0.995838 0.060397
vt 0.996742 0.060959
vt 0.957321 0.375938
vt 0.995688 0.026778
vt 0.996854 0.025849
vt 0.996721 0.026953
vt 0.956068 0.375863
vt 0.956058 0.374285
vt 0.957386 0.374065
vt 0.995332 0.050321
vt 0.996582 0.049078
vt 0.996750 0.050321
vt 0.995332 0.025849
vt 0.549021 0.996856
vt 0.550411 0.997875
vt 0.549107 0.998177
vt 0.995392 0.085588
vt 0.996608 0.086607
vt 0.995332 0.086607
vt 0.996512 0.085638
vt 0.616460 0.984947
vt 0.616074 0.986041
vt 0.615395 0.985883
vt 0.615108 0.984879
vt 0.996227 0.142925
vt 0.995962 0.143240
vt 0.995332 0.142925
vt 0.972416 0.995400
vt 0.973506 0.995156
vt 0.973620 0.995556
vt 0.615275 0.983561
vt 0.550483 0.996637
vt 0.616693 0.983519
vt 0.615417 0.981961
vt 0.549021 0.995250
vt 0.550492 0.995156
vt 0.954395 0.375958
vt 0.954423 0.374442
vt 0.808110 0.997600
vt 0.808110 0.995156
vt 0.809248 0.996092
vt 0.617008 0.981956
vt 0.939166 0.997048
vt 0.939166 0.995156
vt 0.940942 0.995511
vt 0.286989 0.603633
vt 0.976223 0.191961
vt 0.974949 0.190673
vt 0.536660 0.988362
vt 0.537661 0.988103
vt 0.996443 0.107034
vt 0.996101 0.107753
vt 0.995332 0.107034
vt 0.872425 0.708754
vt 0.834101 0.238535
vt 0.878269 0.707652
vt 0.839661 0.233432
vt 0.974968 0.933434
vt 0.808112 0.175682
vt 0.987110 0.379398
vt 0.993536 0.383374
vt 0.987110 0.384025
vt 0.509598 0.931125
vt 0.176964 0.908308
vt 0.812521 0.223728
vt 0.809093 0.224098
vt 0.192276 0.892106
vt 0.184892 0.889805
vt 0.186619 0.883010
vt 0.975403 0.639256
vt 0.965546 0.639256
vt 0.970832 0.633787
vt 0.922874 0.263324
vt 0.927540 0.262488
vt 0.927222 0.270800
vt 0.194314 0.883010
vt 0.968481 0.584562
vt 0.975426 0.578912
vt 0.975426 0.585906
vt 0.924389 0.257272
vt 0.922586 0.272305
vt 0.863456 0.874947
vt 0.870112 0.864973
vt 0.871884 0.873575
vt 0.862210 0.864331
vt 0.862454 0.857449
vt 0.871159 0.858355
vt 0.856403 0.863949
vt 0.857042 0.875866
vt 0.743200 0.811383
vt 0.755646 0.809700
vt 0.751104 0.818910
vt 0.757673 0.820504
vt 0.743786 0.804250
vt 0.864883 0.883812
vt 0.749314 0.795624
vt 0.760728 0.798972
vt 0.856398 0.224202
vt 0.848795 0.225139
vt 0.851571 0.216107
vt 0.872740 0.878940
vt 0.848794 0.232137
vt 0.857722 0.232137
vt 0.933626 0.974620
vt 0.928900 0.970326
vt 0.933626 0.963808
vt 0.929124 0.919446
vt 0.929124 0.908563
vt 0.934790 0.912853
vt 0.935520 0.903808
vt 0.856053 0.215536
vt 0.155845 0.986518
vt 0.155845 0.977370
vt 0.160286 0.979271
vt 0.927540 0.275545
vt 0.923479 0.277336
vt 0.936676 0.922363
vt 0.940216 0.916736
vt 0.939005 0.906692
vt 0.984917 0.602661
vt 0.984917 0.607458
vt 0.977613 0.604939
vt 0.190176 0.897763
vt 0.181751 0.895372
vt 0.984617 0.914199
vt 0.977613 0.914199
vt 0.980715 0.910047
vt 0.182674 0.900829
vt 0.199656 0.893257
vt 0.200841 0.904267
vt 0.192155 0.904003
vt 0.386230 0.944078
vt 0.376147 0.940866
vt 0.377319 0.934006
vt 0.388606 0.945860
vt 0.388606 0.939158
vt 0.200362 0.907296
vt 0.464814 0.761084
vt 0.469989 0.749776
vt 0.475593 0.755125
vt 0.993271 0.593123
vt 0.987110 0.593123
vt 0.987223 0.588810
vt 0.459787 0.745015
vt 0.466398 0.741734
vt 0.317520 0.980008
vt 0.309022 0.986140
vt 0.309022 0.977370
vt 0.462660 0.751680
vt 0.477137 0.769410
vt 0.467938 0.770804
vt 0.693861 0.732055
vt 0.701626 0.723567
vt 0.701000 0.733347
vt 0.693608 0.741365
vt 0.701626 0.743912
vt 0.692540 0.749982
vt 0.685103 0.740960
vt 0.684719 0.749042
vt 0.880661 0.922259
vt 0.883471 0.930017
vt 0.878361 0.928215
vt 0.985126 0.423653
vt 0.977613 0.419983
vt 0.985126 0.418305
vt 0.689414 0.756102
vt 0.874946 0.920110
vt 0.913927 0.662056
vt 0.918330 0.665029
vt 0.913927 0.670068
vt 0.917751 0.655633
vt 0.877632 0.913865
vt 0.883471 0.915809
vt 0.694212 0.755279
vt 0.690619 0.762997
vt 0.696138 0.761708
vt 0.881782 0.909425
vt 0.695798 0.767951
vt 0.690614 0.768374
vt 0.469725 0.784660
vt 0.464592 0.789831
vt 0.460994 0.784512
vt 0.469934 0.788814
vt 0.468319 0.795592
vt 0.472751 0.792990
vt 0.476316 0.788030
vt 0.476643 0.791607
vt 0.475578 0.795850
vt 0.687175 0.873284
vt 0.683157 0.873263
vt 0.685157 0.868956
vt 0.470986 0.797935
vt 0.479983 0.793285
vt 0.694254 0.869274
vt 0.689325 0.868943
vt 0.690868 0.864311
vt 0.692046 0.874244
vt 0.695975 0.864047
vt 0.691477 0.859938
vt 0.483520 0.789627
vt 0.344067 0.862780
vt 0.339620 0.862073
vt 0.340185 0.855943
vt 0.696789 0.858871
vt 0.700482 0.866141
vt 0.343946 0.869021
vt 0.350097 0.864788
vt 0.349790 0.858549
vt 0.339128 0.868005
vt 0.345306 0.855913
vt 0.229486 0.875515
vt 0.235792 0.876222
vt 0.234365 0.882034
vt 0.228707 0.881327
vt 0.346495 0.849731
vt 0.351329 0.852699
vt 0.271706 0.871502
vt 0.273895 0.864578
vt 0.280726 0.869109
vt 0.266784 0.869354
vt 0.277121 0.874523
vt 0.354926 0.857726
vt 0.284834 0.872830
vt 0.281472 0.877606
vt 0.275911 0.878653
vt 0.352307 0.861339
vt 0.354118 0.864632
vt 0.279416 0.880109
vt 0.285612 0.881415
vt 0.987110 0.955474
vt 0.992918 0.955474
vt 0.989748 0.958147
vt 0.354110 0.869084
vt 0.275365 0.982981
vt 0.276060 0.977370
vt 0.279898 0.978998
vt 0.349693 0.871591
vt 0.354926 0.875211
vt 0.343490 0.874511
vt 0.348905 0.877377
vt 0.354511 0.881488
vt 0.692921 0.880527
vt 0.696250 0.876857
vt 0.699480 0.881601
vt 0.696141 0.884323
vt 0.700482 0.887976
vt 0.696564 0.889293
vt 0.132726 0.955151
vt 0.132032 0.949006
vt 0.137007 0.951428
vt 0.137783 0.957379
vt 0.132032 0.959180
vt 0.795504 0.926361
vt 0.802001 0.926803
vt 0.799258 0.931474
vt 0.136609 0.962338
vt 0.802272 0.921734
vt 0.792920 0.919200
vt 0.921062 0.652094
vt 0.927230 0.657100
vt 0.924079 0.661002
vt 0.794167 0.933725
vt 0.790677 0.928181
vt 0.799609 0.917474
vt 0.917180 0.649139
vt 0.796643 0.915391
vt 0.790677 0.914621
vt 0.689719 0.878802
vt 0.683797 0.878454
vt 0.928537 0.664272
vt 0.920937 0.667734
vt 0.640249 0.391996
vt 0.648319 0.384133
vt 0.646564 0.392260
vt 0.645004 0.397354
vt 0.085991 0.848199
vt 0.080790 0.841145
vt 0.087361 0.842483
vt 0.088346 0.831435
vt 0.644087 0.381018
vt 0.640010 0.397644
vt 0.082423 0.830706
vt 0.087132 0.819849
vt 0.649824 0.377192
vt 0.641685 0.369380
vt 0.646827 0.368140
vt 0.640554 0.361790
vt 0.081502 0.820267
vt 0.081390 0.813253
vt 0.086863 0.812268
vt 0.638976 0.349499
vt 0.645059 0.350811
vt 0.634361 0.357420
vt 0.080914 0.808185
vt 0.645548 0.360426
vt 0.685142 0.724330
vt 0.681293 0.722838
vt 0.682044 0.718031
vt 0.644861 0.345959
vt 0.680164 0.732447
vt 0.685391 0.717450
vt 0.692541 0.717324
vt 0.977613 0.920484
vt 0.982186 0.915480
vt 0.984572 0.920484
vt 0.693586 0.724092
vt 0.684929 0.731970
vt 0.700059 0.715920
vt 0.679304 0.740202
vt 0.690687 0.712647
vt 0.697395 0.709292
vt 0.937055 0.358408
vt 0.942026 0.353362
vt 0.939904 0.361482
vt 0.935594 0.361232
vt 0.936199 0.365384
vt 0.685495 0.714094
vt 0.938460 0.353457
vt 0.381760 0.969156
vt 0.382689 0.963808
vt 0.384987 0.967946
vt 0.383614 0.972008
vt 0.385690 0.970821
vt 0.385704 0.975444
vt 0.380820 0.975444
vt 0.933686 0.360741
vt 0.930121 0.361818
vt 0.931808 0.359712
vt 0.381401 0.972848
vt 0.928213 0.357789
vt 0.931353 0.356693
vt 0.934620 0.357293
vt 0.928213 0.351000
vt 0.935232 0.352575
vt 0.930879 0.351617
vt 0.993452 0.544570
vt 0.987110 0.544570
vt 0.989324 0.542299
vt 0.933396 0.348453
vt 0.936603 0.348084
vt 0.938541 0.348861
vt 0.952092 0.720554
vt 0.953481 0.721776
vt 0.951339 0.726139
vt 0.948518 0.722743
vt 0.942012 0.346891
vt 0.987887 0.635374
vt 0.987110 0.630273
vt 0.993188 0.630273
vt 0.984560 0.893679
vt 0.977613 0.893689
vt 0.978245 0.887386
vt 0.985438 0.219159
vt 0.977613 0.219159
vt 0.980864 0.214368
vt 0.948935 0.442940
vt 0.955032 0.448470
vt 0.948518 0.447273
vt 0.965546 0.226238
vt 0.969434 0.221739
vt 0.976092 0.226238
vt 0.955194 0.441565
vt 0.963062 0.448470
vt 0.992654 0.959428
vt 0.992863 0.963196
vt 0.987110 0.963196
vt 0.992017 0.483024
vt 0.987110 0.488667
vt 0.987110 0.483032
vt 0.975282 0.677154
vt 0.975282 0.683459
vt 0.965546 0.680766
vt 0.990621 0.165828
vt 0.993728 0.171914
vt 0.987110 0.171914
vt 0.993351 0.488672
vt 0.898237 0.983918
vt 0.895641 0.984121
vt 0.896770 0.977370
vt 0.892230 0.978451
vt 0.900160 0.977381
vt 0.640014 0.342683
vt 0.639483 0.346250
vt 0.634067 0.343071
vt 0.636171 0.340785
vt 0.632944 0.346619
vt 0.892230 0.985382
vt 0.633725 0.351457
vt 0.629970 0.349729
vt 0.626916 0.348245
vt 0.628652 0.342857
vt 0.028799 0.998397
vt 0.025648 0.999230
vt 0.025648 0.995156
vt 0.962319 0.773440
vt 0.955880 0.768782
vt 0.961807 0.770089
vt 0.626231 0.352309
vt 0.623432 0.350873
vt 0.625177 0.355148
vt 0.631030 0.353585
vt 0.631392 0.356395
vt 0.630620 0.358587
vt 0.625747 0.357942
vt 0.283357 0.901738
vt 0.276879 0.899718
vt 0.282988 0.897010
vt 0.635360 0.362508
vt 0.282340 0.907666
vt 0.280841 0.892646
vt 0.271025 0.891719
vt 0.267791 0.897609
vt 0.273034 0.905551
vt 0.275837 0.888548
vt 0.280315 0.887848
vt 0.285612 0.895587
vt 0.284147 0.890892
vt 0.973219 0.611960
vt 0.965546 0.610396
vt 0.975661 0.610396
vt 0.940598 0.649139
vt 0.943525 0.659006
vt 0.938258 0.659473
vt 0.744513 0.794778
vt 0.280449 0.883358
vt 0.985645 0.166649
vt 0.982044 0.169010
vt 0.977613 0.166649
vt 0.620501 0.354543
vt 0.267791 0.885787
vt 0.272478 0.882696
vt 0.744948 0.790775
vt 0.748328 0.782915
vt 0.751499 0.788316
vt 0.752553 0.780591
vt 0.743200 0.778313
vt 0.972167 0.887583
vt 0.965773 0.893712
vt 0.965546 0.886466
vt 0.751819 0.773026
vt 0.537775 0.984725
vt 0.538718 0.977400
vt 0.544973 0.977370
vt 0.544973 0.985877
vt 0.974884 0.893712
vt 0.985144 0.356891
vt 0.985144 0.363050
vt 0.977613 0.362569
vt 0.879335 0.424294
vt 0.888658 0.422198
vt 0.884918 0.429465
vt 0.477004 0.921008
vt 0.484681 0.927022
vt 0.476781 0.929664
vt 0.884630 0.413334
vt 0.891164 0.412368
vt 0.476781 0.910538
vt 0.483670 0.919732
vt 0.882918 0.420082
vt 0.277573 0.859250
vt 0.279986 0.853049
vt 0.285612 0.854604
vt 0.271288 0.856089
vt 0.274564 0.848975
vt 0.282978 0.862507
vt 0.065172 0.838438
vt 0.059676 0.836535
vt 0.060218 0.829311
vt 0.066577 0.828322
vt 0.059676 0.821045
vt 0.073551 0.818450
vt 0.064062 0.817021
vt 0.900742 0.961335
vt 0.895400 0.953703
vt 0.900742 0.949006
vt 0.073562 0.829598
vt 0.072698 0.839425
vt 0.788479 0.977370
vt 0.793350 0.980445
vt 0.788479 0.985718
vt 0.072070 0.845190
vt 0.066088 0.843351
vt 0.588052 0.978245
vt 0.588052 0.985845
vt 0.582377 0.984555
vt 0.235101 0.855113
vt 0.234125 0.862657
vt 0.228309 0.862184
vt 0.268096 0.862879
vt 0.581292 0.977370
vt 0.236172 0.869579
vt 0.229599 0.868947
vt 0.223136 0.868790
vt 0.223136 0.861711
vt 0.485528 0.784925
vt 0.478090 0.777806
vt 0.486217 0.777934
vt 0.484220 0.770870
vt 0.223609 0.875818
vt 0.229632 0.851170
vt 0.484379 0.758780
vt 0.223780 0.849355
vt 0.489623 0.761715
vt 0.487089 0.754193
vt 0.385495 0.928486
vt 0.873121 0.920693
vt 0.867945 0.929201
vt 0.865529 0.920673
vt 0.476012 0.750964
vt 0.870801 0.910958
vt 0.882423 0.407022
vt 0.879335 0.399493
vt 0.887637 0.403386
vt 0.965546 0.101110
vt 0.965546 0.096725
vt 0.976230 0.097152
vt 0.865770 0.910573
vt 0.517362 0.975247
vt 0.517362 0.963808
vt 0.521608 0.966391
vt 0.933551 0.296717
vt 0.933551 0.286122
vt 0.941714 0.286800
vt 0.482069 0.909936
vt 0.489404 0.910912
vt 0.941496 0.296574
vt 0.568139 0.880555
vt 0.577645 0.881450
vt 0.568139 0.904860
vt 0.577360 0.904605
vt 0.584987 0.887333
vt 0.858900 0.921696
vt 0.859674 0.912658
vt 0.937043 0.278643
vt 0.587050 0.896212
vt 0.858900 0.930230
vt 0.588395 0.902278
vt 0.965546 0.675873
vt 0.968445 0.670388
vt 0.975330 0.675873
vt 0.199374 0.884016
vt 0.400046 0.977370
vt 0.404663 0.986055
vt 0.397707 0.986055
vt 0.585829 0.907747
vt 0.965546 0.580632
vt 0.863723 0.852898
vt 0.872740 0.853038
vt 0.166784 0.907761
vt 0.158692 0.906313
vt 0.154902 0.899788
vt 0.166784 0.883141
vt 0.855557 0.853780
vt 0.763032 0.789769
vt 0.762814 0.792807
vt 0.856159 0.856969
vt 0.758922 0.783333
vt 0.760066 0.774673
vt 0.923787 0.405531
vt 0.928205 0.400804
vt 0.928205 0.420576
vt 0.922904 0.412627
vt 0.143225 0.932169
vt 0.150396 0.931206
vt 0.150771 0.938542
vt 0.490917 0.917265
vt 0.143225 0.939900
vt 0.148526 0.947081
vt 0.477866 0.784372
vt 0.223747 0.880632
vt 0.469374 0.778530
vt 0.459787 0.779984
vt 0.190364 0.977370
vt 0.191889 0.986443
vt 0.186379 0.986443
vt 0.951616 0.771639
vt 0.958671 0.777488
vt 0.938414 0.665395
vt 0.948518 0.777488
vt 0.975866 0.245921
vt 0.965696 0.241097
vt 0.975760 0.241097
vt 0.943525 0.666184
vt 0.955996 0.726139
vt 0.956519 0.722571
vt 0.962556 0.723570
vt 0.960274 0.721456
vt 0.644785 0.342595
vt 0.648526 0.341228
vt 0.649824 0.344480
vt 0.932674 0.365053
vt 0.985010 0.457661
vt 0.977613 0.452172
vt 0.985010 0.450549
vt 0.680390 0.749823
vt 0.079774 0.847865
vt 0.279898 0.986368
vt 0.698744 0.871839
vt 0.965546 0.249269
vt 0.610038 0.750764
vt 0.614957 0.749744
vt 0.614957 0.796489
vt 0.738901 0.737492
vt 0.735286 0.700755
vt 0.740631 0.700873
vt 0.733555 0.737374
vt 0.011410 0.756253
vt 0.006469 0.754722
vt 0.002687 0.751900
vt 0.021700 0.754742
vt 0.016758 0.756260
vt 0.025482 0.740583
vt 0.752161 0.197006
vt 0.757495 0.197081
vt 0.757495 0.249623
vt 0.762269 0.250070
vt 0.006469 0.737742
vt 0.762269 0.197528
vt 0.021700 0.737761
vt 0.025482 0.751929
vt 0.027529 0.748251
vt 0.027529 0.744267
vt 0.747081 0.197316
vt 0.752161 0.249548
vt 0.726567 0.696316
vt 0.724521 0.688776
vt 0.730347 0.682552
vt 0.724521 0.692672
vt 0.747081 0.249858
vt 0.726567 0.685222
vt 0.743026 0.197963
vt 0.743026 0.250505
vt 0.730347 0.699155
vt 0.806271 0.197006
vt 0.811596 0.234776
vt 0.806271 0.234420
vt 0.811596 0.197363
vt 0.749350 0.685728
vt 0.751396 0.693268
vt 0.745570 0.699492
vt 0.610038 0.797509
vt 0.604690 0.750792
vt 0.604690 0.797537
vt 0.749350 0.696822
vt 0.599726 0.749824
vt 0.599726 0.796569
vt 0.000640 0.748217
vt 0.000640 0.744232
vt 0.189006 0.717286
vt 0.193329 0.718747
vt 0.193329 0.766111
vt 0.002687 0.740554
vt 0.189006 0.764650
vt 0.183806 0.716704
vt 0.178523 0.717089
vt 0.183806 0.764068
vt 0.751396 0.689372
vt 0.745570 0.682889
vt 0.178523 0.764453
vt 0.173959 0.718384
vt 0.740631 0.681289
vt 0.173959 0.765747
vt 0.011410 0.736223
vt 0.016759 0.736230
vt 0.011512 0.700551
vt 0.765758 0.198280
vt 0.765758 0.250822
vt 0.016861 0.700558
vt 0.735286 0.681171
vt 0.728616 0.735773
vt 0.319520 0.586657
vt 0.307013 0.586657
vt 0.307013 0.583971
vt 0.319520 0.583971
vt 0.319520 0.574665
vt 0.307013 0.593278
vt 0.299496 0.593278
vt 0.709632 0.329909
vt 0.696976 0.338702
vt 0.694429 0.336702
vt 0.710953 0.332866
vt 0.299496 0.574665
vt 0.798396 0.169726
vt 0.798396 0.149703
vt 0.806933 0.149703
vt 0.806933 0.169726
vt 0.806933 0.189749
vt 0.798396 0.189749
vt 0.332027 0.583971
vt 0.339543 0.574665
vt 0.339543 0.593278
vt 0.332027 0.593278
vt 0.414988 0.133960
vt 0.430191 0.140753
vt 0.427644 0.142753
vt 0.332027 0.586657
vt 0.413667 0.136917
vt 0.433249 0.157488
vt 0.430033 0.157101
vt 0.319520 0.609355
vt 0.332027 0.594810
vt 0.332027 0.609355
vt 0.319520 0.594810
vt 0.684442 0.183110
vt 0.675732 0.195617
vt 0.675732 0.183110
vt 0.684442 0.195617
vt 0.332027 0.644087
vt 0.332027 0.610290
vt 0.339543 0.610290
vt 0.416624 0.194700
vt 0.339543 0.654158
vt 0.319520 0.654158
vt 0.319520 0.644087
vt 0.332027 0.642276
vt 0.413667 0.193378
vt 0.455203 0.630310
vt 0.455203 0.577409
vt 0.490549 0.619096
vt 0.464821 0.644342
vt 0.750811 0.739957
vt 0.750811 0.749575
vt 0.743835 0.745394
vt 0.730788 0.739957
vt 0.730788 0.745394
vt 0.591490 0.896282
vt 0.615026 0.883235
vt 0.615026 0.896282
vt 0.502186 0.767826
vt 0.508286 0.772007
vt 0.483040 0.797734
vt 0.743835 0.749575
vt 0.473900 0.767826
vt 0.591490 0.883235
vt 0.527322 0.844088
vt 0.540369 0.844088
vt 0.540369 0.873996
vt 0.473900 0.797734
vt 0.631369 0.327254
vt 0.601425 0.327254
vt 0.623764 0.320278
vt 0.631369 0.320278
vt 0.601425 0.307231
vt 0.623764 0.307231
vt 0.527322 0.873996
vt 0.498125 0.563376
vt 0.498125 0.573637
vt 0.490549 0.583108
vt 0.807579 0.753294
vt 0.800003 0.733270
vt 0.807579 0.733270
vt 0.464821 0.563376
vt 0.800003 0.753294
vt 0.601425 0.287208
vt 0.623764 0.294184
vt 0.800003 0.773317
vt 0.392793 0.583742
vt 0.385217 0.574271
vt 0.385217 0.564011
vt 0.807579 0.773317
vt 0.418520 0.564011
vt 0.631369 0.287208
vt 0.392793 0.619731
vt 0.428139 0.578043
vt 0.428139 0.630944
vt 0.299496 0.654158
vt 0.299496 0.610290
vt 0.307013 0.644087
vt 0.307013 0.610290
vt 0.691371 0.353437
vt 0.694586 0.353051
vt 0.707996 0.390649
vt 0.710953 0.389328
vt 0.307013 0.609355
vt 0.307013 0.594810
vt 0.307013 0.642276
vt 0.319520 0.642276
vt 0.418520 0.644977
vt 0.710765 0.749575
vt 0.710765 0.739957
vt 0.717741 0.745394
vt 0.340823 0.810456
vt 0.349962 0.780548
vt 0.369109 0.810456
vt 0.591490 0.870189
vt 0.615026 0.870189
vt 0.717741 0.749575
vt 0.375208 0.806275
vt 0.355645 0.776759
vt 0.375208 0.767663
vt 0.717741 0.788187
vt 0.355645 0.767663
vt 0.710765 0.788187
vt 0.281753 0.956111
vt 0.288730 0.939833
vt 0.288730 0.956111
vt 0.281753 0.939833
vt 0.379908 0.644977
vt 0.379908 0.625413
vt 0.389005 0.625413
vt 0.992194 0.793408
vt 0.985217 0.788324
vt 0.992194 0.788324
vt 0.985217 0.793408
vt 0.638198 0.287208
vt 0.631369 0.294184
vt 0.638198 0.294184
vt 0.340823 0.780548
vt 0.514275 0.873996
vt 0.514275 0.844088
vt 0.488723 0.801522
vt 0.638198 0.320278
vt 0.638198 0.327254
vt 0.494337 0.624779
vt 0.992194 0.781961
vt 0.985217 0.787045
vt 0.985217 0.781961
vt 0.503433 0.624779
vt 0.503433 0.644342
vt 0.273497 0.939833
vt 0.280473 0.956111
vt 0.273497 0.956111
vt 0.743835 0.788187
vt 0.750811 0.788187
vt 0.508286 0.810619
vt 0.488723 0.810619
vt 0.280473 0.939833
vt 0.992194 0.787045
vt 0.675732 0.170604
vt 0.684442 0.170604
vt 0.118369 0.859677
vt 0.118856 0.873982
vt 0.109864 0.872571
vt 0.709485 0.775678
vt 0.699404 0.779429
vt 0.703247 0.772209
vt 0.698752 0.756623
vt 0.109745 0.858323
vt 0.705459 0.758217
vt 0.214137 0.753317
vt 0.220815 0.753153
vt 0.221691 0.767053
vt 0.941541 0.771682
vt 0.954726 0.763109
vt 0.956607 0.771682
vt 0.693808 0.785101
vt 0.687311 0.788362
vt 0.215269 0.767129
vt 0.706098 0.744858
vt 0.680903 0.788715
vt 0.686891 0.754347
vt 0.672092 0.780935
vt 0.671031 0.773985
vt 0.675559 0.786107
vt 0.680014 0.753336
vt 0.689021 0.740649
vt 0.672537 0.766317
vt 0.306624 0.954247
vt 0.306624 0.939833
vt 0.314828 0.941411
vt 0.689704 0.739957
vt 0.939661 0.763109
vt 0.315210 0.956005
vt 0.202233 0.748026
vt 0.204155 0.763396
vt 0.197778 0.763416
vt 0.195572 0.748047
vt 0.982878 0.819605
vt 0.974187 0.818787
vt 0.982624 0.818754
vt 0.974410 0.819605
vt 0.208972 0.749992
vt 0.204422 0.764284
vt 0.194893 0.733084
vt 0.201839 0.733062
vt 0.840061 0.105864
vt 0.829599 0.105916
vt 0.830834 0.100544
vt 0.841064 0.100493
vt 0.204240 0.725501
vt 0.839518 0.113189
vt 0.828860 0.113243
vt 0.208610 0.719714
vt 0.828729 0.121408
vt 0.214283 0.716582
vt 0.220396 0.716582
vt 0.829226 0.129170
vt 0.839518 0.121354
vt 0.841064 0.135291
vt 0.830276 0.135346
vt 0.840061 0.129115
vt 0.226018 0.719714
vt 0.230294 0.725501
vt 0.982843 0.576320
vt 0.974680 0.576320
vt 0.974187 0.568654
vt 0.705783 0.782977
vt 0.700307 0.788715
vt 0.982355 0.568747
vt 0.232572 0.733062
vt 0.232506 0.741246
vt 0.227642 0.754807
vt 0.118856 0.845401
vt 0.110579 0.844037
vt 0.865644 0.286200
vt 0.863216 0.294398
vt 0.860263 0.286391
vt 0.866073 0.294071
vt 0.660166 0.986967
vt 0.661281 0.989615
vt 0.660166 0.992424
vt 0.876444 0.554155
vt 0.877994 0.562546
vt 0.873985 0.562793
vt 0.877994 0.538268
vt 0.872645 0.537928
vt 0.868298 0.271719
vt 0.862378 0.268018
vt 0.871928 0.552478
vt 0.871920 0.555958
vt 0.928732 0.310646
vt 0.933838 0.311861
vt 0.928732 0.316672
vt 0.930929 0.297811
vt 0.421877 0.970457
vt 0.413970 0.969056
vt 0.421877 0.957919
vt 0.960491 0.164360
vt 0.959385 0.159019
vt 0.972160 0.163894
vt 0.972596 0.159019
vt 0.149482 0.972420
vt 0.149482 0.957919
vt 0.154784 0.971744
vt 0.700436 0.992330
vt 0.699015 0.989537
vt 0.700436 0.986967
vt 0.213628 0.986967
vt 0.216692 0.987273
vt 0.216664 0.992510
vt 0.154916 0.958565
vt 0.868140 0.287165
vt 0.213628 0.993285
vt 0.855662 0.990475
vt 0.857439 0.986967
vt 0.857439 0.991947
vt 0.512956 0.990057
vt 0.515828 0.987239
vt 0.516256 0.990329
vt 0.963519 0.847623
vt 0.970900 0.853064
vt 0.959385 0.853064
vt 0.481378 0.962165
vt 0.483448 0.968759
vt 0.481703 0.969532
vt 0.512528 0.986967
vt 0.512528 0.992420
vt 0.479512 0.972105
vt 0.477346 0.970795
vt 0.413717 0.972062
vt 0.515828 0.992693
vt 0.477346 0.962482
vt 0.099239 0.907312
vt 0.105042 0.904710
vt 0.105042 0.921784
vt 0.478912 0.957919
vt 0.975698 0.489608
vt 0.983123 0.489608
vt 0.982515 0.493401
vt 0.103655 0.901704
vt 0.974187 0.494090
vt 0.571158 0.986967
vt 0.572661 0.989004
vt 0.571158 0.992584
vt 0.871978 0.536187
vt 0.875824 0.534777
vt 0.876491 0.536519
vt 0.864133 0.265192
vt 0.860263 0.266942
vt 0.862018 0.264115
vt 0.439368 0.987559
vt 0.439379 0.992854
vt 0.436292 0.992917
vt 0.436292 0.986967
vt 0.136595 0.890450
vt 0.134681 0.898316
vt 0.131604 0.892088
vt 0.888259 0.802794
vt 0.893009 0.797036
vt 0.892105 0.806486
vt 0.889191 0.805369
vt 0.897063 0.800120
vt 0.404423 0.986967
vt 0.404423 0.992914
vt 0.399391 0.988975
vt 0.365684 0.953630
vt 0.366507 0.942089
vt 0.369501 0.953464
vt 0.374335 0.943515
vt 0.897733 0.796494
vt 0.889336 0.786446
vt 0.891058 0.784774
vt 0.893819 0.783345
vt 0.596121 0.957919
vt 0.592194 0.971957
vt 0.589170 0.959553
vt 0.946040 0.188240
vt 0.942672 0.182584
vt 0.957706 0.182584
vt 0.891872 0.706636
vt 0.887126 0.705368
vt 0.888259 0.686595
vt 0.893737 0.685340
vt 0.891604 0.684542
vt 0.890301 0.681170
vt 0.887126 0.683673
vt 0.939661 0.185897
vt 0.982273 0.519268
vt 0.974187 0.519820
vt 0.976043 0.515030
vt 0.983070 0.515030
vt 0.585544 0.986967
vt 0.587266 0.988836
vt 0.585544 0.992551
vt 0.915356 0.243596
vt 0.909292 0.239505
vt 0.913360 0.236415
vt 0.912099 0.234404
vt 0.361780 0.939834
vt 0.361780 0.955709
vt 0.131604 0.875614
vt 0.908005 0.256199
vt 0.622698 0.962114
vt 0.618129 0.962861
vt 0.620440 0.957919
vt 0.908005 0.237514
vt 0.588917 0.957919
vt 0.622978 0.969063
vt 0.892254 0.781555
vt 0.889959 0.783528
vt 0.618129 0.970849
vt 0.620396 0.971998
vt 0.888259 0.785226
vt 0.985217 0.179877
vt 0.993341 0.179877
vt 0.993178 0.181170
vt 0.859929 0.991945
vt 0.858718 0.989842
vt 0.859929 0.986967
vt 0.985568 0.717057
vt 0.992459 0.720148
vt 0.985217 0.720148
vt 0.992144 0.717048
vt 0.986051 0.956138
vt 0.992030 0.956136
vt 0.991449 0.959037
vt 0.985217 0.959037
vt 0.926985 0.479307
vt 0.926766 0.486177
vt 0.922389 0.482687
vt 0.877108 0.288241
vt 0.880615 0.281320
vt 0.881944 0.290789
vt 0.878961 0.290465
vt 0.885523 0.283689
vt 0.950472 0.362516
vt 0.952674 0.356908
vt 0.957370 0.362516
vt 0.939661 0.358412
vt 0.047175 0.958306
vt 0.055060 0.959971
vt 0.047175 0.972554
vt 0.877108 0.267981
vt 0.882244 0.265903
vt 0.884626 0.279852
vt 0.941377 0.701918
vt 0.956767 0.701918
vt 0.942429 0.708586
vt 0.943586 0.410418
vt 0.939661 0.406106
vt 0.957359 0.406106
vt 0.768484 0.971744
vt 0.763576 0.971793
vt 0.763576 0.958229
vt 0.769147 0.957919
vt 0.994776 0.103115
vt 0.997816 0.101274
vt 0.999121 0.103115
vt 0.531516 0.986968
vt 0.526671 0.990334
vt 0.527044 0.986967
vt 0.992300 0.777717
vt 0.985603 0.780681
vt 0.985217 0.777717
vt 0.982600 0.896603
vt 0.974187 0.896603
vt 0.974581 0.892369
vt 0.982115 0.892766
vt 0.998864 0.216403
vt 0.997573 0.218265
vt 0.994776 0.216403
vt 0.531660 0.990334
vt 0.531708 0.992541
vt 0.935999 0.542317
vt 0.929861 0.537129
vt 0.932430 0.534777
vt 0.526814 0.992541
vt 0.375152 0.914672
vt 0.370494 0.902319
vt 0.375357 0.900587
vt 0.922389 0.466914
vt 0.929861 0.553443
vt 0.371061 0.898676
vt 0.939661 0.708805
vt 0.374550 0.892734
vt 0.877802 0.264598
vt 0.881757 0.264115
vt 0.379803 0.894644
vt 0.378566 0.892745
vt 0.997717 0.553472
vt 0.995082 0.553472
vt 0.994776 0.551800
vt 0.878174 0.265992
vt 0.997425 0.551873
vt 0.055367 0.957919
vt 0.379803 0.911827
vt 0.378148 0.914173
vt 0.985217 0.882090
vt 0.992129 0.885213
vt 0.985237 0.885212
vt 0.991992 0.882090
vt 0.980513 0.930194
vt 0.982466 0.935866
vt 0.979603 0.935998
vt 0.977604 0.930194
vt 0.974187 0.935053
vt 0.884178 0.412994
vt 0.882112 0.405508
vt 0.889462 0.411567
vt 0.887068 0.413211
vt 0.887376 0.404010
vt 0.918324 0.088645
vt 0.923952 0.090836
vt 0.918324 0.095831
vt 0.922739 0.076158
vt 0.450805 0.941918
vt 0.458836 0.942724
vt 0.450805 0.955772
vt 0.930030 0.034037
vt 0.934539 0.031661
vt 0.934607 0.048182
vt 0.929274 0.939833
vt 0.932991 0.952361
vt 0.929274 0.954824
vt 0.884041 0.402131
vt 0.945480 0.090818
vt 0.957924 0.096823
vt 0.942361 0.096823
vt 0.915365 0.825031
vt 0.919838 0.822579
vt 0.919838 0.839860
vt 0.885014 0.387126
vt 0.889462 0.388760
vt 0.888918 0.386799
vt 0.500142 0.986967
vt 0.495835 0.990578
vt 0.496710 0.987112
vt 0.918522 0.819255
vt 0.698254 0.897037
vt 0.691229 0.892308
vt 0.694847 0.889265
vt 0.700740 0.893991
vt 0.691069 0.890279
vt 0.499373 0.990428
vt 0.500142 0.992565
vt 0.496668 0.992712
vt 0.933979 0.884486
vt 0.928096 0.879681
vt 0.929826 0.877122
vt 0.698937 0.910521
vt 0.703715 0.896924
vt 0.886866 0.967723
vt 0.882403 0.971560
vt 0.882403 0.957919
vt 0.928096 0.896019
vt 0.939661 0.095482
vt 0.706419 0.889265
vt 0.930559 0.029976
vt 0.934607 0.029455
vt 0.710517 0.892308
vt 0.710357 0.890279
vt 0.994916 0.498296
vt 0.997875 0.498296
vt 0.997667 0.500971
vt 0.994776 0.500971
vt 0.930494 0.032055
vt 0.458910 0.939834
vt 0.704388 0.910029
vt 0.701750 0.911279
vt 0.098444 0.986967
vt 0.095319 0.993454
vt 0.095319 0.987090
vt 0.098444 0.993352
vt 0.986108 0.773752
vt 0.992340 0.773752
vt 0.991553 0.776437
vt 0.985217 0.776437
vt 0.469286 0.894332
vt 0.466556 0.899433
vt 0.463295 0.894711
vt 0.992809 0.378452
vt 0.985217 0.378452
vt 0.992809 0.372978
vt 0.982628 0.877159
vt 0.980620 0.876171
vt 0.979905 0.873138
vt 0.985222 0.372978
vt 0.524167 0.914636
vt 0.529826 0.916747
vt 0.524167 0.921821
vt 0.528428 0.901701
vt 0.946083 0.568056
vt 0.942060 0.561061
vt 0.956963 0.561061
vt 0.918274 0.577361
vt 0.922532 0.575269
vt 0.922858 0.592500
vt 0.615064 0.939834
vt 0.618756 0.953208
vt 0.615064 0.955568
vt 0.998638 0.260738
vt 0.994776 0.263743
vt 0.994776 0.260166
vt 0.945913 0.392648
vt 0.957301 0.398242
vt 0.942153 0.398242
vt 0.915794 0.686477
vt 0.920233 0.684470
vt 0.920233 0.701578
vt 0.893706 0.195669
vt 0.890394 0.194343
vt 0.891318 0.178406
vt 0.895819 0.179718
vt 0.895262 0.178011
vt 0.890394 0.175862
vt 0.918961 0.681171
vt 0.627464 0.904510
vt 0.620509 0.899958
vt 0.624391 0.897264
vt 0.630210 0.901856
vt 0.620515 0.898162
vt 0.894334 0.175455
vt 0.465205 0.875671
vt 0.467497 0.876479
vt 0.465624 0.878730
vt 0.463295 0.877968
vt 0.470387 0.884281
vt 0.627839 0.918384
vt 0.632937 0.904468
vt 0.939661 0.396821
vt 0.636009 0.897264
vt 0.922858 0.572701
vt 0.918558 0.575589
vt 0.918877 0.573088
vt 0.639872 0.899958
vt 0.639878 0.898162
vt 0.994850 0.401429
vt 0.998144 0.401429
vt 0.997999 0.404123
vt 0.994776 0.404123
vt 0.939661 0.562697
vt 0.994776 0.184445
vt 0.997393 0.183151
vt 0.998969 0.184445
vt 0.974187 0.874142
vt 0.974995 0.877159
vt 0.633308 0.918217
vt 0.985858 0.356495
vt 0.992868 0.356495
vt 0.992221 0.359201
vt 0.985221 0.359201
vt 0.148202 0.966826
vt 0.148202 0.972432
vt 0.142923 0.969766
vt 0.992674 0.491878
vt 0.985217 0.491879
vt 0.992620 0.486405
vt 0.994776 0.251251
vt 0.997142 0.249817
vt 0.998798 0.251251
vt 0.985238 0.486405
vt 0.915381 0.014440
vt 0.921018 0.016637
vt 0.915381 0.021899
vt 0.919959 0.001479
vt 0.030047 0.943975
vt 0.035913 0.939833
vt 0.035913 0.956595
vt 0.941168 0.431264
vt 0.939661 0.427074
vt 0.957340 0.427074
vt 0.486299 0.939833
vt 0.489837 0.953381
vt 0.486299 0.955846
vt 0.890028 0.986967
vt 0.893205 0.988164
vt 0.890028 0.991788
vt 0.943046 0.720430
vt 0.956315 0.725387
vt 0.939661 0.725387
vt 0.943752 0.714513
vt 0.672522 0.953663
vt 0.668952 0.955284
vt 0.668952 0.939833
vt 0.941193 0.487907
vt 0.957224 0.492122
vt 0.939661 0.492122
vt 0.406250 0.993039
vt 0.405702 0.990514
vt 0.408126 0.989721
vt 0.940938 0.713442
vt 0.945814 0.711145
vt 0.879895 0.135752
vt 0.875431 0.128971
vt 0.879972 0.128584
vt 0.883372 0.134963
vt 0.600136 0.992532
vt 0.598905 0.990371
vt 0.600136 0.986967
vt 0.943030 0.710085
vt 0.408126 0.986967
vt 0.405702 0.987689
vt 0.874247 0.131680
vt 0.539895 0.972047
vt 0.539896 0.957920
vt 0.545367 0.957919
vt 0.143831 0.957919
vt 0.874247 0.148370
vt 0.966240 0.763961
vt 0.967985 0.760818
vt 0.971139 0.763587
vt 0.959655 0.763526
vt 0.959385 0.760818
vt 0.995346 0.024476
vt 0.999291 0.024436
vt 0.998713 0.027379
vt 0.992505 0.623111
vt 0.985217 0.623111
vt 0.985566 0.618728
vt 0.998580 0.310810
vt 0.996492 0.312611
vt 0.994776 0.310810
vt 0.994776 0.383261
vt 0.994795 0.380555
vt 0.998256 0.380555
vt 0.994776 0.027379
vt 0.654849 0.989219
vt 0.653652 0.992444
vt 0.653652 0.986967
vt 0.998151 0.383261
vt 0.993238 0.190708
vt 0.985217 0.193115
vt 0.985217 0.190354
vt 0.545367 0.972110
vt 0.994776 0.208157
vt 0.997251 0.206758
vt 0.998931 0.208157
vt 0.985217 0.353729
vt 0.992321 0.353729
vt 0.985816 0.226835
vt 0.993079 0.226835
vt 0.992488 0.229568
vt 0.985263 0.229568
vt 0.302918 0.986967
vt 0.307893 0.989824
vt 0.302918 0.993030
vt 0.992640 0.529533
vt 0.985217 0.524061
vt 0.992558 0.524062
vt 0.994776 0.205478
vt 0.997164 0.204027
vt 0.998935 0.205478
vt 0.940750 0.855238
vt 0.956747 0.859326
vt 0.939661 0.859326
vt 0.925343 0.541095
vt 0.919386 0.554177
vt 0.919386 0.537596
vt 0.953107 0.493402
vt 0.954306 0.497272
vt 0.939661 0.496260
vt 0.113815 0.982378
vt 0.108544 0.985364
vt 0.108544 0.974165
vt 0.957220 0.493402
vt 0.985231 0.529533
vt 0.000974 0.913603
vt 0.006604 0.915853
vt 0.000974 0.921092
vt 0.006381 0.900730
vt 0.862775 0.424169
vt 0.868801 0.420473
vt 0.868801 0.437445
vt 0.479028 0.905835
vt 0.482904 0.904064
vt 0.486396 0.921088
vt 0.489136 0.919344
vt 0.112507 0.957919
vt 0.112507 0.972505
vt 0.107035 0.972418
vt 0.994776 0.253948
vt 0.997168 0.252530
vt 0.998792 0.253948
vt 0.985217 0.224095
vt 0.992540 0.224095
vt 0.994776 0.459441
vt 0.997962 0.459513
vt 0.994776 0.461715
vt 0.479021 0.901463
vt 0.479030 0.904674
vt 0.488707 0.904906
vt 0.482895 0.900861
vt 0.994776 0.392321
vt 0.994798 0.389606
vt 0.998231 0.389606
vt 0.844170 0.959934
vt 0.846215 0.957919
vt 0.848326 0.959426
vt 0.867396 0.417590
vt 0.998163 0.392321
vt 0.848326 0.967714
vt 0.844440 0.967426
vt 0.494521 0.903976
vt 0.846947 0.971612
vt 0.924883 0.534777
vt 0.928582 0.540702
vt 0.494513 0.900861
vt 0.920577 0.534779
vt 0.649259 0.992446
vt 0.647921 0.990225
vt 0.649259 0.986967
vt 0.498384 0.901463
vt 0.498393 0.904527
vt 0.994776 0.435690
vt 0.995376 0.433285
vt 0.998004 0.433250
vt 0.584265 0.992580
vt 0.582974 0.988840
vt 0.584265 0.986967
vt 0.997395 0.435690
vt 0.107036 0.958009
vt 0.985826 0.134235
vt 0.993232 0.134235
vt 0.992627 0.136992
vt 0.985296 0.136992
vt 0.084914 0.966529
vt 0.084914 0.972570
vt 0.079661 0.969564
vt 0.992749 0.423480
vt 0.985217 0.418011
vt 0.992634 0.418013
vt 0.994776 0.118476
vt 0.997224 0.117030
vt 0.999067 0.118476
vt 0.164022 0.939833
vt 0.163859 0.956336
vt 0.159899 0.939833
vt 0.927452 0.304025
vt 0.921376 0.317183
vt 0.921376 0.300616
vt 0.952601 0.757948
vt 0.953922 0.761829
vt 0.939661 0.761269
vt 0.079672 0.957919
vt 0.956844 0.757948
vt 0.985259 0.423480
vt 0.802834 0.321066
vt 0.808465 0.323308
vt 0.802912 0.328586
vt 0.808465 0.308375
vt 0.917107 0.203454
vt 0.923124 0.199904
vt 0.923124 0.216853
vt 0.446654 0.906097
vt 0.450594 0.904446
vt 0.454025 0.921333
vt 0.456825 0.919588
vt 0.078381 0.957919
vt 0.078381 0.972590
vt 0.072909 0.972506
vt 0.994776 0.297993
vt 0.997124 0.296581
vt 0.998655 0.297993
vt 0.985217 0.131519
vt 0.992651 0.131520
vt 0.674925 0.989213
vt 0.673531 0.992369
vt 0.673531 0.986967
vt 0.450553 0.901287
vt 0.446700 0.905016
vt 0.456319 0.905166
vt 0.446659 0.901832
vt 0.968698 0.027002
vt 0.961278 0.027298
vt 0.969119 0.023110
vt 0.960917 0.023110
vt 0.959385 0.025235
vt 0.994776 0.408120
vt 0.994819 0.405403
vt 0.998119 0.405403
vt 0.921745 0.197006
vt 0.998066 0.408120
vt 0.462209 0.904357
vt 0.972861 0.024506
vt 0.983078 0.609311
vt 0.977530 0.611548
vt 0.974187 0.609311
vt 0.462169 0.901287
vt 0.922597 0.297811
vt 0.926782 0.297942
vt 0.376671 0.992385
vt 0.375345 0.990126
vt 0.376671 0.986967
vt 0.466019 0.901832
vt 0.373004 0.990774
vt 0.466058 0.904868
vt 0.374337 0.993031
vt 0.999166 0.085509
vt 0.996787 0.087225
vt 0.994776 0.085509
vt 0.072909 0.958003
vt 0.985784 0.142719
vt 0.993354 0.142719
vt 0.992603 0.145508
vt 0.985217 0.145508
vt 0.522535 0.949002
vt 0.522161 0.955694
vt 0.517250 0.951981
vt 0.993143 0.178597
vt 0.985252 0.178597
vt 0.993002 0.173138
vt 0.994776 0.072183
vt 0.997374 0.070797
vt 0.999230 0.072183
vt 0.985217 0.173132
vt 0.915418 0.478415
vt 0.921110 0.480539
vt 0.915945 0.486177
vt 0.921110 0.465787
vt 0.833709 0.910001
vt 0.839638 0.906420
vt 0.839638 0.923278
vt 0.842062 0.422354
vt 0.846057 0.420688
vt 0.849514 0.437447
vt 0.852355 0.435435
vt 0.062410 0.956636
vt 0.058608 0.953552
vt 0.062410 0.952248
vt 0.851715 0.421434
vt 0.857667 0.420598
vt 0.059345 0.939833
vt 0.337187 0.939833
vt 0.337187 0.956146
vt 0.333112 0.939835
vt 0.999241 0.046989
vt 0.996760 0.048732
vt 0.994776 0.046989
vt 0.857611 0.417590
vt 0.861495 0.421113
vt 0.929030 0.339987
vt 0.924131 0.333763
vt 0.928260 0.333888
vt 0.983098 0.580258
vt 0.977484 0.582601
vt 0.974187 0.580258
vt 0.387683 0.992352
vt 0.386401 0.990065
vt 0.387685 0.986967
vt 0.861440 0.418130
vt 0.384024 0.990714
vt 0.922909 0.336533
vt 0.385297 0.993003
vt 0.020878 0.972677
vt 0.020877 0.958014
vt 0.026349 0.957919
vt 0.517250 0.939833
vt 0.922909 0.352926
vt 0.968538 0.147683
vt 0.969082 0.143866
vt 0.972699 0.145204
vt 0.846000 0.417590
vt 0.961173 0.147981
vt 0.842087 0.418130
vt 0.960950 0.143866
vt 0.959385 0.145970
vt 0.994776 0.415857
vt 0.994836 0.413140
vt 0.998040 0.413140
vt 0.842145 0.421263
vt 0.663992 0.989186
vt 0.662561 0.992404
vt 0.662561 0.986967
vt 0.997993 0.415857
vt 0.838266 0.903552
vt 0.026349 0.972771
vt 0.994776 0.342638
vt 0.997137 0.341273
vt 0.998498 0.342638
vt 0.985675 0.644276
vt 0.985217 0.641245
vt 0.992048 0.641245
vt 0.992541 0.644276
vt 0.554054 0.974165
vt 0.554054 0.984790
vt 0.551054 0.983889
vt 0.551018 0.974378
vt 0.892430 0.137795
vt 0.888676 0.148087
vt 0.887121 0.140456
vt 0.877630 0.432722
vt 0.875866 0.440614
vt 0.870706 0.439127
vt 0.872822 0.441304
vt 0.888570 0.422321
vt 0.885920 0.419150
vt 0.946127 0.279634
vt 0.957560 0.285663
vt 0.942304 0.285663
vt 0.876307 0.429012
vt 0.887121 0.127243
vt 0.872467 0.431013
vt 0.833663 0.892503
vt 0.839638 0.894231
vt 0.838712 0.902272
vt 0.839638 0.879598
vt 0.945818 0.141443
vt 0.942089 0.134547
vt 0.957874 0.134547
vt 0.870706 0.414933
vt 0.295476 0.939834
vt 0.295468 0.955229
vt 0.290009 0.955096
vt 0.292792 0.956178
vt 0.959385 0.544270
vt 0.959611 0.541192
vt 0.971427 0.541208
vt 0.939661 0.135695
vt 0.994776 0.458161
vt 0.997941 0.455450
vt 0.997891 0.458161
vt 0.608481 0.989138
vt 0.607058 0.992490
vt 0.607058 0.986967
vt 0.875201 0.414717
vt 0.974186 0.006138
vt 0.978298 0.008228
vt 0.974401 0.009067
vt 0.438819 0.961318
vt 0.433599 0.972182
vt 0.433599 0.957919
vt 0.983919 0.009067
vt 0.978089 0.005372
vt 0.994896 0.455450
vt 0.961079 0.260964
vt 0.959385 0.259122
vt 0.960997 0.257091
vt 0.968383 0.260659
vt 0.969082 0.257091
vt 0.879919 0.417885
vt 0.972593 0.258230
vt 0.974187 0.556959
vt 0.979925 0.554567
vt 0.983132 0.556959
vt 0.886912 0.416591
vt 0.939727 0.284475
vt 0.939661 0.280323
vt 0.435012 0.992362
vt 0.433825 0.990058
vt 0.435012 0.986967
vt 0.890175 0.418639
vt 0.431425 0.990590
vt 0.889185 0.421192
vt 0.432554 0.992908
vt 0.999159 0.088504
vt 0.996653 0.090298
vt 0.994776 0.088504
vt 0.290009 0.940030
vt 0.971885 0.544270
vt 0.985380 0.268951
vt 0.993136 0.268951
vt 0.992973 0.272080
vt 0.985217 0.272080
vt 0.914085 0.835168
vt 0.910018 0.841095
vt 0.909864 0.832800
vt 0.906582 0.841142
vt 0.906428 0.832847
vt 0.765251 0.992218
vt 0.763919 0.989803
vt 0.765251 0.986967
vt 0.908627 0.043612
vt 0.913520 0.042258
vt 0.913520 0.049764
vt 0.909031 0.028045
vt 0.200525 0.957919
vt 0.207833 0.961204
vt 0.200525 0.972213
vt 0.436848 0.984847
vt 0.436848 0.974165
vt 0.441132 0.977030
vt 0.959385 0.836541
vt 0.966247 0.832564
vt 0.967313 0.836541
vt 0.971020 0.832822
vt 0.850415 0.974165
vt 0.848069 0.983958
vt 0.844015 0.975907
vt 0.974187 0.056016
vt 0.975429 0.050398
vt 0.983719 0.052815
vt 0.972545 0.223428
vt 0.971730 0.228260
vt 0.964073 0.228001
vt 0.962665 0.224935
vt 0.961503 0.226012
vt 0.962997 0.229001
vt 0.974187 0.049649
vt 0.926747 0.112813
vt 0.922316 0.119810
vt 0.919601 0.116157
vt 0.923714 0.110265
vt 0.920506 0.119950
vt 0.325169 0.957919
vt 0.318155 0.961637
vt 0.317168 0.960223
vt 0.959385 0.224839
vt 0.960919 0.223428
vt 0.325169 0.972180
vt 0.317193 0.963549
vt 0.052970 0.940154
vt 0.057329 0.939834
vt 0.057329 0.956639
vt 0.052843 0.956049
vt 0.914085 0.819255
vt 0.926843 0.107361
vt 0.843324 0.974165
vt 0.919601 0.104566
vt 0.409406 0.990586
vt 0.411240 0.986967
vt 0.412397 0.987708
vt 0.922316 0.100493
vt 0.920506 0.100633
vt 0.994776 0.588440
vt 0.995272 0.585817
vt 0.997499 0.585817
vt 0.410797 0.991475
vt 0.412397 0.993007
vt 0.997495 0.588433
vt 0.208899 0.958574
vt 0.724914 0.986967
vt 0.726262 0.989796
vt 0.724914 0.992260
vt 0.054942 0.986967
vt 0.057909 0.987525
vt 0.057909 0.993598
vt 0.054942 0.993040
vt 0.896743 0.369443
vt 0.894225 0.369381
vt 0.896041 0.360456
vt 0.898506 0.360888
vt 0.295304 0.983767
vt 0.293164 0.984822
vt 0.290934 0.984822
vt 0.893843 0.359394
vt 0.891883 0.369321
vt 0.651106 0.110835
vt 0.662533 0.106648
vt 0.662421 0.108978
vt 0.289055 0.983767
vt 0.287900 0.981865
vt 0.297719 0.979494
vt 0.297516 0.977122
vt 0.292251 0.974165
vt 0.671314 0.615717
vt 0.682165 0.620055
vt 0.671031 0.617932
vt 0.296930 0.981865
vt 0.983230 0.102521
vt 0.975398 0.100296
vt 0.983723 0.100264
vt 0.974187 0.102521
vt 0.683899 0.618362
vt 0.688173 0.622601
vt 0.686395 0.624224
vt 0.680792 0.621189
vt 0.690468 0.634790
vt 0.688083 0.634463
vt 0.684953 0.625291
vt 0.686246 0.634234
vt 0.898929 0.375375
vt 0.898940 0.369483
vt 0.896738 0.375303
vt 0.712005 0.618687
vt 0.712701 0.612153
vt 0.715132 0.612339
vt 0.683574 0.650861
vt 0.681803 0.650369
vt 0.706992 0.634060
vt 0.709721 0.618247
vt 0.707375 0.617336
vt 0.702304 0.632888
vt 0.704717 0.633596
vt 0.700231 0.632075
vt 0.700906 0.650264
vt 0.698423 0.649876
vt 0.705431 0.616134
vt 0.696260 0.649472
vt 0.655959 0.158717
vt 0.647023 0.143053
vt 0.648995 0.142273
vt 0.644756 0.125421
vt 0.894225 0.375303
vt 0.895906 0.382384
vt 0.893781 0.383712
vt 0.891883 0.375344
vt 0.646763 0.114945
vt 0.642659 0.125668
vt 0.645352 0.113132
vt 0.640180 0.125966
vt 0.644670 0.143895
vt 0.649744 0.108993
vt 0.643655 0.111151
vt 0.648061 0.107036
vt 0.641991 0.109441
vt 0.637809 0.126255
vt 0.642403 0.144633
vt 0.640671 0.145120
vt 0.817295 0.403334
vt 0.816399 0.419459
vt 0.814499 0.420444
vt 0.636018 0.126477
vt 0.734160 0.329909
vt 0.739997 0.341929
vt 0.737602 0.342337
vt 0.742649 0.356458
vt 0.745088 0.356183
vt 0.648020 0.162480
vt 0.649748 0.161976
vt 0.747156 0.356570
vt 0.745891 0.369200
vt 0.743643 0.367777
vt 0.742098 0.373181
vt 0.741410 0.366560
vt 0.739984 0.372003
vt 0.740321 0.357338
vt 0.739632 0.365859
vt 0.738313 0.371304
vt 0.682789 0.669697
vt 0.678681 0.676502
vt 0.677797 0.674079
vt 0.738566 0.358650
vt 0.674934 0.677457
vt 0.675741 0.679891
vt 0.681049 0.668458
vt 0.676023 0.672254
vt 0.673250 0.675513
vt 0.673774 0.671321
vt 0.676677 0.666280
vt 0.678868 0.667238
vt 0.688169 0.652537
vt 0.685846 0.651634
vt 0.690083 0.653390
vt 0.692930 0.635152
vt 0.694980 0.635475
vt 0.689924 0.620720
vt 0.691306 0.618956
vt 0.685637 0.616449
vt 0.671337 0.610891
vt 0.687018 0.614689
vt 0.671423 0.613204
vt 0.296360 0.975221
vt 0.294481 0.974165
vt 0.809630 0.383908
vt 0.810539 0.397004
vt 0.808458 0.397358
vt 0.807597 0.385170
vt 0.810555 0.402979
vt 0.808472 0.403351
vt 0.813046 0.402840
vt 0.812077 0.420723
vt 0.809614 0.420239
vt 0.735360 0.343469
vt 0.729583 0.331571
vt 0.731757 0.330302
vt 0.728068 0.333464
vt 0.807597 0.419090
vt 0.733716 0.345100
vt 0.815451 0.402965
vt 0.815434 0.397019
vt 0.817278 0.397387
vt 0.813028 0.396883
vt 0.812102 0.383453
vt 0.288486 0.977122
vt 0.290112 0.975221
vt 0.814523 0.383895
vt 0.287697 0.979494
vt 0.646395 0.105346
vt 0.661978 0.100493
vt 0.662287 0.101939
vt 0.662485 0.104135
vt 0.674911 0.665772
vt 0.671499 0.671438
vt 0.703180 0.657616
vt 0.703217 0.650559
vt 0.706717 0.661980
vt 0.704635 0.656822
vt 0.705468 0.662792
vt 0.701190 0.658956
vt 0.703670 0.664194
vt 0.699080 0.660635
vt 0.697249 0.662321
vt 0.701655 0.665900
vt 0.662533 0.168601
vt 0.654154 0.159888
vt 0.699844 0.667569
vt 0.896349 0.339078
vt 0.895478 0.333347
vt 0.897555 0.334247
vt 0.661669 0.170984
vt 0.651937 0.161052
vt 0.659961 0.172856
vt 0.657742 0.173853
vt 0.894296 0.338156
vt 0.893028 0.332735
vt 0.891854 0.337499
vt 0.889501 0.337232
vt 0.890685 0.332527
vt 0.891822 0.343751
vt 0.889453 0.343468
vt 0.890877 0.357253
vt 0.741466 0.380145
vt 0.729165 0.386406
vt 0.728345 0.384585
vt 0.739721 0.378783
vt 0.744244 0.374591
vt 0.746008 0.375962
vt 0.747737 0.370564
vt 0.280644 0.983923
vt 0.279218 0.982021
vt 0.278427 0.979631
vt 0.737592 0.377375
vt 0.728068 0.382193
vt 0.735484 0.376192
vt 0.728388 0.379705
vt 0.282422 0.984963
vt 0.972052 0.328684
vt 0.965332 0.329628
vt 0.963674 0.328150
vt 0.970695 0.330063
vt 0.284200 0.984933
vt 0.285626 0.977108
vt 0.286417 0.981900
vt 0.966741 0.331875
vt 0.969571 0.332171
vt 0.285626 0.983840
vt 0.967590 0.334423
vt 0.968902 0.334591
vt 0.967758 0.336697
vt 0.961741 0.336925
vt 0.961622 0.334720
vt 0.968820 0.336843
vt 0.967289 0.338221
vt 0.969342 0.338482
vt 0.961146 0.338482
vt 0.711045 0.665141
vt 0.713033 0.665228
vt 0.713352 0.666993
vt 0.709324 0.666700
vt 0.714101 0.669240
vt 0.282422 0.974165
vt 0.284200 0.975205
vt 0.707255 0.668542
vt 0.715132 0.671525
vt 0.279219 0.975288
vt 0.280644 0.974195
vt 0.705343 0.670297
vt 0.896380 0.345410
vt 0.897555 0.354993
vt 0.895639 0.356479
vt 0.894288 0.344438
vt 0.893256 0.357285
vt 0.278427 0.977229
vt 0.286417 0.979497
vt 0.960782 0.332307
vt 0.733796 0.375448
vt 0.959385 0.330175
vt 0.655448 0.173765
vt 0.671031 0.674450
vt 0.710553 0.610891
vt 0.975583 0.097791
vt 0.983666 0.097748
vt 0.974699 0.679058
vt 0.974187 0.677289
vt 0.974514 0.675519
vt 0.176751 0.590193
vt 0.187034 0.584686
vt 0.177761 0.591761
vt 0.958091 0.007261
vt 0.944385 0.007874
vt 0.944510 0.006569
vt 0.957933 0.005965
vt 0.191647 0.586248
vt 0.187304 0.586344
vt 0.944576 0.004788
vt 0.940972 0.004071
vt 0.939661 0.005544
vt 0.192906 0.584711
vt 0.197019 0.590976
vt 0.195476 0.592086
vt 0.190168 0.587464
vt 0.198302 0.589506
vt 0.199527 0.594073
vt 0.197781 0.593947
vt 0.195914 0.593872
vt 0.197750 0.599478
vt 0.195848 0.599394
vt 0.193995 0.592632
vt 0.194287 0.593860
vt 0.194201 0.599381
vt 0.944478 0.959914
vt 0.944322 0.958868
vt 0.946200 0.958716
vt 0.095159 0.583698
vt 0.093439 0.578773
vt 0.094779 0.577914
vt 0.096500 0.582837
vt 0.946376 0.959898
vt 0.947909 0.957919
vt 0.091732 0.579524
vt 0.093430 0.584453
vt 0.089988 0.580016
vt 0.091604 0.577570
vt 0.948188 0.959841
vt 0.948181 0.968017
vt 0.949558 0.968069
vt 0.949558 0.959788
vt 0.089819 0.576851
vt 0.698207 0.502132
vt 0.699090 0.503695
vt 0.692658 0.503923
vt 0.693393 0.502185
vt 0.698007 0.500752
vt 0.703435 0.497257
vt 0.692451 0.505564
vt 0.704306 0.498758
vt 0.700462 0.505140
vt 0.903418 0.480268
vt 0.901723 0.480675
vt 0.903086 0.468055
vt 0.901194 0.467854
vt 0.899814 0.480669
vt 0.904759 0.487024
vt 0.898069 0.480251
vt 0.899458 0.467335
vt 0.903377 0.487919
vt 0.370494 0.880113
vt 0.373734 0.891455
vt 0.372133 0.891033
vt 0.896834 0.479503
vt 0.373867 0.879745
vt 0.375586 0.891260
vt 0.371997 0.879797
vt 0.370670 0.872108
vt 0.372172 0.871807
vt 0.374039 0.871742
vt 0.707187 0.501250
vt 0.710765 0.492932
vt 0.708641 0.501731
vt 0.373840 0.865707
vt 0.709143 0.493060
vt 0.708932 0.487542
vt 0.375677 0.865756
vt 0.710561 0.487424
vt 0.711599 0.487382
vt 0.711805 0.492894
vt 0.375904 0.871924
vt 0.377376 0.866588
vt 0.546415 0.639070
vt 0.547991 0.635988
vt 0.549480 0.637163
vt 0.547916 0.640235
vt 0.377395 0.872325
vt 0.378601 0.868032
vt 0.544633 0.638474
vt 0.546232 0.635381
vt 0.199532 0.599614
vt 0.200808 0.594234
vt 0.200840 0.599773
vt 0.199072 0.587976
vt 0.197911 0.610342
vt 0.196866 0.609206
vt 0.190530 0.620569
vt 0.189645 0.619189
vt 0.195331 0.608155
vt 0.188286 0.617876
vt 0.193611 0.607398
vt 0.186721 0.616890
vt 0.192046 0.607084
vt 0.185262 0.616427
vt 0.100871 0.589830
vt 0.109926 0.598652
vt 0.108614 0.599592
vt 0.099601 0.590809
vt 0.107250 0.600904
vt 0.112222 0.607213
vt 0.113982 0.606439
vt 0.115565 0.605865
vt 0.119047 0.616320
vt 0.117462 0.616905
vt 0.119084 0.626768
vt 0.117473 0.626586
vt 0.115687 0.617706
vt 0.115657 0.626054
vt 0.110634 0.608033
vt 0.114068 0.618555
vt 0.109544 0.637484
vt 0.108154 0.636210
vt 0.113996 0.625278
vt 0.100236 0.645935
vt 0.099168 0.644355
vt 0.107222 0.634892
vt 0.092046 0.654454
vt 0.090573 0.653369
vt 0.101511 0.647195
vt 0.747710 0.141881
vt 0.745988 0.141760
vt 0.747770 0.128851
vt 0.749471 0.129127
vt 0.749122 0.114602
vt 0.111116 0.638462
vt 0.751365 0.129368
vt 0.750852 0.114555
vt 0.749604 0.142126
vt 0.975276 0.860750
vt 0.974187 0.859182
vt 0.982815 0.859182
vt 0.754188 0.148667
vt 0.751295 0.142447
vt 0.753079 0.129527
vt 0.754435 0.149369
vt 0.541318 0.700468
vt 0.542077 0.699044
vt 0.547104 0.697209
vt 0.021240 0.975595
vt 0.022331 0.974165
vt 0.022331 0.985687
vt 0.541367 0.701880
vt 0.543494 0.697891
vt 0.548583 0.697816
vt 0.548721 0.701773
vt 0.787938 0.717287
vt 0.785163 0.725800
vt 0.785236 0.723917
vt 0.542215 0.703001
vt 0.786783 0.716730
vt 0.542920 0.693453
vt 0.545288 0.697236
vt 0.541443 0.694457
vt 0.167511 0.992562
vt 0.168003 0.987404
vt 0.169452 0.987494
vt 0.531336 0.688033
vt 0.540172 0.695884
vt 0.532563 0.686845
vt 0.169376 0.992603
vt 0.171146 0.986967
vt 0.171146 0.993314
vt 0.530318 0.689643
vt 0.539361 0.697449
vt 0.520450 0.682529
vt 0.529711 0.691355
vt 0.521755 0.681137
vt 0.514275 0.673175
vt 0.515819 0.672139
vt 0.523310 0.680197
vt 0.524806 0.679894
vt 0.517638 0.671591
vt 0.786153 0.691297
vt 0.785601 0.703272
vt 0.785005 0.690587
vt 0.517919 0.667194
vt 0.519372 0.671641
vt 0.519544 0.668274
vt 0.787849 0.691696
vt 0.786433 0.681170
vt 0.788122 0.681869
vt 0.520793 0.669514
vt 0.520677 0.672278
vt 0.789758 0.691704
vt 0.790029 0.681982
vt 0.688837 0.451245
vt 0.688216 0.448115
vt 0.689532 0.447377
vt 0.690173 0.450596
vt 0.791776 0.681485
vt 0.686430 0.448433
vt 0.791502 0.691320
vt 0.684530 0.448268
vt 0.688048 0.439262
vt 0.687179 0.452116
vt 0.686199 0.438814
vt 0.112819 0.624411
vt 0.682890 0.447653
vt 0.685542 0.453077
vt 0.684260 0.453941
vt 0.690211 0.463111
vt 0.691805 0.462127
vt 0.694276 0.468148
vt 0.693434 0.461215
vt 0.695576 0.466781
vt 0.700894 0.478935
vt 0.693441 0.469538
vt 0.701903 0.477785
vt 0.098171 0.592051
vt 0.106105 0.602329
vt 0.096863 0.593310
vt 0.688964 0.463966
vt 0.091655 0.584951
vt 0.095937 0.594336
vt 0.705251 0.487906
vt 0.703394 0.476677
vt 0.090185 0.585091
vt 0.088549 0.580155
vt 0.707263 0.493246
vt 0.705502 0.493446
vt 0.707037 0.487713
vt 0.705643 0.500186
vt 0.702038 0.506195
vt 0.705071 0.475828
vt 0.697084 0.465707
vt 0.698500 0.465140
vt 0.706601 0.475408
vt 0.529814 0.657046
vt 0.540542 0.647707
vt 0.541383 0.649293
vt 0.528924 0.655491
vt 0.694777 0.460556
vt 0.525253 0.660972
vt 0.539371 0.646203
vt 0.527828 0.653935
vt 0.524050 0.659704
vt 0.538103 0.645079
vt 0.526744 0.652685
vt 0.522472 0.658594
vt 0.520835 0.657862
vt 0.516250 0.666476
vt 0.186013 0.626745
vt 0.184732 0.625935
vt 0.180488 0.636167
vt 0.181783 0.636987
vt 0.178841 0.635237
vt 0.183092 0.625030
vt 0.181419 0.624206
vt 0.177165 0.634388
vt 0.180043 0.623629
vt 0.175787 0.633802
vt 0.173959 0.643773
vt 0.175327 0.644410
vt 0.754466 0.114908
vt 0.752759 0.114664
vt 0.752995 0.100493
vt 0.177134 0.644625
vt 0.751086 0.100507
vt 0.754699 0.100870
vt 0.181281 0.655263
vt 0.179452 0.655803
vt 0.179024 0.644373
vt 0.519653 0.684097
vt 0.180620 0.643706
vt 0.548838 0.641738
vt 0.088355 0.575537
vt 0.793309 0.702800
vt 0.792065 0.703234
vt 0.792735 0.690620
vt 0.089256 0.652007
vt 0.088355 0.650637
vt 0.098518 0.642767
vt 0.794491 0.716240
vt 0.957835 0.057388
vt 0.939661 0.058950
vt 0.939708 0.057460
vt 0.957060 0.058950
vt 0.957949 0.055514
vt 0.547304 0.702927
vt 0.545509 0.703582
vt 0.940379 0.055793
vt 0.543693 0.703608
vt 0.234609 0.974165
vt 0.236227 0.985131
vt 0.234609 0.985354
vt 0.754699 0.152599
vt 0.754665 0.154487
vt 0.744779 0.141788
vt 0.793272 0.716948
vt 0.957379 0.053697
vt 0.941541 0.054277
vt 0.956238 0.052298
vt 0.791539 0.717407
vt 0.790318 0.703539
vt 0.789635 0.717528
vt 0.788415 0.703656
vt 0.785005 0.727357
vt 0.549430 0.698937
vt 0.549480 0.700349
vt 0.942964 0.053214
vt 0.786731 0.703560
vt 0.754617 0.150772
vt 0.749349 0.100910
vt 0.193691 0.583157
vt 0.377232 0.880406
vt 0.375735 0.879965
vt 0.186222 0.582976
vt 0.377323 0.890488
vt 0.378601 0.889292
vt 0.175393 0.588888
vt 0.185030 0.581552
vt 0.173959 0.588102
vt 0.183693 0.580698
vt 0.977689 0.681265
vt 0.975949 0.680477
vt 0.979574 0.681265
vt 0.982661 0.677289
vt 0.898221 0.466601
vt 0.980899 0.674100
vt 0.982149 0.675519
vt 0.682890 0.497046
vt 0.683832 0.495445
vt 0.977273 0.673312
vt 0.979159 0.673312
vt 0.904759 0.467899
vt 0.982334 0.679058
vt 0.981232 0.680477
vt 0.695786 0.499744
vt 0.685121 0.494067
vt 0.686499 0.493184
vt 0.694509 0.500694
vt 0.941590 0.002314
vt 0.941419 0.000640
vt 0.944492 0.001234
vt 0.946365 0.967943
vt 0.947674 0.971358
vt 0.945959 0.970523
vt 0.944569 0.002884
vt 0.957598 0.000640
vt 0.957779 0.004192
vt 0.957659 0.002291
vt 0.975615 0.674100
vt 0.944469 0.967927
vt 0.942865 0.967995
vt 0.942870 0.959877
vt 0.789284 0.928305
vt 0.787101 0.923504
vt 0.787954 0.922890
vt 0.899013 0.801710
vt 0.909847 0.797806
vt 0.904896 0.803973
vt 0.959532 0.741687
vt 0.971384 0.741687
vt 0.971237 0.742804
vt 0.788051 0.928465
vt 0.959385 0.742804
vt 0.947432 0.604112
vt 0.939661 0.594804
vt 0.955394 0.594804
vt 0.956818 0.600303
vt 0.780603 0.923233
vt 0.956898 0.498552
vt 0.956785 0.504755
vt 0.939661 0.508781
vt 0.779942 0.922556
vt 0.939847 0.498552
vt 0.777655 0.927820
vt 0.778800 0.928079
vt 0.972810 0.068425
vt 0.962583 0.072021
vt 0.959385 0.068425
vt 0.972627 0.021831
vt 0.959385 0.021831
vt 0.970611 0.012342
vt 0.777527 0.908950
vt 0.945964 0.232429
vt 0.957143 0.223978
vt 0.957501 0.229230
vt 0.939661 0.223978
vt 0.789284 0.909441
vt 0.899013 0.781555
vt 0.901931 0.789448
vt 0.900859 0.789921
vt 0.531397 0.318821
vt 0.529794 0.306973
vt 0.530639 0.306579
vt 0.900248 0.781824
vt 0.531073 0.327701
vt 0.530118 0.318855
vt 0.529794 0.327735
vt 0.971953 0.561210
vt 0.959385 0.561223
vt 0.971666 0.560258
vt 0.292809 0.787054
vt 0.292112 0.792045
vt 0.284348 0.790358
vt 0.284794 0.787361
vt 0.864399 0.923771
vt 0.861463 0.923408
vt 0.861618 0.921870
vt 0.821923 0.992054
vt 0.821799 0.987753
vt 0.823204 0.986967
vt 0.291261 0.795704
vt 0.283164 0.794912
vt 0.823204 0.992141
vt 0.879565 0.257527
vt 0.877979 0.253871
vt 0.879518 0.254341
vt 0.878318 0.257906
vt 0.880779 0.261939
vt 0.747503 0.807585
vt 0.740741 0.809467
vt 0.739633 0.803349
vt 0.747742 0.812809
vt 0.748684 0.812405
vt 0.746880 0.802696
vt 0.741025 0.812709
vt 0.747708 0.817719
vt 0.644344 0.983979
vt 0.642807 0.984651
vt 0.641722 0.981535
vt 0.643345 0.981105
vt 0.740991 0.816488
vt 0.746546 0.822485
vt 0.641644 0.977703
vt 0.643272 0.977537
vt 0.291876 0.777410
vt 0.292779 0.782357
vt 0.284766 0.783659
vt 0.290445 0.773299
vt 0.284029 0.779625
vt 0.642973 0.974165
vt 0.871503 0.922153
vt 0.867894 0.923463
vt 0.867529 0.921817
vt 0.864381 0.922097
vt 0.282581 0.774389
vt 0.870833 0.920617
vt 0.875035 0.918603
vt 0.876044 0.919770
vt 0.877021 0.915360
vt 0.875562 0.915549
vt 0.957774 0.080254
vt 0.955156 0.088313
vt 0.955846 0.080900
vt 0.986950 0.986967
vt 0.986950 0.991642
vt 0.983904 0.990393
vt 0.740059 0.820309
vt 0.744417 0.825507
vt 0.738111 0.824821
vt 0.644344 0.974318
vt 0.995913 0.277049
vt 0.998662 0.276990
vt 0.998693 0.278265
vt 0.914918 0.507218
vt 0.906221 0.510355
vt 0.907397 0.506095
vt 0.874630 0.912033
vt 0.875667 0.910833
vt 0.288785 0.769612
vt 0.280943 0.771350
vt 0.913737 0.511113
vt 0.872134 0.907839
vt 0.871204 0.909223
vt 0.948128 0.081601
vt 0.952534 0.081297
vt 0.952202 0.088787
vt 0.948427 0.089539
vt 0.680199 0.948022
vt 0.680914 0.951728
vt 0.679510 0.951361
vt 0.681777 0.955154
vt 0.682753 0.954553
vt 0.944330 0.081226
vt 0.943869 0.089085
vt 0.679691 0.943325
vt 0.681147 0.944112
vt 0.678675 0.947517
vt 0.916146 0.503317
vt 0.908345 0.501511
vt 0.908761 0.497403
vt 0.916636 0.498452
vt 0.908454 0.493704
vt 0.868543 0.905738
vt 0.864577 0.906193
vt 0.864919 0.904541
vt 0.867898 0.907290
vt 0.941037 0.080254
vt 0.974187 0.650430
vt 0.975047 0.647538
vt 0.982890 0.647262
vt 0.861463 0.905960
vt 0.939661 0.087838
vt 0.981724 0.651170
vt 0.681412 0.939833
vt 0.682753 0.940852
vt 0.705660 0.986967
vt 0.705660 0.991886
vt 0.704412 0.992329
vt 0.916246 0.493811
vt 0.907367 0.490589
vt 0.914803 0.489714
vt 0.704412 0.987047
vt 0.915907 0.489254
vt 0.996766 0.642353
vt 0.995093 0.642361
vt 0.994776 0.641203
vt 0.906221 0.490441
vt 0.307933 0.984635
vt 0.306315 0.984838
vt 0.306214 0.979333
vt 0.299067 0.984415
vt 0.996960 0.641203
vt 0.982890 0.651590
vt 0.975194 0.528002
vt 0.983190 0.528285
vt 0.974187 0.528285
vt 0.770826 0.976884
vt 0.780322 0.974165
vt 0.780452 0.978914
vt 0.307841 0.979580
vt 0.770911 0.980026
vt 0.780332 0.983879
vt 0.306313 0.974165
vt 0.307933 0.974777
vt 0.975346 0.486559
vt 0.974904 0.488328
vt 0.974187 0.486435
vt 0.298998 0.980624
vt 0.299071 0.976916
vt 0.772047 0.964260
vt 0.770426 0.971872
vt 0.771924 0.963185
vt 0.770915 0.970934
vt 0.898984 0.827473
vt 0.897370 0.823572
vt 0.901460 0.819255
vt 0.903018 0.823062
vt 0.994776 0.308024
vt 0.998178 0.308028
vt 0.998607 0.309531
vt 0.773934 0.962928
vt 0.773582 0.964057
vt 0.982184 0.488034
vt 0.983152 0.488328
vt 0.772891 0.960725
vt 0.770826 0.983483
vt 0.924277 0.051306
vt 0.931465 0.052494
vt 0.930638 0.056991
vt 0.975891 0.488014
vt 0.995319 0.309531
vt 0.923477 0.055694
vt 0.923312 0.061117
vt 0.930566 0.060804
vt 0.978239 0.484421
vt 0.978691 0.485948
vt 0.898539 0.830921
vt 0.897605 0.827445
vt 0.923618 0.065699
vt 0.930865 0.065242
vt 0.899258 0.835085
vt 0.899910 0.830932
vt 0.904373 0.827959
vt 0.905148 0.832429
vt 0.900657 0.835266
vt 0.982666 0.909011
vt 0.979486 0.911685
vt 0.974186 0.909011
vt 0.982540 0.959534
vt 0.974187 0.959534
vt 0.977918 0.956494
vt 0.946133 0.632835
vt 0.947327 0.632013
vt 0.950773 0.634100
vt 0.949969 0.635252
vt 0.942983 0.630371
vt 0.956052 0.639212
vt 0.949955 0.640405
vt 0.954046 0.634996
vt 0.953187 0.633894
vt 0.956560 0.630419
vt 0.985415 0.748528
vt 0.991461 0.752720
vt 0.985217 0.750936
vt 0.985680 0.880810
vt 0.985217 0.876297
vt 0.992078 0.877724
vt 0.954967 0.630467
vt 0.956069 0.627037
vt 0.999035 0.166710
vt 0.994776 0.166710
vt 0.998072 0.165576
vt 0.738951 0.794589
vt 0.738111 0.790595
vt 0.744751 0.789467
vt 0.991994 0.880810
vt 0.746173 0.793614
vt 0.877177 0.246707
vt 0.875247 0.242932
vt 0.876429 0.242656
vt 0.998425 0.361011
vt 0.996186 0.361909
vt 0.994776 0.361011
vt 0.872970 0.239809
vt 0.878666 0.246811
vt 0.289795 0.804600
vt 0.288809 0.808232
vt 0.280943 0.807408
vt 0.880779 0.238310
vt 0.879366 0.250681
vt 0.290600 0.800249
vt 0.281747 0.803508
vt 0.877833 0.250349
vt 0.282525 0.799300
vt 0.093735 0.986967
vt 0.094040 0.990245
vt 0.092359 0.990353
vt 0.092065 0.993443
vt 0.093724 0.993535
vt 0.092065 0.987203
vt 0.739461 0.798946
vt 0.746702 0.798129
vt 0.876687 0.234044
vt 0.992277 0.748208
vt 0.992277 0.753454
vt 0.931465 0.069064
vt 0.924017 0.070354
vt 0.899051 0.838574
vt 0.900331 0.839253
vt 0.897370 0.841979
vt 0.944298 0.629643
vt 0.939661 0.627771
vt 0.940962 0.627037
vt 0.770770 0.960740
vt 0.770426 0.957919
vt 0.772585 0.958239
vt 0.974372 0.526109
vt 0.975328 0.526334
vt 0.861496 0.904288
vt 0.994776 0.278265
vt 0.899001 0.991754
vt 0.900666 0.986967
vt 0.900666 0.991390
vt 0.966113 0.987180
vt 0.967836 0.991550
vt 0.966113 0.991763
vt 0.983618 0.077075
vt 0.983536 0.078762
vt 0.982975 0.080097
vt 0.899001 0.987330
vt 0.897255 0.987194
vt 0.980930 0.080774
vt 0.983203 0.075369
vt 0.897255 0.991618
vt 0.240063 0.991629
vt 0.245214 0.991629
vt 0.244790 0.993112
vt 0.239640 0.993112
vt 0.804423 0.229770
vt 0.801933 0.230451
vt 0.803190 0.228822
vt 0.801260 0.230286
vt 0.801538 0.228417
vt 0.799793 0.228637
vt 0.219289 0.527925
vt 0.218613 0.528081
vt 0.217902 0.482929
vt 0.800551 0.230376
vt 0.217902 0.528034
vt 0.709464 0.435942
vt 0.708792 0.435799
vt 0.707470 0.391928
vt 0.708080 0.435855
vt 0.802197 0.232435
vt 0.801590 0.232760
vt 0.800444 0.231111
vt 0.563782 0.752380
vt 0.563279 0.752619
vt 0.563279 0.701602
vt 0.749672 0.435476
vt 0.749017 0.435356
vt 0.749017 0.383453
vt 0.038797 0.350016
vt 0.038097 0.350113
vt 0.038097 0.305270
vt 0.564456 0.752258
vt 0.750387 0.435455
vt 0.565167 0.752277
vt 0.751020 0.435295
vt 0.565775 0.752434
vt 0.707470 0.436097
vt 0.800603 0.234719
vt 0.798951 0.234315
vt 0.800208 0.232685
vt 0.797718 0.233367
vt 0.800880 0.232850
vt 0.799707 0.232300
vt 0.550158 0.992472
vt 0.550158 0.987329
vt 0.551723 0.986967
vt 0.551723 0.992110
vt 0.797149 0.232062
vt 0.799475 0.231769
vt 0.979851 0.079983
vt 0.975430 0.080815
vt 0.974601 0.079429
vt 0.979023 0.078597
vt 0.978608 0.076892
vt 0.974187 0.077724
vt 0.978689 0.075204
vt 0.974268 0.076037
vt 0.802348 0.234499
vt 0.804233 0.237163
vt 0.802741 0.237963
vt 0.803840 0.233699
vt 0.244498 0.986967
vt 0.239901 0.988219
vt 0.239348 0.986967
vt 0.245052 0.988219
vt 0.804783 0.232476
vt 0.245307 0.989883
vt 0.802581 0.231938
vt 0.802665 0.231367
vt 0.804991 0.231074
vt 0.240157 0.989883
vt 0.980181 0.073151
vt 0.981295 0.073192
vt 0.982374 0.073984
vt 0.979250 0.073870
vt 0.797357 0.230660
vt 0.799560 0.231199
vt 0.548400 0.987349
vt 0.546797 0.987023
vt 0.548400 0.992492
vt 0.798301 0.229438
vt 0.982045 0.080815
vt 0.546797 0.992167
vt 0.967836 0.986967
vt 0.799944 0.230701
vt 0.802434 0.230837
vt 0.994802 0.337922
vt 0.994784 0.336900
vt 0.998403 0.336900
vt 0.995037 0.544475
vt 0.997607 0.543451
vt 0.997868 0.544475
vt 0.877772 0.986967
vt 0.878804 0.986967
vt 0.879762 0.987440
vt 0.998421 0.337922
vt 0.876871 0.987440
vt 0.880753 0.989355
vt 0.998418 0.339026
vt 0.880458 0.988292
vt 0.834652 0.676943
vt 0.835749 0.679711
vt 0.834671 0.679861
vt 0.835731 0.676793
vt 0.880589 0.990418
vt 0.878065 0.991743
vt 0.836595 0.676381
vt 0.836614 0.679298
vt 0.876411 0.990418
vt 0.876280 0.988292
vt 0.879997 0.991270
vt 0.879097 0.991743
vt 0.998392 0.333531
vt 0.994804 0.332523
vt 0.998419 0.332523
vt 0.998659 0.258887
vt 0.997819 0.255363
vt 0.998659 0.255708
vt 0.877106 0.991270
vt 0.997819 0.258542
vt 0.996750 0.255228
vt 0.836595 0.674544
vt 0.835091 0.674929
vt 0.835731 0.674139
vt 0.996750 0.258406
vt 0.834652 0.674872
vt 0.834652 0.673998
vt 0.835443 0.675094
vt 0.673273 0.436362
vt 0.672934 0.436213
vt 0.674513 0.404241
vt 0.673706 0.436427
vt 0.835443 0.675841
vt 0.835091 0.676008
vt 0.834513 0.675283
vt 0.834652 0.676070
vt 0.345415 0.195294
vt 0.345021 0.195279
vt 0.346280 0.159155
vt 0.674513 0.436277
vt 0.674149 0.436397
vt 0.042525 0.733147
vt 0.042124 0.733159
vt 0.042830 0.697132
vt 0.345864 0.195303
vt 0.042974 0.733147
vt 0.346280 0.195302
vt 0.043384 0.733159
vt 0.834214 0.676012
vt 0.162630 0.244220
vt 0.162216 0.244335
vt 0.162216 0.216605
vt 0.832710 0.674560
vt 0.833574 0.674148
vt 0.834214 0.674933
vt 0.833862 0.675100
vt 0.995664 0.258506
vt 0.995664 0.255328
vt 0.994776 0.255644
vt 0.994776 0.258823
vt 0.876116 0.989355
vt 0.832230 0.675153
vt 0.998395 0.339993
vt 0.994776 0.339993
vt 0.994799 0.339026
vt 0.833667 0.675341
vt 0.833667 0.675608
vt 0.832230 0.675808
vt 0.833574 0.676802
vt 0.832710 0.676397
vt 0.833862 0.675847
vt 0.994776 0.543451
vt 0.833593 0.679720
vt 0.837075 0.675133
vt 0.835638 0.675600
vt 0.835638 0.675333
vt 0.837075 0.675788
vt 0.994778 0.334637
vt 0.994776 0.333531
vt 0.998424 0.335620
vt 0.994808 0.335620
vt 0.998394 0.334637
s 1
usemtl Skeleton
f 36/1/1 34/2/2 33/3/3
f 34/4/2 35/5/4 33/6/3
f 37/7/5 33/6/3 35/5/4
f 36/8/1 33/6/3 37/7/5
f 37/7/5 35/5/4 38/9/6
f 39/10/7 37/11/5 38/12/6
f 39/13/7 41/14/8 37/15/5
f 36/8/1 37/7/5 40/16/9
f 40/17/9 37/15/5 41/14/8
f 40/17/9 41/14/8 42/18/10
f 43/19/11 42/20/10 41/21/8
f 43/22/11 41/23/8 44/24/12
f 44/24/12 41/23/8 39/25/7
f 46/26/13 44/24/12 45/27/14
f 44/28/12 39/29/7 45/30/14
f 46/26/13 47/31/15 44/24/12
f 43/22/11 44/24/12 47/31/15
f 43/22/11 47/31/15 48/32/16
f 49/33/17 48/34/16 47/35/15
f 49/33/17 47/35/15 34/36/2
f 34/36/2 47/35/15 46/37/13
f 36/1/1 49/38/17 34/2/2
f 50/39/18 49/38/17 36/1/1
f 51/40/19 48/34/16 49/33/17
f 50/39/18 52/41/20 49/38/17
f 51/40/19 49/33/17 52/42/20
f 52/42/20 53/43/21 51/40/19
f 54/44/22 52/41/20 50/39/18
f 52/42/20 54/45/22 53/43/21
f 55/46/23 53/47/21 54/48/22
f 56/49/24 55/50/23 54/51/22
f 54/44/22 50/39/18 56/52/24
f 59/53/25 56/54/24 50/55/18
f 56/49/24 57/56/26 55/50/23
f 56/54/24 58/57/27 57/58/26
f 56/54/24 59/53/25 58/57/27
f 59/53/25 50/55/18 60/59/28
f 62/60/29 59/61/25 60/62/28
f 61/63/30 58/64/27 59/65/25
f 61/63/30 59/65/25 62/66/29
f 62/60/29 60/62/28 63/67/31
f 64/68/32 62/69/29 63/70/31
f 64/71/32 61/72/30 62/73/29
f 64/74/32 53/47/21 66/75/33
f 64/74/32 51/76/19 53/47/21
f 64/71/32 65/77/34 61/72/30
f 64/74/32 66/75/33 65/78/34
f 64/79/32 67/80/35 51/81/19
f 64/68/32 63/70/31 67/82/35
f 67/80/35 48/32/16 51/81/19
f 42/83/10 67/84/35 63/85/31
f 42/20/10 43/19/11 67/86/35
f 67/80/35 43/22/11 48/32/16
f 68/87/36 66/75/33 55/46/23
f 65/88/34 66/89/33 68/90/36
f 55/46/23 66/75/33 53/47/21
f 68/91/36 55/92/23 69/93/37
f 69/93/37 70/94/38 68/91/36
f 65/88/34 68/90/36 70/95/38
f 69/93/37 71/96/39 70/94/38
f 65/88/34 70/95/38 71/97/39
f 71/96/39 69/93/37 72/98/40
f 71/96/39 72/98/40 73/99/41
f 65/100/34 71/96/39 61/101/30
f 73/99/41 61/101/30 71/96/39
f 58/64/27 73/102/41 72/103/40
f 73/102/41 58/64/27 61/63/30
f 58/64/27 72/103/40 57/104/26
f 57/56/26 72/105/40 69/106/37
f 57/56/26 69/106/37 55/50/23
f 60/62/28 42/18/10 63/67/31
f 60/59/28 50/55/18 36/107/1
f 60/108/28 36/109/1 40/110/9
f 60/62/28 40/17/9 42/18/10
f 34/36/2 46/37/13 74/111/42
f 75/112/43 74/111/42 46/37/13
f 75/112/43 46/37/13 76/113/44
f 76/114/44 46/26/13 45/27/14
f 76/114/44 45/27/14 77/115/45
f 79/116/46 76/114/44 77/115/45
f 78/117/47 75/112/43 76/113/44
f 78/118/47 76/119/44 79/120/46
f 82/121/48 79/116/46 80/122/49
f 79/116/46 77/115/45 80/122/49
f 79/123/46 81/124/50 78/125/47
f 79/123/46 82/126/48 81/124/50
f 82/127/48 84/128/51 83/129/52
f 82/130/48 83/131/52 81/132/50
f 82/121/48 80/122/49 85/133/53
f 85/133/53 84/134/51 82/121/48
f 85/135/53 80/136/49 86/137/54
f 85/135/53 86/137/54 88/138/55
f 85/133/53 87/139/56 84/134/51
f 85/135/53 89/140/57 87/141/56
f 85/135/53 88/138/55 89/140/57
f 93/142/58 90/143/59 89/144/57
f 89/144/57 90/143/59 91/145/60
f 89/144/57 91/145/60 92/146/61
f 87/147/56 89/148/57 92/149/61
f 93/142/58 89/144/57 88/150/55
f 94/151/62 90/152/59 93/153/58
f 93/153/58 95/154/63 94/151/62
f 96/155/64 93/142/58 88/150/55
f 93/153/58 96/156/64 95/154/63
f 96/156/64 98/157/65 97/158/66
f 96/156/64 97/158/66 95/154/63
f 96/159/64 99/160/67 98/161/65
f 96/159/64 86/162/54 99/160/67
f 96/159/64 88/163/55 86/162/54
f 99/160/67 38/12/6 98/161/65
f 80/136/49 77/164/45 99/165/67
f 80/136/49 99/165/67 86/137/54
f 99/165/67 77/164/45 45/30/14
f 99/165/67 45/30/14 39/29/7
f 99/160/67 39/10/7 38/12/6
f 98/157/65 35/5/4 97/158/66
f 98/157/65 38/9/6 35/5/4
f 78/166/47 95/167/63 97/168/66
f 78/166/47 97/168/66 75/169/43
f 75/169/43 97/168/66 35/170/4
f 94/171/62 95/167/63 78/166/47
f 94/151/62 100/172/68 90/152/59
f 100/173/68 94/171/62 81/174/50
f 94/171/62 78/166/47 81/174/50
f 100/175/68 91/145/60 90/143/59
f 100/175/68 101/176/69 91/145/60
f 100/173/68 81/174/50 83/177/52
f 83/177/52 101/178/69 100/173/68
f 83/177/52 102/179/70 101/178/69
f 102/180/70 91/181/60 101/182/69
f 83/183/52 104/184/71 102/185/70
f 102/180/70 92/186/61 91/181/60
f 102/187/70 103/188/72 92/189/61
f 102/187/70 104/190/71 103/188/72
f 103/191/72 104/192/71 84/134/51
f 83/183/52 84/193/51 104/184/71
f 87/194/56 92/195/61 103/196/72
f 103/191/72 84/134/51 87/139/56
f 75/169/43 35/170/4 74/197/42
f 34/198/2 74/197/42 35/170/4
f 110/199/73 105/200/74 106/201/75
f 105/200/74 107/202/76 106/201/75
f 105/200/74 109/203/77 107/202/76
f 110/204/73 108/205/78 105/206/74
f 108/205/78 109/207/77 105/206/74
f 112/208/79 110/199/73 111/209/80
f 110/199/73 106/201/75 111/209/80
f 112/210/79 113/211/81 110/212/73
f 110/213/73 113/214/81 108/215/78
f 115/216/82 114/217/83 113/218/81
f 114/217/83 108/219/78 113/218/81
f 112/220/79 115/221/82 113/222/81
f 117/223/84 115/224/82 116/225/85
f 115/226/82 118/227/86 116/228/85
f 115/229/82 112/230/79 118/231/86
f 115/216/82 117/232/84 114/217/83
f 119/233/87 118/234/86 121/235/88
f 119/233/87 116/236/85 118/234/86
f 120/237/89 121/238/88 118/239/86
f 120/237/89 118/239/86 112/208/79
f 119/233/87 121/235/88 122/240/90
f 123/241/91 122/242/90 121/243/88
f 123/244/91 121/245/88 120/246/89
f 123/247/91 126/248/92 124/249/93
f 123/250/91 124/251/93 122/252/90
f 120/246/89 125/253/94 123/244/91
f 125/254/94 126/248/92 123/247/91
f 126/255/92 127/256/95 124/257/93
f 126/258/92 128/259/96 127/260/95
f 125/254/94 129/261/97 126/248/92
f 128/262/96 126/263/92 129/264/97
f 129/261/97 132/265/98 130/266/99
f 130/267/99 131/268/100 129/269/97
f 128/270/96 129/269/97 131/268/100
f 129/261/97 125/254/94 132/265/98
f 132/271/98 106/272/75 107/273/76
f 132/271/98 107/273/76 133/274/101
f 130/275/99 132/276/98 133/277/101
f 111/278/80 106/272/75 132/271/98
f 111/278/80 132/271/98 125/253/94
f 107/273/76 135/279/102 133/274/101
f 134/280/103 136/281/104 133/277/101
f 134/280/103 133/277/101 135/282/102
f 130/275/99 133/277/101 136/281/104
f 137/283/105 138/284/106 136/285/104
f 137/283/105 136/285/104 134/286/103
f 130/287/99 136/285/104 138/284/106
f 137/288/105 139/289/107 138/290/106
f 138/290/106 139/289/107 108/291/78
f 130/287/99 138/284/106 140/292/108
f 138/290/106 108/291/78 140/293/108
f 114/217/83 140/294/108 108/219/78
f 141/295/109 130/287/99 140/292/108
f 141/295/109 140/292/108 114/296/83
f 114/296/83 142/297/110 141/295/109
f 128/298/96 131/299/100 141/295/109
f 131/299/100 130/287/99 141/295/109
f 128/300/96 141/301/109 142/302/110
f 142/303/110 143/304/111 127/305/95
f 142/306/110 127/260/95 128/259/96
f 114/296/83 117/307/84 142/297/110
f 117/307/84 143/308/111 142/297/110
f 117/309/84 144/310/112 143/311/111
f 143/312/111 144/313/112 119/233/87
f 143/312/111 119/233/87 127/314/95
f 119/233/87 144/313/112 116/236/85
f 117/223/84 116/225/85 144/315/112
f 137/288/105 146/316/113 139/289/107
f 145/317/114 109/207/77 139/318/107
f 145/317/114 139/318/107 146/319/113
f 108/205/78 139/318/107 109/207/77
f 149/320/115 146/316/113 137/288/105
f 147/321/116 145/317/114 146/319/113
f 147/321/116 146/319/113 148/322/117
f 149/320/115 148/323/117 146/316/113
f 149/324/115 137/283/105 134/286/103
f 149/324/115 134/286/103 151/325/118
f 148/323/117 149/320/115 150/326/119
f 150/327/119 149/324/115 151/325/118
f 153/328/120 151/329/118 134/280/103
f 152/330/121 151/329/118 153/328/120
f 150/327/119 151/325/118 152/331/121
f 153/328/120 134/280/103 135/282/102
f 154/332/122 153/333/120 155/334/123
f 152/330/121 153/328/120 154/335/122
f 156/336/124 155/334/123 153/333/120
f 156/336/124 153/333/120 135/279/102
f 107/273/76 156/336/124 135/279/102
f 107/202/76 145/337/114 156/338/124
f 156/338/124 145/337/114 147/339/116
f 156/338/124 147/339/116 155/340/123
f 154/332/122 155/334/123 157/341/125
f 155/340/123 158/342/126 157/343/125
f 155/340/123 147/339/116 158/342/126
f 159/344/127 161/345/128 158/346/126
f 159/344/127 158/346/126 160/347/129
f 160/347/129 158/346/126 147/321/116
f 161/348/128 157/343/125 158/342/126
f 161/348/128 163/349/130 157/343/125
f 164/350/131 162/351/132 161/345/128
f 162/352/132 163/349/130 161/348/128
f 164/350/131 161/345/128 159/344/127
f 165/353/133 162/351/132 164/350/131
f 166/354/134 165/353/133 164/350/131
f 166/354/134 164/350/131 167/355/135
f 164/350/131 159/344/127 167/355/135
f 168/356/136 167/357/135 159/358/127
f 169/359/137 167/357/135 168/356/136
f 169/359/137 166/360/134 167/357/135
f 170/361/138 172/362/139 169/363/137
f 170/361/138 169/363/137 168/364/136
f 171/365/140 169/363/137 172/362/139
f 173/366/141 169/359/137 171/367/140
f 173/366/141 166/360/134 169/359/137
f 173/368/141 165/353/133 166/354/134
f 173/368/141 175/369/142 165/353/133
f 176/370/143 173/371/141 171/372/140
f 176/373/143 174/374/144 173/375/141
f 174/376/144 175/377/142 173/378/141
f 177/379/145 176/380/143 171/381/140
f 176/380/143 177/379/145 178/382/146
f 178/382/146 179/383/147 176/380/143
f 174/384/144 176/380/143 179/383/147
f 179/385/147 178/386/146 180/387/148
f 179/388/147 180/389/148 182/390/149
f 181/391/150 179/392/147 182/393/149
f 181/394/150 174/384/144 179/383/147
f 175/395/142 182/393/149 183/396/151
f 182/390/149 184/397/152 183/398/151
f 182/390/149 180/389/148 184/397/152
f 181/391/150 182/393/149 175/395/142
f 183/398/151 184/397/152 185/399/153
f 185/400/153 184/401/152 186/402/154
f 180/389/148 186/403/154 184/397/152
f 185/400/153 186/402/154 187/404/155
f 188/405/156 187/406/155 186/407/154
f 180/389/148 188/408/156 186/403/154
f 178/409/146 188/408/156 180/389/148
f 188/405/156 190/410/157 187/406/155
f 178/409/146 189/411/158 188/408/156
f 189/412/158 190/413/157 188/414/156
f 191/415/159 193/416/160 190/417/157
f 191/418/159 190/419/157 192/420/161
f 189/412/158 192/421/161 190/413/157
f 187/406/155 190/410/157 193/422/160
f 187/423/155 193/424/160 194/425/162
f 194/425/162 193/424/160 195/426/163
f 191/415/159 195/427/163 193/416/160
f 177/379/145 196/428/164 195/429/163
f 197/430/165 195/431/163 196/432/164
f 194/425/162 195/426/163 197/433/165
f 177/434/145 195/435/163 198/436/166
f 191/415/159 198/437/166 195/427/163
f 198/437/166 191/415/159 192/438/161
f 177/439/145 198/437/166 192/438/161
f 194/425/162 197/433/165 199/440/167
f 199/441/167 197/430/165 172/442/139
f 197/430/165 196/432/164 172/442/139
f 199/441/167 172/442/139 170/443/138
f 170/443/138 201/444/168 199/441/167
f 194/425/162 199/440/167 200/445/169
f 200/445/169 199/440/167 201/446/168
f 201/447/168 154/332/122 157/341/125
f 201/447/168 157/341/125 163/448/130
f 202/449/170 154/335/122 201/444/168
f 200/450/169 201/447/168 163/448/130
f 170/443/138 202/449/170 201/444/168
f 202/449/170 152/330/121 154/335/122
f 203/451/171 152/331/121 202/452/170
f 168/364/136 203/451/171 202/452/170
f 168/364/136 202/452/170 170/361/138
f 203/451/171 150/327/119 152/331/121
f 203/453/171 160/454/129 150/326/119
f 203/453/171 159/358/127 160/454/129
f 168/356/136 159/358/127 203/453/171
f 185/400/153 187/404/155 200/455/169
f 200/450/169 163/448/130 185/456/153
f 194/425/162 200/445/169 187/423/155
f 177/379/145 171/381/140 196/428/164
f 171/365/140 172/362/139 196/457/164
f 178/458/146 177/459/145 192/460/161
f 192/460/161 189/461/158 178/458/146
f 162/352/132 185/399/153 163/349/130
f 183/398/151 185/399/153 162/352/132
f 165/353/133 183/462/151 162/351/132
f 175/369/142 183/462/151 165/353/133
f 174/376/144 181/463/150 175/377/142
f 148/323/117 150/326/119 160/454/129
f 160/347/129 147/321/116 148/322/117
f 107/202/76 109/203/77 145/337/114
f 124/464/93 127/314/95 119/233/87
f 120/246/89 111/278/80 125/253/94
f 124/464/93 119/233/87 122/240/90
f 112/208/79 111/209/80 120/237/89
f 205/465/172 207/466/173 204/467/174
f 204/468/174 206/469/175 205/470/172
f 204/468/174 209/471/176 206/469/175
f 204/467/174 207/466/173 210/472/177
f 204/467/174 210/472/177 208/473/178
f 208/474/178 209/471/176 204/468/174
f 212/475/179 208/473/178 210/472/177
f 211/476/180 212/477/179 210/478/177
f 211/476/180 210/478/177 214/479/181
f 213/480/182 214/479/181 210/478/177
f 213/480/182 210/478/177 207/481/173
f 211/482/180 214/483/181 216/484/183
f 215/485/184 216/484/183 214/483/181
f 215/485/184 214/483/181 213/486/182
f 217/487/185 216/488/183 218/489/186
f 211/490/180 216/491/183 217/492/185
f 218/489/186 216/488/183 215/493/184
f 219/494/187 220/495/188 218/496/186
f 219/494/187 218/496/186 221/497/189
f 217/487/185 218/489/186 220/498/188
f 221/497/189 218/496/186 222/499/190
f 218/489/186 215/493/184 222/500/190
f 206/501/175 209/502/176 222/503/190
f 221/497/189 222/499/190 209/504/176
f 206/501/175 222/503/190 223/505/191
f 222/500/190 224/506/192 223/507/191
f 222/500/190 215/493/184 224/506/192
f 228/508/193 224/509/192 225/510/194
f 215/485/184 225/510/194 224/509/192
f 226/511/195 223/507/191 224/506/192
f 226/511/195 224/506/192 227/512/196
f 228/508/193 227/513/196 224/509/192
f 228/514/193 225/515/194 229/516/197
f 228/517/193 229/518/197 230/519/198
f 231/520/199 227/513/196 228/508/193
f 231/521/199 228/517/193 230/519/198
f 231/521/199 230/519/198 233/522/200
f 231/520/199 232/523/201 227/513/196
f 234/524/202 232/523/201 231/520/199
f 234/525/202 231/521/199 233/522/200
f 234/524/202 235/526/203 232/523/201
f 234/525/202 233/522/200 236/527/204
f 237/528/205 235/529/203 234/530/202
f 238/531/206 234/532/202 236/533/204
f 238/531/206 237/534/205 234/532/202
f 241/535/207 238/536/206 236/537/204
f 240/538/208 239/539/209 238/540/206
f 239/541/209 237/534/205 238/531/206
f 240/538/208 238/540/206 241/542/207
f 241/543/207 236/544/204 243/545/210
f 240/538/208 241/542/207 242/546/211
f 241/542/207 244/547/212 242/546/211
f 241/542/207 243/548/210 244/547/212
f 244/549/212 243/550/210 246/551/213
f 242/552/211 244/553/212 245/554/214
f 245/555/214 244/556/212 247/557/215
f 244/558/212 246/559/213 247/560/215
f 247/560/215 246/559/213 248/561/216
f 247/562/215 248/563/216 249/564/217
f 247/557/215 249/565/217 226/566/195
f 247/557/215 226/566/195 250/567/218
f 245/555/214 247/557/215 250/567/218
f 232/568/201 250/569/218 226/511/195
f 245/570/214 250/569/218 232/568/201
f 249/564/217 248/563/216 205/470/172
f 249/565/217 223/505/191 226/566/195
f 249/564/217 205/470/172 206/469/175
f 249/565/217 206/501/175 223/505/191
f 248/571/216 230/572/198 229/573/197
f 248/571/216 229/573/197 205/465/172
f 233/574/200 230/572/198 248/571/216
f 233/574/200 248/571/216 246/575/213
f 236/576/204 233/574/200 246/575/213
f 236/576/204 246/575/213 243/577/210
f 245/570/214 232/568/201 235/578/203
f 251/579/219 245/570/214 235/578/203
f 242/552/211 245/554/214 251/580/219
f 255/581/220 242/552/211 251/580/219
f 251/579/219 252/582/221 254/583/222
f 251/579/219 235/578/203 252/582/221
f 255/581/220 251/580/219 253/584/223
f 251/580/219 254/585/222 253/584/223
f 240/538/208 242/546/211 255/586/220
f 255/586/220 253/587/223 239/539/209
f 255/586/220 239/539/209 240/538/208
f 253/588/223 254/589/222 256/590/224
f 252/591/221 256/592/224 254/593/222
f 253/588/223 256/590/224 239/594/209
f 239/541/209 256/595/224 237/534/205
f 252/591/221 237/596/205 256/592/224
f 237/528/205 252/597/221 235/529/203
f 232/568/201 226/511/195 227/512/196
f 225/598/194 207/481/173 229/599/197
f 205/465/172 229/573/197 207/466/173
f 215/485/184 213/486/182 225/510/194
f 225/598/194 213/480/182 207/481/173
f 257/600/225 219/601/187 221/602/189
f 208/474/178 221/602/189 209/471/176
f 257/600/225 221/602/189 208/474/178
f 212/475/179 257/603/225 208/473/178
f 259/604/226 258/605/227 257/603/225
f 258/606/227 219/601/187 257/600/225
f 259/604/226 257/603/225 212/475/179
f 262/607/228 259/608/226 260/609/229
f 260/610/229 259/611/226 212/477/179
f 259/604/226 261/612/230 258/605/227
f 259/604/226 262/613/228 261/612/230
f 263/614/231 262/615/228 264/616/232
f 263/617/231 261/612/230 262/613/228
f 262/607/228 260/609/229 264/618/232
f 263/614/231 264/616/232 267/619/233
f 264/618/232 260/609/229 265/620/234
f 264/618/232 265/620/234 266/621/235
f 267/622/233 264/623/232 266/624/235
f 270/625/236 267/622/233 268/626/237
f 267/622/233 266/624/235 268/626/237
f 269/627/238 263/614/231 267/619/233
f 269/627/238 267/619/233 270/628/236
f 270/629/236 271/630/239 272/631/240
f 271/632/239 270/633/236 273/634/241
f 270/629/236 272/631/240 269/635/238
f 270/625/236 268/626/237 273/636/241
f 271/632/239 273/634/241 275/637/242
f 274/638/243 273/636/241 268/626/237
f 275/637/242 273/634/241 274/639/243
f 278/640/244 275/641/242 276/642/245
f 275/641/242 274/643/243 276/642/245
f 277/644/246 271/645/239 275/646/242
f 277/644/246 275/646/242 278/647/244
f 281/648/247 278/649/244 279/650/248
f 278/649/244 276/651/245 279/650/248
f 280/652/249 277/644/246 278/647/244
f 280/652/249 278/647/244 281/653/247
f 283/654/250 281/655/247 282/656/251
f 281/648/247 279/650/248 282/657/251
f 284/658/252 280/652/249 281/653/247
f 283/654/250 284/659/252 281/655/247
f 284/658/252 285/660/253 280/652/249
f 286/661/254 284/659/252 283/654/250
f 286/662/254 285/660/253 284/658/252
f 289/663/255 286/661/254 287/664/256
f 286/661/254 283/654/250 287/664/256
f 286/665/254 290/666/257 285/667/253
f 288/668/258 290/666/257 286/665/254
f 288/669/258 286/670/254 289/671/255
f 292/672/259 285/673/253 290/674/257
f 291/675/260 292/672/259 290/674/257
f 291/675/260 290/674/257 288/676/258
f 292/672/259 293/677/261 285/673/253
f 292/678/259 294/679/262 293/680/261
f 292/678/259 295/681/263 294/679/262
f 291/682/260 295/681/263 292/678/259
f 295/683/263 296/684/264 294/685/262
f 295/686/263 298/687/265 296/688/264
f 291/682/260 297/689/266 295/681/263
f 297/690/266 298/687/265 295/686/263
f 298/691/265 283/692/250 296/693/264
f 298/691/265 287/694/256 283/692/250
f 297/690/266 299/695/267 298/687/265
f 299/696/267 287/694/256 298/691/265
f 300/697/268 302/698/269 299/696/267
f 300/697/268 299/696/267 301/699/270
f 301/700/270 299/701/267 297/702/266
f 299/696/267 302/698/269 287/694/256
f 289/663/255 287/664/256 302/703/269
f 300/704/268 289/663/255 302/703/269
f 303/705/271 300/706/268 301/707/270
f 304/708/272 303/709/271 301/710/270
f 301/710/270 297/711/266 304/708/272
f 304/712/272 297/689/266 291/682/260
f 304/712/272 291/682/260 305/713/273
f 306/714/274 304/712/272 305/713/273
f 306/714/274 307/715/275 304/712/272
f 304/708/272 307/716/275 303/709/271
f 308/717/276 310/718/277 307/715/275
f 308/717/276 307/715/275 306/714/274
f 307/719/275 309/720/278 303/721/271
f 307/719/275 310/722/277 309/720/278
f 311/723/279 309/724/278 310/725/277
f 311/723/279 310/725/277 312/726/280
f 308/717/276 312/727/280 310/718/277
f 314/728/281 311/723/279 312/726/280
f 308/717/276 315/729/282 312/727/280
f 314/728/281 312/726/280 313/730/283
f 315/729/282 313/731/283 312/727/280
f 315/732/282 317/733/284 316/734/285
f 315/732/282 316/734/285 318/735/286
f 317/733/284 315/732/282 308/736/276
f 315/729/282 318/737/286 313/731/283
f 316/734/285 319/738/287 318/735/286
f 320/739/288 318/737/286 319/740/287
f 320/739/288 313/731/283 318/737/286
f 323/741/289 320/739/288 319/740/287
f 314/728/281 313/730/283 320/742/288
f 314/728/281 320/742/288 321/743/290
f 322/744/291 321/743/290 320/742/288
f 322/745/291 320/746/288 323/747/289
f 323/741/289 319/740/287 324/748/292
f 326/749/293 323/750/289 324/751/292
f 323/747/289 325/752/294 322/745/291
f 323/747/289 326/753/293 325/752/294
f 327/754/295 326/755/293 329/756/296
f 328/757/297 326/758/293 327/759/295
f 328/757/297 325/760/294 326/758/293
f 326/749/293 324/751/292 329/761/296
f 329/762/296 324/763/292 330/764/298
f 329/762/296 330/764/298 331/765/299
f 327/754/295 329/756/296 332/766/300
f 331/767/299 332/768/300 329/769/296
f 333/770/301 327/754/295 332/766/300
f 331/771/299 336/772/302 332/773/300
f 333/770/301 332/766/300 334/774/303
f 335/775/304 334/776/303 332/777/300
f 335/775/304 332/777/300 336/778/302
f 335/779/304 336/780/302 337/781/305
f 331/782/299 337/783/305 336/784/302
f 340/785/306 337/786/305 338/787/307
f 339/788/308 338/787/307 337/786/305
f 331/789/299 339/790/308 337/791/305
f 335/779/304 337/781/305 340/792/306
f 340/785/306 338/787/307 341/793/309
f 342/794/310 340/795/306 341/796/309
f 343/797/311 335/779/304 340/792/306
f 342/794/310 343/798/311 340/795/306
f 343/797/311 344/799/312 335/779/304
f 345/800/313 344/799/312 343/797/311
f 345/801/313 343/802/311 342/803/310
f 345/804/313 347/805/314 344/806/312
f 347/807/314 345/808/313 346/809/315
f 345/808/313 348/810/316 346/809/315
f 345/801/313 342/803/310 349/811/317
f 345/808/313 349/812/317 348/810/316
f 349/813/317 342/814/310 351/815/318
f 348/810/316 349/812/317 350/816/319
f 349/813/317 351/815/318 350/817/319
f 351/818/318 352/819/320 333/820/301
f 351/818/318 333/820/301 353/821/321
f 342/814/310 352/822/320 351/815/318
f 350/823/319 351/824/318 353/825/321
f 355/826/322 353/827/321 354/828/323
f 353/827/321 334/774/303 354/828/323
f 350/829/319 353/830/321 355/831/322
f 353/827/321 333/770/301 334/774/303
f 356/832/324 350/833/319 355/834/322
f 356/835/324 355/836/322 358/837/325
f 358/838/325 355/826/322 357/839/326
f 355/826/322 354/828/323 357/839/326
f 356/840/324 358/841/325 359/842/327
f 358/838/325 357/839/326 359/843/327
f 356/844/324 359/845/327 360/846/328
f 360/847/328 359/848/327 357/849/326
f 356/850/324 360/851/328 346/852/315
f 347/853/314 346/854/315 360/855/328
f 360/847/328 357/849/326 347/856/314
f 347/857/314 357/858/326 354/859/323
f 348/810/316 350/816/319 356/860/324
f 356/861/324 346/862/315 348/863/316
f 344/864/312 354/865/323 334/776/303
f 347/866/314 354/865/323 344/864/312
f 352/819/320 328/867/297 327/868/295
f 352/819/320 327/868/295 333/820/301
f 341/869/309 328/870/297 352/871/320
f 342/872/310 341/869/309 352/871/320
f 344/864/312 334/776/303 335/775/304
f 341/873/309 338/874/307 328/875/297
f 339/788/308 361/876/329 338/787/307
f 361/877/329 339/878/308 362/879/330
f 331/789/299 362/880/330 339/790/308
f 362/881/330 364/882/331 363/883/332
f 362/881/330 363/883/332 365/884/333
f 330/885/298 364/886/331 362/880/330
f 361/877/329 362/879/330 365/887/333
f 331/789/299 330/885/298 362/880/330
f 363/888/332 322/889/291 365/890/333
f 325/891/294 365/887/333 322/892/291
f 325/891/294 361/877/329 365/887/333
f 364/882/331 366/893/334 363/883/332
f 364/882/331 368/894/335 366/893/334
f 330/885/298 367/895/336 364/886/331
f 367/895/336 368/896/335 364/886/331
f 367/895/336 316/897/285 368/896/335
f 370/898/337 368/896/335 316/897/285
f 368/894/335 369/899/338 366/893/334
f 368/894/335 370/900/337 369/899/338
f 370/898/337 316/897/285 317/901/284
f 372/902/339 370/900/337 371/903/340
f 317/901/284 371/904/340 370/898/337
f 372/902/339 369/899/338 370/900/337
f 373/905/341 372/902/339 371/903/340
f 372/906/339 311/907/279 369/908/338
f 372/906/339 309/909/278 311/907/279
f 373/905/341 374/910/342 372/902/339
f 303/911/271 309/912/278 372/913/339
f 303/911/271 372/913/339 374/914/342
f 375/915/343 300/706/268 374/916/342
f 375/915/343 374/916/342 373/917/341
f 303/705/271 374/916/342 300/706/268
f 373/918/341 376/919/344 375/920/343
f 300/704/268 375/921/343 289/663/255
f 289/922/255 375/923/343 376/924/344
f 289/925/255 376/926/344 288/927/258
f 305/928/273 288/929/258 376/930/344
f 377/931/345 305/932/273 376/933/344
f 373/918/341 377/934/345 376/919/344
f 377/931/345 306/935/274 305/932/273
f 378/936/346 306/937/274 377/938/345
f 377/934/345 373/918/341 371/904/340
f 377/934/345 371/904/340 378/939/346
f 317/901/284 378/939/346 371/904/340
f 317/733/284 308/736/276 378/940/346
f 378/936/346 308/941/276 306/937/274
f 369/908/338 314/942/281 366/943/334
f 369/908/338 311/907/279 314/942/281
f 316/734/285 367/944/336 319/738/287
f 330/764/298 319/738/287 367/944/336
f 366/945/334 314/946/281 321/947/290
f 366/945/334 321/947/290 363/948/332
f 363/949/332 321/950/290 322/951/291
f 338/874/307 361/952/329 325/953/294
f 338/874/307 325/953/294 328/875/297
f 330/764/298 324/763/292 319/738/287
f 305/954/273 291/675/260 288/676/258
f 296/955/264 283/956/250 282/657/251
f 296/955/264 282/657/251 379/957/347
f 294/685/262 296/684/264 379/958/347
f 379/958/347 381/959/348 380/960/349
f 379/958/347 380/960/349 382/961/350
f 282/657/251 381/962/348 379/957/347
f 294/685/262 379/958/347 382/961/350
f 383/963/351 382/964/350 380/965/349
f 293/680/261 382/964/350 383/963/351
f 293/680/261 294/679/262 382/964/350
f 383/963/351 380/965/349 384/966/352
f 383/967/351 285/968/253 293/969/261
f 383/967/351 280/970/249 285/968/253
f 280/970/249 383/967/351 384/971/352
f 385/972/353 272/973/240 384/966/352
f 385/972/353 384/966/352 380/965/349
f 277/974/246 384/971/352 272/975/240
f 280/970/249 384/971/352 277/974/246
f 385/976/353 269/635/238 272/631/240
f 385/976/353 388/977/354 269/635/238
f 386/978/355 388/979/354 385/980/353
f 386/978/355 385/980/353 387/981/356
f 381/959/348 387/982/356 385/983/353
f 381/959/348 385/983/353 380/960/349
f 388/984/354 389/985/357 263/617/231
f 388/986/354 263/614/231 269/627/238
f 386/987/355 389/988/357 388/989/354
f 263/617/231 389/985/357 261/612/230
f 390/990/358 261/991/230 389/992/357
f 390/990/358 389/992/357 391/993/359
f 386/994/355 391/993/359 389/992/357
f 392/995/360 390/996/358 391/997/359
f 386/998/355 392/995/360 391/997/359
f 392/995/360 393/999/361 390/996/358
f 274/1000/243 268/1001/237 392/1002/360
f 268/1001/237 393/1003/361 392/1002/360
f 386/998/355 274/1004/243 392/995/360
f 394/1005/362 390/1006/358 393/1007/361
f 394/1005/362 393/1007/361 395/1008/363
f 268/1001/237 266/1009/235 393/1003/361
f 395/1010/363 393/1003/361 266/1009/235
f 394/1005/362 395/1008/363 220/495/188
f 265/1011/234 220/498/188 395/1010/363
f 395/1010/363 266/1009/235 265/1011/234
f 258/606/227 394/1012/362 219/601/187
f 394/1005/362 220/495/188 219/494/187
f 261/991/230 390/990/358 394/1012/362
f 261/991/230 394/1012/362 258/606/227
f 276/1013/245 386/1014/355 387/1015/356
f 279/1016/248 276/1017/245 387/1018/356
f 279/1016/248 387/1018/356 381/1019/348
f 276/1013/245 274/1020/243 386/1014/355
f 282/657/251 279/650/248 381/962/348
f 277/974/246 272/975/240 271/1021/239
f 265/1011/234 217/487/185 220/498/188
f 260/609/229 217/492/185 265/620/234
f 260/609/229 211/490/180 217/492/185
f 260/610/229 212/477/179 211/476/180
f 397/1022/364 396/1023/365 399/1024/366
f 397/1022/364 398/1025/367 396/1023/365
f 396/1023/365 398/1025/367 402/1026/368
f 396/1023/365 400/1027/369 399/1024/366
f 396/1023/365 401/1028/370 400/1027/369
f 396/1023/365 402/1026/368 401/1028/370
f 406/1029/371 401/1028/370 402/1026/368
f 403/1030/372 402/1031/368 405/1032/373
f 406/1033/371 402/1034/368 403/1035/372
f 404/1036/374 405/1032/373 402/1031/368
f 404/1036/374 402/1031/368 398/1037/367
f 406/1029/371 400/1027/369 401/1028/370
f 406/1029/371 408/1038/375 400/1027/369
f 407/1039/376 406/1033/371 403/1035/372
f 407/1040/376 408/1041/375 406/1042/371
f 408/1043/375 409/1044/377 400/1045/369
f 408/1043/375 411/1046/378 409/1044/377
f 407/1040/376 410/1047/379 408/1041/375
f 410/1048/379 411/1046/378 408/1043/375
f 411/1049/378 412/1050/380 409/1051/377
f 411/1049/378 415/1052/381 412/1050/380
f 410/1048/379 414/1053/382 411/1046/378
f 413/1054/383 415/1052/381 411/1049/378
f 413/1054/383 411/1049/378 414/1055/382
f 417/1056/384 416/1057/385 415/1058/381
f 416/1059/385 412/1060/380 415/1061/381
f 417/1056/384 415/1058/381 413/1062/383
f 420/1063/386 417/1064/384 413/1065/383
f 419/1066/387 418/1067/388 417/1068/384
f 418/1067/388 416/1069/385 417/1068/384
f 419/1066/387 417/1068/384 420/1070/386
f 420/1063/386 413/1065/383 421/1071/389
f 422/1072/390 420/1063/386 421/1071/389
f 423/1073/391 419/1066/387 420/1070/386
f 423/1073/391 420/1070/386 422/1074/390
f 426/1075/392 423/1073/391 422/1074/390
f 423/1076/391 425/1077/393 424/1078/394
f 424/1078/394 419/1079/387 423/1076/391
f 423/1076/391 427/1080/395 425/1077/393
f 426/1075/392 427/1081/395 423/1073/391
f 427/1082/395 429/1083/396 428/1084/397
f 427/1082/395 428/1084/397 425/1085/393
f 426/1086/392 429/1083/396 427/1082/395
f 430/1087/398 428/1088/397 429/1089/396
f 426/1086/392 433/1090/399 429/1083/396
f 430/1087/398 429/1089/396 431/1091/400
f 432/1092/401 431/1093/400 429/1094/396
f 432/1092/401 429/1094/396 433/1095/399
f 434/1096/402 433/1097/399 426/1098/392
f 435/1099/403 433/1100/399 434/1101/402
f 435/1099/403 432/1102/401 433/1100/399
f 437/1103/404 435/1104/403 436/1105/405
f 434/1106/402 436/1107/405 435/1108/403
f 437/1103/404 439/1109/406 435/1104/403
f 438/1110/407 432/1102/401 435/1099/403
f 438/1110/407 435/1099/403 439/1111/406
f 440/1112/408 439/1113/406 437/1114/404
f 439/1111/406 441/1115/409 438/1110/407
f 440/1112/408 442/1116/410 439/1113/406
f 439/1111/406 442/1117/410 441/1115/409
f 445/1118/411 443/1119/412 442/1116/410
f 444/1120/413 442/1117/410 443/1121/412
f 444/1120/413 441/1115/409 442/1117/410
f 445/1118/411 442/1116/410 440/1112/408
f 446/1122/414 445/1123/411 440/1124/408
f 448/1125/415 445/1126/411 446/1127/414
f 448/1125/415 447/1128/416 445/1126/411
f 447/1129/416 443/1119/412 445/1118/411
f 449/1130/417 447/1128/416 448/1125/415
f 450/1131/418 449/1132/417 448/1133/415
f 450/1131/418 448/1133/415 451/1134/419
f 451/1135/419 448/1136/415 446/1137/414
f 450/1138/418 451/1139/419 452/1140/420
f 452/1140/420 451/1139/419 453/1141/421
f 451/1135/419 446/1137/414 453/1142/421
f 452/1140/420 453/1141/421 454/1143/422
f 453/1141/421 455/1144/423 454/1143/422
f 453/1141/421 456/1145/424 455/1144/423
f 453/1142/421 457/1146/425 456/1147/424
f 453/1142/421 446/1137/414 457/1146/425
f 456/1147/424 457/1146/425 458/1148/426
f 457/1149/425 437/1150/404 458/1151/426
f 457/1149/425 440/1124/408 437/1150/404
f 446/1122/414 440/1124/408 457/1149/425
f 456/1147/424 458/1148/426 460/1152/427
f 458/1151/426 437/1150/404 436/1153/405
f 458/1148/426 459/1154/428 430/1155/398
f 458/1148/426 430/1155/398 460/1152/427
f 458/1151/426 436/1153/405 459/1156/428
f 460/1157/427 430/1087/398 431/1091/400
f 460/1157/427 431/1091/400 461/1158/429
f 455/1144/423 460/1157/427 461/1158/429
f 455/1144/423 456/1145/424 460/1157/427
f 438/1159/407 461/1160/429 431/1093/400
f 461/1160/429 441/1161/409 455/1162/423
f 461/1160/429 438/1159/407 441/1161/409
f 459/1154/428 428/1163/397 430/1155/398
f 459/1154/428 462/1164/430 428/1163/397
f 459/1156/428 436/1153/405 463/1165/431
f 459/1156/428 463/1165/431 462/1166/430
f 462/1167/430 463/1168/431 464/1169/432
f 464/1170/432 463/1171/431 434/1106/402
f 434/1106/402 463/1171/431 436/1107/405
f 465/1172/433 467/1173/434 464/1174/432
f 465/1172/433 464/1174/432 466/1175/435
f 466/1175/435 464/1174/432 468/1176/436
f 462/1167/430 464/1169/432 467/1177/434
f 464/1170/432 434/1106/402 468/1178/436
f 468/1179/436 426/1180/392 422/1072/390
f 434/1181/402 426/1182/392 468/1183/436
f 466/1175/435 468/1176/436 469/1184/437
f 468/1179/436 422/1072/390 469/1185/437
f 469/1186/437 470/1187/438 466/1188/435
f 469/1186/437 421/1189/389 470/1187/438
f 422/1072/390 421/1071/389 469/1185/437
f 470/1187/438 421/1189/389 413/1054/383
f 470/1187/438 413/1054/383 414/1055/382
f 466/1190/435 470/1191/438 471/1192/439
f 471/1193/439 470/1194/438 414/1053/382
f 472/1195/440 471/1196/439 410/1197/379
f 471/1193/439 414/1053/382 410/1048/379
f 465/1198/433 471/1199/439 472/1200/440
f 466/1201/435 471/1202/439 465/1203/433
f 472/1204/440 410/1205/379 407/1206/376
f 424/1078/394 472/1207/440 419/1079/387
f 465/1198/433 472/1200/440 424/1208/394
f 418/1209/388 419/1079/387 472/1207/440
f 418/1209/388 472/1207/440 407/1039/376
f 424/1210/394 425/1211/393 467/1212/434
f 424/1208/394 467/1213/434 465/1198/433
f 428/1214/397 462/1215/430 467/1216/434
f 428/1214/397 467/1216/434 425/1217/393
f 444/1218/413 454/1219/422 455/1162/423
f 444/1218/413 455/1162/423 441/1161/409
f 452/1220/420 454/1219/422 444/1218/413
f 452/1220/420 444/1218/413 473/1221/441
f 474/1222/442 452/1223/420 473/1224/441
f 450/1138/418 452/1140/420 474/1225/442
f 474/1226/442 473/1227/441 475/1228/443
f 477/1229/444 474/1226/442 475/1228/443
f 476/1230/445 450/1138/418 474/1225/442
f 476/1230/445 474/1225/442 477/1231/444
f 480/1232/446 478/1233/447 477/1229/444
f 478/1234/447 476/1230/445 477/1231/444
f 480/1232/446 477/1229/444 479/1235/448
f 477/1229/444 475/1228/443 479/1235/448
f 480/1236/446 481/1237/449 478/1238/447
f 480/1236/446 483/1239/450 481/1237/449
f 479/1240/448 482/1241/451 480/1242/446
f 483/1243/450 480/1242/446 482/1241/451
f 481/1244/449 483/1245/450 484/1246/452
f 485/1247/453 484/1248/452 483/1249/450
f 483/1250/450 482/1251/451 485/1252/453
f 486/1253/454 485/1254/453 482/1255/451
f 485/1247/453 487/1256/455 484/1248/452
f 487/1257/455 485/1254/453 486/1253/454
f 487/1257/455 488/1258/456 491/1259/457
f 487/1257/455 486/1253/454 488/1258/456
f 487/1256/455 489/1260/458 484/1248/452
f 487/1256/455 490/1261/459 489/1260/458
f 487/1257/455 491/1259/457 490/1262/459
f 490/1262/459 491/1259/457 494/1263/460
f 488/1264/456 492/1265/461 491/1266/457
f 491/1267/457 492/1268/461 493/1269/462
f 491/1267/457 493/1269/462 494/1270/460
f 497/1271/463 494/1270/460 493/1269/462
f 490/1262/459 494/1263/460 495/1272/464
f 496/1273/465 495/1272/464 494/1263/460
f 496/1273/465 494/1263/460 497/1274/463
f 499/1275/466 497/1276/463 498/1277/467
f 497/1271/463 493/1269/462 498/1278/467
f 496/1279/465 497/1276/463 499/1275/466
f 503/1280/468 499/1275/466 500/1281/469
f 499/1275/466 498/1277/467 500/1281/469
f 496/1279/465 499/1275/466 501/1282/470
f 502/1283/471 501/1282/470 499/1275/466
f 502/1284/471 499/1285/466 503/1286/468
f 502/1284/471 503/1286/468 504/1287/472
f 503/1280/468 500/1281/469 504/1288/472
f 504/1289/472 506/1290/473 505/1291/474
f 504/1292/472 505/1293/474 507/1294/475
f 508/1295/476 506/1296/473 504/1297/472
f 502/1284/471 504/1287/472 507/1298/475
f 508/1295/476 504/1297/472 500/1299/469
f 506/1300/473 508/1301/476 509/1302/477
f 510/1303/478 509/1302/477 508/1301/476
f 508/1304/476 498/1305/467 510/1306/478
f 508/1304/476 500/1307/469 498/1305/467
f 493/1308/462 510/1306/478 498/1305/467
f 493/1309/462 511/1310/479 510/1311/478
f 511/1312/479 512/1313/480 510/1303/478
f 510/1303/478 512/1313/480 509/1302/477
f 513/1314/481 509/1315/477 512/1316/480
f 513/1314/481 512/1316/480 515/1317/482
f 511/1312/479 514/1318/483 512/1313/480
f 512/1319/480 514/1320/483 516/1321/484
f 512/1316/480 516/1322/484 515/1317/482
f 489/1323/458 516/1324/484 514/1325/483
f 515/1326/482 516/1327/484 495/1328/464
f 516/1327/484 490/1261/459 495/1328/464
f 516/1327/484 489/1260/458 490/1261/459
f 515/1326/482 496/1329/465 501/1330/470
f 515/1326/482 501/1330/470 513/1331/481
f 515/1326/482 495/1328/464 496/1329/465
f 511/1312/479 517/1332/485 514/1318/483
f 489/1323/458 514/1325/483 517/1333/485
f 517/1333/485 484/1246/452 489/1323/458
f 517/1333/485 518/1334/486 484/1246/452
f 518/1335/486 517/1332/485 519/1336/487
f 511/1312/479 519/1336/487 517/1332/485
f 518/1335/486 519/1336/487 520/1337/488
f 492/1338/461 520/1339/488 519/1340/487
f 492/1338/461 519/1340/487 511/1341/479
f 518/1335/486 520/1337/488 521/1342/489
f 522/1343/490 521/1344/489 520/1339/488
f 492/1338/461 522/1343/490 520/1339/488
f 486/1345/454 523/1346/491 522/1347/490
f 486/1345/454 522/1347/490 488/1264/456
f 522/1343/490 523/1348/491 521/1344/489
f 488/1264/456 522/1347/490 492/1265/461
f 524/1349/492 523/1350/491 486/1351/454
f 525/1352/493 521/1353/489 523/1354/491
f 524/1349/492 525/1355/493 523/1350/491
f 525/1356/493 524/1357/492 528/1358/494
f 525/1352/493 527/1359/495 521/1353/489
f 525/1356/493 528/1358/494 526/1360/496
f 526/1361/496 527/1362/495 525/1363/493
f 529/1364/497 530/1365/498 528/1366/494
f 529/1364/497 528/1366/494 531/1367/499
f 526/1368/496 528/1369/494 530/1370/498
f 531/1371/499 528/1358/494 524/1357/492
f 531/1372/499 475/1373/443 529/1374/497
f 479/1240/448 531/1372/499 482/1241/451
f 531/1372/499 479/1240/448 475/1373/443
f 531/1371/499 524/1357/492 482/1375/451
f 449/1130/417 530/1370/498 447/1128/416
f 530/1365/498 532/1376/500 447/1129/416
f 530/1365/498 529/1364/497 532/1376/500
f 526/1368/496 530/1370/498 449/1130/417
f 447/1129/416 532/1376/500 443/1119/412
f 473/1377/441 443/1378/412 532/1379/500
f 532/1379/500 475/1380/443 473/1377/441
f 532/1381/500 529/1374/497 475/1373/443
f 481/1382/449 521/1342/489 527/1383/495
f 481/1382/449 527/1383/495 478/1384/447
f 478/1385/447 527/1386/495 476/1387/445
f 526/1361/496 476/1388/445 527/1362/495
f 476/1388/445 526/1361/496 449/1389/417
f 486/1253/454 482/1255/451 524/1390/492
f 518/1335/486 521/1342/489 481/1382/449
f 481/1244/449 484/1246/452 518/1334/486
f 507/1298/475 513/1391/481 501/1392/470
f 507/1393/475 509/1315/477 513/1314/481
f 492/1338/461 511/1341/479 493/1394/462
f 506/1300/473 509/1302/477 505/1395/474
f 507/1393/475 505/1396/474 509/1315/477
f 507/1298/475 501/1392/470 502/1284/471
f 476/1388/445 449/1389/417 450/1397/418
f 473/1377/441 444/1398/413 443/1378/412
f 438/1159/407 431/1093/400 432/1092/401
f 407/1039/376 403/1035/372 418/1209/388
f 418/1067/388 403/1030/372 416/1069/385
f 416/1399/385 405/1400/373 412/1401/380
f 403/1030/372 405/1032/373 416/1069/385
f 409/1051/377 412/1050/380 533/1402/501
f 533/1403/501 412/1404/380 405/1405/373
f 534/1406/502 533/1402/501 535/1407/503
f 409/1051/377 533/1402/501 534/1406/502
f 533/1408/501 536/1409/504 535/1410/503
f 533/1408/501 404/1411/374 536/1409/504
f 533/1408/501 405/1412/373 404/1411/374
f 538/1413/505 535/1414/503 536/1415/504
f 539/1416/506 536/1417/504 537/1418/507
f 404/1036/374 537/1418/507 536/1417/504
f 539/1416/506 538/1419/505 536/1417/504
f 540/1420/508 541/1421/509 539/1422/506
f 540/1420/508 539/1422/506 542/1423/510
f 541/1424/509 538/1419/505 539/1416/506
f 542/1423/510 539/1422/506 537/1425/507
f 542/1423/510 537/1425/507 397/1426/364
f 540/1427/508 542/1428/510 543/1429/511
f 542/1428/510 544/1430/512 543/1429/511
f 542/1428/510 397/1431/364 544/1430/512
f 544/1430/512 399/1432/366 534/1433/502
f 397/1431/364 399/1432/366 544/1430/512
f 544/1434/512 534/1435/502 545/1436/513
f 543/1437/511 544/1438/512 545/1439/513
f 534/1406/502 535/1407/503 545/1440/513
f 547/1441/514 545/1440/513 535/1407/503
f 543/1442/511 545/1443/513 546/1444/515
f 547/1441/514 546/1445/515 545/1440/513
f 538/1413/505 547/1446/514 535/1414/503
f 548/1447/516 546/1448/515 547/1449/514
f 549/1450/517 548/1451/516 547/1446/514
f 549/1450/517 547/1446/514 538/1413/505
f 550/1452/518 548/1451/516 549/1450/517
f 550/1452/518 549/1450/517 551/1453/519
f 551/1454/519 549/1455/517 541/1424/509
f 541/1424/509 549/1455/517 538/1419/505
f 551/1454/519 541/1424/509 552/1456/520
f 553/1457/521 550/1452/518 551/1453/519
f 555/1458/522 551/1459/519 552/1460/520
f 553/1461/521 551/1462/519 554/1463/523
f 555/1464/522 554/1465/523 551/1466/519
f 555/1467/522 552/1468/520 559/1469/524
f 558/1470/525 555/1467/522 556/1471/526
f 555/1467/522 559/1469/524 556/1471/526
f 558/1472/525 557/1473/527 555/1474/522
f 557/1475/527 554/1465/523 555/1464/522
f 552/1468/520 540/1420/508 559/1469/524
f 556/1476/526 559/1477/524 560/1478/528
f 559/1477/524 561/1479/529 560/1478/528
f 559/1477/524 540/1427/508 561/1479/529
f 561/1480/529 543/1481/511 546/1448/515
f 540/1427/508 543/1429/511 561/1479/529
f 561/1480/529 546/1448/515 562/1482/530
f 560/1483/528 561/1480/529 562/1482/530
f 548/1447/516 562/1482/530 546/1448/515
f 560/1483/528 562/1482/530 563/1484/531
f 550/1485/518 563/1484/531 562/1482/530
f 550/1486/518 562/1487/530 548/1488/516
f 564/1489/532 560/1483/528 563/1484/531
f 564/1490/532 563/1491/531 550/1492/518
f 564/1493/532 565/1494/533 560/1495/528
f 567/1496/534 565/1497/533 564/1498/532
f 566/1499/535 564/1490/532 553/1500/521
f 564/1490/532 550/1492/518 553/1500/521
f 566/1499/535 567/1501/534 564/1490/532
f 567/1496/534 568/1502/536 565/1497/533
f 569/1503/537 568/1502/536 567/1496/534
f 569/1503/537 567/1496/534 570/1504/538
f 571/1505/539 570/1506/538 567/1501/534
f 571/1505/539 567/1501/534 566/1499/535
f 575/1507/540 571/1505/539 572/1508/541
f 571/1505/539 573/1509/542 572/1508/541
f 571/1505/539 566/1499/535 573/1509/542
f 574/1510/543 570/1506/538 571/1505/539
f 574/1510/543 571/1505/539 575/1507/540
f 576/1511/544 574/1510/543 575/1507/540
f 578/1512/545 576/1511/544 575/1507/540
f 578/1512/545 575/1507/540 577/1513/546
f 575/1507/540 572/1508/541 577/1513/546
f 578/1514/545 579/1515/547 581/1516/548
f 580/1517/549 579/1518/547 578/1512/545
f 580/1517/549 578/1512/545 577/1513/546
f 576/1511/544 578/1512/545 582/1519/550
f 578/1514/545 581/1516/548 582/1520/550
f 583/1521/551 582/1519/550 581/1522/548
f 584/1523/552 582/1519/550 583/1521/551
f 584/1523/552 585/1524/553 582/1519/550
f 576/1511/544 582/1519/550 585/1524/553
f 587/1525/554 585/1524/553 586/1526/555
f 585/1524/553 588/1527/556 586/1526/555
f 585/1524/553 584/1523/552 588/1527/556
f 587/1525/554 576/1511/544 585/1524/553
f 591/1528/557 588/1529/556 589/1530/558
f 588/1531/556 590/1532/559 589/1533/558
f 588/1531/556 584/1534/552 590/1532/559
f 591/1535/557 586/1536/555 588/1537/556
f 591/1528/557 589/1530/558 593/1538/560
f 594/1539/561 591/1540/557 592/1541/562
f 591/1528/557 593/1538/560 592/1542/562
f 594/1543/561 586/1544/555 591/1545/557
f 594/1543/561 587/1546/554 586/1544/555
f 594/1543/561 592/1547/562 597/1548/563
f 574/1549/543 594/1543/561 595/1550/564
f 594/1543/561 596/1551/565 595/1550/564
f 574/1549/543 587/1546/554 594/1543/561
f 594/1543/561 597/1548/563 596/1551/565
f 597/1552/563 592/1553/562 598/1554/566
f 597/1552/563 598/1554/566 599/1555/567
f 597/1556/563 599/1557/567 600/1558/568
f 597/1559/563 600/1560/568 596/1561/565
f 601/1562/569 596/1561/565 600/1560/568
f 600/1560/568 602/1563/570 601/1562/569
f 600/1560/568 604/1564/571 602/1563/570
f 600/1558/568 599/1557/567 603/1565/572
f 600/1560/568 603/1566/572 604/1564/571
f 602/1567/570 604/1568/571 605/1569/573
f 606/1570/574 605/1569/573 604/1568/571
f 606/1571/574 604/1572/571 603/1573/572
f 606/1574/574 608/1575/575 607/1576/576
f 606/1574/574 607/1576/576 609/1577/577
f 603/1578/572 608/1575/575 606/1574/574
f 609/1579/577 605/1580/573 606/1581/574
f 612/1582/578 609/1577/577 607/1576/576
f 611/1583/579 605/1569/573 609/1584/577
f 610/1585/580 611/1586/579 609/1587/577
f 610/1588/580 609/1589/577 612/1590/578
f 613/1591/581 612/1582/578 607/1576/576
f 614/1592/582 612/1582/578 613/1591/581
f 614/1593/582 610/1594/580 612/1595/578
f 615/1596/583 614/1597/582 613/1598/581
f 614/1597/582 615/1596/583 617/1599/584
f 616/1600/585 610/1601/580 614/1602/582
f 614/1597/582 617/1599/584 616/1603/585
f 616/1604/585 617/1605/584 618/1606/586
f 617/1607/584 619/1608/587 618/1609/586
f 617/1607/584 620/1610/588 619/1608/587
f 615/1596/583 620/1611/588 617/1599/584
f 622/1612/589 619/1613/587 620/1614/588
f 615/1596/583 621/1615/590 620/1611/588
f 621/1615/590 623/1616/591 620/1611/588
f 622/1617/589 620/1611/588 623/1616/591
f 624/1618/592 626/1619/593 623/1620/591
f 624/1618/592 623/1620/591 625/1621/594
f 621/1622/590 625/1621/594 623/1620/591
f 622/1623/589 623/1624/591 626/1625/593
f 627/1626/595 626/1627/593 624/1628/592
f 622/1623/589 626/1625/593 627/1629/595
f 631/1630/596 627/1626/595 628/1631/597
f 627/1626/595 624/1628/592 628/1631/597
f 622/1632/589 627/1633/595 629/1634/598
f 632/1635/599 629/1636/598 627/1637/595
f 631/1630/596 630/1638/600 627/1626/595
f 632/1635/599 627/1637/595 630/1639/600
f 635/1640/601 633/1641/602 632/1635/599
f 633/1642/602 634/1643/603 632/1644/599
f 632/1644/599 636/1645/604 629/1646/598
f 635/1640/601 632/1635/599 630/1639/600
f 632/1644/599 634/1643/603 636/1645/604
f 636/1645/604 634/1643/603 638/1647/605
f 629/1648/598 636/1649/604 637/1650/606
f 637/1650/606 636/1649/604 639/1651/607
f 636/1645/604 638/1647/605 639/1652/607
f 641/1653/608 639/1651/607 640/1654/609
f 638/1647/605 640/1655/609 639/1652/607
f 637/1650/606 639/1651/607 641/1653/608
f 642/1656/610 637/1657/606 641/1658/608
f 642/1656/610 641/1658/608 643/1659/611
f 643/1659/611 641/1658/608 644/1660/612
f 641/1653/608 640/1654/609 644/1661/612
f 646/1662/613 644/1660/612 645/1663/614
f 644/1661/612 647/1664/615 645/1665/614
f 644/1661/612 640/1654/609 647/1664/615
f 643/1659/611 644/1660/612 646/1662/613
f 647/1664/615 648/1666/616 649/1667/617
f 650/1668/618 648/1669/616 647/1670/615
f 647/1664/615 649/1667/617 645/1665/614
f 651/1671/619 650/1668/618 647/1670/615
f 651/1671/619 647/1670/615 640/1655/609
f 653/1672/620 652/1673/621 651/1674/619
f 652/1673/621 650/1675/618 651/1674/619
f 638/1647/605 651/1671/619 640/1655/609
f 653/1672/620 651/1674/619 638/1676/605
f 654/1677/622 652/1678/621 653/1679/620
f 655/1680/623 654/1677/622 653/1679/620
f 634/1681/603 653/1672/620 638/1676/605
f 634/1681/603 655/1682/623 653/1672/620
f 660/1683/624 656/1684/625 655/1685/623
f 655/1680/623 656/1686/625 654/1677/622
f 657/1687/626 655/1688/623 658/1689/627
f 657/1690/626 659/1691/628 655/1692/623
f 633/1693/602 655/1682/623 634/1681/603
f 633/1694/602 658/1695/627 655/1696/623
f 660/1697/624 655/1698/623 659/1699/628
f 660/1700/624 661/1701/629 662/1702/630
f 660/1697/624 665/1703/631 661/1704/629
f 660/1700/624 662/1702/630 663/1705/632
f 660/1697/624 659/1699/628 665/1703/631
f 664/1706/633 660/1700/624 663/1705/632
f 664/1706/633 656/1707/625 660/1700/624
f 665/1703/631 668/1708/634 666/1709/635
f 665/1703/631 666/1709/635 667/1710/636
f 661/1704/629 665/1703/631 667/1710/636
f 659/1699/628 668/1708/634 665/1703/631
f 669/1711/637 666/1712/635 668/1713/634
f 670/1714/638 669/1711/637 668/1713/634
f 659/1691/628 670/1715/638 668/1716/634
f 670/1717/638 671/1718/639 669/1719/637
f 657/1720/626 671/1721/639 670/1722/638
f 657/1690/626 670/1715/638 659/1691/628
f 671/1723/639 672/1724/640 674/1725/641
f 673/1726/642 672/1724/640 671/1723/639
f 657/1720/626 673/1727/642 671/1721/639
f 671/1728/639 674/1729/641 669/1730/637
f 674/1731/641 675/1732/643 676/1733/644
f 662/1734/630 675/1735/643 674/1736/641
f 674/1731/641 676/1733/644 669/1737/637
f 663/1738/632 662/1734/630 674/1736/641
f 663/1738/632 674/1736/641 672/1739/640
f 675/1732/643 677/1740/645 676/1733/644
f 669/1741/637 676/1742/644 666/1743/635
f 666/1743/635 676/1742/644 677/1744/645
f 678/1745/646 680/1746/647 677/1747/645
f 679/1748/648 678/1749/646 677/1740/645
f 675/1732/643 679/1748/648 677/1740/645
f 666/1743/635 677/1744/645 680/1750/647
f 678/1751/646 681/1752/649 680/1753/647
f 681/1754/649 682/1755/650 680/1756/647
f 667/1757/636 680/1756/647 682/1755/650
f 667/1757/636 666/1758/635 680/1756/647
f 681/1754/649 683/1759/651 682/1755/650
f 682/1760/650 683/1761/651 684/1762/652
f 682/1763/650 684/1764/652 685/1765/653
f 686/1766/654 682/1763/650 685/1765/653
f 686/1766/654 667/1710/636 682/1763/650
f 686/1767/654 685/1768/653 687/1769/655
f 686/1767/654 687/1769/655 688/1770/656
f 661/1704/629 667/1710/636 686/1766/654
f 661/1771/629 686/1767/654 688/1770/656
f 675/1735/643 688/1772/656 687/1773/655
f 662/1734/630 688/1772/656 675/1735/643
f 661/1774/629 688/1775/656 662/1776/630
f 684/1777/652 687/1769/655 685/1768/653
f 675/1735/643 687/1773/655 679/1778/648
f 684/1777/652 689/1779/657 687/1769/655
f 679/1778/648 687/1773/655 689/1780/657
f 690/1781/658 689/1780/657 691/1782/659
f 679/1778/648 689/1780/657 690/1781/658
f 684/1777/652 691/1783/659 689/1779/657
f 690/1781/658 691/1782/659 692/1784/660
f 695/1785/661 692/1784/660 691/1782/659
f 693/1786/662 691/1783/659 694/1787/663
f 695/1785/661 691/1782/659 693/1788/662
f 684/1777/652 694/1787/663 691/1783/659
f 697/1789/664 696/1790/665 695/1791/661
f 696/1790/665 692/1792/660 695/1791/661
f 698/1793/666 695/1785/661 693/1788/662
f 697/1789/664 695/1791/661 698/1794/666
f 699/1795/667 700/1796/668 698/1793/666
f 698/1793/666 693/1788/662 699/1795/667
f 700/1797/668 697/1789/664 698/1794/666
f 699/1795/667 701/1798/669 700/1796/668
f 703/1799/670 700/1796/668 701/1798/669
f 704/1800/671 702/1801/672 700/1797/668
f 700/1797/668 702/1801/672 697/1789/664
f 704/1802/671 700/1803/668 703/1804/670
f 707/1805/673 704/1806/671 703/1807/670
f 706/1808/674 705/1809/675 704/1810/671
f 705/1811/675 702/1801/672 704/1800/671
f 706/1808/674 704/1810/671 707/1812/673
f 706/1813/674 707/1814/673 708/1815/676
f 708/1816/676 707/1817/673 709/1818/677
f 707/1805/673 703/1807/670 709/1819/677
f 710/1820/678 709/1821/677 712/1822/679
f 708/1816/676 709/1818/677 710/1823/678
f 709/1819/677 703/1807/670 711/1824/680
f 709/1819/677 711/1824/680 712/1825/679
f 710/1820/678 712/1822/679 713/1826/681
f 715/1827/682 713/1826/681 712/1822/679
f 712/1828/679 711/1829/680 714/1830/683
f 712/1828/679 714/1830/683 716/1831/684
f 715/1827/682 712/1822/679 716/1832/684
f 716/1833/684 717/1834/685 718/1835/686
f 717/1836/685 716/1837/684 714/1838/683
f 716/1833/684 718/1835/686 715/1839/682
f 718/1840/686 719/1841/687 721/1842/688
f 718/1840/686 706/1843/674 719/1841/687
f 718/1840/686 717/1844/685 706/1843/674
f 722/1845/689 715/1846/682 718/1847/686
f 722/1845/689 718/1847/686 720/1848/690
f 718/1840/686 721/1842/688 720/1849/690
f 723/1850/691 722/1845/689 720/1848/690
f 722/1851/689 724/1852/692 713/1853/681
f 722/1851/689 713/1853/681 715/1854/682
f 723/1855/691 724/1852/692 722/1851/689
f 710/1856/678 713/1857/681 724/1858/692
f 710/1856/678 724/1858/692 725/1859/693
f 726/1860/694 725/1859/693 724/1858/692
f 723/1861/691 726/1862/694 724/1863/692
f 726/1862/694 729/1864/695 727/1865/696
f 727/1866/696 728/1867/697 726/1860/694
f 726/1860/694 728/1867/697 725/1859/693
f 726/1862/694 723/1861/691 729/1864/695
f 730/1868/698 727/1865/696 729/1864/695
f 730/1868/698 729/1864/695 733/1869/699
f 734/1870/700 731/1871/701 729/1872/695
f 732/1873/702 729/1872/695 731/1871/701
f 732/1873/702 733/1874/699 729/1872/695
f 734/1870/700 729/1872/695 723/1850/691
f 735/1875/703 734/1876/700 720/1877/690
f 723/1850/691 720/1848/690 734/1870/700
f 736/1878/704 734/1879/700 735/1880/703
f 736/1878/704 731/1881/701 734/1879/700
f 738/1882/705 736/1883/704 737/1884/706
f 737/1885/706 736/1886/704 735/1875/703
f 738/1887/705 731/1881/701 736/1878/704
f 741/1888/707 738/1882/705 739/1889/708
f 738/1882/705 737/1884/706 739/1889/708
f 738/1887/705 732/1890/702 731/1881/701
f 740/1891/709 732/1890/702 738/1887/705
f 740/1891/709 738/1887/705 741/1892/707
f 741/1888/707 739/1889/708 742/1893/710
f 744/1894/711 740/1891/709 741/1892/707
f 743/1895/712 741/1888/707 742/1893/710
f 743/1895/712 744/1896/711 741/1888/707
f 744/1894/711 745/1897/713 740/1891/709
f 745/1897/713 744/1894/711 747/1898/714
f 746/1899/715 747/1900/714 744/1901/711
f 746/1899/715 744/1901/711 743/1902/712
f 749/1903/716 747/1898/714 746/1904/715
f 749/1903/716 748/1905/717 747/1898/714
f 750/1906/718 747/1898/714 748/1905/717
f 745/1897/713 747/1898/714 750/1906/718
f 753/1907/719 750/1908/718 751/1909/720
f 750/1906/718 748/1905/717 751/1910/720
f 750/1911/718 753/1912/719 752/1913/721
f 750/1911/718 752/1913/721 745/1914/713
f 753/1915/719 754/1916/722 755/1917/723
f 753/1907/719 751/1909/720 754/1918/722
f 756/1919/724 752/1920/721 753/1921/719
f 753/1915/719 755/1917/723 756/1922/724
f 756/1923/724 757/1924/725 759/1925/726
f 755/1917/723 757/1926/725 756/1922/724
f 756/1919/724 758/1927/727 752/1920/721
f 756/1923/724 759/1925/726 758/1928/727
f 759/1929/726 743/1930/712 742/1931/710
f 759/1929/726 742/1931/710 760/1932/728
f 759/1925/726 760/1933/728 761/1934/729
f 759/1925/726 761/1934/729 758/1928/727
f 757/1935/725 743/1930/712 759/1929/726
f 761/1936/729 730/1868/698 733/1869/699
f 761/1934/729 762/1937/730 730/1938/698
f 761/1934/729 760/1933/728 762/1937/730
f 761/1936/729 733/1869/699 763/1939/731
f 758/1940/727 761/1936/729 763/1939/731
f 763/1941/731 733/1942/699 732/1943/702
f 763/1941/731 732/1943/702 740/1944/709
f 740/1944/709 752/1945/721 763/1941/731
f 758/1946/727 763/1947/731 752/1948/721
f 730/1938/698 762/1937/730 764/1949/732
f 762/1950/730 737/1951/706 764/1952/732
f 762/1950/730 739/1953/708 737/1951/706
f 760/1932/728 739/1953/708 762/1950/730
f 730/1938/698 764/1949/732 727/1866/696
f 728/1954/697 764/1952/732 737/1951/706
f 727/1866/696 764/1949/732 728/1867/697
f 760/1932/728 742/1931/710 739/1953/708
f 757/1935/725 746/1955/715 743/1930/712
f 746/1956/715 757/1957/725 765/1958/733
f 755/1959/723 765/1960/733 757/1961/725
f 766/1962/734 749/1963/716 765/1964/733
f 746/1956/715 765/1958/733 749/1965/716
f 766/1962/734 765/1964/733 767/1966/735
f 755/1959/723 767/1967/735 765/1960/733
f 755/1959/723 768/1968/736 767/1967/735
f 769/1969/737 767/1967/735 768/1968/736
f 769/1969/737 770/1970/738 767/1967/735
f 766/1962/734 767/1966/735 770/1971/738
f 772/1972/739 770/1970/738 769/1969/737
f 766/1973/734 770/1974/738 771/1975/740
f 771/1975/740 770/1974/738 772/1976/739
f 775/1977/741 772/1972/739 773/1978/742
f 772/1972/739 769/1969/737 773/1978/742
f 771/1979/740 772/1980/739 774/1981/743
f 775/1982/741 774/1981/743 772/1980/739
f 777/1983/744 775/1984/741 776/1985/745
f 775/1977/741 773/1978/742 776/1986/745
f 775/1987/741 778/1988/746 774/1989/743
f 777/1990/744 778/1988/746 775/1987/741
f 779/1991/747 774/1992/743 778/1993/746
f 779/1994/747 778/1995/746 780/1996/748
f 781/1997/749 780/1998/748 778/1999/746
f 777/2000/744 782/2001/750 778/2002/746
f 781/2003/749 778/2004/746 782/2005/750
f 783/2006/751 782/2001/750 777/2000/744
f 781/2003/749 782/2005/750 783/2007/751
f 786/2008/752 783/2006/751 784/2009/753
f 783/2006/751 777/2000/744 784/2009/753
f 781/2003/749 783/2007/751 785/2010/754
f 786/2011/752 785/2012/754 783/2013/751
f 789/2014/755 786/2008/752 787/2015/756
f 786/2008/752 784/2009/753 787/2015/756
f 788/2016/757 790/2017/758 786/2018/752
f 788/2019/757 786/2020/752 789/2021/755
f 786/2011/752 790/2022/758 785/2012/754
f 792/2023/759 791/2024/760 790/2025/758
f 791/2024/760 785/2026/754 790/2025/758
f 792/2023/759 790/2025/758 788/2027/757
f 793/2028/761 792/2023/759 788/2027/757
f 793/2029/761 794/2030/762 792/2031/759
f 794/2030/762 791/2032/760 792/2031/759
f 794/2033/762 799/2034/763 795/2035/764
f 794/2033/762 795/2035/764 796/2036/765
f 794/2030/762 796/2037/765 791/2032/760
f 793/2029/761 798/2038/766 794/2030/762
f 797/2039/767 799/2034/763 794/2033/762
f 797/2039/767 794/2033/762 798/2040/766
f 801/2041/768 795/2042/764 799/2043/763
f 800/2044/769 801/2041/768 799/2043/763
f 800/2044/769 799/2043/763 797/2045/767
f 801/2041/768 787/2046/756 795/2042/764
f 789/2014/755 787/2015/756 801/2047/768
f 802/2048/770 789/2049/755 801/2050/768
f 802/2051/770 801/2052/768 800/2053/769
f 803/2054/771 804/2055/772 802/2056/770
f 803/2054/771 802/2056/770 805/2057/773
f 804/2058/772 789/2059/755 802/2060/770
f 802/2051/770 806/2061/774 805/2062/773
f 802/2051/770 800/2053/769 806/2061/774
f 805/2063/773 806/2064/774 807/2065/775
f 800/2044/769 807/2066/775 806/2067/774
f 800/2044/769 797/2045/767 807/2066/775
f 808/2068/776 807/2069/775 797/2039/767
f 805/2070/773 807/2071/775 808/2072/776
f 805/2070/773 808/2072/776 809/2073/777
f 798/2038/766 809/2074/777 808/2075/776
f 808/2068/776 797/2039/767 798/2040/766
f 805/2070/773 809/2073/777 803/2076/771
f 793/2077/761 803/2078/771 809/2079/777
f 798/2038/766 793/2029/761 809/2074/777
f 804/2058/772 788/2080/757 789/2059/755
f 793/2028/761 788/2027/757 804/2081/772
f 793/2077/761 804/2082/772 803/2078/771
f 796/2037/765 811/2083/778 810/2084/779
f 796/2037/765 810/2084/779 791/2032/760
f 796/2036/765 795/2035/764 812/2085/780
f 796/2036/765 812/2085/780 811/2086/778
f 795/2042/764 784/2087/753 812/2088/780
f 784/2087/753 813/2089/781 812/2088/780
f 814/2090/782 812/2091/780 813/2092/781
f 814/2093/782 811/2094/778 812/2095/780
f 811/2096/778 814/2097/782 816/2098/783
f 813/2099/781 815/2100/784 814/2101/782
f 816/2098/783 814/2097/782 815/2102/784
f 810/2103/779 816/2104/783 781/2105/749
f 811/2096/778 816/2098/783 810/2106/779
f 781/2105/749 816/2104/783 817/2107/785
f 816/2108/783 815/2109/784 817/2110/785
f 815/2109/784 818/2111/786 817/2110/785
f 818/2112/786 780/2113/748 817/2107/785
f 781/2105/749 817/2107/785 780/2113/748
f 818/2112/786 779/2114/747 780/2113/748
f 818/2112/786 819/2115/787 779/2114/747
f 818/2112/786 821/2116/788 819/2115/787
f 815/2109/784 820/2117/789 818/2111/786
f 820/2117/789 821/2118/788 818/2111/786
f 820/2117/789 822/2119/790 821/2118/788
f 824/2120/791 821/2118/788 822/2119/790
f 821/2116/788 823/2121/792 819/2115/787
f 821/2116/788 824/2122/791 823/2121/792
f 748/1905/717 824/2122/791 751/1910/720
f 825/2123/793 751/2124/720 824/2120/791
f 748/1905/717 823/2121/792 824/2122/791
f 824/2120/791 822/2119/790 825/2123/793
f 825/2123/793 754/2125/722 751/2124/720
f 825/2126/793 755/2127/723 754/2128/722
f 825/2126/793 768/2129/736 755/2127/723
f 769/2130/737 768/2129/736 825/2126/793
f 769/2130/737 825/2126/793 822/2131/790
f 823/2132/792 771/2133/740 819/2134/787
f 823/2135/792 766/2136/734 771/2137/740
f 748/2138/717 766/2136/734 823/2135/792
f 822/2131/790 820/2139/789 773/2140/742
f 822/2131/790 773/2140/742 769/2130/737
f 776/2141/745 773/2140/742 820/2139/789
f 776/2141/745 820/2139/789 815/2142/784
f 819/2134/787 771/2133/740 774/2143/743
f 819/2134/787 774/2143/743 779/2144/747
f 813/2145/781 776/2141/745 815/2142/784
f 777/1983/744 776/1985/745 813/2146/781
f 784/2087/753 777/2147/744 813/2089/781
f 810/2103/779 781/2105/749 785/2026/754
f 791/2024/760 810/2103/779 785/2026/754
f 795/2042/764 787/2046/756 784/2087/753
f 748/2138/717 749/2148/716 766/2136/734
f 740/1944/709 745/2149/713 752/1945/721
f 728/1954/697 737/1951/706 826/2150/794
f 737/1885/706 735/1875/703 826/2151/794
f 826/2150/794 725/2152/693 728/1954/697
f 826/2151/794 735/1875/703 721/2153/688
f 826/2150/794 827/2154/795 725/2152/693
f 826/2151/794 721/2153/688 827/2155/795
f 827/2154/795 708/2156/676 710/2157/678
f 827/2154/795 710/2157/678 725/2152/693
f 721/2153/688 708/2158/676 827/2155/795
f 735/1875/703 720/1877/690 721/2153/688
f 721/2159/688 719/2160/687 708/2161/676
f 706/1813/674 708/1815/676 719/2162/687
f 706/1843/674 717/1844/685 828/2163/796
f 717/1836/685 714/1838/683 828/2164/796
f 705/2165/675 828/2164/796 830/2166/797
f 706/2167/674 828/2164/796 705/2165/675
f 829/2168/798 830/2166/797 828/2164/796
f 829/2168/798 828/2164/796 714/1838/683
f 832/2169/799 830/2170/797 831/2171/800
f 829/2172/798 831/2173/800 830/2174/797
f 705/2175/675 830/2170/797 832/2169/799
f 832/2169/799 831/2171/800 833/2176/801
f 705/1811/675 832/2177/799 702/1801/672
f 702/2178/672 832/2179/799 833/2180/801
f 697/2181/664 833/2180/801 834/2182/802
f 833/2176/801 835/2183/803 834/2184/802
f 833/2176/801 831/2171/800 835/2183/803
f 702/2178/672 833/2180/801 697/2181/664
f 834/2184/802 835/2183/803 837/2185/804
f 838/2186/805 836/2187/806 835/2188/803
f 836/2187/806 837/2189/804 835/2188/803
f 838/2186/805 835/2188/803 831/2173/800
f 829/2172/798 838/2186/805 831/2173/800
f 701/2190/669 699/2191/667 838/2186/805
f 699/2191/667 836/2187/806 838/2186/805
f 701/2190/669 838/2186/805 829/2172/798
f 834/2184/802 837/2185/804 839/2192/807
f 839/2192/807 837/2185/804 683/1759/651
f 836/2187/806 694/2193/663 837/2189/804
f 683/1761/651 837/2189/804 694/2193/663
f 696/2194/665 834/2182/802 839/2195/807
f 840/2196/808 839/2195/807 681/2197/649
f 696/2194/665 839/2195/807 840/2196/808
f 839/2192/807 683/1759/651 681/1754/649
f 696/1790/665 840/2198/808 692/1792/660
f 692/1792/660 840/2198/808 678/1749/646
f 840/2196/808 681/2197/649 678/2199/646
f 699/2191/667 693/2200/662 836/2187/806
f 693/1786/662 694/1787/663 836/2201/806
f 697/2181/664 834/2182/802 696/2194/665
f 711/1829/680 701/2190/669 829/2172/798
f 711/1829/680 829/2172/798 714/1830/683
f 703/1799/670 701/1798/669 711/2202/680
f 683/1761/651 694/2193/663 684/1762/652
f 692/1792/660 678/1749/646 690/2203/658
f 679/1748/648 690/2203/658 678/1749/646
f 673/2204/642 843/2205/809 841/2206/810
f 841/2206/810 842/2207/811 673/2204/642
f 673/1726/642 842/2208/811 672/1724/640
f 673/2209/642 844/2210/812 843/2211/809
f 844/2212/812 673/2213/642 657/2214/626
f 573/2215/542 843/2216/809 844/2217/812
f 844/2218/812 657/1687/626 845/2219/813
f 844/2220/812 845/2221/813 847/2222/814
f 846/2223/815 573/1509/542 844/2224/812
f 844/2225/812 847/2226/814 846/2227/815
f 849/2228/816 847/2229/814 845/2230/813
f 850/2231/817 847/2229/814 848/2232/818
f 848/2232/818 847/2229/814 849/2228/816
f 846/2233/815 847/2234/814 850/2235/817
f 850/2236/817 848/2237/818 851/2238/819
f 579/2239/547 850/2236/817 851/2238/819
f 580/2240/549 850/2236/817 579/2239/547
f 846/2233/815 850/2235/817 580/2241/549
f 851/2242/819 848/2243/818 635/2244/601
f 851/2242/819 635/2244/601 853/2245/820
f 579/2246/547 851/2242/819 852/2247/821
f 852/2247/821 851/2242/819 853/2245/820
f 853/2248/820 635/2249/601 630/2250/600
f 853/2248/820 630/2250/600 631/2251/596
f 852/2252/821 853/2253/820 854/2254/822
f 854/2254/822 853/2253/820 631/2255/596
f 854/2256/822 631/2257/596 855/2258/823
f 852/2252/821 854/2254/822 856/2259/824
f 854/2256/822 855/2258/823 856/2260/824
f 855/2261/823 858/2262/825 856/2263/824
f 852/2264/821 856/2265/824 857/2266/826
f 857/2267/826 856/2263/824 858/2262/825
f 859/2268/827 858/2262/825 860/2269/828
f 861/2270/829 858/2271/825 859/2272/827
f 855/2261/823 860/2269/828 858/2262/825
f 861/2270/829 863/2273/830 858/2271/825
f 862/2274/831 857/2267/826 858/2262/825
f 862/2275/831 858/2271/825 863/2273/830
f 583/2276/551 862/2277/831 863/2278/830
f 583/2276/551 863/2278/830 864/2279/832
f 864/2280/832 863/2281/830 861/2282/829
f 590/2283/559 864/2280/832 865/2284/833
f 864/2280/832 861/2282/829 865/2284/833
f 584/2285/552 583/2276/551 864/2279/832
f 584/2286/552 864/2287/832 590/2288/559
f 607/2289/576 608/2290/575 865/2284/833
f 607/2289/576 865/2284/833 861/2282/829
f 590/2283/559 865/2284/833 593/2291/560
f 866/2292/834 593/2291/560 865/2284/833
f 866/2293/834 865/2294/833 608/2295/575
f 598/2296/566 593/1538/560 866/2297/834
f 603/1578/572 866/2298/834 608/1575/575
f 599/2299/567 598/2300/566 866/2298/834
f 599/2299/567 866/2298/834 603/1578/572
f 862/2301/831 852/2302/821 857/2303/826
f 862/2304/831 581/2305/548 852/2306/821
f 583/2307/551 581/2305/548 862/2304/831
f 607/2308/576 861/2270/829 859/2272/827
f 859/2268/827 860/2269/828 867/2309/835
f 868/2310/836 867/2311/835 860/2312/828
f 868/2313/836 860/2269/828 869/2314/837
f 855/2261/823 869/2314/837 860/2269/828
f 872/2315/838 868/2316/836 869/2317/837
f 870/2318/839 873/2319/840 869/2320/837
f 870/2318/839 869/2320/837 871/2321/841
f 855/2261/823 871/2322/841 869/2314/837
f 872/2323/838 869/2324/837 873/2325/840
f 625/1621/594 872/2326/838 873/2327/840
f 624/1618/592 625/1621/594 873/2327/840
f 624/1618/592 873/2327/840 870/2328/839
f 874/2329/842 868/2316/836 872/2315/838
f 625/1621/594 621/1622/590 872/2326/838
f 874/2330/842 872/2331/838 875/2332/843
f 875/2332/843 872/2331/838 621/1615/590
f 876/2333/844 874/2330/842 875/2332/843
f 875/2332/843 615/1596/583 876/2333/844
f 875/2332/843 621/1615/590 615/1596/583
f 876/2334/844 877/2335/845 874/2336/842
f 876/2334/844 878/2337/846 877/2335/845
f 876/2334/844 613/1591/581 878/2337/846
f 615/1596/583 613/1598/581 876/2333/844
f 877/2338/845 878/2339/846 859/2340/827
f 607/1576/576 859/2341/827 878/2337/846
f 613/1591/581 607/1576/576 878/2337/846
f 877/2342/845 867/2343/835 868/2344/836
f 877/2342/845 868/2344/836 874/2345/842
f 877/2346/845 859/2347/827 867/2348/835
f 628/1631/597 870/2349/839 871/2350/841
f 628/2351/597 871/2352/841 855/2353/823
f 628/1631/597 624/1628/592 870/2349/839
f 628/2351/597 855/2353/823 631/2354/596
f 579/1515/547 852/2355/821 581/1516/548
f 848/2232/818 849/2228/816 633/2356/602
f 633/2356/602 849/2228/816 658/2357/627
f 849/2228/816 845/2230/813 658/2357/627
f 635/2358/601 848/2359/818 633/2360/602
f 846/2223/815 572/1508/541 573/1509/542
f 580/1517/549 572/1508/541 846/2223/815
f 657/1687/626 658/1689/627 845/2219/813
f 843/2361/809 881/2362/847 841/2363/810
f 573/2215/542 879/2364/848 843/2216/809
f 879/2365/848 880/2366/849 843/2367/809
f 843/2361/809 880/2368/849 881/2362/847
f 881/2369/847 882/2370/850 883/2371/851
f 881/2372/847 885/2373/852 882/2374/850
f 881/2369/847 883/2371/851 884/2375/853
f 881/2372/847 880/2376/849 885/2373/852
f 841/2363/810 881/2362/847 884/2377/853
f 885/2378/852 888/2379/854 886/2380/855
f 885/2373/852 886/2381/855 887/2382/856
f 882/2374/850 885/2373/852 887/2382/856
f 880/2366/849 888/2379/854 885/2378/852
f 888/2383/854 890/2384/857 889/2385/858
f 888/2386/854 889/2387/858 886/2388/855
f 891/2389/859 890/2384/857 888/2383/854
f 880/2366/849 891/2390/859 888/2379/854
f 892/2391/860 554/2392/523 891/2393/859
f 891/2389/859 554/2394/523 890/2384/857
f 892/2395/860 891/2390/859 879/2365/848
f 879/2365/848 891/2390/859 880/2366/849
f 573/2396/542 892/2397/860 879/2398/848
f 553/2399/521 554/2400/523 892/2401/860
f 553/2399/521 892/2401/860 566/2402/535
f 573/2396/542 566/2403/535 892/2397/860
f 893/2404/861 889/2385/858 890/2384/857
f 554/2394/523 893/2404/861 890/2384/857
f 893/2404/861 894/2405/862 889/2385/858
f 883/2406/851 894/2407/862 893/2408/861
f 884/2409/853 883/2406/851 893/2408/861
f 554/2394/523 895/2410/863 893/2404/861
f 884/2409/853 893/2408/861 895/2411/863
f 896/2412/864 884/2409/853 895/2411/863
f 896/2412/864 895/2411/863 897/2413/865
f 897/2413/865 895/2411/863 557/2414/527
f 557/2415/527 895/2416/863 554/2417/523
f 899/2418/866 896/2412/864 897/2413/865
f 897/2413/865 557/2414/527 898/2419/867
f 899/2418/866 897/2413/865 898/2419/867
f 900/2420/868 896/2421/864 899/2422/866
f 900/2423/868 899/2418/866 602/1567/570
f 602/1567/570 899/2418/866 898/2419/867
f 900/2420/868 841/2424/810 896/2421/864
f 901/2425/869 900/2423/868 902/2426/870
f 901/2425/869 842/2427/811 900/2423/868
f 841/2428/810 900/2423/868 842/2427/811
f 900/2423/868 602/1567/570 902/2426/870
f 611/1583/579 902/2426/870 605/1569/573
f 901/2425/869 902/2426/870 611/1583/579
f 602/1567/570 605/1569/573 902/2426/870
f 901/2425/869 664/2429/633 842/2427/811
f 901/2430/869 656/2431/625 664/2432/633
f 616/2433/585 903/2434/871 901/2435/869
f 901/2430/869 903/2436/871 656/2431/625
f 616/2433/585 901/2435/869 611/2437/579
f 616/2438/585 618/2439/586 903/2440/871
f 618/2441/586 656/2442/625 903/2443/871
f 898/2419/867 557/2414/527 558/2444/525
f 898/2419/867 558/2444/525 904/2445/872
f 602/1563/570 898/2446/867 601/1562/569
f 904/2445/872 601/2447/569 898/2419/867
f 904/2448/872 568/1502/536 569/1503/537
f 904/2448/872 569/1503/537 905/2449/873
f 568/1502/536 904/2448/872 558/2450/525
f 904/2445/872 905/2451/873 601/2447/569
f 595/2452/564 905/2453/873 569/2454/537
f 595/2452/564 596/2455/565 905/2453/873
f 601/2447/569 905/2451/873 596/2456/565
f 841/2457/810 884/2458/853 896/2459/864
f 894/2407/862 907/2460/874 906/2461/875
f 894/2407/862 906/2461/875 908/2462/876
f 894/2405/862 909/2463/877 889/2385/858
f 883/2406/851 907/2460/874 894/2407/862
f 894/2405/862 908/2464/876 909/2463/877
f 909/2465/877 910/2466/878 911/2467/879
f 908/2464/876 910/2468/878 909/2463/877
f 909/2465/877 911/2467/879 912/2469/880
f 889/2387/858 909/2470/877 912/2471/880
f 911/2472/879 913/2473/881 912/2474/880
f 887/2475/856 912/2474/880 913/2473/881
f 889/2387/858 912/2471/880 886/2388/855
f 887/2475/856 886/2476/855 912/2474/880
f 911/2472/879 914/2477/882 913/2473/881
f 913/2478/881 914/2479/882 915/2480/883
f 913/2478/881 915/2480/883 916/2481/884
f 917/2482/885 913/2478/881 916/2481/884
f 917/2482/885 887/2483/856 913/2478/881
f 917/2484/885 916/2485/884 906/2486/875
f 917/2484/885 906/2486/875 907/2487/874
f 882/2374/850 887/2382/856 917/2488/885
f 882/2370/850 917/2484/885 907/2487/874
f 916/2485/884 918/2489/886 906/2486/875
f 916/2485/884 915/2490/883 918/2489/886
f 919/2491/887 918/2492/886 920/2493/888
f 908/2462/876 918/2492/886 919/2491/887
f 915/2490/883 920/2494/888 918/2489/886
f 908/2462/876 906/2461/875 918/2492/886
f 919/2491/887 920/2493/888 921/2495/889
f 924/2496/890 921/2495/889 920/2493/888
f 922/2497/891 920/2494/888 923/2498/892
f 924/2496/890 920/2493/888 922/2499/891
f 915/2490/883 923/2498/892 920/2494/888
f 924/2500/890 925/2501/893 921/2502/889
f 924/2503/890 927/2504/894 925/2505/893
f 926/2506/895 924/2496/890 922/2499/891
f 926/2507/895 927/2504/894 924/2503/890
f 927/2508/894 928/2509/896 925/2510/893
f 927/2508/894 930/2511/897 928/2509/896
f 926/2507/895 929/2512/898 927/2504/894
f 929/2513/898 930/2511/897 927/2508/894
f 930/2514/897 931/2515/899 928/2516/896
f 930/2514/897 934/2517/900 931/2515/899
f 929/2513/898 933/2518/901 930/2511/897
f 932/2519/902 934/2517/900 930/2514/897
f 932/2519/902 930/2514/897 933/2520/901
f 936/2521/903 935/2522/904 934/2523/900
f 935/2522/904 931/2524/899 934/2523/900
f 936/2521/903 934/2523/900 932/2525/902
f 939/2526/905 936/2521/903 932/2525/902
f 938/2527/906 937/2528/907 936/2521/903
f 937/2528/907 935/2522/904 936/2521/903
f 938/2527/906 936/2521/903 939/2526/905
f 939/2526/905 932/2525/902 941/2529/908
f 939/2530/905 941/2531/908 940/2532/909
f 939/2530/905 940/2532/909 942/2533/910
f 943/2534/911 938/2535/906 939/2536/905
f 943/2537/911 939/2538/905 942/2539/910
f 946/2540/912 943/2541/911 942/2542/910
f 943/2543/911 944/2544/913 938/2545/906
f 943/2543/911 947/2546/914 944/2544/913
f 945/2547/915 947/2548/914 943/2541/911
f 945/2547/915 943/2541/911 946/2540/912
f 949/2549/916 948/2550/917 947/2551/914
f 948/2550/917 944/2552/913 947/2551/914
f 949/2553/916 947/2554/914 945/2555/915
f 952/2556/918 950/2557/919 949/2558/916
f 950/2559/919 948/2560/917 949/2561/916
f 951/2562/920 949/2563/916 945/2564/915
f 952/2556/918 949/2558/916 951/2565/920
f 954/2566/921 952/2567/918 951/2568/920
f 953/2569/922 952/2570/918 954/2571/921
f 953/2569/922 950/2572/919 952/2570/918
f 954/2566/921 951/2568/920 955/2573/923
f 953/2569/922 954/2571/921 956/2574/924
f 957/2575/925 954/2566/921 955/2573/923
f 957/2575/925 956/2576/924 954/2566/921
f 957/2575/925 960/2577/926 956/2576/924
f 958/2578/927 959/2579/928 957/2575/925
f 957/2575/925 955/2573/923 958/2578/927
f 959/2580/928 960/2581/926 957/2582/925
f 960/2583/926 961/2584/929 956/2585/924
f 960/2583/926 963/2586/930 961/2584/929
f 959/2580/928 962/2587/931 960/2581/926
f 962/2588/931 963/2586/930 960/2583/926
f 963/2589/930 965/2590/932 961/2591/929
f 964/2592/933 963/2593/930 966/2594/934
f 963/2593/930 964/2592/933 965/2595/932
f 962/2588/931 966/2596/934 963/2586/930
f 967/2597/935 970/2598/936 966/2594/934
f 967/2597/935 966/2594/934 969/2599/937
f 964/2592/933 966/2594/934 970/2598/936
f 968/2600/938 966/2596/934 962/2588/931
f 968/2601/938 969/2602/937 966/2603/934
f 967/2604/935 972/2605/939 970/2606/936
f 970/2606/936 971/2607/940 964/2608/933
f 970/2606/936 972/2605/939 971/2607/940
f 967/2604/935 973/2609/941 972/2605/939
f 973/2610/941 974/2611/942 972/2612/939
f 971/2613/940 972/2612/939 974/2611/942
f 976/2614/943 959/2615/928 974/2616/942
f 958/2578/927 974/2617/942 959/2579/928
f 973/2610/941 975/2618/944 974/2611/942
f 976/2614/943 974/2616/942 975/2619/944
f 971/2613/940 974/2611/942 958/2620/927
f 978/2621/945 976/2614/943 975/2619/944
f 977/2622/946 968/2601/938 976/2623/943
f 968/2601/938 959/2580/928 976/2623/943
f 977/2622/946 976/2623/943 978/2624/945
f 978/2621/945 975/2619/944 979/2625/947
f 981/2626/948 977/2622/946 978/2624/945
f 980/2627/949 978/2621/945 979/2625/947
f 980/2627/949 982/2628/950 978/2621/945
f 981/2626/948 978/2624/945 982/2629/950
f 981/2626/948 982/2629/950 984/2630/951
f 983/2631/952 984/2632/951 982/2633/950
f 983/2631/952 982/2633/950 980/2634/949
f 986/2635/953 984/2636/951 983/2637/952
f 986/2635/953 985/2638/954 984/2636/951
f 987/2639/955 984/2630/951 985/2640/954
f 981/2626/948 984/2630/951 987/2639/955
f 989/2641/956 987/2642/955 988/2643/957
f 987/2639/955 985/2640/954 988/2644/957
f 989/2645/956 981/2646/948 987/2647/955
f 989/2641/956 988/2643/957 990/2648/958
f 990/2649/958 992/2650/959 989/2651/956
f 989/2645/956 991/2652/960 981/2646/948
f 992/2653/959 991/2654/960 989/2655/956
f 990/2649/958 995/2656/961 992/2650/959
f 995/2657/961 993/2658/962 992/2659/959
f 993/2658/962 994/2660/963 992/2659/959
f 992/2653/959 994/2661/963 991/2654/960
f 997/2662/964 995/2663/961 990/2664/958
f 995/2657/961 996/2665/965 993/2658/962
f 995/2657/961 998/2666/966 996/2665/965
f 997/2662/964 999/2667/967 995/2663/961
f 995/2657/961 999/2668/967 998/2666/966
f 1000/2669/968 998/2666/966 999/2668/967
f 1000/2670/968 999/2667/967 997/2662/964
f 1000/2669/968 1002/2671/969 998/2666/966
f 1001/2672/970 1003/2673/971 1000/2670/968
f 1000/2670/968 997/2662/964 1001/2672/970
f 1004/2674/972 1002/2671/969 1000/2669/968
f 1004/2674/972 1000/2669/968 1003/2675/971
f 1007/2676/973 1004/2674/972 1003/2675/971
f 1005/2677/974 1002/2678/969 1004/2679/972
f 1005/2680/974 1004/2681/972 1006/2682/975
f 1007/2683/973 1006/2682/975 1004/2681/972
f 1011/2684/976 1007/2685/973 1008/2686/977
f 1007/2676/973 1003/2675/971 1008/2687/977
f 1007/2683/973 1009/2688/978 1006/2682/975
f 1007/2683/973 1010/2689/979 1009/2688/978
f 1007/2685/973 1011/2684/976 1010/2690/979
f 1011/2684/976 1008/2686/977 1012/2691/980
f 1013/2692/981 1011/2693/976 1012/2694/980
f 1014/2695/982 1010/2696/979 1011/2697/976
f 1014/2698/982 1011/2699/976 1013/2700/981
f 1017/2701/983 1014/2698/982 1013/2700/981
f 1015/2702/984 1010/2703/979 1014/2704/982
f 1015/2702/984 1014/2704/982 1016/2705/985
f 1017/2706/983 1016/2705/985 1014/2704/982
f 1019/2707/986 1017/2701/983 1018/2708/987
f 1017/2701/983 1013/2700/981 1018/2708/987
f 1019/2709/986 1020/2710/988 1017/2711/983
f 1017/2706/983 1020/2712/988 1016/2705/985
f 1022/2713/989 1021/2714/990 1020/2715/988
f 1021/2714/990 1016/2716/985 1020/2715/988
f 1019/2709/986 1022/2717/989 1020/2710/988
f 1024/2718/991 1023/2719/992 1022/2713/989
f 1022/2713/989 1023/2719/992 1021/2714/990
f 1024/2718/991 1022/2713/989 1025/2720/993
f 1026/2721/994 1025/2722/993 1022/2723/989
f 1026/2721/994 1022/2723/989 1019/2724/986
f 1027/2725/995 1025/2726/993 1026/2727/994
f 1027/2725/995 1026/2727/994 1028/2728/996
f 1026/2729/994 1019/2707/986 1030/2730/997
f 1028/2731/996 1026/2729/994 1029/2732/998
f 1026/2729/994 1030/2730/997 1029/2732/998
f 1030/2733/997 1018/2734/987 1031/2735/999
f 1030/2733/997 1031/2735/999 1032/2736/1000
f 1019/2707/986 1018/2708/987 1030/2730/997
f 1033/2737/1001 1030/2733/997 1032/2736/1000
f 1033/2737/1001 1029/2738/998 1030/2733/997
f 1033/2739/1001 1032/2740/1000 1036/2741/1002
f 1029/2738/998 1033/2737/1001 1034/2742/1003
f 1037/2743/1004 1034/2744/1003 1033/2739/1001
f 1037/2743/1004 1033/2739/1001 1035/2745/1005
f 1033/2739/1001 1036/2741/1002 1035/2745/1005
f 1028/2746/996 1037/2747/1004 1038/2748/1006
f 1028/2749/996 1034/2750/1003 1037/2751/1004
f 1035/2752/1005 1038/2753/1006 1037/2754/1004
f 1028/2746/996 1038/2748/1006 1027/2755/995
f 1024/2756/991 1027/2755/995 1038/2748/1006
f 1035/2752/1005 1024/2757/991 1038/2753/1006
f 1036/2758/1002 1039/2759/1007 1021/2760/990
f 1036/2758/1002 1021/2760/990 1023/2761/992
f 1032/2740/1000 1039/2762/1007 1036/2741/1002
f 1024/2757/991 1036/2758/1002 1023/2761/992
f 1024/2757/991 1035/2752/1005 1036/2758/1002
f 1039/2759/1007 1041/2763/1008 1040/2764/1009
f 1039/2759/1007 1040/2764/1009 1021/2760/990
f 1032/2740/1000 1031/2765/999 1039/2762/1007
f 1039/2762/1007 1031/2765/999 1042/2766/1010
f 1039/2762/1007 1042/2766/1010 1041/2767/1008
f 1018/2734/987 1013/2692/981 1042/2768/1010
f 1013/2692/981 1012/2694/980 1042/2768/1010
f 1043/2769/1011 1042/2770/1010 1012/2771/980
f 1043/2769/1011 1041/2772/1008 1042/2770/1010
f 1018/2734/987 1042/2768/1010 1031/2735/999
f 1041/2773/1008 1043/2774/1011 1046/2775/1012
f 1012/2776/980 1045/2777/1013 1043/2778/1011
f 1043/2779/1011 1045/2780/1013 1044/2781/1014
f 1043/2782/1011 1044/2783/1014 1046/2784/1012
f 1041/2773/1008 1046/2775/1012 1040/2785/1009
f 1046/2786/1012 1016/2716/985 1040/2787/1009
f 1015/2788/984 1046/2786/1012 1044/2789/1014
f 1046/2786/1012 1015/2788/984 1016/2716/985
f 1012/2776/980 1008/2790/977 1045/2777/1013
f 1008/2790/977 1048/2791/1015 1045/2777/1013
f 1045/2792/1013 1048/2793/1015 1047/2794/1016
f 1045/2792/1013 1047/2794/1016 1044/2795/1014
f 1048/2793/1015 1049/2796/1017 1047/2794/1016
f 1048/2793/1015 1001/2797/970 1049/2796/1017
f 1008/2790/977 1003/2673/971 1048/2791/1015
f 1001/2672/970 1048/2791/1015 1003/2673/971
f 1047/2798/1016 1049/2799/1017 1050/2800/1018
f 1052/2801/1019 1049/2796/1017 1001/2797/970
f 1049/2799/1017 1051/2802/1020 1050/2800/1018
f 1049/2799/1017 1052/2803/1019 1051/2802/1020
f 985/2640/954 1052/2803/1019 988/2644/957
f 997/2804/964 988/2805/957 1052/2801/1019
f 985/2640/954 1051/2802/1020 1052/2803/1019
f 1052/2801/1019 1001/2797/970 997/2804/964
f 1051/2806/1020 1005/2807/974 1050/2808/1018
f 1051/2806/1020 1053/2809/1021 1005/2807/974
f 985/2810/954 1053/2811/1021 1051/2812/1020
f 1053/2813/1021 1002/2678/969 1005/2677/974
f 985/2810/954 986/2814/953 1053/2811/1021
f 1053/2815/1021 986/2816/953 996/2817/965
f 1053/2815/1021 996/2817/965 998/2818/966
f 1053/2815/1021 998/2818/966 1002/2819/969
f 1050/2808/1018 1005/2807/974 1006/2820/975
f 1050/2808/1018 1006/2820/975 1054/2821/1022
f 1047/2798/1016 1050/2800/1018 1054/2822/1022
f 1054/2823/1022 1006/2824/975 1009/2825/978
f 1044/2789/1014 1047/2798/1016 1054/2822/1022
f 1044/2789/1014 1054/2822/1022 1055/2826/1023
f 1054/2823/1022 1009/2825/978 1055/2827/1023
f 1010/2828/979 1055/2829/1023 1009/2830/978
f 1015/2788/984 1044/2789/1014 1055/2826/1023
f 1010/2828/979 1015/2831/984 1055/2829/1023
f 1021/2714/990 1040/2787/1009 1016/2716/985
f 1029/2832/998 1034/2833/1003 1056/2834/1024
f 1028/2835/996 1056/2834/1024 1034/2833/1003
f 1028/2731/996 1029/2732/998 1056/2836/1024
f 1024/2756/991 1025/2837/993 1027/2755/995
f 997/2804/964 990/2838/958 988/2805/957
f 983/2839/952 996/2840/965 986/2841/953
f 983/2839/952 993/2842/962 996/2840/965
f 994/2843/963 1058/2844/1025 991/2845/960
f 993/2658/962 1057/2846/1026 994/2660/963
f 1057/2846/1026 1059/2847/1027 994/2660/963
f 994/2848/963 1059/2849/1027 1058/2850/1025
f 1059/2849/1027 967/2597/935 969/2599/937
f 1059/2847/1027 973/2609/941 967/2604/935
f 1059/2847/1027 1060/2851/1028 973/2609/941
f 1059/2849/1027 969/2599/937 1058/2850/1025
f 1057/2846/1026 1060/2851/1028 1059/2847/1027
f 1060/2852/1028 979/2853/947 975/2618/944
f 1057/2854/1026 979/2853/947 1060/2852/1028
f 1060/2852/1028 975/2618/944 973/2610/941
f 977/2855/946 1058/2856/1025 969/2857/937
f 977/2858/946 991/2859/960 1058/2860/1025
f 1057/2854/1026 980/2861/949 979/2853/947
f 1057/2854/1026 983/2862/952 980/2861/949
f 1057/2854/1026 993/2863/962 983/2862/952
f 977/2858/946 981/2864/948 991/2859/960
f 977/2622/946 969/2602/937 968/2601/938
f 964/2608/933 971/2607/940 1061/2865/1029
f 958/2620/927 1061/2866/1029 971/2613/940
f 1061/2865/1029 1062/2867/1030 1063/2868/1031
f 955/2869/923 1062/2870/1030 1061/2866/1029
f 1061/2865/1029 1063/2868/1031 965/2871/932
f 964/2608/933 1061/2865/1029 965/2871/932
f 958/2620/927 955/2869/923 1061/2866/1029
f 1062/2867/1030 946/2872/912 1063/2868/1031
f 1064/2873/1032 1063/2874/1031 946/2875/912
f 961/2876/929 965/2877/932 1063/2878/1031
f 961/2879/929 1063/2880/1031 1064/2881/1032
f 956/2585/924 1064/2882/1032 953/2883/922
f 1064/2884/1032 1065/2885/1033 953/2886/922
f 1064/2884/1032 1066/2887/1034 1065/2885/1033
f 1064/2873/1032 946/2875/912 1066/2888/1034
f 956/2585/924 961/2584/929 1064/2882/1032
f 1066/2889/1034 942/2533/910 940/2532/909
f 1066/2889/1034 940/2532/909 1065/2890/1033
f 946/2540/912 942/2542/910 1066/2891/1034
f 1067/2892/1035 950/2559/919 1065/2893/1033
f 1067/2892/1035 1065/2893/1033 940/2894/909
f 953/2569/922 1065/2895/1033 950/2572/919
f 1067/2892/1035 1069/2896/1036 1068/2897/1037
f 1067/2892/1035 1068/2897/1037 948/2560/917
f 1067/2898/1035 941/2899/908 1069/2900/1036
f 1067/2898/1035 940/2901/909 941/2899/908
f 950/2559/919 1067/2892/1035 948/2560/917
f 1069/2900/1036 941/2899/908 932/2519/902
f 1069/2900/1036 932/2519/902 933/2520/901
f 929/2902/898 1068/2903/1037 1069/2904/1036
f 929/2905/898 1069/2906/1036 933/2907/901
f 1068/2908/1037 929/2512/898 926/2507/895
f 1068/2908/1037 926/2507/895 944/2552/913
f 948/2550/917 1068/2908/1037 944/2552/913
f 1062/2867/1030 945/2909/915 946/2872/912
f 955/2869/923 951/2910/920 1062/2870/1030
f 951/2562/920 945/2564/915 1062/2911/1030
f 968/2601/938 962/2587/931 959/2580/928
f 937/2912/907 938/2545/906 944/2544/913
f 937/2912/907 944/2544/913 926/2506/895
f 926/2506/895 922/2499/891 937/2912/907
f 937/2913/907 922/2497/891 935/2914/904
f 935/2522/904 923/2915/892 931/2524/899
f 922/2497/891 923/2498/892 935/2914/904
f 928/2516/896 931/2515/899 914/2477/882
f 914/2479/882 931/2524/899 923/2915/892
f 910/2466/878 925/2510/893 928/2509/896
f 910/2466/878 928/2509/896 911/2467/879
f 928/2516/896 914/2477/882 911/2472/879
f 919/2916/887 921/2502/889 925/2501/893
f 919/2916/887 925/2501/893 910/2468/878
f 914/2479/882 923/2915/892 915/2480/883
f 908/2464/876 919/2916/887 910/2468/878
f 882/2370/850 907/2487/874 883/2371/851
f 842/2427/811 664/2429/633 663/1738/632
f 842/2427/811 663/1738/632 672/1739/640
f 618/2917/586 642/2918/610 656/2919/625
f 642/2918/610 654/2920/622 656/2919/625
f 654/1677/622 1070/2921/1038 652/1678/621
f 643/2922/611 1070/2923/1038 654/2920/622
f 642/2918/610 643/2922/611 654/2920/622
f 1070/2921/1038 1072/2924/1039 652/1678/621
f 643/2922/611 646/2925/613 1070/2923/1038
f 646/2925/613 1071/2926/1040 1070/2923/1038
f 1070/2927/1038 1071/2928/1040 1072/2929/1039
f 1072/2930/1039 1073/2931/1041 1074/2932/1042
f 1071/2928/1040 1073/2933/1041 1072/2929/1039
f 1072/2934/1039 1074/2935/1042 650/2936/618
f 652/1673/621 1072/2937/1039 650/1675/618
f 1075/2938/1043 1074/2939/1042 1073/2940/1041
f 650/1668/618 1074/2941/1042 648/1669/616
f 1075/2942/1043 1076/2943/1044 1074/2944/1042
f 1076/2945/1044 648/1669/616 1074/2941/1042
f 1079/2946/1045 1077/2947/1046 1076/2948/1044
f 1077/2949/1046 1078/2950/1047 1076/2945/1044
f 1079/2946/1045 1076/2948/1044 1075/2951/1043
f 1076/2945/1044 1078/2950/1047 648/1669/616
f 1083/2952/1048 1079/2953/1045 1080/2954/1049
f 1079/2953/1045 1081/2955/1050 1080/2954/1049
f 1079/2953/1045 1075/2956/1043 1081/2955/1050
f 1083/2957/1048 1082/2958/1051 1079/2959/1045
f 1082/2960/1051 1077/2947/1046 1079/2946/1045
f 1084/2961/1052 1086/2962/1053 1083/2963/1048
f 1083/2963/1048 1085/2964/1054 1084/2961/1052
f 1083/2963/1048 1080/2965/1049 1085/2964/1054
f 1086/2966/1053 1082/2958/1051 1083/2957/1048
f 1087/2967/1055 1089/2968/1056 1086/2966/1053
f 1087/2967/1055 1086/2966/1053 1090/2969/1057
f 1084/2961/1052 1088/2970/1058 1086/2962/1053
f 1090/2971/1057 1086/2962/1053 1088/2970/1058
f 1086/2966/1053 1089/2968/1056 1082/2958/1051
f 1093/2972/1059 1090/2971/1057 1091/2973/1060
f 1090/2971/1057 1088/2970/1058 1091/2973/1060
f 1092/2974/1061 1087/2967/1055 1090/2969/1057
f 1092/2974/1061 1090/2969/1057 1093/2975/1059
f 1094/2976/1062 1093/2977/1059 1096/2978/1063
f 1095/2979/1064 1093/2980/1059 1094/2981/1062
f 1095/2979/1064 1092/2982/1061 1093/2980/1059
f 1093/2983/1059 1091/2984/1060 1096/2985/1063
f 1100/2986/1065 1096/2978/1063 1097/2987/1066
f 1096/2985/1063 1099/2988/1067 1097/2989/1066
f 1094/2976/1062 1096/2978/1063 1098/2990/1068
f 1100/2986/1065 1098/2990/1068 1096/2978/1063
f 1096/2985/1063 1091/2984/1060 1099/2988/1067
f 1104/2991/1069 1098/2992/1068 1100/2993/1065
f 1103/2994/1070 1100/2995/1065 1101/2996/1071
f 1100/2997/1065 1102/2998/1072 1101/2999/1071
f 1100/2997/1065 1097/3000/1066 1102/2998/1072
f 1103/2994/1070 1104/3001/1069 1100/2995/1065
f 1106/3002/1073 1104/3001/1069 1103/2994/1070
f 1104/2991/1069 1107/3003/1074 1098/2992/1068
f 1106/3002/1073 1105/3004/1075 1104/3001/1069
f 1105/3005/1075 1107/3006/1074 1104/3007/1069
f 1094/3008/1062 1098/3009/1068 1107/3010/1074
f 1094/3008/1062 1107/3010/1074 1108/3011/1076
f 1109/3012/1077 1108/3011/1076 1107/3010/1074
f 1105/3005/1075 1109/3013/1077 1107/3006/1074
f 1109/3012/1077 1110/3014/1078 1108/3011/1076
f 1109/3012/1077 1111/3015/1079 1110/3014/1078
f 1109/3012/1077 1112/3016/1080 1111/3015/1079
f 1109/3017/1077 1113/3018/1081 1112/3019/1080
f 1109/3020/1077 1105/3021/1075 1113/3022/1081
f 1114/3023/1082 1113/3024/1081 1105/3004/1075
f 1115/3025/1083 1113/3026/1081 1114/3027/1082
f 1115/3028/1083 1116/3029/1084 1113/3030/1081
f 1116/3031/1084 1112/3032/1080 1113/3033/1081
f 1116/3034/1084 1117/3035/1085 1112/3036/1080
f 1118/3037/1086 1117/3038/1085 1116/3039/1084
f 1119/3040/1087 1116/3041/1084 1115/3042/1083
f 1119/3043/1087 1118/3044/1086 1116/3045/1084
f 1120/3046/1088 1119/3047/1087 1115/3025/1083
f 1122/3048/1089 1119/3047/1087 1120/3046/1088
f 1119/3043/1087 1121/3049/1090 1118/3044/1086
f 1119/3050/1087 1123/3051/1091 1121/3052/1090
f 1122/3048/1089 1123/3053/1091 1119/3047/1087
f 1124/3054/1092 1121/3055/1090 1123/3056/1091
f 1124/3054/1092 1123/3056/1091 1125/3057/1093
f 1125/3058/1093 1123/3053/1091 1122/3048/1089
f 1125/3059/1093 1126/3060/1094 1128/3061/1095
f 1125/3062/1093 1122/3063/1089 1126/3064/1094
f 1124/3054/1092 1125/3057/1093 1127/3065/1096
f 1125/3059/1093 1128/3061/1095 1127/3066/1096
f 1128/3061/1095 1129/3067/1097 1127/3066/1096
f 1128/3061/1095 1130/3068/1098 1129/3067/1097
f 1128/3069/1095 1131/3070/1099 1130/3071/1098
f 1128/3069/1095 1133/3072/1100 1131/3070/1099
f 1132/3073/1101 1133/3074/1100 1128/3075/1095
f 1132/3073/1101 1128/3075/1095 1126/3076/1094
f 1132/3077/1101 1134/3078/1102 1133/3079/1100
f 1131/3080/1099 1133/3081/1100 1134/3082/1102
f 1131/3080/1099 1134/3082/1102 1135/3083/1103
f 1136/3084/1104 1135/3085/1103 1134/3086/1102
f 1136/3084/1104 1134/3086/1102 1137/3087/1105
f 1137/3087/1105 1134/3086/1102 1138/3088/1106
f 1132/3077/1101 1138/3089/1106 1134/3078/1102
f 1137/3087/1105 1138/3088/1106 1139/3090/1107
f 1138/3088/1106 1140/3091/1108 1139/3090/1107
f 1141/3092/1109 1138/3093/1106 1132/3094/1101
f 1138/3088/1106 1141/3095/1109 1140/3091/1108
f 1141/3095/1109 1143/3096/1110 1142/3097/1111
f 1141/3095/1109 1142/3097/1111 1140/3091/1108
f 1144/3098/1112 1143/3099/1110 1141/3092/1109
f 1141/3092/1109 1132/3094/1101 1144/3098/1112
f 1132/3100/1101 1122/3063/1089 1144/3101/1112
f 1144/3102/1112 1145/3103/1113 1143/3104/1110
f 1144/3105/1112 1120/3106/1088 1145/3107/1113
f 1144/3105/1112 1122/3108/1089 1120/3106/1088
f 1143/3109/1110 1145/3110/1113 1146/3111/1114
f 1120/3106/1088 1146/3112/1114 1145/3107/1113
f 1143/3109/1110 1146/3111/1114 1147/3113/1115
f 1146/3111/1114 1111/3114/1079 1147/3113/1115
f 1120/3106/1088 1148/3115/1116 1146/3112/1114
f 1148/3116/1116 1149/3117/1117 1146/3118/1114
f 1146/3111/1114 1149/3119/1117 1111/3114/1079
f 1110/3120/1078 1111/3114/1079 1149/3119/1117
f 1148/3121/1116 1150/3122/1118 1149/3123/1117
f 1151/3124/1119 1149/3125/1117 1150/3126/1118
f 1110/3120/1078 1149/3119/1117 1151/3127/1119
f 1151/3127/1119 1108/3128/1076 1110/3120/1078
f 1151/3124/1119 1150/3126/1118 1152/3129/1120
f 1152/3129/1120 1153/3130/1121 1151/3124/1119
f 1151/3127/1119 1153/3131/1121 1108/3128/1076
f 1153/3131/1121 1095/3132/1064 1094/3133/1062
f 1153/3131/1121 1094/3133/1062 1108/3128/1076
f 1154/3134/1122 1095/3135/1064 1153/3130/1121
f 1152/3129/1120 1154/3134/1122 1153/3130/1121
f 1152/3129/1120 1103/3136/1070 1154/3134/1122
f 1101/3137/1071 1154/3138/1122 1103/3139/1070
f 1154/3134/1122 1155/3140/1123 1095/3135/1064
f 1101/3137/1071 1155/3141/1123 1154/3138/1122
f 1155/3142/1123 1092/3143/1061 1095/3144/1064
f 1155/3145/1123 1156/3146/1124 1092/3147/1061
f 1102/3148/1072 1156/3149/1124 1155/3141/1123
f 1102/3148/1072 1155/3141/1123 1101/3137/1071
f 1156/3150/1124 1157/3151/1125 1087/3152/1055
f 1156/3150/1124 1087/3152/1055 1092/3153/1061
f 1156/3150/1124 1158/3154/1126 1157/3151/1125
f 1156/3155/1124 1102/3156/1072 1158/3157/1126
f 1158/3158/1126 1160/3159/1127 1157/3160/1125
f 1158/3158/1126 1159/3161/1128 1160/3159/1127
f 1099/3162/1067 1159/3163/1128 1158/3164/1126
f 1097/3165/1066 1099/3162/1067 1158/3164/1126
f 1097/3165/1066 1158/3164/1126 1102/3166/1072
f 1160/3159/1127 1159/3161/1128 1161/3167/1129
f 1160/3159/1127 1161/3167/1129 1162/3168/1130
f 1160/3169/1127 1089/3170/1056 1087/3171/1055
f 1160/3169/1127 1087/3171/1055 1157/3172/1125
f 1089/3170/1056 1160/3169/1127 1162/3173/1130
f 1082/2960/1051 1162/3173/1130 1077/2947/1046
f 1162/3168/1130 1163/3174/1131 1077/2949/1046
f 1162/3168/1130 1161/3167/1129 1163/3174/1131
f 1089/3170/1056 1162/3173/1130 1082/2960/1051
f 1077/2949/1046 1163/3174/1131 1078/2950/1047
f 1165/3175/1132 1164/3176/1133 1163/3177/1131
f 1164/3176/1133 1078/3178/1047 1163/3177/1131
f 1165/3179/1132 1163/3180/1131 1161/3181/1129
f 1166/3182/1134 1165/3179/1132 1161/3181/1129
f 1088/3183/1058 1084/3184/1052 1165/3185/1132
f 1084/3186/1052 1164/3187/1133 1165/3188/1132
f 1088/3189/1058 1165/3190/1132 1166/3191/1134
f 1166/3192/1134 1161/3193/1129 1159/3194/1128
f 1099/3162/1067 1166/3195/1134 1159/3163/1128
f 1091/2984/1060 1088/3196/1058 1166/3197/1134
f 1091/2984/1060 1166/3197/1134 1099/2988/1067
f 1164/3176/1133 1167/3198/1135 1078/3178/1047
f 1084/3186/1052 1085/3199/1054 1164/3187/1133
f 1085/3199/1054 1167/3200/1135 1164/3187/1133
f 1085/3199/1054 1168/3201/1136 1167/3200/1135
f 1078/3178/1047 1167/3198/1135 649/1667/617
f 1167/3200/1135 1169/3202/1137 649/3203/617
f 1167/3200/1135 1168/3201/1136 1169/3202/1137
f 1081/3204/1050 1170/3205/1138 1169/3206/1137
f 1170/3205/1138 1171/3207/1139 1169/3206/1137
f 649/3203/617 1169/3202/1137 1171/3208/1139
f 1081/3204/1050 1169/3206/1137 1168/3209/1136
f 1170/3205/1138 1071/2926/1040 1171/3207/1139
f 646/1662/613 645/1663/614 1171/3208/1139
f 649/3203/617 1171/3208/1139 645/1663/614
f 646/2925/613 1171/3207/1139 1071/2926/1040
f 1071/2928/1040 1170/3210/1138 1073/2933/1041
f 1170/3210/1138 1075/3211/1043 1073/2933/1041
f 1170/3212/1138 1081/2955/1050 1075/2956/1043
f 1080/2965/1049 1081/3204/1050 1168/3209/1136
f 1080/2965/1049 1168/3209/1136 1085/2964/1054
f 1152/3129/1120 1106/3213/1073 1103/3136/1070
f 1150/3214/1118 1106/3215/1073 1152/3216/1120
f 1150/3214/1118 1114/3027/1082 1106/3215/1073
f 1148/3217/1116 1114/3027/1082 1150/3214/1118
f 1148/3217/1116 1115/3025/1083 1114/3027/1082
f 1120/3046/1088 1115/3025/1083 1148/3217/1116
f 1117/3218/1085 1147/3219/1115 1111/3015/1079
f 1142/3097/1111 1147/3219/1115 1117/3218/1085
f 1142/3097/1111 1143/3096/1110 1147/3219/1115
f 1140/3220/1108 1142/3221/1111 1118/3222/1086
f 1118/3223/1086 1142/3224/1111 1117/3225/1085
f 1139/3226/1107 1140/3227/1108 1121/3228/1090
f 1140/3220/1108 1118/3222/1086 1121/3229/1090
f 1172/3230/1140 1137/3231/1105 1139/3232/1107
f 1172/3230/1140 1139/3232/1107 1124/3233/1092
f 1139/3226/1107 1121/3228/1090 1124/3234/1092
f 1173/3235/1141 1172/3236/1140 1127/3065/1096
f 1173/3237/1141 1137/3238/1105 1172/3239/1140
f 1124/3054/1092 1127/3065/1096 1172/3236/1140
f 1173/3235/1141 1127/3065/1096 1129/3240/1097
f 1173/3237/1141 1136/3241/1104 1137/3238/1105
f 1136/3241/1104 1173/3237/1141 1174/3242/1142
f 1129/3240/1097 1174/3243/1142 1173/3235/1141
f 1174/3242/1142 1175/3244/1143 1178/3245/1144
f 1175/3246/1143 1174/3243/1142 1177/3247/1145
f 1174/3242/1142 1178/3245/1144 1176/3248/1146
f 1136/3241/1104 1174/3242/1142 1176/3248/1146
f 1129/3240/1097 1177/3247/1145 1174/3243/1142
f 1180/3249/1147 1179/3250/1148 1178/3251/1144
f 1179/3250/1148 1176/3252/1146 1178/3251/1144
f 1180/3249/1147 1178/3251/1144 1181/3253/1149
f 1181/3254/1149 1178/3245/1144 1175/3244/1143
f 1184/3255/1150 1181/3254/1149 1182/3256/1151
f 1181/3254/1149 1175/3244/1143 1182/3256/1151
f 1183/3257/1152 1180/3249/1147 1181/3253/1149
f 1183/3257/1152 1181/3253/1149 1184/3258/1150
f 1187/3259/1153 1183/3257/1152 1184/3258/1150
f 1185/3260/1154 1186/3261/1155 1184/3255/1150
f 1184/3255/1150 1182/3256/1151 1185/3260/1154
f 1187/3259/1153 1184/3258/1150 1186/3262/1155
f 1190/3263/1156 1187/3259/1153 1186/3262/1155
f 1189/3264/1157 1188/3265/1158 1187/3266/1153
f 1188/3265/1158 1183/3267/1152 1187/3266/1153
f 1189/3264/1157 1187/3266/1153 1190/3268/1156
f 1194/3269/1159 1190/3263/1156 1191/3270/1160
f 1190/3263/1156 1186/3262/1155 1191/3270/1160
f 1192/3271/1161 1189/3264/1157 1190/3268/1156
f 1192/3271/1161 1190/3268/1156 1193/3272/1162
f 1194/3269/1159 1193/3273/1162 1190/3263/1156
f 1196/3274/1163 1194/3275/1159 1191/3276/1160
f 1195/3277/1164 1194/3275/1159 1196/3274/1163
f 1195/3278/1164 1193/3273/1162 1194/3269/1159
f 1196/3274/1163 1191/3276/1160 1198/3279/1165
f 1196/3280/1163 1198/3281/1165 1197/3282/1166
f 1196/3280/1163 1197/3282/1166 1199/3283/1167
f 1200/3284/1168 1196/3280/1163 1199/3283/1167
f 1200/3284/1168 1201/3285/1169 1196/3280/1163
f 1195/3277/1164 1196/3274/1163 1201/3286/1169
f 1201/3286/1169 1202/3287/1170 1204/3288/1171
f 1201/3285/1169 1203/3289/1172 1202/3290/1170
f 1201/3285/1169 1200/3284/1168 1203/3289/1172
f 1201/3286/1169 1204/3288/1171 1195/3277/1164
f 1206/3291/1173 1204/3292/1171 1202/3293/1170
f 1206/3291/1173 1205/3294/1174 1204/3292/1171
f 1205/3295/1174 1195/3278/1164 1204/3296/1171
f 1206/3297/1173 1202/3298/1170 1203/3299/1172
f 1206/3300/1173 1203/3301/1172 1207/3302/1175
f 1207/3303/1175 1208/3304/1176 1206/3305/1173
f 1208/3306/1176 1205/3307/1174 1206/3308/1173
f 1208/3306/1176 1211/3309/1177 1205/3307/1174
f 1208/3310/1176 1210/3311/1178 1209/3312/1179
f 1208/3310/1176 1209/3312/1179 1192/3313/1161
f 1207/3303/1175 1210/3314/1178 1208/3304/1176
f 1211/3309/1177 1208/3306/1176 1192/3271/1161
f 1205/3295/1174 1211/3315/1177 1195/3278/1164
f 1211/3309/1177 1192/3271/1161 1193/3272/1162
f 1195/3278/1164 1211/3315/1177 1193/3273/1162
f 1210/3316/1178 1207/3317/1175 1203/3318/1172
f 1210/3316/1178 1203/3318/1172 1200/3319/1168
f 1200/3319/1168 1209/3320/1179 1210/3316/1178
f 1200/3319/1168 1199/3321/1167 1209/3320/1179
f 1199/3321/1167 1212/3322/1180 1209/3320/1179
f 1209/3323/1179 1189/3324/1157 1192/3325/1161
f 1209/3323/1179 1212/3326/1180 1189/3324/1157
f 1189/3327/1157 1212/3328/1180 1213/3329/1181
f 1212/3322/1180 1214/3330/1182 1213/3331/1181
f 1212/3322/1180 1197/3332/1166 1214/3330/1182
f 1199/3321/1167 1197/3332/1166 1212/3322/1180
f 1214/3330/1182 1215/3333/1183 1213/3331/1181
f 1214/3330/1182 1217/3334/1184 1215/3333/1183
f 1198/3281/1165 1216/3335/1185 1214/3336/1182
f 1216/3335/1185 1217/3337/1184 1214/3336/1182
f 1198/3281/1165 1214/3336/1182 1197/3282/1166
f 1216/3338/1185 1185/3339/1154 1217/3340/1184
f 1215/3333/1183 1217/3334/1184 1218/3341/1186
f 1185/3342/1154 1218/3343/1186 1217/3344/1184
f 1218/3341/1186 1220/3345/1187 1219/3346/1188
f 1218/3341/1186 1219/3346/1188 1221/3347/1189
f 1182/3348/1151 1220/3349/1187 1218/3350/1186
f 1215/3333/1183 1218/3341/1186 1221/3347/1189
f 1185/3342/1154 1182/3351/1151 1218/3343/1186
f 1219/3352/1188 1222/3353/1190 1221/3354/1189
f 1223/3355/1191 1221/3356/1189 1222/3357/1190
f 1223/3355/1191 1215/3358/1183 1221/3356/1189
f 1180/3359/1147 1183/3360/1152 1223/3361/1191
f 1180/3359/1147 1223/3361/1191 1222/3362/1190
f 1188/3363/1158 1223/3364/1191 1183/3365/1152
f 1215/3366/1183 1223/3367/1191 1188/3368/1158
f 1180/3359/1147 1222/3362/1190 1224/3369/1192
f 1219/3352/1188 1224/3370/1192 1222/3353/1190
f 1180/3359/1147 1224/3369/1192 1179/3371/1148
f 1225/3372/1193 1179/3371/1148 1224/3369/1192
f 1226/3373/1194 1225/3374/1193 1224/3370/1192
f 1226/3373/1194 1224/3370/1192 1219/3352/1188
f 1220/3345/1187 1177/3375/1145 1226/3376/1194
f 1177/3375/1145 1130/3068/1098 1226/3376/1194
f 1130/3377/1098 1225/3378/1193 1226/3379/1194
f 1220/3345/1187 1226/3376/1194 1219/3346/1188
f 1225/3372/1193 1227/3380/1195 1179/3371/1148
f 1130/3381/1098 1131/3382/1099 1225/3383/1193
f 1131/3080/1099 1227/3380/1195 1225/3372/1193
f 1179/3250/1148 1227/3384/1195 1176/3252/1146
f 1136/3084/1104 1176/3252/1146 1227/3384/1195
f 1136/3084/1104 1227/3384/1195 1135/3085/1103
f 1131/3080/1099 1135/3083/1103 1227/3380/1195
f 1182/3385/1151 1175/3246/1143 1220/3386/1187
f 1175/3246/1143 1177/3247/1145 1220/3386/1187
f 1198/3279/1165 1186/3387/1155 1216/3388/1185
f 1185/3389/1154 1216/3390/1185 1186/3391/1155
f 1215/3366/1183 1188/3368/1158 1213/3329/1181
f 1189/3327/1157 1213/3329/1181 1188/3368/1158
f 1198/3279/1165 1191/3276/1160 1186/3387/1155
f 1177/3375/1145 1129/3067/1097 1130/3068/1098
f 1132/3100/1101 1126/3064/1094 1122/3063/1089
f 1117/3218/1085 1111/3015/1079 1112/3016/1080
f 1114/3023/1082 1105/3004/1075 1106/3002/1073
f 1078/3178/1047 649/1667/617 648/1666/616
f 618/3392/586 637/1657/606 642/1656/610
f 629/1648/598 637/1650/606 619/3393/587
f 618/3392/586 619/3394/587 637/1657/606
f 622/3395/589 629/1648/598 619/3393/587
f 616/3396/585 611/1586/579 610/1585/580
f 598/2296/566 592/1542/562 593/1538/560
f 595/3397/564 569/1503/537 570/1504/538
f 595/3398/564 570/3399/538 574/3400/543
f 590/2283/559 593/2291/560 589/3401/558
f 576/1511/544 587/1525/554 574/1510/543
f 580/1517/549 577/1513/546 572/1508/541
f 568/1502/536 558/2450/525 556/1476/526
f 568/1502/536 556/1476/526 565/1497/533
f 556/1476/526 560/1478/528 565/1497/533
f 552/1468/520 541/1421/509 540/1420/508
f 404/1036/374 398/1037/367 537/1418/507
f 397/1426/364 537/1425/507 398/3402/367
f 400/3403/369 534/1433/502 399/1432/366
f 400/3403/369 409/3404/377 534/1433/502
f 1231/3405/1196 1229/3406/1197 1228/3407/1198
f 1229/3408/1197 1230/3409/1199 1228/3410/1198
f 1234/3411/1200 1228/3412/1198 1230/3413/1199
f 1231/3405/1196 1228/3407/1198 1232/3414/1201
f 1233/3415/1202 1232/3416/1201 1228/3417/1198
f 1233/3418/1202 1228/3412/1198 1234/3411/1200
f 1234/3411/1200 1230/3413/1199 1235/3419/1203
f 1236/3420/1204 1234/3421/1200 1235/3422/1203
f 1236/3420/1204 1238/3423/1205 1234/3421/1200
f 1237/3424/1206 1233/3425/1202 1234/3421/1200
f 1237/3424/1206 1234/3421/1200 1238/3423/1205
f 1239/3426/1207 1237/3424/1206 1238/3423/1205
f 1238/3423/1205 1240/3427/1208 1239/3426/1207
f 1238/3423/1205 1236/3420/1204 1240/3427/1208
f 1242/3428/1209 1240/3429/1208 1241/3430/1210
f 1240/3429/1208 1245/3431/1211 1241/3430/1210
f 1242/3428/1209 1244/3432/1212 1240/3429/1208
f 1240/3427/1208 1236/3420/1204 1245/3433/1211
f 1243/3434/1213 1239/3435/1207 1240/3429/1208
f 1243/3434/1213 1240/3429/1208 1244/3432/1212
f 1247/3436/1214 1245/3437/1211 1246/3438/1215
f 1236/3420/1204 1246/3439/1215 1245/3433/1211
f 1241/3440/1210 1245/3437/1211 1247/3436/1214
f 1241/3440/1210 1247/3436/1214 1248/3441/1216
f 1249/3442/1217 1248/3443/1216 1247/3444/1214
f 1249/3445/1217 1247/3446/1214 1250/3447/1218
f 1250/3447/1218 1247/3446/1214 1251/3448/1219
f 1247/3436/1214 1246/3438/1215 1251/3449/1219
f 1250/3450/1218 1251/3451/1219 1230/3452/1199
f 1251/3453/1219 1235/3419/1203 1230/3413/1199
f 1251/3453/1219 1246/3454/1215 1235/3419/1203
f 1252/3455/1220 1249/3445/1217 1250/3447/1218
f 1229/3456/1197 1250/3447/1218 1230/3457/1199
f 1252/3455/1220 1250/3447/1218 1229/3456/1197
f 1253/3458/1221 1249/3459/1217 1252/3460/1220
f 1255/3461/1222 1252/3462/1220 1229/3406/1197
f 1253/3463/1221 1252/3464/1220 1254/3465/1223
f 1254/3466/1223 1252/3462/1220 1255/3461/1222
f 1256/3467/1224 1258/3468/1225 1255/3461/1222
f 1256/3467/1224 1255/3461/1222 1231/3405/1196
f 1254/3466/1223 1255/3461/1222 1257/3469/1226
f 1257/3469/1226 1255/3461/1222 1258/3468/1225
f 1255/3461/1222 1229/3406/1197 1231/3405/1196
f 1258/3470/1225 1256/3471/1224 1260/3472/1227
f 1261/3473/1228 1258/3470/1225 1259/3474/1229
f 1258/3470/1225 1260/3472/1227 1259/3474/1229
f 1257/3469/1226 1258/3468/1225 1261/3475/1228
f 1266/3476/1230 1261/3477/1228 1262/3478/1231
f 1261/3479/1228 1259/3480/1229 1262/3481/1231
f 1264/3482/1232 1263/3483/1233 1261/3477/1228
f 1263/3484/1233 1257/3485/1226 1261/3486/1228
f 1264/3482/1232 1261/3477/1228 1265/3487/1234
f 1266/3476/1230 1265/3487/1234 1261/3477/1228
f 1266/3476/1230 1262/3478/1231 1267/3488/1235
f 1266/3476/1230 1267/3488/1235 1268/3489/1236
f 1269/3490/1237 1265/3491/1234 1266/3492/1230
f 1270/3493/1238 1266/3492/1230 1268/3494/1236
f 1270/3493/1238 1269/3490/1237 1266/3492/1230
f 1271/3495/1239 1270/3493/1238 1268/3494/1236
f 1272/3496/1240 1269/3490/1237 1270/3493/1238
f 1270/3493/1238 1271/3495/1239 1273/3497/1241
f 1270/3493/1238 1273/3497/1241 1272/3496/1240
f 1276/3498/1242 1274/3499/1243 1273/3500/1241
f 1274/3501/1243 1272/3502/1240 1273/3503/1241
f 1275/3504/1244 1273/3497/1241 1271/3495/1239
f 1275/3505/1244 1276/3498/1242 1273/3500/1241
f 1276/3506/1242 1277/3507/1245 1274/3508/1243
f 1278/3509/1246 1277/3507/1245 1276/3506/1242
f 1279/3510/1247 1278/3511/1246 1276/3498/1242
f 1279/3510/1247 1276/3498/1242 1275/3505/1244
f 1280/3512/1248 1279/3513/1247 1275/3504/1244
f 1280/3512/1248 1283/3514/1249 1279/3513/1247
f 1281/3515/1250 1278/3511/1246 1279/3510/1247
f 1279/3513/1247 1282/3516/1251 1281/3517/1250
f 1279/3513/1247 1283/3514/1249 1282/3516/1251
f 1284/3518/1252 1283/3519/1249 1280/3520/1248
f 1284/3518/1252 1285/3521/1253 1283/3519/1249
f 1282/3522/1251 1283/3519/1249 1285/3521/1253
f 1287/3523/1254 1285/3521/1253 1286/3524/1255
f 1286/3524/1255 1285/3521/1253 1284/3518/1252
f 1282/3522/1251 1285/3521/1253 1287/3523/1254
f 1287/3523/1254 1286/3524/1255 1288/3525/1256
f 1290/3526/1257 1287/3523/1254 1288/3525/1256
f 1289/3527/1258 1282/3528/1251 1287/3529/1254
f 1289/3530/1258 1287/3523/1254 1290/3526/1257
f 1290/3526/1257 1288/3525/1256 1293/3531/1259
f 1291/3532/1260 1290/3533/1257 1293/3534/1259
f 1292/3535/1261 1290/3533/1257 1291/3532/1260
f 1292/3535/1261 1289/3527/1258 1290/3533/1257
f 1295/3536/1262 1293/3534/1259 1294/3537/1263
f 1288/3525/1256 1294/3538/1263 1293/3531/1259
f 1291/3532/1260 1293/3534/1259 1295/3536/1262
f 1297/3539/1264 1295/3540/1262 1296/3541/1265
f 1295/3536/1262 1294/3537/1263 1296/3542/1265
f 1291/3532/1260 1295/3536/1262 1297/3543/1264
f 1300/3544/1266 1297/3539/1264 1298/3545/1267
f 1297/3539/1264 1299/3546/1268 1298/3545/1267
f 1291/3547/1260 1297/3539/1264 1300/3544/1266
f 1297/3539/1264 1296/3541/1265 1301/3548/1269
f 1297/3539/1264 1301/3548/1269 1299/3546/1268
f 1302/3549/1270 1303/3550/1271 1301/3551/1269
f 1302/3549/1270 1301/3551/1269 1296/3552/1265
f 1301/3548/1269 1303/3553/1271 1304/3554/1272
f 1301/3548/1269 1304/3554/1272 1299/3546/1268
f 1304/3555/1272 1305/3556/1273 1306/3557/1274
f 1305/3556/1273 1304/3555/1272 1303/3558/1271
f 1304/3555/1272 1306/3557/1274 1307/3559/1275
f 1307/3560/1275 1299/3546/1268 1304/3554/1272
f 1307/3559/1275 1306/3557/1274 1308/3561/1276
f 1307/3559/1275 1308/3561/1276 1309/3562/1277
f 1310/3563/1278 1307/3559/1275 1309/3562/1277
f 1307/3560/1275 1310/3564/1278 1299/3546/1268
f 1298/3545/1267 1310/3564/1278 1311/3565/1279
f 1310/3564/1278 1298/3545/1267 1299/3546/1268
f 1310/3563/1278 1309/3562/1277 1311/3566/1279
f 1311/3566/1279 1309/3562/1277 1312/3567/1280
f 1311/3568/1279 1312/3569/1280 1313/3570/1281
f 1298/3545/1267 1311/3565/1279 1313/3571/1281
f 1314/3572/1282 1313/3573/1281 1312/3574/1280
f 1315/3575/1283 1313/3571/1281 1314/3576/1282
f 1315/3575/1283 1298/3545/1267 1313/3571/1281
f 1316/3577/1284 1300/3544/1266 1315/3575/1283
f 1316/3577/1284 1315/3575/1283 1317/3578/1285
f 1314/3576/1282 1317/3578/1285 1315/3575/1283
f 1300/3544/1266 1298/3545/1267 1315/3575/1283
f 1314/3576/1282 1320/3579/1286 1317/3578/1285
f 1318/3580/1287 1316/3581/1284 1317/3582/1285
f 1318/3580/1287 1317/3582/1285 1319/3583/1288
f 1319/3583/1288 1317/3582/1285 1320/3584/1286
f 1319/3583/1288 1320/3584/1286 1323/3585/1289
f 1320/3586/1286 1314/3587/1282 1321/3588/1290
f 1320/3586/1286 1321/3588/1290 1322/3589/1291
f 1323/3590/1289 1320/3586/1286 1322/3589/1291
f 1325/3591/1292 1323/3592/1289 1324/3593/1293
f 1323/3590/1289 1322/3589/1291 1324/3594/1293
f 1325/3591/1292 1319/3595/1288 1323/3592/1289
f 1328/3596/1294 1319/3595/1288 1325/3591/1292
f 1328/3597/1294 1325/3598/1292 1326/3599/1295
f 1325/3591/1292 1327/3600/1296 1326/3601/1295
f 1325/3591/1292 1324/3593/1293 1327/3600/1296
f 1328/3596/1294 1318/3602/1287 1319/3595/1288
f 1281/3603/1250 1328/3597/1294 1278/3509/1246
f 1329/3604/1297 1328/3596/1294 1281/3605/1250
f 1329/3604/1297 1318/3602/1287 1328/3596/1294
f 1328/3597/1294 1326/3599/1295 1278/3509/1246
f 1289/3527/1258 1329/3606/1297 1281/3607/1250
f 1289/3527/1258 1292/3535/1261 1329/3606/1297
f 1292/3535/1261 1318/3580/1287 1329/3606/1297
f 1326/3599/1295 1327/3608/1296 1330/3609/1298
f 1331/3610/1299 1330/3611/1298 1327/3612/1296
f 1324/3613/1293 1331/3610/1299 1327/3612/1296
f 1322/3614/1291 1332/3615/1300 1331/3616/1299
f 1332/3615/1300 1333/3617/1301 1331/3616/1299
f 1331/3610/1299 1333/3618/1301 1330/3611/1298
f 1324/3613/1293 1322/3619/1291 1331/3610/1299
f 1332/3615/1300 1334/3620/1302 1333/3617/1301
f 1334/3620/1302 1335/3621/1303 1333/3617/1301
f 1274/3622/1243 1333/3618/1301 1335/3623/1303
f 1274/3622/1243 1330/3611/1298 1333/3618/1301
f 1274/3622/1243 1335/3623/1303 1336/3624/1304
f 1339/3625/1305 1336/3624/1304 1335/3623/1303
f 1334/3620/1302 1337/3626/1306 1335/3621/1303
f 1335/3621/1303 1337/3626/1306 1338/3627/1307
f 1335/3621/1303 1338/3627/1307 1339/3628/1305
f 1339/3625/1305 1340/3629/1308 1343/3630/1309
f 1341/3631/1310 1340/3629/1308 1339/3625/1305
f 1341/3632/1310 1339/3628/1305 1338/3627/1307
f 1339/3625/1305 1342/3633/1311 1336/3624/1304
f 1339/3625/1305 1343/3630/1309 1342/3633/1311
f 1345/3634/1312 1343/3635/1309 1344/3636/1313
f 1340/3629/1308 1344/3637/1313 1343/3630/1309
f 1342/3638/1311 1343/3635/1309 1345/3634/1312
f 1345/3634/1312 1346/3639/1314 1347/3640/1315
f 1345/3641/1312 1344/3642/1313 1346/3643/1314
f 1345/3634/1312 1347/3640/1315 1349/3644/1316
f 1342/3638/1311 1345/3634/1312 1348/3645/1317
f 1345/3634/1312 1269/3490/1237 1348/3645/1317
f 1345/3634/1312 1349/3644/1316 1269/3490/1237
f 1269/3490/1237 1349/3644/1316 1265/3491/1234
f 1349/3644/1316 1264/3646/1232 1265/3491/1234
f 1349/3644/1316 1347/3640/1315 1264/3646/1232
f 1336/3647/1304 1342/3638/1311 1348/3645/1317
f 1272/3496/1240 1348/3645/1317 1269/3490/1237
f 1336/3647/1304 1348/3645/1317 1272/3496/1240
f 1350/3648/1318 1347/3640/1315 1346/3639/1314
f 1350/3648/1318 1264/3646/1232 1347/3640/1315
f 1350/3648/1318 1351/3649/1319 1264/3646/1232
f 1354/3650/1320 1351/3651/1319 1350/3652/1318
f 1353/3653/1321 1350/3652/1318 1352/3654/1322
f 1350/3648/1318 1346/3639/1314 1352/3655/1322
f 1353/3653/1321 1354/3650/1320 1350/3652/1318
f 1354/3650/1320 1355/3656/1323 1351/3651/1319
f 1356/3657/1324 1355/3658/1323 1354/3659/1320
f 1357/3660/1325 1356/3657/1324 1354/3659/1320
f 1357/3660/1325 1354/3659/1320 1353/3661/1321
f 1357/3660/1325 1358/3662/1326 1359/3663/1327
f 1353/3661/1321 1358/3662/1326 1357/3660/1325
f 1357/3664/1325 1359/3665/1327 1360/3666/1328
f 1356/3657/1324 1357/3660/1325 1360/3667/1328
f 1360/3666/1328 1359/3665/1327 1361/3668/1329
f 1360/3666/1328 1361/3668/1329 1362/3669/1330
f 1356/3670/1324 1360/3666/1328 1362/3669/1330
f 1362/3669/1330 1361/3668/1329 1364/3671/1331
f 1365/3672/1332 1362/3669/1330 1363/3673/1333
f 1362/3674/1330 1364/3675/1331 1363/3676/1333
f 1365/3672/1332 1356/3670/1324 1362/3669/1330
f 1365/3672/1332 1363/3673/1333 1366/3677/1334
f 1365/3672/1332 1366/3677/1334 1367/3678/1335
f 1356/3670/1324 1365/3672/1332 1355/3656/1323
f 1365/3672/1332 1368/3679/1336 1355/3656/1323
f 1365/3672/1332 1367/3678/1335 1368/3679/1336
f 1368/3680/1336 1367/3681/1335 1369/3682/1337
f 1368/3680/1336 1369/3682/1337 1370/3683/1338
f 1351/3651/1319 1368/3679/1336 1370/3684/1338
f 1351/3651/1319 1355/3656/1323 1368/3679/1336
f 1370/3685/1338 1369/3686/1337 1371/3687/1339
f 1351/3688/1319 1370/3689/1338 1263/3690/1233
f 1370/3691/1338 1371/3692/1339 1263/3693/1233
f 1372/3694/1340 1371/3695/1339 1369/3696/1337
f 1263/3697/1233 1371/3698/1339 1257/3699/1226
f 1373/3700/1341 1257/3701/1226 1371/3695/1339
f 1372/3694/1340 1373/3700/1341 1371/3695/1339
f 1364/3702/1331 1374/3703/1342 1373/3704/1341
f 1253/3705/1221 1373/3706/1341 1374/3707/1342
f 1373/3708/1341 1254/3709/1223 1257/3710/1226
f 1364/3711/1331 1373/3712/1341 1372/3713/1340
f 1253/3705/1221 1254/3714/1223 1373/3706/1341
f 1361/3715/1329 1375/3716/1343 1374/3717/1342
f 1375/3716/1343 1253/3718/1221 1374/3717/1342
f 1361/3715/1329 1374/3717/1342 1364/3719/1331
f 1359/3720/1327 1377/3721/1344 1375/3722/1343
f 1359/3720/1327 1375/3722/1343 1361/3723/1329
f 1376/3724/1345 1375/3722/1343 1377/3721/1344
f 1375/3716/1343 1376/3725/1345 1253/3718/1221
f 1340/3629/1308 1377/3721/1344 1344/3637/1313
f 1359/3720/1327 1344/3637/1313 1377/3721/1344
f 1376/3724/1345 1377/3721/1344 1340/3629/1308
f 1378/3726/1346 1376/3724/1345 1340/3629/1308
f 1378/3726/1346 1379/3727/1347 1376/3724/1345
f 1376/3724/1345 1379/3727/1347 1380/3728/1348
f 1376/3724/1345 1380/3728/1348 1253/3729/1221
f 1382/3730/1349 1381/3731/1350 1380/3732/1348
f 1381/3733/1350 1253/3734/1221 1380/3735/1348
f 1383/3736/1351 1382/3737/1349 1380/3728/1348
f 1383/3736/1351 1380/3728/1348 1379/3727/1347
f 1384/3738/1352 1382/3737/1349 1383/3736/1351
f 1385/3739/1353 1383/3736/1351 1379/3727/1347
f 1384/3738/1352 1383/3736/1351 1385/3739/1353
f 1341/3631/1310 1386/3740/1354 1385/3739/1353
f 1384/3738/1352 1385/3739/1353 1386/3740/1354
f 1341/3631/1310 1385/3739/1353 1378/3726/1346
f 1385/3739/1353 1379/3727/1347 1378/3726/1346
f 1386/3740/1354 1388/3741/1355 1387/3742/1356
f 1386/3740/1354 1387/3742/1356 1384/3738/1352
f 1341/3631/1310 1388/3741/1355 1386/3740/1354
f 1388/3743/1355 1389/3744/1357 1387/3745/1356
f 1341/3631/1310 1338/3746/1307 1388/3741/1355
f 1388/3743/1355 1338/3747/1307 1389/3744/1357
f 1393/3748/1358 1389/3744/1357 1390/3749/1359
f 1389/3744/1357 1391/3750/1360 1390/3749/1359
f 1389/3744/1357 1392/3751/1361 1391/3750/1360
f 1338/3747/1307 1392/3751/1361 1389/3744/1357
f 1387/3745/1356 1389/3744/1357 1393/3748/1358
f 1393/3748/1358 1394/3752/1362 1396/3753/1363
f 1393/3748/1358 1390/3749/1359 1394/3752/1362
f 1384/3754/1352 1393/3748/1358 1395/3755/1364
f 1393/3748/1358 1396/3753/1363 1395/3755/1364
f 1384/3754/1352 1387/3745/1356 1393/3748/1358
f 1382/3756/1349 1396/3757/1363 1381/3758/1350
f 1396/3759/1363 1244/3760/1212 1381/3761/1350
f 1396/3762/1363 1243/3434/1213 1244/3432/1212
f 1394/3752/1362 1243/3763/1213 1396/3753/1363
f 1382/3764/1349 1395/3765/1364 1396/3766/1363
f 1384/3738/1352 1395/3767/1364 1382/3737/1349
f 1394/3752/1362 1390/3749/1359 1398/3768/1365
f 1394/3752/1362 1397/3769/1366 1243/3763/1213
f 1394/3770/1362 1398/3771/1365 1397/3772/1366
f 1397/3772/1366 1398/3771/1365 1399/3773/1367
f 1400/3774/1368 1399/3773/1367 1398/3771/1365
f 1390/3775/1359 1400/3776/1368 1398/3777/1365
f 1400/3774/1368 1402/3778/1369 1399/3773/1367
f 1401/3779/1370 1403/3780/1371 1400/3781/1368
f 1401/3779/1370 1400/3781/1368 1391/3782/1360
f 1390/3775/1359 1391/3783/1360 1400/3776/1368
f 1400/3784/1368 1403/3785/1371 1402/3786/1369
f 1401/3787/1370 1404/3788/1372 1403/3789/1371
f 1404/3790/1372 1402/3791/1369 1403/3792/1371
f 1407/3793/1373 1405/3794/1374 1404/3788/1372
f 1405/3795/1374 1406/3796/1375 1404/3790/1372
f 1404/3790/1372 1406/3796/1375 1402/3791/1369
f 1407/3793/1373 1404/3788/1372 1408/3797/1376
f 1401/3787/1370 1408/3797/1376 1404/3788/1372
f 1410/3798/1377 1408/3799/1376 1401/3800/1370
f 1409/3801/1378 1407/3802/1373 1408/3799/1376
f 1409/3801/1378 1408/3799/1376 1410/3798/1377
f 1305/3556/1273 1409/3801/1378 1410/3798/1377
f 1410/3798/1377 1401/3800/1370 1411/3803/1379
f 1305/3556/1273 1410/3798/1377 1411/3803/1379
f 1305/3556/1273 1411/3803/1379 1306/3557/1274
f 1308/3804/1276 1306/3805/1274 1411/3806/1379
f 1308/3804/1276 1411/3806/1379 1412/3807/1380
f 1412/3807/1380 1411/3806/1379 1401/3808/1370
f 1392/3809/1361 1412/3807/1380 1391/3810/1360
f 1412/3811/1380 1401/3812/1370 1391/3813/1360
f 1392/3809/1361 1413/3814/1381 1412/3807/1380
f 1308/3804/1276 1412/3807/1380 1413/3814/1381
f 1308/3804/1276 1413/3814/1381 1414/3815/1382
f 1337/3626/1306 1413/3814/1381 1392/3809/1361
f 1337/3626/1306 1334/3620/1302 1413/3814/1381
f 1414/3815/1382 1413/3814/1381 1334/3620/1302
f 1309/3816/1277 1308/3817/1276 1414/3818/1382
f 1312/3819/1280 1414/3815/1382 1332/3615/1300
f 1414/3815/1382 1334/3620/1302 1332/3615/1300
f 1309/3820/1277 1414/3815/1382 1312/3819/1280
f 1416/3821/1383 1415/3822/1384 1409/3823/1378
f 1407/3824/1373 1409/3825/1378 1415/3826/1384
f 1305/3556/1273 1417/3827/1385 1409/3801/1378
f 1416/3821/1383 1409/3823/1378 1417/3828/1385
f 1417/3829/1385 1302/3549/1270 1416/3830/1383
f 1417/3829/1385 1303/3550/1271 1302/3549/1270
f 1305/3556/1273 1303/3558/1271 1417/3827/1385
f 1418/3831/1386 1415/3826/1384 1416/3830/1383
f 1302/3549/1270 1418/3831/1386 1416/3830/1383
f 1418/3831/1386 1421/3832/1387 1415/3826/1384
f 1420/3833/1388 1419/3834/1389 1418/3835/1386
f 1419/3834/1389 1421/3836/1387 1418/3835/1386
f 1302/3549/1270 1420/3837/1388 1418/3831/1386
f 1421/3832/1387 1422/3838/1390 1415/3826/1384
f 1419/3834/1389 1267/3488/1235 1421/3836/1387
f 1267/3488/1235 1423/3839/1391 1421/3836/1387
f 1421/3832/1387 1423/3840/1391 1422/3838/1390
f 1422/3841/1390 1423/3839/1391 1424/3842/1392
f 1262/3478/1231 1424/3842/1392 1423/3839/1391
f 1267/3488/1235 1262/3478/1231 1423/3839/1391
f 1424/3843/1392 1259/3474/1229 1260/3472/1227
f 1424/3844/1392 1260/3845/1227 1425/3846/1393
f 1262/3478/1231 1259/3847/1229 1424/3842/1392
f 1426/3848/1394 1424/3844/1392 1425/3846/1393
f 1422/3849/1390 1424/3850/1392 1426/3851/1394
f 1426/3852/1394 1427/3853/1395 1428/3854/1396
f 1426/3848/1394 1425/3846/1393 1427/3855/1395
f 1426/3856/1394 1428/3857/1396 1405/3858/1374
f 1407/3793/1373 1426/3851/1394 1405/3794/1374
f 1407/3793/1373 1422/3849/1390 1426/3851/1394
f 1428/3859/1396 1427/3860/1395 1430/3861/1397
f 1406/3796/1375 1428/3862/1396 1429/3863/1398
f 1428/3859/1396 1430/3861/1397 1429/3864/1398
f 1405/3795/1374 1428/3862/1396 1406/3796/1375
f 1429/3865/1398 1430/3866/1397 1431/3867/1399
f 1432/3868/1400 1431/3867/1399 1430/3866/1397
f 1430/3866/1397 1433/3869/1401 1432/3868/1400
f 1425/3846/1393 1433/3870/1401 1430/3871/1397
f 1425/3872/1393 1430/3861/1397 1427/3860/1395
f 1433/3869/1401 1434/3873/1402 1432/3868/1400
f 1433/3870/1401 1260/3845/1227 1434/3874/1402
f 1433/3870/1401 1425/3846/1393 1260/3845/1227
f 1435/3875/1403 1432/3868/1400 1434/3873/1402
f 1435/3876/1403 1434/3877/1402 1260/3878/1227
f 1435/3879/1403 1256/3467/1224 1231/3405/1196
f 1435/3880/1403 1260/3881/1227 1256/3882/1224
f 1432/3868/1400 1435/3875/1403 1232/3883/1201
f 1435/3879/1403 1231/3405/1196 1232/3414/1201
f 1432/3884/1400 1232/3416/1201 1233/3415/1202
f 1233/3425/1202 1431/3885/1399 1432/3886/1400
f 1431/3887/1399 1437/3888/1404 1436/3889/1405
f 1431/3887/1399 1436/3889/1405 1429/3890/1398
f 1437/3891/1404 1431/3885/1399 1237/3424/1206
f 1233/3425/1202 1237/3424/1206 1431/3885/1399
f 1397/3772/1366 1437/3892/1404 1438/3893/1406
f 1437/3891/1404 1237/3424/1206 1438/3894/1406
f 1397/3772/1366 1436/3895/1405 1437/3892/1404
f 1243/3434/1213 1397/3772/1366 1438/3893/1406
f 1239/3426/1207 1438/3894/1406 1237/3424/1206
f 1243/3434/1213 1438/3893/1406 1239/3435/1207
f 1399/3773/1367 1439/3896/1407 1436/3895/1405
f 1397/3772/1366 1399/3773/1367 1436/3895/1405
f 1440/3897/1408 1429/3898/1398 1436/3899/1405
f 1436/3899/1405 1439/3900/1407 1440/3897/1408
f 1406/3901/1375 1440/3902/1408 1439/3903/1407
f 1406/3796/1375 1429/3863/1398 1440/3904/1408
f 1406/3901/1375 1439/3903/1407 1402/3905/1369
f 1399/3906/1367 1402/3905/1369 1439/3903/1407
f 1407/3824/1373 1415/3826/1384 1422/3838/1390
f 1420/3833/1388 1441/3907/1409 1419/3834/1389
f 1294/3538/1263 1441/3907/1409 1420/3833/1388
f 1420/3837/1388 1296/3552/1265 1294/3908/1263
f 1420/3837/1388 1302/3549/1270 1296/3552/1265
f 1294/3538/1263 1286/3524/1255 1441/3907/1409
f 1286/3524/1255 1284/3518/1252 1441/3907/1409
f 1441/3907/1409 1284/3518/1252 1442/3909/1410
f 1441/3907/1409 1442/3909/1410 1419/3834/1389
f 1442/3909/1410 1268/3489/1236 1267/3488/1235
f 1271/3910/1239 1268/3489/1236 1442/3909/1410
f 1442/3911/1410 1280/3912/1248 1271/3913/1239
f 1442/3909/1410 1284/3518/1252 1280/3520/1248
f 1442/3909/1410 1267/3488/1235 1419/3834/1389
f 1338/3627/1307 1337/3626/1306 1392/3809/1361
f 1381/3733/1350 1249/3914/1217 1253/3734/1221
f 1249/3914/1217 1381/3733/1350 1443/3915/1411
f 1244/3760/1212 1443/3916/1411 1381/3761/1350
f 1249/3914/1217 1443/3915/1411 1248/3917/1216
f 1242/3918/1209 1248/3919/1216 1443/3920/1411
f 1244/3760/1212 1242/3921/1209 1443/3916/1411
f 1341/3631/1310 1378/3726/1346 1340/3629/1308
f 1367/3681/1335 1372/3922/1340 1369/3682/1337
f 1366/3923/1334 1364/3924/1331 1372/3922/1340
f 1367/3681/1335 1366/3923/1334 1372/3922/1340
f 1366/3923/1334 1363/3925/1333 1364/3924/1331
f 1359/3720/1327 1358/3926/1326 1344/3637/1313
f 1358/3926/1326 1352/3927/1322 1346/3928/1314
f 1358/3926/1326 1346/3928/1314 1344/3637/1313
f 1353/3653/1321 1352/3654/1322 1358/3929/1326
f 1351/3930/1319 1263/3931/1233 1264/3932/1232
f 1274/3933/1243 1336/3647/1304 1272/3496/1240
f 1322/3614/1291 1321/3934/1290 1332/3615/1300
f 1312/3819/1280 1332/3615/1300 1321/3934/1290
f 1326/3599/1295 1330/3609/1298 1277/3507/1245
f 1274/3508/1243 1277/3507/1245 1330/3609/1298
f 1278/3509/1246 1326/3599/1295 1277/3507/1245
f 1314/3572/1282 1312/3574/1280 1321/3935/1290
f 1292/3535/1261 1316/3581/1284 1318/3580/1287
f 1292/3535/1261 1300/3936/1266 1316/3581/1284
f 1292/3535/1261 1291/3532/1260 1300/3936/1266
f 1288/3525/1256 1286/3524/1255 1294/3538/1263
f 1289/3527/1258 1281/3607/1250 1282/3528/1251
f 1275/3504/1244 1271/3495/1239 1280/3512/1248
f 1242/3918/1209 1241/3937/1210 1248/3919/1216
f 1236/3420/1204 1235/3422/1203 1246/3439/1215
usemtl Mechanism_2
f 4/3938/1412 1/3939/1413 2/3940/1414
f 1/3941/1413 3/3942/1415 2/3943/1414
f 1/3941/1413 5/3944/1416 3/3942/1415
f 1/3945/1413 4/3946/1412 7/3947/1417
f 6/3948/1418 5/3949/1416 1/3945/1413
f 6/3948/1418 1/3945/1413 8/3950/1419
f 1/3945/1413 7/3947/1417 8/3950/1419
f 15/3951/1420 8/3952/1419 9/3953/1421
f 8/3952/1419 10/3954/1422 9/3953/1421
f 7/3947/1417 11/3955/1423 8/3950/1419
f 8/3952/1419 12/3956/1424 10/3954/1422
f 12/3957/1424 8/3950/1419 11/3955/1423
f 13/3958/1425 6/3948/1418 8/3950/1419
f 14/3959/1426 13/3958/1425 8/3950/1419
f 8/3950/1419 15/3960/1420 14/3959/1426
f 14/3961/1426 15/3951/1420 16/3962/1427
f 15/3951/1420 9/3953/1421 16/3962/1427
f 17/3963/1428 16/3964/1427 10/3965/1422
f 17/3963/1428 18/3966/1429 16/3964/1427
f 14/3961/1426 16/3962/1427 18/3967/1429
f 16/3964/1427 9/3968/1421 10/3965/1422
f 13/3969/1425 18/3967/1429 17/3970/1428
f 13/3969/1425 14/3961/1426 18/3967/1429
f 3/3942/1415 19/3971/1430 17/3963/1428
f 6/3972/1418 17/3973/1428 19/3974/1430
f 6/3972/1418 13/3975/1425 17/3973/1428
f 20/3976/1431 21/3977/1432 17/3963/1428
f 17/3963/1428 10/3965/1422 20/3976/1431
f 21/3977/1432 22/3978/1433 17/3963/1428
f 2/3943/1414 3/3942/1415 17/3963/1428
f 22/3978/1433 2/3943/1414 17/3963/1428
f 4/3938/1412 2/3940/1414 22/3979/1433
f 7/3980/1417 4/3938/1412 22/3979/1433
f 7/3980/1417 22/3979/1433 23/3981/1434
f 21/3977/1432 23/3982/1434 22/3978/1433
f 24/3983/1435 7/3980/1417 23/3981/1434
f 24/3983/1435 23/3981/1434 21/3984/1432
f 7/3947/1417 24/3985/1435 25/3986/1436
f 25/3987/1436 24/3988/1435 21/3989/1432
f 25/3986/1436 27/3990/1437 7/3947/1417
f 25/3987/1436 21/3989/1432 26/3991/1438
f 27/3992/1437 25/3987/1436 26/3991/1438
f 27/3990/1437 11/3955/1423 7/3947/1417
f 11/3993/1423 27/3992/1437 20/3994/1431
f 27/3992/1437 26/3991/1438 20/3994/1431
f 20/3976/1431 26/3995/1438 21/3977/1432
f 28/3996/1439 20/3976/1431 10/3965/1422
f 11/3993/1423 20/3994/1431 28/3997/1439
f 30/3998/1440 11/3993/1423 28/3997/1439
f 29/3999/1441 28/3996/1439 10/3965/1422
f 30/3998/1440 28/3997/1439 29/4000/1441
f 11/3955/1423 30/4001/1440 31/4002/1442
f 31/4002/1442 30/4001/1440 29/4003/1441
f 31/4002/1442 12/3957/1424 11/3955/1423
f 12/3956/1424 31/4004/1442 32/4005/1443
f 31/4002/1442 29/4003/1441 32/4006/1443
f 10/3965/1422 32/4007/1443 29/3999/1441
f 12/3956/1424 32/4005/1443 10/3954/1422
f 5/3944/1416 6/4008/1418 19/3971/1430
f 5/3944/1416 19/3971/1430 3/3942/1415
f 1445/4009/1444 1451/4010/1445 1444/4011/1446
f 1445/4009/1444 1444/4011/1446 1446/4012/1447
f 1452/4013/1448 1446/4012/1447 1444/4011/1446
f 1444/4011/1446 1447/4014/1449 1450/4015/1450
f 1444/4016/1446 1448/4017/1451 1447/4018/1449
f 1444/4016/1446 1451/4019/1445 1448/4017/1451
f 1449/4020/1452 1452/4013/1448 1444/4011/1446
f 1444/4011/1446 1450/4015/1450 1449/4020/1452
f 1452/4021/1448 1449/4022/1452 1453/4023/1453
f 1452/4021/1448 1453/4023/1453 1454/4024/1454
f 1455/4025/1455 1452/4021/1448 1454/4024/1454
f 1455/4025/1455 1456/4026/1456 1452/4021/1448
f 1446/4012/1447 1452/4013/1448 1457/4027/1457
f 1452/4013/1448 1456/4028/1456 1457/4027/1457
f 1456/4028/1456 1458/4029/1449 1457/4027/1457
f 1458/4029/1449 1459/4030/1458 1457/4027/1457
f 1457/4031/1457 1459/4032/1458 1461/4033/1459
f 1457/4027/1457 1460/4034/1460 1445/4009/1444
f 1457/4031/1457 1461/4033/1459 1460/4035/1460
f 1457/4027/1457 1445/4009/1444 1446/4012/1447
f 1465/4036/1461 1462/4037/1462 1461/4033/1459
f 1464/4038/1463 1461/4039/1459 1462/4040/1462
f 1464/4038/1463 1463/4041/1464 1461/4039/1459
f 1445/4042/1444 1461/4043/1459 1463/4044/1464
f 1445/4042/1444 1460/4045/1460 1461/4043/1459
f 1465/4036/1461 1461/4033/1459 1459/4032/1458
f 1467/4046/1465 1465/4047/1461 1466/4048/1466
f 1465/4047/1461 1458/4029/1449 1466/4048/1466
f 1465/4047/1461 1459/4030/1458 1458/4029/1449
f 1467/4049/1465 1462/4037/1462 1465/4036/1461
f 1467/4046/1465 1466/4048/1466 1471/4050/1467
f 1470/4051/1468 1468/4052/1447 1467/4046/1465
f 1468/4052/1447 1469/4053/1469 1467/4046/1465
f 1467/4049/1465 1469/4054/1469 1462/4037/1462
f 1471/4050/1467 1470/4051/1468 1467/4046/1465
f 1471/4055/1467 1466/4056/1466 1472/4057/1470
f 1473/4058/1471 1471/4055/1467 1472/4057/1470
f 1471/4059/1467 1473/4060/1471 1474/4061/1472
f 1474/4061/1472 1470/4062/1468 1471/4059/1467
f 1474/4061/1472 1475/4063/1473 1470/4062/1468
f 1478/4064/1474 1475/4065/1473 1474/4066/1472
f 1474/4067/1472 1476/4068/1475 1477/4069/1476
f 1473/4060/1471 1476/4070/1475 1474/4061/1472
f 1478/4071/1474 1474/4067/1472 1477/4069/1476
f 1478/4064/1474 1479/4072/1477 1475/4065/1473
f 1479/4073/1477 1478/4074/1474 1480/4075/1478
f 1477/4069/1476 1480/4076/1478 1478/4071/1474
f 1472/4077/1470 1483/4078/1479 1480/4079/1478
f 1480/4079/1478 1477/4080/1476 1472/4077/1470
f 1482/4081/1454 1481/4082/1480 1480/4079/1478
f 1479/4073/1477 1480/4075/1478 1481/4083/1480
f 1483/4078/1479 1482/4081/1454 1480/4079/1478
f 1456/4084/1456 1455/4085/1455 1483/4086/1479
f 1454/4087/1454 1483/4088/1479 1455/4089/1455
f 1458/4090/1449 1456/4084/1456 1483/4086/1479
f 1466/4056/1466 1458/4090/1449 1483/4086/1479
f 1466/4056/1466 1483/4086/1479 1472/4057/1470
f 1454/4087/1454 1482/4091/1454 1483/4088/1479
f 1482/4081/1454 1485/4092/1481 1484/4093/1482
f 1484/4093/1482 1481/4082/1480 1482/4081/1454
f 1485/4094/1481 1482/4091/1454 1454/4087/1454
f 1485/4095/1481 1453/4096/1453 1449/4097/1452
f 1485/4094/1481 1454/4087/1454 1453/4098/1453
f 1449/4097/1452 1450/4099/1450 1485/4095/1481
f 1485/4092/1481 1486/4100/1483 1484/4093/1482
f 1486/4101/1483 1485/4095/1481 1487/4102/1461
f 1450/4099/1450 1487/4102/1461 1485/4095/1481
f 1487/4102/1461 1488/4103/1484 1486/4101/1483
f 1488/4104/1484 1487/4105/1461 1489/4106/1485
f 1487/4105/1461 1490/4107/1466 1489/4106/1485
f 1490/4107/1466 1487/4105/1461 1450/4015/1450
f 1490/4107/1466 1450/4015/1450 1447/4014/1449
f 1448/4017/1451 1490/4108/1466 1447/4018/1449
f 1491/4109/1486 1489/4110/1485 1490/4108/1466
f 1448/4017/1451 1491/4109/1486 1490/4108/1466
f 1491/4109/1486 1492/4111/1487 1489/4110/1485
f 1464/4038/1463 1491/4112/1486 1448/4113/1451
f 1464/4038/1463 1492/4114/1487 1491/4112/1486
f 1492/4114/1487 1468/4052/1447 1489/4106/1485
f 1492/4114/1487 1493/4115/1488 1468/4052/1447
f 1464/4038/1463 1493/4115/1488 1492/4114/1487
f 1468/4052/1447 1493/4115/1488 1469/4053/1469
f 1469/4053/1469 1493/4115/1488 1464/4038/1463
f 1468/4052/1447 1470/4051/1468 1489/4106/1485
f 1470/4051/1468 1488/4104/1484 1489/4106/1485
f 1488/4103/1484 1494/4116/1475 1486/4101/1483
f 1494/4117/1475 1488/4118/1484 1495/4119/1489
f 1488/4118/1484 1470/4062/1468 1495/4119/1489
f 1470/4062/1468 1475/4063/1473 1495/4119/1489
f 1496/4120/1490 1497/4121/1470 1495/4122/1489
f 1475/4065/1473 1496/4123/1490 1495/4124/1489
f 1498/4125/1471 1494/4117/1475 1495/4119/1489
f 1495/4122/1489 1497/4121/1470 1498/4126/1471
f 1497/4121/1470 1499/4127/1491 1498/4126/1471
f 1499/4127/1491 1500/4128/1490 1498/4126/1471
f 1494/4117/1475 1498/4125/1471 1500/4129/1490
f 1499/4127/1491 1502/4130/1456 1500/4128/1490
f 1494/4117/1475 1500/4129/1490 1501/4131/1474
f 1500/4132/1490 1503/4133/1492 1501/4134/1474
f 1500/4132/1490 1502/4135/1456 1503/4133/1492
f 1501/4136/1474 1503/4137/1492 1504/4138/1493
f 1503/4139/1492 1499/4140/1491 1504/4141/1493
f 1503/4139/1492 1502/4142/1456 1499/4140/1491
f 1486/4101/1483 1494/4116/1475 1504/4138/1493
f 1504/4143/1493 1497/4144/1470 1486/4100/1483
f 1494/4116/1475 1501/4136/1474 1504/4138/1493
f 1504/4143/1493 1499/4145/1491 1497/4144/1470
f 1486/4100/1483 1497/4144/1470 1484/4093/1482
f 1496/4120/1490 1484/4146/1482 1497/4121/1470
f 1475/4065/1473 1479/4072/1477 1496/4123/1490
f 1484/4147/1482 1496/4148/1490 1479/4073/1477
f 1484/4147/1482 1479/4073/1477 1481/4083/1480
f 1477/4069/1476 1476/4068/1475 1505/4149/1494
f 1477/4080/1476 1505/4150/1494 1506/4151/1495
f 1477/4080/1476 1506/4151/1495 1472/4077/1470
f 1506/4152/1495 1473/4058/1471 1472/4057/1470
f 1505/4153/1494 1507/4154/1456 1506/4155/1495
f 1507/4156/1456 1508/4157/1490 1506/4152/1495
f 1508/4157/1490 1473/4058/1471 1506/4152/1495
f 1507/4158/1456 1509/4159/1474 1508/4160/1490
f 1509/4161/1474 1473/4060/1471 1508/4162/1490
f 1476/4068/1475 1509/4163/1474 1505/4149/1494
f 1509/4163/1474 1510/4164/1496 1505/4149/1494
f 1507/4158/1456 1510/4165/1496 1509/4159/1474
f 1509/4161/1474 1476/4070/1475 1473/4060/1471
f 1505/4153/1494 1510/4166/1496 1507/4154/1456
f 1469/4053/1469 1464/4038/1463 1462/4040/1462
f 1464/4038/1463 1448/4113/1451 1463/4041/1464
f 1448/4167/1451 1445/4042/1444 1463/4044/1464
f 1448/4167/1451 1451/4168/1445 1445/4042/1444
f 1514/4169/1497 1512/4170/1498 1511/4171/1499
f 1512/4172/1498 1513/4173/1500 1511/4174/1499
f 1511/4174/1499 1513/4173/1500 1516/4175/1501
f 1514/4169/1497 1511/4171/1499 1515/4176/1502
f 1515/4177/1502 1511/4174/1499 1516/4175/1501
f 1516/4178/1501 1517/4179/1503 1520/4180/1504
f 1523/4181/1505 1517/4182/1503 1516/4183/1501
f 1518/4184/1506 1521/4185/1507 1516/4175/1501
f 1513/4173/1500 1518/4184/1506 1516/4175/1501
f 1516/4178/1501 1520/4180/1504 1519/4186/1508
f 1519/4187/1508 1515/4177/1502 1516/4175/1501
f 1521/4185/1507 1522/4188/1509 1516/4175/1501
f 1516/4175/1501 1522/4188/1509 1523/4189/1505
f 1524/4190/1510 1526/4191/1511 1523/4189/1505
f 1531/4192/1512 1524/4190/1510 1523/4189/1505
f 1525/4193/1513 1532/4194/1514 1523/4189/1505
f 1527/4195/1515 1525/4193/1513 1523/4189/1505
f 1526/4191/1511 1527/4195/1515 1523/4189/1505
f 1522/4188/1509 1531/4192/1512 1523/4189/1505
f 1523/4196/1505 1528/4197/1516 1530/4198/1517
f 1532/4194/1514 1528/4199/1516 1523/4189/1505
f 1523/4181/1505 1529/4200/1518 1517/4182/1503
f 1523/4196/1505 1530/4198/1517 1529/4201/1518
f 1533/4202/1519 1534/4203/1520 1532/4204/1514
f 1533/4202/1519 1532/4204/1514 1525/4205/1513
f 1532/4206/1514 1530/4207/1517 1528/4208/1516
f 1532/4206/1514 1534/4209/1520 1530/4207/1517
f 1534/4203/1520 1533/4202/1519 1529/4210/1518
f 1530/4211/1517 1534/4203/1520 1529/4210/1518
f 1527/4212/1515 1533/4202/1519 1525/4205/1513
f 1533/4202/1519 1535/4213/1521 1529/4210/1518
f 1527/4212/1515 1535/4213/1521 1533/4202/1519
f 1526/4214/1511 1536/4215/1522 1535/4216/1521
f 1526/4214/1511 1535/4216/1521 1527/4217/1515
f 1535/4213/1521 1536/4218/1522 1529/4210/1518
f 1524/4219/1510 1537/4220/1523 1536/4215/1522
f 1524/4219/1510 1536/4215/1522 1526/4214/1511
f 1536/4218/1522 1537/4221/1523 1529/4210/1518
f 1538/4222/1524 1537/4220/1523 1524/4219/1510
f 1537/4221/1523 1538/4223/1524 1529/4210/1518
f 1538/4223/1524 1539/4224/1525 1529/4210/1518
f 1539/4225/1525 1538/4222/1524 1531/4226/1512
f 1538/4222/1524 1524/4219/1510 1531/4226/1512
f 1521/4227/1507 1540/4228/1526 1539/4225/1525
f 1521/4227/1507 1539/4225/1525 1522/4229/1509
f 1539/4224/1525 1540/4230/1526 1517/4179/1503
f 1539/4225/1525 1531/4226/1512 1522/4229/1509
f 1517/4179/1503 1529/4210/1518 1539/4224/1525
f 1540/4230/1526 1541/4231/1527 1517/4179/1503
f 1541/4232/1527 1540/4233/1526 1521/4234/1507
f 1542/4235/1528 1541/4236/1527 1518/4184/1506
f 1541/4232/1527 1521/4234/1507 1518/4237/1506
f 1541/4231/1527 1542/4238/1528 1517/4179/1503
f 1542/4238/1528 1512/4239/1498 1517/4179/1503
f 1512/4172/1498 1542/4235/1528 1513/4173/1500
f 1542/4235/1528 1518/4184/1506 1513/4173/1500
f 1514/4240/1497 1520/4180/1504 1517/4179/1503
f 1520/4241/1504 1515/4176/1502 1519/4242/1508
f 1520/4241/1504 1514/4169/1497 1515/4176/1502
f 1512/4239/1498 1514/4240/1497 1517/4179/1503
f 1544/4243/1529 1543/4244/1530 1547/4245/1531
f 1544/4243/1529 1545/4246/1532 1543/4244/1530
f 1543/4247/1530 1545/4248/1532 1546/4249/1533
f 1547/4250/1531 1543/4251/1530 1546/4252/1533
f 1548/4253/1534 1547/4250/1531 1549/4254/1535
f 1550/4255/1536 1547/4245/1531 1548/4256/1534
f 1547/4250/1531 1551/4257/1537 1549/4254/1535
f 1544/4243/1529 1547/4245/1531 1550/4255/1536
f 1552/4258/1538 1551/4257/1537 1547/4250/1531
f 1546/4252/1533 1552/4258/1538 1547/4250/1531
f 1556/4259/1539 1552/4260/1538 1546/4261/1533
f 1556/4259/1539 1553/4262/1540 1552/4260/1538
f 1553/4263/1540 1554/4264/1541 1552/4265/1538
f 1554/4266/1541 1555/4267/1542 1552/4268/1538
f 1555/4267/1542 1551/4269/1537 1552/4268/1538
f 1544/4270/1529 1550/4271/1536 1556/4272/1539
f 1556/4273/1539 1557/4274/1543 1544/4275/1529
f 1557/4276/1543 1556/4277/1539 1546/4278/1533
f 1550/4271/1536 1553/4279/1540 1556/4272/1539
f 1544/4243/1529 1557/4280/1543 1545/4246/1532
f 1557/4276/1543 1546/4278/1533 1545/4281/1532
f 1558/4282/1544 1555/4283/1542 1554/4284/1541
f 1561/4285/1545 1555/4286/1542 1558/4287/1544
f 1559/4288/1546 1551/4289/1537 1555/4290/1542
f 1559/4291/1546 1555/4292/1542 1560/4293/1547
f 1561/4285/1545 1560/4294/1547 1555/4286/1542
f 1562/4295/1548 1561/4285/1545 1558/4287/1544
f 1560/4293/1547 1561/4296/1545 1562/4297/1548
f 1553/4263/1540 1562/4298/1548 1554/4264/1541
f 1562/4295/1548 1558/4287/1544 1554/4299/1541
f 1553/4300/1540 1560/4293/1547 1562/4297/1548
f 1559/4291/1546 1560/4293/1547 1553/4300/1540
f 1559/4301/1546 1549/4302/1535 1551/4303/1537
f 1559/4291/1546 1553/4300/1540 1550/4304/1536
f 1563/4305/1549 1559/4306/1546 1550/4307/1536
f 1559/4301/1546 1563/4308/1549 1549/4302/1535
f 1550/4307/1536 1564/4309/1550 1563/4305/1549
f 1564/4310/1550 1565/4311/1551 1563/4312/1549
f 1563/4313/1549 1565/4314/1551 1566/4315/1552
f 1563/4313/1549 1566/4315/1552 1549/4254/1535
f 1564/4316/1550 1548/4256/1534 1566/4317/1552
f 1549/4254/1535 1566/4315/1552 1548/4253/1534
f 1564/4316/1550 1566/4317/1552 1565/4318/1551
f 1550/4255/1536 1548/4256/1534 1564/4316/1550
f 1568/4319/1553 1571/4320/1554 1567/4321/1555
f 1568/4319/1553 1567/4321/1555 1569/4322/1556
f 1569/4323/1556 1567/4324/1555 1572/4325/1557
f 1570/4326/1558 1573/4327/1559 1567/4328/1555
f 1567/4328/1555 1571/4329/1554 1570/4326/1558
f 1572/4330/1557 1567/4328/1555 1573/4327/1559
f 1576/4331/1560 1573/4332/1559 1570/4333/1558
f 1576/4334/1560 1574/4335/1561 1573/4336/1559
f 1574/4335/1561 1575/4337/1562 1573/4336/1559
f 1577/4338/1563 1573/4327/1559 1575/4339/1562
f 1573/4327/1559 1577/4338/1563 1572/4330/1557
f 1577/4338/1563 1575/4339/1562 1578/4340/1564
f 1578/4340/1564 1579/4341/1565 1577/4338/1563
f 1580/4342/1566 1577/4343/1563 1579/4344/1565
f 1580/4345/1566 1581/4346/1567 1577/4347/1563
f 1572/4348/1557 1577/4349/1563 1581/4350/1567
f 1582/4351/1568 1572/4348/1557 1581/4350/1567
f 1581/4350/1567 1583/4352/1569 1582/4351/1568
f 1584/4353/1570 1583/4352/1569 1581/4350/1567
f 1584/4353/1570 1581/4350/1567 1585/4354/1571
f 1580/4345/1566 1585/4355/1571 1581/4346/1567
f 1586/4356/1572 1587/4357/1573 1585/4358/1571
f 1585/4358/1571 1580/4359/1566 1586/4356/1572
f 1587/4360/1573 1584/4361/1570 1585/4362/1571
f 1586/4363/1572 1582/4364/1568 1587/4365/1573
f 1584/4366/1570 1587/4365/1573 1582/4364/1568
f 1586/4367/1572 1574/4335/1561 1576/4334/1560
f 1569/4368/1556 1586/4367/1572 1576/4334/1560
f 1569/4323/1556 1572/4325/1557 1586/4369/1572
f 1586/4363/1572 1572/4370/1557 1582/4364/1568
f 1580/4371/1566 1574/4372/1561 1586/4373/1572
f 1584/4366/1570 1582/4364/1568 1583/4374/1569
f 1580/4342/1566 1579/4344/1565 1588/4375/1574
f 1580/4371/1566 1588/4376/1574 1574/4372/1561
f 1588/4377/1574 1579/4341/1565 1578/4340/1564
f 1588/4377/1574 1578/4340/1564 1590/4378/1575
f 1574/4372/1561 1588/4376/1574 1589/4379/1576
f 1588/4376/1574 1590/4380/1575 1589/4379/1576
f 1590/4378/1575 1578/4340/1564 1575/4339/1562
f 1590/4378/1575 1575/4339/1562 1589/4381/1576
f 1574/4382/1561 1589/4383/1576 1575/4384/1562
f 1576/4385/1560 1568/4386/1553 1569/4387/1556
f 1576/4388/1560 1571/4389/1554 1568/4390/1553
f 1576/4388/1560 1570/4391/1558 1571/4389/1554
f 1592/4392/1577 1595/4393/1578 1591/4394/1579
f 1592/4392/1577 1591/4394/1579 1593/4395/1580
f 1593/4396/1580 1591/4397/1579 1596/4398/1581
f 1594/4399/1582 1597/4400/1583 1591/4401/1579
f 1591/4401/1579 1595/4402/1578 1594/4399/1582
f 1591/4401/1579 1597/4400/1583 1596/4403/1581
f 1601/4404/1584 1597/4405/1583 1594/4406/1582
f 1601/4404/1584 1598/4407/1585 1597/4405/1583
f 1598/4408/1585 1599/4409/1586 1597/4410/1583
f 1599/4411/1586 1600/4412/1587 1597/4400/1583
f 1600/4412/1587 1602/4413/1588 1597/4400/1583
f 1597/4400/1583 1602/4413/1588 1596/4403/1581
f 1603/4414/1589 1602/4415/1588 1600/4416/1587
f 1603/4417/1589 1604/4418/1590 1602/4419/1588
f 1596/4420/1581 1602/4421/1588 1604/4422/1590
f 1605/4423/1591 1596/4420/1581 1604/4422/1590
f 1604/4424/1590 1606/4425/1592 1605/4426/1591
f 1607/4427/1593 1606/4428/1592 1604/4429/1590
f 1603/4430/1589 1607/4431/1593 1604/4432/1590
f 1608/4433/1594 1609/4434/1595 1607/4435/1593
f 1607/4435/1593 1603/4436/1589 1608/4433/1594
f 1609/4437/1595 1610/4438/1596 1607/4439/1593
f 1607/4427/1593 1610/4440/1596 1606/4428/1592
f 1609/4441/1595 1606/4428/1592 1610/4440/1596
f 1608/4442/1594 1605/4443/1591 1609/4444/1595
f 1609/4441/1595 1605/4445/1591 1606/4428/1592
f 1593/4446/1580 1608/4447/1594 1598/4448/1585
f 1593/4396/1580 1596/4398/1581 1608/4449/1594
f 1608/4442/1594 1596/4450/1581 1605/4443/1591
f 1603/4451/1589 1598/4448/1585 1608/4447/1594
f 1603/4414/1589 1600/4416/1587 1611/4452/1597
f 1603/4451/1589 1611/4453/1597 1598/4448/1585
f 1613/4454/1598 1611/4455/1597 1600/4412/1587
f 1598/4448/1585 1611/4453/1597 1612/4456/1599
f 1611/4453/1597 1613/4457/1598 1612/4456/1599
f 1612/4458/1599 1613/4459/1598 1614/4460/1600
f 1613/4454/1598 1600/4412/1587 1614/4461/1600
f 1614/4461/1600 1600/4412/1587 1599/4411/1586
f 1612/4458/1599 1614/4460/1600 1599/4462/1586
f 1598/4408/1585 1612/4463/1599 1599/4409/1586
f 1601/4464/1584 1592/4465/1577 1593/4446/1580
f 1601/4466/1584 1595/4467/1578 1592/4468/1577
f 1598/4448/1585 1601/4464/1584 1593/4446/1580
f 1601/4466/1584 1594/4469/1582 1595/4467/1578
f 1616/4470/1601 1619/4471/1602 1615/4472/1603
f 1616/4470/1601 1615/4472/1603 1617/4473/1604
f 1617/4473/1604 1615/4472/1603 1620/4474/1605
f 1618/4475/1606 1621/4476/1607 1615/4477/1603
f 1615/4477/1603 1619/4478/1602 1618/4475/1606
f 1620/4479/1605 1615/4477/1603 1621/4476/1607
f 1625/4480/1608 1621/4481/1607 1618/4482/1606
f 1625/4480/1608 1622/4483/1609 1621/4481/1607
f 1622/4484/1609 1623/4485/1610 1621/4486/1607
f 1623/4487/1610 1624/4488/1611 1621/4489/1607
f 1624/4490/1611 1626/4491/1612 1621/4492/1607
f 1621/4476/1607 1626/4493/1612 1620/4479/1605
f 1627/4494/1613 1626/4495/1612 1624/4496/1611
f 1627/4497/1613 1628/4498/1614 1626/4499/1612
f 1620/4479/1605 1626/4493/1612 1628/4500/1614
f 1629/4501/1615 1620/4479/1605 1628/4500/1614
f 1628/4500/1614 1630/4502/1616 1629/4501/1615
f 1631/4503/1617 1630/4504/1616 1628/4505/1614
f 1627/4497/1613 1631/4506/1617 1628/4498/1614
f 1632/4507/1618 1633/4508/1619 1631/4509/1617
f 1631/4509/1617 1627/4510/1613 1632/4507/1618
f 1633/4508/1619 1634/4511/1620 1631/4509/1617
f 1631/4503/1617 1634/4512/1620 1630/4504/1616
f 1634/4512/1620 1633/4513/1619 1629/4514/1615
f 1634/4512/1620 1629/4514/1615 1630/4504/1616
f 1632/4515/1618 1629/4516/1615 1633/4517/1619
f 1617/4518/1604 1632/4507/1618 1622/4519/1609
f 1617/4520/1604 1620/4521/1605 1632/4522/1618
f 1632/4515/1618 1620/4523/1605 1629/4516/1615
f 1627/4510/1613 1622/4519/1609 1632/4507/1618
f 1627/4494/1613 1624/4496/1611 1635/4524/1621
f 1627/4510/1613 1635/4525/1621 1622/4519/1609
f 1637/4526/1622 1635/4527/1621 1624/4488/1611
f 1622/4519/1609 1635/4525/1621 1636/4528/1623
f 1635/4525/1621 1637/4529/1622 1636/4528/1623
f 1637/4530/1622 1638/4531/1624 1623/4532/1610
f 1637/4530/1622 1623/4532/1610 1636/4533/1623
f 1637/4526/1622 1624/4488/1611 1638/4534/1624
f 1638/4534/1624 1624/4488/1611 1623/4487/1610
f 1622/4484/1609 1636/4535/1623 1623/4485/1610
f 1625/4536/1608 1616/4537/1601 1617/4518/1604
f 1625/4538/1608 1619/4539/1602 1616/4540/1601
f 1622/4519/1609 1625/4536/1608 1617/4518/1604
f 1625/4538/1608 1618/4541/1606 1619/4539/1602
f 1640/4542/1625 1643/4543/1626 1639/4544/1627
f 1640/4542/1625 1639/4544/1627 1641/4545/1628
f 1641/4546/1628 1639/4547/1627 1644/4548/1629
f 1642/4549/1630 1645/4550/1631 1639/4551/1627
f 1639/4552/1627 1643/4553/1626 1642/4554/1630
f 1639/4551/1627 1645/4550/1631 1644/4555/1629
f 1649/4556/1632 1645/4557/1631 1642/4558/1630
f 1649/4556/1632 1646/4559/1633 1645/4557/1631
f 1646/4560/1633 1647/4561/1634 1645/4562/1631
f 1647/4563/1634 1648/4564/1635 1645/4565/1631
f 1648/4566/1635 1650/4567/1636 1645/4568/1631
f 1645/4569/1631 1650/4570/1636 1644/4571/1629
f 1651/4572/1637 1650/4573/1636 1648/4574/1635
f 1651/4575/1637 1652/4576/1638 1650/4577/1636
f 1644/4578/1629 1650/4579/1636 1652/4580/1638
f 1653/4581/1639 1644/4578/1629 1652/4580/1638
f 1652/4580/1638 1654/4582/1640 1653/4581/1639
f 1655/4583/1641 1654/4582/1640 1652/4580/1638
f 1651/4575/1637 1655/4584/1641 1652/4576/1638
f 1656/4585/1642 1657/4586/1643 1655/4587/1641
f 1655/4587/1641 1651/4588/1637 1656/4585/1642
f 1657/4586/1643 1658/4589/1644 1655/4587/1641
f 1655/4583/1641 1658/4590/1644 1654/4582/1640
f 1658/4591/1644 1657/4592/1643 1653/4593/1639
f 1658/4591/1644 1653/4593/1639 1654/4594/1640
f 1656/4595/1642 1653/4593/1639 1657/4592/1643
f 1641/4596/1628 1656/4585/1642 1646/4597/1633
f 1641/4546/1628 1644/4548/1629 1656/4595/1642
f 1656/4595/1642 1644/4548/1629 1653/4593/1639
f 1651/4588/1637 1646/4597/1633 1656/4585/1642
f 1651/4572/1637 1648/4574/1635 1659/4598/1645
f 1651/4588/1637 1659/4599/1645 1646/4597/1633
f 1659/4600/1645 1648/4564/1635 1660/4601/1646
f 1659/4600/1645 1660/4601/1646 1662/4602/1647
f 1646/4597/1633 1659/4599/1645 1661/4603/1648
f 1659/4599/1645 1662/4604/1647 1661/4603/1648
f 1662/4605/1647 1660/4606/1646 1647/4607/1634
f 1662/4605/1647 1647/4607/1634 1661/4608/1648
f 1646/4560/1633 1661/4609/1648 1647/4561/1634
f 1660/4601/1646 1648/4564/1635 1647/4563/1634
f 1649/4610/1632 1640/4611/1625 1641/4612/1628
f 1649/4613/1632 1643/4553/1626 1640/4614/1625
f 1646/4597/1633 1649/4615/1632 1641/4596/1628
f 1649/4613/1632 1642/4554/1630 1643/4553/1626
f 1664/4616/1649 1667/4617/1650 1663/4618/1651
f 1664/4616/1649 1663/4618/1651 1665/4619/1652
f 1665/4620/1652 1663/4621/1651 1668/4622/1653
f 1666/4623/1654 1669/4624/1655 1663/4625/1651
f 1663/4626/1651 1667/4627/1650 1666/4628/1654
f 1663/4625/1651 1669/4624/1655 1668/4629/1653
f 1673/4630/1656 1669/4631/1655 1666/4632/1654
f 1673/4630/1656 1670/4633/1657 1669/4631/1655
f 1670/4634/1657 1671/4635/1658 1669/4636/1655
f 1671/4637/1658 1672/4638/1659 1669/4639/1655
f 1672/4640/1659 1674/4641/1660 1669/4642/1655
f 1669/4643/1655 1674/4644/1660 1668/4645/1653
f 1675/4646/1661 1674/4647/1660 1672/4648/1659
f 1675/4646/1661 1676/4649/1662 1674/4647/1660
f 1668/4650/1653 1674/4651/1660 1676/4652/1662
f 1677/4653/1663 1668/4654/1653 1676/4655/1662
f 1676/4656/1662 1678/4657/1664 1677/4658/1663
f 1679/4659/1665 1678/4660/1664 1676/4649/1662
f 1675/4646/1661 1679/4659/1665 1676/4649/1662
f 1680/4661/1666 1681/4662/1667 1679/4663/1665
f 1679/4663/1665 1675/4664/1661 1680/4661/1666
f 1681/4665/1667 1682/4666/1668 1679/4667/1665
f 1679/4659/1665 1682/4668/1668 1678/4660/1664
f 1681/4669/1667 1678/4657/1664 1682/4670/1668
f 1680/4661/1666 1677/4671/1663 1681/4662/1667
f 1681/4669/1667 1677/4658/1663 1678/4657/1664
f 1665/4672/1652 1680/4673/1666 1670/4674/1657
f 1665/4620/1652 1668/4622/1653 1680/4675/1666
f 1680/4661/1666 1668/4676/1653 1677/4671/1663
f 1675/4677/1661 1670/4678/1657 1680/4679/1666
f 1675/4677/1661 1672/4680/1659 1683/4681/1669
f 1675/4677/1661 1683/4681/1669 1670/4678/1657
f 1685/4682/1670 1683/4683/1669 1672/4684/1659
f 1670/4685/1657 1683/4686/1669 1684/4687/1671
f 1683/4688/1669 1685/4689/1670 1684/4690/1671
f 1684/4691/1671 1685/4692/1670 1686/4693/1672
f 1685/4682/1670 1672/4684/1659 1686/4694/1672
f 1686/4695/1672 1672/4696/1659 1671/4697/1658
f 1684/4691/1671 1686/4693/1672 1671/4698/1658
f 1670/4699/1657 1684/4700/1671 1671/4701/1658
f 1670/4674/1657 1673/4702/1656 1665/4672/1652
f 1673/4703/1656 1664/4704/1649 1665/4705/1652
f 1664/4616/1649 1673/4706/1656 1666/4707/1654
f 1664/4616/1649 1666/4707/1654 1667/4617/1650
f 1688/4708/1673 1691/4709/1674 1687/4710/1675
f 1688/4708/1673 1687/4710/1675 1689/4711/1676
f 1689/4712/1676 1687/4713/1675 1692/4714/1677
f 1690/4715/1678 1692/4716/1677 1687/4717/1675
f 1687/4718/1675 1691/4719/1674 1690/4720/1678
f 1693/4721/1679 1692/4722/1677 1694/4723/1680
f 1695/4724/1681 1692/4725/1677 1693/4726/1679
f 1692/4727/1677 1696/4728/1682 1694/4729/1680
f 1689/4730/1676 1692/4731/1677 1695/4732/1681
f 1697/4733/1683 1696/4728/1682 1692/4727/1677
f 1690/4715/1678 1697/4734/1683 1692/4716/1677
f 1701/4735/1684 1697/4736/1683 1690/4737/1678
f 1701/4735/1684 1698/4738/1685 1697/4736/1683
f 1698/4739/1685 1699/4740/1686 1697/4741/1683
f 1699/4742/1686 1700/4743/1687 1697/4744/1683
f 1700/4743/1687 1696/4745/1682 1697/4744/1683
f 1698/4746/1685 1701/4747/1684 1689/4748/1676
f 1701/4749/1684 1688/4750/1673 1689/4751/1676
f 1688/4708/1673 1701/4752/1684 1690/4753/1678
f 1702/4754/1688 1700/4755/1687 1699/4756/1686
f 1705/4757/1689 1700/4743/1687 1702/4758/1688
f 1703/4759/1690 1696/4745/1682 1700/4743/1687
f 1703/4759/1690 1700/4743/1687 1704/4760/1691
f 1705/4757/1689 1704/4760/1691 1700/4743/1687
f 1706/4761/1692 1705/4762/1689 1702/4763/1688
f 1704/4764/1691 1705/4765/1689 1706/4766/1692
f 1698/4739/1685 1706/4767/1692 1699/4740/1686
f 1706/4761/1692 1702/4763/1688 1699/4768/1686
f 1698/4769/1685 1704/4764/1691 1706/4766/1692
f 1703/4770/1690 1704/4764/1691 1698/4769/1685
f 1703/4759/1690 1694/4771/1680 1696/4745/1682
f 1703/4770/1690 1698/4769/1685 1695/4772/1681
f 1707/4773/1693 1703/4774/1690 1695/4724/1681
f 1703/4759/1690 1707/4775/1693 1694/4771/1680
f 1695/4724/1681 1708/4776/1694 1707/4773/1693
f 1708/4777/1694 1709/4778/1695 1707/4779/1693
f 1707/4775/1693 1709/4780/1695 1710/4781/1696
f 1707/4775/1693 1710/4781/1696 1694/4771/1680
f 1708/4782/1694 1693/4783/1679 1710/4784/1696
f 1694/4785/1680 1710/4786/1696 1693/4787/1679
f 1708/4782/1694 1710/4784/1696 1709/4788/1695
f 1695/4724/1681 1693/4726/1679 1708/4776/1694
f 1689/4748/1676 1695/4789/1681 1698/4746/1685
f 1688/4708/1673 1690/4753/1678 1691/4709/1674
f 1712/4790/1697 1715/4791/1698 1711/4792/1699
f 1712/4790/1697 1711/4792/1699 1713/4793/1700
f 1713/4794/1700 1711/4795/1699 1716/4796/1701
f 1714/4797/1702 1716/4798/1701 1711/4799/1699
f 1711/4800/1699 1715/4801/1698 1714/4802/1702
f 1717/4803/1703 1716/4804/1701 1718/4805/1704
f 1719/4806/1705 1716/4807/1701 1717/4808/1703
f 1716/4809/1701 1720/4810/1706 1718/4811/1704
f 1713/4794/1700 1716/4796/1701 1719/4812/1705
f 1721/4813/1707 1720/4810/1706 1716/4809/1701
f 1714/4797/1702 1721/4814/1707 1716/4798/1701
f 1725/4815/1708 1721/4816/1707 1714/4817/1702
f 1725/4815/1708 1722/4818/1709 1721/4816/1707
f 1722/4819/1709 1723/4820/1710 1721/4821/1707
f 1723/4822/1710 1724/4823/1711 1721/4824/1707
f 1724/4823/1711 1720/4825/1706 1721/4824/1707
f 1722/4826/1709 1725/4827/1708 1713/4828/1700
f 1725/4829/1708 1712/4830/1697 1713/4831/1700
f 1712/4790/1697 1725/4832/1708 1714/4833/1702
f 1726/4834/1712 1724/4835/1711 1723/4836/1710
f 1728/4837/1713 1724/4823/1711 1726/4838/1712
f 1727/4839/1714 1720/4825/1706 1724/4823/1711
f 1727/4839/1714 1724/4823/1711 1728/4837/1713
f 1728/4837/1713 1726/4838/1712 1730/4840/1715
f 1727/4841/1714 1728/4842/1713 1722/4843/1709
f 1722/4843/1709 1728/4842/1713 1729/4844/1716
f 1728/4842/1713 1730/4845/1715 1729/4844/1716
f 1729/4846/1716 1730/4847/1715 1726/4848/1712
f 1722/4819/1709 1729/4849/1716 1723/4820/1710
f 1729/4846/1716 1726/4848/1712 1723/4850/1710
f 1727/4839/1714 1718/4851/1704 1720/4825/1706
f 1727/4841/1714 1722/4843/1709 1719/4852/1705
f 1731/4853/1717 1727/4854/1714 1719/4855/1705
f 1727/4839/1714 1731/4856/1717 1718/4851/1704
f 1719/4806/1705 1732/4857/1718 1731/4858/1717
f 1732/4859/1718 1733/4860/1719 1731/4861/1717
f 1733/4862/1719 1718/4851/1704 1731/4856/1717
f 1732/4859/1718 1734/4863/1720 1733/4860/1719
f 1733/4862/1719 1734/4864/1720 1718/4851/1704
f 1732/4859/1718 1717/4865/1703 1734/4863/1720
f 1718/4866/1704 1734/4867/1720 1717/4868/1703
f 1719/4806/1705 1717/4808/1703 1732/4857/1718
f 1713/4828/1700 1719/4869/1705 1722/4826/1709
f 1712/4790/1697 1714/4833/1702 1715/4791/1698
f 1736/4870/1721 1739/4871/1722 1735/4872/1723
f 1736/4870/1721 1735/4872/1723 1737/4873/1724
f 1737/4874/1724 1735/4875/1723 1740/4876/1725
f 1738/4877/1726 1741/4878/1727 1735/4879/1723
f 1735/4880/1723 1739/4881/1722 1738/4882/1726
f 1735/4879/1723 1741/4878/1727 1740/4883/1725
f 1745/4884/1728 1741/4885/1727 1738/4886/1726
f 1745/4884/1728 1742/4887/1729 1741/4885/1727
f 1742/4888/1729 1743/4889/1730 1741/4890/1727
f 1743/4891/1730 1744/4892/1731 1741/4893/1727
f 1744/4892/1731 1746/4894/1732 1741/4893/1727
f 1741/4895/1727 1746/4896/1732 1740/4897/1725
f 1747/4898/1733 1746/4894/1732 1744/4892/1731
f 1747/4898/1733 1748/4899/1734 1746/4894/1732
f 1740/4897/1725 1746/4896/1732 1748/4900/1734
f 1749/4901/1735 1740/4902/1725 1748/4903/1734
f 1748/4904/1734 1750/4905/1736 1749/4906/1735
f 1751/4907/1737 1750/4908/1736 1748/4899/1734
f 1747/4898/1733 1751/4907/1737 1748/4899/1734
f 1752/4909/1738 1753/4910/1739 1751/4911/1737
f 1751/4912/1737 1747/4913/1733 1752/4914/1738
f 1753/4915/1739 1754/4916/1740 1751/4917/1737
f 1751/4907/1737 1754/4918/1740 1750/4908/1736
f 1753/4915/1739 1750/4919/1736 1754/4916/1740
f 1752/4909/1738 1749/4920/1735 1753/4910/1739
f 1753/4915/1739 1749/4921/1735 1750/4919/1736
f 1737/4922/1724 1752/4923/1738 1742/4924/1729
f 1737/4874/1724 1740/4876/1725 1752/4925/1738
f 1752/4909/1738 1740/4926/1725 1749/4920/1735
f 1747/4927/1733 1742/4928/1729 1752/4929/1738
f 1747/4898/1733 1744/4892/1731 1755/4930/1741
f 1747/4927/1733 1755/4931/1741 1742/4928/1729
f 1757/4932/1742 1755/4930/1741 1744/4892/1731
f 1742/4928/1729 1755/4931/1741 1756/4933/1743
f 1755/4931/1741 1757/4934/1742 1756/4933/1743
f 1756/4935/1743 1757/4936/1742 1758/4937/1744
f 1757/4932/1742 1744/4892/1731 1758/4938/1744
f 1758/4939/1744 1744/4940/1731 1743/4941/1730
f 1756/4935/1743 1758/4937/1744 1743/4942/1730
f 1742/4888/1729 1756/4943/1743 1743/4889/1730
f 1742/4924/1729 1745/4944/1728 1737/4922/1724
f 1745/4945/1728 1736/4946/1721 1737/4947/1724
f 1736/4948/1721 1745/4949/1728 1738/4950/1726
f 1736/4948/1721 1738/4950/1726 1739/4951/1722
f 1760/4952/1745 1763/4953/1746 1759/4954/1747
f 1760/4952/1745 1759/4954/1747 1761/4955/1748
f 1761/4956/1748 1759/4957/1747 1764/4958/1749
f 1764/4959/1749 1759/4960/1747 1762/4961/1750
f 1759/4960/1747 1763/4962/1746 1762/4961/1750
f 1765/4963/1751 1764/4959/1749 1766/4964/1752
f 1767/4965/1753 1764/4966/1749 1765/4967/1751
f 1764/4959/1749 1768/4968/1754 1766/4964/1752
f 1761/4956/1748 1764/4958/1749 1767/4969/1753
f 1769/4970/1755 1768/4968/1754 1764/4959/1749
f 1762/4961/1750 1769/4970/1755 1764/4959/1749
f 1772/4971/1756 1769/4972/1755 1762/4973/1750
f 1772/4971/1756 1770/4974/1757 1769/4972/1755
f 1770/4975/1757 1771/4976/1758 1769/4977/1755
f 1768/4968/1754 1769/4970/1755 1771/4978/1758
f 1770/4979/1757 1772/4980/1756 1761/4981/1748
f 1772/4980/1756 1760/4982/1745 1761/4981/1748
f 1760/4983/1745 1772/4984/1756 1762/4985/1750
f 1770/4975/1757 1773/4986/1759 1771/4976/1758
f 1773/4987/1759 1774/4988/1760 1771/4989/1758
f 1774/4990/1760 1775/4991/1761 1771/4992/1758
f 1775/4993/1761 1768/4968/1754 1771/4978/1758
f 1778/4994/1762 1775/4995/1761 1774/4996/1760
f 1776/4997/1763 1768/4998/1754 1775/4999/1761
f 1776/5000/1763 1775/4995/1761 1777/5001/1764
f 1778/4994/1762 1777/5001/1764 1775/4995/1761
f 1773/4987/1759 1778/5002/1762 1774/4988/1760
f 1777/5003/1764 1778/5004/1762 1773/5005/1759
f 1776/5006/1763 1777/5003/1764 1770/5007/1757
f 1770/5007/1757 1777/5003/1764 1773/5005/1759
f 1776/5008/1763 1766/4964/1752 1768/4968/1754
f 1776/5006/1763 1770/5007/1757 1767/5009/1753
f 1779/5010/1765 1776/5011/1763 1767/5012/1753
f 1776/5008/1763 1779/5013/1765 1766/4964/1752
f 1767/4965/1753 1780/5014/1766 1779/5015/1765
f 1780/5016/1766 1781/5017/1767 1779/5018/1765
f 1781/5019/1767 1766/4964/1752 1779/5013/1765
f 1780/5016/1766 1782/5020/1768 1781/5017/1767
f 1781/5019/1767 1782/5021/1768 1766/4964/1752
f 1780/5016/1766 1765/5022/1751 1782/5020/1768
f 1766/5023/1752 1782/5024/1768 1765/5025/1751
f 1767/4965/1753 1765/4967/1751 1780/5014/1766
f 1761/4981/1748 1767/5026/1753 1770/4979/1757
f 1760/4983/1745 1762/4985/1750 1763/5027/1746
f 1784/5028/1769 1787/5029/1770 1783/5030/1771
f 1784/5028/1769 1783/5030/1771 1785/5031/1772
f 1785/5032/1772 1783/5033/1771 1788/5034/1773
f 1786/5035/1774 1789/5036/1775 1783/5033/1771
f 1783/5037/1771 1787/5038/1770 1786/5039/1774
f 1783/5033/1771 1789/5036/1775 1788/5034/1773
f 1793/5040/1776 1789/5041/1775 1786/5042/1774
f 1793/5040/1776 1790/5043/1777 1789/5041/1775
f 1790/5044/1777 1791/5045/1778 1789/5046/1775
f 1789/5047/1775 1791/5048/1778 1792/5049/1779
f 1792/5050/1779 1794/5051/1780 1789/5052/1775
f 1789/5052/1775 1794/5051/1780 1788/5053/1773
f 1795/5054/1781 1794/5055/1780 1792/5056/1779
f 1795/5057/1781 1796/5058/1782 1794/5059/1780
f 1788/5060/1773 1794/5061/1780 1796/5062/1782
f 1797/5063/1783 1788/5060/1773 1796/5062/1782
f 1798/5064/1784 1797/5063/1783 1796/5062/1782
f 1798/5064/1784 1796/5062/1782 1799/5065/1785
f 1795/5057/1781 1799/5066/1785 1796/5058/1782
f 1800/5067/1786 1801/5068/1787 1799/5069/1785
f 1799/5069/1785 1795/5070/1781 1800/5067/1786
f 1801/5068/1787 1798/5071/1784 1799/5069/1785
f 1800/5072/1786 1802/5073/1788 1801/5074/1787
f 1801/5075/1787 1797/5063/1783 1798/5064/1784
f 1801/5075/1787 1802/5076/1788 1797/5063/1783
f 1802/5073/1788 1788/5077/1773 1797/5078/1783
f 1800/5072/1786 1788/5077/1773 1802/5073/1788
f 1800/5079/1786 1790/5080/1777 1793/5081/1776
f 1785/5082/1772 1800/5079/1786 1793/5081/1776
f 1785/5032/1772 1788/5034/1773 1800/5083/1786
f 1795/5070/1781 1790/5084/1777 1800/5067/1786
f 1795/5054/1781 1792/5056/1779 1803/5085/1789
f 1795/5070/1781 1803/5086/1789 1790/5084/1777
f 1805/5087/1790 1803/5088/1789 1792/5089/1779
f 1790/5084/1777 1803/5086/1789 1804/5090/1791
f 1803/5086/1789 1805/5091/1790 1804/5090/1791
f 1804/5092/1791 1805/5093/1790 1806/5094/1792
f 1805/5087/1790 1792/5089/1779 1806/5095/1792
f 1806/5095/1792 1792/5089/1779 1791/5096/1778
f 1804/5092/1791 1806/5094/1792 1791/5097/1778
f 1790/5044/1777 1804/5098/1791 1791/5045/1778
f 1793/5099/1776 1784/5100/1769 1785/5101/1772
f 1784/5102/1769 1793/5103/1776 1786/5104/1774
f 1784/5102/1769 1786/5104/1774 1787/5105/1770
f 1808/5106/1793 1810/5107/1794 1807/5108/1795
f 1808/5106/1793 1807/5108/1795 1809/5109/1796
f 1809/5110/1796 1807/5111/1795 1811/5112/1797
f 1810/5107/1794 1811/5113/1797 1807/5108/1795
f 1810/5107/1794 1812/5114/1798 1811/5113/1797
f 1812/5115/1798 1813/5116/1799 1811/5117/1797
f 1811/5112/1797 1813/5118/1799 1814/5119/1800
f 1809/5110/1796 1811/5112/1797 1815/5120/1801
f 1811/5112/1797 1814/5119/1800 1815/5120/1801
f 1816/5121/1802 1815/5120/1801 1817/5122/1803
f 1816/5123/1802 1820/5124/1804 1815/5125/1801
f 1814/5119/1800 1817/5122/1803 1815/5120/1801
f 1815/5120/1801 1818/5126/1805 1809/5110/1796
f 1815/5127/1801 1819/5128/1806 1818/5129/1805
f 1815/5127/1801 1820/5130/1804 1819/5128/1806
f 1816/5123/1802 1821/5131/1807 1820/5124/1804
f 1822/5132/1808 1820/5124/1804 1821/5131/1807
f 1822/5132/1808 1823/5133/1809 1820/5124/1804
f 1823/5133/1809 1819/5134/1806 1820/5124/1804
f 1824/5135/1810 1825/5136/1811 1823/5133/1809
f 1824/5135/1810 1823/5133/1809 1822/5132/1808
f 1825/5136/1811 1826/5137/1812 1823/5133/1809
f 1823/5133/1809 1826/5137/1812 1819/5134/1806
f 1825/5136/1811 1828/5138/1813 1826/5137/1812
f 1826/5139/1812 1808/5106/1793 1819/5140/1806
f 1826/5139/1812 1827/5141/1814 1808/5106/1793
f 1828/5142/1813 1827/5143/1814 1826/5144/1812
f 1829/5145/1815 1830/5146/1816 1828/5138/1813
f 1829/5145/1815 1828/5138/1813 1825/5136/1811
f 1830/5147/1816 1831/5148/1817 1828/5142/1813
f 1828/5142/1813 1831/5148/1817 1827/5143/1814
f 1827/5143/1814 1831/5148/1817 1832/5149/1818
f 1831/5148/1817 1834/5150/1819 1832/5149/1818
f 1830/5147/1816 1833/5151/1820 1831/5148/1817
f 1831/5148/1817 1833/5151/1820 1834/5150/1819
f 1832/5149/1818 1834/5150/1819 1837/5152/1821
f 1835/5153/1822 1836/5154/1823 1834/5150/1819
f 1835/5153/1822 1834/5150/1819 1833/5151/1820
f 1836/5154/1823 1837/5152/1821 1834/5150/1819
f 1832/5149/1818 1837/5152/1821 1840/5155/1824
f 1836/5154/1823 1838/5156/1825 1837/5152/1821
f 1838/5157/1825 1839/5158/1826 1837/5159/1821
f 1840/5160/1824 1837/5159/1821 1839/5158/1826
f 1841/5161/1827 1832/5162/1818 1840/5163/1824
f 1841/5161/1827 1840/5163/1824 1842/5164/1828
f 1842/5165/1828 1840/5160/1824 1843/5166/1829
f 1840/5160/1824 1839/5158/1826 1843/5166/1829
f 1846/5167/1830 1843/5166/1829 1844/5168/1831
f 1843/5166/1829 1845/5169/1832 1844/5168/1831
f 1843/5166/1829 1839/5158/1826 1845/5169/1832
f 1842/5165/1828 1843/5166/1829 1846/5167/1830
f 1846/5167/1830 1847/5170/1833 1812/5115/1798
f 1848/5171/1834 1847/5170/1833 1846/5167/1830
f 1846/5167/1830 1844/5168/1831 1848/5171/1834
f 1846/5167/1830 1812/5115/1798 1842/5165/1828
f 1848/5171/1834 1849/5172/1835 1847/5170/1833
f 1850/5173/1836 1849/5172/1835 1848/5171/1834
f 1848/5171/1834 1851/5174/1837 1850/5173/1836
f 1848/5171/1834 1844/5168/1831 1851/5174/1837
f 1844/5168/1831 1852/5175/1838 1851/5174/1837
f 1851/5174/1837 1852/5175/1838 1854/5176/1839
f 1850/5177/1836 1851/5178/1837 1853/5179/1840
f 1851/5174/1837 1854/5176/1839 1853/5180/1840
f 1853/5181/1840 1854/5182/1839 1855/5183/1841
f 1854/5182/1839 1856/5184/1842 1855/5183/1841
f 1854/5182/1839 1857/5185/1843 1856/5184/1842
f 1852/5175/1838 1857/5186/1843 1854/5176/1839
f 1852/5175/1838 1858/5187/1844 1857/5186/1843
f 1858/5188/1844 1859/5189/1845 1857/5185/1843
f 1857/5185/1843 1859/5189/1845 1860/5190/1846
f 1857/5185/1843 1860/5190/1846 1856/5184/1842
f 1862/5191/1847 1860/5190/1846 1859/5189/1845
f 1856/5184/1842 1860/5190/1846 1863/5192/1848
f 1861/5193/1849 1863/5192/1848 1860/5190/1846
f 1861/5193/1849 1860/5190/1846 1862/5191/1847
f 1856/5184/1842 1863/5192/1848 1864/5194/1850
f 1864/5194/1850 1863/5192/1848 1866/5195/1851
f 1865/5196/1852 1866/5195/1851 1863/5192/1848
f 1865/5196/1852 1863/5192/1848 1861/5193/1849
f 1867/5197/1853 1866/5198/1851 1869/5199/1854
f 1864/5194/1850 1866/5195/1851 1867/5200/1853
f 1868/5201/1855 1869/5199/1854 1866/5198/1851
f 1868/5201/1855 1866/5198/1851 1865/5202/1852
f 1867/5197/1853 1869/5199/1854 1870/5203/1856
f 1870/5203/1856 1869/5199/1854 1872/5204/1857
f 1871/5205/1858 1872/5204/1857 1869/5199/1854
f 1871/5205/1858 1869/5199/1854 1868/5201/1855
f 1871/5205/1858 1873/5206/1859 1872/5204/1857
f 1872/5204/1857 1873/5206/1859 1874/5207/1860
f 1872/5204/1857 1874/5207/1860 1875/5208/1861
f 1870/5203/1856 1872/5204/1857 1875/5208/1861
f 1876/5209/1862 1870/5203/1856 1875/5208/1861
f 1876/5209/1862 1875/5208/1861 1877/5210/1863
f 1875/5208/1861 1874/5207/1860 1829/5145/1815
f 1875/5208/1861 1829/5145/1815 1877/5210/1863
f 1876/5209/1862 1877/5210/1863 1824/5135/1810
f 1877/5210/1863 1825/5136/1811 1824/5135/1810
f 1877/5210/1863 1829/5145/1815 1825/5136/1811
f 1878/5211/1864 1876/5209/1862 1879/5212/1865
f 1878/5211/1864 1870/5203/1856 1876/5209/1862
f 1876/5209/1862 1824/5135/1810 1879/5212/1865
f 1878/5211/1864 1879/5212/1865 1880/5213/1866
f 1880/5213/1866 1879/5212/1865 1881/5214/1867
f 1879/5212/1865 1822/5132/1808 1881/5214/1867
f 1879/5212/1865 1824/5135/1810 1822/5132/1808
f 1880/5213/1866 1881/5214/1867 1882/5215/1868
f 1882/5215/1868 1881/5214/1867 1883/5216/1869
f 1881/5214/1867 1821/5131/1807 1883/5216/1869
f 1881/5214/1867 1822/5132/1808 1821/5131/1807
f 1884/5217/1870 1885/5218/1871 1883/5216/1869
f 1884/5217/1870 1883/5216/1869 1886/5219/1872
f 1882/5215/1868 1883/5216/1869 1885/5218/1871
f 1886/5219/1872 1883/5216/1869 1821/5131/1807
f 1886/5220/1872 1816/5121/1802 1817/5122/1803
f 1817/5122/1803 1884/5221/1870 1886/5220/1872
f 1886/5219/1872 1821/5131/1807 1816/5123/1802
f 1817/5222/1803 1887/5223/1873 1885/5224/1871
f 1817/5222/1803 1885/5224/1871 1884/5225/1870
f 1888/5226/1874 1885/5224/1871 1887/5223/1873
f 1888/5226/1874 1882/5227/1868 1885/5224/1871
f 1889/5228/1875 1888/5226/1874 1887/5223/1873
f 1890/5229/1876 1888/5226/1874 1889/5228/1875
f 1891/5230/1877 1882/5227/1868 1888/5226/1874
f 1890/5229/1876 1891/5230/1877 1888/5226/1874
f 1855/5183/1841 1892/5231/1878 1891/5232/1877
f 1855/5183/1841 1891/5232/1877 1890/5233/1876
f 1892/5231/1878 1880/5234/1866 1891/5232/1877
f 1891/5230/1877 1880/5235/1866 1882/5227/1868
f 1855/5183/1841 1864/5194/1850 1892/5231/1878
f 1892/5231/1878 1864/5194/1850 1867/5200/1853
f 1892/5231/1878 1878/5236/1864 1880/5234/1866
f 1892/5231/1878 1867/5200/1853 1878/5236/1864
f 1893/5237/1879 1853/5179/1840 1890/5229/1876
f 1853/5181/1840 1855/5183/1841 1890/5233/1876
f 1893/5237/1879 1890/5229/1876 1889/5228/1875
f 1850/5177/1836 1853/5179/1840 1893/5237/1879
f 1893/5237/1879 1895/5238/1880 1894/5239/1881
f 1893/5237/1879 1894/5239/1881 1850/5177/1836
f 1893/5237/1879 1896/5240/1882 1895/5238/1880
f 1893/5237/1879 1889/5228/1875 1896/5240/1882
f 1889/5228/1875 1887/5223/1873 1896/5240/1882
f 1897/5241/1883 1896/5240/1882 1887/5223/1873
f 1895/5238/1880 1896/5240/1882 1897/5241/1883
f 1898/5242/1884 1897/5243/1883 1817/5122/1803
f 1897/5241/1883 1887/5223/1873 1817/5222/1803
f 1895/5238/1880 1897/5241/1883 1898/5244/1884
f 1899/5245/1885 1898/5242/1884 1817/5122/1803
f 1894/5246/1881 1898/5247/1884 1899/5248/1885
f 1894/5239/1881 1895/5238/1880 1898/5244/1884
f 1814/5119/1800 1899/5245/1885 1817/5122/1803
f 1849/5172/1835 1899/5248/1885 1814/5249/1800
f 1849/5172/1835 1894/5246/1881 1899/5248/1885
f 1850/5173/1836 1894/5246/1881 1849/5172/1835
f 1878/5211/1864 1867/5197/1853 1870/5203/1856
f 1873/5206/1859 1900/5250/1886 1874/5207/1860
f 1874/5207/1860 1900/5250/1886 1830/5146/1816
f 1874/5207/1860 1830/5146/1816 1829/5145/1815
f 1873/5206/1859 1901/5251/1887 1900/5250/1886
f 1901/5252/1887 1835/5153/1822 1900/5253/1886
f 1900/5253/1886 1835/5153/1822 1833/5151/1820
f 1900/5253/1886 1833/5151/1820 1830/5147/1816
f 1902/5254/1888 1901/5252/1887 1873/5255/1859
f 1902/5254/1888 1903/5256/1889 1901/5252/1887
f 1903/5256/1889 1904/5257/1890 1901/5252/1887
f 1901/5252/1887 1904/5257/1890 1835/5153/1822
f 1903/5256/1889 1905/5258/1891 1904/5257/1890
f 1905/5258/1891 1906/5259/1892 1904/5257/1890
f 1904/5257/1890 1906/5259/1892 1836/5154/1823
f 1904/5257/1890 1836/5154/1823 1835/5153/1822
f 1906/5259/1892 1838/5156/1825 1836/5154/1823
f 1906/5259/1892 1908/5260/1893 1838/5156/1825
f 1905/5258/1891 1907/5261/1894 1906/5259/1892
f 1907/5261/1894 1908/5260/1893 1906/5259/1892
f 1908/5262/1893 1911/5263/1895 1838/5157/1825
f 1907/5261/1894 1909/5264/1896 1908/5260/1893
f 1909/5265/1896 1910/5266/1897 1908/5267/1893
f 1908/5262/1893 1910/5268/1897 1911/5263/1895
f 1838/5157/1825 1911/5263/1895 1839/5158/1826
f 1910/5268/1897 1912/5269/1898 1911/5263/1895
f 1911/5263/1895 1912/5269/1898 1845/5169/1832
f 1911/5263/1895 1845/5169/1832 1839/5158/1826
f 1910/5268/1897 1914/5270/1899 1912/5269/1898
f 1845/5169/1832 1912/5269/1898 1858/5187/1844
f 1912/5269/1898 1913/5271/1900 1858/5187/1844
f 1912/5269/1898 1914/5270/1899 1913/5271/1900
f 1915/5272/1901 1914/5273/1899 1910/5266/1897
f 1915/5272/1901 1917/5274/1902 1914/5273/1899
f 1916/5275/1903 1913/5276/1900 1914/5273/1899
f 1916/5275/1903 1914/5273/1899 1917/5274/1902
f 1918/5277/1904 1917/5274/1902 1915/5272/1901
f 1919/5278/1905 1917/5274/1902 1918/5277/1904
f 1919/5278/1905 1916/5275/1903 1917/5274/1902
f 1918/5277/1904 1920/5279/1906 1919/5278/1905
f 1919/5280/1905 1920/5281/1906 1922/5282/1907
f 1919/5280/1905 1921/5283/1908 1923/5284/1909
f 1919/5280/1905 1922/5282/1907 1921/5283/1908
f 1919/5280/1905 1923/5284/1909 1916/5285/1903
f 1923/5284/1909 1913/5286/1900 1916/5285/1903
f 1923/5284/1909 1859/5189/1845 1913/5286/1900
f 1862/5191/1847 1859/5189/1845 1923/5284/1909
f 1921/5283/1908 1862/5191/1847 1923/5284/1909
f 1925/5287/1910 1922/5288/1907 1920/5289/1906
f 1922/5282/1907 1924/5290/1911 1921/5283/1908
f 1922/5282/1907 1925/5291/1910 1924/5290/1911
f 1925/5291/1910 1926/5292/1912 1924/5290/1911
f 1925/5291/1910 1927/5293/1913 1926/5292/1912
f 1927/5294/1913 1925/5287/1910 1920/5289/1906
f 1927/5295/1913 1928/5296/1914 1926/5297/1912
f 1927/5295/1913 1929/5298/1915 1928/5296/1914
f 1929/5299/1915 1927/5294/1913 1920/5289/1906
f 1930/5300/1916 1932/5301/1917 1929/5299/1915
f 1930/5300/1916 1929/5299/1915 1920/5289/1906
f 1929/5298/1915 1931/5302/1918 1928/5296/1914
f 1929/5298/1915 1933/5303/1919 1931/5302/1918
f 1932/5301/1917 1933/5304/1919 1929/5299/1915
f 1933/5303/1919 1934/5305/1920 1931/5302/1918
f 1933/5303/1919 1932/5306/1917 1934/5305/1920
f 1932/5306/1917 1935/5307/1921 1934/5305/1920
f 1934/5305/1920 1935/5307/1921 1902/5308/1888
f 1931/5302/1918 1934/5305/1920 1871/5309/1858
f 1934/5305/1920 1902/5308/1888 1871/5309/1858
f 1932/5306/1917 1936/5310/1922 1935/5307/1921
f 1936/5310/1922 1937/5311/1923 1935/5307/1921
f 1937/5311/1923 1902/5308/1888 1935/5307/1921
f 1936/5310/1922 1930/5312/1916 1937/5311/1923
f 1937/5311/1923 1903/5313/1889 1902/5308/1888
f 1937/5314/1923 1930/5315/1916 1939/5316/1924
f 1938/5317/1925 1903/5256/1889 1937/5314/1923
f 1937/5314/1923 1939/5316/1924 1938/5317/1925
f 1938/5317/1925 1939/5316/1924 1940/5318/1926
f 1940/5319/1926 1939/5320/1924 1930/5300/1916
f 1938/5317/1925 1940/5318/1926 1941/5321/1927
f 1941/5321/1927 1940/5318/1926 1943/5322/1928
f 1942/5323/1929 1940/5319/1926 1920/5289/1906
f 1942/5323/1929 1943/5324/1928 1940/5319/1926
f 1940/5319/1926 1930/5300/1916 1920/5289/1906
f 1941/5321/1927 1943/5322/1928 1944/5325/1930
f 1944/5326/1930 1943/5327/1928 1942/5328/1929
f 1944/5326/1930 1942/5328/1929 1945/5329/1931
f 1944/5325/1930 1907/5261/1894 1941/5321/1927
f 1944/5325/1930 1909/5264/1896 1907/5261/1894
f 1945/5329/1931 1909/5265/1896 1944/5326/1930
f 1945/5329/1931 1942/5328/1929 1946/5330/1932
f 1918/5277/1904 1915/5272/1901 1945/5329/1931
f 1945/5329/1931 1946/5330/1932 1918/5277/1904
f 1945/5329/1931 1915/5272/1901 1909/5265/1896
f 1920/5289/1906 1946/5331/1932 1942/5323/1929
f 1918/5277/1904 1946/5330/1932 1920/5279/1906
f 1941/5321/1927 1905/5258/1891 1938/5317/1925
f 1941/5321/1927 1907/5261/1894 1905/5258/1891
f 1938/5317/1925 1905/5258/1891 1903/5256/1889
f 1930/5300/1916 1936/5332/1922 1932/5301/1917
f 1928/5296/1914 1931/5302/1918 1868/5333/1855
f 1931/5302/1918 1871/5309/1858 1868/5333/1855
f 1926/5292/1912 1928/5334/1914 1865/5196/1852
f 1928/5296/1914 1868/5333/1855 1865/5335/1852
f 1924/5290/1911 1926/5292/1912 1861/5193/1849
f 1926/5292/1912 1865/5196/1852 1861/5193/1849
f 1921/5283/1908 1924/5290/1911 1862/5191/1847
f 1924/5290/1911 1861/5193/1849 1862/5191/1847
f 1909/5265/1896 1915/5272/1901 1910/5266/1897
f 1858/5187/1844 1913/5271/1900 1859/5336/1845
f 1871/5205/1858 1902/5337/1888 1873/5206/1859
f 1855/5183/1841 1856/5184/1842 1864/5194/1850
f 1845/5169/1832 1858/5187/1844 1852/5175/1838
f 1844/5168/1831 1845/5169/1832 1852/5175/1838
f 1847/5170/1833 1849/5172/1835 1814/5249/1800
f 1812/5115/1798 1847/5170/1833 1813/5116/1799
f 1847/5170/1833 1814/5249/1800 1813/5116/1799
f 1842/5164/1828 1810/5107/1794 1841/5161/1827
f 1842/5164/1828 1812/5114/1798 1810/5107/1794
f 1827/5143/1814 1832/5149/1818 1841/5338/1827
f 1841/5161/1827 1808/5106/1793 1827/5141/1814
f 1841/5161/1827 1810/5107/1794 1808/5106/1793
f 1818/5129/1805 1819/5128/1806 1808/5339/1793
f 1818/5129/1805 1808/5339/1793 1809/5340/1796
f 1948/5341/1933 1947/5342/1934 1950/5343/1935
f 1948/5344/1933 1949/5345/1936 1947/5346/1934
f 1947/5347/1934 1949/5348/1936 1951/5349/1937
f 1947/5347/1934 1951/5349/1937 1950/5350/1935
f 1949/5345/1936 1954/5351/1938 1951/5352/1937
f 1950/5350/1935 1951/5349/1937 1952/5353/1939
f 1951/5349/1937 1953/5354/1940 1952/5353/1939
f 1951/5349/1937 1954/5355/1938 1953/5354/1940
f 1949/5345/1936 1955/5356/1941 1954/5351/1938
f 1957/5357/1942 1954/5351/1938 1955/5356/1941
f 1956/5358/1943 1953/5359/1940 1954/5351/1938
f 1956/5358/1943 1954/5351/1938 1957/5357/1942
f 1957/5357/1942 1955/5356/1941 1958/5360/1944
f 1959/5361/1945 1957/5357/1942 1958/5360/1944
f 1959/5361/1945 1960/5362/1946 1957/5357/1942
f 1960/5362/1946 1956/5358/1943 1957/5357/1942
f 1960/5362/1946 1963/5363/1947 1956/5358/1943
f 1962/5364/1948 1960/5362/1946 1959/5361/1945
f 1961/5365/1949 1963/5363/1947 1960/5362/1946
f 1961/5365/1949 1960/5362/1946 1962/5364/1948
f 1963/5363/1947 1964/5366/1950 1956/5358/1943
f 1963/5363/1947 1966/5367/1951 1964/5366/1950
f 1965/5368/1952 1966/5367/1951 1963/5363/1947
f 1965/5368/1952 1963/5363/1947 1961/5365/1949
f 1964/5369/1950 1966/5370/1951 1968/5371/1953
f 1967/5372/1954 1968/5373/1953 1966/5374/1951
f 1967/5372/1954 1966/5374/1951 1965/5375/1952
f 1964/5369/1950 1968/5371/1953 1969/5376/1955
f 1969/5376/1955 1968/5371/1953 1970/5377/1956
f 1967/5372/1954 1970/5378/1956 1968/5373/1953
f 1967/5372/1954 1971/5379/1957 1970/5378/1956
f 1971/5379/1957 1972/5380/1958 1970/5378/1956
f 1973/5381/1959 1970/5378/1956 1972/5380/1958
f 1969/5376/1955 1970/5377/1956 1973/5382/1959
f 1969/5376/1955 1973/5382/1959 1974/5383/1960
f 1973/5382/1959 1976/5384/1961 1974/5383/1960
f 1973/5382/1959 1975/5385/1962 1976/5384/1961
f 1973/5381/1959 1972/5380/1958 1975/5386/1962
f 1976/5387/1961 1979/5388/1963 1977/5389/1964
f 1976/5387/1961 1977/5389/1964 1978/5390/1965
f 1974/5391/1960 1976/5387/1961 1978/5390/1965
f 1975/5392/1962 1979/5388/1963 1976/5387/1961
f 1979/5388/1963 1982/5393/1966 1977/5389/1964
f 1975/5392/1962 1980/5394/1967 1979/5388/1963
f 1980/5394/1967 1981/5395/1968 1979/5388/1963
f 1979/5388/1963 1981/5395/1968 1982/5393/1966
f 1977/5396/1964 1982/5397/1966 1983/5398/1969
f 1982/5397/1966 1984/5399/1970 1983/5398/1969
f 1982/5397/1966 1985/5400/1971 1984/5399/1970
f 1981/5401/1968 1985/5400/1971 1982/5397/1966
f 1985/5400/1971 1988/5402/1972 1986/5403/1973
f 1985/5400/1971 1986/5403/1973 1984/5399/1970
f 1981/5401/1968 1987/5404/1974 1985/5400/1971
f 1987/5405/1974 1988/5406/1972 1985/5407/1971
f 1986/5403/1973 1988/5402/1972 1989/5408/1975
f 1988/5406/1972 1990/5409/1976 1989/5410/1975
f 1988/5406/1972 1991/5411/1977 1990/5409/1976
f 1987/5405/1974 1991/5411/1977 1988/5406/1972
f 1992/5412/1978 1991/5411/1977 1987/5405/1974
f 1992/5412/1978 1994/5413/1979 1991/5411/1977
f 1993/5414/1980 1990/5409/1976 1991/5411/1977
f 1993/5414/1980 1991/5411/1977 1994/5413/1979
f 1992/5415/1978 1995/5416/1981 1994/5417/1979
f 1995/5418/1981 1993/5414/1980 1994/5413/1979
f 1992/5415/1978 1996/5419/1982 1995/5416/1981
f 1997/5420/1983 1995/5416/1981 1996/5419/1982
f 1995/5418/1981 2000/5421/1984 1993/5414/1980
f 1997/5420/1983 1999/5422/1985 1995/5416/1981
f 1998/5423/1986 2000/5424/1984 1995/5416/1981
f 1998/5423/1986 1995/5416/1981 1999/5422/1985
f 2000/5421/1984 2001/5425/1987 1993/5414/1980
f 2000/5421/1984 2003/5426/1988 2001/5425/1987
f 2002/5427/1989 2003/5428/1988 2000/5429/1984
f 2002/5427/1989 2000/5429/1984 1998/5430/1986
f 2003/5426/1988 2004/5431/1990 2001/5425/1987
f 2003/5426/1988 2006/5432/1991 2004/5431/1990
f 2005/5433/1992 2006/5434/1991 2003/5428/1988
f 2005/5433/1992 2003/5428/1988 2002/5427/1989
f 2007/5435/1993 1959/5361/1945 2006/5436/1991
f 2006/5436/1991 1959/5361/1945 1958/5360/1944
f 2007/5435/1993 2006/5436/1991 2005/5437/1992
f 2006/5436/1991 1958/5360/1944 2004/5438/1990
f 2008/5439/1994 2009/5440/1995 2007/5435/1993
f 2008/5439/1994 2007/5435/1993 2005/5437/1992
f 2009/5440/1995 1962/5364/1948 2007/5435/1993
f 1962/5364/1948 1959/5361/1945 2007/5435/1993
f 2010/5441/1996 2011/5442/1997 2009/5440/1995
f 2010/5441/1996 2009/5440/1995 2008/5439/1994
f 2011/5442/1997 2012/5443/1998 2009/5440/1995
f 2009/5440/1995 2012/5443/1998 1962/5364/1948
f 2011/5442/1997 2013/5444/1999 2012/5443/1998
f 2013/5444/1999 2014/5445/2000 2012/5443/1998
f 2012/5443/1998 2014/5445/2000 1961/5365/1949
f 2012/5443/1998 1961/5365/1949 1962/5364/1948
f 2013/5444/1999 2015/5446/2001 2014/5445/2000
f 2015/5446/2001 2016/5447/2002 2014/5445/2000
f 2014/5445/2000 1965/5368/1952 1961/5365/1949
f 2014/5445/2000 2016/5447/2002 1965/5368/1952
f 2015/5446/2001 2017/5448/2003 2016/5447/2002
f 2016/5449/2002 2017/5450/2003 2019/5451/2004
f 1965/5375/1952 2016/5449/2002 2018/5452/2005
f 2016/5449/2002 2019/5451/2004 2018/5452/2005
f 2018/5452/2005 2019/5451/2004 2020/5453/2006
f 2019/5451/2004 2021/5454/2007 2020/5453/2006
f 2019/5451/2004 2022/5455/2008 2021/5454/2007
f 2017/5450/2003 2022/5455/2008 2019/5451/2004
f 2017/5450/2003 2023/5456/2009 2022/5455/2008
f 2024/5457/2010 2022/5455/2008 2023/5456/2009
f 2024/5457/2010 2025/5458/2011 2022/5455/2008
f 2025/5458/2011 2021/5454/2007 2022/5455/2008
f 2027/5459/2012 2026/5460/2013 2025/5458/2011
f 2026/5460/2013 2028/5461/2014 2025/5458/2011
f 2027/5459/2012 2025/5458/2011 2024/5457/2010
f 2025/5458/2011 2028/5461/2014 2021/5454/2007
f 2026/5460/2013 2031/5462/2015 2028/5461/2014
f 2028/5461/2014 2030/5463/2016 2021/5454/2007
f 2028/5461/2014 2029/5464/2017 2030/5463/2016
f 2031/5462/2015 2029/5464/2017 2028/5461/2014
f 2026/5460/2013 2032/5465/2018 2031/5462/2015
f 2031/5462/2015 2032/5465/2018 2034/5466/2019
f 2031/5462/2015 2033/5467/2020 2029/5464/2017
f 2031/5462/2015 2034/5466/2019 2033/5467/2020
f 2037/5468/2021 2035/5469/2022 2034/5466/2019
f 2035/5469/2022 2036/5470/2023 2034/5466/2019
f 2033/5467/2020 2034/5466/2019 2036/5470/2023
f 2037/5468/2021 2034/5466/2019 2032/5465/2018
f 2039/5471/2024 2038/5472/2025 2037/5468/2021
f 2038/5472/2025 2035/5469/2022 2037/5468/2021
f 2040/5473/2026 2037/5468/2021 2032/5465/2018
f 2039/5471/2024 2037/5468/2021 2040/5473/2026
f 2042/5474/2027 2039/5475/2024 2040/5476/2026
f 2043/5477/2028 2040/5476/2026 2041/5478/2029
f 2040/5473/2026 2032/5465/2018 2041/5479/2029
f 2042/5474/2027 2040/5476/2026 2043/5477/2028
f 2044/5480/2030 2043/5477/2028 2045/5481/2031
f 2046/5482/2032 2043/5477/2028 2044/5480/2030
f 2046/5482/2032 2042/5474/2027 2043/5477/2028
f 2043/5477/2028 2041/5478/2029 2045/5481/2031
f 2047/5483/2033 2050/5484/2034 2046/5485/2032
f 2047/5486/2033 2046/5482/2032 2048/5487/2035
f 2049/5488/2036 2048/5487/2035 2046/5482/2032
f 2049/5488/2036 2046/5482/2032 2044/5480/2030
f 2050/5489/2034 2042/5474/2027 2046/5482/2032
f 2050/5490/2034 2047/5491/2033 2052/5492/2037
f 2050/5493/2034 2051/5494/2038 2042/5495/2027
f 2051/5496/2038 2050/5490/2034 2052/5492/2037
f 2047/5491/2033 2058/5497/2039 2052/5492/2037
f 2052/5492/2037 2053/5498/2040 2057/5499/2041
f 2054/5500/2042 2053/5501/2040 2052/5502/2037
f 2056/5503/2043 2051/5496/2038 2052/5492/2037
f 2054/5500/2042 2052/5502/2037 2055/5504/2044
f 2055/5505/2044 2052/5492/2037 2059/5506/2045
f 2052/5492/2037 2057/5499/2041 2056/5503/2043
f 2058/5497/2039 2059/5506/2045 2052/5492/2037
f 2055/5505/2044 2059/5506/2045 2060/5507/2046
f 2060/5508/2046 2059/5509/2045 2058/5510/2039
f 2061/5511/2047 2060/5507/2046 2063/5512/2048
f 2062/5513/2049 2060/5507/2046 2061/5511/2047
f 2062/5513/2049 2055/5505/2044 2060/5507/2046
f 2060/5508/2046 2058/5510/2039 2063/5514/2048
f 2063/5514/2048 2058/5510/2039 2047/5515/2033
f 2063/5514/2048 2047/5515/2033 2048/5516/2035
f 2064/5517/2050 2063/5512/2048 2048/5518/2035
f 2061/5511/2047 2063/5512/2048 2064/5517/2050
f 2065/5519/2051 2064/5517/2050 2049/5520/2036
f 2066/5521/2052 2064/5517/2050 2065/5519/2051
f 2066/5521/2052 2061/5511/2047 2064/5517/2050
f 2064/5517/2050 2048/5518/2035 2049/5520/2036
f 2066/5521/2052 2065/5519/2051 2067/5522/2053
f 2066/5521/2052 2067/5522/2053 2068/5523/2054
f 2069/5524/2055 2061/5511/2047 2066/5521/2052
f 2069/5524/2055 2066/5521/2052 2068/5523/2054
f 2070/5525/2056 2069/5524/2055 2071/5526/2057
f 2070/5527/2056 2062/5528/2049 2069/5529/2055
f 2069/5524/2055 2062/5513/2049 2061/5511/2047
f 2069/5524/2055 2068/5523/2054 2071/5526/2057
f 2073/5530/2058 2071/5526/2057 2068/5523/2054
f 2070/5525/2056 2071/5526/2057 2074/5531/2059
f 2072/5532/2060 2074/5531/2059 2071/5526/2057
f 2072/5532/2060 2071/5526/2057 2073/5530/2058
f 2075/5533/2061 2070/5527/2056 2074/5534/2059
f 2075/5533/2061 2074/5534/2059 2077/5535/2062
f 2076/5536/2063 2077/5537/2062 2074/5531/2059
f 2076/5536/2063 2074/5531/2059 2072/5532/2060
f 2078/5538/2064 2075/5533/2061 2077/5535/2062
f 2078/5538/2064 2077/5535/2062 2080/5539/2065
f 2079/5540/2066 2080/5541/2065 2077/5542/2062
f 2079/5540/2066 2077/5542/2062 2076/5543/2063
f 2081/5544/2067 2078/5538/2064 2080/5539/2065
f 2081/5545/2067 2080/5541/2065 2079/5540/2066
f 2081/5544/2067 2082/5546/2068 2078/5538/2064
f 2084/5547/2069 2082/5548/2068 2081/5545/2067
f 2084/5547/2069 2081/5545/2067 2083/5549/2070
f 2081/5545/2067 2079/5540/2066 2083/5549/2070
f 2084/5547/2069 2036/5550/2023 2082/5548/2068
f 2033/5467/2020 2036/5470/2023 2084/5551/2069
f 2033/5552/2020 2084/5547/2069 2085/5553/2071
f 2084/5547/2069 2083/5549/2070 2085/5553/2071
f 2029/5554/2017 2085/5553/2071 2086/5555/2072
f 2033/5552/2020 2085/5553/2071 2029/5554/2017
f 2085/5553/2071 2087/5556/2073 2086/5555/2072
f 2085/5553/2071 2083/5549/2070 2087/5556/2073
f 2090/5557/2074 2086/5555/2072 2087/5556/2073
f 2083/5549/2070 2088/5558/2075 2087/5556/2073
f 2089/5559/2076 2087/5556/2073 2088/5558/2075
f 2090/5557/2074 2087/5556/2073 2089/5559/2076
f 2091/5560/2077 2093/5561/2078 2090/5557/2074
f 2091/5560/2077 2090/5557/2074 2092/5562/2079
f 2092/5562/2079 2090/5557/2074 2089/5559/2076
f 2093/5561/2078 2086/5555/2072 2090/5557/2074
f 2094/5563/2080 2020/5453/2006 2093/5564/2078
f 2020/5453/2006 2030/5463/2016 2093/5564/2078
f 2094/5563/2080 2093/5564/2078 2091/5565/2077
f 2093/5561/2078 2030/5566/2016 2086/5555/2072
f 2018/5452/2005 2020/5453/2006 2094/5563/2080
f 1971/5379/1957 2094/5563/2080 2091/5565/2077
f 1967/5372/1954 2018/5452/2005 2094/5563/2080
f 1967/5372/1954 2094/5563/2080 1971/5379/1957
f 2096/5567/2081 2091/5565/2077 2092/5568/2079
f 2097/5569/2082 2092/5562/2079 2095/5570/2083
f 2092/5562/2079 2089/5559/2076 2095/5570/2083
f 2096/5567/2081 2092/5568/2079 2097/5571/2082
f 2096/5567/2081 2097/5571/2082 2098/5572/2084
f 2097/5569/2082 2100/5573/2085 2098/5574/2084
f 2097/5569/2082 2099/5575/2086 2100/5573/2085
f 2097/5569/2082 2095/5570/2083 2099/5575/2086
f 1980/5394/1967 2098/5574/2084 2100/5573/2085
f 1980/5394/1967 2100/5573/2085 2101/5576/2087
f 2101/5576/2087 2100/5573/2085 1996/5419/1982
f 2099/5575/2086 1996/5419/1982 2100/5573/2085
f 1980/5394/1967 2101/5576/2087 1981/5395/1968
f 2101/5576/2087 1987/5577/1974 1981/5395/1968
f 2101/5576/2087 1992/5415/1978 1987/5577/1974
f 2101/5576/2087 1996/5419/1982 1992/5415/1978
f 2099/5575/2086 1997/5420/1983 1996/5419/1982
f 2099/5575/2086 2102/5578/2088 1997/5420/1983
f 2099/5575/2086 2095/5570/2083 2102/5578/2088
f 2102/5578/2088 2103/5579/2089 2105/5580/2090
f 2095/5570/2083 2103/5579/2089 2102/5578/2088
f 1997/5420/1983 2102/5578/2088 2104/5581/2091
f 2102/5578/2088 2105/5580/2090 2104/5581/2091
f 2105/5582/2090 2106/5583/2092 2104/5584/2091
f 2105/5582/2090 2108/5585/2093 2106/5583/2092
f 2103/5579/2089 2107/5586/2094 2105/5580/2090
f 2107/5587/2094 2108/5585/2093 2105/5582/2090
f 2108/5585/2093 2109/5588/2095 2106/5583/2092
f 2108/5585/2093 2111/5589/2096 2109/5588/2095
f 2107/5587/2094 2110/5590/2097 2108/5585/2093
f 2110/5590/2097 2111/5589/2096 2108/5585/2093
f 2111/5589/2096 2008/5591/1994 2109/5588/2095
f 2111/5589/2096 2010/5592/1996 2008/5591/1994
f 2110/5590/2097 2112/5593/2098 2111/5589/2096
f 2112/5593/2098 2010/5592/1996 2111/5589/2096
f 2112/5593/2098 2114/5594/2099 2010/5592/1996
f 2073/5530/2058 2112/5593/2098 2110/5590/2097
f 2113/5595/2100 2114/5594/2099 2112/5593/2098
f 2113/5595/2100 2112/5593/2098 2073/5530/2058
f 2114/5596/2099 2011/5442/1997 2010/5441/1996
f 2114/5596/2099 2116/5597/2101 2011/5442/1997
f 2115/5598/2102 2116/5597/2101 2114/5596/2099
f 2115/5598/2102 2114/5596/2099 2113/5599/2100
f 2117/5600/2103 2116/5597/2101 2115/5598/2102
f 2116/5597/2101 2013/5444/1999 2011/5442/1997
f 2117/5600/2103 2118/5601/2104 2116/5597/2101
f 2116/5597/2101 2118/5601/2104 2013/5444/1999
f 2118/5601/2104 2120/5602/2105 2015/5446/2001
f 2118/5601/2104 2015/5446/2001 2013/5444/1999
f 2119/5603/2106 2120/5602/2105 2118/5601/2104
f 2119/5603/2106 2118/5601/2104 2117/5600/2103
f 2015/5446/2001 2120/5602/2105 2023/5604/2009
f 2024/5605/2010 2023/5604/2009 2120/5602/2105
f 2024/5605/2010 2120/5602/2105 2119/5603/2106
f 2119/5603/2106 2027/5606/2012 2024/5605/2010
f 2119/5603/2106 2121/5607/2107 2027/5606/2012
f 2117/5600/2103 2121/5607/2107 2119/5603/2106
f 2123/5608/2108 2122/5609/2109 2121/5610/2107
f 2121/5610/2107 2122/5609/2109 2045/5481/2031
f 2117/5600/2103 2124/5611/2110 2121/5607/2107
f 2121/5610/2107 2045/5481/2031 2027/5612/2012
f 2123/5608/2108 2121/5610/2107 2124/5613/2110
f 2065/5614/2051 2123/5615/2108 2124/5611/2110
f 2115/5598/2102 2067/5616/2053 2124/5611/2110
f 2115/5598/2102 2124/5611/2110 2117/5600/2103
f 2065/5614/2051 2124/5611/2110 2067/5616/2053
f 2123/5608/2108 2049/5488/2036 2044/5480/2030
f 2065/5519/2051 2049/5520/2036 2123/5617/2108
f 2123/5608/2108 2044/5480/2030 2122/5609/2109
f 2044/5480/2030 2045/5481/2031 2122/5609/2109
f 2113/5599/2100 2067/5616/2053 2115/5598/2102
f 2073/5530/2058 2068/5523/2054 2113/5595/2100
f 2113/5599/2100 2068/5618/2054 2067/5616/2053
f 2073/5530/2058 2110/5590/2097 2072/5532/2060
f 2072/5532/2060 2110/5590/2097 2107/5587/2094
f 2109/5588/2095 2008/5591/1994 2005/5433/1992
f 2106/5583/2092 2109/5588/2095 2002/5427/1989
f 2109/5588/2095 2005/5433/1992 2002/5427/1989
f 2103/5579/2089 2088/5558/2075 2107/5586/2094
f 2076/5543/2063 2107/5586/2094 2088/5558/2075
f 2072/5532/2060 2107/5587/2094 2076/5536/2063
f 2104/5584/2091 2106/5583/2092 1998/5430/1986
f 2106/5583/2092 2002/5427/1989 1998/5430/1986
f 1997/5420/1983 2104/5581/2091 1999/5422/1985
f 2104/5584/2091 1998/5430/1986 1999/5619/1985
f 2089/5559/2076 2088/5558/2075 2103/5579/2089
f 2095/5570/2083 2089/5559/2076 2103/5579/2089
f 1975/5386/1962 1972/5380/1958 2098/5572/2084
f 1975/5386/1962 2098/5572/2084 1980/5620/1967
f 2096/5567/2081 2098/5572/2084 1972/5380/1958
f 1971/5379/1957 2091/5565/2077 2096/5567/2081
f 1971/5379/1957 2096/5567/2081 1972/5380/1958
f 2083/5549/2070 2079/5540/2066 2088/5558/2075
f 2076/5543/2063 2088/5558/2075 2079/5540/2066
f 2029/5554/2017 2086/5555/2072 2030/5566/2016
f 2126/5621/2111 2125/5622/2112 2082/5546/2068
f 2125/5622/2112 2078/5538/2064 2082/5546/2068
f 2126/5621/2111 2082/5546/2068 2036/5623/2023
f 2128/5624/2113 2127/5625/2114 2126/5626/2111
f 2127/5627/2114 2125/5622/2112 2126/5621/2111
f 2035/5469/2022 2126/5626/2111 2036/5470/2023
f 2128/5624/2113 2126/5626/2111 2035/5469/2022
f 2128/5628/2113 2129/5629/2115 2130/5630/2116
f 2038/5631/2025 2129/5629/2115 2128/5628/2113
f 2128/5628/2113 2130/5630/2116 2127/5632/2114
f 2038/5472/2025 2128/5624/2113 2035/5469/2022
f 2130/5633/2116 2129/5634/2115 2056/5503/2043
f 2127/5632/2114 2130/5630/2116 2057/5635/2041
f 2057/5499/2041 2130/5633/2116 2056/5503/2043
f 2129/5634/2115 2131/5636/2117 2056/5503/2043
f 2038/5637/2025 2131/5638/2117 2129/5639/2115
f 2056/5640/2043 2131/5641/2117 2038/5642/2025
f 2127/5627/2114 2132/5643/2118 2125/5622/2112
f 2127/5632/2114 2057/5635/2041 2132/5644/2118
f 2132/5644/2118 2057/5635/2041 2133/5645/2119
f 2132/5644/2118 2133/5645/2119 2134/5646/2120
f 2132/5643/2118 2134/5647/2120 2135/5648/2121
f 2132/5643/2118 2135/5648/2121 2125/5622/2112
f 2135/5648/2121 2134/5647/2120 2137/5649/2122
f 2078/5538/2064 2135/5648/2121 2136/5650/2123
f 2135/5648/2121 2137/5649/2122 2136/5650/2123
f 2125/5622/2112 2135/5648/2121 2078/5538/2064
f 2134/5647/2120 2138/5651/2124 2137/5649/2122
f 2137/5649/2122 2138/5651/2124 2053/5501/2040
f 2137/5649/2122 2053/5501/2040 2054/5500/2042
f 2136/5650/2123 2137/5649/2122 2054/5500/2042
f 2138/5652/2124 2133/5653/2119 2057/5499/2041
f 2134/5646/2120 2133/5645/2119 2138/5654/2124
f 2053/5498/2040 2138/5652/2124 2057/5499/2041
f 2075/5533/2061 2136/5650/2123 2139/5655/2125
f 2136/5650/2123 2054/5500/2042 2139/5655/2125
f 2078/5538/2064 2136/5650/2123 2075/5533/2061
f 2075/5533/2061 2139/5655/2125 2070/5527/2056
f 2139/5655/2125 2054/5500/2042 2055/5504/2044
f 2070/5527/2056 2139/5655/2125 2062/5528/2049
f 2139/5655/2125 2055/5504/2044 2062/5528/2049
f 2051/5656/2038 2056/5640/2043 2039/5475/2024
f 2056/5640/2043 2038/5642/2025 2039/5475/2024
f 2051/5656/2038 2039/5475/2024 2042/5474/2027
f 2027/5612/2012 2045/5481/2031 2041/5478/2029
f 2027/5612/2012 2041/5478/2029 2026/5657/2013
f 2026/5460/2013 2041/5479/2029 2032/5465/2018
f 2020/5453/2006 2021/5454/2007 2030/5463/2016
f 2015/5446/2001 2023/5604/2009 2017/5448/2003
f 1965/5375/1952 2018/5452/2005 1967/5372/1954
f 1958/5360/1944 2141/5658/2126 2004/5438/1990
f 2004/5431/1990 2141/5659/2126 2140/5660/2127
f 2004/5431/1990 2140/5660/2127 2001/5425/1987
f 2142/5661/2128 2141/5658/2126 1955/5356/1941
f 2143/5662/2129 2141/5659/2126 2142/5663/2128
f 2143/5662/2129 2140/5660/2127 2141/5659/2126
f 1958/5360/1944 1955/5356/1941 2141/5658/2126
f 2145/5664/2130 2143/5665/2129 2142/5661/2128
f 2144/5666/2131 1989/5667/1975 2143/5665/2129
f 2144/5666/2131 2143/5665/2129 2145/5664/2130
f 1989/5410/1975 2140/5660/2127 2143/5662/2129
f 2144/5668/2131 2145/5669/2130 1948/5341/1933
f 2145/5664/2130 2142/5661/2128 1948/5344/1933
f 1986/5670/1973 2144/5668/2131 2146/5671/2132
f 1986/5403/1973 1989/5408/1975 2144/5672/2131
f 2144/5668/2131 1948/5341/1933 2146/5671/2132
f 2150/5673/2133 2147/5674/2134 2146/5671/2132
f 1978/5390/1965 2146/5675/2132 2147/5676/2134
f 1948/5341/1933 2148/5677/2135 2146/5671/2132
f 2148/5677/2135 2149/5678/2136 2146/5671/2132
f 1978/5390/1965 1977/5389/1964 2146/5675/2132
f 1977/5396/1964 1983/5398/1969 2146/5679/2132
f 2146/5671/2132 1983/5680/1969 1984/5681/1970
f 1984/5681/1970 1986/5670/1973 2146/5671/2132
f 2149/5678/2136 2150/5673/2133 2146/5671/2132
f 2152/5682/2137 2150/5683/2133 2149/5684/2136
f 2152/5682/2137 2151/5685/2138 2150/5683/2133
f 2151/5685/2138 2147/5676/2134 2150/5683/2133
f 2154/5686/2139 2153/5687/2140 2152/5688/2137
f 2153/5689/2140 2151/5690/2138 2152/5691/2137
f 2154/5686/2139 2152/5688/2137 2155/5692/2141
f 2155/5692/2141 2152/5688/2137 2149/5693/2136
f 2156/5694/2142 1952/5353/1939 2155/5692/2141
f 2156/5694/2142 2155/5692/2141 2148/5695/2135
f 2155/5692/2141 2149/5693/2136 2148/5695/2135
f 1952/5353/1939 2154/5686/2139 2155/5692/2141
f 1950/5343/1935 2156/5696/2142 2148/5677/2135
f 1950/5350/1935 1952/5353/1939 2156/5694/2142
f 1969/5376/1955 2153/5689/2140 2154/5697/2139
f 1969/5376/1955 2154/5697/2139 1964/5369/1950
f 1964/5369/1950 2154/5697/2139 1953/5698/1940
f 1952/5353/1939 1953/5354/1940 2154/5686/2139
f 2153/5689/2140 1974/5383/1960 2151/5690/2138
f 1969/5376/1955 1974/5383/1960 2153/5689/2140
f 2151/5685/2138 1978/5390/1965 2147/5676/2134
f 1974/5391/1960 1978/5390/1965 2151/5685/2138
f 1948/5341/1933 1950/5343/1935 2148/5677/2135
f 1948/5344/1933 2142/5661/2128 1949/5345/1936
f 2142/5661/2128 1955/5356/1941 1949/5345/1936
f 2001/5425/1987 2140/5660/2127 1990/5409/1976
f 1989/5410/1975 1990/5409/1976 2140/5660/2127
f 2001/5425/1987 1990/5409/1976 1993/5414/1980
f 1964/5369/1950 1953/5698/1940 1956/5699/1943
f 2157/5700/2143 2162/5701/2144 2158/5702/2145
f 2158/5703/2145 2159/5704/2146 2157/5705/2143
f 2157/5706/2143 2159/5707/2146 2161/5708/2147
f 2157/5700/2143 2160/5709/2148 2162/5701/2144
f 2157/5706/2143 2161/5708/2147 2160/5710/2148
f 2161/5711/2147 2163/5712/2149 2162/5713/2144
f 2161/5711/2147 2162/5713/2144 2160/5714/2148
f 2158/5702/2145 2162/5701/2144 2164/5715/2150
f 2164/5716/2150 2162/5717/2144 2163/5718/2149
f 2158/5702/2145 2164/5715/2150 2169/5719/2151
f 2164/5716/2150 2163/5718/2149 2168/5720/2152
f 2165/5721/2153 2169/5719/2151 2164/5715/2150
f 2165/5721/2153 2164/5715/2150 2166/5722/2154
f 2167/5723/2155 2166/5724/2154 2164/5725/2150
f 2167/5726/2155 2164/5727/2150 2168/5728/2152
f 2171/5729/2156 2158/5702/2145 2169/5719/2151
f 2170/5730/2157 2169/5731/2151 2165/5732/2153
f 2170/5730/2157 2171/5733/2156 2169/5731/2151
f 2171/5729/2156 2172/5734/2158 2158/5702/2145
f 2171/5735/2156 2163/5736/2149 2172/5737/2158
f 2170/5738/2157 2168/5739/2152 2171/5740/2156
f 2171/5735/2156 2168/5741/2152 2163/5736/2149
f 2158/5703/2145 2172/5737/2158 2159/5704/2146
f 2159/5704/2146 2172/5737/2158 2163/5736/2149
f 2165/5742/2153 2167/5743/2155 2170/5738/2157
f 2170/5738/2157 2167/5743/2155 2168/5739/2152
f 2165/5742/2153 2166/5744/2154 2167/5743/2155
f 2159/5745/2146 2163/5746/2149 2161/5747/2147
f 2174/5748/2159 2180/5749/2160 2173/5750/2161
f 2174/5748/2159 2173/5750/2161 2175/5751/2162
f 2175/5752/2162 2173/5753/2161 2178/5754/2163
f 2173/5755/2161 2176/5756/2164 2179/5757/2165
f 2173/5750/2161 2177/5758/2166 2176/5759/2164
f 2173/5750/2161 2180/5749/2160 2177/5758/2166
f 2173/5755/2161 2179/5757/2165 2178/5760/2163
f 2180/5761/2160 2181/5762/2167 2177/5763/2166
f 2180/5761/2160 2182/5764/2168 2181/5762/2167
f 2182/5764/2168 2180/5761/2160 2174/5765/2159
f 2182/5766/2168 2178/5767/2163 2179/5768/2165
f 2178/5767/2163 2182/5766/2168 2183/5769/2169
f 2182/5766/2168 2174/5770/2159 2183/5769/2169
f 2182/5766/2168 2179/5768/2165 2181/5771/2167
f 2178/5767/2163 2183/5769/2169 2184/5772/2170
f 2184/5772/2170 2183/5769/2169 2186/5773/2171
f 2183/5774/2169 2174/5775/2159 2185/5776/2172
f 2183/5774/2169 2185/5776/2172 2186/5777/2171
f 2187/5778/2173 2186/5773/2171 2188/5779/2174
f 2184/5772/2170 2186/5773/2171 2187/5778/2173
f 2186/5777/2171 2189/5780/2175 2188/5781/2174
f 2186/5777/2171 2185/5776/2172 2189/5780/2175
f 2189/5782/2175 2185/5783/2172 2192/5784/2176
f 2190/5785/2177 2189/5782/2175 2191/5786/2178
f 2188/5781/2174 2189/5780/2175 2190/5787/2177
f 2189/5782/2175 2192/5784/2176 2191/5786/2178
f 2191/5788/2178 2192/5789/2176 2187/5790/2173
f 2185/5783/2172 2175/5751/2162 2192/5784/2176
f 2192/5789/2176 2175/5752/2162 2184/5791/2170
f 2192/5789/2176 2184/5791/2170 2187/5790/2173
f 2190/5785/2177 2191/5786/2178 2194/5792/2179
f 2191/5788/2178 2193/5793/2180 2195/5794/2181
f 2191/5788/2178 2187/5790/2173 2193/5793/2180
f 2191/5788/2178 2195/5794/2181 2194/5795/2179
f 2198/5796/2182 2194/5795/2179 2195/5794/2181
f 2198/5796/2182 2195/5794/2181 2196/5797/2183
f 2195/5798/2181 2197/5799/2184 2196/5800/2183
f 2195/5801/2181 2199/5802/2185 2197/5803/2184
f 2193/5804/2180 2199/5805/2185 2195/5806/2181
f 2193/5804/2180 2188/5779/2174 2199/5805/2185
f 2188/5781/2174 2190/5787/2177 2199/5807/2185
f 2197/5808/2184 2199/5809/2185 2190/5810/2177
f 2201/5811/2186 2198/5812/2182 2200/5813/2187
f 2198/5796/2182 2203/5814/2188 2200/5815/2187
f 2202/5816/2189 2194/5792/2179 2198/5817/2182
f 2201/5811/2186 2202/5818/2189 2198/5812/2182
f 2198/5796/2182 2196/5797/2183 2203/5814/2188
f 2204/5819/2190 2200/5815/2187 2203/5814/2188
f 2204/5819/2190 2203/5814/2188 2205/5820/2191
f 2205/5821/2191 2203/5822/2188 2206/5823/2192
f 2196/5800/2183 2206/5823/2192 2203/5822/2188
f 2205/5821/2191 2206/5823/2192 2207/5824/2193
f 2207/5825/2193 2206/5826/2192 2201/5827/2186
f 2196/5800/2183 2197/5799/2184 2206/5823/2192
f 2206/5826/2192 2202/5828/2189 2201/5827/2186
f 2206/5826/2192 2197/5829/2184 2202/5828/2189
f 2208/5830/2194 2205/5821/2191 2207/5824/2193
f 2208/5830/2194 2207/5824/2193 2209/5831/2195
f 2207/5825/2193 2210/5832/2196 2209/5833/2195
f 2207/5825/2193 2201/5827/2186 2211/5834/2197
f 2207/5825/2193 2211/5834/2197 2210/5832/2196
f 2211/5835/2197 2204/5836/2190 2212/5837/2198
f 2211/5835/2197 2212/5837/2198 2210/5838/2196
f 2201/5811/2186 2204/5836/2190 2211/5835/2197
f 2210/5838/2196 2212/5837/2198 2213/5839/2199
f 2212/5840/2198 2214/5841/2200 2213/5842/2199
f 2212/5840/2198 2208/5843/2194 2214/5841/2200
f 2212/5840/2198 2205/5820/2191 2208/5843/2194
f 2212/5840/2198 2204/5819/2190 2205/5820/2191
f 2214/5844/2200 2208/5830/2194 2209/5831/2195
f 2215/5845/2201 2214/5846/2200 2216/5847/2202
f 2213/5842/2199 2214/5841/2200 2215/5848/2201
f 2214/5844/2200 2209/5831/2195 2216/5849/2202
f 2215/5845/2201 2216/5847/2202 2217/5850/2203
f 2209/5833/2195 2218/5851/2204 2216/5852/2202
f 2217/5853/2203 2216/5854/2202 2218/5855/2204
f 2218/5856/2204 2213/5839/2199 2219/5857/2205
f 2218/5856/2204 2219/5857/2205 2220/5858/2206
f 2209/5833/2195 2210/5832/2196 2218/5851/2204
f 2210/5838/2196 2213/5839/2199 2218/5856/2204
f 2217/5853/2203 2218/5855/2204 2220/5859/2206
f 2219/5857/2205 2221/5860/2207 2220/5858/2206
f 2217/5861/2203 2220/5862/2206 2221/5863/2207
f 2219/5857/2205 2223/5864/2208 2221/5860/2207
f 2224/5865/2209 2221/5866/2207 2222/5867/2210
f 2222/5867/2210 2221/5866/2207 2223/5868/2208
f 2217/5861/2203 2221/5863/2207 2224/5869/2209
f 2215/5845/2201 2217/5850/2203 2224/5870/2209
f 2215/5871/2201 2224/5872/2209 2225/5873/2211
f 2225/5874/2211 2224/5875/2209 2226/5876/2212
f 2224/5865/2209 2222/5867/2210 2226/5877/2212
f 2227/5878/2213 2226/5876/2212 2228/5879/2214
f 2225/5874/2211 2226/5876/2212 2227/5878/2213
f 2226/5877/2212 2229/5880/2215 2228/5881/2214
f 2226/5877/2212 2222/5867/2210 2229/5880/2215
f 2232/5882/2216 2228/5883/2214 2229/5884/2215
f 2229/5880/2215 2222/5867/2210 2230/5885/2217
f 2229/5880/2215 2230/5885/2217 2231/5886/2218
f 2233/5887/2219 2229/5888/2215 2231/5889/2218
f 2233/5887/2219 2232/5890/2216 2229/5888/2215
f 2234/5891/2220 2232/5892/2216 2233/5893/2219
f 2234/5891/2220 2233/5893/2219 2235/5894/2221
f 2235/5895/2221 2233/5896/2219 2236/5897/2222
f 2233/5887/2219 2231/5889/2218 2237/5898/2223
f 2233/5887/2219 2237/5898/2223 2236/5899/2222
f 2236/5900/2222 2237/5901/2223 2228/5883/2214
f 2231/5889/2218 2227/5902/2213 2237/5898/2223
f 2227/5878/2213 2228/5879/2214 2237/5903/2223
f 2236/5904/2222 2238/5905/2224 2240/5906/2225
f 2236/5900/2222 2228/5883/2214 2238/5907/2224
f 2235/5895/2221 2236/5897/2222 2239/5908/2226
f 2236/5904/2222 2240/5906/2225 2239/5909/2226
f 2241/5910/2227 2239/5909/2226 2240/5906/2225
f 2241/5910/2227 2240/5906/2225 2242/5911/2228
f 2238/5907/2224 2234/5912/2220 2240/5913/2225
f 2242/5914/2228 2240/5915/2225 2234/5891/2220
f 2243/5916/2229 2241/5910/2227 2242/5911/2228
f 2243/5916/2229 2242/5911/2228 2244/5917/2230
f 2244/5918/2230 2242/5914/2228 2245/5919/2231
f 2242/5914/2228 2234/5891/2220 2245/5919/2231
f 2245/5919/2231 2246/5920/2232 2248/5921/2233
f 2234/5891/2220 2246/5920/2232 2245/5919/2231
f 2244/5918/2230 2245/5919/2231 2247/5922/2234
f 2245/5919/2231 2248/5921/2233 2247/5922/2234
f 2249/5923/2235 2247/5924/2234 2248/5925/2233
f 2249/5926/2235 2248/5927/2233 2251/5928/2236
f 2248/5929/2233 2243/5930/2229 2250/5931/2237
f 2248/5929/2233 2250/5931/2237 2251/5932/2236
f 2246/5933/2232 2243/5930/2229 2248/5929/2233
f 2252/5934/2238 2249/5935/2235 2251/5932/2236
f 2252/5934/2238 2251/5932/2236 2253/5936/2239
f 2251/5932/2236 2254/5937/2240 2253/5936/2239
f 2251/5932/2236 2250/5931/2237 2254/5937/2240
f 2256/5938/2241 2253/5936/2239 2254/5937/2240
f 2250/5939/2237 2255/5940/2242 2254/5941/2240
f 2257/5942/2243 2254/5943/2240 2255/5944/2242
f 2256/5938/2241 2254/5937/2240 2257/5945/2243
f 2258/5946/2244 2256/5938/2241 2257/5945/2243
f 2258/5947/2244 2257/5948/2243 2259/5949/2245
f 2259/5950/2245 2257/5951/2243 2260/5952/2246
f 2257/5942/2243 2255/5944/2242 2260/5953/2246
f 2259/5950/2245 2260/5952/2246 2261/5954/2247
f 2261/5955/2247 2260/5956/2246 2262/5957/2248
f 2260/5958/2246 2255/5959/2242 2252/5960/2238
f 2260/5956/2246 2252/5961/2238 2262/5957/2248
f 2261/5955/2247 2262/5957/2248 2263/5962/2249
f 2263/5963/2249 2262/5964/2248 2256/5965/2241
f 2252/5961/2238 2256/5966/2241 2262/5957/2248
f 2261/5955/2247 2263/5962/2249 2264/5967/2250
f 2264/5968/2250 2263/5963/2249 2258/5969/2244
f 2263/5963/2249 2256/5965/2241 2258/5969/2244
f 2265/5970/2251 2264/5967/2250 2177/5763/2166
f 2261/5955/2247 2264/5967/2250 2265/5970/2251
f 2264/5968/2250 2176/5759/2164 2177/5758/2166
f 2264/5968/2250 2266/5971/2252 2176/5759/2164
f 2264/5968/2250 2258/5969/2244 2266/5971/2252
f 2176/5972/2164 2266/5973/2252 2267/5974/2253
f 2266/5973/2252 2259/5975/2245 2267/5974/2253
f 2266/5973/2252 2258/5976/2244 2259/5975/2245
f 2176/5972/2164 2267/5974/2253 2179/5977/2165
f 2179/5768/2165 2267/5978/2253 2265/5979/2251
f 2259/5950/2245 2265/5979/2251 2267/5978/2253
f 2179/5768/2165 2265/5979/2251 2181/5771/2167
f 2265/5970/2251 2177/5763/2166 2181/5762/2167
f 2259/5950/2245 2261/5954/2247 2265/5979/2251
f 2252/5961/2238 2253/5980/2239 2256/5966/2241
f 2250/5939/2237 2268/5981/2254 2255/5940/2242
f 2268/5981/2254 2252/5982/2238 2255/5940/2242
f 2243/5916/2229 2268/5983/2254 2250/5984/2237
f 2268/5985/2254 2249/5986/2235 2252/5987/2238
f 2243/5916/2229 2244/5917/2230 2268/5983/2254
f 2244/5918/2230 2249/5986/2235 2268/5985/2254
f 2244/5918/2230 2247/5922/2234 2249/5986/2235
f 2246/5933/2232 2241/5988/2227 2243/5930/2229
f 2234/5891/2220 2235/5894/2221 2246/5920/2232
f 2235/5989/2221 2241/5988/2227 2246/5933/2232
f 2235/5989/2221 2239/5990/2226 2241/5988/2227
f 2232/5882/2216 2238/5907/2224 2228/5883/2214
f 2238/5907/2224 2232/5882/2216 2234/5912/2220
f 2231/5889/2218 2230/5991/2217 2227/5902/2213
f 2230/5991/2217 2223/5992/2208 2225/5993/2211
f 2222/5867/2210 2223/5868/2208 2230/5885/2217
f 2230/5991/2217 2225/5993/2211 2227/5902/2213
f 2215/5871/2201 2225/5873/2211 2223/5994/2208
f 2215/5871/2201 2223/5994/2208 2219/5995/2205
f 2213/5842/2199 2215/5848/2201 2219/5996/2205
f 2201/5811/2186 2200/5813/2187 2204/5836/2190
f 2197/5808/2184 2190/5810/2177 2202/5997/2189
f 2202/5816/2189 2190/5785/2177 2194/5792/2179
f 2187/5778/2173 2188/5779/2174 2193/5804/2180
f 2185/5783/2172 2174/5748/2159 2175/5751/2162
f 2175/5752/2162 2178/5754/2163 2184/5791/2170
f 2272/5998/2255 2270/5999/2256 2269/6000/2257
f 2270/6001/2256 2271/6002/2258 2269/6003/2257
f 2272/6004/2255 2269/6005/2257 2271/6006/2258
f 2272/5998/2255 2273/6007/2259 2270/5999/2256
f 2276/6008/2260 2273/6007/2259 2272/5998/2255
f 2272/6004/2255 2271/6006/2258 2274/6009/2261
f 2275/6010/2262 2272/6004/2255 2274/6009/2261
f 2276/6008/2260 2272/5998/2255 2275/6011/2262
f 2277/6012/2263 2278/6013/2264 2276/6014/2260
f 2277/6012/2263 2276/6014/2260 2275/6015/2262
f 2278/6016/2264 2279/6017/2265 2276/6018/2260
f 2276/6018/2260 2279/6017/2265 2280/6019/2266
f 2276/6018/2260 2280/6019/2266 2273/6020/2259
f 2270/6021/2256 2273/6020/2259 2280/6019/2266
f 2281/6022/2267 2280/6023/2266 2282/6024/2268
f 2270/6021/2256 2280/6019/2266 2281/6025/2267
f 2280/6023/2266 2279/6026/2265 2282/6024/2268
f 2284/6027/2269 2283/6028/2270 2282/6029/2268
f 2283/6028/2270 2293/6030/2271 2282/6029/2268
f 2285/6031/2272 2284/6032/2269 2282/6033/2268
f 2287/6034/2273 2285/6035/2272 2282/6036/2268
f 2288/6037/2274 2286/6038/2275 2282/6039/2268
f 2286/6040/2275 2281/6041/2267 2282/6042/2268
f 2289/6043/2276 2287/6034/2273 2282/6036/2268
f 2290/6044/2277 2288/6037/2274 2282/6039/2268
f 2291/6045/2278 2289/6043/2276 2282/6036/2268
f 2292/6046/2279 2290/6044/2277 2282/6039/2268
f 2279/6047/2265 2291/6045/2278 2282/6036/2268
f 2293/6030/2271 2292/6048/2279 2282/6029/2268
f 2295/6049/2280 2294/6050/2281 2293/6051/2271
f 2296/6052/2282 2293/6051/2271 2294/6050/2281
f 2295/6049/2280 2293/6051/2271 2283/6053/2270
f 2296/6052/2282 2292/6054/2279 2293/6051/2271
f 2274/6055/2261 2297/6056/2283 2296/6057/2282
f 2274/6055/2261 2296/6057/2282 2298/6058/2284
f 2296/6052/2282 2297/6059/2283 2290/6060/2277
f 2298/6061/2284 2296/6062/2282 2294/6063/2281
f 2296/6052/2282 2290/6060/2277 2292/6054/2279
f 2274/6009/2261 2298/6061/2284 2299/6064/2285
f 2298/6061/2284 2294/6063/2281 2299/6064/2285
f 2294/6063/2281 2300/6065/2286 2299/6064/2285
f 2299/6064/2285 2300/6065/2286 2274/6009/2261
f 2294/6063/2281 2295/6066/2280 2300/6065/2286
f 2300/6065/2286 2301/6067/2287 2274/6009/2261
f 2300/6065/2286 2302/6068/2288 2301/6067/2287
f 2300/6065/2286 2295/6066/2280 2302/6068/2288
f 2302/6069/2288 2295/6049/2280 2283/6053/2270
f 2302/6069/2288 2303/6070/2289 2301/6071/2287
f 2302/6069/2288 2304/6072/2290 2303/6070/2289
f 2304/6072/2290 2302/6069/2288 2284/6032/2269
f 2302/6069/2288 2283/6053/2270 2284/6032/2269
f 2304/6073/2290 2305/6074/2291 2303/6075/2289
f 2304/6073/2290 2306/6076/2292 2305/6074/2291
f 2306/6077/2292 2304/6072/2290 2285/6031/2272
f 2304/6072/2290 2284/6032/2269 2285/6031/2272
f 2305/6074/2291 2306/6076/2292 2307/6078/2293
f 2306/6077/2292 2287/6079/2273 2289/6080/2276
f 2306/6077/2292 2285/6031/2272 2287/6079/2273
f 2306/6077/2292 2289/6080/2276 2307/6081/2293
f 2305/6074/2291 2307/6078/2293 2308/6082/2294
f 2308/6082/2294 2307/6078/2293 2278/6013/2264
f 2278/6016/2264 2307/6081/2293 2289/6080/2276
f 2305/6083/2291 2308/6084/2294 2277/6085/2263
f 2308/6082/2294 2278/6013/2264 2277/6012/2263
f 2305/6083/2291 2277/6085/2263 2274/6009/2261
f 2301/6067/2287 2305/6083/2291 2274/6009/2261
f 2301/6067/2287 2303/6086/2289 2305/6083/2291
f 2297/6059/2283 2309/6087/2295 2288/6088/2274
f 2309/6089/2295 2297/6056/2283 2274/6055/2261
f 2297/6059/2283 2288/6088/2274 2290/6060/2277
f 2310/6090/2296 2309/6089/2295 2311/6091/2297
f 2310/6092/2296 2288/6088/2274 2309/6087/2295
f 2309/6089/2295 2274/6055/2261 2311/6091/2297
f 2271/6006/2258 2311/6093/2297 2274/6009/2261
f 2310/6090/2296 2311/6091/2297 2271/6094/2258
f 2270/6001/2256 2310/6095/2296 2271/6002/2258
f 2310/6092/2296 2286/6096/2275 2288/6088/2274
f 2270/6021/2256 2286/6096/2275 2310/6092/2296
f 2278/6016/2264 2289/6080/2276 2291/6097/2278
f 2278/6016/2264 2291/6097/2278 2279/6017/2265
f 2270/6021/2256 2281/6025/2267 2286/6096/2275
f 2277/6085/2263 2275/6010/2262 2274/6009/2261
f 2315/6098/2298 2313/6099/2299 2312/6100/2300
f 2313/6101/2299 2314/6102/2301 2312/6103/2300
f 2316/6104/2302 2312/6105/2300 2314/6106/2301
f 2315/6098/2298 2312/6100/2300 2316/6107/2302
f 2317/6108/2303 2316/6104/2302 2318/6109/2304
f 2317/6110/2303 2315/6098/2298 2316/6107/2302
f 2316/6104/2302 2314/6106/2301 2318/6109/2304
f 2314/6106/2301 2319/6111/2305 2318/6109/2304
f 2320/6112/2306 2318/6113/2304 2319/6114/2305
f 2320/6112/2306 2325/6115/2307 2318/6113/2304
f 2318/6109/2304 2321/6116/2308 2326/6117/2309
f 2318/6113/2304 2322/6118/2310 2321/6119/2308
f 2318/6113/2304 2325/6115/2307 2322/6118/2310
f 2326/6117/2309 2323/6120/2311 2318/6109/2304
f 2323/6120/2311 2324/6121/2312 2318/6109/2304
f 2324/6121/2312 2317/6108/2303 2318/6109/2304
f 2321/6116/2308 2327/6122/2313 2326/6117/2309
f 2327/6122/2313 2328/6123/2314 2326/6117/2309
f 2328/6124/2314 2329/6125/2315 2326/6126/2309
f 2329/6127/2315 2330/6128/2316 2326/6129/2309
f 2326/6117/2309 2330/6130/2316 2323/6120/2311
f 2329/6127/2315 2331/6131/2317 2330/6128/2316
f 2331/6131/2317 2323/6132/2311 2330/6128/2316
f 2329/6133/2315 2334/6134/2318 2331/6135/2317
f 2331/6131/2317 2332/6136/2319 2323/6132/2311
f 2331/6135/2317 2333/6137/2320 2332/6138/2319
f 2331/6135/2317 2334/6134/2318 2333/6137/2320
f 2329/6133/2315 2335/6139/2321 2334/6134/2318
f 2334/6140/2318 2335/6141/2321 2336/6142/2322
f 2333/6143/2320 2334/6140/2318 2336/6142/2322
f 2339/6144/2323 2337/6145/2324 2336/6146/2322
f 2337/6145/2324 2346/6147/2325 2336/6146/2322
f 2340/6148/2326 2338/6149/2327 2336/6150/2322
f 2338/6151/2327 2347/6152/2328 2336/6142/2322
f 2341/6153/2329 2339/6154/2323 2336/6155/2322
f 2342/6156/2330 2340/6148/2326 2336/6150/2322
f 2343/6157/2331 2341/6153/2329 2336/6155/2322
f 2345/6158/2332 2342/6156/2330 2336/6150/2322
f 2335/6159/2321 2343/6157/2331 2336/6155/2322
f 2346/6147/2325 2344/6160/2333 2336/6146/2322
f 2344/6161/2333 2345/6162/2332 2336/6163/2322
f 2347/6152/2328 2333/6143/2320 2336/6142/2322
f 2348/6164/2334 2349/6165/2335 2347/6166/2328
f 2348/6164/2334 2347/6166/2328 2338/6167/2327
f 2332/6138/2319 2333/6137/2320 2347/6166/2328
f 2332/6138/2319 2347/6166/2328 2349/6165/2335
f 2323/6132/2311 2332/6136/2319 2349/6168/2335
f 2323/6132/2311 2349/6168/2335 2350/6169/2336
f 2349/6168/2335 2324/6170/2312 2350/6169/2336
f 2349/6168/2335 2348/6171/2334 2324/6170/2312
f 2323/6120/2311 2350/6172/2336 2324/6121/2312
f 2351/6173/2337 2348/6164/2334 2338/6167/2327
f 2324/6174/2312 2348/6175/2334 2351/6176/2337
f 2317/6110/2303 2351/6176/2337 2315/6098/2298
f 2324/6174/2312 2351/6176/2337 2317/6110/2303
f 2351/6173/2337 2340/6177/2326 2342/6178/2330
f 2351/6173/2337 2338/6167/2327 2340/6177/2326
f 2351/6173/2337 2342/6178/2330 2315/6179/2298
f 2352/6180/2338 2344/6160/2333 2346/6147/2325
f 2352/6180/2338 2346/6147/2325 2320/6112/2306
f 2320/6112/2306 2346/6147/2325 2337/6145/2324
f 2352/6180/2338 2313/6181/2299 2345/6182/2332
f 2313/6101/2299 2352/6183/2338 2314/6102/2301
f 2352/6180/2338 2319/6114/2305 2314/6184/2301
f 2352/6180/2338 2320/6112/2306 2319/6114/2305
f 2352/6180/2338 2345/6182/2332 2344/6160/2333
f 2315/6179/2298 2345/6182/2332 2313/6181/2299
f 2315/6179/2298 2342/6178/2330 2345/6182/2332
f 2353/6185/2339 2341/6186/2329 2343/6187/2331
f 2353/6185/2339 2343/6187/2331 2335/6139/2321
f 2353/6185/2339 2354/6188/2340 2341/6186/2329
f 2354/6189/2340 2353/6190/2339 2328/6124/2314
f 2328/6124/2314 2353/6190/2339 2329/6125/2315
f 2353/6185/2339 2335/6139/2321 2329/6133/2315
f 2321/6191/2308 2322/6192/2310 2354/6189/2340
f 2321/6191/2308 2354/6189/2340 2327/6193/2313
f 2322/6118/2310 2341/6186/2329 2354/6188/2340
f 2354/6189/2340 2328/6124/2314 2327/6193/2313
f 2322/6118/2310 2339/6144/2323 2341/6186/2329
f 2325/6115/2307 2337/6145/2324 2339/6144/2323
f 2325/6115/2307 2339/6144/2323 2322/6118/2310
f 2320/6112/2306 2337/6145/2324 2325/6115/2307
