# Blender 5.1.2
# www.blender.org
mtllib rightArm.mtl
o Mesh_Mesh.182
v 0.065834 -0.182516 -0.005889
v 0.051539 -0.180519 -0.037158
v 0.075078 -0.182411 -0.008281
v 0.051721 -0.146099 -0.034937
v 0.067784 -0.184040 0.018696
v 0.064902 -0.141369 -0.005757
v 0.066059 -0.140066 -0.003149
v 0.073457 -0.141163 -0.009655
v 0.068058 -0.132195 0.022042
v 0.075302 -0.139960 -0.005542
v 0.077468 -0.184295 0.021859
v 0.077741 -0.132449 0.025205
v 0.044293 -0.127661 0.064367
v 0.060879 -0.155930 0.043117
v 0.053763 -0.155497 0.036987
v 0.065734 -0.184174 0.021067
v 0.044138 -0.157061 0.062469
v 0.072850 -0.184607 0.027197
v 0.037022 -0.156628 0.056338
v 0.037177 -0.127228 0.058236
v 0.059581 -0.145791 -0.040353
v 0.059399 -0.180212 -0.042575
v 0.052415 -0.147193 -0.047690
v 0.048979 -0.180351 -0.039738
v 0.055662 -0.179961 -0.046342
v 0.045732 -0.147584 -0.041087
v -0.071101 -0.111461 -0.003741
v -0.068814 -0.116996 0.000469
v -0.040668 -0.118852 -0.007941
v -0.095263 -0.114270 0.003955
v -0.096394 -0.108449 0.000282
v -0.072900 -0.116345 -0.010662
v -0.042940 -0.120276 -0.015192
v -0.048549 -0.127034 -0.018867
v -0.030544 -0.123655 -0.017799
v -0.028881 -0.118568 -0.014281
v -0.030643 -0.118142 -0.006634
v -0.021541 -0.114801 -0.014148
v -0.024053 -0.114365 -0.006015
v -0.018344 -0.118870 -0.019044
v -0.014946 -0.124989 -0.020742
v -0.010896 -0.115183 -0.016539
v -0.015482 -0.111947 -0.012763
v -0.019018 -0.113105 -0.002822
v -0.011073 -0.118396 -0.009878
v -0.014512 -0.119646 -0.003483
v -0.008926 -0.124525 -0.003892
v -0.006442 -0.121329 -0.011892
v -0.005472 -0.119430 -0.018399
v -0.000173 -0.123942 -0.016918
v -0.001775 -0.125365 -0.010430
v 0.003762 -0.128598 -0.012047
v -0.002079 -0.128568 -0.003494
v 0.003630 -0.135354 0.005155
v -0.005076 -0.130315 0.003124
v 0.005530 -0.132382 -0.003388
v -0.000264 -0.135894 -0.013265
v 0.002839 -0.139627 -0.003292
v -0.000472 -0.146091 -0.001494
v 0.002923 -0.145900 0.004583
v 0.004020 -0.140403 0.005258
v 0.001480 -0.140751 0.012709
v -0.000237 -0.138059 0.009783
v 0.005301 -0.143933 0.009199
v 0.005035 -0.150364 0.012098
v 0.008134 -0.142081 0.013213
v 0.008940 -0.144698 0.015485
v 0.006511 -0.145971 0.017971
v 0.012091 -0.138186 0.021799
v 0.013794 -0.137545 0.018603
v 0.014258 -0.134572 0.019676
v 0.011709 -0.136235 0.015302
v 0.013275 -0.134784 0.021981
v 0.012881 -0.133180 0.017660
v 0.011357 -0.132632 0.018935
v 0.008332 -0.134397 0.016700
v 0.006635 -0.135832 0.020563
v 0.009611 -0.133180 0.020440
v 0.004723 -0.139700 0.014992
v 0.002728 -0.141362 0.018187
v 0.004086 -0.144593 0.019656
v 0.008632 -0.137725 0.022830
v -0.000929 -0.143335 0.016975
v -0.001188 -0.148330 0.018160
v -0.005648 -0.149542 0.014473
v -0.005506 -0.142297 0.013016
v -0.005381 -0.134118 0.009898
v -0.016731 -0.139970 0.008888
v -0.010803 -0.149916 0.009266
v -0.014658 -0.153644 0.000987
v -0.007511 -0.154538 0.008638
v -0.016858 -0.150674 0.002570
v -0.017859 -0.155816 0.000776
v -0.020526 -0.154080 0.002104
v -0.024362 -0.141113 0.003468
v -0.029360 -0.146514 -0.002402
v -0.029850 -0.131001 0.004247
v -0.024762 -0.127201 0.008691
v -0.025479 -0.117600 0.003328
v -0.018956 -0.125062 0.008966
v -0.012778 -0.131726 0.010796
v -0.032668 -0.121718 -0.000568
v -0.039311 -0.133040 -0.003379
v -0.041628 -0.123207 -0.002102
v -0.060341 -0.136425 -0.003806
v -0.050640 -0.156392 -0.006830
v -0.088091 -0.134380 -0.000390
v -0.083456 -0.152252 -0.005524
v -0.058801 -0.177847 -0.009542
v -0.085559 -0.171303 -0.009849
v -0.112693 -0.166128 -0.010279
v -0.117082 -0.146717 -0.003566
v -0.152919 -0.139798 -0.000845
v -0.121251 -0.127548 0.002712
v -0.138970 -0.164823 -0.011946
v -0.166735 -0.149582 -0.007239
v -0.152870 -0.170162 -0.016858
v -0.137768 -0.187624 -0.020845
v -0.121583 -0.187709 -0.016729
v -0.124957 -0.204242 -0.021008
v -0.097428 -0.201568 -0.014297
v -0.107947 -0.180496 -0.013389
v -0.088966 -0.187162 -0.013010
v -0.073900 -0.208673 -0.015915
v -0.067031 -0.194927 -0.013249
v -0.049046 -0.206264 -0.014487
v -0.056790 -0.215857 -0.018766
v -0.054466 -0.218779 -0.023406
v -0.046639 -0.208714 -0.018769
v -0.070000 -0.222255 -0.022163
v -0.068739 -0.225041 -0.026527
v -0.084699 -0.222733 -0.021583
v -0.086794 -0.224859 -0.024627
v -0.105147 -0.217952 -0.019913
v -0.123809 -0.205757 -0.026151
v -0.106189 -0.219506 -0.024224
v -0.102940 -0.216395 -0.027578
v -0.119049 -0.203307 -0.030706
v -0.133336 -0.184079 -0.029025
v -0.100914 -0.204441 -0.028174
v -0.110273 -0.195296 -0.029028
v -0.121797 -0.178140 -0.027664
v -0.094720 -0.186153 -0.027081
v -0.104602 -0.172410 -0.022034
v -0.114664 -0.156920 -0.016518
v -0.089373 -0.166604 -0.019172
v -0.094170 -0.154250 -0.014465
v -0.073853 -0.137982 -0.017185
v -0.071672 -0.148284 -0.018753
v -0.098553 -0.139940 -0.012701
v -0.099889 -0.128555 -0.011639
v -0.074011 -0.127840 -0.015059
v -0.123207 -0.140447 -0.010976
v -0.145177 -0.141924 -0.014206
v -0.125813 -0.125711 -0.008912
v -0.133616 -0.160404 -0.020923
v -0.149437 -0.164400 -0.023448
v -0.138635 -0.187074 -0.026466
v -0.163776 -0.144758 -0.016021
v -0.154129 -0.169313 -0.021689
v -0.168214 -0.148128 -0.012140
v -0.178274 -0.125836 -0.000381
v -0.176542 -0.129747 0.003266
v -0.175158 -0.125030 -0.007895
v -0.174859 -0.116544 -0.005306
v -0.156094 -0.121376 -0.008559
v -0.126866 -0.110801 -0.006569
v -0.151075 -0.107286 -0.005695
v -0.160878 -0.106654 -0.003232
v -0.170636 -0.109951 -0.003483
v -0.163589 -0.100427 0.004217
v -0.173957 -0.106332 0.004783
v -0.178702 -0.115405 0.003557
v -0.176357 -0.119202 0.008466
v -0.172118 -0.111136 0.009601
v -0.161370 -0.104986 0.009640
v -0.159529 -0.121413 0.008099
v -0.147375 -0.107834 0.006385
v -0.125006 -0.104428 0.000070
v -0.149010 -0.100121 0.002473
v -0.125089 -0.110884 0.003772
v -0.098380 -0.113543 -0.007571
v -0.049899 -0.135000 -0.020434
v -0.049601 -0.143061 -0.021777
v -0.028957 -0.138915 -0.021126
v -0.030036 -0.132495 -0.020260
v -0.010648 -0.132081 -0.020251
v -0.009228 -0.142633 -0.017496
v -0.011524 -0.140642 -0.019427
v -0.011925 -0.143814 -0.023976
v -0.028172 -0.145406 -0.021824
v -0.007793 -0.143784 -0.022797
v -0.003330 -0.144077 -0.027675
v -0.006735 -0.146622 -0.022283
v -0.001599 -0.147240 -0.025743
v -0.007927 -0.148445 -0.022407
v -0.009367 -0.144566 -0.016039
v -0.011187 -0.152460 -0.003715
v -0.013292 -0.149207 -0.017334
v -0.016874 -0.154847 -0.005207
v -0.030625 -0.162687 -0.022023
v -0.028948 -0.169696 -0.005924
v -0.026346 -0.162180 -0.034423
v -0.039360 -0.169745 -0.033669
v -0.039505 -0.175568 -0.024687
v -0.001830 -0.151402 -0.027169
v -0.002489 -0.154860 -0.036233
v 0.006893 -0.150862 -0.026593
v 0.005082 -0.145696 -0.026272
v 0.008880 -0.145513 -0.024501
v 0.002545 -0.140180 -0.031368
v 0.004801 -0.139299 -0.038706
v 0.010859 -0.133223 -0.029617
v -0.006746 -0.145262 -0.036344
v -0.023194 -0.160426 -0.040537
v -0.002012 -0.151976 -0.041892
v -0.025803 -0.153072 -0.036799
v -0.038402 -0.166080 -0.039791
v -0.041743 -0.159878 -0.035934
v -0.027090 -0.150598 -0.025733
v -0.043582 -0.156642 -0.025828
v -0.047430 -0.150364 -0.023245
v -0.063014 -0.165061 -0.025694
v -0.061217 -0.168188 -0.032230
v -0.072625 -0.188499 -0.031915
v -0.080528 -0.179424 -0.028492
v -0.054554 -0.177036 -0.036970
v -0.055474 -0.181045 -0.032831
v -0.055915 -0.188476 -0.027687
v -0.071058 -0.190798 -0.030438
v -0.068428 -0.197287 -0.027889
v -0.087412 -0.196773 -0.029452
v -0.078751 -0.202407 -0.027218
v -0.090883 -0.207722 -0.026216
v -0.085955 -0.219958 -0.030100
v -0.069475 -0.219120 -0.030948
v -0.056919 -0.214324 -0.027602
v -0.048723 -0.205758 -0.022798
v -0.037080 -0.184529 -0.012674
v -0.035856 -0.188075 -0.006813
v -0.027327 -0.172329 -0.000264
v -0.037975 -0.186048 -0.004243
v -0.030177 -0.169860 0.000935
v -0.081936 -0.177389 -0.024976
v -0.068071 -0.157422 -0.021342
v 0.009842 -0.142388 -0.040085
v 0.010216 -0.148634 -0.034488
v 0.015174 -0.145510 -0.031492
v 0.010210 -0.149667 -0.025129
v 0.013979 -0.148042 -0.021277
v 0.012241 -0.144493 -0.021073
v 0.016242 -0.147768 -0.017202
v 0.023700 -0.142490 -0.021709
v 0.014368 -0.144472 -0.015993
v 0.019068 -0.143346 -0.027593
v 0.027074 -0.131569 -0.025995
v 0.021144 -0.132887 -0.032789
v 0.016449 -0.134296 -0.035901
v 0.014077 -0.131532 -0.034930
v 0.018484 -0.130040 -0.030153
v 0.024236 -0.130088 -0.024027
v 0.014547 -0.133197 -0.025845
v 0.018803 -0.133979 -0.018597
v 0.031897 -0.129854 -0.014543
v 0.023290 -0.133882 -0.009539
v 0.029323 -0.133732 0.000399
v 0.022722 -0.144998 0.003090
v 0.017376 -0.144603 -0.007164
v 0.020123 -0.148370 -0.008862
v 0.028282 -0.143192 -0.012477
v 0.025918 -0.148829 0.001391
v 0.027135 -0.143979 0.006011
v 0.029698 -0.146769 0.004705
v 0.033488 -0.143774 -0.003169
v 0.039739 -0.133319 -0.004998
v 0.035774 -0.142007 0.003805
v 0.039911 -0.136015 0.001524
v 0.038061 -0.130631 -0.003339
v 0.038085 -0.133582 0.002513
v 0.032469 -0.137223 0.005064
v 0.033927 -0.132015 -0.016394
v -0.003212 -0.153252 0.004590
v -0.002242 -0.154039 0.013080
v 0.001649 -0.152493 0.008943
v 0.001704 -0.151816 0.016123
v -0.011534 -0.127182 0.003827
v -0.016384 -0.122516 0.002521
v -0.020773 -0.116528 0.003959
v 0.010712 -0.135209 0.023027
v 0.014797 -0.060239 0.022188
v 0.020036 -0.059609 0.013211
v 0.012543 -0.023130 0.020332
v 0.003736 -0.061192 0.023174
v 0.003253 -0.023645 0.021198
v 0.023947 -0.088423 0.014325
v 0.016847 -0.089938 0.027188
v 0.004000 -0.090924 0.027358
v 0.026382 -0.106468 0.013106
v 0.017951 -0.109570 0.029867
v 0.004990 -0.110387 0.029997
v 0.015549 -0.120844 0.022940
v 0.005675 -0.122249 0.027936
v 0.014390 -0.126722 0.016475
v 0.006118 -0.131166 0.022868
v 0.024617 -0.120360 0.011403
v 0.025264 -0.119118 0.001296
v 0.016723 -0.124960 0.002699
v 0.017352 -0.125437 0.010274
v 0.014096 -0.130341 0.003390
v 0.013241 -0.131888 0.008468
v 0.006926 -0.135234 0.005284
v 0.011036 -0.133200 0.013563
v 0.006485 -0.134261 0.017922
v 0.004024 -0.135831 0.011106
v -0.004250 -0.134519 0.012952
v -0.002829 -0.134658 0.008361
v -0.000205 -0.134105 0.002753
v 0.000742 -0.135149 0.016327
v -0.003619 -0.131661 0.021605
v -0.008823 -0.123346 0.025367
v -0.009691 -0.131280 0.013821
v -0.015191 -0.122260 0.015678
v -0.008973 -0.131192 0.007292
v -0.015712 -0.120517 0.005136
v -0.005577 -0.130251 -0.000250
v -0.010962 -0.120737 -0.003593
v -0.002442 -0.121195 -0.010115
v 0.001446 -0.129425 -0.005361
v 0.011912 -0.127499 -0.003664
v 0.004012 -0.133044 -0.001524
v 0.013559 -0.118090 -0.005215
v 0.025154 -0.107074 -0.000585
v 0.014225 -0.108236 -0.007681
v -0.004139 -0.108806 -0.010431
v -0.003516 -0.089714 -0.003784
v -0.012499 -0.107645 -0.004428
v -0.007640 -0.089382 0.000398
v -0.010320 -0.090811 0.006994
v -0.016971 -0.107883 0.004950
v -0.009397 -0.090770 0.014190
v -0.016651 -0.109913 0.015122
v -0.011305 -0.109866 0.024841
v -0.005569 -0.091531 0.020603
v -0.003550 -0.061267 0.017625
v -0.005947 -0.061553 0.007625
v -0.004132 -0.023984 0.016944
v -0.006686 -0.024187 0.007854
v 0.000699 -0.060814 -0.001694
v -0.008397 0.013088 0.008143
v -0.000817 -0.023759 -0.000326
v 0.008947 -0.022990 -0.001745
v -0.003200 0.013471 -0.000433
v 0.011214 -0.059384 -0.002065
v 0.020963 -0.087816 0.001067
v 0.017709 -0.058149 0.003683
v 0.011556 -0.088477 -0.005220
v 0.018089 -0.022374 0.012135
v 0.016171 -0.022487 0.003535
v 0.015407 0.014406 0.002432
v 0.017064 0.014169 0.012124
v 0.010677 0.013781 0.020294
v 0.014735 0.052128 0.012370
v 0.013098 0.089645 0.013410
v 0.011139 0.089731 0.004320
v 0.012833 0.052244 0.003284
v 0.008676 0.051886 0.019668
v -0.002073 0.089183 0.021121
v 0.006998 0.089663 0.020504
v 0.001457 0.013564 0.020967
v -0.000217 0.051454 0.020337
v -0.007134 0.051174 0.016762
v -0.010376 0.051207 0.008810
v -0.012515 0.089009 0.009716
v -0.005723 0.013211 0.016630
v -0.008876 0.089001 0.017890
v -0.013361 0.125988 0.010956
v -0.003544 0.125979 0.021677
v -0.010249 0.126067 0.018429
v -0.015569 0.158208 0.014065
v -0.012325 0.157845 0.021621
v -0.017903 0.171118 0.016686
v -0.015004 0.170405 0.025599
v -0.004483 0.158135 0.024761
v 0.004430 0.158474 0.023033
v 0.005163 0.171141 0.024790
v -0.005133 0.171194 0.029546
v -0.004981 0.180862 0.036996
v 0.006153 0.183568 0.026713
v -0.014497 0.179947 0.035610
v -0.019434 0.180391 0.031541
v -0.024342 0.189794 0.038173
v -0.016262 0.189577 0.043575
v -0.005524 0.191567 0.043500
v -0.023645 0.198632 0.040869
v -0.015242 0.197216 0.046201
v -0.010533 0.204654 0.043720
v -0.003584 0.197458 0.044099
v -0.017191 0.201652 0.045343
v -0.021855 0.205278 0.041073
v -0.016650 0.207978 0.039609
v -0.011404 0.219763 0.044113
v -0.017339 0.219572 0.036560
v -0.020709 0.207977 0.032065
v -0.020916 0.208355 0.023381
v -0.022635 0.204684 0.027629
v -0.025172 0.204799 0.034273
v -0.020369 0.215311 0.027903
v -0.011564 0.220165 0.031258
v -0.016166 0.210809 0.019840
v -0.014618 0.217242 0.025264
v -0.000617 0.217626 0.024513
v -0.004364 0.215503 0.019168
v -0.005731 0.210722 0.015395
v 0.004707 0.214990 0.012521
v 0.009165 0.218852 0.016787
v 0.014719 0.216359 0.010971
v 0.003152 0.209595 0.008553
v 0.011535 0.213303 0.006899
v 0.020584 0.213033 0.007430
v 0.018658 0.209849 0.004176
v 0.010771 0.209268 0.003777
v 0.011710 0.203829 0.001721
v 0.003701 0.203284 0.007002
v 0.002145 0.193723 0.008955
v -0.005642 0.201358 0.016700
v -0.005406 0.192515 0.015895
v -0.015803 0.201164 0.019179
v -0.015466 0.190647 0.016848
v -0.023681 0.198940 0.024361
v -0.021648 0.183534 0.018967
v -0.025878 0.201642 0.030600
v -0.026870 0.193391 0.029262
v -0.022122 0.181409 0.026413
v -0.007337 0.184366 0.011312
v 0.008913 0.187174 0.002994
v 0.006064 0.173754 0.003417
v -0.008248 0.172490 0.006896
v -0.007878 0.159738 0.005164
v 0.003392 0.160181 0.002778
v 0.002477 0.126130 0.000987
v 0.010949 0.158942 0.006497
v 0.012669 0.172190 0.007488
v 0.018304 0.183941 0.010923
v 0.013989 0.185574 0.004203
v 0.017268 0.185486 0.006912
v 0.011537 0.171741 0.014943
v 0.015487 0.184311 0.016653
v 0.010342 0.158452 0.014759
v 0.010302 0.125739 0.005360
v 0.012107 0.125926 0.014571
v 0.005188 0.125879 0.021082
v 0.003452 0.089810 -0.000804
v -0.005042 0.051776 0.000296
v 0.004838 0.052171 -0.001573
v -0.006445 0.089437 0.000931
v -0.007706 0.126099 0.002421
v 0.007162 0.014178 -0.002727
v 0.017438 0.196046 0.025542
v 0.023620 0.197167 0.018923
v 0.025356 0.205760 0.022501
v 0.027913 0.206146 0.015588
v 0.025526 0.198706 0.012906
v 0.023923 0.200828 0.006593
v 0.025128 0.208363 0.008420
v 0.018997 0.202463 0.002650
v 0.023813 0.213379 0.011056
v 0.027201 0.210462 0.014724
v 0.025239 0.214157 0.020568
v 0.019612 0.215036 0.030668
v 0.014574 0.219927 0.023284
v 0.020236 0.217343 0.016264
v 0.008783 0.213870 0.035773
v 0.004067 0.217766 0.030470
v 0.001961 0.215734 0.043613
v -0.004965 0.220005 0.039185
v -0.006085 0.215599 0.048003
v -0.000376 0.204979 0.047495
v 0.005650 0.207158 0.045246
v 0.001454 0.193663 0.038600
v 0.012504 0.205764 0.038836
v 0.009381 0.195403 0.032751
v 0.021044 0.207266 0.032900
v 0.009798 -0.132316 -0.000633
v 0.052634 -0.134949 -0.027162
v 0.045554 -0.131259 -0.034108
v 0.059317 -0.134559 -0.033765
v 0.057430 -0.114831 -0.021117
v 0.053139 -0.140042 -0.026952
v 0.057302 -0.138914 -0.022671
v 0.066947 -0.135364 -0.001314
v 0.075502 -0.135158 -0.005211
v 0.065162 -0.138607 -0.028088
v 0.059821 -0.139652 -0.033555
v 0.065290 -0.114523 -0.026534
v 0.071110 -0.101550 -0.013074
v 0.052237 -0.130868 -0.040711
v 0.067816 -0.100146 0.002455
v 0.077058 -0.100041 0.000062
v 0.076877 -0.134262 -0.002146
v 0.062555 -0.101756 -0.009177
v 0.067635 -0.134368 0.000246
v 0.069012 -0.128410 0.017604
v 0.046654 -0.124663 0.043819
v 0.053770 -0.125096 0.049951
v 0.054386 -0.096898 0.036807
v 0.069174 -0.097716 0.019584
v 0.078695 -0.128665 0.020767
v 0.078858 -0.097971 0.022747
v 0.061502 -0.097331 0.042938
v 0.053861 -0.107733 0.051071
v 0.046745 -0.107299 0.044940
v 0.060405 0.010128 -0.030291
v 0.052545 0.009820 -0.024875
v 0.035195 -0.033707 -0.045012
v 0.067562 -0.096062 -0.020206
v 0.075977 -0.012302 0.002695
v 0.039040 -0.033117 -0.054475
v 0.059752 -0.113471 -0.038268
v 0.063007 0.019457 -0.024087
v 0.054452 0.019251 -0.020190
v 0.066734 -0.012408 0.005089
v 0.067651 -0.025676 0.016687
v 0.059008 -0.096268 -0.016307
v 0.066302 -0.094141 -0.000186
v 0.077025 -0.025678 0.015944
v 0.078133 -0.058462 0.029980
v 0.068449 -0.058207 0.026816
v 0.075545 -0.094037 -0.002578
v 0.068276 -0.091004 0.024699
v 0.077959 -0.091260 0.027863
v 0.054669 -0.090401 0.054956
v 0.047553 -0.089968 0.048825
v 0.051892 -0.113780 -0.032851
v 0.042237 -0.135405 -0.057293
v 0.035554 -0.135797 -0.050690
v 0.034664 -0.134055 -0.051488
v -0.011664 -0.066295 -0.046190
v 0.038510 -0.133464 -0.060950
v -0.012112 -0.115210 -0.058766
v -0.011925 -0.115817 -0.049385
v -0.011850 -0.065688 -0.055570
v 0.061326 0.099310 -0.036231
v 0.077264 0.090556 -0.004403
v 0.054417 0.094199 -0.032415
v 0.032504 0.131072 -0.031181
v 0.044173 0.154053 0.006036
v 0.035834 0.149044 0.007401
v 0.025596 0.125962 -0.027366
v 0.068925 0.085548 -0.003037
v 0.070297 0.090865 0.035214
v 0.045235 0.119810 0.041882
v 0.061922 0.086796 0.033901
v 0.053610 0.123878 0.043196
v -0.029686 0.088575 0.037188
v -0.021885 0.088494 0.031940
v -0.015124 0.111671 0.041634
v -0.032637 0.039564 0.033550
v -0.000545 0.006597 0.081756
v -0.022925 0.111751 0.046883
v 0.007257 0.006517 0.076508
v -0.024836 0.039484 0.028302
v -0.023656 -0.002633 0.047544
v -0.015854 -0.002713 0.042296
v 0.018517 -0.039946 0.022378
v 0.033401 -0.117941 0.022466
v 0.030672 -0.039189 0.020708
v 0.021631 0.107892 0.021649
v 0.009476 0.107135 0.023319
v -0.000214 0.106491 0.030855
v 0.008827 -0.040590 0.029913
v 0.016744 -0.119010 0.029486
v 0.024133 -0.118519 0.023740
v 0.015484 -0.127420 0.024528
v 0.020357 -0.126426 0.020033
v 0.026962 -0.128016 0.018205
v 0.033673 -0.131312 0.020108
v 0.013722 -0.130240 0.030691
v 0.013215 -0.119285 0.038164
v 0.015604 -0.133307 0.037463
v 0.014490 -0.119269 0.047449
v 0.020236 -0.136166 0.042529
v 0.038610 -0.134832 0.025422
v 0.047801 -0.117132 0.033411
v 0.042064 -0.117434 0.026007
v 0.040049 -0.137756 0.031996
v 0.026492 -0.138509 0.044425
v 0.037908 -0.139510 0.038314
v 0.049076 -0.117117 0.042696
v 0.049560 -0.038120 0.035062
v 0.045546 -0.117392 0.051374
v 0.051232 -0.038095 0.047240
v 0.046602 -0.038452 0.058621
v 0.037561 0.108629 0.059563
v 0.042191 0.108986 0.048182
v 0.040519 0.108962 0.036003
v 0.027798 0.161894 0.051322
v 0.031193 0.162156 0.042976
v 0.029967 0.162138 0.034046
v -0.002073 0.160083 0.047547
v 0.024448 0.161845 0.026924
v 0.032994 0.108561 0.026292
v 0.016116 0.161355 0.023519
v 0.007202 0.160798 0.024743
v 0.000096 0.160326 0.030269
v -0.003299 0.160064 0.038617
v -0.004843 0.106133 0.042237
v 0.004197 -0.040948 0.041295
v -0.003172 0.106158 0.054415
v 0.005869 -0.040923 0.053474
v 0.004354 0.106559 0.064126
v 0.013395 -0.040523 0.063185
v 0.020227 -0.118968 0.054853
v 0.028891 -0.118461 0.058392
v 0.024757 -0.039854 0.067828
v 0.038159 -0.117883 0.057119
v 0.036912 -0.039096 0.066158
v 0.032935 -0.139751 0.042856
v 0.027871 0.107985 0.067098
v 0.015717 0.107227 0.068769
v 0.020691 0.161421 0.056849
v 0.011778 0.160867 0.058073
v 0.003445 0.160376 0.054668
v 0.042035 -0.038520 0.025350
v 0.004340 0.154299 0.015817
v -0.005831 0.153624 0.023727
v 0.003652 0.165482 0.015889
v 0.017097 0.155095 0.014065
v 0.016410 0.166278 0.014136
v 0.036920 0.156217 0.029130
v 0.029022 0.155796 0.018937
v 0.036234 0.167400 0.029202
v 0.010888 0.154396 0.063521
v 0.038676 0.156243 0.041912
v 0.033817 0.155867 0.053859
v 0.037988 0.167427 0.041984
v 0.033129 0.167051 0.053930
v 0.029952 0.184994 0.047749
v 0.034443 0.184764 0.035369
v 0.031904 0.184049 0.021622
v 0.021054 0.211998 0.025961
v 0.025943 0.205542 0.015919
v 0.024630 0.196715 0.006600
v 0.006375 0.181414 -0.000736
v -0.005676 0.179038 0.003211
v -0.015457 0.181395 0.011288
v 0.017468 0.187884 0.000504
v -0.020346 0.187851 0.021332
v -0.004348 0.178526 0.005155
v 0.008840 0.180121 0.003177
v -0.019033 0.196678 0.030650
v -0.013670 0.183232 0.041605
v -0.011871 0.205510 0.036746
v -0.017080 0.182676 0.026999
v -0.006519 0.164807 0.023798
v -0.013874 0.180178 0.013684
v -0.011378 0.164432 0.035745
v -0.010691 0.153248 0.035672
v -0.008935 0.153274 0.048454
v -0.009623 0.164458 0.048526
v -0.001725 0.164879 0.058719
v -0.005008 0.183571 0.052635
v -0.000777 0.211980 0.037987
v 0.007176 0.184167 0.057710
v 0.011273 0.214354 0.034039
v 0.010201 0.165580 0.063592
v 0.019944 0.184732 0.055889
v 0.022958 0.166375 0.061839
v 0.023646 0.155191 0.061768
v -0.001037 0.153695 0.058647
v 0.022319 0.182814 0.009301
v 0.028335 0.166981 0.019009
v -0.020176 -0.080434 0.045747
v -0.013509 -0.099019 0.046419
v -0.009772 -0.077169 0.045769
v -0.004066 -0.076158 0.036532
v -0.024417 -0.097295 0.029264
v -0.008815 -0.091547 0.019975
v -0.034129 -0.142815 0.025570
v -0.031310 -0.137491 0.006937
v -0.008504 -0.131293 0.026131
v -0.023039 -0.097033 0.012219
v -0.001891 -0.117316 -0.012087
v -0.008668 -0.127753 0.009398
v -0.027416 -0.144206 0.005367
v 0.005232 -0.121567 0.017216
v 0.001052 -0.122380 -0.013278
v 0.010246 -0.110124 -0.014332
v 0.017692 -0.113987 -0.007268
v 0.012925 -0.114733 -0.015418
v 0.014904 -0.109190 -0.006138
v 0.001861 -0.092676 0.037129
v -0.003397 -0.094936 0.046410
v -0.034523 -0.151109 0.015658
v -0.029756 -0.150363 0.023809
v -0.038787 -0.143749 0.017376
v -0.028687 -0.042815 0.039421
v -0.014666 -0.058935 0.043402
v -0.025298 -0.061354 0.043272
v -0.011680 -0.042458 0.030853
v -0.017905 -0.041210 0.039720
v -0.034874 -0.060952 0.025299
v -0.018094 -0.059272 0.016445
v -0.008973 -0.091139 0.019971
v 0.003868 -0.085083 -0.004221
v -0.013640 -0.091636 -0.010052
v -0.008637 -0.059123 0.034319
v -0.032617 -0.063704 0.008570
v -0.023200 -0.096614 0.012215
v -0.046993 -0.103201 0.009653
v -0.044103 -0.110734 0.009720
v -0.051722 -0.104357 0.028621
v -0.055982 -0.106156 0.020354
v -0.052818 -0.114401 0.020426
v -0.048493 -0.112773 0.028694
v -0.024594 -0.096833 0.029260
v -0.011470 -0.097292 -0.010001
v 0.005896 -0.090369 -0.004173
v 0.001571 -0.091997 -0.012440
v -0.000392 -0.086882 -0.012488
v -0.030897 -0.006471 0.028624
v -0.019689 -0.023439 0.034889
v -0.030552 -0.024242 0.034373
v -0.013681 -0.009431 0.021035
v -0.020019 -0.006427 0.029384
v -0.039185 -0.024657 0.015971
v -0.021978 -0.026520 0.008021
v -0.018178 -0.058849 0.016363
v -0.003320 -0.058796 -0.007470
v -0.021353 -0.063433 -0.013536
v -0.013367 -0.025639 0.026280
v -0.036652 -0.029635 -0.000195
v -0.032703 -0.063265 0.008484
v -0.057083 -0.066416 0.005145
v -0.055476 -0.074295 0.006640
v -0.062871 -0.063766 0.023664
v -0.066952 -0.066196 0.015468
v -0.065215 -0.074705 0.017081
v -0.061111 -0.072379 0.025295
v -0.034967 -0.060478 0.025207
v -0.020105 -0.069579 -0.012363
v -0.002159 -0.064519 -0.006377
v -0.006262 -0.066844 -0.014591
v -0.007402 -0.061225 -0.015664
v -0.027466 0.027958 0.015642
v -0.029831 0.011169 0.022217
v -0.016735 0.026533 0.016955
v -0.010521 0.022243 0.009089
v -0.037686 0.010584 0.003490
v -0.020601 0.005784 -0.003423
v -0.021988 -0.026099 0.007886
v -0.006263 -0.030902 -0.014912
v -0.024513 -0.033478 -0.021526
v -0.012701 0.006758 0.015153
v -0.035205 0.004209 -0.012185
v -0.036663 -0.029194 -0.000337
v -0.061052 -0.029041 -0.004802
v -0.060728 -0.036928 -0.002349
v -0.067162 -0.023506 0.012960
v -0.071209 -0.026210 0.004834
v -0.070863 -0.034595 0.007443
v -0.066815 -0.031919 0.015577
v -0.039196 -0.024194 0.015822
v -0.024250 -0.039912 -0.019523
v -0.006018 -0.036892 -0.013046
v -0.010067 -0.039568 -0.021180
v -0.010310 -0.033605 -0.023038
v -0.018998 0.010464 0.023249
v -0.018893 0.060305 0.002332
v -0.023758 0.044561 0.008855
v -0.008552 0.057425 0.004245
v -0.002577 0.052216 -0.003245
v -0.030665 0.044428 -0.010217
v -0.014090 0.037143 -0.016127
v -0.065040 0.015420 -0.001024
v -0.059027 0.007941 -0.018093
v -0.037627 0.011031 0.003317
v -0.028317 0.037367 -0.025617
v -0.022811 -0.002646 -0.032615
v -0.035148 0.004642 -0.012354
v -0.059937 0.000177 -0.015104
v -0.020546 0.006197 -0.003583
v -0.023579 -0.009201 -0.030092
v -0.008721 -0.004859 -0.033378
v -0.005394 -0.008315 -0.022882
v -0.009437 -0.010989 -0.031018
v -0.004682 -0.002226 -0.025225
v -0.007089 0.037610 0.002807
v -0.013190 0.042405 0.010468
v -0.070035 0.004640 -0.006040
v -0.065992 0.007314 0.002096
v -0.069079 0.012787 -0.009176
v -0.005560 0.090427 -0.009605
v -0.002634 0.072185 -0.001764
v -0.012685 0.075792 -0.003971
v 0.009978 0.080545 -0.014471
v 0.004209 0.086237 -0.007174
v -0.018358 0.076707 -0.023372
v -0.002571 0.067329 -0.028429
v -0.013978 0.037543 -0.016292
v 0.001576 0.026530 -0.036920
v -0.016041 0.028437 -0.045255
v 0.003210 0.066651 -0.009121
v -0.016017 0.069601 -0.038752
v -0.028198 0.037792 -0.025793
v -0.051122 0.044252 -0.032856
v -0.063071 0.042729 -0.021286
v -0.053267 0.036632 -0.029698
v -0.056892 0.052888 -0.016255
v -0.060840 0.050645 -0.024566
v -0.030545 0.044857 -0.010394
v -0.059091 0.045079 -0.013019
v -0.017887 0.021867 -0.042532
v -0.002373 0.024287 -0.045232
v -0.000124 0.020469 -0.034408
v -0.004103 0.018120 -0.042677
v 0.010547 0.118636 -0.018579
v 0.011924 0.100242 -0.012033
v 0.002404 0.104886 -0.014622
v 0.025819 0.108272 -0.023277
v 0.019881 0.113677 -0.015900
v -0.001991 0.107286 -0.034197
v 0.013286 0.096928 -0.038897
v -0.002391 0.067713 -0.028580
v 0.012872 0.055064 -0.048502
v -0.003772 0.059446 -0.057840
v 0.017709 0.094579 -0.019339
v 0.000773 0.100951 -0.049842
v -0.015824 0.070010 -0.038913
v -0.037165 0.079602 -0.047203
v -0.040586 0.072297 -0.044339
v -0.042782 0.088658 -0.030775
v -0.046458 0.087100 -0.039363
v -0.049957 0.079628 -0.036433
v -0.046207 0.081344 -0.027906
v -0.018167 0.077113 -0.023531
v -0.006849 0.052884 -0.055267
v 0.010021 0.048988 -0.046120
v 0.006272 0.047271 -0.054646
v 0.009196 0.053506 -0.057091
v 0.025779 0.144570 -0.022010
v 0.027951 0.127050 -0.018540
v 0.018711 0.132166 -0.021251
v 0.042123 0.136077 -0.026858
v 0.035080 0.139564 -0.019299
v 0.015805 0.137007 -0.040584
v 0.031524 0.127391 -0.045400
v 0.013511 0.097312 -0.039013
v 0.029089 0.084829 -0.058820
v 0.013476 0.091122 -0.068824
v 0.034267 0.122274 -0.026035
v 0.019977 0.133033 -0.056687
v 0.001011 0.101356 -0.049965
v -0.018928 0.113149 -0.058859
v -0.023019 0.106154 -0.056721
v -0.024916 0.121542 -0.042210
v -0.028124 0.120842 -0.051094
v -0.032184 0.113901 -0.048973
v -0.028856 0.114807 -0.040151
v -0.001764 0.107674 -0.034314
v 0.009468 0.084270 -0.066730
v 0.025289 0.078333 -0.056835
v 0.021961 0.077428 -0.065656
v 0.025881 0.084129 -0.067704
v 0.032236 0.162038 -0.017017
v 0.040288 0.150792 -0.017626
v 0.030693 0.155130 -0.020462
v 0.051231 0.162652 -0.018251
v 0.042110 0.159136 -0.013417
v 0.029468 0.165469 -0.037432
v 0.047788 0.161820 -0.041147
v 0.031765 0.127799 -0.045448
v 0.049348 0.118722 -0.065443
v 0.034590 0.126447 -0.075738
v 0.048540 0.150012 -0.024711
v 0.037171 0.169445 -0.052177
v 0.020231 0.133462 -0.056738
v 0.001017 0.146500 -0.065484
v -0.003185 0.139340 -0.064715
v -0.006609 0.152142 -0.048353
v -0.008986 0.152836 -0.057495
v -0.012893 0.146183 -0.056778
v -0.010288 0.145875 -0.047677
v 0.016030 0.137390 -0.040629
v 0.029842 0.118351 -0.074872
v 0.044756 0.110893 -0.064605
v 0.042153 0.111201 -0.073707
v 0.046971 0.119416 -0.074585
v 0.025488 0.173675 -0.000272
v 0.030682 0.168071 -0.010485
v 0.034627 0.172572 0.005573
v 0.041990 0.180586 0.006258
v 0.027062 0.185848 -0.018845
v 0.044616 0.191694 -0.014323
v 0.005104 0.177220 -0.045004
v 0.016911 0.181592 -0.060003
v 0.029551 0.165797 -0.037282
v 0.034012 0.200405 -0.024533
v 0.056261 0.175610 -0.067096
v 0.037305 0.169952 -0.051950
v 0.014643 0.174176 -0.062885
v 0.047914 0.162298 -0.040932
v 0.052544 0.163363 -0.071889
v 0.066965 0.154982 -0.061629
v 0.065774 0.158166 -0.070471
v 0.070687 0.167250 -0.056827
v 0.069815 0.171494 -0.065249
v 0.040279 0.166433 -0.005574
v 0.048699 0.173200 -0.007053
v 0.002606 0.176189 -0.055463
v 0.004231 0.181464 -0.053427
v 0.003797 0.173005 -0.046623
v 0.008099 0.183477 0.026338
v 0.026305 0.177513 0.018525
v 0.017511 0.178407 0.012140
v 0.023506 0.191052 0.034584
v 0.016894 0.182584 0.032723
v 0.010777 0.197142 0.007879
v 0.026183 0.204717 0.016126
v 0.044440 0.191963 -0.013912
v 0.063563 0.212527 -0.013448
v 0.049355 0.219976 -0.024677
v 0.032918 0.185981 0.020386
v 0.015563 0.213448 0.005953
v 0.033834 0.200677 -0.024117
v 0.012559 0.206987 -0.035256
v 0.003006 0.195841 -0.040821
v 0.015224 0.203230 -0.041223
v 0.002237 0.190879 -0.031080
v 0.000941 0.198732 -0.036215
v 0.004057 0.188342 -0.035131
v 0.026932 0.186056 -0.018534
v 0.053456 0.214147 -0.033896
v 0.062267 0.220380 -0.018584
v 0.067776 0.206537 -0.022918
v 0.066724 0.214037 -0.028608
v 0.047581 -0.131847 -0.010736
v 0.043565 -0.132145 -0.016104
v 0.042183 -0.101179 -0.007096
v 0.049006 -0.132477 -0.004208
v 0.043523 -0.135861 0.007180
v 0.047558 -0.133909 0.002185
v 0.021415 -0.141216 0.000972
v 0.037716 -0.102708 0.011105
v 0.037700 -0.137947 0.009785
v 0.041978 -0.102132 0.005953
v 0.031244 -0.139750 0.009485
v 0.024929 -0.103512 0.013764
v 0.025432 -0.140918 0.006340
v 0.031631 -0.103201 0.013892
v 0.034300 -0.067948 0.014887
v 0.027700 -0.066731 0.014806
v 0.036672 -0.031955 0.013600
v 0.021784 -0.065671 0.011822
v 0.030896 -0.030322 0.010598
v 0.041320 0.002750 0.008959
v 0.026902 -0.029357 0.005293
v 0.037327 0.003722 0.003653
v 0.044521 0.035370 0.003354
v 0.025479 -0.029249 -0.001264
v 0.035922 0.003885 -0.002907
v 0.026909 -0.030020 -0.007775
v 0.037381 0.003208 -0.009421
v 0.043161 0.035742 -0.003208
v 0.043490 0.066572 -0.000839
v 0.044759 0.035712 -0.009725
v 0.045115 0.067407 -0.007297
v 0.036514 0.091743 -0.009026
v 0.049381 0.068452 -0.012371
v 0.049000 0.035287 -0.014908
v 0.055044 0.034550 -0.017731
v 0.055440 0.069503 -0.015059
v 0.040666 0.093040 -0.014137
v 0.019187 0.114980 -0.023878
v 0.046035 0.095876 -0.016995
v 0.023807 0.118645 -0.027083
v -0.007466 0.142760 -0.030803
v -0.002853 0.146439 -0.034002
v 0.028402 0.123513 -0.027553
v 0.002309 0.150715 -0.034326
v -0.017632 0.171299 -0.018592
v -0.012451 0.174624 -0.019438
v 0.007000 0.154739 -0.031712
v -0.001840 0.174703 -0.017451
v 0.032062 0.128621 -0.025196
v -0.006865 0.175889 -0.019087
v 0.010290 0.157716 -0.026676
v 0.034063 0.132955 -0.020481
v 0.011527 0.159056 -0.020218
v 0.002341 0.170503 -0.014367
v -0.000256 0.181737 0.003277
v 0.004218 0.176384 0.002921
v 0.003794 0.165749 -0.009599
v 0.010467 0.158492 -0.013616
v 0.007319 0.156139 -0.008177
v 0.034007 0.135660 -0.014340
v 0.031907 0.136199 -0.007988
v 0.028177 0.134463 -0.002686
v 0.059226 0.109365 -0.002852
v 0.057114 0.109862 0.003499
v 0.052963 0.108564 0.008609
v 0.071763 0.069542 0.006663
v 0.071444 0.031719 0.003748
v 0.067203 0.032144 0.008931
v 0.067498 0.068496 0.011738
v 0.073389 0.070377 0.000206
v 0.072053 0.070835 -0.006355
v 0.058880 0.107172 -0.009185
v 0.073043 0.031690 -0.002770
v 0.064856 -0.004607 -0.002453
v 0.063450 -0.004443 -0.009013
v 0.071682 0.032062 -0.009330
v 0.068022 0.070825 -0.011720
v 0.067632 0.032761 -0.014636
v 0.062093 0.070349 -0.014826
v 0.061694 0.033649 -0.017633
v 0.059458 -0.003471 -0.014319
v 0.053670 -0.001883 -0.017319
v 0.048879 -0.037053 -0.012659
v 0.052874 -0.038019 -0.007353
v 0.044574 -0.070053 -0.006231
v 0.054297 -0.038127 -0.000796
v 0.052866 -0.037356 0.005715
v 0.063396 -0.003930 0.004062
v 0.045977 -0.070246 0.000329
v 0.044443 -0.069898 0.006853
v 0.043572 -0.101586 -0.000543
v 0.040275 -0.069077 0.012049
v 0.048864 -0.035858 0.010890
v 0.059360 -0.002545 0.009242
v 0.043086 -0.033930 0.013704
v 0.053547 -0.000729 0.012060
v 0.061159 0.032880 0.011754
v 0.047109 0.001162 0.011959
v 0.054510 0.033781 0.011657
v 0.054787 0.066600 0.014193
v 0.048571 0.034670 0.008658
v 0.048857 0.066124 0.011086
v 0.037485 0.097887 0.008718
v 0.044825 0.066114 0.005722
v 0.034749 0.094432 0.003657
v 0.015301 0.120824 -0.001368
v 0.013301 0.116488 -0.006083
v 0.034402 0.092240 -0.002676
v 0.013356 0.113783 -0.012225
v -0.010437 0.141184 -0.012303
v -0.011675 0.139844 -0.018761
v 0.015457 0.113246 -0.018576
v -0.010614 0.140407 -0.025364
v -0.021892 0.156598 -0.011266
v -0.022988 0.161406 -0.014204
v -0.021974 0.162944 0.009601
v -0.023842 0.169606 0.009278
v -0.021403 0.166588 -0.016746
v -0.022735 0.176261 0.008357
v -0.011474 0.169942 0.032112
v -0.018885 0.181615 0.007024
v -0.007214 0.175116 0.031779
v -0.013064 0.184617 0.005542
v -0.001599 0.178207 0.029788
v 0.006453 0.154082 0.015035
v -0.006421 0.184668 0.004204
v 0.004256 0.178603 0.026535
v -0.012996 0.157654 0.027880
v 0.012777 0.165488 0.016095
v -0.005017 0.150596 0.020281
v 0.000838 0.150991 0.017026
v -0.004657 0.154561 0.006713
v -0.011313 0.154581 0.008190
v -0.009954 0.152973 0.024154
v -0.017497 0.157580 0.009228
v -0.012435 0.151575 -0.004103
v -0.017498 0.152207 -0.007881
v -0.007147 0.144161 -0.007269
v -0.002457 0.148185 -0.004654
v -0.002897 0.158771 -0.001079
v 0.018962 0.125931 0.000989
v -0.007658 0.154614 -0.001223
v 0.002706 0.152461 -0.004978
v 0.001481 0.162270 -0.004402
v 0.023557 0.130799 0.000517
v 0.047593 0.105729 0.011467
v 0.042069 0.101918 0.011506
v 0.061440 0.067446 0.014425
v 0.006103 0.169667 0.003161
v 0.005012 0.162937 0.003939
v 0.001166 0.157541 0.005183
v 0.010714 0.159256 0.014703
v 0.012234 0.171545 0.018935
v 0.009194 0.176225 0.022661
v -0.013538 0.163710 0.030720
v 0.040512 -0.069357 -0.011527
v 0.043104 -0.035421 -0.015660
v 0.034596 -0.068296 -0.014512
v 0.038088 -0.100990 -0.012409
v 0.037753 -0.133313 -0.019249
v 0.032094 -0.101059 -0.015428
v 0.031296 -0.135117 -0.019550
v 0.027997 -0.067080 -0.014593
v 0.025392 -0.101370 -0.015557
v 0.025474 -0.137202 -0.016944
v 0.022022 -0.065951 -0.011754
v 0.019307 -0.101863 -0.012768
v 0.021439 -0.139154 -0.011949
v 0.017854 -0.065131 -0.006558
v 0.015046 -0.102440 -0.007616
v 0.016319 -0.064782 -0.000034
v 0.013452 -0.102986 -0.001121
v 0.019990 -0.140587 -0.005555
v 0.017722 -0.064975 0.006525
v 0.014840 -0.103393 0.005432
v 0.018937 -0.103581 0.010745
v 0.030912 -0.031518 -0.012950
v 0.041418 0.001823 -0.014602
v 0.036690 -0.033446 -0.015764
v 0.047231 0.000006 -0.017420
v 0.051559 0.099686 -0.017034
v 0.056143 0.103718 -0.014246
v -0.007252 0.077639 0.001327
v -0.005922 0.072608 0.001872
v 0.005716 0.074334 -0.010592
v 0.004750 0.084477 -0.010088
v -0.006888 0.082752 0.002376
v 0.004385 0.079364 -0.011137
v 0.000487 0.066565 0.007020
v -0.003160 0.068656 0.003904
v 0.012124 0.068291 -0.005445
v 0.004296 0.066750 0.010601
v 0.015933 0.068475 -0.001862
v 0.005774 0.087451 0.014848
v -0.001682 0.089358 0.008151
v 0.007514 0.069174 0.013941
v -0.004899 0.086934 0.004810
v 0.009866 0.078469 0.017425
v 0.009501 0.073356 0.016376
v 0.021503 0.080195 0.004961
v 0.008536 0.083500 0.016879
v 0.020173 0.085226 0.004416
v 0.015885 0.081995 -0.000036
v 0.016426 0.079949 0.000186
v 0.017412 0.089178 0.002384
v 0.002127 0.089543 0.011732
v 0.014762 0.083602 -0.000862
v 0.013765 0.091268 -0.000731
v 0.013278 0.084454 -0.002129
v 0.009955 0.091084 -0.004314
v 0.011729 0.084378 -0.003587
v 0.129047 0.096996 -0.127436
v 0.012610 0.075107 -0.004047
v 0.014160 0.075182 -0.002589
v 0.010419 0.083392 -0.004945
v 0.015468 0.076167 -0.001231
v 0.009611 0.081690 -0.005935
v 0.016277 0.077868 -0.000241
v 0.010004 0.077565 -0.006140
v 0.009463 0.079611 -0.006362
v 0.011127 0.075957 -0.005313
v 0.008477 0.070382 -0.008560
v 0.019150 0.070899 0.001477
v 0.021138 0.075082 0.003913
v 0.006738 0.088660 -0.007653
vn 0.1039 0.2071 0.9728
vn 0.1755 0.2832 0.9428
vn 0.1520 0.9813 0.1180
vn 0.0237 0.9806 0.1945
vn -0.0000 0.7789 -0.6272
vn 0.1321 0.9641 0.2302
vn -0.0443 0.6270 -0.7777
vn -0.2699 0.8214 -0.5024
vn -0.0711 0.3473 -0.9351
vn -0.1077 0.4172 -0.9024
vn -0.3353 0.9338 0.1249
vn -0.4154 0.9089 0.0371
vn -0.1137 0.4603 -0.8804
vn -0.3410 0.8102 -0.4767
vn 0.0322 0.1377 -0.9899
vn 0.4182 0.8086 -0.4138
vn 0.2182 0.9622 -0.1627
vn 0.2348 0.9040 0.3573
vn 0.6569 0.6408 0.3973
vn 0.6879 0.5495 0.4741
vn 0.5257 0.7289 0.4386
vn 0.5807 0.7232 0.3739
vn 0.5345 0.6345 -0.5584
vn 0.7502 0.4364 -0.4967
vn 0.5293 0.7674 0.3618
vn 0.9285 0.2868 -0.2359
vn 0.4421 0.8143 0.3760
vn 0.8032 0.4164 0.4259
vn 0.9497 0.3025 0.0809
vn 0.3943 0.8023 0.4481
vn 0.8843 -0.3707 -0.2839
vn 0.6903 -0.3723 -0.6204
vn 0.9907 0.1231 0.0573
vn 0.6682 -0.5996 -0.4405
vn 0.8366 -0.3756 -0.3986
vn 0.4357 0.5675 0.6986
vn 0.0792 0.9703 0.2284
vn 0.9077 0.1948 -0.3716
vn 0.7704 -0.6274 -0.1136
vn 0.8479 -0.5187 -0.1098
vn 0.5844 0.1961 -0.7874
vn 0.4836 -0.6361 0.6013
vn 0.5714 -0.4679 0.6742
vn 0.9411 -0.3155 -0.1217
vn 0.6501 0.3310 0.6840
vn 0.5349 0.7182 -0.4451
vn 0.9440 0.3240 0.0630
vn 0.4483 0.2200 -0.8664
vn 0.0504 0.9987 0.0029
vn -0.4479 0.7180 -0.5328
vn -0.7513 0.5328 0.3895
vn -0.3349 0.8776 0.3431
vn -0.3679 0.8056 -0.4643
vn -0.6663 0.5219 0.5326
vn -0.1266 -0.2789 0.9519
vn -0.5002 0.5165 0.6950
vn -0.2364 -0.1023 0.9663
vn -0.3499 -0.2156 0.9116
vn -0.6252 -0.2204 0.7487
vn -0.3545 0.3376 0.8720
vn 0.2206 0.5610 0.7979
vn -0.3951 -0.2273 0.8901
vn -0.6154 -0.3682 0.6970
vn -0.2803 -0.4215 0.8624
vn 0.0905 -0.9292 0.3584
vn -0.2796 -0.9200 0.2748
vn -0.0519 -0.1582 0.9860
vn 0.5571 -0.6046 0.5693
vn -0.5020 -0.3316 0.7988
vn -0.4110 -0.1064 0.9054
vn -0.6065 -0.1157 0.7866
vn -0.4312 0.1073 0.8959
vn -0.4409 0.6762 0.5902
vn -0.5012 0.5328 0.6818
vn 0.1877 0.4869 0.8530
vn 0.1682 0.2708 0.9478
vn -0.0233 0.3311 0.9433
vn -0.2479 -0.1273 0.9604
vn 0.0458 -0.1698 0.9844
vn 0.0682 -0.2269 0.9715
vn 0.0088 -0.2270 0.9739
vn -0.1316 -0.0530 0.9899
vn -0.1537 -0.1625 0.9747
vn -0.0623 -0.2031 0.9772
vn -0.0581 -0.2797 0.9583
vn -0.0050 -0.3293 0.9442
vn -0.0209 -0.4310 0.9021
vn -0.1059 -0.3845 0.9170
vn 0.0393 -0.2036 0.9783
vn -0.5661 -0.6018 0.5634
vn -0.5616 -0.6260 0.5411
vn -0.5987 -0.5673 0.5654
vn -0.1826 -0.2296 0.9560
vn -0.5804 -0.5714 0.5802
vn -0.0759 -0.1952 0.9778
vn -0.1011 -0.1831 0.9779
vn -0.0414 -0.1414 0.9891
vn -0.0421 -0.1992 0.9791
vn 0.0073 -0.2823 0.9593
vn 0.1878 -0.5681 0.8013
vn 0.1794 -0.4993 0.8476
vn 0.6207 -0.7773 -0.1023
vn 0.0852 -0.6695 0.7379
vn 0.8248 -0.5652 0.0147
vn 0.2242 -0.9543 -0.1974
vn -0.0099 -0.6292 0.7772
vn -0.1488 -0.9879 -0.0436
vn -0.2939 -0.6213 0.7263
vn -0.6375 -0.6712 -0.3782
vn -0.4373 -0.8767 -0.2005
vn -0.2074 -0.2412 -0.9481
vn -0.1152 -0.3596 -0.9260
vn 0.1012 0.1242 -0.9871
vn -0.1787 0.0312 -0.9834
vn 0.0985 -0.0540 -0.9937
vn 0.0923 0.2788 -0.9559
vn -0.0865 0.2461 -0.9654
vn 0.0815 0.3511 -0.9328
vn 0.0764 0.3485 -0.9342
vn -0.0775 0.2187 -0.9727
vn -0.1116 0.3359 -0.9353
vn -0.0901 0.1228 -0.9883
vn -0.1785 0.1520 -0.9721
vn -0.1908 0.1605 -0.9684
vn 0.0333 0.2427 -0.9695
vn -0.1027 0.1757 -0.9791
vn -0.1433 0.2674 -0.9529
vn 0.0836 0.3747 -0.9234
vn 0.0615 0.3211 -0.9450
vn -0.0003 0.1768 -0.9843
vn -0.1678 0.1871 -0.9679
vn -0.6774 -0.4686 -0.5671
vn -0.7389 -0.3955 -0.5455
vn -0.3374 0.1473 -0.9298
vn -0.8599 -0.3433 -0.3778
vn -0.9873 -0.1300 -0.0909
vn -0.6399 0.1282 -0.7577
vn -0.6522 -0.4727 0.5926
vn -0.5844 0.3599 -0.7274
vn -0.0484 0.2757 -0.9600
vn -0.0605 0.5145 -0.8553
vn 0.0257 0.4594 -0.8879
vn -0.1527 0.5665 -0.8098
vn -0.3942 0.5397 -0.7439
vn -0.2481 0.9680 0.0373
vn -0.7005 0.7021 0.1276
vn -0.9621 0.2647 0.0661
vn -0.3620 0.2239 0.9049
vn -0.5638 -0.1429 0.8135
vn 0.0047 0.4023 0.9155
vn 0.0575 -0.2526 0.9659
vn 0.1968 0.2316 0.9527
vn 0.0915 0.2339 0.9679
vn 0.1422 0.9828 0.1174
vn 0.1471 0.9832 0.1080
vn -0.0080 0.5825 -0.8128
vn -0.0852 0.1817 -0.9797
vn -0.0793 0.1651 -0.9831
vn 0.0299 0.1090 -0.9936
vn -0.0322 0.1735 -0.9843
vn 0.2617 -0.0862 -0.9613
vn 0.9199 0.0528 -0.3886
vn 0.3703 0.3742 -0.8502
vn 0.5654 0.8214 0.0753
vn -0.1249 0.9048 -0.4072
vn -0.0560 0.3658 -0.9290
vn 0.0052 0.9135 0.4068
vn 0.7717 -0.0439 0.6345
vn 0.2994 0.1052 0.9483
vn 0.5151 -0.5448 0.6617
vn 0.8366 -0.5353 -0.1165
vn 0.6390 -0.7597 0.1208
vn 0.4188 -0.8673 -0.2691
vn 0.6071 -0.7839 -0.1299
vn 0.6756 -0.7317 -0.0904
vn 0.8237 -0.4396 -0.3582
vn 0.6965 -0.5577 -0.4515
vn 0.3855 -0.9227 -0.0078
vn 0.2486 -0.6991 0.6705
vn 0.5549 -0.7571 -0.3447
vn 0.3461 -0.9345 -0.0827
vn 0.1147 -0.7987 0.5907
vn -0.2282 0.2532 0.9401
vn -0.5749 0.0689 0.8153
vn -0.4850 0.8032 0.3460
vn -0.3523 0.6668 -0.6567
vn -0.3584 0.7779 -0.5162
vn -0.5919 0.7424 0.3139
vn 0.1072 -0.4584 -0.8823
vn -0.3026 0.7102 -0.6356
vn 0.1259 -0.3047 -0.9441
vn 0.0780 -0.2876 -0.9546
vn -0.3643 0.6570 -0.6600
vn -0.2973 0.7784 -0.5530
vn -0.2510 0.6631 -0.7052
vn -0.0820 0.2607 -0.9619
vn -0.3413 0.5770 -0.7420
vn -0.4075 0.5406 -0.7360
vn 0.0432 -0.3018 -0.9524
vn -0.0645 -0.1895 -0.9798
vn -0.3572 0.4440 -0.8217
vn 0.3820 -0.6417 -0.6650
vn 0.3958 -0.3648 -0.8428
vn 0.1475 -0.4015 -0.9039
vn 0.1318 -0.1257 -0.9833
vn -0.0351 -0.0618 -0.9975
vn -0.0573 -0.0978 -0.9936
vn 0.1328 -0.2494 -0.9592
vn -0.1437 -0.3076 -0.9406
vn -0.0116 -0.0124 -0.9999
vn 0.4400 -0.1576 -0.8841
vn 0.6228 -0.1120 -0.7743
vn 0.8245 -0.3084 -0.4745
vn 0.7967 -0.5453 0.2606
vn 0.0285 -0.4033 0.9146
vn 0.7348 -0.4983 0.4602
vn -0.0763 -0.1134 0.9906
vn -0.3135 0.5455 -0.7773
vn -0.2062 0.2744 -0.9393
vn 0.3893 -0.0565 -0.9194
vn 0.5685 -0.7334 -0.3726
vn 0.6919 -0.6085 -0.3886
vn 0.0647 -0.8739 0.4817
vn -0.1202 -0.9598 0.2536
vn -0.8233 0.0360 0.5664
vn -0.9176 -0.0474 0.3946
vn 0.6650 -0.6202 -0.4161
vn -0.1872 -0.9783 0.0890
vn 0.6318 -0.6637 -0.4005
vn 0.4851 0.1800 -0.8557
vn 0.7166 0.3796 -0.5852
vn 0.6172 0.2452 -0.7476
vn -0.1126 0.8384 -0.5334
vn 0.0080 0.9883 -0.1522
vn -0.0081 0.9998 -0.0198
vn -0.5525 0.6892 0.4687
vn -0.6156 0.6992 0.3636
vn 0.1584 0.9841 -0.0808
vn -0.5914 0.7490 0.2988
vn -0.4332 0.7591 0.4858
vn -0.7412 -0.1237 0.6598
vn -0.9166 -0.0770 0.3922
vn -0.1970 -0.9801 0.0234
vn -0.0571 -0.9663 0.2509
vn 0.5986 -0.7151 -0.3609
vn 0.6501 -0.7186 -0.2469
vn -0.2839 -0.0531 0.9574
vn 0.3013 -0.7395 0.6020
vn 0.9596 0.0798 -0.2697
vn 0.9241 -0.1048 0.3675
vn 0.6854 -0.4638 0.5614
vn 0.4217 0.8966 0.1352
vn 0.4046 0.5801 0.7070
vn -0.0321 0.3628 0.9313
vn 0.8386 0.2039 -0.5052
vn 0.3919 -0.8492 -0.3540
vn -0.0446 -0.9186 0.3926
vn 0.5580 -0.7789 -0.2863
vn 0.2748 -0.7646 0.5829
vn 0.4936 0.7224 0.4842
vn 0.6656 0.5760 0.4745
vn 0.2192 0.7152 0.6637
vn 0.0019 0.3361 0.9418
vn 0.9780 0.1319 0.1615
vn 0.9822 0.1044 0.1561
vn 0.5334 0.1242 0.8367
vn 0.5106 0.0461 0.8586
vn -0.2175 0.0147 0.9760
vn 0.5058 0.1490 0.8497
vn -0.2866 0.1000 0.9528
vn -0.3058 0.1212 0.9444
vn 0.5165 -0.1940 0.8340
vn 0.9775 -0.0028 0.2111
vn 0.6075 -0.4599 0.6477
vn -0.0936 -0.0358 0.9950
vn 0.1695 -0.3138 0.9343
vn 0.2790 -0.6681 0.6898
vn 0.8337 -0.4975 0.2396
vn 0.6838 -0.6290 0.3699
vn 0.7826 -0.4412 -0.4391
vn 0.7187 -0.5918 -0.3651
vn 0.6995 -0.7132 0.0460
vn 0.6947 -0.7191 0.0197
vn 0.7433 -0.6283 -0.2296
vn 0.2257 -0.9612 -0.1585
vn 0.5989 -0.7624 0.2450
vn 0.3249 -0.8578 0.3982
vn 0.0743 -0.9970 0.0208
vn -0.1033 -0.9501 0.2945
vn -0.3658 -0.9262 0.0911
vn -0.3041 -0.9399 -0.1555
vn -0.2468 -0.9133 -0.3239
vn -0.3131 -0.7191 0.6204
vn -0.6956 -0.7022 0.1519
vn -0.5288 -0.3411 0.7772
vn -0.9090 -0.3345 0.2488
vn -0.6645 -0.7142 -0.2198
vn -0.5199 -0.6994 -0.4905
vn -0.9186 -0.3207 -0.2308
vn -0.7214 -0.3364 -0.6053
vn -0.1620 -0.2900 -0.9432
vn -0.0576 -0.6099 -0.7904
vn 0.4120 -0.2737 -0.8691
vn 0.5250 -0.4028 -0.7498
vn -0.0040 -0.8286 -0.5599
vn -0.2227 0.0997 -0.9698
vn 0.3375 -0.0211 -0.9411
vn 0.8394 0.0598 -0.5402
vn -0.7645 0.1206 -0.6332
vn -0.3931 0.2210 -0.8926
vn -0.9594 0.2617 -0.1052
vn -0.8205 0.2471 -0.5155
vn -0.9706 0.1501 -0.1884
vn -0.9146 0.2474 0.3200
vn -0.9577 0.1124 0.2650
vn -0.6401 0.1341 0.7565
vn -0.6809 0.2026 0.7038
vn -0.8271 0.0764 0.5568
vn -0.7880 -0.0175 0.6155
vn -0.9840 -0.0283 -0.1758
vn -0.9786 0.0914 -0.1841
vn -0.5177 -0.0147 -0.8555
vn -0.4587 0.0869 -0.8843
vn -0.9914 -0.0457 -0.1229
vn 0.3231 0.0851 -0.9425
vn -0.5772 -0.0293 -0.8161
vn 0.2378 -0.0000 -0.9713
vn 0.8177 0.1579 -0.5535
vn 0.2251 0.1253 -0.9662
vn 0.8535 0.0887 -0.5135
vn 0.8380 0.0204 -0.5453
vn 0.9812 0.0454 0.1873
vn 0.9695 0.0395 0.2419
vn 0.8296 0.0368 -0.5572
vn 0.4712 0.0273 0.8816
vn 0.9695 0.0514 0.2395
vn 0.4583 0.0190 0.8886
vn 0.8245 0.0414 -0.5644
vn 0.9687 0.0270 0.2467
vn 0.8139 0.0613 -0.5777
vn -0.2301 -0.0014 0.9732
vn 0.4445 -0.0025 0.8958
vn -0.1871 -0.0279 0.9819
vn -0.1994 -0.0113 0.9799
vn -0.7402 -0.0431 0.6710
vn -0.9948 -0.0512 -0.0878
vn -0.9951 -0.0336 -0.0927
vn -0.7151 -0.0444 0.6976
vn -0.7861 -0.0299 0.6173
vn -0.1838 -0.0573 0.9813
vn -0.7279 -0.0776 0.6813
vn -0.9934 -0.0279 -0.1112
vn -0.9789 -0.0803 -0.1879
vn -0.6954 -0.2225 0.6834
vn -0.9280 -0.1664 -0.3334
vn -0.6467 -0.5178 0.5600
vn -0.0560 -0.2018 0.9778
vn 0.6278 -0.1746 0.7586
vn 0.5329 -0.1021 0.8400
vn 0.1423 -0.4683 0.8720
vn -0.2944 -0.6537 0.6971
vn 0.3424 -0.5501 0.7617
vn 0.6561 -0.3894 0.6465
vn -0.2590 -0.4466 0.8564
vn -0.7876 -0.3571 0.5022
vn -0.6628 -0.6064 0.4393
vn 0.3417 -0.3558 0.8698
vn -0.1572 -0.0713 0.9850
vn -0.8005 0.0017 0.5994
vn -0.2451 0.1062 0.9637
vn -0.2726 0.2972 0.9151
vn 0.2675 -0.2828 0.9211
vn -0.5819 0.4470 0.6794
vn -0.5795 0.5786 0.5740
vn -0.3467 0.6959 0.6289
vn -0.6653 0.7088 0.2345
vn -0.8558 0.4998 0.1336
vn -0.8234 0.5292 -0.2047
vn -0.8357 0.2443 -0.4919
vn -0.8668 0.4556 -0.2027
vn -0.8617 0.4986 0.0944
vn -0.1004 0.9757 -0.1950
vn -0.3162 0.8187 -0.4794
vn -0.4948 0.3596 -0.7911
vn -0.0550 0.9802 -0.1900
vn -0.2346 0.8268 -0.5112
vn -0.4522 0.3174 -0.8335
vn -0.3436 0.7607 -0.5507
vn 0.0506 0.8786 -0.4748
vn -0.1497 0.9454 -0.2896
vn -0.1664 0.7224 -0.6711
vn -0.5470 0.3543 -0.7584
vn 0.3672 0.6913 -0.6223
vn 0.2855 0.4331 -0.8549
vn -0.2692 0.4389 -0.8572
vn -0.2093 0.1150 -0.9711
vn -0.6241 0.0452 -0.7800
vn -0.6187 0.1373 -0.7736
vn -0.4654 -0.0200 -0.8849
vn -0.4273 0.0836 -0.9003
vn -0.4474 0.3021 -0.8418
vn -0.3889 0.2388 -0.8898
vn -0.7825 0.1849 -0.5946
vn -0.9920 -0.0694 -0.1055
vn -0.7998 -0.0643 -0.5968
vn -0.9513 0.2701 -0.1485
vn -0.8925 -0.4437 0.0813
vn -0.4649 0.2977 -0.8338
vn -0.1828 0.0037 -0.9831
vn 0.0714 0.0049 -0.9974
vn -0.5013 0.2045 -0.8407
vn -0.5095 0.0721 -0.8574
vn 0.1087 0.0524 -0.9927
vn 0.1721 0.0504 -0.9838
vn 0.8633 -0.0245 -0.5042
vn 0.8502 -0.2620 -0.4566
vn 0.7565 -0.3080 -0.5769
vn 0.9054 -0.4245 0.0060
vn 0.9006 -0.2253 0.3717
vn 0.4249 -0.1934 -0.8843
vn 0.9414 -0.0549 0.3329
vn 0.7403 -0.4368 0.5110
vn 0.4078 -0.0061 0.9130
vn 0.8142 0.0409 -0.5791
vn 0.9518 0.0396 0.3040
vn 0.1999 0.0354 -0.9792
vn 0.1755 0.0339 -0.9839
vn -0.5621 -0.0112 -0.8270
vn -0.5374 0.0072 -0.8433
vn -0.5331 0.0422 -0.8450
vn 0.1695 0.0108 -0.9855
vn 0.6554 -0.5110 0.5562
vn 0.8118 -0.4351 0.3895
vn 0.9980 -0.0567 0.0283
vn 0.9002 -0.1453 0.4104
vn 0.9368 -0.3349 -0.1016
vn 0.7980 -0.1594 -0.5812
vn 0.7965 0.1966 -0.5718
vn 0.3958 -0.0023 -0.9183
vn 0.6107 0.6832 -0.4002
vn 0.9359 0.3383 -0.0984
vn 0.8212 0.5357 0.1965
vn 0.5551 0.6050 0.5708
vn 0.1668 0.9790 0.1169
vn 0.3871 0.9000 -0.2005
vn 0.4588 0.7031 0.5433
vn 0.1572 0.9758 0.1517
vn 0.4954 0.6413 0.5859
vn 0.2033 0.9650 0.1659
vn -0.0578 0.3687 0.9278
vn 0.1546 -0.2243 0.9622
vn 0.5642 0.0049 0.8256
vn 0.6315 -0.0636 0.7727
vn 0.5781 -0.4485 0.6817
vn 0.7478 -0.0631 0.6609
vn 0.5805 -0.5196 0.6269
vn 0.4099 -0.7605 -0.5036
vn -0.6357 0.7164 0.2873
vn -0.5482 -0.7687 0.3297
vn -0.6454 -0.7543 0.1203
vn 0.7155 -0.6605 -0.2276
vn -0.5689 -0.7885 -0.2339
vn -0.7653 0.6284 0.1392
vn -0.7148 0.6916 -0.1037
vn 0.6786 0.6527 -0.3370
vn 0.5869 0.6848 -0.4318
vn -0.4683 0.8129 -0.3462
vn 0.7617 0.6238 0.1753
vn 0.7347 -0.6478 0.2015
vn 0.4535 -0.5326 0.7146
vn 0.0837 0.5707 0.8169
vn 0.2098 -0.7353 0.6444
vn -0.8084 -0.4558 -0.3725
vn 0.0564 -0.6285 0.7757
vn -0.7181 -0.6786 -0.1544
vn -0.7784 0.6235 0.0734
vn -0.8176 -0.5753 0.0227
vn 0.5518 0.6869 -0.4730
vn -0.0519 0.5219 -0.8514
vn 0.6084 -0.6445 -0.4631
vn 0.0409 -0.5630 -0.8254
vn -0.7909 -0.6119 -0.0031
vn -0.8828 0.4681 -0.0381
vn -0.8580 0.5103 -0.0583
vn -0.9634 -0.1861 -0.1931
vn -0.8883 -0.3588 0.2867
vn 0.3165 -0.2883 -0.9037
vn -0.7331 -0.6793 0.0336
vn -0.4515 -0.7594 0.4685
vn -0.4900 -0.7167 0.4962
vn 0.7047 -0.6945 -0.1455
vn 0.6719 -0.6417 -0.3698
vn 0.0715 -0.6249 -0.7774
vn 0.3833 0.5453 -0.7455
vn -0.1694 -0.1348 -0.9763
vn 0.4321 0.7078 -0.5588
vn 0.7624 -0.6465 -0.0293
vn -0.6810 0.7295 0.0642
vn 0.6998 0.6708 -0.2455
vn -0.7371 0.6748 -0.0366
vn -0.5590 -0.6797 0.4749
vn -0.6560 -0.7544 -0.0235
vn -0.8484 -0.5271 0.0489
vn -0.6289 0.7556 -0.1830
vn 0.0392 -0.5817 0.8125
vn 0.7206 -0.6230 0.3044
vn -0.5121 0.8233 -0.2448
vn 0.7509 0.6197 0.2282
vn 0.3240 0.6973 0.6394
vn 0.0100 0.2660 0.9639
vn -0.9342 0.3235 0.1504
vn 0.4550 0.8428 -0.2876
vn 0.3118 0.4252 -0.8497
vn -0.9190 0.3490 -0.1832
vn -0.8078 0.4556 0.3740
vn 0.0204 0.4980 -0.8669
vn 0.8352 -0.5420 -0.0928
vn 0.8581 -0.5027 -0.1044
vn 0.8368 0.4914 0.2414
vn -0.5668 0.8097 0.1521
vn -0.4969 0.4756 0.7259
vn -0.6052 -0.7518 0.2618
vn -0.6096 0.3663 0.7030
vn 0.7123 0.3782 0.5913
vn -0.5944 -0.5741 0.5632
vn -0.7983 0.3697 0.4754
vn 0.6870 0.3502 0.6367
vn 0.7393 -0.6610 -0.1286
vn -0.6138 -0.7791 -0.1274
vn 0.7270 -0.6379 0.2541
vn -0.0976 -0.3385 0.9359
vn -0.9313 -0.2910 0.2192
vn -0.2155 -0.5603 0.7998
vn 0.5219 -0.7796 -0.3461
vn -0.4479 -0.8389 0.3092
vn -0.6741 -0.6572 0.3372
vn -0.6844 0.3251 0.6526
vn -0.6508 -0.4875 0.5821
vn 0.1477 -0.5578 -0.8167
vn -0.6736 -0.4110 -0.6143
vn -0.7079 0.4059 -0.5781
vn 0.9431 -0.2571 -0.2107
vn 0.5322 -0.0431 -0.8455
vn -0.1010 0.5539 -0.8265
vn -0.3471 -0.7875 -0.5093
vn 0.2311 0.9729 0.0098
vn -0.8450 0.4709 0.2533
vn -0.9539 -0.0926 -0.2856
vn -0.1111 -0.9912 -0.0720
vn 0.7178 -0.3206 0.6180
vn -0.3496 -0.8256 0.4430
vn -0.7432 -0.0839 0.6638
vn 0.3416 0.4441 0.8283
vn -0.9630 -0.0996 -0.2506
vn -0.9514 0.2138 -0.2218
vn 0.1560 0.2024 -0.9668
vn 0.4835 0.8304 -0.2768
vn -0.4267 0.8398 0.3356
vn -0.0701 -0.3803 0.9222
vn 0.8751 -0.3900 0.2863
vn 0.1293 -0.1108 -0.9854
vn 0.2691 -0.7208 -0.6388
vn -0.7032 -0.7108 0.0154
vn 0.1677 0.1319 -0.9770
vn -0.3773 0.2507 -0.8915
vn -0.3865 -0.0307 -0.9218
vn 0.1274 -0.0018 -0.9919
vn 0.1265 0.0309 -0.9915
vn -0.3888 -0.0050 -0.9213
vn -0.7992 -0.0235 -0.6006
vn -0.7954 -0.0610 -0.6030
vn -0.8204 0.1427 -0.5537
vn -0.7724 -0.2083 -0.6000
vn -0.5040 -0.0748 -0.8604
vn -0.1248 -0.2592 -0.9577
vn -0.8271 -0.4937 -0.2688
vn 0.2038 -0.5087 -0.8365
vn -0.9939 -0.0808 -0.0751
vn -0.7175 -0.6960 0.0273
vn -0.8825 -0.2352 0.4072
vn -0.5271 -0.8116 0.2518
vn 0.4245 -0.6894 -0.5870
vn 0.6376 -0.0260 -0.7699
vn 0.9226 -0.1436 -0.3581
vn 0.4984 -0.8270 -0.2602
vn -0.2281 -0.8974 0.3776
vn 0.3840 -0.9197 0.0817
vn 0.9642 -0.2298 0.1321
vn 0.9229 0.0234 -0.3843
vn 0.9917 0.0131 0.1279
vn 0.7658 -0.2929 0.5725
vn 0.7836 0.1383 0.6056
vn 0.7964 -0.0100 0.6046
vn 0.9819 0.1363 0.1317
vn 0.6562 0.7500 0.0828
vn 0.9180 0.1130 -0.3801
vn 0.5100 0.7519 0.4178
vn 0.6171 0.7332 -0.2856
vn -0.7049 0.6554 0.2714
vn 0.0476 0.6744 -0.7368
vn 0.6055 0.0743 -0.7924
vn 0.3954 0.7056 -0.5880
vn -0.6282 0.6345 -0.4503
vn -0.3296 0.6482 -0.6865
vn -0.7643 0.6375 -0.0973
vn -0.9928 -0.0198 -0.1181
vn -0.9192 0.0045 0.3939
vn -0.9889 -0.0844 -0.1221
vn -0.9157 -0.0946 0.3906
vn -0.6015 0.0425 0.7977
vn -0.5970 -0.0888 0.7973
vn -0.5502 -0.3131 0.7741
vn -0.0864 -0.3445 0.9348
vn -0.1192 -0.0688 0.9905
vn 0.3835 -0.3342 0.8610
vn 0.3902 -0.0399 0.9199
vn 0.1071 -0.9394 0.3256
vn 0.3784 0.1191 0.9179
vn -0.1272 0.0842 0.9883
vn 0.2220 0.7387 0.6364
vn -0.1346 0.7140 0.6871
vn -0.4726 0.6834 0.5564
vn 0.6069 0.0180 -0.7946
vn -0.5621 -0.6861 -0.4619
vn -0.2531 -0.6656 -0.7021
vn 0.7366 -0.6073 -0.2977
vn -0.3420 -0.3879 -0.8559
vn 0.1875 -0.2643 -0.9460
vn 0.1344 -0.6413 -0.7554
vn -0.0543 -0.6625 0.7471
vn 0.4966 -0.6201 -0.6073
vn 0.9311 0.0679 -0.3585
vn 0.7899 -0.6065 0.0906
vn 0.6423 -0.6179 0.4535
vn 0.9776 0.1513 0.1461
vn 0.7223 0.4546 0.5212
vn 0.7718 0.1850 0.6083
vn 0.9421 0.3255 0.0802
vn 0.9181 0.0606 -0.3917
vn 0.4926 0.7294 -0.4747
vn 0.3516 0.9242 -0.1491
vn -0.0790 -0.2134 -0.9738
vn 0.4527 0.4357 -0.7780
vn -0.8865 0.4598 -0.0517
vn -0.4645 -0.3385 -0.8183
vn -0.7868 -0.1845 -0.5890
vn -0.2010 -0.8902 -0.4089
vn -0.9357 0.1397 -0.3239
vn 0.2431 0.0915 -0.9657
vn 0.2544 -0.7138 -0.6525
vn -0.9313 -0.3559 0.0777
vn -0.8946 -0.0013 0.4469
vn -0.6587 0.7360 0.1561
vn -0.7759 -0.3224 -0.5422
vn -0.9816 -0.1743 -0.0776
vn -0.6549 -0.7308 -0.1925
vn -0.7098 -0.6975 -0.0990
vn -0.6565 -0.6967 0.2894
vn -0.9079 -0.0428 0.4170
vn -0.5896 0.0582 0.8056
vn -0.5854 0.2588 0.7683
vn -0.1295 0.4161 0.9000
vn -0.3090 0.9249 0.2215
vn 0.0545 0.9923 0.1112
vn 0.3314 0.4792 0.8128
vn -0.1217 0.1334 0.9836
vn 0.3704 0.1773 0.9118
vn 0.3333 -0.6384 0.6938
vn -0.4165 -0.6839 0.5990
vn 0.6473 -0.3314 -0.6864
vn 0.6428 -0.0742 -0.7625
vn -0.2227 -0.4330 0.8735
vn -0.7104 0.5369 0.4551
vn -0.9384 0.3040 0.1643
vn 0.1602 0.7403 0.6529
vn 0.4339 0.8794 -0.1961
vn 0.2239 0.8475 -0.4812
vn -0.6143 0.6117 -0.4985
vn -0.6503 -0.0563 0.7576
vn -0.6393 0.1761 -0.7485
vn 0.4813 -0.6454 0.5931
vn -0.6152 0.1842 -0.7666
vn 0.2093 -0.7701 -0.6027
vn 0.0822 -0.5337 -0.8416
vn 0.8438 -0.4459 0.2987
vn -0.1491 -0.7022 -0.6962
vn -0.0473 0.8016 -0.5960
vn 0.5281 -0.1928 -0.8270
vn 0.9843 -0.1622 -0.0695
vn 0.5973 0.8000 -0.0567
vn 0.9832 0.0427 0.1774
vn 0.5788 -0.4272 0.6947
vn 0.0799 -0.8460 0.5271
vn -0.3997 -0.8898 -0.2201
vn -0.9909 0.1335 0.0168
vn 0.4646 -0.3903 0.7948
vn 0.2465 0.7984 0.5493
vn -0.6303 0.7019 0.3318
vn -0.3358 -0.2392 0.9110
vn -0.8855 0.4628 0.0405
vn 0.5870 0.7595 -0.2804
vn 0.3869 0.7012 -0.5988
vn 0.9672 -0.0773 0.2421
vn 0.7418 -0.5022 0.4444
vn 0.7210 0.6763 -0.1506
vn -0.5318 0.1219 -0.8381
vn -0.4777 0.6013 -0.6405
vn 0.1131 -0.8928 -0.4361
vn -0.5575 0.1216 -0.8212
vn 0.0456 -0.6954 -0.7172
vn -0.9555 0.2789 -0.0964
vn -0.6943 0.1895 0.6943
vn -0.5231 -0.8478 -0.0870
vn -0.0877 -0.7279 0.6800
vn 0.3373 -0.5870 0.7360
vn -0.2179 -0.7962 -0.5644
vn 0.5391 -0.4272 -0.7258
vn 0.9477 -0.3150 0.0505
vn 0.1192 0.6672 -0.7353
vn 0.3635 -0.3595 0.8594
vn 0.3403 0.8066 0.4833
vn -0.5294 0.8180 0.2251
vn -0.4075 -0.0713 0.9104
vn -0.7975 0.5997 -0.0663
vn 0.7052 0.6329 -0.3196
vn 0.5161 0.5554 -0.6520
vn 0.9342 -0.1872 0.3036
vn 0.6265 -0.5335 0.5682
vn 0.8282 0.5240 -0.1988
vn -0.4619 0.0680 -0.8843
vn -0.3461 0.5766 -0.7401
vn -0.0200 -0.9570 -0.2893
vn -0.4855 0.0729 -0.8712
vn -0.0332 -0.8048 -0.5926
vn -0.8903 0.4038 -0.2106
vn -0.6894 0.4041 0.6012
vn -0.6511 -0.7590 0.0080
vn -0.2422 -0.5800 0.7778
vn 0.1980 -0.5149 0.8341
vn -0.3179 -0.8369 -0.4456
vn 0.4972 -0.6225 -0.6045
vn 0.8783 -0.4454 0.1741
vn 0.2648 0.5105 -0.8181
vn -0.4506 0.0567 0.8909
vn -0.4163 0.8959 0.1551
vn -0.6918 0.7068 -0.1474
vn 0.4295 0.7781 0.4583
vn 0.8001 0.5099 -0.3161
vn 0.6173 0.4254 -0.6618
vn 0.8864 -0.2920 0.3592
vn 0.5115 -0.5539 0.6570
vn 0.9051 0.3732 -0.2038
vn -0.4075 0.0387 -0.9124
vn -0.2245 0.5559 -0.8003
vn -0.1616 -0.9682 -0.1909
vn -0.4278 0.0467 -0.9026
vn -0.1308 -0.8557 -0.5007
vn -0.8081 0.5039 -0.3052
vn -0.6470 0.5653 0.5118
vn -0.7600 -0.6478 0.0524
vn -0.3633 -0.4407 0.8209
vn 0.0770 -0.4510 0.8892
vn -0.4238 -0.8277 -0.3678
vn 0.4214 -0.7565 -0.5002
vn 0.7908 -0.5460 0.2764
vn 0.3746 0.3701 -0.8501
vn 0.2709 -0.3466 0.8980
vn -0.4816 0.1484 0.8637
vn -0.2960 0.9482 0.1151
vn -0.5664 0.7993 -0.2009
vn 0.5085 0.7193 0.4734
vn 0.8746 0.3929 -0.2842
vn 0.7024 0.3214 -0.6351
vn -0.1050 0.5492 -0.8291
vn -0.5825 0.6824 0.4417
vn -0.3753 0.0484 -0.9256
vn -0.0303 -0.4060 0.9134
vn -0.3582 0.0382 -0.9329
vn -0.2955 -0.9441 -0.1461
vn -0.2306 -0.8626 -0.4503
vn 0.3963 -0.5779 0.7134
vn -0.5225 -0.7844 -0.3343
vn 0.4592 0.2570 -0.8504
vn 0.3297 -0.8417 -0.4276
vn 0.6921 -0.6298 0.3526
vn 0.9562 0.2309 -0.1798
vn 0.8208 -0.3980 0.4097
vn 0.1755 -0.3559 0.9179
vn -0.4576 -0.3253 0.8275
vn -0.8466 -0.5295 0.0546
vn -0.7143 0.5901 -0.3763
vn 0.0673 -0.3877 0.9193
vn 0.5637 0.6368 0.5260
vn -0.1790 0.9747 0.1336
vn -0.5084 0.2154 0.8337
vn -0.4395 0.8704 -0.2219
vn 0.9356 0.2814 -0.2132
vn 0.7758 0.2202 -0.5913
vn 0.7410 -0.5018 0.4463
vn 0.2749 -0.6195 0.7353
vn 0.9862 0.0946 -0.1358
vn -0.3033 0.0674 -0.9505
vn 0.0210 0.5584 -0.8293
vn -0.4210 -0.8945 -0.1505
vn -0.3159 0.0790 -0.9455
vn -0.9131 -0.4070 0.0227
vn -0.6066 0.6723 -0.4242
vn -0.3257 -0.8360 -0.4416
vn -0.5045 0.7670 0.3964
vn -0.5376 -0.2345 0.8099
vn -0.1439 -0.3858 0.9113
vn -0.6101 -0.7148 -0.3420
vn 0.5314 0.1701 -0.8298
vn 0.2308 -0.8912 -0.3904
vn 0.5809 -0.7075 0.4025
vn -0.0256 -0.4452 0.8951
vn 0.5653 0.5563 0.6091
vn -0.1235 0.9723 0.1983
vn -0.5382 0.2078 0.8168
vn -0.3270 0.9258 -0.1899
vn 0.9627 0.2340 -0.1359
vn 0.8277 0.1719 -0.5342
vn 0.6625 -0.5960 0.4538
vn 0.1470 -0.6534 0.7426
vn 0.9966 -0.0382 -0.0725
vn -0.2269 0.1248 -0.9659
vn 0.1334 0.5879 -0.7979
vn -0.5340 -0.8218 -0.1986
vn -0.2378 0.1351 -0.9619
vn -0.4101 -0.7776 -0.4767
vn -0.4805 0.7556 -0.4452
vn -0.4224 0.8220 0.3819
vn -0.9605 -0.2751 -0.0409
vn -0.6155 -0.1639 0.7709
vn -0.2500 -0.3861 0.8879
vn -0.6815 -0.6184 -0.3913
vn 0.1280 -0.9111 -0.3918
vn 0.4490 -0.7861 0.4248
vn 0.6024 0.1067 -0.7910
vn -0.1017 -0.5700 0.8153
vn 0.4726 0.4480 0.7589
vn -0.1815 0.9158 0.3583
vn -0.6001 0.1037 0.7932
vn -0.2666 0.9612 -0.0708
vn 0.9577 0.2876 0.0062
vn 0.8705 0.2262 -0.4372
vn 0.6314 -0.6580 0.4102
vn 0.0523 -0.7080 0.7043
vn 0.9939 -0.1088 -0.0151
vn -0.1488 0.2071 -0.9669
vn 0.2139 0.6689 -0.7119
vn -0.5966 -0.7484 -0.2900
vn -0.1572 0.2145 -0.9640
vn -0.4442 -0.7093 -0.5473
vn -0.3899 0.8186 -0.4218
vn -0.3851 0.8277 0.4081
vn -0.9759 -0.1855 -0.1149
vn -0.6770 -0.1498 0.7206
vn -0.3531 -0.4366 0.8275
vn -0.7064 -0.5319 -0.4670
vn 0.0746 -0.8957 -0.4384
vn 0.3511 -0.8450 0.4034
vn 0.6592 0.1058 -0.7445
vn -0.0862 -0.8591 0.5044
vn 0.1096 0.0869 0.9902
vn -0.5646 0.5295 0.6331
vn -0.7147 -0.2967 0.6333
vn -0.3676 0.8841 0.2884
vn 0.7464 0.4899 0.4504
vn 0.8575 0.4981 -0.1290
vn 0.7272 -0.6307 0.2709
vn 0.0084 -0.8136 0.5814
vn 0.9946 -0.0857 0.0582
vn -0.0531 0.3712 -0.9270
vn 0.2081 0.8779 -0.4312
vn -0.5907 -0.6558 -0.4702
vn -0.0497 0.3687 -0.9282
vn -0.3992 -0.6217 -0.6739
vn -0.3612 0.8729 -0.3280
vn -0.4308 0.7622 0.4831
vn -0.9633 -0.1554 -0.2189
vn -0.7360 -0.2351 0.6349
vn -0.4591 -0.5995 0.6557
vn -0.6685 -0.4540 -0.5890
vn 0.1093 -0.8290 -0.5484
vn 0.3137 -0.8958 0.3148
vn 0.7207 0.2158 -0.6588
vn -0.6350 -0.7698 0.0649
vn -0.8744 -0.1410 0.4643
vn -0.8476 0.3556 0.3938
vn -0.1508 -0.4270 0.8916
vn 0.3226 0.3463 0.8809
vn 0.5188 0.7524 0.4058
vn -0.1588 0.9774 0.1395
vn -0.7007 0.4006 0.5904
vn 0.0322 0.7338 -0.6786
vn -0.3862 -0.9197 0.0710
vn 0.0076 0.7486 -0.6630
vn -0.3928 -0.4263 -0.8148
vn -0.1335 -0.3683 -0.9201
vn 0.1661 -0.9593 0.2283
vn -0.4524 -0.2966 -0.8411
vn 0.3856 -0.5281 -0.7566
vn 0.4573 -0.8872 0.0612
vn 0.9419 0.1244 0.3119
vn 0.7289 0.6112 -0.3086
vn 0.9207 -0.2500 0.2998
vn 0.2092 -0.9030 0.3754
vn -0.8538 -0.2112 -0.4758
vn -0.5336 0.8432 -0.0646
vn -0.7571 -0.5652 0.3276
vn 0.4904 -0.8595 -0.1444
vn -0.1739 -0.5303 0.8297
vn -0.8963 -0.2525 0.3645
vn -0.3218 -0.9070 -0.2717
vn -0.9809 0.0814 0.1767
vn 0.2123 0.2835 0.9352
vn 0.2181 0.6759 0.7040
vn 0.8969 -0.3063 0.3189
vn 0.5714 -0.8115 -0.1222
vn 0.6666 0.2015 0.7176
vn -0.2439 0.9411 -0.2340
vn -0.4975 0.7965 0.3436
vn 0.1671 0.0248 -0.9856
vn -0.2493 0.9360 -0.2484
vn -0.4710 -0.1264 -0.8730
vn -0.8849 0.4622 0.0574
vn 0.2792 0.2864 -0.9165
vn -0.9006 -0.3410 0.2693
vn -0.3470 -0.8541 -0.3874
vn 0.1561 -0.9195 -0.3606
vn -0.0289 0.1810 -0.9831
vn 0.3177 0.8698 0.3775
vn 0.7549 0.2429 -0.6092
vn 0.8554 -0.5026 -0.1254
vn 0.6175 -0.4517 -0.6440
vn 0.8099 -0.4436 -0.3838
vn 0.6179 -0.6091 0.4971
vn 0.9059 0.0742 -0.4169
vn 0.8794 -0.4710 -0.0695
vn 0.8126 -0.5295 0.2435
vn 0.8867 0.0092 0.4623
vn -0.5139 -0.8315 0.2108
vn -0.0024 -0.7717 0.6360
vn 0.5961 -0.0296 0.8024
vn 0.3278 -0.6958 0.6390
vn 0.1889 -0.0622 0.9800
vn -0.2523 -0.0824 0.9642
vn -0.3045 -0.8208 0.4833
vn 0.1957 -0.0300 0.9802
vn -0.2413 0.0424 0.9695
vn -0.2201 0.1038 0.9699
vn -0.6036 0.2052 0.7705
vn -0.6292 0.1060 0.7699
vn -0.6049 0.1863 0.7742
vn -0.8725 0.2484 0.4207
vn -0.8678 0.2661 0.4196
vn -0.9026 0.0914 0.4206
vn -0.9653 0.2607 -0.0170
vn -0.9614 0.2747 -0.0135
vn -0.8660 0.2293 -0.4443
vn -0.8648 0.2209 -0.4509
vn -0.9928 0.1175 -0.0216
vn -0.9859 -0.1651 -0.0286
vn -0.8703 -0.1441 -0.4709
vn -0.8808 0.1194 -0.4581
vn -0.7230 -0.5405 -0.4302
vn -0.5745 -0.0938 -0.8131
vn -0.5919 0.0973 -0.8001
vn -0.1871 0.0559 -0.9807
vn -0.1634 -0.0245 -0.9863
vn -0.4395 -0.4462 -0.7795
vn -0.3499 -0.5907 -0.7270
vn -0.0373 -0.3584 -0.9328
vn -0.0660 -0.2597 -0.9634
vn -0.5745 -0.3061 -0.7591
vn -0.2988 -0.0550 -0.9527
vn 0.0243 0.2098 -0.9774
vn 0.2832 -0.0558 -0.9574
vn -0.6201 0.4961 -0.6077
vn -0.3211 0.6861 -0.6528
vn 0.3452 0.4428 -0.8275
vn 0.0723 0.7880 -0.6114
vn 0.5240 0.7353 -0.4298
vn 0.6116 0.6058 -0.5088
vn 0.5498 0.2581 -0.7945
vn 0.7094 0.5212 -0.4744
vn 0.7381 0.6687 -0.0896
vn 0.8302 0.5437 -0.1231
vn 0.5570 0.8103 -0.1820
vn 0.8330 0.4859 -0.2647
vn 0.9474 0.2447 0.2062
vn 0.7150 0.5963 0.3648
vn 0.7296 0.6812 -0.0601
vn 0.5516 0.4024 0.7307
vn 0.6053 0.7067 0.3663
vn 0.8495 0.5271 0.0221
vn 0.7187 0.5440 0.4330
vn 0.3602 0.5925 0.7205
vn 0.8724 0.1464 0.4664
vn 0.4558 0.4581 0.7632
vn 0.9844 0.1695 0.0478
vn 0.8919 -0.1185 0.4365
vn 0.6167 -0.0982 0.7811
vn 0.5965 0.0976 0.7967
vn 0.9100 0.1600 -0.3825
vn 0.9932 -0.1159 0.0090
vn 0.8213 0.4108 -0.3959
vn 0.9655 -0.2603 0.0114
vn 0.8727 -0.2477 -0.4208
vn 0.9033 -0.0911 -0.4192
vn 0.6398 -0.0485 -0.7670
vn 0.6595 0.1177 -0.7425
vn 0.2773 0.0511 -0.9594
vn 0.2519 0.0039 -0.9677
vn 0.6093 -0.1867 -0.7706
vn 0.2261 -0.0890 -0.9700
vn 0.6000 -0.2047 -0.7733
vn 0.8671 -0.2664 -0.4209
vn 0.8930 -0.1498 -0.4244
vn 0.9613 -0.2750 0.0155
vn 0.8692 -0.2218 0.4419
vn 0.9863 -0.1640 0.0164
vn 0.8639 -0.2288 0.4488
vn 0.9986 0.0464 0.0260
vn 0.8796 -0.1449 0.4531
vn 0.5945 -0.1371 0.7923
vn 0.5963 -0.0968 0.7969
vn 0.6017 -0.1395 0.7865
vn 0.2143 -0.0294 0.9763
vn 0.2074 -0.0183 0.9781
vn 0.2183 -0.0587 0.9741
vn -0.2265 -0.0071 0.9740
vn -0.2165 0.0870 0.9724
vn -0.2266 -0.0399 0.9732
vn -0.6212 -0.1059 0.7764
vn -0.6280 0.0466 0.7768
vn -0.5910 -0.1862 0.7849
vn -0.8044 -0.3927 0.4458
vn -0.8952 -0.1515 0.4191
vn -0.5559 -0.2646 0.7880
vn -0.7123 -0.5293 0.4609
vn -0.8537 -0.5207 0.0103
vn -0.7252 -0.6871 0.0436
vn -0.6843 -0.5788 0.4434
vn -0.7946 -0.6071 0.0078
vn -0.5952 -0.7082 -0.3796
vn -0.7535 -0.5042 -0.4220
vn -0.9068 -0.4216 -0.0029
vn -0.9542 -0.0762 -0.2894
vn -0.8860 -0.4117 0.2135
vn -0.9788 0.0074 0.2046
vn -0.8366 0.2438 -0.4906
vn -0.8926 0.4249 0.1508
vn -0.2826 0.0782 0.9560
vn -0.0700 0.3488 0.9346
vn -0.6386 0.7664 0.0693
vn 0.2206 0.5044 0.8348
vn -0.2644 0.9642 -0.0214
vn 0.0930 -0.9117 0.4002
vn 0.6553 -0.7410 0.1468
vn 0.9644 -0.1810 0.1929
vn 0.1589 0.9818 -0.1043
vn 0.5272 0.5131 0.6773
vn -0.3266 -0.5602 0.7613
vn 0.3809 -0.8919 0.2437
vn 0.1821 -0.9409 -0.2857
vn -0.2291 -0.9734 0.0080
vn -0.1585 -0.7953 0.5852
vn -0.6328 -0.7572 0.1619
vn -0.6690 -0.6694 0.3230
vn -0.2539 -0.7982 0.5462
vn -0.4376 -0.4324 0.7884
vn -0.0893 -0.2130 0.9730
vn 0.6746 -0.6807 0.2856
vn 0.3202 -0.8123 0.4875
vn 0.2844 0.0954 0.9540
vn -0.2860 0.0537 0.9567
vn 0.8895 -0.3001 0.3446
vn 0.0419 0.3600 0.9320
vn 0.1077 0.2845 0.9526
vn -0.2643 0.0553 0.9629
vn 0.2068 0.0321 0.9779
vn 0.9364 0.0382 -0.3489
vn 0.7874 -0.4086 -0.4615
vn 0.4949 -0.7180 -0.4894
vn 0.8630 -0.4885 0.1292
vn 0.9380 0.1270 0.3226
vn 0.7835 0.3761 0.4947
vn -0.3731 -0.2482 0.8940
vn 0.6185 -0.1052 -0.7787
vn 0.6273 0.0867 -0.7739
vn 0.2137 -0.1023 -0.9715
vn 0.2198 -0.0395 -0.9747
vn 0.3348 -0.4948 -0.8019
vn 0.2221 0.0815 -0.9716
vn 0.0120 -0.5657 -0.8246
vn -0.2250 0.0599 -0.9725
vn -0.2212 0.0336 -0.9746
vn -0.2884 -0.6522 -0.7010
vn -0.6242 0.0267 -0.7808
vn -0.6160 0.0995 -0.7814
vn -0.5035 -0.7368 -0.4513
vn -0.8988 -0.0115 -0.4382
vn -0.8880 0.1455 -0.4362
vn -0.5849 -0.8015 -0.1245
vn -0.9866 0.1631 -0.0074
vn -0.9988 -0.0473 -0.0128
vn -0.8943 0.1490 0.4219
vn -0.9073 -0.0739 0.4140
vn -0.6420 -0.0864 0.7618
vn -0.5998 0.1386 -0.7880
vn -0.5920 0.1371 -0.7942
vn -0.2147 0.0203 -0.9765
vn -0.2024 0.0265 -0.9789
vn 0.3180 -0.0227 -0.9478
vn 0.6339 0.2159 -0.7427
vn -0.9951 -0.0930 -0.0340
vn -0.9101 -0.4145 0.0006
vn -0.5007 -0.8004 0.3296
vn -0.0134 -0.2813 -0.9595
vn -0.0984 0.0399 -0.9943
vn -0.0752 0.3666 -0.9274
vn -0.9717 0.2337 0.0332
vn -0.7337 -0.6668 0.1307
vn 0.3960 -0.6674 -0.6307
vn 0.6392 -0.6556 -0.4019
vn -0.2575 -0.7885 0.5586
vn -0.0518 -0.6338 0.7717
vn 0.0984 -0.0400 0.9943
vn -0.1630 0.5338 0.8298
vn -0.6393 0.6556 0.4019
vn -0.8447 0.5009 0.1885
vn 0.0752 -0.3666 0.9273
vn 0.9951 0.0930 0.0340
vn 0.9101 0.4143 -0.0008
vn 0.0138 0.2815 0.9595
vn 0.9874 0.0999 -0.1225
vn 0.7337 0.6668 -0.1306
vn 0.9151 0.3733 -0.1522
vn -0.3958 0.6675 0.6306
vn 0.5008 0.8004 -0.3297
vn 0.7652 0.5879 -0.2624
vn 0.5672 0.7013 -0.4317
vn 0.2574 0.7886 -0.5585
vn 0.3600 0.6915 -0.6262
vn 0.6767 0.0979 -0.7297
vn 0.6849 -0.5365 -0.4931
vn 0.4779 -0.5465 -0.6877
vn 0.2801 -0.4328 -0.8569
vn 0.1856 0.5596 -0.8077
vn 0.8596 -0.4047 -0.3118
vn 0.0774 0.3326 -0.9399
vn 0.9676 -0.1775 -0.1795
vn 0.0577 0.0549 -0.9968
vn 0.1300 -0.2183 -0.9672
vn 0.1630 -0.5339 -0.8297
vn 0.8448 -0.5008 -0.1886
vn 0.9718 -0.2336 -0.0329
vn 0.0519 0.6337 -0.7718
vt 0.697916 0.270652
vt 0.698750 0.252921
vt 0.703185 0.254452
vt 0.701658 0.233432
vt 0.626970 0.906216
vt 0.631465 0.885546
vt 0.636060 0.887110
vt 0.702425 0.271576
vt 0.460462 0.615544
vt 0.461301 0.598367
vt 0.466676 0.598508
vt 0.467788 0.578188
vt 0.636491 0.878375
vt 0.473385 0.581238
vt 0.469489 0.569649
vt 0.465237 0.569133
vt 0.631311 0.879188
vt 0.404990 0.951492
vt 0.404001 0.956630
vt 0.399102 0.955278
vt 0.466165 0.561569
vt 0.462425 0.564408
vt 0.399822 0.949678
vt 0.469880 0.559002
vt 0.462534 0.557099
vt 0.459787 0.560679
vt 0.395362 0.949006
vt 0.395348 0.956109
vt 0.352721 0.929553
vt 0.348444 0.929719
vt 0.350357 0.925527
vt 0.342781 0.925488
vt 0.324445 0.985330
vt 0.323141 0.981376
vt 0.328098 0.981263
vt 0.948518 0.681052
vt 0.952935 0.675668
vt 0.953231 0.680343
vt 0.328098 0.986310
vt 0.353930 0.924447
vt 0.356798 0.927890
vt 0.359522 0.924435
vt 0.356274 0.921309
vt 0.349814 0.920548
vt 0.360203 0.919634
vt 0.353734 0.917182
vt 0.354102 0.909362
vt 0.358146 0.913731
vt 0.349731 0.914445
vt 0.972193 0.622652
vt 0.975382 0.626191
vt 0.969475 0.628037
vt 0.985627 0.098381
vt 0.977613 0.098381
vt 0.981124 0.094670
vt 0.893400 0.741586
vt 0.898506 0.742021
vt 0.895769 0.747929
vt 0.967470 0.625302
vt 0.903478 0.742258
vt 0.903273 0.738180
vt 0.965546 0.622218
vt 0.965546 0.628801
vt 0.398188 0.993357
vt 0.395834 0.990559
vt 0.398188 0.988104
vt 0.380717 0.993376
vt 0.380717 0.988104
vt 0.382867 0.991859
vt 0.862373 0.167466
vt 0.858937 0.166676
vt 0.860760 0.164286
vt 0.855264 0.163708
vt 0.854890 0.168477
vt 0.966701 0.328385
vt 0.968559 0.332278
vt 0.965546 0.332278
vt 0.857135 0.169178
vt 0.930242 0.826789
vt 0.930569 0.831672
vt 0.928203 0.830985
vt 0.929186 0.837507
vt 0.931624 0.837399
vt 0.854890 0.174375
vt 0.810529 0.995156
vt 0.812713 0.997104
vt 0.810529 0.997538
vt 0.684087 0.996955
vt 0.684130 0.995157
vt 0.686053 0.995157
vt 0.812564 0.995450
vt 0.857453 0.173781
vt 0.686502 0.997804
vt 0.594118 0.995187
vt 0.594998 0.996770
vt 0.593814 0.997461
vt 0.975886 0.331449
vt 0.973313 0.332218
vt 0.973392 0.329493
vt 0.975955 0.330113
vt 0.973537 0.138306
vt 0.972996 0.135388
vt 0.975474 0.136328
vt 0.969342 0.138145
vt 0.976235 0.137688
vt 0.968999 0.329292
vt 0.968417 0.135565
vt 0.966788 0.138814
vt 0.928230 0.489041
vt 0.925763 0.489004
vt 0.925862 0.486149
vt 0.926388 0.494528
vt 0.924245 0.493497
vt 0.965546 0.135388
vt 0.928944 0.484699
vt 0.927584 0.480985
vt 0.930548 0.992342
vt 0.927623 0.989484
vt 0.930548 0.988103
vt 0.923182 0.483044
vt 0.984375 0.619302
vt 0.984835 0.625131
vt 0.980953 0.621970
vt 0.980389 0.624490
vt 0.965874 0.977370
vt 0.971066 0.982749
vt 0.965874 0.985446
vt 0.886661 0.483333
vt 0.892111 0.483397
vt 0.889468 0.490509
vt 0.925104 0.476762
vt 0.882044 0.487175
vt 0.880324 0.485163
vt 0.884976 0.479903
vt 0.890222 0.480042
vt 0.676702 0.401224
vt 0.674220 0.403472
vt 0.673055 0.401497
vt 0.674696 0.399492
vt 0.681740 0.406297
vt 0.885232 0.494678
vt 0.879472 0.495849
vt 0.880127 0.487523
vt 0.888783 0.501491
vt 0.893181 0.499864
vt 0.162241 0.943998
vt 0.154902 0.944786
vt 0.155069 0.938661
vt 0.161728 0.947704
vt 0.783374 0.961416
vt 0.777431 0.955586
vt 0.783374 0.954018
vt 0.162241 0.938879
vt 0.147932 0.975692
vt 0.149182 0.967454
vt 0.150813 0.973418
vt 0.985128 0.513812
vt 0.982125 0.517070
vt 0.977613 0.513812
vt 0.626970 0.879502
vt 0.398918 0.961758
vt 0.404990 0.961207
vt 0.159681 0.931036
vt 0.690741 0.411057
vt 0.688479 0.416531
vt 0.682636 0.414725
vt 0.697268 0.234390
vt 0.678430 0.428159
vt 0.690155 0.434556
vt 0.677929 0.446670
vt 0.666432 0.442597
vt 0.666929 0.421196
vt 0.652874 0.425780
vt 0.653843 0.443003
vt 0.653945 0.460434
vt 0.666869 0.464651
vt 0.668130 0.488279
vt 0.651502 0.477055
vt 0.679534 0.468643
vt 0.659014 0.495919
vt 0.645421 0.485057
vt 0.635590 0.474460
vt 0.638520 0.464797
vt 0.627267 0.466050
vt 0.633777 0.449584
vt 0.645138 0.456691
vt 0.643340 0.444487
vt 0.641004 0.430259
vt 0.631530 0.434081
vt 0.628187 0.422484
vt 0.635888 0.418362
vt 0.625221 0.420110
vt 0.622063 0.430312
vt 0.633319 0.416005
vt 0.315298 0.424523
vt 0.318558 0.425726
vt 0.317815 0.435532
vt 0.619158 0.428675
vt 0.620496 0.439877
vt 0.315298 0.436667
vt 0.318483 0.449425
vt 0.621734 0.453389
vt 0.948518 0.042435
vt 0.964265 0.042435
vt 0.963536 0.045688
vt 0.948518 0.204312
vt 0.963856 0.204312
vt 0.949377 0.207314
vt 0.315359 0.449802
vt 0.296850 0.600206
vt 0.297716 0.614566
vt 0.293260 0.613293
vt 0.290993 0.589056
vt 0.293129 0.600034
vt 0.520687 0.619079
vt 0.526551 0.624457
vt 0.516516 0.634386
vt 0.291637 0.629286
vt 0.717229 0.185693
vt 0.723415 0.190673
vt 0.712002 0.195773
vt 0.710106 0.187964
vt 0.511671 0.627118
vt 0.709097 0.175997
vt 0.504898 0.616728
vt 0.513482 0.609318
vt 0.495185 0.624351
vt 0.491105 0.611253
vt 0.499253 0.607246
vt 0.482886 0.614619
vt 0.212428 0.865139
vt 0.219101 0.863416
vt 0.221855 0.878128
vt 0.212428 0.881195
vt 0.487285 0.596029
vt 0.484778 0.630999
vt 0.292895 0.947203
vt 0.285437 0.947203
vt 0.288796 0.931099
vt 0.476276 0.615841
vt 0.474768 0.598430
vt 0.481174 0.597855
vt 0.500425 0.636100
vt 0.488750 0.644923
vt 0.476053 0.633249
vt 0.504992 0.646048
vt 0.295895 0.630333
vt 0.296385 0.646409
vt 0.291835 0.646662
vt 0.492664 0.656808
vt 0.291926 0.663428
vt 0.296415 0.664037
vt 0.292258 0.711313
vt 0.290839 0.729492
vt 0.289140 0.711507
vt 0.290848 0.695686
vt 0.395389 0.883375
vt 0.396589 0.900578
vt 0.391640 0.898762
vt 0.399794 0.899225
vt 0.294037 0.728892
vt 0.297713 0.744846
vt 0.290993 0.679017
vt 0.474079 0.666040
vt 0.476247 0.653213
vt 0.479770 0.665730
vt 0.390676 0.904614
vt 0.466906 0.650567
vt 0.466991 0.634524
vt 0.466554 0.657338
vt 0.469365 0.663639
vt 0.460648 0.660248
vt 0.953543 0.878227
vt 0.954645 0.872576
vt 0.962201 0.875112
vt 0.948518 0.871947
vt 0.948518 0.878237
vt 0.948868 0.561578
vt 0.954529 0.558300
vt 0.955614 0.562877
vt 0.395912 0.908019
vt 0.399794 0.907080
vt 0.948518 0.557172
vt 0.962166 0.557172
vt 0.680970 0.494328
vt 0.690741 0.495929
vt 0.686107 0.502791
vt 0.680667 0.505247
vt 0.672878 0.504324
vt 0.688946 0.285107
vt 0.698228 0.305011
vt 0.688946 0.311127
vt 0.689447 0.486296
vt 0.698384 0.290020
vt 0.703348 0.290257
vt 0.703913 0.306478
vt 0.698208 0.314817
vt 0.690199 0.452247
vt 0.689082 0.471443
vt 0.459787 0.650462
vt 0.460882 0.634330
vt 0.702425 0.315972
vt 0.466306 0.615675
vt 0.962894 0.562057
vt 0.297716 0.682275
vt 0.294291 0.695902
vt 0.295130 0.680298
vt 0.478513 0.581768
vt 0.483464 0.581246
vt 0.479051 0.567883
vt 0.475257 0.568823
vt 0.473270 0.556129
vt 0.453473 0.975371
vt 0.448729 0.966672
vt 0.453473 0.963808
vt 0.901536 0.753430
vt 0.900625 0.755659
vt 0.895052 0.756652
vt 0.887961 0.750863
vt 0.886261 0.754880
vt 0.891643 0.760109
vt 0.903478 0.765917
vt 0.480454 0.553703
vt 0.481268 0.556247
vt 0.477828 0.556665
vt 0.482851 0.567159
vt 0.253333 0.995156
vt 0.253333 0.998809
vt 0.251148 0.998099
vt 0.293954 0.981746
vt 0.298029 0.986366
vt 0.295311 0.985954
vt 0.412149 0.985815
vt 0.414382 0.982185
vt 0.414165 0.986148
vt 0.736996 0.988104
vt 0.738899 0.988531
vt 0.738528 0.992269
vt 0.411740 0.981817
vt 0.546500 0.889500
vt 0.545120 0.885024
vt 0.547386 0.888400
vt 0.935938 0.988104
vt 0.937265 0.988416
vt 0.935938 0.992418
vt 0.736996 0.992802
vt 0.697918 0.988104
vt 0.697918 0.992788
vt 0.694326 0.990704
vt 0.749327 0.343771
vt 0.748603 0.352186
vt 0.739994 0.348879
vt 0.739496 0.352891
vt 0.902930 0.752699
vt 0.747971 0.356285
vt 0.737716 0.367811
vt 0.735828 0.350002
vt 0.748641 0.368651
vt 0.736860 0.377800
vt 0.729224 0.366058
vt 0.732475 0.348149
vt 0.730639 0.376001
vt 0.541767 0.906737
vt 0.542359 0.885875
vt 0.911607 0.023900
vt 0.905802 0.009137
vt 0.911607 0.006200
vt 0.909770 0.000641
vt 0.541767 0.880229
vt 0.544921 0.880427
vt 0.255646 0.874804
vt 0.258814 0.881242
vt 0.255086 0.877465
vt 0.354386 0.995156
vt 0.354386 0.998632
vt 0.352002 0.997806
vt 0.411740 0.977459
vt 0.416661 0.977370
vt 0.630187 0.847089
vt 0.625393 0.845141
vt 0.632194 0.839577
vt 0.626485 0.853416
vt 0.635111 0.845052
vt 0.264461 0.876644
vt 0.745448 0.149690
vt 0.739746 0.149304
vt 0.740045 0.135527
vt 0.746606 0.134524
vt 0.740618 0.127003
vt 0.825459 0.830202
vt 0.816993 0.818965
vt 0.825459 0.816733
vt 0.298029 0.977370
vt 0.744496 0.160487
vt 0.739156 0.160834
vt 0.817944 0.829909
vt 0.824636 0.841566
vt 0.491950 0.576507
vt 0.487055 0.565821
vt 0.817719 0.841290
vt 0.487868 0.579493
vt 0.498354 0.589108
vt 0.821862 0.855434
vt 0.502285 0.586977
vt 0.737424 0.174792
vt 0.745187 0.173083
vt 0.744836 0.186886
vt 0.962764 0.581069
vt 0.948518 0.581069
vt 0.951008 0.573130
vt 0.948518 0.323555
vt 0.948518 0.319023
vt 0.963533 0.320928
vt 0.712482 0.153762
vt 0.713246 0.165513
vt 0.709097 0.152693
vt 0.709472 0.141288
vt 0.729444 0.387266
vt 0.726370 0.374428
vt 0.715662 0.141631
vt 0.718145 0.155518
vt 0.715311 0.165140
vt 0.732402 0.389073
vt 0.720208 0.165375
vt 0.721048 0.172637
vt 0.715472 0.175947
vt 0.906340 0.153922
vt 0.894489 0.155770
vt 0.894287 0.148134
vt 0.903019 0.164433
vt 0.894287 0.164576
vt 0.721733 0.180897
vt 0.735470 0.174523
vt 0.727960 0.182977
vt 0.730622 0.173782
vt 0.731804 0.164651
vt 0.736143 0.164000
vt 0.730570 0.156395
vt 0.733973 0.155480
vt 0.725107 0.141039
vt 0.729281 0.140453
vt 0.721177 0.130372
vt 0.650196 0.411428
vt 0.651990 0.413281
vt 0.724876 0.129300
vt 0.662260 0.407269
vt 0.663785 0.409344
vt 0.910846 0.257272
vt 0.921305 0.267132
vt 0.910846 0.277286
vt 0.905619 0.601468
vt 0.891756 0.586409
vt 0.904542 0.589346
vt 0.905619 0.613878
vt 0.898014 0.614869
vt 0.890374 0.601559
vt 0.718352 0.118402
vt 0.896714 0.174190
vt 0.911076 0.101120
vt 0.910896 0.113451
vt 0.906868 0.102495
vt 0.906868 0.090328
vt 0.508954 0.599944
vt 0.514530 0.594137
vt 0.519597 0.604017
vt 0.228770 0.963808
vt 0.228770 0.975627
vt 0.221891 0.970232
vt 0.506682 0.601386
vt 0.492987 0.593154
vt 0.724928 0.364043
vt 0.722688 0.349372
vt 0.726595 0.350409
vt 0.876546 0.623471
vt 0.869878 0.615673
vt 0.874964 0.613807
vt 0.743847 0.124709
vt 0.726913 0.341001
vt 0.732421 0.343184
vt 0.728553 0.336918
vt 0.733194 0.340835
vt 0.873207 0.609834
vt 0.735520 0.337926
vt 0.678007 0.364698
vt 0.675127 0.364720
vt 0.675514 0.361118
vt 0.078034 0.995156
vt 0.079533 0.997013
vt 0.078034 0.999209
vt 0.678107 0.361506
vt 0.678304 0.357889
vt 0.730885 0.333729
vt 0.675644 0.358000
vt 0.734554 0.330529
vt 0.738119 0.336345
vt 0.872337 0.606212
vt 0.865105 0.610191
vt 0.864576 0.600652
vt 0.872648 0.601548
vt 0.864475 0.606387
vt 0.739721 0.118402
vt 0.860306 0.988104
vt 0.862800 0.988104
vt 0.862645 0.992463
vt 0.737424 0.119141
vt 0.314691 0.998664
vt 0.311544 0.995244
vt 0.314691 0.995156
vt 0.622681 0.857290
vt 0.622196 0.852983
vt 0.987110 0.415630
vt 0.988610 0.413064
vt 0.993589 0.415630
vt 0.627040 0.856538
vt 0.623691 0.862235
vt 0.629340 0.861123
vt 0.256410 0.871639
vt 0.263858 0.867715
vt 0.264612 0.873123
vt 0.625651 0.869483
vt 0.632294 0.866856
vt 0.256080 0.868291
vt 0.263434 0.861406
vt 0.635111 0.873610
vt 0.254526 0.855512
vt 0.263202 0.853942
vt 0.255272 0.862804
vt 0.678588 0.344191
vt 0.678768 0.351864
vt 0.675484 0.351943
vt 0.675127 0.344108
vt 0.750095 0.330386
vt 0.743518 0.333970
vt 0.740518 0.327758
vt 0.746499 0.324599
vt 0.678272 0.340894
vt 0.675667 0.340785
vt 0.752046 0.327336
vt 0.874653 0.595857
vt 0.869042 0.586409
vt 0.876546 0.589774
vt 0.744579 0.317253
vt 0.749023 0.317813
vt 0.750972 0.322247
vt 0.759205 0.992704
vt 0.758872 0.988104
vt 0.761134 0.988421
vt 0.761134 0.992732
vt 0.591652 0.988104
vt 0.594367 0.992973
vt 0.590611 0.992973
vt 0.593611 0.988282
vt 0.255558 0.852061
vt 0.260919 0.850142
vt 0.225137 0.993475
vt 0.222270 0.988103
vt 0.225980 0.988103
vt 0.264612 0.848687
vt 0.987110 0.951062
vt 0.988535 0.947193
vt 0.992861 0.951062
vt 0.629269 0.876540
vt 0.058662 0.702023
vt 0.056423 0.710270
vt 0.056303 0.701779
vt 0.222547 0.993162
vt 0.866304 0.593510
vt 0.058631 0.710477
vt 0.226237 0.957087
vt 0.228121 0.949006
vt 0.228664 0.956730
vt 0.056303 0.718425
vt 0.228664 0.962354
vt 0.752046 0.356829
vt 0.751950 0.354238
vt 0.978045 0.355610
vt 0.984224 0.351818
vt 0.985259 0.355610
vt 0.689405 0.977370
vt 0.694626 0.980397
vt 0.689405 0.985812
vt 0.977613 0.351730
vt 0.926879 0.822524
vt 0.927836 0.818362
vt 0.931624 0.819379
vt 0.930656 0.823407
vt 0.856821 0.160883
vt 0.859936 0.157935
vt 0.019032 0.988104
vt 0.016398 0.993730
vt 0.014527 0.988104
vt 0.926705 0.826160
vt 0.718513 0.526986
vt 0.721686 0.526129
vt 0.721686 0.531340
vt 0.721398 0.522825
vt 0.888176 0.476762
vt 0.893181 0.477739
vt 0.216966 0.849355
vt 0.676207 0.408391
vt 0.882807 0.506567
vt 0.782926 0.949006
vt 0.154088 0.968538
vt 0.342781 0.912920
vt 0.347320 0.910311
vt 0.155059 0.963808
vt 0.155059 0.972996
vt 0.343112 0.920154
vt 0.345685 0.916932
vt 0.323330 0.977370
vt 0.958098 0.676412
vt 0.957815 0.680872
vt 0.962703 0.681052
vt 0.155002 0.947722
vt 0.395981 0.961065
vt 0.977613 0.619302
vt 0.719505 0.531303
vt 0.720828 0.538187
vt 0.718628 0.537146
vt 0.718830 0.539284
vt 0.925400 0.496473
vt 0.720318 0.540377
vt 0.923182 0.495851
vt 0.734395 0.997756
vt 0.732958 0.996362
vt 0.734395 0.995156
vt 0.592442 0.998015
vt 0.592442 0.995156
vt 0.890471 0.746291
vt 0.465081 0.553215
vt 0.304094 0.276786
vt 0.304182 0.296209
vt 0.297512 0.295902
vt 0.298339 0.320813
vt 0.142962 0.312394
vt 0.141996 0.335835
vt 0.135944 0.336150
vt 0.143095 0.292725
vt 0.135765 0.312572
vt 0.294602 0.275920
vt 0.134957 0.293251
vt 0.143167 0.279903
vt 0.305285 0.264641
vt 0.293046 0.262726
vt 0.128205 0.922892
vt 0.122458 0.929817
vt 0.117266 0.923037
vt 0.134967 0.280554
vt 0.297180 0.255355
vt 0.122818 0.918014
vt 0.128205 0.913755
vt 0.306122 0.255441
vt 0.777223 0.306239
vt 0.773085 0.298549
vt 0.781243 0.302913
vt 0.782069 0.312042
vt 0.312799 0.256349
vt 0.767854 0.305162
vt 0.766266 0.298354
vt 0.772892 0.304529
vt 0.772146 0.309381
vt 0.768658 0.308636
vt 0.770468 0.314301
vt 0.775704 0.310763
vt 0.984667 0.935937
vt 0.982109 0.938665
vt 0.977613 0.935937
vt 0.774516 0.315736
vt 0.778876 0.313362
vt 0.517607 0.977370
vt 0.515192 0.980668
vt 0.511971 0.978435
vt 0.716154 0.920352
vt 0.717359 0.925913
vt 0.714375 0.924837
vt 0.710579 0.923128
vt 0.712205 0.918471
vt 0.518939 0.982134
vt 0.511971 0.984552
vt 0.518410 0.985908
vt 0.932963 0.822153
vt 0.939440 0.820808
vt 0.940507 0.827725
vt 0.124740 0.908539
vt 0.118040 0.910006
vt 0.934056 0.818362
vt 0.932905 0.829336
vt 0.713262 0.929455
vt 0.717518 0.930102
vt 0.715953 0.977370
vt 0.719083 0.980461
vt 0.715953 0.985896
vt 0.708127 0.927287
vt 0.710219 0.936057
vt 0.649765 0.977370
vt 0.655536 0.984087
vt 0.649765 0.985836
vt 0.058513 0.931127
vt 0.059819 0.938370
vt 0.052794 0.937508
vt 0.704479 0.932732
vt 0.052713 0.931169
vt 0.704479 0.922891
vt 0.536950 0.926796
vt 0.530722 0.929664
vt 0.529724 0.918448
vt 0.535987 0.919929
vt 0.540107 0.924502
vt 0.707510 0.920579
vt 0.522975 0.929463
vt 0.522975 0.917776
vt 0.523822 0.909078
vt 0.531773 0.909701
vt 0.535906 0.914905
vt 0.873718 0.231962
vt 0.862767 0.226299
vt 0.875873 0.225675
vt 0.873099 0.213984
vt 0.059422 0.947144
vt 0.052713 0.945798
vt 0.242187 0.284148
vt 0.237581 0.285061
vt 0.234868 0.272813
vt 0.861397 0.229560
vt 0.235381 0.264048
vt 0.241561 0.264255
vt 0.241461 0.272716
vt 0.246899 0.284216
vt 0.248211 0.271415
vt 0.248539 0.263148
vt 0.147273 0.302053
vt 0.144448 0.288660
vt 0.151463 0.288034
vt 0.940507 0.836091
vt 0.933141 0.836711
vt 0.152065 0.301193
vt 0.161882 0.289627
vt 0.153187 0.279903
vt 0.151160 0.321016
vt 0.157268 0.321402
vt 0.159838 0.302105
vt 0.155432 0.345214
vt 0.149861 0.344438
vt 0.242068 0.328759
vt 0.242082 0.303735
vt 0.248539 0.303982
vt 0.247908 0.328944
vt 0.236160 0.328988
vt 0.235353 0.304165
vt 0.242171 0.353724
vt 0.906578 0.796695
vt 0.903283 0.772447
vt 0.909379 0.772447
vt 0.067819 0.311564
vt 0.060259 0.287684
vt 0.066619 0.287477
vt 0.236054 0.353921
vt 0.061582 0.311537
vt 0.069075 0.336027
vt 0.929818 0.649139
vt 0.936977 0.651597
vt 0.929818 0.667785
vt 0.933397 0.152438
vt 0.933397 0.171433
vt 0.927962 0.169797
vt 0.000640 0.292873
vt 0.006317 0.292198
vt 0.008587 0.314727
vt 0.941883 0.078012
vt 0.934995 0.076285
vt 0.941883 0.060341
vt 0.497449 0.929844
vt 0.497449 0.910029
vt 0.506113 0.913662
vt 0.097897 0.949854
vt 0.097897 0.962274
vt 0.090755 0.961394
vt 0.861397 0.216225
vt 0.310012 0.297373
vt 0.309842 0.321272
vt 0.304551 0.321185
vt 0.002636 0.315128
vt 0.312248 0.277442
vt 0.304373 0.345651
vt 0.310416 0.345973
vt 0.004561 0.338440
vt 0.298046 0.345559
vt 0.303820 0.371114
vt 0.298112 0.371114
vt 0.308464 0.396471
vt 0.302860 0.396244
vt 0.309430 0.371357
vt 0.134900 0.359201
vt 0.140864 0.358661
vt 0.139781 0.382379
vt 0.297279 0.396423
vt 0.132713 0.405878
vt 0.134023 0.382759
vt 0.138571 0.405499
vt 0.146865 0.391157
vt 0.153732 0.368315
vt 0.151901 0.391926
vt 0.150617 0.415179
vt 0.247572 0.379276
vt 0.242542 0.379257
vt 0.243087 0.404578
vt 0.145791 0.414436
vt 0.913262 0.708995
vt 0.919089 0.730465
vt 0.913262 0.731408
vt 0.148226 0.367577
vt 0.247601 0.353852
vt 0.149440 0.437947
vt 0.248232 0.404615
vt 0.248475 0.429440
vt 0.243756 0.429348
vt 0.144649 0.437393
vt 0.804747 0.709709
vt 0.795468 0.726777
vt 0.799835 0.707652
vt 0.800545 0.728597
vt 0.144448 0.456487
vt 0.793710 0.735163
vt 0.799323 0.737316
vt 0.805525 0.728463
vt 0.149748 0.457487
vt 0.320987 0.777811
vt 0.317371 0.768023
vt 0.323063 0.770149
vt 0.323938 0.749695
vt 0.313610 0.776335
vt 0.805525 0.737378
vt 0.305033 0.780264
vt 0.310165 0.783700
vt 0.319059 0.785452
vt 0.526632 0.985933
vt 0.520220 0.980501
vt 0.526632 0.977370
vt 0.300320 0.787229
vt 0.798115 0.753883
vt 0.798621 0.745600
vt 0.802835 0.745887
vt 0.804342 0.754204
vt 0.306391 0.791199
vt 0.298997 0.792422
vt 0.798374 0.759533
vt 0.804894 0.759115
vt 0.741070 0.955705
vt 0.736499 0.957333
vt 0.735317 0.954271
vt 0.741118 0.949006
vt 0.967110 0.120965
vt 0.972147 0.123485
vt 0.965546 0.123485
vt 0.306433 0.795134
vt 0.741118 0.960370
vt 0.737342 0.961466
vt 0.971513 0.119006
vt 0.789813 0.964299
vt 0.797917 0.968849
vt 0.789189 0.969497
vt 0.795225 0.974582
vt 0.787296 0.974582
vt 0.690928 0.974958
vt 0.686910 0.974752
vt 0.688104 0.969466
vt 0.882985 0.974692
vt 0.879862 0.969328
vt 0.884856 0.966684
vt 0.879862 0.963808
vt 0.686910 0.963808
vt 0.689761 0.966026
vt 0.691994 0.970169
vt 0.992304 0.147942
vt 0.987110 0.143176
vt 0.993834 0.143176
vt 0.987417 0.147479
vt 0.819248 0.706337
vt 0.822927 0.701112
vt 0.824455 0.704365
vt 0.817446 0.702601
vt 0.558895 0.977370
vt 0.563100 0.985720
vt 0.558895 0.985998
vt 0.336551 0.977370
vt 0.340075 0.979097
vt 0.336551 0.986351
vt 0.817396 0.694692
vt 0.821451 0.693776
vt 0.978561 0.126770
vt 0.985267 0.126984
vt 0.985552 0.131545
vt 0.817192 0.687583
vt 0.814182 0.681443
vt 0.812623 0.686594
vt 0.977613 0.131545
vt 0.817915 0.681855
vt 0.821683 0.686626
vt 0.815403 0.676492
vt 0.818609 0.676318
vt 0.821211 0.680863
vt 0.061436 0.462090
vt 0.060259 0.458750
vt 0.066652 0.458277
vt 0.824455 0.678848
vt 0.067437 0.462225
vt 0.068213 0.451897
vt 0.075211 0.456411
vt 0.082011 0.456701
vt 0.074851 0.450736
vt 0.074827 0.462697
vt 0.081123 0.450132
vt 0.088301 0.455137
vt 0.918063 0.255991
vt 0.919518 0.247130
vt 0.923802 0.252512
vt 0.086325 0.461203
vt 0.082399 0.462927
vt 0.040838 0.898971
vt 0.036699 0.901970
vt 0.034924 0.891137
vt 0.085473 0.445665
vt 0.038042 0.906136
vt 0.034678 0.908002
vt 0.040613 0.904549
vt 0.040089 0.890661
vt 0.046909 0.897658
vt 0.047522 0.903795
vt 0.794840 0.744873
vt 0.034678 0.882628
vt 0.042567 0.907067
vt 0.693040 0.967348
vt 0.074602 0.446179
vt 0.082585 0.437600
vt 0.918063 0.241320
vt 0.920490 0.234264
vt 0.925495 0.244884
vt 0.675374 0.949006
vt 0.675374 0.961430
vt 0.667172 0.952187
vt 0.965546 0.535696
vt 0.975394 0.535208
vt 0.975394 0.543503
vt 0.073813 0.439095
vt 0.073099 0.430985
vt 0.080429 0.429362
vt 0.065669 0.430764
vt 0.064236 0.439331
vt 0.065770 0.408870
vt 0.010007 0.428060
vt 0.015784 0.407185
vt 0.015654 0.428429
vt 0.009076 0.436467
vt 0.014313 0.437239
vt 0.007051 0.445595
vt 0.005012 0.444053
vt 0.977613 0.119138
vt 0.985541 0.115138
vt 0.985541 0.120191
vt 0.009870 0.445667
vt 0.301565 0.451164
vt 0.306975 0.442718
vt 0.306594 0.451496
vt 0.301503 0.442331
vt 0.294148 0.450913
vt 0.293046 0.459161
vt 0.492725 0.986113
vt 0.488812 0.984628
vt 0.492725 0.977370
vt 0.327282 0.777234
vt 0.327143 0.785695
vt 0.295184 0.442493
vt 0.296593 0.420695
vt 0.307633 0.420562
vt 0.301926 0.420522
vt 0.142043 0.448845
vt 0.137334 0.427737
vt 0.143167 0.428776
vt 0.131695 0.428445
vt 0.329293 0.751832
vt 0.014766 0.384781
vt 0.009780 0.407271
vt 0.008589 0.384910
vt 0.064757 0.385358
vt 0.063822 0.360819
vt 0.070267 0.361039
vt 0.071170 0.385611
vt 0.013119 0.361422
vt 0.236760 0.404803
vt 0.236454 0.379578
vt 0.237630 0.429363
vt 0.072259 0.409408
vt 0.239264 0.451905
vt 0.062213 0.336033
vt 0.006863 0.361739
vt 0.011060 0.338045
vt 0.324052 0.795070
vt 0.329293 0.795590
vt 0.975337 0.231520
vt 0.966531 0.227519
vt 0.976104 0.227519
vt 0.044877 0.934987
vt 0.041865 0.938862
vt 0.038443 0.933929
vt 0.327988 0.801755
vt 0.965546 0.231756
vt 0.041703 0.931069
vt 0.003823 0.456257
vt 0.000640 0.454021
vt 0.977613 0.897880
vt 0.980573 0.894970
vt 0.984725 0.897880
vt 0.977613 0.845352
vt 0.984747 0.845352
vt 0.981353 0.848665
vt 0.497924 0.949006
vt 0.498392 0.953613
vt 0.493237 0.953053
vt 0.008061 0.457288
vt 0.002723 0.460844
vt 0.496428 0.956102
vt 0.493299 0.956932
vt 0.489623 0.955971
vt 0.488291 0.953784
vt 0.488291 0.960350
vt 0.047522 0.936307
vt 0.047182 0.941103
vt 0.043455 0.947608
vt 0.889041 0.545897
vt 0.892625 0.553155
vt 0.886026 0.553050
vt 0.893731 0.547066
vt 0.493040 0.961541
vt 0.497907 0.960218
vt 0.898459 0.547654
vt 0.897930 0.553184
vt 0.887291 0.560638
vt 0.892512 0.561323
vt 0.814119 0.977370
vt 0.808914 0.985647
vt 0.808689 0.977370
vt 0.886082 0.567589
vt 0.891747 0.569819
vt 0.897409 0.561296
vt 0.886827 0.573548
vt 0.891579 0.575154
vt 0.897784 0.575117
vt 0.898459 0.570009
vt 0.680268 0.970348
vt 0.685629 0.966988
vt 0.685629 0.975014
vt 0.977654 0.241657
vt 0.983932 0.237140
vt 0.985368 0.243049
vt 0.797767 0.963808
vt 0.977613 0.237140
vt 0.310043 0.803282
vt 0.306222 0.801056
vt 0.681637 0.963808
vt 0.993387 0.443696
vt 0.987110 0.438717
vt 0.993387 0.437783
vt 0.406863 0.961925
vt 0.406271 0.956186
vt 0.412516 0.957051
vt 0.311492 0.792930
vt 0.316033 0.802650
vt 0.407049 0.949307
vt 0.317464 0.794466
vt 0.322431 0.804197
vt 0.951603 0.982535
vt 0.945029 0.985397
vt 0.945029 0.977370
vt 0.038443 0.945566
vt 0.412516 0.949006
vt 0.987110 0.492264
vt 0.989155 0.489953
vt 0.993514 0.492264
vt 0.822887 0.674443
vt 0.013236 0.446168
vt 0.012583 0.457277
vt 0.078262 0.408609
vt 0.062369 0.447927
vt 0.976208 0.119008
vt 0.313998 0.264423
vt 0.089715 0.949006
vt 0.509598 0.915031
vt 0.707794 0.917136
vt 0.539773 0.920755
vt 0.766266 0.311985
vt 0.539469 0.916802
vt 0.437393 0.764829
vt 0.452581 0.763407
vt 0.451855 0.776751
vt 0.833030 0.614454
vt 0.839772 0.629773
vt 0.835488 0.629780
vt 0.833400 0.640781
vt 0.433828 0.777372
vt 0.433124 0.778504
vt 0.452295 0.787725
vt 0.773126 0.215507
vt 0.769181 0.213807
vt 0.770122 0.212170
vt 0.773669 0.214500
vt 0.429418 0.789867
vt 0.771520 0.226137
vt 0.640258 0.796801
vt 0.645410 0.807476
vt 0.622680 0.804551
vt 0.621646 0.794405
vt 0.919173 0.507914
vt 0.917916 0.508579
vt 0.918280 0.489254
vt 0.767037 0.226903
vt 0.634066 0.817749
vt 0.780055 0.246348
vt 0.645410 0.830940
vt 0.622253 0.807732
vt 0.959385 0.801864
vt 0.959438 0.797654
vt 0.971046 0.797654
vt 0.724484 0.940158
vt 0.728645 0.954792
vt 0.724484 0.955116
vt 0.728645 0.939833
vt 0.632520 0.829280
vt 0.837214 0.643262
vt 0.834580 0.645083
vt 0.832230 0.641590
vt 0.972487 0.153430
vt 0.959385 0.153430
vt 0.959578 0.149261
vt 0.970994 0.801864
vt 0.972680 0.149261
vt 0.783584 0.244075
vt 0.441264 0.797062
vt 0.443610 0.806649
vt 0.430637 0.807863
vt 0.452581 0.788900
vt 0.928608 0.504923
vt 0.780720 0.202672
vt 0.777575 0.199706
vt 0.932562 0.504102
vt 0.928903 0.489254
vt 0.781033 0.197006
vt 0.930959 0.489272
vt 0.945478 0.939833
vt 0.945478 0.953910
vt 0.942158 0.954828
vt 0.942158 0.940751
vt 0.783584 0.200426
vt 0.663982 0.954195
vt 0.666093 0.939833
vt 0.667672 0.939939
vt 0.667672 0.955278
vt 0.832230 0.613034
vt 0.835908 0.610891
vt 0.837076 0.612964
vt 0.222303 0.985090
vt 0.222303 0.974165
vt 0.226333 0.976227
vt 0.869641 0.991781
vt 0.865385 0.986967
vt 0.869641 0.987019
vt 0.998803 0.243382
vt 0.998220 0.245491
vt 0.994776 0.245491
vt 0.229448 0.977082
vt 0.228064 0.974780
vt 0.141453 0.812580
vt 0.151770 0.809847
vt 0.150672 0.819340
vt 0.809121 0.005650
vt 0.817864 0.012040
vt 0.814341 0.014384
vt 0.812238 0.002671
vt 0.809647 0.000640
vt 0.807128 0.004071
vt 0.910745 0.715055
vt 0.912658 0.712732
vt 0.914296 0.714372
vt 0.995359 0.243382
vt 0.906662 0.721198
vt 0.917454 0.723730
vt 0.918257 0.713111
vt 0.930426 0.864297
vt 0.927508 0.863518
vt 0.927508 0.853026
vt 0.928808 0.872127
vt 0.918257 0.731133
vt 0.865385 0.991729
vt 0.930763 0.854150
vt 0.906242 0.722171
vt 0.813775 0.656558
vt 0.810096 0.654341
vt 0.814024 0.649466
vt 0.817225 0.652253
vt 0.915775 0.734497
vt 0.974187 0.429951
vt 0.981012 0.427642
vt 0.983448 0.429951
vt 0.150275 0.820096
vt 0.135614 0.823980
vt 0.136073 0.818838
vt 0.814647 0.014992
vt 0.818574 0.013278
vt 0.148816 0.828284
vt 0.815761 0.022410
vt 0.151770 0.841008
vt 0.138330 0.839990
vt 0.810676 0.037791
vt 0.807128 0.035524
vt 0.820248 0.023164
vt 0.135667 0.831767
vt 0.884736 0.685319
vt 0.885846 0.693331
vt 0.872798 0.689610
vt 0.870189 0.681170
vt 0.883247 0.705139
vt 0.870189 0.706899
vt 0.811442 0.663707
vt 0.815874 0.673021
vt 0.812070 0.674797
vt 0.813421 0.679771
vt 0.877570 0.709004
vt 0.806897 0.663861
vt 0.817225 0.677995
vt 0.985217 0.217519
vt 0.993148 0.213351
vt 0.992955 0.217519
vt 0.985410 0.213351
vt 0.144331 0.842978
vt 0.086104 0.648340
vt 0.083999 0.643577
vt 0.086964 0.643000
vt 0.081430 0.620830
vt 0.076916 0.620849
vt 0.574567 0.655912
vt 0.572771 0.646082
vt 0.610339 0.687985
vt 0.596415 0.688365
vt 0.612019 0.692446
vt 0.605344 0.664997
vt 0.186204 0.993346
vt 0.186204 0.986967
vt 0.188544 0.990940
vt 0.216400 0.899034
vt 0.212156 0.899023
vt 0.213509 0.883488
vt 0.217742 0.882754
vt 0.408958 0.752914
vt 0.396326 0.718964
vt 0.412316 0.746068
vt 0.216121 0.875920
vt 0.212156 0.877354
vt 0.389184 0.719068
vt 0.399011 0.764084
vt 0.402545 0.764116
vt 0.924515 0.953304
vt 0.921217 0.954816
vt 0.920205 0.941333
vt 0.826018 0.213498
vt 0.839548 0.197006
vt 0.828630 0.227112
vt 0.924515 0.939833
vt 0.832271 0.232396
vt 0.837727 0.506570
vt 0.835022 0.495848
vt 0.838843 0.493910
vt 0.834033 0.486931
vt 0.571572 0.660656
vt 0.842250 0.507064
vt 0.828938 0.199297
vt 0.834324 0.521237
vt 0.812876 0.197006
vt 0.574164 0.940876
vt 0.569737 0.955664
vt 0.569737 0.939833
vt 0.573873 0.954947
vt 0.830651 0.519179
vt 0.418617 0.712745
vt 0.412598 0.731247
vt 0.407529 0.717624
vt 0.830651 0.489475
vt 0.379908 0.712745
vt 0.894643 0.548205
vt 0.897086 0.558224
vt 0.893237 0.558526
vt 0.484275 0.656577
vt 0.484275 0.711658
vt 0.473712 0.691054
vt 0.898789 0.547677
vt 0.897425 0.534777
vt 0.893237 0.535499
vt 0.473712 0.646335
vt 0.474266 0.645622
vt 0.455203 0.678580
vt 0.455203 0.656511
vt 0.839294 0.853742
vt 0.834992 0.851981
vt 0.836747 0.850192
vt 0.834992 0.876122
vt 0.839257 0.876080
vt 0.839750 0.853209
vt 0.085779 0.601699
vt 0.082758 0.579403
vt 0.086964 0.579784
vt 0.612019 0.639063
vt 0.574844 0.630977
vt 0.596966 0.622274
vt 0.081573 0.601318
vt 0.572813 0.631791
vt 0.873561 0.489254
vt 0.882001 0.503608
vt 0.873561 0.516533
vt 0.804204 0.452013
vt 0.805987 0.468326
vt 0.802631 0.468574
vt 0.808936 0.922339
vt 0.808936 0.903187
vt 0.812332 0.903213
vt 0.738111 0.826787
vt 0.751250 0.852458
vt 0.738111 0.859104
vt 0.916469 0.297876
vt 0.919603 0.316959
vt 0.916469 0.317936
vt 0.812332 0.922365
vt 0.920097 0.297811
vt 0.807492 0.453037
vt 0.819404 0.476188
vt 0.806395 0.818841
vt 0.806395 0.851530
vt 0.791024 0.843043
vt 0.816733 0.438814
vt 0.819404 0.440938
vt 0.018103 0.892307
vt 0.000640 0.899450
vt 0.000640 0.874091
vt 0.017041 0.878745
vt 0.939999 0.663674
vt 0.956641 0.667565
vt 0.939661 0.667565
vt 0.956979 0.663674
vt 0.883836 0.030055
vt 0.880344 0.049959
vt 0.880682 0.031398
vt 0.883836 0.049840
vt 0.880832 0.384834
vt 0.880832 0.413211
vt 0.867238 0.409882
vt 0.867795 0.394549
vt 0.745524 0.408275
vt 0.737642 0.429210
vt 0.734956 0.428147
vt 0.959630 0.732343
vt 0.971172 0.735228
vt 0.959385 0.735228
vt 0.971416 0.732343
vt 0.783544 0.457612
vt 0.801351 0.438814
vt 0.793047 0.477247
vt 0.801351 0.485652
vt 0.774038 0.192769
vt 0.778020 0.152465
vt 0.778020 0.193692
vt 0.774038 0.151542
vt 0.728068 0.437348
vt 0.728068 0.388686
vt 0.742837 0.407213
vt 0.742837 0.387686
vt 0.957202 0.411697
vt 0.939807 0.415955
vt 0.939661 0.411697
vt 0.957349 0.415955
vt 0.745524 0.388748
vt 0.783544 0.438817
vt 0.154695 0.224309
vt 0.158651 0.224327
vt 0.159782 0.260015
vt 0.154594 0.259991
vt 0.155682 0.326853
vt 0.160870 0.326876
vt 0.377146 0.372819
vt 0.380719 0.435517
vt 0.376762 0.436681
vt 0.381102 0.371655
vt 0.381163 0.337943
vt 0.378146 0.338830
vt 0.379076 0.333988
vt 0.376762 0.334852
vt 0.158189 0.219799
vt 0.160870 0.220743
vt 0.971819 0.392677
vt 0.971898 0.395663
vt 0.970337 0.398441
vt 0.970081 0.390234
vt 0.967369 0.400125
vt 0.155087 0.218183
vt 0.381980 0.332693
vt 0.385278 0.337635
vt 0.384952 0.331698
vt 0.967016 0.388801
vt 0.389390 0.337990
vt 0.361146 0.207735
vt 0.359149 0.200551
vt 0.362060 0.199448
vt 0.963693 0.388801
vt 0.963808 0.400162
vt 0.150481 0.224408
vt 0.147138 0.224598
vt 0.152397 0.216606
vt 0.448111 0.010878
vt 0.445968 0.001084
vt 0.447921 0.001598
vt 0.960957 0.398643
vt 0.960956 0.390316
vt 0.959385 0.396001
vt 0.445217 0.011891
vt 0.443098 0.000742
vt 0.449612 0.045590
vt 0.445815 0.046920
vt 0.441148 0.012298
vt 0.440479 0.110789
vt 0.440479 0.047456
vt 0.445815 0.110253
vt 0.445540 0.131937
vt 0.449612 0.108923
vt 0.441627 0.132330
vt 0.553746 0.949441
vt 0.553746 0.945349
vt 0.555717 0.941833
vt 0.448324 0.130962
vt 0.566487 0.953157
vt 0.563073 0.939887
vt 0.149625 0.351538
vt 0.145770 0.327236
vt 0.150155 0.326985
vt 0.559131 0.939833
vt 0.152840 0.351354
vt 0.156893 0.351257
vt 0.568458 0.945549
vt 0.160698 0.351274
vt 0.566487 0.941979
vt 0.379952 0.459264
vt 0.377051 0.460117
vt 0.383911 0.458969
vt 0.568458 0.949641
vt 0.386116 0.435115
vt 0.387865 0.459311
vt 0.391509 0.435582
vt 0.386500 0.371253
vt 0.391893 0.371720
vt 0.360336 0.243289
vt 0.364495 0.309106
vt 0.359355 0.308544
vt 0.365476 0.243851
vt 0.365064 0.208163
vt 0.369291 0.208106
vt 0.364923 0.198157
vt 0.371020 0.243779
vt 0.372694 0.207581
vt 0.375483 0.243091
vt 0.367110 0.197006
vt 0.436996 0.011991
vt 0.435032 0.047054
vt 0.440068 0.000640
vt 0.959394 0.392951
vt 0.374501 0.308346
vt 0.435032 0.110387
vt 0.370038 0.309034
vt 0.370257 0.331326
vt 0.437633 0.132035
vt 0.559131 0.955103
vt 0.555717 0.953011
vt 0.366984 0.331831
vt 0.563073 0.955157
vt 0.362918 0.331884
vt 0.359149 0.331471
vt 0.144682 0.260374
vt 0.149067 0.260123
vt 0.682890 0.515532
vt 0.685715 0.510445
vt 0.701150 0.510388
vt 0.008918 0.844792
vt 0.006415 0.851732
vt 0.005211 0.847027
vt 0.806876 0.882364
vt 0.806876 0.887449
vt 0.801432 0.887336
vt 0.690608 0.507496
vt 0.801432 0.882251
vt 0.696258 0.529353
vt 0.696257 0.507475
vt 0.795630 0.882295
vt 0.791024 0.887568
vt 0.791024 0.882484
vt 0.802780 0.907097
vt 0.806884 0.906106
vt 0.806403 0.910898
vt 0.703975 0.515454
vt 0.703975 0.521316
vt 0.797151 0.907097
vt 0.802299 0.911889
vt 0.797583 0.918953
vt 0.796670 0.911889
vt 0.803280 0.918621
vt 0.807530 0.917180
vt 0.807415 0.925497
vt 0.944820 0.741025
vt 0.956263 0.741025
vt 0.953927 0.745370
vt 0.940869 0.745478
vt 0.015177 0.872811
vt 0.009939 0.871557
vt 0.000640 0.860423
vt 0.793322 0.895050
vt 0.797838 0.900636
vt 0.796005 0.904826
vt 0.004950 0.868480
vt 0.016784 0.861027
vt 0.002474 0.857601
vt 0.006557 0.856696
vt 0.088370 0.911619
vt 0.087294 0.911823
vt 0.087624 0.906266
vt 0.011794 0.857950
vt 0.001546 0.864405
vt 0.089774 0.905926
vt 0.089567 0.902301
vt 0.013673 0.855598
vt 0.020086 0.854891
vt 0.870649 0.070406
vt 0.874071 0.078930
vt 0.868581 0.076883
vt 0.020188 0.865103
vt 0.010122 0.849496
vt 0.015495 0.847650
vt 0.007445 0.856142
vt 0.090031 0.917222
vt 0.094707 0.921185
vt 0.091372 0.921729
vt 0.014291 0.842945
vt 0.019890 0.841983
vt 0.021094 0.846687
vt 0.868568 0.057418
vt 0.875573 0.060590
vt 0.870346 0.062051
vt 0.876323 0.068755
vt 0.881813 0.066421
vt 0.879314 0.079163
vt 0.941476 0.756668
vt 0.952955 0.751091
vt 0.953607 0.756655
vt 0.939661 0.751205
vt 0.880945 0.058353
vt 0.885838 0.063911
vt 0.885023 0.055938
vt 0.791890 0.918175
vt 0.791024 0.910898
vt 0.883245 0.051306
vt 0.791505 0.906106
vt 0.701150 0.526403
vt 0.879166 0.053720
vt 0.873794 0.055958
vt 0.690607 0.529374
vt 0.685715 0.526461
vt 0.021094 0.869085
vt 0.019260 0.871906
vt 0.682890 0.521394
vt 0.095279 0.909670
vt 0.096766 0.915296
vt 0.088666 0.917483
vt 0.096766 0.904153
vt 0.805601 0.893569
vt 0.798926 0.894494
vt 0.094457 0.901704
vt 0.795630 0.887380
vt 0.801892 0.896723
vt 0.683296 0.428329
vt 0.677548 0.435147
vt 0.675937 0.424959
vt 0.681091 0.437480
vt 0.993497 0.044906
vt 0.989663 0.047078
vt 0.985217 0.044906
vt 0.127462 0.974435
vt 0.127462 0.985286
vt 0.121350 0.984577
vt 0.120952 0.974165
vt 0.079896 0.913984
vt 0.086015 0.916485
vt 0.080645 0.922020
vt 0.609115 0.897562
vt 0.609115 0.918770
vt 0.600440 0.899508
vt 0.687190 0.412075
vt 0.678950 0.404821
vt 0.601360 0.918395
vt 0.086015 0.901704
vt 0.959385 0.519273
vt 0.971566 0.519273
vt 0.962665 0.530048
vt 0.908006 0.083409
vt 0.917044 0.076914
vt 0.917044 0.095831
vt 0.105755 0.962379
vt 0.105124 0.972510
vt 0.099905 0.969755
vt 0.914837 0.074214
vt 0.910559 0.587192
vt 0.916994 0.587774
vt 0.913931 0.594164
vt 0.909979 0.575902
vt 0.960648 0.530410
vt 0.983066 0.550099
vt 0.983093 0.552730
vt 0.977143 0.553287
vt 0.977118 0.550892
vt 0.916994 0.575193
vt 0.913685 0.572701
vt 0.974187 0.550099
vt 0.669871 0.519904
vt 0.677358 0.509893
vt 0.678583 0.511772
vt 0.974213 0.552592
vt 0.963381 0.362207
vt 0.959385 0.354275
vt 0.972156 0.354275
vt 0.678583 0.529397
vt 0.988106 0.762558
vt 0.992341 0.765448
vt 0.985217 0.765448
vt 0.914817 0.401476
vt 0.920064 0.388738
vt 0.920985 0.403723
vt 0.940440 0.417235
vt 0.956448 0.417378
vt 0.957128 0.425795
vt 0.939661 0.425795
vt 0.985217 0.458894
vt 0.991934 0.458894
vt 0.992737 0.463734
vt 0.985512 0.463734
vt 0.914817 0.409453
vt 0.985217 0.327492
vt 0.989546 0.325270
vt 0.993095 0.327492
vt 0.686585 0.430962
vt 0.982874 0.746227
vt 0.979417 0.748509
vt 0.974187 0.746227
vt 0.985217 0.895763
vt 0.992107 0.892875
vt 0.991449 0.895510
vt 0.099905 0.957919
vt 0.681602 0.401852
vt 0.675937 0.402548
vt 0.678524 0.399654
vt 0.985940 0.892875
vt 0.974187 0.645983
vt 0.979641 0.643645
vt 0.982993 0.645983
vt 0.818895 0.764265
vt 0.813653 0.770131
vt 0.809798 0.768077
vt 0.815282 0.761941
vt 0.808859 0.757491
vt 0.561574 0.897406
vt 0.567872 0.890764
vt 0.567872 0.899331
vt 0.982794 0.840023
vt 0.978609 0.842153
vt 0.974187 0.840023
vt 0.962387 0.447622
vt 0.972066 0.452227
vt 0.959385 0.452227
vt 0.561825 0.889750
vt 0.567299 0.875716
vt 0.708888 0.922666
vt 0.718026 0.914294
vt 0.718026 0.931569
vt 0.507126 0.939834
vt 0.515971 0.940690
vt 0.508491 0.954358
vt 0.515971 0.955531
vt 0.985217 0.652415
vt 0.985217 0.645555
vt 0.992347 0.647727
vt 0.806087 0.957919
vt 0.806087 0.971393
vt 0.795800 0.961736
vt 0.908006 0.060409
vt 0.917223 0.054122
vt 0.917223 0.072935
vt 0.738093 0.609609
vt 0.730337 0.609310
vt 0.729425 0.590318
vt 0.914875 0.051306
vt 0.986220 0.915301
vt 0.990954 0.918135
vt 0.985217 0.918135
vt 0.738093 0.588535
vt 0.974187 0.603719
vt 0.980032 0.601199
vt 0.983074 0.603719
vt 0.992052 0.915033
vt 0.811686 0.733270
vt 0.811371 0.738908
vt 0.808859 0.736099
vt 0.814257 0.736020
vt 0.873136 0.597302
vt 0.869173 0.596607
vt 0.867192 0.590685
vt 0.878018 0.589293
vt 0.820373 0.745427
vt 0.956968 0.522050
vt 0.939661 0.522050
vt 0.940506 0.513688
vt 0.872172 0.584222
vt 0.878142 0.581300
vt 0.867192 0.573959
vt 0.795516 0.959497
vt 0.977151 0.591677
vt 0.983072 0.591521
vt 0.983072 0.594274
vt 0.873136 0.569425
vt 0.869173 0.568730
vt 0.974187 0.594178
vt 0.974187 0.591605
vt 0.977151 0.594167
vt 0.987833 0.501358
vt 0.992782 0.504319
vt 0.985217 0.504319
vt 0.716725 0.912558
vt 0.985285 0.729564
vt 0.991974 0.729563
vt 0.992332 0.734503
vt 0.985217 0.734503
vt 0.956447 0.513933
vt 0.974187 0.943764
vt 0.978637 0.941587
vt 0.982633 0.943764
vt 0.974187 0.903404
vt 0.981234 0.903404
vt 0.982588 0.907731
vt 0.975227 0.907731
vt 0.295378 0.892621
vt 0.291108 0.899547
vt 0.288073 0.889494
vt 0.502840 0.899767
vt 0.506149 0.890805
vt 0.509828 0.900069
vt 0.982828 0.774308
vt 0.978442 0.776418
vt 0.974186 0.774308
vt 0.512996 0.890640
vt 0.500686 0.892882
vt 0.500686 0.877221
vt 0.303017 0.958768
vt 0.315620 0.960194
vt 0.303017 0.971942
vt 0.939661 0.441396
vt 0.940352 0.432543
vt 0.956226 0.440022
vt 0.957085 0.432543
vt 0.987078 0.679615
vt 0.985217 0.672739
vt 0.992333 0.672739
vt 0.875638 0.939833
vt 0.875638 0.954581
vt 0.865639 0.943327
vt 0.578202 0.907478
vt 0.587466 0.901179
vt 0.587466 0.919568
vt 0.522887 0.922001
vt 0.515163 0.921676
vt 0.514275 0.902981
vt 0.585070 0.898438
vt 0.102864 0.988072
vt 0.099724 0.992235
vt 0.099724 0.986967
vt 0.522887 0.901701
vt 0.974186 0.744947
vt 0.980106 0.742284
vt 0.982856 0.744947
vt 0.103115 0.993427
vt 0.897922 0.681170
vt 0.896917 0.686931
vt 0.895016 0.683638
vt 0.899859 0.684434
vt 0.864123 0.711461
vt 0.860242 0.711056
vt 0.858302 0.704877
vt 0.868788 0.701804
vt 0.906430 0.693336
vt 0.956751 0.700638
vt 0.939661 0.700638
vt 0.940412 0.692596
vt 0.863051 0.696939
vt 0.868909 0.693307
vt 0.295378 0.875591
vt 0.895016 0.703762
vt 0.858302 0.686945
vt 0.865443 0.940737
vt 0.977128 0.564138
vt 0.983078 0.564535
vt 0.983066 0.567374
vt 0.864123 0.681575
vt 0.860242 0.681171
vt 0.974187 0.567374
vt 0.974198 0.564730
vt 0.977116 0.566734
vt 0.987733 0.204231
vt 0.993217 0.207116
vt 0.985217 0.207116
vt 0.315889 0.957919
vt 0.985496 0.703915
vt 0.992341 0.703915
vt 0.992402 0.708861
vt 0.985217 0.708861
vt 0.956309 0.692893
vt 0.974187 0.763743
vt 0.978557 0.761595
vt 0.982833 0.763743
vt 0.876895 0.893392
vt 0.876606 0.901567
vt 0.868901 0.894878
vt 0.986363 0.345753
vt 0.991514 0.341280
vt 0.992942 0.345753
vt 0.982683 0.912964
vt 0.978216 0.915085
vt 0.974187 0.912964
vt 0.431226 0.898534
vt 0.434342 0.889341
vt 0.438573 0.899234
vt 0.441586 0.889653
vt 0.429418 0.891966
vt 0.429418 0.876142
vt 0.891338 0.940552
vt 0.903984 0.942332
vt 0.891338 0.954401
vt 0.638493 0.919663
vt 0.647328 0.920276
vt 0.639914 0.937456
vt 0.647328 0.938130
vt 0.985217 0.516216
vt 0.992589 0.516216
vt 0.990716 0.522781
vt 0.429383 0.940004
vt 0.429383 0.955697
vt 0.419497 0.942750
vt 0.892701 0.909858
vt 0.901874 0.903349
vt 0.901874 0.921420
vt 0.931324 0.801761
vt 0.923620 0.801375
vt 0.922764 0.783369
vt 0.899490 0.900757
vt 0.974448 0.537585
vt 0.979018 0.540263
vt 0.974187 0.541153
vt 0.931324 0.782698
vt 0.974186 0.979830
vt 0.979944 0.977052
vt 0.982489 0.979830
vt 0.979296 0.536469
vt 0.982773 0.541153
vt 0.983052 0.537347
vt 0.861178 0.227680
vt 0.857349 0.227598
vt 0.855435 0.221438
vt 0.865724 0.216894
vt 0.125203 0.958127
vt 0.113787 0.961429
vt 0.113977 0.957919
vt 0.956532 0.868293
vt 0.939661 0.868293
vt 0.940099 0.860606
vt 0.860042 0.212444
vt 0.865833 0.208242
vt 0.868901 0.878540
vt 0.125203 0.972194
vt 0.855435 0.203084
vt 0.419370 0.939834
vt 0.977092 0.521100
vt 0.983113 0.521958
vt 0.983043 0.524830
vt 0.861178 0.197089
vt 0.857349 0.197006
vt 0.974187 0.524830
vt 0.974251 0.522156
vt 0.977028 0.523761
vt 0.976753 0.960814
vt 0.982549 0.963572
vt 0.974187 0.963572
vt 0.904198 0.939834
vt 0.985550 0.602145
vt 0.992600 0.602145
vt 0.992533 0.607071
vt 0.985217 0.607071
vt 0.955932 0.860915
vt 0.974187 0.850880
vt 0.978372 0.848735
vt 0.982792 0.850880
vt 0.985217 0.341280
vt 0.908057 0.549174
vt 0.907985 0.557227
vt 0.900069 0.551398
vt 0.986189 0.803668
vt 0.990931 0.799000
vt 0.992179 0.803668
vt 0.993448 0.074335
vt 0.989001 0.076497
vt 0.985217 0.074328
vt 0.959385 0.934287
vt 0.969349 0.934287
vt 0.970694 0.941872
vt 0.961047 0.941700
vt 0.985217 0.613222
vt 0.992404 0.610790
vt 0.992404 0.617448
vt 0.939661 0.370617
vt 0.957163 0.370617
vt 0.939741 0.379142
vt 0.959385 0.172030
vt 0.972263 0.172014
vt 0.962573 0.183866
vt 0.956731 0.378314
vt 0.900069 0.534777
vt 0.933112 0.360762
vt 0.933112 0.379241
vt 0.925829 0.378670
vt 0.940959 0.314242
vt 0.957248 0.314242
vt 0.942828 0.324112
vt 0.359157 0.910067
vt 0.368137 0.903274
vt 0.368137 0.921372
vt 0.856702 0.671033
vt 0.861286 0.661336
vt 0.866985 0.665314
vt 0.365788 0.900793
vt 0.867079 0.656731
vt 0.856702 0.652766
vt 0.939661 0.324173
vt 0.983151 0.480262
vt 0.982991 0.483142
vt 0.976894 0.481805
vt 0.977043 0.479112
vt 0.862439 0.646362
vt 0.858614 0.646572
vt 0.974187 0.483142
vt 0.974334 0.480467
vt 0.924322 0.360249
vt 0.726131 0.836882
vt 0.736832 0.829921
vt 0.735731 0.847826
vt 0.735150 0.827758
vt 0.976897 0.752512
vt 0.982826 0.755153
vt 0.974187 0.755153
vt 0.731820 0.851444
vt 0.725701 0.855069
vt 0.719367 0.839759
vt 0.736832 0.856616
vt 0.733253 0.859977
vt 0.728099 0.854658
vt 0.974187 0.952734
vt 0.978147 0.950561
vt 0.982600 0.952734
vt 0.985217 0.798999
vt 0.862439 0.676807
vt 0.858614 0.677017
vt 0.979037 0.656911
vt 0.974187 0.661296
vt 0.974333 0.657546
vt 0.959385 0.183612
vt 0.982866 0.657381
vt 0.982713 0.661296
vt 0.978883 0.660846
vt 0.985217 0.260218
vt 0.990694 0.257344
vt 0.993156 0.260218
vt 0.198017 0.986967
vt 0.198017 0.992420
vt 0.193165 0.993208
vt 0.193166 0.987529
vt 0.917661 0.660142
vt 0.917661 0.667876
vt 0.909671 0.662902
vt 0.036349 0.985300
vt 0.036450 0.975822
vt 0.044137 0.983858
vt 0.993141 0.296666
vt 0.988815 0.298904
vt 0.985217 0.296666
vt 0.044137 0.974165
vt 0.614733 0.827221
vt 0.619316 0.824117
vt 0.620030 0.832348
vt 0.608672 0.813316
vt 0.618776 0.805600
vt 0.920053 0.028898
vt 0.928751 0.029305
vt 0.921676 0.047646
vt 0.928751 0.048182
vt 0.985217 0.090919
vt 0.990201 0.085006
vt 0.993238 0.090919
vt 0.934023 0.575119
vt 0.934023 0.591640
vt 0.924138 0.576039
vt 0.038633 0.909893
vt 0.047430 0.902870
vt 0.047430 0.921370
vt 0.353681 0.955918
vt 0.345987 0.955442
vt 0.345184 0.939833
vt 0.978849 0.843432
vt 0.978849 0.847455
vt 0.974187 0.847447
vt 0.974187 0.843575
vt 0.045112 0.900397
vt 0.353681 0.940352
vt 0.985217 0.416731
vt 0.990368 0.413789
vt 0.992883 0.416731
vt 0.982699 0.847454
vt 0.982699 0.843486
vt 0.959988 0.249069
vt 0.959385 0.236950
vt 0.972213 0.246098
vt 0.972032 0.249069
vt 0.908976 0.271932
vt 0.908976 0.284734
vt 0.901626 0.281943
vt 0.905532 0.286565
vt 0.014175 0.940811
vt 0.021243 0.939834
vt 0.021243 0.954946
vt 0.902282 0.270767
vt 0.905976 0.264115
vt 0.013879 0.956553
vt 0.909943 0.646362
vt 0.396233 0.984693
vt 0.396233 0.975387
vt 0.403966 0.984371
vt 0.924152 0.572701
vt 0.053662 0.993299
vt 0.050758 0.993623
vt 0.050936 0.987271
vt 0.053662 0.986967
vt 0.405036 0.974165
vt 0.982990 0.631452
vt 0.977075 0.634073
vt 0.974186 0.631452
vt 0.618002 0.800946
vt 0.616783 0.803425
vt 0.620030 0.803159
vt 0.977094 0.627618
vt 0.983013 0.630173
vt 0.974187 0.630173
vt 0.616576 0.835828
vt 0.611219 0.830642
vt 0.985217 0.167697
vt 0.988953 0.165465
vt 0.993330 0.167697
vt 0.398111 0.986967
vt 0.398111 0.992532
vt 0.393185 0.992929
vt 0.393185 0.987233
vt 0.539421 0.914717
vt 0.539421 0.921969
vt 0.531348 0.917661
vt 0.137795 0.985187
vt 0.137796 0.976084
vt 0.145532 0.983271
vt 0.993040 0.347033
vt 0.988853 0.349359
vt 0.985217 0.347033
vt 0.145532 0.974165
vt 0.422865 0.828131
vt 0.428139 0.825764
vt 0.428046 0.833484
vt 0.416951 0.814705
vt 0.426621 0.806484
vt 0.384897 0.902061
vt 0.393429 0.902611
vt 0.386565 0.921306
vt 0.393429 0.921858
vt 0.985217 0.261497
vt 0.992989 0.261497
vt 0.990023 0.267671
vt 0.914200 0.884705
vt 0.905770 0.898758
vt 0.905770 0.879562
vt 0.918107 0.546784
vt 0.909337 0.553679
vt 0.909337 0.534777
vt 0.141644 0.972335
vt 0.133963 0.971820
vt 0.133217 0.957919
vt 0.911526 0.556293
vt 0.974186 0.662576
vt 0.979023 0.666887
vt 0.974344 0.666425
vt 0.141644 0.959147
vt 0.985217 0.514937
vt 0.990074 0.511976
vt 0.992771 0.514937
vt 0.978862 0.662949
vt 0.982702 0.662576
vt 0.982860 0.666430
vt 0.907206 0.745816
vt 0.907206 0.758835
vt 0.899813 0.756635
vt 0.564591 0.959251
vt 0.567412 0.971678
vt 0.564591 0.971749
vt 0.903755 0.760898
vt 0.145106 0.956304
vt 0.145239 0.940626
vt 0.152787 0.939833
vt 0.900452 0.745165
vt 0.904139 0.738354
vt 0.532175 0.901701
vt 0.576491 0.957919
vt 0.970828 0.796374
vt 0.961121 0.796374
vt 0.970111 0.788768
vt 0.907638 0.876648
vt 0.062246 0.986967
vt 0.062246 0.993387
vt 0.059189 0.993575
vt 0.959385 0.787658
vt 0.983083 0.583881
vt 0.977281 0.586448
vt 0.974187 0.583881
vt 0.424340 0.804235
vt 0.425799 0.801996
vt 0.428139 0.804304
vt 0.059341 0.987144
vt 0.977304 0.587728
vt 0.983085 0.590241
vt 0.974186 0.590241
vt 0.424457 0.836825
vt 0.419373 0.831573
vt 0.152787 0.955180
vt 0.985217 0.315207
vt 0.988869 0.312900
vt 0.993107 0.315207
vt 0.463405 0.986967
vt 0.463405 0.992652
vt 0.458462 0.992779
vt 0.458462 0.987145
vt 0.951273 0.214795
vt 0.957490 0.213952
vt 0.954911 0.222698
vt 0.717291 0.497641
vt 0.723242 0.503865
vt 0.713085 0.504667
vt 0.713139 0.499883
vt 0.719189 0.510741
vt 0.834933 0.464801
vt 0.840896 0.463441
vt 0.839272 0.470540
vt 0.829713 0.451741
vt 0.839125 0.443235
vt 0.469389 0.900768
vt 0.477741 0.901676
vt 0.471086 0.920557
vt 0.477741 0.921455
vt 0.726530 0.510862
vt 0.338135 0.884934
vt 0.330117 0.899312
vt 0.330117 0.879298
vt 0.672863 0.186460
vt 0.663812 0.192829
vt 0.663812 0.173336
vt 0.720756 0.525610
vt 0.665844 0.195617
vt 0.974187 0.595553
vt 0.979163 0.599919
vt 0.974496 0.599240
vt 0.713085 0.526607
vt 0.716359 0.529139
vt 0.978857 0.596262
vt 0.982689 0.595553
vt 0.982986 0.599103
vt 0.689790 0.896565
vt 0.689790 0.909555
vt 0.682174 0.907794
vt 0.922778 0.158181
vt 0.932074 0.166945
vt 0.929949 0.168710
vt 0.686277 0.911758
vt 0.387344 0.955917
vt 0.387344 0.940391
vt 0.395096 0.939833
vt 0.682817 0.896264
vt 0.686484 0.889414
vt 0.939661 0.222698
vt 0.932074 0.149703
vt 0.971327 0.708122
vt 0.961621 0.708122
vt 0.970186 0.700718
vt 0.332121 0.876279
vt 0.066903 0.986967
vt 0.066903 0.993426
vt 0.063526 0.993554
vt 0.959385 0.699591
vt 0.983050 0.612828
vt 0.977424 0.615418
vt 0.974187 0.612828
vt 0.836544 0.440817
vt 0.838234 0.438814
vt 0.840896 0.441308
vt 0.063600 0.987092
vt 0.977437 0.616698
vt 0.983044 0.619259
vt 0.974187 0.619259
vt 0.835191 0.473236
vt 0.831251 0.468036
vt 0.395034 0.955554
vt 0.985217 0.256064
vt 0.989070 0.253676
vt 0.993194 0.256064
vt 0.834266 0.986967
vt 0.838585 0.986967
vt 0.838136 0.991889
vt 0.834565 0.991895
vt 0.605191 0.968021
vt 0.606493 0.971350
vt 0.597401 0.971828
vt 0.420087 0.838104
vt 0.427214 0.845523
vt 0.414241 0.844261
vt 0.415761 0.839551
vt 0.420704 0.851210
vt 0.846281 0.409792
vt 0.853019 0.410377
vt 0.847965 0.416050
vt 0.842309 0.397108
vt 0.851084 0.387974
vt 0.900608 0.572701
vt 0.908699 0.574567
vt 0.902346 0.593045
vt 0.908699 0.595125
vt 0.428139 0.853036
vt 0.894532 0.109765
vt 0.887121 0.125963
vt 0.887121 0.103778
vt 0.328338 0.888574
vt 0.319770 0.895561
vt 0.315568 0.875659
vt 0.422452 0.866781
vt 0.322192 0.898286
vt 0.315568 0.897853
vt 0.414241 0.865282
vt 0.416807 0.868698
vt 0.317819 0.900386
vt 0.995084 0.096614
vt 0.998765 0.099798
vt 0.994776 0.099994
vt 0.999056 0.096614
vt 0.847698 0.879178
vt 0.843439 0.879419
vt 0.841310 0.873894
vt 0.853774 0.867785
vt 0.918389 0.184811
vt 0.928089 0.193117
vt 0.926089 0.195084
vt 0.576130 0.953641
vt 0.575444 0.940000
vt 0.583096 0.939833
vt 0.847348 0.864046
vt 0.853754 0.859747
vt 0.597401 0.957919
vt 0.928089 0.175634
vt 0.841310 0.856959
vt 0.889623 0.100493
vt 0.072365 0.986967
vt 0.072304 0.993432
vt 0.068182 0.993511
vt 0.847698 0.850952
vt 0.843439 0.851193
vt 0.849628 0.383453
vt 0.847852 0.385405
vt 0.853019 0.386149
vt 0.068182 0.987047
vt 0.977447 0.652870
vt 0.982952 0.655631
vt 0.974187 0.655631
vt 0.843202 0.416310
vt 0.842062 0.412194
vt 0.583096 0.955496
vt 0.974187 0.854528
vt 0.978539 0.852159
vt 0.982781 0.854528
vt 0.951777 0.618046
vt 0.956882 0.619470
vt 0.949129 0.625757
vt 0.731888 0.820925
vt 0.736315 0.826479
vt 0.731411 0.826079
vt 0.982660 0.922151
vt 0.978144 0.924138
vt 0.974187 0.922151
vt 0.970628 0.971215
vt 0.959385 0.963793
vt 0.968568 0.964324
vt 0.960589 0.971215
vt 0.985217 0.711621
vt 0.992343 0.710141
vt 0.992343 0.715768
vt 0.936672 0.825875
vt 0.930242 0.838546
vt 0.930242 0.819999
vt 0.959385 0.273497
vt 0.959385 0.262244
vt 0.971899 0.271176
vt 0.937329 0.233774
vt 0.929828 0.235464
vt 0.929828 0.217026
vt 0.939661 0.618046
vt 0.896091 0.819991
vt 0.894783 0.841285
vt 0.887393 0.841979
vt 0.887093 0.452179
vt 0.879907 0.469095
vt 0.879907 0.446753
vt 0.252306 0.939834
vt 0.248163 0.950181
vt 0.237520 0.939834
vt 0.714150 0.803291
vt 0.725720 0.802869
vt 0.726124 0.810445
vt 0.251714 0.951136
vt 0.732918 0.805088
vt 0.728224 0.791678
vt 0.884479 0.442584
vt 0.985217 0.973791
vt 0.985345 0.967332
vt 0.991417 0.967333
vt 0.736832 0.792785
vt 0.734221 0.789467
vt 0.558998 0.291956
vt 0.562818 0.297258
vt 0.557416 0.294337
vt 0.564865 0.295131
vt 0.991825 0.973791
vt 0.890446 0.816847
vt 0.887393 0.819625
vt 0.555289 0.307246
vt 0.564865 0.322404
vt 0.557786 0.321041
vt 0.736832 0.820858
vt 0.553279 0.322338
vt 0.558611 0.328545
vt 0.553944 0.328622
vt 0.250935 0.955751
vt 0.248409 0.955068
vt 0.713376 0.812139
vt 0.710765 0.808821
vt 0.972219 0.273283
vt 0.994776 0.209437
vt 0.998863 0.209560
vt 0.998858 0.211687
vt 0.994776 0.212100
vt 0.936463 0.821753
vt 0.985217 0.242181
vt 0.992977 0.242181
vt 0.993083 0.247088
vt 0.985324 0.247088
vt 0.749141 0.898817
vt 0.751250 0.905556
vt 0.741851 0.901050
vt 0.748130 0.910545
vt 0.738731 0.906040
vt 0.982789 0.855807
vt 0.978356 0.857902
vt 0.974187 0.855807
vt 0.272771 0.798926
vt 0.279663 0.796998
vt 0.277528 0.805452
vt 0.268757 0.783972
vt 0.277406 0.775482
vt 0.907108 0.197006
vt 0.915827 0.198111
vt 0.908413 0.218480
vt 0.915827 0.218766
vt 0.985217 0.723327
vt 0.992249 0.721427
vt 0.992249 0.728283
vt 0.801554 0.316397
vt 0.792468 0.328477
vt 0.792468 0.311632
vt 0.940902 0.616767
vt 0.942525 0.605606
vt 0.956703 0.616767
vt 0.935813 0.435612
vt 0.928055 0.436027
vt 0.928055 0.417231
vt 0.977890 0.548820
vt 0.978324 0.546402
vt 0.983100 0.545185
vt 0.982532 0.548319
vt 0.939661 0.605392
vt 0.936553 0.418012
vt 0.992076 0.897042
vt 0.987096 0.899886
vt 0.985217 0.897042
vt 0.974186 0.547311
vt 0.974565 0.545185
vt 0.576923 0.906497
vt 0.576923 0.918406
vt 0.570226 0.914512
vt 0.199246 0.957922
vt 0.186639 0.959907
vt 0.186485 0.957919
vt 0.573766 0.919667
vt 0.091271 0.940356
vt 0.098751 0.939834
vt 0.098751 0.956406
vt 0.570402 0.904424
vt 0.573768 0.898438
vt 0.091866 0.955121
vt 0.738731 0.888157
vt 0.199246 0.972002
vt 0.971483 0.622173
vt 0.962171 0.622173
vt 0.969838 0.614976
vt 0.796161 0.308375
vt 0.991551 0.829354
vt 0.992115 0.833751
vt 0.985830 0.833751
vt 0.985217 0.828970
vt 0.959385 0.613873
vt 0.993380 0.127699
vt 0.987475 0.130240
vt 0.985217 0.127699
vt 0.273149 0.772115
vt 0.275156 0.769612
vt 0.279663 0.773175
vt 0.976735 0.820884
vt 0.982805 0.823147
vt 0.974186 0.823147
vt 0.273653 0.808050
vt 0.268896 0.801524
vt 0.974187 0.920872
vt 0.978637 0.918700
vt 0.982669 0.920872
vt 0.929519 0.967422
vt 0.929118 0.964495
vt 0.934451 0.957919
vt 0.349517 0.198069
vt 0.347216 0.212223
vt 0.347149 0.198024
vt 0.510695 0.016200
vt 0.512424 0.003563
vt 0.514361 0.003295
vt 0.929952 0.961569
vt 0.931856 0.959222
vt 0.505971 0.016505
vt 0.506908 0.002089
vt 0.509764 0.003132
vt 0.941585 0.964495
vt 0.939629 0.959222
vt 0.502957 0.016042
vt 0.504422 0.000640
vt 0.937226 0.957919
vt 0.386179 0.213227
vt 0.383541 0.213854
vt 0.382615 0.197101
vt 0.379570 0.197045
vt 0.941185 0.961569
vt 0.385295 0.197161
vt 0.500288 0.015264
vt 0.499672 0.030969
vt 0.389751 0.228291
vt 0.387265 0.229573
vt 0.392732 0.243552
vt 0.389917 0.244718
vt 0.384362 0.230508
vt 0.395733 0.257759
vt 0.393033 0.258273
vt 0.387215 0.245229
vt 0.397817 0.271162
vt 0.541235 0.277409
vt 0.538813 0.262516
vt 0.541695 0.262672
vt 0.540053 0.246783
vt 0.542933 0.246965
vt 0.537036 0.246527
vt 0.535793 0.262305
vt 0.538350 0.277350
vt 0.539465 0.291003
vt 0.536465 0.291476
vt 0.535322 0.277439
vt 0.536205 0.301241
vt 0.533946 0.292349
vt 0.532752 0.277660
vt 0.334254 0.287813
vt 0.334461 0.272115
vt 0.336738 0.272903
vt 0.331846 0.287828
vt 0.336744 0.299412
vt 0.533676 0.302211
vt 0.821419 0.301726
vt 0.817599 0.313534
vt 0.818540 0.300952
vt 0.345852 0.310546
vt 0.343969 0.311824
vt 0.334545 0.300272
vt 0.356546 0.324701
vt 0.354664 0.325986
vt 0.352186 0.327551
vt 0.341718 0.313691
vt 0.357870 0.338413
vt 0.355500 0.339542
vt 0.349601 0.329087
vt 0.352946 0.339738
vt 0.350645 0.338894
vt 0.347423 0.330288
vt 0.339545 0.315778
vt 0.093318 0.779782
vt 0.099533 0.791530
vt 0.096704 0.791551
vt 0.337881 0.317671
vt 0.097569 0.798737
vt 0.095606 0.796829
vt 0.088861 0.800046
vt 0.088309 0.797676
vt 0.970762 0.778300
vt 0.963621 0.778206
vt 0.964098 0.776256
vt 0.093021 0.796218
vt 0.093800 0.792472
vt 0.090820 0.780445
vt 0.960339 0.780024
vt 0.959385 0.777216
vt 0.088181 0.781883
vt 0.091396 0.794112
vt 0.082049 0.768345
vt 0.079407 0.769786
vt 0.085923 0.783812
vt 0.507933 0.110030
vt 0.505051 0.110358
vt 0.509096 0.094742
vt 0.502103 0.109592
vt 0.077296 0.771917
vt 0.511845 0.094930
vt 0.511124 0.078089
vt 0.508076 0.078065
vt 0.506122 0.094071
vt 0.513823 0.094596
vt 0.513911 0.077894
vt 0.510177 0.108675
vt 0.512561 0.061155
vt 0.514528 0.060685
vt 0.515885 0.077520
vt 0.328735 0.270514
vt 0.326420 0.270018
vt 0.332216 0.254188
vt 0.325904 0.287629
vt 0.323547 0.287454
vt 0.328866 0.287763
vt 0.331605 0.271263
vt 0.334489 0.254803
vt 0.337251 0.255856
vt 0.340980 0.240468
vt 0.338705 0.239856
vt 0.510165 0.030069
vt 0.511957 0.044922
vt 0.509995 0.045418
vt 0.344167 0.226052
vt 0.509795 0.061648
vt 0.508198 0.030526
vt 0.507235 0.045955
vt 0.508733 0.016561
vt 0.505418 0.030867
vt 0.504226 0.046426
vt 0.502375 0.031025
vt 0.506778 0.062066
vt 0.504107 0.062327
vt 0.501563 0.046739
vt 0.505371 0.077829
vt 0.400940 0.255056
vt 0.406013 0.268747
vt 0.403483 0.269897
vt 0.395102 0.241963
vt 0.398555 0.256611
vt 0.406328 0.284287
vt 0.403292 0.284548
vt 0.400558 0.270759
vt 0.400440 0.299480
vt 0.397990 0.297945
vt 0.400498 0.284636
vt 0.391055 0.311292
vt 0.388911 0.309314
vt 0.396252 0.296595
vt 0.542351 0.291021
vt 0.542028 0.302374
vt 0.539186 0.301299
vt 0.387340 0.307708
vt 0.823517 0.313963
vt 0.824442 0.301630
vt 0.379934 0.322336
vt 0.377879 0.321450
vt 0.824442 0.327902
vt 0.820497 0.314060
vt 0.821468 0.328576
vt 0.852160 0.111829
vt 0.854562 0.102883
vt 0.856145 0.105489
vt 0.849844 0.111555
vt 0.852230 0.101100
vt 0.818598 0.328373
vt 0.853546 0.121636
vt 0.851078 0.122796
vt 0.847124 0.111513
vt 0.848135 0.123706
vt 0.849613 0.100493
vt 0.844453 0.111663
vt 0.853684 0.132231
vt 0.851051 0.133092
vt 0.845296 0.124191
vt 0.903879 0.969776
vt 0.902195 0.967428
vt 0.901707 0.964499
vt 0.076133 0.804797
vt 0.088882 0.806085
vt 0.088343 0.808572
vt 0.076917 0.802370
vt 0.910033 0.957919
vt 0.914261 0.961571
vt 0.913946 0.967428
vt 0.089068 0.803045
vt 0.078029 0.799560
vt 0.906424 0.971079
vt 0.904446 0.959222
vt 0.912578 0.959222
vt 0.945858 0.591034
vt 0.940335 0.591017
vt 0.940290 0.588007
vt 0.946716 0.588093
vt 0.940049 0.585090
vt 0.907130 0.957919
vt 0.947905 0.585301
vt 0.939661 0.582843
vt 0.949195 0.583219
vt 0.956766 0.588258
vt 0.954112 0.589413
vt 0.951492 0.590570
vt 0.382560 0.323599
vt 0.381735 0.327645
vt 0.378951 0.328241
vt 0.376762 0.330418
vt 0.385237 0.324987
vt 0.964117 0.783965
vt 0.963040 0.786379
vt 0.959385 0.785736
vt 0.960339 0.783065
vt 0.384442 0.328614
vt 0.387436 0.326225
vt 0.393347 0.313251
vt 0.089967 0.796145
vt 0.964040 0.781009
vt 0.084494 0.785850
vt 0.395332 0.314803
vt 0.076133 0.774318
vt 0.403116 0.300896
vt 0.405490 0.301911
vt 0.409006 0.283904
vt 0.503512 0.093048
vt 0.499672 0.107885
vt 0.968311 0.779558
vt 0.980421 0.443638
vt 0.977454 0.444317
vt 0.976088 0.442201
vt 0.994776 0.344711
vt 0.998433 0.343918
vt 0.998433 0.346318
vt 0.974684 0.443679
vt 0.974186 0.441229
vt 0.977456 0.448241
vt 0.980500 0.448241
vt 0.914750 0.964499
vt 0.974657 0.447314
vt 0.945465 0.593524
vt 0.940176 0.593524
vt 0.948892 0.593293
vt 0.983186 0.447314
vt 0.982981 0.441770
vt 0.079247 0.796924
vt 0.080331 0.794984
vt 0.912011 0.969776
vt 0.909326 0.971079
vt 0.949607 0.591651
vt 0.981879 0.626220
vt 0.974262 0.626338
vt 0.974187 0.623330
vt 0.902510 0.961571
vt 0.983015 0.623330
vt 0.856145 0.130453
vt 0.098700 0.800922
vt 0.099100 0.803286
vt 0.843117 0.124157
vt 0.842344 0.111953
vt 0.346486 0.226548
vt 0.349583 0.212492
vt 0.343734 0.241539
vt 0.349334 0.227372
vt 0.352475 0.197883
vt 0.352538 0.212814
vt 0.355436 0.197504
vt 0.355496 0.213125
vt 0.352148 0.228363
vt 0.357814 0.197006
vt 0.357870 0.213363
vt 0.354369 0.229323
vt 0.535221 0.197773
vt 0.537601 0.213304
vt 0.535046 0.213968
vt 0.532752 0.199021
vt 0.538004 0.230070
vt 0.535431 0.230108
vt 0.538181 0.197054
vt 0.541031 0.230128
vt 0.540617 0.212961
vt 0.940751 0.967422
vt 0.938848 0.969769
vt 0.541047 0.197006
vt 0.543914 0.230270
vt 0.543497 0.213007
vt 0.380527 0.214305
vt 0.381619 0.230911
vt 0.377734 0.214491
vt 0.376762 0.197006
vt 0.936252 0.971072
vt 0.534480 0.246248
vt 0.348511 0.244162
vt 0.533233 0.262080
vt 0.342065 0.258395
vt 0.346421 0.242857
vt 0.339955 0.257137
vt 0.933478 0.971072
vt 0.931075 0.969769
vt 0.331906 0.301610
vt 0.329349 0.303158
vt 0.327379 0.304612
vt 0.084698 0.767881
vt 0.309213 0.978131
vt 0.310206 0.976035
vt 0.314230 0.974165
vt 0.991978 0.388377
vt 0.986199 0.386448
vt 0.992734 0.386448
vt 0.985443 0.388377
vt 0.985217 0.390718
vt 0.991752 0.390718
vt 0.309213 0.980493
vt 0.311997 0.974619
vt 0.980634 0.765249
vt 0.978302 0.773028
vt 0.978302 0.765312
vt 0.976001 0.772947
vt 0.316462 0.974762
vt 0.318253 0.976292
vt 0.976001 0.765231
vt 0.319246 0.980813
vt 0.316462 0.984325
vt 0.311997 0.984182
vt 0.310206 0.982652
vt 0.319246 0.978451
vt 0.993066 0.186836
vt 0.985274 0.184472
vt 0.993054 0.184472
vt 0.985217 0.182449
vt 0.318253 0.982910
vt 0.992997 0.182449
vt 0.350648 0.982576
vt 0.349743 0.980393
vt 0.352455 0.979850
vt 0.974187 0.783214
vt 0.976112 0.791105
vt 0.974187 0.790960
vt 0.976112 0.783360
vt 0.352280 0.984145
vt 0.352823 0.980738
vt 0.978452 0.791149
vt 0.978452 0.783404
vt 0.353487 0.981376
vt 0.354314 0.981638
vt 0.354314 0.984789
vt 0.356349 0.984381
vt 0.355142 0.981472
vt 0.041813 0.479366
vt 0.040861 0.479368
vt 0.040077 0.401884
vt 0.042744 0.479319
vt 0.482576 0.195581
vt 0.481640 0.195552
vt 0.481267 0.118863
vt 0.480691 0.195581
vt 0.043470 0.479238
vt 0.483315 0.195663
vt 0.463259 0.194152
vt 0.462325 0.194270
vt 0.464985 0.130160
vt 0.216804 0.476211
vt 0.215893 0.476210
vt 0.215893 0.398499
vt 0.464209 0.194268
vt 0.217765 0.476192
vt 0.218588 0.476156
vt 0.040077 0.479326
vt 0.479918 0.195663
vt 0.464985 0.194595
vt 0.356349 0.974809
vt 0.355806 0.978216
vt 0.355142 0.977578
vt 0.354314 0.977316
vt 0.357981 0.976378
vt 0.982536 0.772772
vt 0.980634 0.772966
vt 0.354315 0.974165
vt 0.358886 0.978561
vt 0.356174 0.979104
vt 0.356174 0.980066
vt 0.350648 0.975952
vt 0.352823 0.978043
vt 0.352455 0.978888
vt 0.349743 0.978029
vt 0.993029 0.189074
vt 0.985249 0.189074
vt 0.985286 0.186836
vt 0.352280 0.974573
vt 0.353487 0.977482
vt 0.974187 0.772739
vt 0.974187 0.765023
vt 0.358886 0.980925
vt 0.355806 0.980911
vt 0.357981 0.983002
vt 0.980743 0.791083
vt 0.980743 0.783338
vt 0.982531 0.783174
vt 0.985566 0.393007
vt 0.992101 0.393007
vt 0.982531 0.790919
vt 0.314230 0.984779
vt 0.982536 0.765056
s 1
usemtl Skeleton
f 30/1/1 28/2/2 27/3/3
f 28/2/2 29/4/4 27/3/3
f 27/5/3 29/6/4 33/7/5
f 30/1/1 27/3/3 31/8/6
f 31/9/6 27/10/3 32/11/7
f 27/10/3 33/12/5 32/11/7
f 36/13/8 33/7/5 29/6/4
f 34/14/9 32/11/7 33/12/5
f 35/15/10 34/14/9 33/12/5
f 35/15/10 33/12/5 36/16/8
f 36/13/8 29/6/4 37/17/11
f 36/18/8 37/19/11 39/20/12
f 36/16/8 40/21/13 35/15/10
f 36/16/8 38/22/14 40/21/13
f 36/18/8 39/20/12 38/23/14
f 41/24/15 40/21/13 42/25/16
f 35/15/10 40/21/13 41/24/15
f 40/21/13 43/26/17 42/25/16
f 40/21/13 38/22/14 43/26/17
f 43/27/17 38/23/14 39/20/12
f 43/27/17 39/20/12 44/28/18
f 42/29/16 43/30/17 45/31/19
f 45/31/19 43/30/17 44/32/18
f 45/33/19 46/34/20 47/35/21
f 45/36/19 44/37/18 46/38/20
f 45/33/19 47/35/21 48/39/22
f 48/40/22 42/29/16 45/31/19
f 48/40/22 49/41/23 42/29/16
f 50/42/24 49/41/23 48/40/22
f 50/42/24 48/40/22 51/43/25
f 51/43/25 48/40/22 47/44/21
f 52/45/26 50/42/24 51/43/25
f 53/46/27 52/45/26 51/43/25
f 51/43/25 47/44/21 53/46/27
f 54/47/28 56/48/29 53/46/27
f 54/47/28 53/46/27 55/49/30
f 53/46/27 56/48/29 52/45/26
f 55/49/30 53/46/27 47/44/21
f 58/50/31 56/51/29 54/52/28
f 56/53/29 57/54/32 52/55/26
f 56/56/29 58/57/31 57/58/32
f 58/50/31 54/52/28 61/59/33
f 57/58/32 58/57/31 59/60/34
f 58/57/31 60/61/35 59/60/34
f 58/50/31 61/59/33 60/62/35
f 63/63/36 61/59/33 54/52/28
f 62/64/37 64/65/38 61/66/33
f 62/67/37 61/68/33 63/69/36
f 61/70/33 64/71/38 60/72/35
f 65/73/39 60/72/35 64/71/38
f 64/71/38 67/74/40 65/73/39
f 62/75/37 66/76/41 64/77/38
f 64/71/38 66/78/41 67/74/40
f 65/79/39 67/80/40 68/81/42
f 69/82/43 68/81/42 67/80/40
f 69/82/43 67/80/40 70/83/44
f 70/84/44 67/74/40 66/78/41
f 70/85/44 73/86/45 69/87/43
f 74/88/46 71/89/47 70/90/44
f 70/85/44 71/91/47 73/86/45
f 70/84/44 66/78/41 72/92/48
f 74/88/46 70/90/44 72/93/48
f 71/94/47 74/95/46 75/96/49
f 74/97/46 72/98/48 76/99/50
f 74/97/46 76/99/50 75/100/49
f 76/101/50 77/102/51 78/103/52
f 79/104/53 77/102/51 76/101/50
f 76/101/50 78/103/52 75/105/49
f 79/106/53 76/99/50 72/98/48
f 80/107/54 79/104/53 62/108/37
f 79/104/53 80/107/54 77/102/51
f 62/75/37 79/106/53 66/76/41
f 79/106/53 72/98/48 66/76/41
f 81/109/55 80/110/54 83/111/56
f 82/112/57 80/110/54 81/109/55
f 82/112/57 77/113/51 80/110/54
f 80/107/54 62/108/37 83/114/56
f 81/109/55 83/111/56 84/115/58
f 85/116/59 84/115/58 83/111/56
f 86/117/60 83/118/56 62/119/37
f 85/116/59 83/111/56 86/120/60
f 87/121/61 86/122/60 63/123/36
f 86/122/60 62/124/37 63/123/36
f 88/125/62 86/126/60 87/127/61
f 89/128/63 86/129/60 88/130/62
f 89/131/63 85/116/59 86/120/60
f 89/128/63 92/132/64 90/133/65
f 89/128/63 90/133/65 91/134/66
f 91/134/66 85/135/59 89/128/63
f 88/130/62 92/132/64 89/128/63
f 92/136/64 94/137/67 93/138/68
f 92/136/64 93/138/68 90/139/65
f 95/140/69 94/137/67 92/136/64
f 88/130/62 95/141/69 92/132/64
f 95/141/69 96/142/70 94/143/67
f 97/144/71 96/142/70 95/141/69
f 98/145/72 97/144/71 95/141/69
f 98/145/72 95/141/69 88/130/62
f 98/146/72 99/147/73 102/148/74
f 100/149/75 99/147/73 98/146/72
f 98/150/72 88/151/62 101/152/76
f 98/146/72 102/148/74 97/153/71
f 98/154/72 101/155/76 100/156/75
f 29/157/4 104/158/77 102/159/74
f 29/6/4 102/160/74 37/17/11
f 99/161/73 37/19/11 102/162/74
f 102/148/74 103/163/78 97/153/71
f 102/164/74 104/165/77 103/166/78
f 28/2/2 104/167/77 29/4/4
f 105/168/79 103/166/78 104/165/77
f 105/168/79 104/165/77 28/169/2
f 28/169/2 107/170/80 105/168/79
f 105/168/79 108/171/81 106/172/82
f 106/172/82 103/166/78 105/168/79
f 105/168/79 107/170/80 108/171/81
f 109/173/83 106/172/82 108/171/81
f 109/173/83 108/171/81 110/174/84
f 108/171/81 111/175/85 110/174/84
f 108/171/81 112/176/86 111/175/85
f 107/170/80 112/176/86 108/171/81
f 112/176/86 113/177/87 115/178/88
f 113/177/87 112/176/86 114/179/89
f 107/170/80 114/179/89 112/176/86
f 112/176/86 115/178/88 111/175/85
f 116/180/90 117/181/91 115/178/88
f 116/180/90 115/178/88 113/177/87
f 115/178/88 117/181/91 118/182/92
f 115/178/88 118/182/92 119/183/93
f 119/183/93 111/175/85 115/178/88
f 118/182/92 120/184/94 119/183/93
f 120/184/94 121/185/95 119/183/93
f 121/185/95 122/186/96 119/183/93
f 119/183/93 122/186/96 111/175/85
f 110/174/84 111/175/85 122/186/96
f 110/174/84 122/186/96 123/187/97
f 121/185/95 123/187/97 122/186/96
f 125/188/98 110/174/84 123/187/97
f 123/187/97 121/185/95 124/189/99
f 123/187/97 124/189/99 125/188/98
f 127/190/100 126/191/101 125/188/98
f 126/191/101 109/173/83 125/188/98
f 127/190/100 125/188/98 124/189/99
f 125/188/98 109/173/83 110/174/84
f 128/192/102 127/190/100 130/193/103
f 127/190/100 128/192/102 129/194/104
f 127/190/100 129/194/104 126/191/101
f 130/193/103 127/190/100 124/189/99
f 131/195/105 130/196/103 132/197/106
f 128/192/102 130/193/103 131/198/105
f 132/199/106 130/193/103 124/189/99
f 131/195/105 132/197/106 133/200/107
f 134/201/108 133/200/107 132/197/106
f 121/185/95 134/202/108 132/199/106
f 121/185/95 132/199/106 124/189/99
f 134/203/108 120/204/94 135/205/109
f 134/206/108 135/207/109 136/208/110
f 134/201/108 136/209/110 133/200/107
f 120/184/94 134/202/108 121/185/95
f 136/210/110 135/211/109 138/212/111
f 133/213/107 136/210/110 137/214/112
f 136/210/110 138/212/111 137/214/112
f 141/215/113 138/216/111 139/217/114
f 135/211/109 139/218/114 138/212/111
f 140/219/115 137/220/112 138/221/111
f 140/219/115 138/221/111 141/222/113
f 141/215/113 139/217/114 142/223/116
f 140/219/115 141/222/113 143/224/117
f 141/215/113 142/223/116 144/225/118
f 141/215/113 144/225/118 143/226/117
f 144/225/118 145/227/119 147/228/120
f 142/223/116 145/227/119 144/225/118
f 146/229/121 143/226/117 144/225/118
f 144/225/118 147/228/120 146/229/121
f 145/227/119 150/230/122 147/228/120
f 148/231/123 149/232/124 147/233/120
f 148/231/123 147/233/120 150/234/122
f 146/229/121 147/228/120 149/235/124
f 145/227/119 153/236/125 150/230/122
f 150/237/122 151/238/126 152/239/127
f 153/236/125 151/240/126 150/230/122
f 150/230/122 152/241/127 148/242/123
f 156/243/128 154/244/129 153/236/125
f 154/244/129 155/245/130 153/236/125
f 153/236/125 155/245/130 151/240/126
f 156/243/128 153/236/125 145/227/119
f 139/217/114 157/246/131 156/243/128
f 139/217/114 156/243/128 142/223/116
f 142/223/116 156/243/128 145/227/119
f 157/246/131 154/244/129 156/243/128
f 158/247/132 160/248/133 157/249/131
f 158/247/132 157/249/131 139/218/114
f 157/246/131 159/250/134 154/244/129
f 160/248/133 159/251/134 157/249/131
f 160/248/133 161/252/135 159/251/134
f 117/253/91 161/254/135 160/255/133
f 117/253/91 160/255/133 158/256/132
f 161/257/135 162/258/136 164/259/137
f 163/260/138 162/258/136 161/257/135
f 117/253/91 116/261/90 161/254/135
f 163/262/138 161/254/135 116/261/90
f 161/252/135 164/263/137 159/251/134
f 165/264/139 166/265/140 164/266/137
f 162/258/136 165/267/139 164/259/137
f 159/250/134 164/266/137 166/265/140
f 154/244/129 166/265/140 155/245/130
f 159/250/134 166/265/140 154/244/129
f 166/265/140 168/268/141 167/269/142
f 166/265/140 167/269/142 155/245/130
f 169/270/143 168/268/141 166/265/140
f 169/270/143 166/265/140 170/271/144
f 165/264/139 170/271/144 166/265/140
f 170/271/144 171/272/145 169/270/143
f 170/273/144 172/274/146 171/275/145
f 173/276/147 170/273/144 165/277/139
f 173/276/147 172/274/146 170/273/144
f 173/278/147 175/279/148 172/280/146
f 162/258/136 173/281/147 165/267/139
f 162/258/136 174/282/149 173/281/147
f 173/278/147 174/283/149 175/279/148
f 176/284/150 172/280/146 175/279/148
f 177/285/151 176/286/150 175/287/148
f 175/287/148 174/288/149 177/285/151
f 163/289/138 113/177/87 177/285/151
f 113/177/87 114/179/89 177/285/151
f 114/290/89 178/291/152 177/292/151
f 178/293/152 176/286/150 177/285/151
f 163/289/138 177/285/151 174/288/149
f 178/291/152 181/294/153 179/295/154
f 178/291/152 179/295/154 180/296/155
f 180/296/155 176/297/150 178/291/152
f 114/290/89 181/294/153 178/291/152
f 181/294/153 31/8/6 179/295/154
f 181/294/153 30/1/1 31/8/6
f 114/179/89 30/298/1 181/299/153
f 180/300/155 179/301/154 167/269/142
f 180/296/155 171/302/145 176/297/150
f 169/270/143 171/272/145 180/300/155
f 169/270/143 180/300/155 168/268/141
f 180/300/155 167/269/142 168/268/141
f 179/301/154 182/303/156 167/269/142
f 179/301/154 31/9/6 182/303/156
f 152/241/127 182/303/156 32/11/7
f 31/9/6 32/11/7 182/303/156
f 155/245/130 167/269/142 182/303/156
f 155/245/130 182/303/156 151/240/126
f 152/241/127 151/240/126 182/303/156
f 176/284/150 171/304/145 172/280/146
f 162/258/136 163/260/138 174/282/149
f 113/177/87 163/289/138 116/180/90
f 120/305/94 118/306/92 158/256/132
f 120/305/94 158/256/132 135/307/109
f 135/211/109 158/247/132 139/218/114
f 117/253/91 158/256/132 118/306/92
f 152/241/127 183/308/157 148/242/123
f 152/241/127 34/14/9 183/308/157
f 34/14/9 152/241/127 32/11/7
f 184/309/158 148/242/123 183/308/157
f 185/310/159 184/309/158 183/308/157
f 185/310/159 183/308/157 186/311/160
f 186/311/160 183/308/157 34/14/9
f 186/311/160 187/312/161 185/310/159
f 186/311/160 34/14/9 35/15/10
f 35/15/10 41/24/15 186/311/160
f 186/313/160 41/314/15 187/315/161
f 188/316/162 189/317/163 187/318/161
f 188/316/162 187/318/161 57/58/32
f 50/319/24 57/58/32 187/318/161
f 49/320/23 50/319/24 187/318/161
f 49/320/23 187/318/161 41/321/15
f 185/322/159 187/318/161 189/317/163
f 192/323/164 190/324/165 189/325/163
f 190/324/165 191/326/166 189/325/163
f 185/310/159 189/325/163 191/326/166
f 192/327/164 189/328/163 188/329/162
f 193/330/167 190/331/165 192/332/164
f 194/333/168 193/334/167 192/335/164
f 194/336/168 192/337/164 188/338/162
f 194/333/168 195/339/169 193/334/167
f 196/340/170 195/341/169 194/342/168
f 196/343/170 194/344/168 197/345/171
f 194/336/168 188/338/162 197/346/171
f 196/347/170 197/348/171 199/349/172
f 59/350/34 198/351/173 197/352/171
f 198/351/173 199/353/172 197/352/171
f 57/58/32 59/60/34 197/354/171
f 197/354/171 188/316/162 57/58/32
f 198/351/173 200/355/174 199/353/172
f 200/355/174 201/356/175 199/353/172
f 199/353/172 201/356/175 196/357/170
f 200/355/174 202/358/176 201/356/175
f 202/358/176 205/359/177 201/356/175
f 203/360/178 206/361/179 201/356/175
f 201/356/175 204/362/180 203/360/178
f 201/356/175 205/359/177 204/362/180
f 201/363/175 206/364/179 196/340/170
f 203/365/178 207/366/181 206/367/179
f 207/366/181 208/368/182 206/367/179
f 206/364/179 208/369/182 209/370/183
f 196/340/170 206/364/179 195/341/169
f 206/364/179 209/370/183 195/341/169
f 210/371/184 211/372/185 209/373/183
f 208/374/182 210/375/184 209/376/183
f 209/377/183 211/378/185 193/334/167
f 209/377/183 193/334/167 195/339/169
f 211/379/185 212/380/186 214/381/187
f 213/382/188 212/380/186 211/379/185
f 211/379/185 214/381/187 193/383/167
f 210/371/184 213/384/188 211/372/185
f 215/385/189 217/386/190 214/387/187
f 215/385/189 214/387/187 216/388/191
f 216/388/191 214/387/187 212/389/186
f 217/390/190 190/391/165 214/392/187
f 193/330/167 214/393/187 190/331/165
f 217/386/190 215/385/189 218/394/192
f 217/386/190 218/394/192 219/395/193
f 220/396/194 217/390/190 219/397/193
f 217/390/190 220/396/194 190/391/165
f 221/398/195 191/326/166 220/399/194
f 220/396/194 219/397/193 221/400/195
f 190/324/165 220/399/194 191/326/166
f 221/398/195 222/401/196 191/326/166
f 223/402/197 222/401/196 221/398/195
f 221/400/195 219/397/193 224/403/198
f 221/398/195 224/404/198 223/402/197
f 224/405/198 227/406/199 225/407/200
f 224/408/198 225/409/200 226/410/201
f 223/411/197 224/412/198 226/413/201
f 219/395/193 227/406/199 224/405/198
f 228/414/202 225/415/200 227/416/199
f 227/416/199 204/417/180 228/414/202
f 227/418/199 218/419/192 204/362/180
f 219/395/193 218/394/192 227/406/199
f 205/420/177 229/421/203 228/414/202
f 229/421/203 230/422/204 228/414/202
f 228/414/202 230/422/204 225/415/200
f 205/359/177 228/423/202 204/362/180
f 229/421/203 231/424/205 230/422/204
f 230/422/204 231/424/205 233/425/206
f 232/426/207 225/415/200 230/422/204
f 230/422/204 233/425/206 232/426/207
f 236/427/208 233/428/206 231/429/205
f 235/430/209 234/431/210 233/428/206
f 234/432/210 232/426/207 233/425/206
f 235/430/209 233/428/206 236/427/208
f 131/433/105 235/434/209 236/435/208
f 236/435/208 231/424/205 237/436/211
f 237/436/211 131/433/105 236/435/208
f 237/436/211 128/437/102 131/433/105
f 238/438/212 237/436/211 231/424/205
f 238/438/212 128/437/102 237/436/211
f 238/438/212 129/439/104 128/437/102
f 239/440/213 238/438/212 229/421/203
f 239/440/213 129/439/104 238/438/212
f 238/438/212 231/424/205 229/421/203
f 239/440/213 240/441/214 129/439/104
f 202/442/176 239/440/213 205/420/177
f 239/440/213 229/421/203 205/420/177
f 240/441/214 239/440/213 202/442/176
f 240/443/214 126/191/101 129/194/104
f 240/443/214 242/444/215 126/191/101
f 240/441/214 202/442/176 241/445/216
f 241/446/216 242/444/215 240/443/214
f 241/446/216 243/447/217 242/444/215
f 126/448/101 242/449/215 109/450/83
f 243/451/217 109/452/83 242/453/215
f 243/447/217 241/446/216 93/138/68
f 243/447/217 93/138/68 94/137/67
f 243/451/217 94/454/67 96/455/70
f 243/451/217 106/456/82 109/452/83
f 243/451/217 96/455/70 106/456/82
f 202/442/176 93/457/68 241/445/216
f 234/431/210 235/430/209 137/458/112
f 133/459/107 137/460/112 235/461/209
f 131/462/105 133/459/107 235/461/209
f 234/432/210 137/220/112 140/219/115
f 234/432/210 140/219/115 232/426/207
f 226/463/201 225/464/200 232/465/207
f 226/463/201 232/465/207 143/226/117
f 140/466/115 143/467/117 232/468/207
f 244/469/218 226/463/201 143/226/117
f 223/402/197 226/463/201 244/469/218
f 146/229/121 244/469/218 143/226/117
f 244/469/218 245/470/219 223/402/197
f 244/469/218 146/229/121 245/470/219
f 146/229/121 149/235/124 245/470/219
f 245/470/219 149/235/124 184/309/158
f 223/402/197 245/470/219 222/401/196
f 245/470/219 184/309/158 222/401/196
f 191/326/166 222/401/196 184/309/158
f 218/419/192 203/360/178 204/362/180
f 218/419/192 215/471/189 203/360/178
f 215/471/189 216/472/191 207/473/181
f 216/474/191 246/475/220 247/476/221
f 216/388/191 212/389/186 246/477/220
f 216/472/191 247/478/221 207/473/181
f 207/473/181 247/478/221 208/479/182
f 247/478/221 248/480/222 249/481/223
f 246/475/220 248/482/222 247/476/221
f 247/478/221 249/481/223 208/479/182
f 248/480/222 250/483/224 249/481/223
f 210/484/184 249/485/223 250/486/224
f 208/487/182 249/488/223 210/489/184
f 210/484/184 250/486/224 251/490/225
f 250/486/224 254/491/226 251/490/225
f 248/480/222 255/492/227 250/483/224
f 250/486/224 252/493/228 254/491/226
f 253/494/229 252/495/228 250/483/224
f 253/494/229 250/483/224 255/492/227
f 255/496/227 248/482/222 258/497/230
f 256/498/231 253/499/229 255/496/227
f 256/498/231 255/496/227 257/500/232
f 255/496/227 258/497/230 257/500/232
f 246/475/220 258/497/230 248/482/222
f 258/501/230 246/477/220 212/389/186
f 258/502/230 259/503/233 260/504/234
f 258/501/230 212/389/186 259/505/233
f 258/506/230 260/507/234 257/508/232
f 260/509/234 259/510/233 213/382/188
f 257/511/232 260/512/234 261/513/235
f 262/514/236 261/515/235 260/509/234
f 260/509/234 213/382/188 262/514/236
f 262/514/236 263/516/237 261/515/235
f 251/517/225 263/518/237 262/519/236
f 210/371/184 251/517/225 262/519/236
f 210/371/184 262/519/236 213/384/188
f 263/516/237 264/520/238 261/515/235
f 263/516/237 265/521/239 264/520/238
f 251/517/225 254/522/226 263/518/237
f 254/522/226 265/523/239 263/518/237
f 264/520/238 265/521/239 266/524/240
f 265/523/239 267/525/241 266/526/240
f 265/523/239 268/527/242 267/525/241
f 254/522/226 268/527/242 265/523/239
f 267/528/241 268/529/242 269/530/243
f 269/530/243 268/529/242 254/491/226
f 267/528/241 269/530/243 271/531/244
f 271/532/244 269/533/243 270/534/245
f 252/495/228 270/534/245 269/533/243
f 269/530/243 254/491/226 252/493/228
f 271/532/244 270/534/245 274/535/246
f 272/536/247 267/528/241 271/531/244
f 272/536/247 271/531/244 273/537/248
f 273/538/248 271/532/244 274/535/246
f 270/539/245 275/540/249 274/541/246
f 274/535/246 275/542/249 277/543/250
f 273/538/248 274/535/246 276/544/251
f 274/535/246 277/543/250 276/544/251
f 277/545/250 275/546/249 278/547/252
f 277/545/250 278/547/252 279/548/253
f 277/549/250 280/550/254 276/551/251
f 277/549/250 279/552/253 280/550/254
f 266/526/240 272/553/247 280/554/254
f 272/555/247 276/556/251 280/557/254
f 279/558/253 266/526/240 280/554/254
f 279/559/253 278/560/252 266/561/240
f 264/520/238 266/524/240 278/562/252
f 275/563/249 264/564/238 278/565/252
f 272/555/247 273/566/248 276/556/251
f 270/539/245 281/567/255 275/540/249
f 275/563/249 281/568/255 264/564/238
f 261/569/235 281/570/255 256/571/231
f 281/567/255 253/499/229 256/498/231
f 281/567/255 270/539/245 253/499/229
f 261/572/235 264/564/238 281/568/255
f 266/526/240 267/525/241 272/553/247
f 252/495/228 253/494/229 270/534/245
f 257/573/232 261/569/235 256/571/231
f 213/382/188 259/510/233 212/380/186
f 215/471/189 207/473/181 203/360/178
f 202/358/176 200/355/174 93/574/68
f 90/575/65 200/355/174 198/351/173
f 90/575/65 93/574/68 200/355/174
f 282/576/256 90/577/65 198/578/173
f 59/579/34 282/580/256 198/581/173
f 282/576/256 91/582/66 90/577/65
f 283/583/257 91/584/66 282/585/256
f 283/583/257 282/585/256 284/586/258
f 60/72/35 284/587/258 282/588/256
f 60/589/35 282/590/256 59/591/34
f 65/73/39 284/587/258 60/72/35
f 284/586/258 65/79/39 285/592/259
f 284/586/258 285/592/259 283/583/257
f 65/79/39 68/81/42 285/592/259
f 84/593/58 285/594/259 68/595/42
f 283/596/257 285/594/259 84/593/58
f 283/597/257 84/598/58 85/135/59
f 91/134/66 283/597/257 85/135/59
f 191/326/166 184/309/158 185/310/159
f 184/599/158 149/232/124 148/231/123
f 114/179/89 107/170/80 30/298/1
f 28/169/2 30/298/1 107/170/80
f 106/172/82 96/600/70 103/166/78
f 97/144/71 103/601/78 96/142/70
f 88/151/62 87/602/61 101/152/76
f 100/156/75 101/155/76 286/603/260
f 101/604/76 87/605/61 55/49/30
f 101/155/76 55/606/30 286/603/260
f 100/156/75 286/603/260 287/607/261
f 47/44/21 287/608/261 286/609/260
f 55/49/30 47/44/21 286/609/260
f 47/35/21 46/34/20 287/610/261
f 46/38/20 288/611/262 287/612/261
f 287/612/261 288/611/262 100/613/75
f 100/149/75 288/614/262 99/147/73
f 44/28/18 99/161/73 288/615/262
f 46/38/20 44/37/18 288/611/262
f 44/28/18 39/20/12 99/161/73
f 99/161/73 39/20/12 37/19/11
f 55/49/30 87/605/61 54/47/28
f 63/123/36 54/616/28 87/121/61
f 84/593/58 68/595/42 81/617/55
f 68/595/42 69/618/43 82/619/57
f 289/620/263 82/619/57 69/618/43
f 68/595/42 82/619/57 81/617/55
f 77/113/51 82/112/57 289/621/263
f 289/620/263 69/618/43 73/622/45
f 77/113/51 289/621/263 78/623/52
f 78/624/52 289/625/263 73/626/45
f 78/627/52 73/628/45 75/96/49
f 71/94/47 75/96/49 73/628/45
f 50/319/24 52/629/26 57/58/32
f 41/24/15 42/25/16 49/630/23
f 295/631/264 291/632/265 290/633/266
f 291/632/265 292/634/267 290/633/266
f 290/635/266 292/636/267 294/637/268
f 296/638/269 290/635/266 293/639/270
f 290/635/266 294/637/268 293/639/270
f 295/631/264 290/633/266 296/640/269
f 296/638/269 293/639/270 297/641/271
f 299/642/272 296/638/269 297/641/271
f 298/643/273 295/631/264 296/640/269
f 298/643/273 296/640/269 299/644/272
f 301/645/274 299/646/272 300/647/275
f 299/642/272 297/641/271 300/648/275
f 301/649/274 298/643/273 299/644/272
f 301/645/274 300/647/275 302/650/276
f 301/645/274 302/650/276 304/651/277
f 301/649/274 305/652/278 298/643/273
f 303/653/279 305/654/278 301/655/274
f 301/655/274 304/656/277 303/653/279
f 306/657/280 298/643/273 305/652/278
f 307/658/281 306/659/280 305/654/278
f 303/653/279 308/660/282 305/654/278
f 307/658/281 305/654/278 308/660/282
f 310/661/283 308/660/282 303/653/279
f 309/662/284 307/658/281 308/660/282
f 309/662/284 308/660/282 310/661/283
f 311/663/285 309/662/284 310/661/283
f 311/663/285 310/661/283 312/664/286
f 310/661/283 303/653/279 312/664/286
f 313/665/287 312/666/286 303/667/279
f 314/668/288 312/664/286 313/669/287
f 311/663/285 312/664/286 314/668/288
f 314/670/288 318/671/289 315/672/290
f 314/673/288 315/674/290 316/675/291
f 314/673/288 316/675/291 317/676/292
f 314/673/288 317/676/292 311/677/285
f 314/670/288 313/678/287 318/671/289
f 315/672/290 318/671/289 319/679/293
f 318/671/289 304/680/277 319/679/293
f 318/671/289 313/678/287 304/680/277
f 321/681/294 319/682/293 320/683/295
f 319/684/293 302/650/276 320/685/295
f 315/686/290 319/682/293 321/681/294
f 319/684/293 304/651/277 302/650/276
f 321/681/294 320/683/295 322/687/296
f 323/688/297 315/674/290 321/689/294
f 323/690/297 321/691/294 322/692/296
f 325/693/298 323/688/297 324/694/299
f 323/695/297 322/696/296 324/697/299
f 316/675/291 323/688/297 325/693/298
f 323/688/297 316/675/291 315/674/290
f 325/698/298 326/699/300 327/700/301
f 325/693/298 324/694/299 326/701/300
f 325/698/298 327/700/301 328/702/302
f 317/676/292 325/693/298 328/703/302
f 316/675/291 325/693/298 317/676/292
f 328/704/302 327/705/301 331/706/303
f 329/707/304 330/708/305 328/704/302
f 328/704/302 331/706/303 329/707/304
f 317/676/292 328/703/302 330/709/305
f 331/706/303 327/705/301 334/710/306
f 331/706/303 333/711/307 332/712/308
f 331/706/303 332/712/308 306/713/280
f 331/706/303 334/710/306 333/711/307
f 307/714/281 331/706/303 306/713/280
f 307/714/281 329/707/304 331/706/303
f 336/715/309 335/716/310 334/717/306
f 335/716/310 333/718/307 334/717/306
f 326/699/300 336/719/309 334/720/306
f 326/699/300 334/720/306 327/700/301
f 338/721/311 337/722/312 336/723/309
f 336/715/309 337/724/312 335/716/310
f 336/723/309 326/725/300 324/726/299
f 336/723/309 324/726/299 339/727/313
f 338/721/311 336/723/309 339/727/313
f 340/728/314 338/721/311 339/727/313
f 340/728/314 339/727/313 341/729/315
f 324/726/299 341/729/315 339/727/313
f 324/726/299 322/730/296 341/729/315
f 340/731/314 341/732/315 342/733/316
f 322/687/296 342/734/316 341/735/315
f 343/736/317 342/733/316 300/737/275
f 320/738/295 300/737/275 342/733/316
f 340/731/314 342/733/316 343/736/317
f 322/687/296 320/683/295 342/734/316
f 340/731/314 343/736/317 344/739/318
f 343/736/317 293/740/270 344/739/318
f 343/736/317 297/741/271 293/740/270
f 343/736/317 300/737/275 297/741/271
f 344/739/318 293/740/270 294/742/268
f 344/739/318 294/742/268 346/743/319
f 347/744/320 345/745/321 344/746/318
f 340/728/314 344/746/318 345/745/321
f 347/744/320 344/746/318 346/747/319
f 347/744/320 350/748/322 348/749/323
f 347/744/320 348/749/323 345/745/321
f 346/747/319 349/750/324 347/744/320
f 349/751/324 350/752/322 347/753/320
f 350/754/322 353/755/325 348/756/323
f 349/750/324 352/757/326 350/748/322
f 350/754/322 351/758/327 353/755/325
f 351/758/327 350/754/322 352/759/326
f 354/760/328 356/761/329 353/762/325
f 354/763/328 353/764/325 355/765/330
f 355/766/330 353/767/325 351/768/327
f 348/769/323 353/770/325 356/771/329
f 348/772/323 356/773/329 335/774/310
f 333/775/307 356/776/329 354/777/328
f 335/716/310 356/778/329 333/718/307
f 355/779/330 358/780/331 357/781/332
f 355/779/330 357/781/332 291/632/265
f 355/766/330 351/768/327 358/782/331
f 354/783/328 355/779/330 291/632/265
f 358/780/331 360/784/333 357/781/332
f 358/780/331 359/785/334 360/784/333
f 351/768/327 359/786/334 358/782/331
f 361/787/335 357/781/332 360/784/333
f 361/787/335 360/784/333 362/788/336
f 359/785/334 362/788/336 360/784/333
f 361/787/335 362/788/336 366/789/337
f 364/790/338 363/791/339 362/788/336
f 363/791/339 366/789/337 362/788/336
f 364/790/338 362/788/336 365/792/340
f 359/785/334 365/792/340 362/788/336
f 369/793/341 361/794/335 366/795/337
f 363/791/339 368/796/342 366/789/337
f 367/797/343 370/798/344 366/795/337
f 367/797/343 366/795/337 368/799/342
f 369/793/341 366/795/337 370/798/344
f 371/800/345 369/801/341 370/802/344
f 371/800/345 370/802/344 367/803/343
f 371/804/345 372/805/346 349/750/324
f 371/804/345 373/806/347 372/805/346
f 371/800/345 367/803/343 375/807/348
f 371/808/345 375/809/348 373/810/347
f 371/800/345 374/811/349 369/801/341
f 371/804/345 349/750/324 374/812/349
f 375/807/348 367/803/343 377/813/350
f 375/814/348 378/815/351 376/816/352
f 375/814/348 376/816/352 373/806/347
f 375/807/348 377/813/350 378/817/351
f 378/818/351 379/819/353 376/820/352
f 378/818/351 380/821/354 379/819/353
f 380/822/354 378/817/351 377/813/350
f 381/823/355 379/819/353 380/821/354
f 381/823/355 380/821/354 382/824/356
f 382/824/356 380/821/354 383/825/357
f 380/822/354 377/813/350 383/826/357
f 385/827/358 383/828/357 384/829/359
f 377/830/350 384/829/359 383/828/357
f 385/827/358 386/831/360 383/828/357
f 382/824/356 383/825/357 386/832/360
f 389/833/361 386/831/360 387/834/362
f 386/831/360 388/835/363 387/834/362
f 386/831/360 385/827/358 388/835/363
f 389/836/361 382/837/356 386/838/360
f 392/839/364 389/833/361 387/834/362
f 391/840/365 390/841/366 389/842/361
f 390/841/366 382/824/356 389/842/361
f 391/840/365 389/842/361 392/843/364
f 392/839/364 387/834/362 393/844/367
f 395/845/368 392/839/364 393/844/367
f 392/843/364 394/846/369 391/840/365
f 392/843/364 395/847/368 394/846/369
f 396/848/370 398/849/371 395/850/368
f 396/848/370 395/850/368 397/851/372
f 398/852/371 394/853/369 395/854/368
f 395/845/368 393/844/367 397/855/372
f 400/856/373 398/849/371 396/848/370
f 400/856/373 399/857/374 398/849/371
f 398/852/371 399/858/374 394/853/369
f 396/859/370 401/860/375 400/861/373
f 400/861/373 401/860/375 402/862/376
f 402/862/376 403/863/377 400/861/373
f 399/864/374 400/865/373 403/866/377
f 402/867/376 407/868/378 403/869/377
f 403/869/377 407/868/378 404/870/379
f 403/866/377 404/871/379 405/872/380
f 406/873/381 403/866/377 405/872/380
f 399/864/374 403/866/377 406/873/381
f 408/874/382 407/875/378 402/876/376
f 408/874/382 410/877/383 407/875/378
f 407/878/378 409/879/384 404/880/379
f 407/878/378 410/881/383 409/879/384
f 411/882/385 410/883/383 408/884/382
f 411/885/385 412/886/386 410/887/383
f 409/879/384 410/881/383 412/888/386
f 409/879/384 412/888/386 413/889/387
f 414/890/388 412/891/386 411/892/385
f 413/889/387 412/888/386 414/893/388
f 416/894/389 414/893/388 415/895/390
f 414/890/388 411/892/385 415/896/390
f 416/894/389 418/897/391 414/893/388
f 418/897/391 417/898/392 414/893/388
f 413/889/387 414/893/388 417/898/392
f 419/899/393 418/897/391 416/894/389
f 419/899/393 420/900/394 418/897/391
f 420/900/394 421/901/395 418/897/391
f 418/897/391 421/901/395 417/898/392
f 421/902/395 422/903/396 423/904/397
f 420/900/394 422/905/396 421/901/395
f 421/902/395 423/904/397 417/906/392
f 424/907/398 423/904/397 422/903/396
f 425/908/399 423/904/397 424/907/398
f 425/908/399 417/906/392 423/904/397
f 427/909/400 425/908/399 426/910/401
f 425/908/399 424/907/398 426/910/401
f 425/908/399 413/911/387 417/906/392
f 427/909/400 413/911/387 425/908/399
f 428/912/402 429/913/403 427/909/400
f 427/914/400 426/915/401 428/916/402
f 404/917/379 409/918/384 427/909/400
f 427/909/400 409/918/384 413/911/387
f 404/917/379 427/909/400 429/913/403
f 432/919/404 429/920/403 430/921/405
f 428/912/402 430/922/405 429/913/403
f 429/920/403 405/923/380 404/924/379
f 431/925/406 405/923/380 429/920/403
f 431/925/406 429/920/403 432/919/404
f 432/919/404 430/921/405 433/926/407
f 432/919/404 391/927/365 394/928/369
f 433/926/407 391/927/365 432/919/404
f 432/919/404 394/928/369 431/925/406
f 390/841/366 433/929/407 382/824/356
f 433/929/407 381/823/355 382/824/356
f 433/929/407 390/841/366 391/840/365
f 433/926/407 430/921/405 381/930/355
f 394/928/369 406/931/381 431/925/406
f 406/873/381 405/872/380 431/932/406
f 428/912/402 434/933/408 430/922/405
f 381/934/355 430/922/405 434/933/408
f 424/935/398 435/936/409 434/937/408
f 436/938/410 434/939/408 435/940/409
f 424/935/398 434/937/408 426/915/401
f 428/916/402 426/915/401 434/937/408
f 436/941/410 437/942/411 434/943/408
f 381/934/355 434/933/408 437/944/411
f 437/944/411 438/945/412 379/946/353
f 437/944/411 379/946/353 381/934/355
f 437/944/411 439/947/413 438/945/412
f 437/944/411 436/948/410 439/947/413
f 440/949/414 438/945/412 439/947/413
f 441/950/415 440/951/414 439/952/413
f 442/953/416 441/950/415 439/952/413
f 442/953/416 439/952/413 436/954/410
f 442/953/416 445/955/417 443/956/418
f 443/957/418 446/958/419 442/959/416
f 444/960/420 442/953/416 436/954/410
f 444/960/420 445/955/417 442/953/416
f 446/961/419 441/962/415 442/963/416
f 448/964/421 446/961/419 385/965/358
f 446/961/419 388/966/363 385/965/358
f 446/961/419 448/964/421 441/962/415
f 443/967/418 447/968/422 446/969/419
f 446/970/419 447/971/422 388/835/363
f 448/964/421 384/972/359 451/973/423
f 448/964/421 385/965/358 384/972/359
f 448/964/421 449/974/424 441/962/415
f 448/964/421 450/975/425 449/974/424
f 448/976/421 451/977/423 450/978/425
f 367/797/343 368/799/342 451/977/423
f 367/797/343 451/977/423 377/979/350
f 450/978/425 451/977/423 368/799/342
f 377/830/350 451/980/423 384/829/359
f 450/975/425 368/796/342 363/791/339
f 449/974/424 450/975/425 363/791/339
f 452/981/426 440/951/414 449/982/424
f 441/950/415 449/982/424 440/951/414
f 452/981/426 449/982/424 364/983/338
f 449/974/424 363/791/339 364/790/338
f 452/984/426 454/985/427 453/986/428
f 452/984/426 453/986/428 455/987/429
f 454/988/427 452/981/426 364/983/338
f 440/949/414 452/984/426 455/987/429
f 373/806/347 455/989/429 453/990/428
f 373/806/347 456/991/430 455/989/429
f 440/949/414 455/987/429 456/992/430
f 373/806/347 376/816/352 456/991/430
f 376/816/352 438/993/412 456/991/430
f 440/949/414 456/992/430 438/945/412
f 454/985/427 352/759/326 453/986/428
f 454/985/427 457/994/431 352/759/326
f 454/988/427 364/983/338 365/995/340
f 365/995/340 457/996/431 454/988/427
f 351/758/327 352/759/326 457/994/431
f 365/995/340 359/786/334 457/996/431
f 351/768/327 457/996/431 359/786/334
f 372/805/346 453/990/428 352/757/326
f 373/806/347 453/990/428 372/805/346
f 447/971/422 458/997/432 388/835/363
f 447/971/422 459/998/433 458/997/432
f 443/999/418 459/1000/433 447/1001/422
f 461/1002/434 460/1003/435 459/1004/433
f 460/1005/435 458/997/432 459/998/433
f 443/999/418 462/1006/436 459/1000/433
f 461/1002/434 459/1004/433 462/1007/436
f 445/955/417 463/1008/437 462/1009/436
f 462/1010/436 463/1011/437 464/1012/438
f 462/1013/436 464/1014/438 461/1015/434
f 445/955/417 462/1009/436 443/956/418
f 465/1016/439 420/1017/394 464/1018/438
f 465/1019/439 464/1020/438 463/1008/437
f 464/1018/438 420/1017/394 419/1021/393
f 464/1018/438 466/1022/440 467/1023/441
f 464/1018/438 419/1021/393 466/1022/440
f 464/1018/438 467/1023/441 461/1024/434
f 466/1022/440 468/1025/442 467/1023/441
f 467/1026/441 460/1003/435 461/1002/434
f 467/1026/441 468/1027/442 460/1003/435
f 460/1003/435 468/1027/442 469/1028/443
f 468/1029/442 470/1030/444 469/1031/443
f 468/1029/442 471/1032/445 470/1030/444
f 466/1022/440 471/1033/445 468/1025/442
f 466/1022/440 416/1034/389 471/1033/445
f 471/1032/445 416/1035/389 415/1036/390
f 471/1032/445 415/1036/390 470/1030/444
f 470/1030/444 472/1037/446 469/1031/443
f 470/1030/444 473/1038/447 472/1037/446
f 415/1039/390 473/1040/447 470/1041/444
f 473/1038/447 474/1042/448 472/1037/446
f 473/1038/447 475/1043/449 474/1042/448
f 415/1036/390 411/1044/385 473/1038/447
f 411/1044/385 475/1043/449 473/1038/447
f 476/1045/450 475/1043/449 401/1046/375
f 475/1043/449 402/1047/376 401/1046/375
f 475/1043/449 408/1048/382 402/1047/376
f 411/1044/385 408/1048/382 475/1043/449
f 476/1045/450 474/1042/448 475/1043/449
f 396/1049/370 477/1050/451 476/1051/450
f 477/1052/451 474/1053/448 476/1054/450
f 396/859/370 476/1055/450 401/860/375
f 477/1052/451 478/1056/452 474/1053/448
f 397/855/372 478/1057/452 477/1058/451
f 396/1049/370 397/1059/372 477/1050/451
f 478/1060/452 472/1061/446 474/1062/448
f 478/1063/452 480/1064/453 472/1065/446
f 397/855/372 479/1066/454 478/1057/452
f 479/1066/454 480/1067/453 478/1057/452
f 482/1068/455 472/1065/446 480/1064/453
f 479/1066/454 481/1069/456 480/1067/453
f 482/1070/455 480/1067/453 481/1069/456
f 460/1071/435 482/1072/455 458/1073/432
f 460/1003/435 469/1028/443 482/1074/455
f 482/1068/455 469/1075/443 472/1065/446
f 482/1070/455 481/1069/456 458/997/432
f 388/835/363 458/997/432 481/1069/456
f 481/1069/456 479/1066/454 388/835/363
f 387/834/362 388/835/363 479/1066/454
f 387/834/362 479/1066/454 393/844/367
f 397/855/372 393/844/367 479/1066/454
f 466/1076/440 419/1077/393 416/1078/389
f 445/955/417 465/1019/439 463/1008/437
f 420/900/394 465/1079/439 422/905/396
f 465/1019/439 444/960/420 435/1080/409
f 445/955/417 444/960/420 465/1019/439
f 465/1019/439 435/1080/409 422/1081/396
f 444/960/420 436/954/410 435/1080/409
f 376/1082/352 379/946/353 438/945/412
f 424/907/398 422/903/396 435/1083/409
f 394/853/369 399/858/374 406/1084/381
f 346/743/319 369/801/341 374/811/349
f 346/747/319 374/812/349 349/750/324
f 372/805/346 352/757/326 349/750/324
f 346/743/319 294/742/268 369/801/341
f 294/637/268 361/794/335 369/793/341
f 361/787/335 292/634/267 357/781/332
f 294/637/268 292/636/267 361/794/335
f 291/632/265 357/781/332 292/634/267
f 298/643/273 332/1085/308 354/783/328
f 298/643/273 354/783/328 295/631/264
f 333/775/307 354/777/328 332/1086/308
f 354/783/328 291/632/265 295/631/264
f 337/1087/312 348/772/323 335/774/310
f 337/722/312 345/745/321 348/749/323
f 338/721/311 340/728/314 345/745/321
f 337/722/312 338/721/311 345/745/321
f 306/657/280 332/1085/308 298/643/273
f 311/677/285 317/676/292 330/709/305
f 311/677/285 330/709/305 483/1088/457
f 329/707/304 483/1089/457 330/708/305
f 311/663/285 483/1090/457 309/662/284
f 309/1091/284 483/1089/457 329/707/304
f 309/1091/284 329/707/304 307/714/281
f 320/685/295 302/650/276 300/647/275
f 313/669/287 303/653/279 304/656/277
usemtl Mechanism_2
f 4/1092/458 2/1093/459 1/1094/460
f 2/1095/459 3/1096/461 1/1097/460
f 5/1098/462 1/1097/460 3/1096/461
f 6/1099/463 4/1092/458 1/1094/460
f 7/1100/464 1/1094/460 5/1101/462
f 1/1094/460 7/1100/464 6/1099/463
f 7/1102/464 10/1103/465 8/1104/466
f 7/1102/464 8/1104/466 6/1105/463
f 7/1100/464 5/1101/462 9/1106/467
f 9/1107/467 10/1103/465 7/1102/464
f 10/1108/465 12/1109/468 11/1110/469
f 10/1108/465 11/1110/469 3/1111/461
f 8/1112/466 10/1113/465 3/1114/461
f 9/1107/467 12/1115/468 10/1103/465
f 12/1109/468 14/1116/470 11/1110/469
f 9/1107/467 13/1117/471 12/1115/468
f 12/1109/468 13/1118/471 14/1116/470
f 14/1116/470 18/1119/472 11/1110/469
f 15/1120/473 14/1121/470 17/1122/474
f 16/1123/475 14/1124/470 15/1125/473
f 16/1123/475 18/1126/472 14/1124/470
f 13/1118/471 17/1127/474 14/1116/470
f 5/1098/462 11/1128/469 18/1129/472
f 5/1098/462 18/1129/472 16/1130/475
f 20/1131/476 19/1132/477 17/1133/474
f 15/1120/473 17/1122/474 19/1134/477
f 20/1131/476 17/1133/474 13/1135/471
f 9/1107/467 20/1136/476 13/1117/471
f 15/1137/473 19/1138/477 20/1139/476
f 9/1106/467 15/1137/473 20/1139/476
f 5/1101/462 16/1140/475 15/1137/473
f 9/1106/467 5/1101/462 15/1137/473
f 5/1098/462 3/1096/461 11/1128/469
f 3/1114/461 21/1141/478 8/1112/466
f 4/1142/458 8/1104/466 21/1143/478
f 4/1142/458 6/1105/463 8/1104/466
f 23/1144/479 21/1141/478 22/1145/480
f 3/1114/461 22/1145/480 21/1141/478
f 4/1142/458 21/1143/478 23/1146/479
f 23/1144/479 22/1145/480 25/1147/481
f 24/1148/482 26/1149/483 23/1150/479
f 24/1148/482 23/1150/479 25/1151/481
f 4/1142/458 23/1146/479 26/1152/483
f 26/1153/483 24/1154/482 2/1155/459
f 26/1153/483 2/1155/459 4/1156/458
f 2/1095/459 24/1157/482 25/1158/481
f 2/1095/459 25/1158/481 22/1159/480
f 2/1095/459 22/1159/480 3/1096/461
f 487/1160/484 485/1161/485 484/1162/486
f 485/1163/485 486/1164/487 484/1165/486
f 488/1166/488 484/1167/486 486/1168/487
f 489/1169/489 487/1160/484 484/1162/486
f 488/1170/488 489/1169/489 484/1162/486
f 487/1171/484 489/1172/489 490/1173/490
f 489/1174/489 491/1175/491 490/1176/490
f 489/1174/489 492/1177/492 491/1175/491
f 489/1174/489 493/1178/493 492/1177/492
f 489/1174/489 488/1179/488 493/1178/493
f 492/1180/492 493/1181/493 486/1182/487
f 488/1166/488 486/1168/487 493/1183/493
f 491/1184/491 492/1180/492 494/1185/494
f 494/1185/494 492/1180/492 486/1182/487
f 486/1182/487 496/1186/495 494/1185/494
f 487/1187/484 494/1188/494 496/1189/495
f 487/1187/484 495/1190/496 494/1188/494
f 494/1185/494 495/1191/496 491/1184/491
f 485/1163/485 496/1192/495 486/1164/487
f 487/1187/484 496/1189/495 485/1193/485
f 491/1184/491 495/1191/496 499/1194/497
f 497/1195/498 498/1196/499 495/1197/496
f 497/1195/498 495/1197/496 500/1198/500
f 495/1191/496 498/1199/499 499/1194/497
f 487/1200/484 500/1201/500 495/1202/496
f 501/1203/501 497/1204/498 500/1205/500
f 500/1205/500 487/1171/484 501/1203/501
f 490/1173/490 501/1203/501 487/1171/484
f 501/1206/501 490/1176/490 491/1175/491
f 501/1206/501 491/1175/491 499/1207/497
f 502/1208/502 497/1204/498 501/1203/501
f 502/1209/502 501/1206/501 499/1207/497
f 502/1208/502 503/1210/503 505/1211/504
f 502/1209/502 504/1212/505 503/1213/503
f 502/1209/502 507/1214/506 504/1212/505
f 505/1211/504 506/1215/507 502/1208/502
f 502/1208/502 506/1215/507 497/1204/498
f 502/1209/502 499/1207/497 507/1214/506
f 498/1216/499 508/1217/508 507/1218/506
f 498/1216/499 507/1218/506 499/1219/497
f 507/1218/506 508/1217/508 509/1220/509
f 504/1221/505 507/1218/506 509/1220/509
f 506/1222/507 505/1223/504 509/1224/509
f 505/1223/504 510/1225/510 509/1224/509
f 510/1226/510 504/1221/505 509/1220/509
f 506/1222/507 509/1224/509 508/1227/508
f 505/1223/504 511/1228/511 510/1225/510
f 503/1229/503 510/1230/510 511/1231/511
f 503/1229/503 504/1232/505 510/1230/510
f 503/1210/503 511/1233/511 505/1211/504
f 506/1222/507 508/1227/508 498/1196/499
f 506/1222/507 498/1196/499 497/1195/498
f 519/1234/512 512/1235/513 513/1236/514
f 512/1235/513 514/1237/515 513/1236/514
f 512/1235/513 517/1238/516 514/1237/515
f 515/1239/517 518/1240/518 512/1241/513
f 515/1239/517 512/1241/513 516/1242/519
f 512/1241/513 519/1243/512 516/1242/519
f 517/1244/516 512/1241/513 518/1240/518
f 519/1245/512 513/1246/514 520/1247/520
f 519/1248/512 520/1249/520 521/1250/521
f 519/1248/512 521/1250/521 516/1251/519
f 521/1252/521 524/1253/522 522/1254/523
f 525/1255/524 521/1250/521 522/1256/523
f 525/1255/524 516/1251/519 521/1250/521
f 523/1257/525 524/1253/522 521/1252/521
f 523/1257/525 521/1252/521 513/1258/514
f 521/1252/521 520/1259/520 513/1258/514
f 525/1260/524 522/1261/523 527/1262/526
f 526/1263/527 528/1264/528 525/1265/524
f 525/1260/524 527/1262/526 526/1266/527
f 528/1264/528 516/1267/519 525/1265/524
f 529/1268/529 524/1269/522 528/1270/528
f 524/1269/522 515/1271/517 528/1270/528
f 516/1242/519 528/1272/528 515/1239/517
f 529/1268/529 528/1270/528 530/1273/530
f 530/1274/530 528/1264/528 526/1263/527
f 529/1268/529 530/1273/530 531/1275/531
f 531/1276/531 530/1274/530 526/1263/527
f 527/1277/526 531/1278/531 526/1279/527
f 527/1277/526 532/1280/532 531/1278/531
f 529/1268/529 531/1275/531 532/1281/532
f 532/1282/532 527/1283/526 529/1284/529
f 524/1253/522 529/1284/529 527/1283/526
f 522/1254/523 524/1253/522 527/1283/526
f 524/1269/522 523/1285/525 515/1271/517
f 513/1258/514 533/1286/533 523/1257/525
f 533/1287/533 515/1288/517 523/1289/525
f 533/1290/533 513/1291/514 514/1292/515
f 533/1287/533 518/1293/518 515/1288/517
f 533/1287/533 534/1294/534 518/1293/518
f 533/1287/533 535/1295/535 534/1294/534
f 533/1290/533 514/1292/515 536/1296/536
f 536/1296/536 535/1297/535 533/1290/533
f 536/1296/536 514/1292/515 537/1298/537
f 536/1296/536 537/1298/537 540/1299/538
f 536/1300/536 538/1301/539 534/1302/534
f 536/1300/536 539/1303/540 538/1301/539
f 536/1300/536 540/1304/538 539/1303/540
f 536/1300/536 534/1302/534 535/1305/535
f 537/1306/537 539/1307/540 540/1308/538
f 541/1309/541 538/1310/539 539/1311/540
f 537/1306/537 541/1312/541 539/1307/540
f 541/1309/541 517/1244/516 538/1310/539
f 541/1312/541 514/1237/515 517/1238/516
f 541/1312/541 537/1306/537 514/1237/515
f 518/1240/518 534/1313/534 538/1310/539
f 538/1310/539 517/1244/516 518/1240/518
f 543/1314/542 542/1315/543 545/1316/544
f 543/1317/542 544/1318/545 542/1319/543
f 545/1320/544 542/1321/543 544/1322/545
f 543/1323/542 545/1324/544 546/1325/546
f 545/1326/544 547/1327/547 546/1328/546
f 545/1320/544 544/1322/545 548/1329/548
f 545/1326/544 548/1330/548 547/1327/547
f 549/1331/549 548/1332/548 544/1318/545
f 549/1333/549 547/1334/547 548/1335/548
f 543/1317/542 549/1331/549 544/1318/545
f 550/1336/550 549/1331/549 543/1317/542
f 550/1336/550 552/1337/551 549/1331/549
f 551/1338/552 547/1339/547 549/1340/549
f 551/1338/552 549/1340/549 552/1341/551
f 550/1342/550 551/1343/552 552/1344/551
f 550/1342/550 553/1345/553 551/1343/552
f 553/1346/553 547/1347/547 551/1348/552
f 553/1346/553 546/1349/546 547/1347/547
f 543/1350/542 546/1351/546 553/1352/553
f 543/1350/542 553/1352/553 550/1353/550
f 557/1354/554 554/1355/555 555/1356/556
f 554/1357/555 556/1358/557 555/1359/556
f 554/1357/555 559/1360/558 556/1358/557
f 557/1361/554 558/1362/559 554/1363/555
f 558/1362/559 559/1364/558 554/1363/555
f 559/1365/558 560/1366/560 556/1367/557
f 559/1365/558 558/1368/559 560/1366/560
f 556/1369/557 560/1370/560 555/1356/556
f 555/1356/556 560/1370/560 561/1371/561
f 560/1370/560 563/1372/562 561/1371/561
f 562/1373/563 560/1374/560 558/1375/559
f 562/1373/563 563/1376/562 560/1374/560
f 561/1371/561 563/1372/562 562/1377/563
f 562/1378/563 558/1362/559 557/1361/554
f 561/1371/561 562/1377/563 557/1354/554
f 557/1354/554 555/1356/556 561/1371/561
f 565/1379/564 572/1380/565 564/1381/566
f 565/1379/564 564/1381/566 566/1382/567
f 567/1383/568 566/1382/567 564/1381/566
f 567/1383/568 564/1381/566 568/1384/569
f 564/1385/566 569/1386/570 568/1387/569
f 564/1385/566 570/1388/571 569/1386/570
f 564/1385/566 571/1389/572 570/1388/571
f 564/1385/566 572/1390/565 571/1389/572
f 572/1390/565 573/1391/573 571/1389/572
f 572/1390/565 574/1392/574 573/1391/573
f 572/1380/565 575/1393/575 574/1394/574
f 572/1380/565 565/1379/564 575/1393/575
f 573/1395/573 574/1396/574 575/1397/575
f 577/1398/576 573/1395/573 575/1397/575
f 575/1397/575 576/1399/577 577/1398/576
f 565/1379/564 576/1400/577 575/1393/575
f 571/1389/572 573/1391/573 577/1401/576
f 571/1389/572 577/1401/576 578/1402/578
f 578/1402/578 577/1401/576 579/1403/579
f 579/1404/579 577/1398/576 576/1399/577
f 578/1402/578 579/1403/579 580/1405/580
f 580/1406/580 579/1407/579 581/1408/581
f 581/1409/581 579/1404/579 582/1410/582
f 576/1399/577 582/1410/582 579/1404/579
f 584/1411/583 583/1412/584 582/1413/582
f 583/1414/584 585/1415/585 582/1416/582
f 584/1411/583 582/1413/582 576/1400/577
f 582/1410/582 585/1417/585 581/1409/581
f 586/1418/586 581/1409/581 585/1417/585
f 585/1417/585 587/1419/587 586/1418/586
f 588/1420/588 587/1421/587 585/1415/585
f 583/1414/584 588/1420/588 585/1415/585
f 588/1420/588 583/1414/584 589/1422/589
f 588/1420/588 589/1422/589 591/1423/590
f 588/1420/588 590/1424/591 587/1421/587
f 590/1424/591 588/1420/588 591/1423/590
f 593/1425/592 592/1426/593 591/1423/590
f 590/1424/591 591/1423/590 592/1426/593
f 593/1425/592 591/1423/590 594/1427/594
f 594/1427/594 591/1423/590 589/1422/589
f 597/1428/595 594/1427/594 595/1429/596
f 594/1427/594 589/1422/589 595/1429/596
f 596/1430/597 593/1425/592 594/1427/594
f 596/1430/597 594/1427/594 597/1428/595
f 596/1431/597 597/1432/595 598/1433/598
f 597/1428/595 595/1429/596 598/1434/598
f 596/1431/597 598/1433/598 599/1435/599
f 598/1433/598 602/1436/600 599/1435/599
f 598/1437/598 595/1438/596 601/1439/601
f 598/1433/598 600/1440/602 602/1436/600
f 598/1437/598 601/1439/601 600/1441/602
f 602/1442/600 567/1383/568 568/1384/569
f 600/1441/602 567/1383/568 602/1442/600
f 602/1436/600 604/1443/603 599/1435/599
f 602/1442/600 568/1384/569 603/1444/604
f 602/1436/600 603/1445/604 604/1443/603
f 568/1387/569 569/1386/570 604/1446/603
f 568/1387/569 604/1446/603 603/1447/604
f 569/1386/570 605/1448/605 604/1446/603
f 604/1443/603 605/1449/605 599/1435/599
f 569/1386/570 606/1450/606 605/1448/605
f 606/1450/606 599/1451/599 605/1448/605
f 606/1450/606 608/1452/607 599/1451/599
f 569/1386/570 607/1453/608 606/1450/606
f 606/1450/606 607/1453/608 609/1454/609
f 606/1450/606 609/1454/609 608/1452/607
f 607/1453/608 580/1405/580 609/1454/609
f 609/1455/609 610/1456/610 608/1457/607
f 609/1455/609 611/1458/611 610/1456/610
f 609/1455/609 580/1406/580 612/1459/612
f 609/1455/609 612/1459/612 611/1458/611
f 611/1458/611 612/1459/612 613/1460/613
f 612/1459/612 586/1461/586 613/1460/613
f 612/1459/612 581/1408/581 586/1461/586
f 580/1406/580 581/1408/581 612/1459/612
f 614/1462/614 613/1460/613 615/1463/615
f 611/1458/611 613/1460/613 614/1462/614
f 615/1463/615 613/1460/613 586/1461/586
f 614/1462/614 615/1463/615 616/1464/616
f 615/1463/615 586/1461/586 617/1465/617
f 615/1466/615 592/1426/593 616/1467/616
f 590/1424/591 615/1466/615 617/1468/617
f 615/1466/615 590/1424/591 592/1426/593
f 587/1419/587 617/1469/617 586/1418/586
f 590/1424/591 617/1468/617 587/1421/587
f 614/1462/614 616/1464/616 618/1470/618
f 616/1467/616 593/1425/592 618/1471/618
f 616/1467/616 592/1426/593 593/1425/592
f 614/1462/614 618/1470/618 619/1472/619
f 619/1472/619 618/1470/618 620/1473/620
f 620/1474/620 618/1471/618 593/1425/592
f 621/1475/621 620/1476/620 596/1431/597
f 619/1472/619 620/1473/620 621/1477/621
f 620/1474/620 593/1425/592 596/1430/597
f 599/1435/599 621/1475/621 596/1431/597
f 599/1435/599 622/1478/622 621/1475/621
f 610/1456/610 621/1477/621 622/1479/622
f 610/1456/610 619/1472/619 621/1477/621
f 608/1457/607 622/1479/622 599/1480/599
f 608/1457/607 610/1456/610 622/1479/622
f 610/1456/610 614/1462/614 619/1472/619
f 610/1456/610 611/1458/611 614/1462/614
f 569/1386/570 570/1388/571 607/1453/608
f 570/1388/571 578/1402/578 607/1453/608
f 607/1453/608 578/1402/578 580/1405/580
f 589/1481/589 623/1482/623 601/1439/601
f 589/1481/589 601/1439/601 595/1438/596
f 601/1439/601 623/1482/623 566/1382/567
f 600/1441/602 601/1439/601 567/1383/568
f 601/1439/601 566/1382/567 567/1383/568
f 583/1412/584 623/1482/623 589/1481/589
f 583/1412/584 584/1411/583 623/1482/623
f 584/1411/583 566/1382/567 623/1482/623
f 565/1379/564 584/1411/583 576/1400/577
f 584/1411/583 565/1379/564 566/1382/567
f 570/1388/571 571/1389/572 578/1402/578
f 625/1483/624 624/1484/625 629/1485/626
f 625/1486/624 626/1487/627 624/1488/625
f 624/1489/625 626/1490/627 628/1491/628
f 624/1484/625 627/1492/629 629/1485/626
f 624/1489/625 628/1491/628 627/1493/629
f 629/1485/626 632/1494/630 625/1483/624
f 627/1492/629 630/1495/631 629/1485/626
f 630/1496/631 631/1497/632 629/1498/626
f 633/1499/633 629/1500/626 631/1501/632
f 629/1485/626 633/1502/633 632/1494/630
f 633/1502/633 634/1503/634 632/1494/630
f 634/1504/634 633/1499/633 635/1505/635
f 633/1499/633 631/1501/632 635/1505/635
f 635/1505/635 637/1506/636 636/1507/637
f 634/1504/634 635/1505/635 636/1507/637
f 635/1505/635 638/1508/638 637/1506/636
f 631/1501/632 638/1508/638 635/1505/635
f 631/1501/632 639/1509/639 638/1508/638
f 639/1509/639 641/1510/640 638/1508/638
f 638/1511/638 641/1512/640 640/1513/641
f 638/1511/638 640/1513/641 637/1514/636
f 640/1515/641 641/1516/640 643/1517/642
f 639/1518/639 642/1519/643 641/1520/640
f 641/1516/640 642/1521/643 643/1517/642
f 650/1522/644 640/1515/641 643/1517/642
f 643/1517/642 644/1523/645 645/1524/646
f 648/1525/647 644/1526/645 643/1527/642
f 645/1524/646 647/1528/648 643/1517/642
f 642/1521/643 646/1529/649 643/1517/642
f 649/1530/650 643/1527/642 646/1531/649
f 647/1528/648 650/1522/644 643/1517/642
f 648/1525/647 643/1527/642 649/1530/650
f 653/1532/651 650/1522/644 647/1528/648
f 653/1532/651 651/1533/652 650/1522/644
f 651/1534/652 652/1535/653 650/1536/644
f 650/1522/644 652/1537/653 640/1515/641
f 654/1538/654 656/1539/655 653/1532/651
f 654/1538/654 653/1532/651 655/1540/656
f 655/1541/656 653/1542/651 647/1543/648
f 656/1539/655 651/1533/652 653/1532/651
f 657/1544/657 656/1539/655 654/1538/654
f 658/1545/658 656/1539/655 657/1544/657
f 658/1545/658 659/1546/659 656/1539/655
f 656/1539/655 659/1546/659 651/1533/652
f 658/1547/658 660/1548/660 659/1549/659
f 659/1549/659 660/1548/660 661/1550/661
f 659/1549/659 661/1550/661 651/1534/652
f 661/1550/661 663/1551/662 662/1552/663
f 661/1550/661 662/1552/663 652/1535/653
f 660/1548/660 663/1551/662 661/1550/661
f 651/1534/652 661/1550/661 652/1535/653
f 663/1553/662 664/1554/664 662/1555/663
f 663/1553/662 666/1556/665 664/1554/664
f 660/1548/660 665/1557/666 663/1551/662
f 665/1557/666 666/1558/665 663/1551/662
f 637/1514/636 664/1554/664 666/1556/665
f 665/1557/666 667/1559/667 666/1558/665
f 636/1507/637 666/1560/665 667/1561/667
f 636/1507/637 637/1506/636 666/1560/665
f 668/1562/668 667/1559/667 665/1557/666
f 634/1504/634 636/1507/637 667/1561/667
f 634/1504/634 667/1561/667 668/1563/668
f 634/1503/634 668/1564/668 632/1494/630
f 668/1562/668 665/1557/666 632/1565/630
f 669/1566/669 632/1565/630 665/1557/666
f 669/1566/669 665/1557/666 660/1548/660
f 658/1547/658 669/1566/669 660/1548/660
f 632/1494/630 669/1567/669 658/1568/658
f 662/1569/663 664/1570/664 640/1515/641
f 637/1514/636 640/1513/641 664/1554/664
f 652/1537/653 662/1569/663 640/1515/641
f 658/1568/658 657/1571/657 632/1494/630
f 657/1571/657 625/1483/624 632/1494/630
f 657/1544/657 654/1538/654 625/1486/624
f 626/1572/627 654/1573/654 655/1541/656
f 626/1572/627 655/1541/656 648/1525/647
f 648/1525/647 655/1541/656 645/1574/646
f 655/1541/656 647/1543/648 645/1574/646
f 625/1486/624 654/1538/654 626/1487/627
f 626/1572/627 648/1525/647 649/1530/650
f 626/1572/627 649/1530/650 628/1575/628
f 628/1491/628 649/1576/650 670/1577/670
f 649/1530/650 646/1531/649 670/1578/670
f 671/1579/671 670/1577/670 639/1518/639
f 670/1577/670 642/1519/643 639/1518/639
f 628/1491/628 670/1577/670 671/1579/671
f 670/1577/670 646/1580/649 642/1519/643
f 630/1496/631 671/1579/671 631/1497/632
f 630/1496/631 628/1491/628 671/1579/671
f 671/1579/671 639/1518/639 631/1497/632
f 648/1525/647 645/1574/646 644/1526/645
f 630/1496/631 627/1493/629 628/1491/628
f 673/1581/672 672/1582/673 676/1583/674
f 673/1581/672 674/1584/675 672/1582/673
f 672/1585/673 674/1586/675 675/1587/676
f 676/1588/674 672/1589/673 675/1590/676
f 675/1590/676 677/1591/677 676/1588/674
f 677/1592/677 681/1593/678 676/1594/674
f 678/1595/679 676/1596/674 679/1597/680
f 680/1598/681 676/1583/674 678/1599/679
f 676/1596/674 681/1600/678 679/1597/680
f 673/1581/672 676/1583/674 680/1598/681
f 682/1601/682 681/1593/678 677/1592/677
f 683/1602/683 681/1603/678 682/1604/682
f 683/1605/683 679/1606/680 681/1607/678
f 684/1608/684 683/1609/683 680/1610/681
f 683/1605/683 684/1611/684 679/1606/680
f 683/1612/683 685/1613/685 680/1614/681
f 683/1612/683 686/1615/686 685/1613/685
f 683/1602/683 682/1604/682 686/1616/686
f 686/1617/686 682/1618/682 687/1619/687
f 686/1617/686 687/1619/687 689/1620/688
f 685/1613/685 686/1615/686 688/1621/689
f 686/1615/686 689/1622/688 688/1621/689
f 688/1623/689 689/1620/688 687/1619/687
f 685/1624/685 688/1625/689 690/1626/690
f 688/1623/689 687/1619/687 690/1627/690
f 690/1628/690 682/1629/682 677/1630/677
f 685/1624/685 690/1626/690 677/1631/677
f 687/1632/687 682/1633/682 690/1634/690
f 691/1635/691 685/1636/685 677/1637/677
f 685/1638/685 691/1639/691 673/1640/672
f 673/1640/672 680/1641/681 685/1638/685
f 691/1642/691 675/1643/676 674/1644/675
f 691/1642/691 674/1644/675 692/1645/692
f 691/1635/691 677/1637/677 675/1646/676
f 691/1647/691 692/1648/692 673/1649/672
f 673/1581/672 692/1650/692 674/1584/675
f 694/1651/693 693/1652/694 684/1653/684
f 693/1654/694 679/1655/680 684/1656/684
f 680/1610/681 694/1657/693 684/1608/684
f 680/1598/681 678/1599/679 694/1658/693
f 694/1658/693 695/1659/695 693/1660/694
f 694/1658/693 678/1599/679 695/1659/695
f 693/1654/694 695/1661/695 679/1655/680
f 679/1662/680 695/1663/695 678/1664/679
f 697/1665/696 700/1666/697 696/1667/698
f 697/1665/696 696/1667/698 698/1668/699
f 698/1668/699 696/1667/698 701/1669/700
f 699/1670/701 702/1671/702 696/1672/698
f 696/1673/698 700/1674/697 699/1675/701
f 701/1676/700 696/1677/698 702/1678/702
f 706/1679/703 702/1671/702 699/1670/701
f 706/1679/703 703/1680/704 702/1671/702
f 703/1681/704 704/1682/705 702/1683/702
f 704/1684/705 705/1685/706 702/1686/702
f 705/1685/706 707/1687/707 702/1686/702
f 702/1688/702 707/1689/707 701/1690/700
f 708/1691/708 707/1692/707 705/1693/706
f 708/1694/708 709/1695/709 707/1696/707
f 701/1697/700 707/1698/707 709/1699/709
f 708/1694/708 710/1700/710 709/1695/709
f 710/1701/710 712/1702/711 709/1703/709
f 711/1704/712 701/1697/700 709/1699/709
f 709/1705/709 712/1706/711 711/1707/712
f 710/1701/710 713/1708/713 712/1702/711
f 713/1709/713 711/1710/712 712/1711/711
f 713/1709/713 714/1712/714 711/1710/712
f 714/1713/714 713/1714/713 710/1715/710
f 715/1716/715 714/1713/714 710/1715/710
f 715/1717/715 711/1710/712 714/1712/714
f 698/1718/699 715/1719/715 703/1720/704
f 708/1721/708 703/1722/704 715/1716/715
f 698/1668/699 701/1669/700 715/1717/715
f 715/1717/715 701/1669/700 711/1710/712
f 710/1715/710 708/1721/708 715/1716/715
f 708/1721/708 716/1723/716 703/1722/704
f 708/1691/708 705/1693/706 716/1724/716
f 718/1725/717 716/1726/716 705/1727/706
f 703/1722/704 716/1723/716 717/1728/718
f 716/1723/716 718/1729/717 717/1728/718
f 718/1725/717 704/1730/705 717/1731/718
f 718/1725/717 719/1732/719 704/1730/705
f 718/1725/717 705/1727/706 719/1732/719
f 719/1733/719 705/1734/706 704/1735/705
f 703/1681/704 717/1736/718 704/1682/705
f 706/1737/703 699/1738/701 700/1739/697
f 706/1737/703 700/1739/697 697/1740/696
f 703/1720/704 706/1741/703 698/1718/699
f 706/1742/703 697/1743/696 698/1744/699
f 721/1745/720 724/1746/721 720/1747/722
f 721/1745/720 720/1747/722 722/1748/723
f 722/1749/723 720/1750/722 725/1751/724
f 723/1752/725 726/1753/726 720/1754/722
f 720/1755/722 724/1756/721 723/1757/725
f 725/1758/724 720/1754/722 726/1753/726
f 730/1759/727 726/1753/726 723/1752/725
f 730/1759/727 727/1760/728 726/1753/726
f 727/1761/728 728/1762/729 726/1763/726
f 728/1764/729 729/1765/730 726/1766/726
f 729/1765/730 731/1767/731 726/1766/726
f 726/1768/726 731/1769/731 725/1770/724
f 732/1771/732 731/1772/731 729/1773/730
f 732/1774/732 733/1775/733 731/1776/731
f 725/1777/724 731/1778/731 733/1779/733
f 732/1774/732 734/1780/734 733/1775/733
f 734/1781/734 736/1782/735 733/1783/733
f 735/1784/736 725/1777/724 733/1779/733
f 733/1785/733 736/1786/735 735/1787/736
f 734/1781/734 737/1788/737 736/1782/735
f 737/1789/737 735/1790/736 736/1791/735
f 737/1789/737 738/1792/738 735/1790/736
f 738/1793/738 737/1794/737 734/1795/734
f 739/1796/739 738/1793/738 734/1795/734
f 739/1797/739 735/1790/736 738/1792/738
f 722/1798/723 739/1799/739 727/1800/728
f 732/1801/732 727/1802/728 739/1796/739
f 722/1749/723 725/1751/724 739/1803/739
f 739/1797/739 725/1804/724 735/1790/736
f 734/1795/734 732/1801/732 739/1796/739
f 732/1801/732 740/1805/740 727/1802/728
f 732/1771/732 729/1773/730 740/1806/740
f 742/1807/741 740/1808/740 729/1809/730
f 727/1802/728 740/1805/740 741/1810/742
f 740/1805/740 742/1811/741 741/1810/742
f 742/1807/741 728/1812/729 741/1813/742
f 742/1807/741 743/1814/743 728/1812/729
f 742/1807/741 729/1809/730 743/1814/743
f 743/1815/743 729/1816/730 728/1817/729
f 727/1761/728 741/1818/742 728/1762/729
f 730/1819/727 723/1820/725 724/1821/721
f 730/1819/727 724/1821/721 721/1822/720
f 727/1800/728 730/1823/727 722/1798/723
f 730/1824/727 721/1825/720 722/1826/723
f 745/1827/744 744/1828/745 748/1829/746
f 745/1830/744 746/1831/747 744/1832/745
f 744/1833/745 746/1834/747 747/1835/748
f 747/1836/748 749/1837/749 744/1838/745
f 748/1839/746 744/1838/745 749/1837/749
f 753/1840/750 749/1837/749 747/1836/748
f 753/1840/750 750/1841/751 749/1837/749
f 750/1842/751 751/1843/752 749/1844/749
f 751/1845/752 752/1846/753 749/1847/749
f 752/1846/753 754/1848/754 749/1847/749
f 749/1849/749 754/1850/754 748/1851/746
f 755/1852/755 754/1853/754 752/1854/753
f 755/1855/755 756/1856/756 754/1857/754
f 748/1858/746 754/1859/754 756/1860/756
f 755/1855/755 757/1861/757 756/1856/756
f 757/1862/757 759/1863/758 756/1864/756
f 758/1865/759 748/1858/746 756/1860/756
f 756/1866/756 759/1867/758 758/1868/759
f 757/1862/757 760/1869/760 759/1863/758
f 760/1869/760 758/1870/759 759/1863/758
f 760/1869/760 761/1871/761 758/1870/759
f 761/1872/761 760/1873/760 757/1874/757
f 762/1875/762 761/1872/761 757/1874/757
f 762/1876/762 758/1877/759 761/1878/761
f 745/1879/744 762/1880/762 750/1881/751
f 755/1882/755 750/1883/751 762/1875/762
f 745/1827/744 748/1829/746 762/1884/762
f 762/1876/762 748/1885/746 758/1877/759
f 757/1874/757 755/1882/755 762/1875/762
f 755/1882/755 763/1886/763 750/1883/751
f 755/1852/755 752/1854/753 763/1887/763
f 765/1888/764 763/1889/763 752/1890/753
f 750/1883/751 763/1886/763 764/1891/765
f 763/1886/763 765/1892/764 764/1891/765
f 765/1888/764 751/1893/752 764/1894/765
f 765/1888/764 766/1895/766 751/1893/752
f 765/1888/764 752/1890/753 766/1895/766
f 766/1896/766 752/1897/753 751/1898/752
f 750/1842/751 764/1899/765 751/1843/752
f 753/1900/750 747/1901/748 746/1902/747
f 753/1900/750 746/1902/747 767/1903/767
f 750/1881/751 753/1904/750 745/1879/744
f 753/1905/750 767/1906/767 745/1907/744
f 745/1830/744 767/1908/767 746/1831/747
f 769/1909/768 768/1910/769 772/1911/770
f 769/1912/768 770/1913/771 768/1914/769
f 768/1915/769 770/1916/771 771/1917/772
f 772/1918/770 768/1919/769 771/1920/772
f 771/1920/772 773/1921/773 772/1918/770
f 773/1922/773 777/1923/774 772/1924/770
f 774/1925/775 772/1926/770 775/1927/776
f 776/1928/777 772/1929/770 774/1930/775
f 772/1926/770 777/1931/774 775/1927/776
f 769/1909/768 772/1911/770 776/1932/777
f 778/1933/778 777/1934/774 773/1935/773
f 779/1936/779 777/1937/774 778/1938/778
f 779/1939/779 775/1940/776 777/1941/774
f 780/1942/780 779/1943/779 776/1944/777
f 779/1939/779 780/1945/780 775/1940/776
f 779/1943/779 781/1946/781 776/1944/777
f 779/1943/779 782/1947/782 781/1946/781
f 779/1936/779 778/1938/778 782/1948/782
f 782/1949/782 778/1950/778 783/1951/783
f 782/1949/782 783/1951/783 785/1952/784
f 781/1946/781 782/1947/782 784/1953/785
f 782/1947/782 785/1954/784 784/1953/785
f 785/1952/784 786/1955/786 784/1956/785
f 785/1952/784 783/1951/783 786/1955/786
f 786/1957/786 778/1933/778 773/1935/773
f 781/1958/781 786/1959/786 773/1960/773
f 781/1958/781 784/1961/785 786/1959/786
f 783/1962/783 778/1963/778 786/1964/786
f 787/1965/787 781/1958/781 773/1960/773
f 781/1958/781 787/1965/787 769/1966/768
f 769/1966/768 776/1967/777 781/1958/781
f 787/1965/787 771/1968/772 770/1969/771
f 787/1965/787 770/1969/771 788/1970/788
f 787/1965/787 773/1960/773 771/1968/772
f 787/1971/787 788/1972/788 769/1973/768
f 769/1912/768 788/1974/788 770/1913/771
f 790/1975/789 789/1976/790 780/1942/780
f 789/1977/790 775/1978/776 780/1979/780
f 776/1944/777 790/1975/789 780/1942/780
f 776/1928/777 774/1930/775 790/1980/789
f 789/1977/790 790/1981/789 774/1982/775
f 789/1977/790 791/1983/791 775/1978/776
f 789/1977/790 774/1982/775 791/1983/791
f 775/1984/776 791/1985/791 774/1986/775
f 793/1987/792 796/1988/793 792/1989/794
f 793/1987/792 792/1989/794 794/1990/795
f 794/1991/795 792/1992/794 797/1993/796
f 795/1994/797 798/1995/798 792/1996/794
f 792/1997/794 796/1998/793 795/1999/797
f 797/2000/796 792/1996/794 798/1995/798
f 802/2001/799 798/2002/798 795/2003/797
f 802/2001/799 799/2004/800 798/2002/798
f 799/2004/800 800/2005/801 798/2002/798
f 800/2006/801 801/2007/802 798/2008/798
f 801/2007/802 803/2009/803 798/2008/798
f 798/2010/798 803/2011/803 797/2012/796
f 804/2013/804 803/2014/803 801/2015/802
f 804/2016/804 805/2017/805 803/2018/803
f 797/2019/796 803/2020/803 805/2021/805
f 806/2022/806 809/2023/807 805/2024/805
f 806/2022/806 805/2024/805 807/2025/808
f 804/2016/804 807/2026/808 805/2017/805
f 808/2027/809 797/2019/796 805/2021/805
f 805/2028/805 809/2029/807 808/2030/809
f 806/2022/806 808/2031/809 809/2023/807
f 806/2022/806 811/2032/810 808/2031/809
f 810/2033/811 797/2034/796 808/2035/809
f 810/2033/811 808/2035/809 811/2036/810
f 810/2037/811 811/2038/810 807/2039/808
f 811/2038/810 806/2040/806 807/2039/808
f 810/2041/811 799/2042/800 802/2043/799
f 804/2044/804 799/2045/800 810/2037/811
f 794/2046/795 810/2041/811 802/2043/799
f 794/1991/795 797/1993/796 810/2047/811
f 807/2039/808 804/2044/804 810/2037/811
f 804/2048/804 812/2049/812 799/2050/800
f 804/2013/804 801/2015/802 812/2051/812
f 812/2052/812 801/2053/802 813/2054/813
f 812/2052/812 813/2054/813 815/2055/814
f 799/2050/800 812/2049/812 814/2056/815
f 812/2057/812 815/2058/814 814/2059/815
f 815/2060/814 800/2005/801 814/2061/815
f 815/2060/814 813/2062/813 800/2005/801
f 799/2004/800 814/2061/815 800/2005/801
f 813/2063/813 801/2064/802 800/2065/801
f 802/2001/799 795/2003/797 796/2066/793
f 802/2001/799 796/2066/793 793/2067/792
f 802/2068/799 793/2069/792 794/2070/795
f 817/2071/816 820/2072/817 816/2073/818
f 817/2071/816 816/2073/818 818/2074/819
f 818/2075/819 816/2076/818 821/2077/820
f 819/2078/821 822/2079/822 816/2080/818
f 816/2081/818 820/2082/817 819/2083/821
f 816/2080/818 822/2079/822 821/2084/820
f 826/2085/823 822/2086/822 819/2087/821
f 826/2085/823 823/2088/824 822/2086/822
f 823/2088/824 824/2089/825 822/2086/822
f 824/2090/825 825/2091/826 822/2092/822
f 825/2091/826 827/2093/827 822/2092/822
f 822/2094/822 827/2095/827 821/2096/820
f 828/2097/828 827/2098/827 825/2099/826
f 828/2100/828 829/2101/829 827/2102/827
f 821/2103/820 827/2104/827 829/2105/829
f 828/2100/828 830/2106/830 829/2101/829
f 830/2107/830 832/2108/831 829/2109/829
f 831/2110/832 821/2103/820 829/2105/829
f 829/2111/829 832/2112/831 831/2113/832
f 830/2107/830 833/2114/833 832/2108/831
f 834/2115/834 832/2108/831 833/2114/833
f 834/2115/834 831/2116/832 832/2108/831
f 835/2117/835 834/2118/834 830/2119/830
f 835/2120/835 831/2121/832 834/2122/834
f 834/2118/834 833/2123/833 830/2119/830
f 818/2124/819 835/2125/835 823/2126/824
f 828/2127/828 823/2128/824 835/2117/835
f 818/2075/819 821/2077/820 835/2129/835
f 835/2120/835 821/2130/820 831/2121/832
f 830/2119/830 828/2127/828 835/2117/835
f 828/2131/828 836/2132/836 823/2133/824
f 828/2097/828 825/2099/826 836/2134/836
f 838/2135/837 836/2136/836 825/2137/826
f 823/2133/824 836/2132/836 837/2138/838
f 836/2139/836 838/2140/837 837/2141/838
f 837/2142/838 838/2143/837 839/2144/839
f 838/2135/837 825/2137/826 839/2145/839
f 839/2146/839 825/2147/826 824/2148/825
f 837/2142/838 839/2144/839 824/2089/825
f 823/2088/824 837/2142/838 824/2089/825
f 826/2085/823 819/2087/821 820/2149/817
f 826/2085/823 820/2149/817 817/2150/816
f 823/2126/824 826/2151/823 818/2124/819
f 826/2152/823 817/2153/816 818/2154/819
f 841/2155/840 844/2156/841 840/2157/842
f 841/2155/840 840/2157/842 842/2158/843
f 842/2159/843 840/2160/842 845/2161/844
f 843/2162/845 846/2163/846 840/2164/842
f 840/2164/842 844/2165/841 843/2162/845
f 840/2164/842 846/2163/846 845/2166/844
f 850/2167/847 846/2168/846 843/2169/845
f 850/2167/847 847/2170/848 846/2168/846
f 847/2170/848 848/2171/849 846/2168/846
f 848/2172/849 849/2173/850 846/2174/846
f 849/2173/850 851/2175/851 846/2174/846
f 846/2163/846 851/2176/851 845/2166/844
f 852/2177/852 851/2178/851 849/2179/850
f 852/2180/852 853/2181/853 851/2182/851
f 845/2166/844 851/2176/851 853/2183/853
f 852/2180/852 854/2184/854 853/2181/853
f 854/2185/854 856/2186/855 853/2187/853
f 855/2188/856 845/2166/844 853/2183/853
f 853/2183/853 856/2189/855 855/2188/856
f 854/2185/854 857/2190/857 856/2186/855
f 858/2191/858 856/2186/855 857/2190/857
f 858/2191/858 855/2192/856 856/2186/855
f 859/2193/859 858/2194/858 854/2195/854
f 859/2196/859 855/2197/856 858/2198/858
f 858/2194/858 857/2199/857 854/2195/854
f 842/2200/843 859/2201/859 847/2202/848
f 852/2203/852 847/2204/848 859/2193/859
f 842/2159/843 845/2161/844 859/2205/859
f 859/2196/859 845/2206/844 855/2197/856
f 854/2195/854 852/2203/852 859/2193/859
f 852/2207/852 860/2208/860 847/2209/848
f 852/2177/852 849/2179/850 860/2210/860
f 862/2211/861 860/2212/860 849/2213/850
f 847/2209/848 860/2208/860 861/2214/862
f 860/2215/860 862/2216/861 861/2217/862
f 861/2218/862 862/2219/861 863/2220/863
f 862/2211/861 849/2213/850 863/2221/863
f 863/2222/863 849/2223/850 848/2224/849
f 861/2218/862 863/2220/863 848/2171/849
f 847/2170/848 861/2218/862 848/2171/849
f 850/2167/847 843/2169/845 844/2225/841
f 850/2167/847 844/2225/841 841/2226/840
f 847/2202/848 850/2227/847 842/2200/843
f 850/2228/847 841/2229/840 842/2230/843
f 865/2231/864 868/2232/865 864/2233/866
f 865/2231/864 864/2233/866 866/2234/867
f 866/2235/867 864/2236/866 869/2237/868
f 867/2238/869 870/2239/870 864/2240/866
f 864/2240/866 868/2241/865 867/2238/869
f 864/2240/866 870/2239/870 869/2242/868
f 874/2243/871 870/2244/870 867/2245/869
f 874/2243/871 871/2246/872 870/2244/870
f 871/2246/872 872/2247/873 870/2244/870
f 872/2248/873 873/2249/874 870/2250/870
f 873/2249/874 875/2251/875 870/2250/870
f 870/2239/870 875/2252/875 869/2242/868
f 876/2253/876 875/2254/875 873/2255/874
f 876/2256/876 877/2257/877 875/2258/875
f 869/2242/868 875/2252/875 877/2259/877
f 876/2256/876 878/2260/878 877/2257/877
f 878/2260/878 880/2261/879 877/2257/877
f 879/2262/880 869/2242/868 877/2259/877
f 877/2259/877 880/2263/879 879/2262/880
f 878/2260/878 881/2264/881 880/2261/879
f 881/2265/881 879/2266/880 880/2267/879
f 881/2265/881 882/2268/882 879/2266/880
f 882/2269/882 881/2270/881 878/2271/878
f 883/2272/883 882/2269/882 878/2271/878
f 883/2273/883 879/2274/880 882/2275/882
f 866/2276/867 883/2277/883 871/2278/872
f 876/2279/876 871/2280/872 883/2272/883
f 866/2235/867 869/2237/868 883/2281/883
f 883/2273/883 869/2282/868 879/2274/880
f 878/2271/878 876/2279/876 883/2272/883
f 876/2279/876 884/2283/884 871/2280/872
f 876/2253/876 873/2255/874 884/2284/884
f 886/2285/885 884/2286/884 873/2287/874
f 871/2280/872 884/2283/884 885/2288/886
f 884/2283/884 886/2289/885 885/2288/886
f 886/2290/885 872/2247/873 885/2291/886
f 886/2290/885 887/2292/887 872/2247/873
f 886/2285/885 873/2287/874 887/2293/887
f 887/2294/887 873/2295/874 872/2296/873
f 871/2246/872 885/2291/886 872/2247/873
f 874/2243/871 867/2245/869 868/2297/865
f 874/2243/871 868/2297/865 865/2298/864
f 871/2278/872 874/2299/871 866/2276/867
f 874/2300/871 865/2301/864 866/2302/867
f 889/2303/888 888/2304/889 892/2305/890
f 889/2306/888 890/2307/891 888/2308/889
f 888/2309/889 890/2310/891 891/2311/892
f 891/2312/892 892/2313/890 888/2314/889
f 891/2312/892 893/2315/893 892/2313/890
f 893/2316/893 897/2317/894 892/2318/890
f 894/2319/895 892/2320/890 895/2321/896
f 896/2322/897 892/2323/890 894/2324/895
f 892/2325/890 897/2326/894 895/2327/896
f 889/2303/888 892/2305/890 896/2328/897
f 898/2329/898 897/2330/894 893/2331/893
f 899/2332/899 897/2333/894 898/2334/898
f 899/2335/899 895/2336/896 897/2337/894
f 900/2338/900 899/2339/899 896/2340/897
f 899/2335/899 900/2341/900 895/2336/896
f 899/2339/899 901/2342/901 896/2340/897
f 899/2339/899 902/2343/902 901/2342/901
f 899/2332/899 898/2334/898 902/2344/902
f 904/2345/903 902/2346/902 898/2347/898
f 901/2342/901 902/2343/902 903/2348/904
f 902/2343/902 904/2349/903 903/2348/904
f 904/2350/903 905/2351/905 903/2352/904
f 904/2350/903 906/2353/906 905/2351/905
f 904/2345/903 898/2347/898 906/2354/906
f 906/2355/906 898/2329/898 905/2356/905
f 905/2356/905 898/2329/898 893/2331/893
f 901/2357/901 905/2351/905 893/2358/893
f 901/2357/901 903/2352/904 905/2351/905
f 908/2359/907 901/2357/901 893/2358/893
f 889/2306/888 896/2340/897 901/2342/901
f 901/2342/901 907/2360/908 889/2306/888
f 901/2357/901 908/2359/907 907/2361/908
f 907/2361/908 908/2359/907 891/2362/892
f 908/2359/907 893/2358/893 891/2362/892
f 889/2306/888 907/2360/908 890/2307/891
f 907/2361/908 891/2362/892 890/2363/891
f 900/2341/900 909/2364/909 910/2365/910
f 911/2366/911 909/2367/909 900/2338/900
f 900/2341/900 910/2365/910 895/2336/896
f 896/2340/897 911/2366/911 900/2338/900
f 896/2322/897 894/2324/895 911/2368/911
f 909/2369/909 911/2370/911 894/2371/895
f 909/2369/909 894/2371/895 910/2372/910
f 895/2321/896 910/2373/910 894/2319/895
f 913/2374/912 916/2375/913 912/2376/914
f 913/2374/912 912/2376/914 914/2377/915
f 914/2378/915 912/2379/914 917/2380/916
f 915/2381/917 918/2382/918 912/2379/914
f 912/2383/914 916/2384/913 915/2385/917
f 912/2379/914 918/2382/918 917/2380/916
f 922/2386/919 918/2387/918 915/2388/917
f 922/2386/919 919/2389/920 918/2387/918
f 919/2389/920 920/2390/921 918/2387/918
f 920/2391/921 921/2392/922 918/2393/918
f 921/2392/922 923/2394/923 918/2393/918
f 918/2395/918 923/2396/923 917/2397/916
f 924/2398/924 923/2399/923 921/2400/922
f 924/2401/924 925/2402/925 923/2403/923
f 917/2404/916 923/2405/923 925/2406/925
f 926/2407/926 929/2408/927 925/2409/925
f 926/2407/926 925/2409/925 927/2410/928
f 924/2401/924 927/2411/928 925/2402/925
f 928/2412/929 917/2404/916 925/2406/925
f 925/2413/925 929/2414/927 928/2415/929
f 930/2416/930 929/2408/927 926/2407/926
f 930/2416/930 928/2417/929 929/2408/927
f 931/2418/931 930/2419/930 927/2420/928
f 931/2421/931 928/2422/929 930/2423/930
f 930/2419/930 926/2424/926 927/2420/928
f 931/2425/931 919/2426/920 922/2427/919
f 924/2428/924 919/2429/920 931/2418/931
f 914/2430/915 931/2425/931 922/2427/919
f 914/2378/915 917/2380/916 931/2431/931
f 931/2421/931 917/2432/916 928/2422/929
f 927/2420/928 924/2428/924 931/2418/931
f 924/2433/924 932/2434/932 919/2435/920
f 924/2398/924 921/2400/922 932/2436/932
f 932/2437/932 921/2438/922 933/2439/933
f 932/2437/932 933/2439/933 935/2440/934
f 919/2435/920 932/2434/932 934/2441/935
f 932/2442/932 935/2443/934 934/2444/935
f 934/2445/935 935/2446/934 933/2447/933
f 919/2389/920 934/2445/935 920/2390/921
f 934/2445/935 933/2447/933 920/2390/921
f 933/2448/933 921/2449/922 920/2450/921
f 922/2386/919 915/2388/917 916/2451/913
f 922/2386/919 916/2451/913 913/2452/912
f 922/2453/919 913/2454/912 914/2455/915
f 937/2456/936 936/2457/937 940/2458/938
f 937/2459/936 938/2460/939 936/2461/937
f 938/2462/939 939/2463/940 936/2464/937
f 936/2457/937 939/2465/940 940/2458/938
f 939/2465/940 941/2466/941 940/2458/938
f 945/2467/942 940/2468/938 941/2469/941
f 937/2456/936 940/2458/938 942/2470/943
f 940/2458/938 946/2471/944 942/2470/943
f 945/2467/942 943/2472/945 940/2468/938
f 943/2472/945 944/2473/946 940/2468/938
f 940/2458/938 944/2474/946 946/2471/944
f 949/2475/947 947/2476/948 946/2477/944
f 947/2476/948 948/2478/949 946/2477/944
f 946/2471/944 948/2479/949 942/2470/943
f 949/2475/947 946/2477/944 944/2480/946
f 943/2472/945 949/2481/947 944/2473/946
f 943/2472/945 950/2482/950 949/2481/947
f 949/2475/947 950/2483/950 951/2484/951
f 949/2475/947 951/2484/951 947/2476/948
f 950/2483/950 952/2485/952 951/2484/951
f 951/2484/951 952/2485/952 954/2486/953
f 947/2476/948 951/2484/951 953/2487/954
f 951/2484/951 954/2486/953 953/2487/954
f 952/2485/952 955/2488/955 954/2486/953
f 954/2486/953 955/2488/955 957/2489/956
f 953/2487/954 954/2486/953 956/2490/957
f 954/2486/953 957/2489/956 956/2490/957
f 955/2488/955 958/2491/958 957/2489/956
f 958/2492/958 960/2493/959 957/2494/956
f 957/2494/956 959/2495/960 956/2496/957
f 957/2494/956 960/2493/959 959/2495/960
f 960/2493/959 961/2497/961 959/2495/960
f 960/2493/959 962/2498/962 961/2497/961
f 963/2499/963 962/2498/962 960/2493/959
f 958/2492/958 963/2499/963 960/2493/959
f 958/2492/958 964/2500/964 963/2499/963
f 963/2499/963 964/2500/964 966/2501/965
f 963/2499/963 965/2502/966 962/2498/962
f 963/2499/963 966/2501/965 965/2502/966
f 964/2500/964 967/2503/967 966/2501/965
f 967/2503/967 968/2504/968 966/2501/965
f 965/2502/966 966/2501/965 968/2504/968
f 965/2502/966 968/2504/968 969/2505/969
f 968/2506/968 970/2507/970 969/2508/969
f 968/2506/968 971/2509/971 970/2507/970
f 972/2510/972 971/2509/971 968/2506/968
f 967/2503/967 972/2511/972 968/2504/968
f 967/2512/967 973/2513/973 972/2514/972
f 972/2510/972 973/2515/973 975/2516/974
f 972/2510/972 974/2517/975 971/2509/971
f 972/2510/972 975/2516/974 974/2517/975
f 976/2518/976 977/2519/977 975/2516/974
f 976/2518/976 975/2516/974 973/2515/973
f 975/2516/974 977/2519/977 979/2520/978
f 974/2517/975 975/2516/974 978/2521/979
f 975/2516/974 979/2520/978 978/2521/979
f 980/2522/980 979/2520/978 977/2519/977
f 980/2522/980 981/2523/981 979/2520/978
f 981/2523/981 982/2524/982 979/2520/978
f 978/2521/979 979/2520/978 982/2524/982
f 982/2524/982 985/2525/983 983/2526/984
f 982/2524/982 983/2526/984 986/2527/985
f 981/2523/981 985/2525/983 982/2524/982
f 978/2521/979 982/2524/982 984/2528/986
f 984/2528/986 982/2524/982 986/2527/985
f 987/2529/987 986/2530/985 988/2531/988
f 984/2528/986 986/2527/985 987/2532/987
f 986/2530/985 983/2533/984 989/2534/989
f 986/2530/985 989/2534/989 988/2531/988
f 990/2535/990 991/2536/991 989/2534/989
f 990/2535/990 989/2534/989 983/2533/984
f 991/2537/991 992/2538/992 989/2539/989
f 989/2534/989 992/2540/992 993/2541/993
f 989/2534/989 993/2541/993 988/2531/988
f 995/2542/994 988/2531/988 993/2541/993
f 992/2538/992 994/2543/995 993/2544/993
f 996/2545/996 993/2541/993 994/2546/995
f 995/2542/994 993/2541/993 996/2545/996
f 998/2547/997 995/2542/994 996/2545/996
f 999/2548/998 996/2545/996 997/2549/999
f 996/2545/996 994/2546/995 997/2549/999
f 998/2547/997 996/2545/996 999/2548/998
f 998/2550/997 999/2551/998 1001/2552/1000
f 1001/2552/1000 999/2551/998 1000/2553/1001
f 999/2548/998 997/2549/999 1000/2554/1001
f 1005/2555/1002 1001/2552/1000 1002/2556/1003
f 1001/2552/1000 1003/2557/1004 1002/2556/1003
f 1001/2552/1000 1004/2558/1005 1003/2557/1004
f 1001/2552/1000 1000/2553/1001 1004/2558/1005
f 998/2550/997 1001/2552/1000 1005/2555/1002
f 1006/2559/1006 1005/2555/1002 1008/2560/1007
f 1007/2561/1008 1005/2555/1002 1006/2559/1006
f 1007/2561/1008 998/2550/997 1005/2555/1002
f 1005/2555/1002 1002/2556/1003 1008/2560/1007
f 1009/2562/1009 1008/2560/1007 1002/2556/1003
f 1010/2563/1010 1008/2560/1007 1009/2562/1009
f 1006/2559/1006 1008/2560/1007 1011/2564/1011
f 1010/2563/1010 1011/2564/1011 1008/2560/1007
f 1013/2565/1012 1011/2566/1011 1010/2567/1010
f 1012/2568/1013 1006/2569/1006 1011/2566/1011
f 1012/2568/1013 1011/2566/1011 1013/2565/1012
f 1014/2570/1014 1012/2568/1013 1013/2565/1012
f 1014/2570/1014 1013/2565/1012 1015/2571/1015
f 1015/2571/1015 1013/2565/1012 1016/2572/1016
f 1013/2565/1012 1010/2567/1010 1016/2572/1016
f 1015/2571/1015 1016/2572/1016 1017/2573/1017
f 1017/2573/1017 1016/2572/1016 1018/2574/1018
f 1016/2572/1016 1019/2575/1019 1018/2574/1018
f 1016/2572/1016 1010/2567/1010 1019/2575/1019
f 1020/2576/1020 1019/2577/1019 1021/2578/1021
f 1018/2574/1018 1019/2575/1019 1020/2579/1020
f 1019/2577/1019 1009/2562/1009 1021/2578/1021
f 1019/2577/1019 1010/2563/1010 1009/2562/1009
f 1021/2578/1021 1009/2562/1009 1023/2580/1022
f 1024/2581/1023 1021/2578/1021 1022/2582/1024
f 1021/2578/1021 1023/2580/1022 1022/2582/1024
f 1020/2576/1020 1021/2578/1021 1024/2581/1023
f 1026/2583/1025 1024/2581/1023 1025/2584/1026
f 1024/2581/1023 1022/2582/1024 1025/2584/1026
f 938/2462/939 1020/2576/1020 1024/2581/1023
f 938/2462/939 1024/2581/1023 1026/2583/1025
f 938/2462/939 1026/2583/1025 939/2463/940
f 1026/2583/1025 941/2469/941 939/2463/940
f 1026/2583/1025 945/2467/942 941/2469/941
f 1026/2583/1025 1025/2584/1026 945/2467/942
f 1025/2584/1026 1022/2582/1024 1028/2585/1027
f 945/2467/942 1025/2584/1026 1027/2586/1028
f 1025/2584/1026 1028/2585/1027 1027/2586/1028
f 1022/2582/1024 1029/2587/1029 1028/2585/1027
f 1028/2585/1027 1029/2587/1029 1031/2588/1030
f 1027/2586/1028 1028/2585/1027 1030/2589/1031
f 1028/2585/1027 1031/2588/1030 1030/2589/1031
f 1029/2587/1029 1032/2590/1032 1031/2588/1030
f 1031/2591/1030 1032/2592/1032 1034/2593/1033
f 1030/2594/1031 1031/2591/1030 1033/2595/1034
f 1031/2591/1030 1034/2593/1033 1033/2595/1034
f 1032/2592/1032 1035/2596/1035 1034/2593/1033
f 1034/2593/1033 1035/2596/1035 1037/2597/1036
f 1033/2595/1034 1034/2593/1033 1036/2598/1037
f 1034/2593/1033 1037/2597/1036 1036/2598/1037
f 1035/2596/1035 1038/2599/1038 1037/2597/1036
f 1037/2597/1036 1038/2599/1038 1040/2600/1039
f 1036/2598/1037 1037/2597/1036 1039/2601/1040
f 1037/2597/1036 1040/2600/1039 1039/2601/1040
f 1041/2602/1041 1042/2603/1042 1040/2600/1039
f 1041/2602/1041 1040/2600/1039 1038/2599/1038
f 1042/2603/1042 1043/2604/1043 1040/2600/1039
f 1039/2605/1040 1040/2606/1039 1043/2607/1043
f 1042/2603/1042 1044/2608/1044 1043/2604/1043
f 1044/2609/1044 967/2512/967 1043/2610/1043
f 964/2500/964 1043/2607/1043 967/2503/967
f 1039/2605/1040 1043/2607/1043 964/2500/964
f 1045/2611/1045 1046/2612/1046 1044/2608/1044
f 1045/2611/1045 1044/2608/1044 1042/2603/1042
f 1046/2613/1046 1047/2614/1047 1044/2609/1044
f 1044/2609/1044 1047/2614/1047 967/2512/967
f 1046/2613/1046 1048/2615/1048 1047/2614/1047
f 1048/2615/1048 973/2513/973 1047/2614/1047
f 967/2512/967 1047/2614/1047 973/2513/973
f 1049/2616/1049 1048/2617/1048 1046/2618/1046
f 1049/2616/1049 1050/2619/1050 1048/2617/1048
f 1050/2619/1050 976/2620/976 1048/2617/1048
f 1048/2615/1048 976/2621/976 973/2513/973
f 1051/2622/1051 1050/2619/1050 1049/2616/1049
f 1051/2622/1051 1052/2623/1052 1050/2619/1050
f 1052/2623/1052 1053/2624/1053 1050/2619/1050
f 1050/2619/1050 1053/2624/1053 976/2620/976
f 1052/2623/1052 1054/2625/1054 1053/2624/1053
f 1053/2624/1053 977/2626/977 976/2620/976
f 1054/2625/1054 980/2627/980 1053/2624/1053
f 1053/2624/1053 980/2627/980 977/2626/977
f 1052/2623/1052 1055/2628/1055 1054/2625/1054
f 1054/2625/1054 1055/2628/1055 1057/2629/1056
f 1054/2625/1054 1056/2630/1057 980/2627/980
f 1054/2625/1054 1057/2629/1056 1056/2630/1057
f 1059/2631/1058 1057/2632/1056 1055/2633/1055
f 1057/2634/1056 1058/2635/1059 1056/2636/1057
f 1057/2634/1056 1059/2637/1058 1058/2635/1059
f 1065/2638/1060 1060/2639/1061 1059/2631/1058
f 1060/2639/1061 1064/2640/1062 1059/2631/1058
f 1059/2637/1058 1061/2641/1063 1058/2635/1059
f 1059/2637/1058 1062/2642/1064 1061/2641/1063
f 1062/2643/1064 1059/2631/1058 1064/2640/1062
f 1063/2644/1065 1065/2638/1060 1059/2631/1058
f 1059/2631/1058 1055/2633/1055 1063/2644/1065
f 1065/2638/1060 1066/2645/1066 1060/2639/1061
f 1067/2646/1067 1066/2647/1066 1065/2648/1060
f 1067/2646/1067 1065/2648/1060 1068/2649/1068
f 1068/2649/1068 1065/2648/1060 1069/2650/1069
f 1063/2644/1065 1069/2651/1069 1065/2638/1060
f 1068/2649/1068 1069/2650/1069 1070/2652/1070
f 1070/2652/1070 1069/2650/1069 1063/2653/1065
f 1070/2652/1070 1051/2654/1051 1049/2655/1049
f 1070/2652/1070 1063/2653/1065 1051/2654/1051
f 1070/2652/1070 1049/2655/1049 1072/2656/1071
f 1070/2652/1070 1072/2656/1071 1071/2657/1072
f 1070/2652/1070 1071/2657/1072 1068/2649/1068
f 1073/2658/1073 1071/2659/1072 1072/2660/1071
f 1073/2658/1073 1072/2660/1071 1045/2611/1045
f 1072/2660/1071 1046/2612/1046 1045/2611/1045
f 1072/2660/1071 1049/2661/1049 1046/2612/1046
f 1074/2662/1074 1073/2658/1073 1041/2602/1041
f 1074/2662/1074 1071/2659/1072 1073/2658/1073
f 1073/2658/1073 1045/2611/1045 1042/2603/1042
f 1073/2658/1073 1042/2603/1042 1041/2602/1041
f 1075/2663/1075 1077/2664/1076 1074/2665/1074
f 1075/2663/1075 1074/2665/1074 1078/2666/1077
f 1074/2662/1074 1077/2667/1076 1071/2659/1072
f 1078/2668/1077 1074/2662/1074 1076/2669/1078
f 1074/2662/1074 1041/2602/1041 1076/2669/1078
f 997/2549/999 994/2546/995 1078/2670/1077
f 1079/2671/1079 1078/2666/1077 994/2543/995
f 1079/2671/1079 1075/2663/1075 1078/2666/1077
f 997/2549/999 1078/2670/1077 1080/2672/1080
f 1078/2668/1077 1076/2669/1078 1080/2673/1080
f 997/2549/999 1080/2672/1080 1081/2674/1081
f 1080/2673/1080 1082/2675/1082 1081/2676/1081
f 1080/2673/1080 1076/2669/1078 1082/2675/1082
f 1076/2669/1078 1038/2599/1038 1082/2675/1082
f 1083/2677/1083 1081/2676/1081 1082/2675/1082
f 1035/2596/1035 1082/2675/1082 1038/2599/1038
f 1083/2677/1083 1082/2675/1082 1035/2596/1035
f 1004/2558/1005 1083/2678/1083 1032/2590/1032
f 1004/2558/1005 1081/2679/1081 1083/2678/1083
f 1032/2592/1032 1083/2677/1083 1035/2596/1035
f 1004/2558/1005 1000/2553/1001 1081/2679/1081
f 997/2549/999 1081/2674/1081 1000/2554/1001
f 992/2538/992 1079/2671/1079 994/2543/995
f 1084/2680/1084 1079/2671/1079 992/2538/992
f 1084/2681/1084 1085/2682/1085 1079/2683/1079
f 1085/2684/1085 1075/2685/1075 1079/2686/1079
f 1085/2682/1085 1086/2687/1086 1075/2688/1075
f 1087/2689/1087 1086/2687/1086 1085/2682/1085
f 1064/2690/1062 1087/2689/1087 1085/2682/1085
f 1064/2690/1062 1085/2682/1085 1084/2681/1084
f 1060/2639/1061 1087/2691/1087 1064/2640/1062
f 1087/2689/1087 1060/2692/1061 1086/2687/1086
f 1086/2693/1086 1060/2694/1061 1066/2647/1066
f 1067/2646/1067 1075/2695/1075 1086/2693/1086
f 1086/2693/1086 1066/2647/1066 1067/2646/1067
f 1088/2696/1088 1064/2690/1062 1084/2681/1084
f 1088/2696/1088 1084/2681/1084 991/2697/991
f 991/2537/991 1084/2680/1084 992/2538/992
f 1089/2698/1089 1088/2699/1088 991/2536/991
f 1064/2640/1062 1088/2700/1088 1089/2701/1089
f 1062/2642/1064 1089/2698/1089 990/2535/990
f 1089/2698/1089 991/2536/991 990/2535/990
f 1089/2701/1089 1062/2643/1064 1064/2640/1062
f 1067/2646/1067 1077/2702/1076 1075/2695/1075
f 1068/2649/1068 1071/2657/1072 1077/2702/1076
f 1068/2649/1068 1077/2702/1076 1067/2646/1067
f 1076/2669/1078 1041/2602/1041 1038/2599/1038
f 1051/2703/1051 1063/2704/1065 1090/2705/1090
f 1055/2633/1055 1090/2706/1090 1063/2644/1065
f 1051/2703/1051 1090/2705/1090 1052/2707/1052
f 1052/2623/1052 1090/2708/1090 1055/2628/1055
f 1062/2642/1064 990/2535/990 1061/2641/1063
f 1061/2641/1063 985/2709/983 981/2710/981
f 1061/2641/1063 981/2710/981 1058/2635/1059
f 1061/2641/1063 990/2535/990 983/2533/984
f 1061/2641/1063 983/2533/984 985/2709/983
f 1058/2711/1059 980/2627/980 1056/2630/1057
f 1058/2711/1059 981/2712/981 980/2627/980
f 958/2492/958 1039/2605/1040 964/2500/964
f 1036/2598/1037 1039/2601/1040 958/2491/958
f 955/2488/955 1036/2598/1037 958/2491/958
f 1033/2595/1034 1036/2598/1037 955/2488/955
f 952/2485/952 1033/2595/1034 955/2488/955
f 1030/2594/1031 1033/2595/1034 952/2485/952
f 1004/2558/1005 1032/2590/1032 1003/2557/1004
f 1029/2587/1029 1003/2557/1004 1032/2590/1032
f 950/2483/950 1030/2594/1031 952/2485/952
f 1027/2586/1028 1030/2589/1031 950/2482/950
f 1022/2582/1024 1023/2580/1022 1029/2587/1029
f 1023/2580/1022 1003/2557/1004 1029/2587/1029
f 943/2472/945 1027/2586/1028 950/2482/950
f 945/2467/942 1027/2586/1028 943/2472/945
f 1009/2562/1009 1002/2556/1003 1023/2580/1022
f 1023/2580/1022 1002/2556/1003 1003/2557/1004
f 1091/2713/1091 1020/2579/1020 938/2460/939
f 1018/2574/1018 1020/2579/1020 1091/2713/1091
f 1091/2713/1091 938/2460/939 1094/2714/1092
f 1092/2715/1093 1018/2574/1018 1091/2713/1091
f 1092/2715/1093 1091/2713/1091 1093/2716/1094
f 1093/2716/1094 1091/2713/1091 1094/2714/1092
f 937/2459/936 1094/2714/1092 938/2460/939
f 1095/2717/1095 1094/2714/1092 937/2459/936
f 1093/2716/1094 1094/2714/1092 1096/2718/1096
f 1095/2717/1095 1096/2718/1096 1094/2714/1092
f 1097/2719/1097 1099/2720/1098 1096/2718/1096
f 1097/2719/1097 1096/2718/1096 1095/2717/1095
f 1098/2721/1099 1093/2716/1094 1096/2718/1096
f 1098/2721/1099 1096/2718/1096 1099/2720/1098
f 1100/2722/1100 1102/2723/1101 1099/2720/1098
f 1100/2722/1100 1099/2720/1098 1097/2719/1097
f 1101/2724/1102 1098/2721/1099 1099/2720/1098
f 1101/2724/1102 1099/2720/1098 1102/2723/1101
f 1103/2725/1103 1105/2726/1104 1102/2727/1101
f 1103/2725/1103 1102/2727/1101 1100/2728/1100
f 1104/2729/1105 1101/2730/1102 1102/2727/1101
f 1104/2729/1105 1102/2727/1101 1105/2726/1104
f 1108/2731/1106 1105/2726/1104 1103/2725/1103
f 1106/2732/1107 1104/2729/1105 1105/2726/1104
f 1106/2732/1107 1105/2726/1104 1107/2733/1108
f 1108/2731/1106 1107/2733/1108 1105/2726/1104
f 942/2470/943 1108/2734/1106 1103/2735/1103
f 942/2736/943 1107/2733/1108 1108/2731/1106
f 1109/2737/1109 1106/2732/1107 1107/2733/1108
f 1109/2737/1109 1107/2733/1108 1110/2738/1110
f 942/2736/943 1110/2738/1110 1107/2733/1108
f 1111/2739/1111 1109/2740/1109 1110/2741/1110
f 1111/2739/1111 1110/2741/1110 942/2742/943
f 947/2476/948 1111/2739/1111 948/2478/949
f 947/2476/948 953/2487/954 1111/2739/1111
f 1111/2739/1111 953/2487/954 1109/2740/1109
f 1111/2739/1111 942/2742/943 948/2478/949
f 953/2487/954 956/2490/957 1109/2740/1109
f 956/2496/957 1106/2732/1107 1109/2737/1109
f 956/2496/957 959/2495/960 1106/2732/1107
f 959/2495/960 1104/2729/1105 1106/2732/1107
f 959/2495/960 961/2497/961 1104/2729/1105
f 961/2497/961 1101/2730/1102 1104/2729/1105
f 1103/2735/1103 1100/2743/1100 942/2470/943
f 961/2497/961 1112/2744/1112 1101/2730/1102
f 1112/2745/1112 1098/2721/1099 1101/2724/1102
f 962/2498/962 1113/2746/1113 1112/2744/1112
f 962/2498/962 1112/2744/1112 961/2497/961
f 1113/2747/1113 1114/2748/1114 1112/2745/1112
f 1112/2745/1112 1114/2748/1114 1098/2721/1099
f 1113/2747/1113 1115/2749/1115 1114/2748/1114
f 1115/2749/1115 1092/2715/1093 1114/2748/1114
f 1114/2748/1114 1093/2716/1094 1098/2721/1099
f 1114/2748/1114 1092/2715/1093 1093/2716/1094
f 969/2508/969 970/2507/970 1115/2749/1115
f 969/2508/969 1115/2749/1115 1113/2747/1113
f 970/2507/970 1017/2573/1017 1115/2749/1115
f 1115/2749/1115 1017/2573/1017 1092/2715/1093
f 965/2502/966 969/2505/969 1113/2746/1113
f 965/2502/966 1113/2746/1113 962/2498/962
f 1100/2743/1100 1097/2750/1097 942/2470/943
f 1097/2750/1097 1095/2751/1095 937/2456/936
f 1097/2750/1097 937/2456/936 942/2470/943
f 1017/2573/1017 1018/2574/1018 1092/2715/1093
f 970/2507/970 1015/2571/1015 1017/2573/1017
f 971/2509/971 1014/2570/1014 1015/2571/1015
f 971/2509/971 1015/2571/1015 970/2507/970
f 974/2517/975 1116/2752/1116 1014/2570/1014
f 974/2517/975 1014/2570/1014 971/2509/971
f 1116/2752/1116 1012/2568/1013 1014/2570/1014
f 974/2517/975 978/2521/979 1116/2752/1116
f 1116/2752/1116 978/2521/979 984/2528/986
f 1116/2752/1116 1117/2753/1117 1012/2568/1013
f 1116/2752/1116 984/2528/986 1117/2753/1117
f 1117/2753/1117 1007/2754/1008 1006/2569/1006
f 1117/2753/1117 1006/2569/1006 1012/2568/1013
f 1117/2753/1117 987/2532/987 1007/2754/1008
f 1117/2753/1117 984/2528/986 987/2532/987
f 1007/2755/1008 987/2529/987 995/2542/994
f 1007/2755/1008 995/2542/994 998/2547/997
f 987/2529/987 988/2531/988 995/2542/994
f 1118/2756/1118 1119/2757/1119 1124/2758/1120
f 1118/2759/1118 1120/2760/1121 1119/2761/1119
f 1118/2759/1118 1123/2762/1122 1120/2760/1121
f 1121/2763/1123 1123/2762/1122 1118/2759/1118
f 1121/2763/1123 1118/2759/1118 1122/2764/1124
f 1122/2765/1124 1118/2756/1118 1124/2758/1120
f 1119/2757/1119 1125/2766/1125 1124/2758/1120
f 1125/2767/1125 1126/2768/1126 1124/2769/1120
f 1124/2769/1120 1126/2768/1126 1128/2770/1127
f 1124/2758/1120 1127/2771/1128 1131/2772/1129
f 1124/2769/1120 1128/2770/1127 1127/2773/1128
f 1133/2774/1130 1129/2775/1131 1124/2758/1120
f 1129/2775/1131 1130/2776/1132 1124/2758/1120
f 1130/2776/1132 1132/2777/1133 1124/2758/1120
f 1132/2777/1133 1122/2765/1124 1124/2758/1120
f 1124/2758/1120 1131/2772/1129 1133/2774/1130
f 1131/2772/1129 1134/2778/1134 1133/2774/1130
f 1134/2779/1134 1135/2780/1135 1133/2781/1130
f 1133/2781/1130 1135/2780/1135 1137/2782/1136
f 1133/2774/1130 1136/2783/1137 1129/2775/1131
f 1133/2781/1130 1137/2782/1136 1136/2784/1137
f 1137/2785/1136 1135/2786/1135 1139/2787/1138
f 1137/2788/1136 1129/2789/1131 1136/2790/1137
f 1137/2788/1136 1140/2791/1139 1129/2789/1131
f 1140/2792/1139 1137/2785/1136 1138/2793/1140
f 1137/2785/1136 1139/2787/1138 1138/2793/1140
f 1140/2791/1139 1141/2794/1141 1129/2789/1131
f 1140/2791/1139 1143/2795/1142 1141/2794/1141
f 1140/2792/1139 1142/2796/1143 1144/2797/1144
f 1140/2792/1139 1138/2793/1140 1142/2796/1143
f 1140/2792/1139 1144/2797/1144 1143/2798/1142
f 1145/2799/1145 1143/2798/1142 1144/2797/1144
f 1145/2799/1145 1144/2797/1144 1146/2800/1146
f 1144/2801/1144 1142/2802/1143 1147/2803/1147
f 1146/2804/1146 1144/2801/1144 1147/2803/1147
f 1149/2805/1148 1148/2806/1149 1147/2807/1147
f 1148/2806/1149 1156/2808/1150 1147/2807/1147
f 1150/2809/1151 1146/2804/1146 1147/2803/1147
f 1151/2810/1152 1149/2805/1148 1147/2807/1147
f 1152/2811/1153 1150/2812/1151 1147/2813/1147
f 1153/2814/1154 1151/2815/1152 1147/2816/1147
f 1155/2817/1155 1152/2811/1153 1147/2813/1147
f 1139/2818/1138 1153/2814/1154 1147/2816/1147
f 1138/2819/1140 1139/2818/1138 1147/2816/1147
f 1142/2802/1143 1138/2820/1140 1147/2803/1147
f 1156/2808/1150 1154/2821/1156 1147/2807/1147
f 1154/2822/1156 1155/2817/1155 1147/2813/1147
f 1157/2823/1157 1154/2824/1156 1156/2825/1150
f 1157/2823/1157 1156/2825/1150 1148/2826/1149
f 1157/2823/1157 1120/2827/1121 1154/2824/1156
f 1120/2828/1121 1157/2829/1157 1125/2767/1125
f 1125/2767/1125 1157/2829/1157 1126/2768/1126
f 1157/2823/1157 1148/2826/1149 1126/2830/1126
f 1123/2831/1122 1155/2832/1155 1154/2824/1156
f 1123/2831/1122 1152/2833/1153 1155/2832/1155
f 1123/2831/1122 1154/2824/1156 1120/2827/1121
f 1158/2834/1158 1151/2835/1152 1153/2836/1154
f 1159/2837/1159 1153/2836/1154 1139/2787/1138
f 1158/2834/1158 1153/2836/1154 1159/2837/1159
f 1131/2838/1129 1158/2839/1158 1159/2840/1159
f 1131/2838/1129 1159/2840/1159 1134/2779/1134
f 1134/2779/1134 1159/2840/1159 1135/2780/1135
f 1159/2837/1159 1139/2787/1138 1135/2786/1135
f 1158/2834/1158 1128/2841/1127 1149/2842/1148
f 1128/2770/1127 1158/2843/1158 1131/2844/1129
f 1158/2834/1158 1149/2842/1148 1151/2835/1152
f 1121/2845/1123 1150/2846/1151 1152/2833/1153
f 1123/2831/1122 1121/2845/1123 1152/2833/1153
f 1145/2799/1145 1146/2800/1146 1150/2846/1151
f 1145/2799/1145 1150/2846/1151 1160/2847/1160
f 1121/2845/1123 1160/2847/1160 1150/2846/1151
f 1130/2848/1132 1145/2849/1145 1160/2850/1160
f 1160/2851/1160 1122/2764/1124 1132/2852/1133
f 1130/2848/1132 1160/2850/1160 1132/2853/1133
f 1160/2851/1160 1121/2763/1123 1122/2764/1124
f 1128/2841/1127 1148/2826/1149 1149/2842/1148
f 1128/2841/1127 1126/2830/1126 1148/2826/1149
f 1141/2794/1141 1143/2795/1142 1145/2849/1145
f 1141/2794/1141 1145/2849/1145 1130/2848/1132
f 1129/2775/1131 1141/2854/1141 1130/2776/1132
f 1128/2770/1127 1131/2844/1129 1127/2773/1128
f 1120/2828/1121 1125/2767/1125 1119/2855/1119
