# Blender 5.1.2
# www.blender.org
mtllib rightLeg.mtl
o Mesh_Mesh.039
v 0.007132 -0.142686 0.012890
v -0.004792 -0.143838 0.025660
v -0.001173 -0.093983 0.027538
v -0.004437 -0.141563 -0.003406
v 0.005768 -0.093883 0.012809
v 0.001917 -0.158310 -0.000516
v 0.006444 -0.157452 0.014662
v -0.005298 -0.154471 0.025827
v 0.008218 -0.176300 0.012661
v -0.005590 -0.170918 0.028915
v -0.024554 -0.154499 0.028307
v -0.015097 -0.177572 0.028763
v 0.007053 -0.193081 0.026481
v -0.027516 -0.165945 0.025631
v -0.040205 -0.156494 0.016508
v -0.037472 -0.168697 0.014312
v -0.030322 -0.173150 0.023287
v -0.041290 -0.185718 0.024120
v -0.043994 -0.179724 0.014123
v -0.023020 -0.184629 0.025820
v -0.007371 -0.201030 0.031100
v -0.034936 -0.196132 0.027257
v -0.018406 -0.203921 0.026510
v -0.028905 -0.204385 0.024385
v -0.024995 -0.208389 0.018240
v -0.034810 -0.216724 0.016361
v -0.045264 -0.205393 0.029539
v -0.039312 -0.213326 0.025963
v -0.041348 -0.231463 0.016111
v -0.057811 -0.214484 0.035004
v -0.049114 -0.226460 0.030368
v -0.051702 -0.238692 0.013899
v -0.067273 -0.221320 0.034173
v -0.057581 -0.233770 0.029804
v -0.073797 -0.226343 0.025855
v -0.065743 -0.236076 0.022010
v -0.074867 -0.228275 0.011605
v -0.062063 -0.237750 0.011297
v -0.062155 -0.233294 0.000910
v -0.053503 -0.231570 -0.001762
v -0.062050 -0.219796 -0.009225
v -0.051747 -0.211918 -0.010076
v -0.042640 -0.225202 -0.000805
v -0.034722 -0.212951 0.004777
v -0.040799 -0.202357 -0.004530
v -0.025006 -0.204378 0.007224
v -0.032129 -0.193608 -0.000666
v -0.020165 -0.188631 -0.001562
v -0.018083 -0.209805 0.016991
v -0.017878 -0.203147 0.007233
v -0.014868 -0.201183 -0.002830
v -0.016177 -0.207956 0.005915
v -0.017209 -0.213837 0.002939
v -0.015368 -0.216209 0.014736
v -0.010023 -0.214173 0.022130
v -0.004663 -0.217763 0.018974
v -0.008424 -0.220114 0.010903
v 0.002366 -0.219529 0.010859
v -0.000658 -0.221099 -0.000287
v -0.010477 -0.222338 0.002376
v -0.011837 -0.221676 -0.006600
v -0.016899 -0.213134 -0.006763
v -0.005242 -0.219757 -0.010676
v -0.011432 -0.211576 -0.014071
v -0.012086 -0.198378 -0.012217
v 0.001498 -0.208731 -0.013107
v -0.000053 -0.196252 -0.012033
v 0.011046 -0.206868 -0.004545
v 0.002900 -0.215695 -0.009571
v 0.007883 -0.216394 -0.002448
v 0.010132 -0.213633 0.010022
v 0.010761 -0.212079 0.020735
v 0.003451 -0.216769 0.021230
v 0.015130 -0.204993 0.011339
v 0.009659 -0.194790 -0.004195
v 0.012537 -0.192264 0.012291
v 0.012239 -0.203445 0.025069
v 0.000286 -0.212211 0.027050
v 0.006525 -0.178072 -0.000773
v -0.003365 -0.182401 -0.010190
v -0.013059 -0.158751 -0.011158
v -0.016108 -0.184184 -0.010687
v -0.024906 -0.167910 -0.012354
v -0.035362 -0.170885 -0.001508
v -0.030175 -0.156874 -0.012605
v -0.040848 -0.154983 -0.001706
v -0.026427 -0.147332 -0.010038
v -0.023744 -0.137877 -0.004215
v -0.036770 -0.143550 -0.000136
v -0.038016 -0.146700 0.018996
v -0.029347 -0.134749 0.003604
v -0.031397 -0.134871 0.013046
v -0.021725 -0.139977 0.026818
v -0.025010 -0.090289 0.011806
v -0.018089 -0.092149 0.026939
v -0.002746 -0.092577 0.000537
v -0.018259 -0.091114 0.000517
v -0.040539 -0.182668 0.001860
v -0.054635 -0.187174 0.013540
v -0.050845 -0.190109 -0.000485
v -0.063127 -0.197999 -0.003912
v -0.069301 -0.194468 0.012581
v -0.072065 -0.207396 -0.003765
v -0.077294 -0.203932 0.012358
v -0.076189 -0.216406 0.000698
v -0.069418 -0.225597 -0.002726
v -0.079703 -0.215322 0.012184
v -0.078437 -0.216673 0.022397
v -0.076043 -0.208899 0.027019
v -0.066338 -0.200515 0.029429
v -0.052250 -0.194354 0.026950
v 0.013503 0.105162 0.015495
v -0.005392 0.098329 -0.013195
v 0.012451 0.095196 -0.013878
v 0.010395 0.154771 0.012017
v -0.007876 0.105992 0.014600
v 0.025483 0.154849 0.010264
v 0.025268 0.099763 0.001649
v 0.038848 0.158005 -0.008463
v 0.036525 0.151481 -0.021128
v 0.028099 0.162296 -0.035423
v 0.041440 0.165243 -0.027729
v 0.024042 0.147720 -0.028778
v 0.009891 0.163693 -0.035075
v 0.007734 0.147951 -0.030497
v -0.007251 0.150313 -0.027888
v -0.019031 0.152700 -0.023819
v -0.008982 0.166780 -0.033884
v -0.028428 0.171206 -0.032745
v -0.014525 0.183488 -0.049161
v 0.012885 0.182326 -0.041634
v 0.013325 0.197593 -0.044312
v 0.035980 0.180163 -0.050498
v 0.038329 0.197866 -0.055706
v 0.050097 0.181772 -0.042069
v 0.046980 0.173593 -0.019867
v 0.053557 0.187114 -0.026494
v 0.056203 0.194723 -0.048783
v 0.039207 0.212692 -0.051130
v 0.058950 0.201653 -0.029421
v 0.058777 0.210502 -0.046883
v 0.060035 0.217326 -0.034044
v 0.050524 0.223010 -0.013237
v 0.034334 0.221864 -0.037505
v 0.056518 0.208131 -0.020518
v 0.047596 0.209434 -0.005376
v 0.051735 0.198004 -0.014248
v 0.044906 0.183713 -0.006773
v 0.041005 0.193462 -0.000180
v 0.033196 0.173058 0.006025
v 0.031905 0.195832 0.008227
v 0.034933 0.214846 0.004344
v 0.033702 0.228108 0.005346
v 0.034181 0.222469 -0.001508
v 0.034243 0.216169 0.014566
v 0.032379 0.229943 0.013523
v 0.017023 0.218463 0.025857
v 0.028087 0.195710 0.018203
v 0.020149 0.177901 0.021244
v 0.022896 0.175435 0.011952
v 0.015196 0.196142 0.023667
v 0.004639 0.177885 0.021811
v 0.000310 0.196308 0.021921
v 0.011860 0.174800 0.022631
v 0.010193 0.171511 0.010958
v -0.009597 0.156492 0.011513
v -0.000408 0.177613 0.013301
v -0.004479 0.194209 0.012359
v -0.015851 0.175095 0.008827
v -0.022592 0.190837 0.005801
v -0.024807 0.171544 -0.001350
v -0.025329 0.161264 -0.009204
v -0.030972 0.187582 -0.006598
v -0.034048 0.179365 -0.019639
v -0.031596 0.205640 -0.014923
v -0.037456 0.198234 -0.032389
v -0.033588 0.187165 -0.049304
v -0.029827 0.216405 -0.021876
v -0.029981 0.203311 -0.054413
v -0.032309 0.215243 -0.036484
v -0.024462 0.219052 -0.053300
v -0.022599 0.227732 -0.039560
v -0.009586 0.217588 -0.049853
v -0.008181 0.227462 -0.039025
v -0.004226 0.231044 -0.026469
v -0.018745 0.230999 -0.016474
v -0.023262 0.213613 -0.002155
v -0.004204 0.222298 0.001067
v -0.007238 0.217136 0.015890
v -0.005282 0.211699 0.006415
v -0.001277 0.232128 0.010213
v 0.003264 0.220255 -0.000089
v 0.005794 0.238791 0.004264
v 0.013412 0.216230 -0.000811
v 0.017529 0.239028 0.001577
v 0.014158 0.225207 -0.026323
v 0.025192 0.219840 -0.001365
v 0.029131 0.225638 -0.024792
v 0.012983 0.218314 -0.033993
v 0.013812 0.208114 -0.040248
v 0.026725 0.236886 0.004159
v 0.028534 0.237634 0.010447
v 0.019343 0.240753 0.014310
v 0.009697 0.240113 0.014404
v 0.019154 0.231928 0.023147
v 0.001556 0.234425 0.018256
v -0.005194 0.217514 0.022233
v -0.014000 0.200979 -0.054483
v -0.015878 0.102062 0.000103
v 0.038680 0.169694 -0.002350
v 0.016866 0.170907 0.027603
v 0.032258 0.206980 0.027617
v 0.018811 0.207691 0.027521
v 0.030312 0.170196 0.027700
v 0.016778 0.170939 0.040144
v 0.016946 0.174413 0.042397
v 0.018522 0.204233 0.042331
v 0.018983 0.212240 0.037083
v 0.032279 0.209190 0.040883
v 0.031968 0.203522 0.042426
v 0.018833 0.209900 0.040787
v 0.032430 0.211530 0.037180
v 0.019030 0.212223 0.030461
v 0.032476 0.211512 0.030557
v 0.030392 0.173702 0.042493
v 0.030224 0.170229 0.040240
v -0.001380 0.171871 0.027473
v 0.000566 0.208655 0.027391
v -0.012881 0.209366 0.027295
v 0.000276 0.205198 0.042201
v -0.001300 0.175378 0.042267
v -0.001468 0.171904 0.040014
v -0.014826 0.172582 0.027377
v -0.014914 0.172615 0.039918
v -0.014746 0.176089 0.042170
v -0.013170 0.205908 0.042104
v -0.012859 0.211576 0.040560
v -0.012709 0.213916 0.036857
v 0.000587 0.210865 0.040657
v 0.000783 0.213188 0.030331
v -0.012662 0.213898 0.030235
v 0.000738 0.213205 0.036953
v 0.006943 0.152291 -0.001824
v -0.020407 0.153737 -0.002019
v 0.009661 0.203698 -0.001938
v 0.034294 0.150845 -0.001629
v -0.005228 0.152945 0.002435
v 0.019053 0.151661 0.002609
v 0.006912 0.152302 0.002522
v -0.005929 0.080664 0.006650
v 0.012070 0.079713 0.006779
v 0.003071 0.080189 0.006714
v 0.002909 0.080249 0.029812
v -0.008585 0.080815 0.011261
v 0.014662 0.079587 0.011427
v 0.013916 0.079618 0.008148
v 0.014565 0.079622 0.025264
v 0.022551 0.151490 0.008880
v 0.039918 0.150554 0.000751
v 0.021544 0.151533 0.004456
v 0.042214 0.150444 0.006417
v 0.022420 0.151539 0.027548
v 0.013773 0.079672 0.028533
v 0.042048 0.150507 0.030291
v 0.039672 0.150644 0.035923
v 0.021352 0.151605 0.031958
v 0.034015 0.150949 0.038223
v 0.018835 0.151742 0.033769
v 0.011908 0.079773 0.029876
v 0.006664 0.152395 0.038027
v 0.006694 0.152384 0.033682
v -0.005446 0.153025 0.033595
v -0.006090 0.080725 0.029747
v -0.007936 0.080819 0.028377
v -0.008683 0.080851 0.025098
v -0.008813 0.153148 0.008657
v -0.008943 0.153197 0.027324
v -0.028608 0.154242 0.029787
v -0.026311 0.154133 0.035453
v -0.007937 0.153153 0.031748
v -0.020686 0.153841 0.037832
v -0.017968 0.205248 0.037718
v -0.025889 0.205648 0.029672
v -0.023592 0.205539 0.035338
v 0.009382 0.203801 0.037913
v -0.017688 0.205144 -0.002133
v -0.023346 0.205447 0.000166
v -0.025722 0.205586 0.005797
v -0.028440 0.154179 0.005912
v -0.026065 0.154041 0.000281
v -0.007745 0.153081 0.004247
v -0.007794 0.080766 0.007992
v 0.036733 0.202355 0.038108
v 0.037012 0.202252 -0.001744
v 0.044766 0.201913 0.030177
v 0.042390 0.202051 0.035809
v 0.044933 0.201851 0.006302
v 0.042636 0.201960 0.000637
v -0.008763 -0.144729 -0.001162
v -0.041388 -0.143004 -0.001394
v -0.029535 -0.143618 0.004399
v 0.011929 -0.145810 0.004695
v 0.023862 -0.146453 -0.000929
v -0.008803 -0.144714 0.004547
v -0.006045 -0.093323 -0.001276
v -0.033524 -0.091870 -0.001472
v 0.021435 -0.094776 -0.001079
v 0.022204 -0.080234 -0.001112
v 0.021156 -0.094672 0.038771
v 0.021925 -0.080130 0.038739
v 0.026615 -0.095049 -0.001043
v 0.030131 -0.146779 0.001531
v 0.027384 -0.080509 -0.001075
v 0.032859 -0.095374 0.001414
v 0.035411 -0.095496 0.007255
v 0.033628 -0.080833 0.001381
v 0.036180 -0.080955 0.007222
v 0.031322 -0.075397 0.004060
v 0.027000 -0.075172 0.002359
v 0.033009 -0.075478 0.007920
v 0.036017 -0.080894 0.030606
v 0.032855 -0.075420 0.029835
v 0.025907 -0.075115 0.002352
v 0.025676 -0.075029 0.035301
v 0.027106 -0.080405 0.038776
v 0.026769 -0.075086 0.035309
v 0.031115 -0.075320 0.033671
v 0.033383 -0.080742 0.036410
v 0.026336 -0.094946 0.038809
v 0.032614 -0.095282 0.036442
v 0.035248 -0.095435 0.030638
v 0.029885 -0.146688 0.036554
v 0.032529 -0.146841 0.030743
v 0.023583 -0.146349 0.038923
v 0.018033 -0.146075 0.030760
v 0.020677 -0.146227 0.024950
v 0.011730 -0.145736 0.033130
v 0.016848 -0.168668 0.030814
v 0.010571 -0.168332 0.033180
v 0.019482 -0.168821 0.025010
v 0.019566 -0.168852 0.013042
v 0.020761 -0.146258 0.013002
v 0.032693 -0.146901 0.007378
v 0.018198 -0.146135 0.007155
v 0.010770 -0.168405 0.004746
v 0.017014 -0.168730 0.007202
v -0.009997 -0.167307 0.004598
v -0.010197 -0.167233 0.033032
v -0.009002 -0.144640 0.032982
v -0.029735 -0.143544 0.032834
v -0.030766 -0.166210 0.004449
v -0.030964 -0.166135 0.032884
v -0.039677 -0.165720 0.012620
v -0.036003 -0.143218 0.030375
v -0.039760 -0.165689 0.024588
v -0.037208 -0.165811 0.030427
v -0.038482 -0.143127 0.012579
v -0.038566 -0.143095 0.024527
v -0.050334 -0.142513 0.006786
v -0.050498 -0.142452 0.030150
v -0.047780 -0.091046 0.030045
v -0.047617 -0.091107 0.006661
v -0.047936 -0.142574 0.035997
v -0.041667 -0.142900 0.038457
v -0.038984 -0.091492 0.038343
v -0.045228 -0.091168 0.035886
v -0.047011 -0.076505 0.030013
v -0.044459 -0.076627 0.035853
v -0.038215 -0.076952 0.038310
v -0.041593 -0.071476 0.033152
v -0.037270 -0.071701 0.034851
v -0.043279 -0.071396 0.029291
v -0.043126 -0.071452 0.007377
v -0.036177 -0.071759 0.034859
v -0.035946 -0.071844 0.001910
v -0.032755 -0.077329 -0.001504
v -0.037040 -0.071786 0.001902
v -0.037937 -0.077055 -0.001541
v -0.044983 -0.091258 0.000857
v -0.044213 -0.076718 0.000825
v -0.041385 -0.071553 0.003541
v -0.038704 -0.091596 -0.001509
v -0.047690 -0.142666 0.000976
v -0.035838 -0.143279 0.006768
v -0.037043 -0.165872 0.006816
v -0.046848 -0.076566 0.006629
v -0.033035 -0.077225 0.038347
v -0.033803 -0.091766 0.038379
v -0.006324 -0.093219 0.038575
v -0.009042 -0.144625 0.038690
v -0.019709 -0.098465 0.030587
v -0.017051 -0.098607 0.029893
v -0.018736 -0.061388 0.031571
v -0.022358 -0.098326 0.029856
v -0.021390 -0.061526 0.030831
v -0.023376 -0.025456 0.034356
v -0.023319 -0.061413 0.028872
v -0.025293 -0.025485 0.032383
v -0.024287 -0.098229 0.027897
v -0.024979 -0.098199 0.025235
v -0.024004 -0.061077 0.026220
v -0.024249 -0.098243 0.022583
v -0.022293 -0.098350 0.020651
v -0.021294 -0.060137 0.021669
v -0.019635 -0.098492 0.019959
v -0.023263 -0.060610 0.023583
v -0.016986 -0.098631 0.020689
v -0.014366 -0.098760 0.025310
v -0.015058 -0.098728 0.022649
v -0.014042 -0.059759 0.023691
v -0.018624 -0.059783 0.020992
v -0.015970 -0.059646 0.021732
v -0.018064 -0.021359 0.025465
v -0.020693 -0.021936 0.024682
v -0.024412 0.012785 0.026873
v -0.027089 0.012237 0.027487
v -0.023329 -0.022908 0.025300
v -0.029113 0.012013 0.029352
v -0.025267 -0.024014 0.027154
v -0.025985 -0.024956 0.029746
v -0.029943 0.012176 0.031972
v -0.029356 0.012681 0.034642
v -0.029643 0.049593 0.024365
v -0.028796 0.047932 0.022003
v -0.025750 0.083270 0.012236
v -0.026758 0.046675 0.020396
v -0.023707 0.082047 0.010621
v -0.020425 0.119616 0.003771
v -0.021031 0.081426 0.010230
v -0.017732 0.119197 0.003344
v -0.015156 0.119180 0.004310
v -0.018440 0.081574 0.011166
v -0.015197 0.158371 0.001147
v -0.020034 0.158632 0.003332
v -0.017909 0.158516 0.001591
v -0.020564 0.158672 0.008620
v -0.012628 0.158238 0.002120
v -0.010889 0.158151 0.004251
v -0.013385 0.119566 0.006412
v -0.012896 0.120255 0.009084
v -0.010446 0.158133 0.006965
v -0.011417 0.158191 0.009538
v -0.013818 0.121059 0.011612
v -0.015906 0.121765 0.013318
v -0.013544 0.158307 0.011279
v -0.018600 0.122183 0.013746
v -0.016255 0.158451 0.011723
v -0.018824 0.158585 0.010749
v -0.021177 0.122200 0.012779
v -0.022947 0.121814 0.010679
v -0.024251 0.087017 0.019204
v -0.021660 0.087164 0.020139
v -0.024625 0.052723 0.029665
v -0.018984 0.086543 0.019747
v -0.021942 0.052208 0.029242
v -0.016941 0.085320 0.018132
v -0.016078 0.083822 0.015728
v -0.019903 0.050952 0.027634
v -0.020197 0.014896 0.034971
v -0.022221 0.014672 0.036837
v -0.019056 0.049290 0.025271
v -0.019367 0.014733 0.032352
v -0.016627 0.082451 0.013177
v -0.019627 0.047669 0.022788
v -0.019953 0.014228 0.029682
v -0.021464 0.046523 0.020848
v -0.024073 0.046160 0.019973
v -0.021800 0.013515 0.027676
v -0.016145 -0.021330 0.027438
v -0.015453 -0.021858 0.030075
v -0.016171 -0.022802 0.032667
v -0.013357 -0.060095 0.026343
v -0.014098 -0.060561 0.028980
v -0.016067 -0.061035 0.030893
v -0.018109 -0.023908 0.034521
v -0.015095 -0.098714 0.027962
v -0.020746 -0.024878 0.035140
v -0.024898 0.014123 0.037451
v -0.027509 0.013394 0.036647
v -0.027235 0.052360 0.028789
v -0.029071 0.051213 0.026849
v -0.026064 0.086140 0.017191
v -0.026613 0.084769 0.014640
v -0.023436 0.121125 0.008006
v -0.021007 0.158689 0.005904
v -0.022513 0.120321 0.005477
v -0.015117 0.157540 0.032153
v -0.017765 0.157678 0.031422
v -0.016719 0.122732 0.035720
v -0.012458 0.157397 0.031460
v -0.009773 0.157245 0.026876
v -0.017701 0.157654 0.022218
v -0.011479 0.120183 0.030673
v -0.010465 0.157276 0.024215
v -0.012153 0.121439 0.033199
v -0.012394 0.157373 0.022255
v -0.010502 0.157290 0.029528
v -0.014071 0.122372 0.035048
v -0.012709 0.087373 0.034202
v -0.014665 0.086406 0.036067
v -0.011134 0.083774 0.034547
v -0.013622 0.082434 0.036915
v -0.017318 0.085601 0.036696
v -0.019387 0.122423 0.035039
v -0.016999 0.081262 0.037703
v -0.019958 0.085173 0.035923
v -0.021362 0.121528 0.033185
v -0.021877 0.085236 0.033953
v -0.020360 0.080572 0.036698
v -0.019217 0.077103 0.035011
v -0.016594 0.077720 0.035807
v -0.022803 0.080550 0.034171
v -0.021805 0.077519 0.030383
v -0.023676 0.081201 0.030799
v -0.021124 0.077029 0.033026
v -0.017481 0.044708 0.026572
v -0.014910 0.044430 0.031217
v -0.016802 0.044233 0.029218
v -0.015281 0.041076 0.032155
v -0.017716 0.040829 0.029584
v -0.018592 0.041446 0.026182
v -0.014819 0.011601 0.022259
v -0.013910 0.013023 0.018951
v -0.017671 0.042763 0.022861
v -0.011422 0.014502 0.016575
v -0.015202 0.044426 0.020510
v -0.016766 0.045725 0.023992
v -0.014846 0.047015 0.022164
v -0.021077 0.078442 0.027791
v -0.019134 0.079552 0.025942
v -0.022742 0.082351 0.027483
v -0.022562 0.085774 0.031316
v -0.020254 0.083691 0.025114
v -0.021829 0.086643 0.028716
v -0.019874 0.087609 0.026853
v -0.021440 0.119029 0.028129
v -0.019522 0.118096 0.026282
v -0.019656 0.157761 0.024149
v -0.022113 0.120286 0.030656
v -0.020386 0.157807 0.026801
v -0.019694 0.157775 0.029463
v -0.017221 0.088415 0.026224
v -0.016874 0.117736 0.025609
v -0.015042 0.157512 0.021525
v -0.014205 0.118045 0.026290
v -0.012231 0.118941 0.028144
v -0.014581 0.088843 0.026997
v -0.012661 0.088780 0.028967
v -0.011073 0.085576 0.027858
v -0.011977 0.088241 0.031604
v -0.010201 0.084925 0.031231
v -0.011288 0.080750 0.030758
v -0.011968 0.081241 0.028115
v -0.007746 0.049241 0.024398
v -0.013875 0.081167 0.026130
v -0.013517 0.085553 0.025330
v -0.016877 0.084863 0.024327
v -0.016498 0.080549 0.025335
v -0.012237 0.048229 0.021581
v -0.009638 0.049044 0.022399
v -0.008500 0.047034 0.020812
v -0.006064 0.047281 0.023383
v -0.007066 0.048767 0.027042
v -0.005189 0.046663 0.026786
v -0.002120 0.015861 0.019239
v -0.003240 0.012346 0.019488
v -0.001204 0.014878 0.022591
v -0.005189 0.012728 0.017572
v -0.004614 0.016141 0.016742
v -0.008019 0.015644 0.015766
v -0.011845 0.045989 0.019760
v -0.007846 0.012522 0.016843
v -0.013907 -0.022956 0.010283
v -0.010500 0.011781 0.017495
v -0.016305 -0.021754 0.011301
v -0.012438 0.010704 0.019353
v -0.018017 -0.021377 0.013431
v -0.013143 0.009580 0.021920
v -0.018586 -0.021926 0.016103
v -0.012424 0.008710 0.024508
v -0.013903 0.010618 0.025610
v -0.011408 0.010338 0.028108
v -0.010476 0.008326 0.026423
v -0.007818 0.008533 0.027153
v -0.008004 0.010835 0.029083
v -0.005164 0.009274 0.026501
v -0.011936 0.042121 0.033207
v -0.004601 0.011978 0.028275
v -0.008580 0.043684 0.032457
v -0.002112 0.013456 0.025898
v -0.003226 0.010351 0.024642
v -0.009481 -0.028295 0.017473
v -0.002522 0.011475 0.022076
v -0.008912 -0.027746 0.014801
v -0.016991 -0.062166 0.012264
v -0.009639 -0.026416 0.012304
v -0.017930 -0.061726 0.009699
v -0.021290 -0.098728 0.009393
v -0.023422 -0.098619 0.007657
v -0.020001 -0.061020 0.007971
v -0.022648 -0.060238 0.007542
v -0.011467 -0.024663 0.010650
v -0.026134 -0.098476 0.007222
v -0.025043 -0.098510 0.017795
v -0.029888 -0.098259 0.015623
v -0.030432 -0.098242 0.010337
v -0.028700 -0.098338 0.008203
v -0.020744 -0.098745 0.014679
v -0.022477 -0.098648 0.016813
v -0.017435 -0.062225 0.014979
v -0.020310 -0.098773 0.011963
v -0.019143 -0.061884 0.017117
v -0.021658 -0.061236 0.018103
v -0.011193 -0.027918 0.019603
v -0.013591 -0.026715 0.020622
v -0.024306 -0.060455 0.017675
v -0.016031 -0.025009 0.020254
v -0.026376 -0.059750 0.015947
v -0.017859 -0.023257 0.018600
v -0.027316 -0.059309 0.013381
v -0.026872 -0.059250 0.010666
v -0.030867 -0.098213 0.013053
v -0.025164 -0.059591 0.008530
v -0.027756 -0.098367 0.017359
v -0.006110 0.045347 0.030107
v -0.009703 0.046460 0.031452
v -0.007783 0.047749 0.029624
v -0.013958 0.078718 0.035199
v -0.012016 0.079827 0.033350
v -0.012311 0.045245 0.032035
v 0.006547 -0.099852 0.030774
v 0.009474 -0.062879 0.031773
v 0.012109 -0.063298 0.031070
v 0.009205 -0.099995 0.030082
v 0.003898 -0.099715 0.030044
v 0.006867 -0.062247 0.031057
v 0.001277 -0.099586 0.025423
v 0.009270 -0.100019 0.020877
v 0.001969 -0.099617 0.028084
v 0.004986 -0.061570 0.029116
v 0.010977 -0.024237 0.032862
v 0.012760 -0.025539 0.034742
v 0.004336 -0.061029 0.026470
v 0.002007 -0.099630 0.022771
v 0.010398 -0.023226 0.030259
v 0.005091 -0.060771 0.023827
v 0.013112 -0.023007 0.025687
v 0.003963 -0.099739 0.020840
v 0.007047 -0.060862 0.021896
v 0.011180 -0.022775 0.027633
v 0.018683 0.012184 0.029958
v 0.020473 0.011280 0.027979
v 0.026284 0.043497 0.020332
v 0.023004 0.010279 0.027212
v 0.023715 0.044135 0.021171
v 0.024541 0.079302 0.011472
v 0.021982 0.045470 0.023085
v 0.027115 0.078881 0.010573
v 0.029836 0.079216 0.011004
v 0.029001 0.043728 0.020793
v 0.027916 0.116785 0.003671
v 0.030632 0.116917 0.004136
v 0.025338 0.117040 0.004599
v 0.029556 0.156006 0.001467
v 0.032261 0.155864 0.001949
v 0.025205 0.156243 0.004508
v 0.026974 0.156145 0.002403
v 0.023588 0.117612 0.006675
v 0.022366 0.081790 0.016003
v 0.022803 0.080367 0.013459
v 0.023137 0.118350 0.009341
v 0.024103 0.119055 0.011882
v 0.023347 0.083190 0.018420
v 0.024724 0.156275 0.007217
v 0.025660 0.156230 0.009802
v 0.026229 0.119537 0.013619
v 0.027762 0.156123 0.011574
v 0.028945 0.119669 0.014085
v 0.030466 0.155982 0.012056
v 0.033048 0.155843 0.011119
v 0.034818 0.155744 0.009015
v 0.033272 0.118842 0.011080
v 0.035299 0.155713 0.006307
v 0.031522 0.119414 0.013155
v 0.034363 0.155757 0.003720
v 0.032758 0.117399 0.005872
v 0.033724 0.118104 0.008414
v 0.032955 0.081620 0.015066
v 0.032518 0.083043 0.017609
v 0.030780 0.084108 0.019596
v 0.029956 0.049337 0.029198
v 0.031689 0.048002 0.027283
v 0.027798 0.009660 0.035050
v 0.032122 0.046328 0.024807
v 0.026009 0.010565 0.037030
v 0.015270 -0.026783 0.035397
v 0.017835 -0.027634 0.034651
v 0.023477 0.011565 0.037797
v 0.020883 0.012394 0.037145
v 0.027386 0.049974 0.030036
v 0.028204 0.084529 0.020495
v 0.024670 0.049744 0.029575
v 0.025484 0.084192 0.020064
v 0.022533 0.048708 0.027937
v 0.018920 0.012828 0.035251
v 0.021550 0.047144 0.025562
v 0.018114 0.012752 0.032620
v 0.019767 -0.027866 0.032705
v 0.028367 0.009093 0.032388
v 0.014820 -0.063129 0.026497
v 0.014066 -0.063389 0.029140
v 0.020548 -0.027417 0.030079
v 0.019970 -0.026404 0.027477
v 0.014170 -0.062589 0.023850
v 0.011198 -0.100117 0.022836
v 0.012290 -0.061912 0.021910
v 0.018187 -0.025102 0.025597
v 0.009683 -0.061280 0.021194
v 0.006621 -0.099881 0.020146
v 0.015677 -0.023859 0.024941
v 0.025599 0.009451 0.027862
v 0.027561 0.009017 0.029758
v 0.031137 0.044763 0.022431
v 0.031974 0.080219 0.012648
v 0.011890 -0.100147 0.025498
v 0.011161 -0.100103 0.028150
v 0.028947 0.155210 0.032467
v 0.026299 0.155349 0.031737
v 0.026821 0.120430 0.036031
v 0.031605 0.155069 0.031775
v 0.029451 0.119841 0.035387
v 0.026363 0.155325 0.022533
v 0.034291 0.154916 0.027191
v 0.033561 0.154960 0.029843
v 0.031346 0.118742 0.033561
v 0.028021 0.082599 0.034309
v 0.026078 0.082739 0.036252
v 0.031998 0.117425 0.031042
v 0.033599 0.154946 0.024529
v 0.028796 0.083059 0.031683
v 0.031232 0.116245 0.028505
v 0.031670 0.155044 0.022570
v 0.029253 0.115518 0.026630
v 0.026380 0.085164 0.027183
v 0.028196 0.083998 0.029074
v 0.026370 0.081227 0.025447
v 0.028669 0.079633 0.027850
v 0.029428 0.078393 0.031177
v 0.024809 0.077229 0.026257
v 0.026596 0.075923 0.028131
v 0.017168 0.045322 0.022392
v 0.018915 0.043840 0.024246
v 0.027186 0.074930 0.030733
v 0.026420 0.074515 0.033366
v 0.019483 0.042754 0.026837
v 0.028445 0.077841 0.034537
v 0.024503 0.074791 0.035323
v 0.025981 0.078123 0.037030
v 0.022699 0.079163 0.037986
v 0.021949 0.075683 0.036081
v 0.011863 0.045320 0.031605
v 0.014321 0.043837 0.032224
v 0.019442 0.076953 0.035437
v 0.019475 0.080685 0.037151
v 0.017654 0.078259 0.033562
v 0.010117 0.046803 0.029752
v 0.008192 0.044591 0.030209
v 0.009548 0.047889 0.027162
v 0.007463 0.045994 0.026876
v 0.000209 0.014804 0.022601
v 0.001272 0.015681 0.019264
v 0.008447 0.046514 0.023487
v 0.010311 0.048286 0.024527
v 0.012200 0.047890 0.022555
v 0.010880 0.046010 0.020950
v 0.003816 0.015695 0.016802
v 0.014111 0.044617 0.019945
v 0.014711 0.046805 0.021773
v 0.022301 0.078498 0.025612
v 0.023147 0.082747 0.024612
v 0.019747 0.079390 0.026370
v 0.017830 0.079666 0.028328
v 0.019864 0.083789 0.025569
v 0.017400 0.084070 0.028061
v 0.021246 0.086949 0.027253
v 0.023837 0.086244 0.026516
v 0.026591 0.115438 0.025919
v 0.029021 0.155182 0.021839
v 0.023961 0.116027 0.026563
v 0.022066 0.117128 0.028389
v 0.019303 0.087090 0.029195
v 0.018527 0.086630 0.031822
v 0.019128 0.085690 0.034430
v 0.021414 0.118444 0.030908
v 0.016417 0.083517 0.031422
v 0.017064 0.079252 0.030960
v 0.017176 0.082278 0.034748
v 0.020943 0.084524 0.036321
v 0.024159 0.120351 0.035320
v 0.023487 0.083444 0.036988
v 0.022180 0.119624 0.033445
v 0.024370 0.155447 0.029777
v 0.023678 0.155477 0.027116
v 0.024407 0.155433 0.024464
v 0.007164 0.014841 0.015875
v 0.017272 0.042709 0.020742
v 0.010415 0.013348 0.016731
v 0.019519 0.040797 0.023126
v 0.012700 0.011616 0.019141
v 0.020248 0.039393 0.026459
v 0.013406 0.010108 0.022460
v 0.019265 0.038874 0.029848
v 0.018720 0.042355 0.029472
v 0.016830 0.042752 0.031443
v 0.016831 0.039379 0.032385
v 0.009799 0.009217 0.028260
v 0.013602 0.040770 0.033389
v 0.006452 0.010072 0.029187
v 0.003501 0.008816 0.026563
v 0.006052 0.007799 0.027252
v 0.003200 0.011565 0.028331
v 0.010439 0.042678 0.032593
v 0.000915 0.013296 0.025920
v 0.001714 0.010090 0.024678
v 0.003961 -0.029006 0.017569
v 0.001168 0.011279 0.022101
v 0.003491 -0.028401 0.014890
v 0.007931 -0.063483 0.012443
v 0.004390 -0.027157 0.012404
v 0.008948 -0.063145 0.009891
v 0.008392 -0.100296 0.009605
v 0.010548 -0.100414 0.007900
v 0.011106 -0.062664 0.008193
v 0.006416 -0.025609 0.010778
v 0.013827 -0.062167 0.007803
v 0.013266 -0.100559 0.007503
v 0.012028 -0.100470 0.018059
v 0.015819 -0.100692 0.008521
v 0.017521 -0.100777 0.010680
v 0.018483 -0.061730 0.013708
v 0.018086 -0.061628 0.010988
v 0.016382 -0.061787 0.008826
v 0.016902 -0.100732 0.015958
v 0.017918 -0.100792 0.013402
v 0.014745 -0.100615 0.017662
v 0.012586 -0.063047 0.018347
v 0.015308 -0.062549 0.017958
v 0.010780 -0.026426 0.020445
v 0.017465 -0.062068 0.016260
v 0.008169 -0.027865 0.020777
v 0.005673 -0.028810 0.019724
v 0.010031 -0.063427 0.017325
v 0.009475 -0.100337 0.017041
v 0.008328 -0.063586 0.015164
v 0.007376 -0.100238 0.012160
v 0.007772 -0.100252 0.014883
v 0.012806 -0.024877 0.018820
v 0.013705 -0.023633 0.016333
v 0.008683 0.007314 0.026560
v 0.010689 0.007487 0.024673
v 0.011532 0.008276 0.022096
v 0.012344 0.009231 0.025798
v 0.013235 -0.023029 0.013654
v 0.010986 0.009465 0.019521
v 0.011523 -0.023225 0.011500
v 0.009198 0.010739 0.017635
v 0.009027 -0.024170 0.010447
v 0.006647 0.011756 0.016946
v 0.004017 0.012241 0.017638
v 0.002011 0.012068 0.019525
v 0.004366 0.107965 -0.055267
v 0.033442 0.145435 -0.053272
v 0.010874 0.107729 -0.054943
v 0.002227 0.107361 -0.012744
v -0.016571 0.116426 -0.056199
v -0.015482 0.147204 -0.055708
v 0.003888 0.094452 -0.055482
v 0.001749 0.093849 -0.012959
v 0.001688 0.075878 -0.024787
v 0.008257 0.093613 -0.012635
v 0.008196 0.075643 -0.024463
v 0.009174 0.075918 -0.043911
v 0.010396 0.094217 -0.055158
v 0.008735 0.107126 -0.012420
v -0.017621 0.146601 -0.013185
v 0.032354 0.114657 -0.053764
v 0.030215 0.114053 -0.011241
v 0.031303 0.144832 -0.010749
v 0.034535 0.144715 -0.010588
v 0.024286 0.145187 -0.017493
v 0.026548 0.145105 -0.017381
v 0.030747 0.144971 -0.018284
v 0.027094 0.160561 -0.017134
v 0.024833 0.160643 -0.017247
v 0.026330 0.161065 -0.047012
v 0.035798 0.160378 -0.025011
v -0.009415 0.161881 -0.018952
v -0.019546 0.162380 -0.027766
v -0.007917 0.162304 -0.048717
v -0.011677 0.161963 -0.019064
v -0.018882 0.162567 -0.040953
v -0.009961 0.146426 -0.019198
v -0.012224 0.146507 -0.019311
v -0.016311 0.146673 -0.020627
v -0.015765 0.162129 -0.020380
v -0.020853 0.146718 -0.013346
v -0.018710 0.115823 -0.013676
v -0.021942 0.115939 -0.013837
v -0.027781 0.116177 -0.015719
v -0.026692 0.146954 -0.015228
v -0.031894 0.116394 -0.020269
v -0.019191 0.146826 -0.023813
v -0.030806 0.147172 -0.019778
v -0.032094 0.147314 -0.025778
v -0.033182 0.116536 -0.026270
v -0.031146 0.147581 -0.044615
v -0.032235 0.116804 -0.045106
v -0.029263 0.147608 -0.050458
v -0.019803 0.116543 -0.056360
v -0.030351 0.116829 -0.050949
v -0.025801 0.116735 -0.055068
v -0.024713 0.147512 -0.054577
v -0.014926 0.147064 -0.048172
v -0.018111 0.147130 -0.045289
v -0.018714 0.147321 -0.055869
v -0.010727 0.146930 -0.049077
v -0.008464 0.146848 -0.048964
v -0.010180 0.162385 -0.048830
v -0.017564 0.162586 -0.045042
v -0.014379 0.162519 -0.047925
v -0.019429 0.147112 -0.041200
v -0.020092 0.146925 -0.028013
v 0.025783 0.145609 -0.047259
v 0.028045 0.145528 -0.047146
v 0.028592 0.160983 -0.046900
v 0.035559 0.160665 -0.042397
v 0.032679 0.160818 -0.045582
v 0.036461 0.160566 -0.038197
v 0.035013 0.145209 -0.042644
v 0.035914 0.145111 -0.038444
v 0.047915 0.144722 -0.040679
v 0.035251 0.144924 -0.025258
v 0.034479 0.160360 -0.020921
v 0.033933 0.144905 -0.021168
v 0.046967 0.144455 -0.021842
v 0.045085 0.144428 -0.016000
v 0.045879 0.113677 -0.022334
v 0.033447 0.113937 -0.011080
v 0.046827 0.113945 -0.041170
v 0.043996 0.113650 -0.016491
v 0.040534 0.144523 -0.011881
v 0.039445 0.113746 -0.012372
v 0.035586 0.114540 -0.053603
v 0.045539 0.114085 -0.047171
v 0.041425 0.114304 -0.051721
v 0.046628 0.144864 -0.046679
v 0.042513 0.145081 -0.051230
v 0.036674 0.145318 -0.053111
v 0.032132 0.145362 -0.045829
v 0.031293 0.160427 -0.018038
v -0.018644 0.162281 -0.023566
v 0.002666 0.076153 -0.044235
v 0.000567 0.016804 -0.045182
v -0.000411 0.016528 -0.025734
v 0.003998 -0.043056 -0.026358
v -0.002510 -0.042821 -0.026682
v 0.006097 0.016293 -0.025410
v 0.004976 -0.042781 -0.045806
v 0.007075 0.016569 -0.044859
v -0.001532 -0.042545 -0.046130
v 0.004915 -0.060752 -0.057633
v -0.001593 -0.060516 -0.057957
v -0.003731 -0.061120 -0.015434
v 0.002776 -0.061355 -0.015110
v -0.004209 -0.074633 -0.015650
v -0.002071 -0.074030 -0.058172
v -0.023551 -0.080957 -0.059351
v 0.022146 -0.114107 -0.014885
v 0.002298 -0.074869 -0.015326
v -0.025690 -0.081561 -0.016828
v -0.026779 -0.112338 -0.017321
v -0.030011 -0.112221 -0.017482
v -0.019119 -0.112512 -0.023333
v -0.021382 -0.112431 -0.023446
v 0.015128 -0.113751 -0.021628
v 0.017390 -0.113833 -0.021515
v 0.016843 -0.129288 -0.021762
v 0.014582 -0.129206 -0.021875
v -0.018168 -0.127546 -0.053345
v 0.025547 -0.129470 -0.029640
v -0.019665 -0.127968 -0.023580
v 0.016079 -0.128784 -0.051640
v 0.026210 -0.129283 -0.042826
v 0.025309 -0.129184 -0.047026
v 0.026757 -0.113828 -0.042579
v 0.026093 -0.114015 -0.029393
v 0.018341 -0.128866 -0.051528
v 0.018887 -0.113410 -0.051282
v 0.022428 -0.129032 -0.050212
v 0.022975 -0.113576 -0.049965
v 0.027516 -0.113621 -0.057246
v 0.025854 -0.113729 -0.046779
v 0.033355 -0.113857 -0.055364
v 0.037470 -0.114075 -0.050814
v 0.028605 -0.082843 -0.056755
v 0.038559 -0.083298 -0.050322
v 0.034444 -0.083079 -0.054873
v 0.039846 -0.083439 -0.044323
v 0.025373 -0.082726 -0.056915
v 0.038898 -0.083707 -0.025486
v 0.038757 -0.114217 -0.044814
v 0.023234 -0.083330 -0.014393
v 0.026466 -0.083447 -0.014232
v 0.025378 -0.114224 -0.014724
v 0.031376 -0.114415 -0.016015
v 0.021589 -0.113967 -0.022420
v 0.021042 -0.129422 -0.022667
v 0.024774 -0.114034 -0.025303
v 0.024228 -0.129489 -0.025550
v 0.037810 -0.114484 -0.025977
v 0.035927 -0.114511 -0.020134
v 0.037015 -0.083733 -0.019643
v 0.032465 -0.083638 -0.015524
v 0.004437 -0.074265 -0.057848
v 0.024285 -0.113504 -0.057407
v 0.016626 -0.113329 -0.051395
v -0.024640 -0.111735 -0.059843
v -0.017622 -0.112090 -0.053100
v -0.027872 -0.111618 -0.060004
v -0.019884 -0.112008 -0.053212
v -0.024083 -0.111874 -0.052308
v -0.024630 -0.127330 -0.052554
v -0.020431 -0.127464 -0.053458
v -0.027815 -0.127263 -0.049670
v -0.029133 -0.127281 -0.045581
v -0.029797 -0.127469 -0.032396
v -0.027268 -0.111808 -0.049424
v -0.028587 -0.111827 -0.045334
v -0.040304 -0.111358 -0.048750
v -0.029250 -0.112014 -0.032149
v -0.028349 -0.112113 -0.027948
v -0.028895 -0.127568 -0.028195
v -0.041252 -0.111625 -0.029913
v -0.039964 -0.111766 -0.023913
v -0.040163 -0.080848 -0.029422
v -0.028922 -0.081444 -0.016989
v -0.038875 -0.080989 -0.023421
v -0.039216 -0.080580 -0.048259
v -0.037332 -0.080554 -0.054101
v -0.032782 -0.080648 -0.058220
v -0.038420 -0.111331 -0.054592
v -0.026783 -0.080840 -0.059512
v -0.033870 -0.111426 -0.058711
v -0.034761 -0.081207 -0.018871
v -0.035850 -0.111984 -0.019362
v -0.025469 -0.112265 -0.024763
v -0.021928 -0.127886 -0.023692
v -0.026016 -0.127721 -0.025010
v -0.020214 0.120367 -0.025190
v -0.015747 0.120205 -0.024968
v -0.016589 0.096393 -0.025348
v -0.021057 0.096554 -0.025571
v -0.024983 0.096728 -0.027710
v -0.024140 0.120539 -0.027329
v -0.026750 0.120690 -0.030963
v -0.027525 0.120787 -0.035369
v -0.027154 0.097002 -0.040057
v -0.026312 0.120813 -0.039676
v -0.027592 0.096878 -0.031342
v -0.008664 0.120036 -0.030062
v -0.010835 0.120310 -0.042408
v -0.014762 0.120483 -0.044548
v -0.028367 0.096976 -0.035750
v -0.007451 0.120061 -0.034370
v -0.019229 0.120644 -0.044770
v -0.023351 0.120763 -0.043032
v -0.008226 0.120159 -0.038776
v -0.008293 0.096250 -0.034750
v -0.009068 0.096347 -0.039157
v 0.000478 0.082987 -0.034497
v -0.011677 0.096498 -0.042789
v -0.006018 0.083462 -0.049928
v -0.001010 0.083174 -0.042955
v -0.003353 0.016924 -0.044013
v -0.001865 0.016736 -0.035555
v -0.005696 -0.049326 -0.045071
v -0.004208 -0.049514 -0.036613
v -0.001851 0.082937 -0.026228
v -0.006537 -0.049563 -0.028345
v -0.004194 0.016687 -0.027286
v -0.007534 0.083035 -0.019788
v -0.012220 -0.049465 -0.021904
v -0.009877 0.016785 -0.020846
v -0.015446 0.083262 -0.016451
v -0.020132 -0.049239 -0.018566
v -0.017789 0.017011 -0.017508
v -0.024020 0.083572 -0.016877
v -0.026363 0.017321 -0.017935
v -0.028706 -0.048929 -0.018993
v -0.036243 -0.048596 -0.023100
v -0.022190 -0.061967 -0.027877
v -0.026657 -0.061805 -0.028099
v -0.030584 -0.061631 -0.030239
v -0.027499 -0.085616 -0.028480
v -0.031425 -0.085444 -0.030619
v -0.034035 -0.085293 -0.034252
v -0.034810 -0.085196 -0.038658
v -0.033597 -0.085170 -0.042966
v -0.032755 -0.061357 -0.042586
v -0.033193 -0.061482 -0.033871
v -0.022047 -0.085500 -0.047838
v -0.015511 -0.085824 -0.042066
v -0.033968 -0.061384 -0.038279
v -0.023032 -0.085778 -0.028258
v -0.014736 -0.085922 -0.037659
v -0.030636 -0.085221 -0.046322
v -0.026514 -0.085339 -0.048060
v -0.025672 -0.061526 -0.047680
v -0.029794 -0.061409 -0.045941
v -0.034727 -0.048169 -0.053240
v -0.026815 -0.048395 -0.056577
v -0.024472 0.017855 -0.055519
v -0.015898 0.017545 -0.055093
v -0.018241 -0.048705 -0.056150
v -0.021205 -0.061688 -0.047457
v -0.017278 -0.061861 -0.045318
v -0.014669 -0.062011 -0.041685
v -0.010704 -0.049037 -0.052044
v -0.018120 -0.085674 -0.045698
v -0.008361 0.017213 -0.050986
v -0.013555 0.083794 -0.054035
v -0.015604 0.096670 -0.044928
v -0.022129 0.084104 -0.054462
v -0.030041 0.084331 -0.051124
v -0.020072 0.096832 -0.045151
v -0.024194 0.096950 -0.043412
v -0.032384 0.018082 -0.052182
v -0.035724 0.084429 -0.044684
v -0.038067 0.018179 -0.045742
v -0.038053 0.084380 -0.036415
v -0.036565 0.084192 -0.027957
v -0.038908 0.017943 -0.029014
v -0.040396 0.018130 -0.037473
v -0.041251 -0.048308 -0.030073
v -0.042739 -0.048120 -0.038531
v -0.040410 -0.048070 -0.046799
v -0.033900 0.017653 -0.022042
v -0.031557 0.083904 -0.020984
v -0.013894 -0.062109 -0.037279
v -0.015107 -0.062136 -0.032971
v -0.015949 -0.085947 -0.033351
v -0.018910 -0.085897 -0.029996
v -0.018068 -0.062084 -0.029616
v -0.012467 0.096275 -0.027087
v -0.011625 0.120087 -0.026706
v -0.009507 0.096224 -0.030442
v 0.033178 0.118436 -0.022532
v 0.037300 0.118317 -0.024270
v 0.036457 0.094506 -0.024651
v 0.027869 0.094785 -0.023135
v 0.028711 0.118597 -0.022754
v 0.032336 0.094624 -0.022912
v 0.041473 0.118292 -0.031934
v 0.039418 0.094454 -0.028006
v 0.040698 0.118390 -0.036340
v 0.039856 0.094578 -0.036721
v 0.024784 0.118770 -0.024894
v 0.022614 0.119044 -0.037241
v 0.038089 0.118541 -0.039973
v 0.040631 0.094481 -0.032314
v 0.022175 0.118921 -0.028527
v 0.021400 0.119018 -0.032933
v 0.040260 0.118267 -0.027627
v 0.020558 0.095206 -0.033314
v 0.021333 0.095108 -0.028907
v 0.012359 0.082423 -0.025521
v 0.021771 0.095232 -0.037621
v 0.010872 0.082611 -0.033979
v 0.008529 0.016361 -0.035037
v 0.013200 0.082660 -0.042248
v 0.018884 0.082562 -0.048689
v 0.010857 0.016410 -0.043306
v 0.008514 -0.049839 -0.044364
v 0.014198 -0.049938 -0.050804
v 0.016541 0.016313 -0.049746
v 0.022109 -0.050164 -0.054141
v 0.024452 0.016086 -0.053084
v 0.026795 0.082335 -0.052026
v 0.028854 0.095063 -0.042715
v 0.024732 0.095181 -0.040976
v 0.035369 0.082025 -0.051599
v 0.042907 0.081693 -0.047492
v 0.033026 0.015776 -0.052657
v 0.033320 0.094901 -0.042492
v 0.034163 0.118714 -0.042112
v 0.037247 0.094729 -0.040353
v 0.047915 0.081405 -0.040520
v 0.049402 0.081218 -0.032061
v 0.040564 0.015444 -0.048550
v 0.045572 0.015155 -0.041578
v 0.047059 0.014967 -0.033119
v 0.043229 -0.051095 -0.042635
v 0.044716 -0.051283 -0.034177
v 0.033817 -0.063905 -0.030535
v 0.042387 -0.051332 -0.025909
v 0.034256 -0.063780 -0.039250
v 0.035031 -0.063879 -0.034843
v 0.034188 -0.087691 -0.035223
v 0.033414 -0.087593 -0.039630
v 0.030805 -0.087443 -0.043263
v 0.031647 -0.063631 -0.042882
v 0.027720 -0.063457 -0.045021
v 0.038221 -0.050807 -0.049608
v 0.030683 -0.050474 -0.053715
v 0.023253 -0.063296 -0.045244
v 0.022411 -0.087108 -0.045624
v 0.019131 -0.063178 -0.043505
v 0.026878 -0.087270 -0.045402
v 0.016171 -0.063127 -0.040150
v 0.018289 -0.086990 -0.043886
v 0.015329 -0.086939 -0.040531
v 0.014958 -0.063153 -0.035843
v 0.014115 -0.086965 -0.036222
v 0.014890 -0.087062 -0.031816
v 0.017499 -0.087213 -0.028183
v 0.015733 -0.063251 -0.031435
v 0.030015 -0.087666 -0.027560
v 0.025893 -0.087547 -0.025822
v 0.026735 -0.063736 -0.025441
v 0.032975 -0.087716 -0.030916
v 0.030857 -0.063853 -0.027180
v 0.021426 -0.087386 -0.026044
v 0.018342 -0.063401 -0.027803
v 0.022268 -0.063574 -0.025664
v 0.020219 -0.050698 -0.016557
v 0.028793 -0.051008 -0.016130
v 0.031136 0.015242 -0.015073
v 0.036705 -0.051234 -0.019469
v 0.022562 0.015552 -0.015499
v 0.024905 0.081802 -0.014442
v 0.033479 0.081492 -0.014015
v 0.015025 0.015884 -0.019606
v 0.017368 0.082134 -0.018548
v 0.010016 0.016173 -0.026579
v 0.012682 -0.050365 -0.020665
v 0.007673 -0.050077 -0.027638
v 0.006186 -0.049890 -0.036095
v 0.023942 0.094959 -0.025274
v 0.041391 0.081266 -0.017352
v 0.047073 0.081167 -0.023792
v 0.044730 0.014918 -0.024850
v 0.039048 0.015015 -0.018410
v 0.029696 0.118875 -0.042334
v 0.025574 0.118994 -0.040596
v -0.052637 -0.215916 0.040632
v -0.024655 -0.043928 0.036556
v -0.022324 -0.044145 0.049384
v -0.016575 -0.200090 0.034239
v -0.008665 -0.177790 0.033573
v -0.050811 -0.216921 0.053317
v -0.004246 -0.165324 0.033197
v 0.004812 -0.250780 0.028104
v -0.020993 -0.212556 0.034614
v -0.018608 -0.212609 0.047289
v 0.012306 -0.229917 0.026050
v 0.023518 -0.233643 0.037281
v 0.018320 -0.233131 0.018027
v 0.022514 -0.234343 0.029104
v 0.029623 -0.236776 0.029368
v 0.024795 -0.235079 0.031388
v 0.021864 -0.261082 0.030340
v 0.023512 -0.262346 -0.003686
v 0.015911 -0.257418 0.038158
v 0.031250 -0.238024 -0.004214
v 0.020545 -0.234837 -0.027900
v 0.019432 -0.233984 -0.004937
v 0.032877 -0.239271 -0.037796
v 0.028272 -0.237745 -0.040392
v 0.025784 -0.236851 -0.038400
v 0.027575 -0.236754 -0.046472
v 0.020003 -0.260556 -0.046316
v 0.025161 -0.263609 -0.037710
v 0.013129 -0.256263 -0.029340
v 0.008009 -0.253232 -0.037900
v 0.011926 -0.255340 -0.004507
v 0.010723 -0.254418 0.020327
v -0.016910 -0.215687 -0.049682
v -0.047837 -0.219597 -0.058460
v 0.015345 -0.232248 -0.036682
v -0.044798 -0.221532 -0.070801
v -0.009025 -0.204555 -0.062163
v -0.001007 -0.181881 -0.062413
v -0.016205 -0.048838 -0.076936
v 0.003281 -0.169766 -0.062548
v -0.013313 -0.216670 -0.062028
v -0.012504 -0.203212 -0.049805
v 0.022526 -0.210184 -0.037227
v -0.004615 -0.180896 -0.050031
v -0.000208 -0.168420 -0.050155
v 0.027251 -0.197252 -0.037269
v 0.039437 -0.201744 -0.047097
v 0.028740 -0.211221 -0.027592
v 0.045169 -0.204462 -0.037517
v 0.032829 -0.200027 -0.027615
v 0.043589 -0.203251 -0.004908
v 0.027667 -0.210397 -0.005414
v 0.031764 -0.199210 -0.005631
v 0.030699 -0.198393 0.016354
v 0.024225 -0.194932 0.025192
v 0.026593 -0.209573 0.016764
v 0.042009 -0.202040 0.027700
v 0.039697 -0.214212 -0.004690
v 0.035389 -0.198641 0.036456
v 0.038114 -0.212998 0.027992
v 0.019480 -0.207848 0.025651
v 0.030948 -0.211129 0.036796
v -0.006273 -0.177843 0.046283
v -0.014311 -0.200502 0.046941
v -0.001975 -0.165736 0.045934
v 0.031810 -0.173081 0.024686
v 0.043289 -0.176362 0.035860
v 0.005978 -0.143064 0.044823
v 0.003579 -0.143011 0.032076
v 0.036539 -0.160156 0.024156
v 0.010211 -0.130949 0.044135
v 0.047719 -0.163870 0.035460
v 0.054359 -0.167274 0.026771
v 0.050464 -0.178234 0.027063
v 0.052036 -0.179440 -0.005384
v 0.038937 -0.174809 0.015808
v 0.039999 -0.175623 -0.006108
v 0.043044 -0.163628 0.015398
v 0.044096 -0.164435 -0.006326
v 0.055928 -0.168477 -0.005602
v 0.057496 -0.169679 -0.037975
v 0.045149 -0.165242 -0.028048
v 0.039532 -0.162451 -0.037626
v 0.041061 -0.176437 -0.028025
v 0.053608 -0.180645 -0.037829
v 0.034830 -0.175396 -0.037652
v 0.047322 -0.179454 -0.047392
v 0.007552 -0.146057 -0.049938
v 0.011170 -0.147046 -0.062355
v 0.015361 -0.134897 -0.062160
v 0.011862 -0.133547 -0.049732
v -0.019762 -0.047680 -0.064444
v 0.032505 -0.055236 -0.050091
v 0.044280 -0.076806 -0.044797
v 0.036071 -0.056395 -0.062609
v 0.047840 -0.077978 -0.057303
v 0.080715 -0.085601 -0.048040
v 0.067179 -0.082129 -0.038816
v 0.059791 -0.144698 -0.047685
v 0.047274 -0.140632 -0.037895
v 0.065949 -0.145872 -0.038574
v 0.053395 -0.141664 -0.028742
v 0.086915 -0.086859 -0.039222
v 0.064375 -0.144665 -0.006078
v 0.052332 -0.140849 -0.006803
v 0.051269 -0.140034 0.015137
v 0.083817 -0.084483 0.024717
v 0.062801 -0.143458 0.026420
v 0.085366 -0.085671 -0.007252
v 0.073354 -0.083384 -0.030137
v 0.072282 -0.082562 -0.008001
v 0.071209 -0.081739 0.014135
v 0.076799 -0.082599 0.032779
v 0.064230 -0.079867 0.022060
v 0.043212 -0.074429 0.038235
v 0.040880 -0.074199 0.025393
v 0.044297 -0.138349 0.023555
v 0.007934 -0.130534 0.031362
v 0.055797 -0.141635 0.034782
v 0.028726 -0.052338 0.027915
v 0.031063 -0.052555 0.040769
v 0.051738 -0.166951 -0.047493
v 0.041280 -0.215426 -0.037370
v 0.035005 -0.214240 -0.046939
v -0.116111 -0.156108 -0.035923
v -0.118426 -0.155845 -0.030971
v -0.037339 -0.071655 0.002468
v -0.115785 -0.154365 -0.041099
v -0.035024 -0.071917 -0.002483
v -0.034722 -0.075354 0.005436
v -0.034698 -0.070175 -0.007660
v -0.031221 -0.075751 -0.002052
v -0.010850 -0.054599 0.006350
v -0.030728 -0.073117 -0.009881
v -0.036447 -0.066896 -0.011675
v -0.013002 -0.047005 -0.007553
v -0.033375 -0.068156 -0.015953
v -0.010357 -0.051964 -0.001480
v -0.014350 -0.054202 0.013838
v -0.033788 -0.034604 0.011632
v -0.026066 -0.045523 0.020394
v -0.018079 -0.041047 -0.010241
v -0.019921 -0.050880 0.018979
v -0.029795 -0.032368 -0.003685
v -0.040292 -0.072032 0.010577
v -0.045085 -0.065916 0.006803
v -0.041021 -0.069458 0.005867
v -0.046438 -0.066674 0.011993
v -0.048441 -0.061977 0.005025
v -0.051514 -0.060716 0.009304
v -0.050191 -0.058697 0.001009
v -0.054161 -0.055757 0.003232
v -0.031143 -0.039565 0.017705
v -0.053667 -0.053122 -0.004598
v -0.049864 -0.056955 -0.004167
v -0.128637 -0.141408 -0.042558
v -0.130951 -0.141145 -0.037606
v -0.131278 -0.142888 -0.032430
v -0.047550 -0.057217 -0.009118
v -0.050166 -0.053519 -0.012087
v -0.044597 -0.056842 -0.017227
v -0.024225 -0.035689 -0.008825
v -0.038450 -0.062198 -0.018643
v -0.039803 -0.062957 -0.013453
v -0.043868 -0.059415 -0.012516
v -0.117534 -0.151085 -0.045115
v -0.120890 -0.147147 -0.046893
v -0.124955 -0.143605 -0.045957
v -0.129529 -0.146167 -0.028414
v -0.126172 -0.150105 -0.026637
v -0.122108 -0.153648 -0.027573
v -0.033295 -0.031971 0.003803
v 0.016837 -0.051750 0.026839
v 0.019125 -0.053505 -0.020384
v -0.029939 -0.051519 -0.016837
v 0.018881 -0.029069 0.002258
v -0.038202 -0.030923 0.023399
v 0.017550 -0.032940 0.026175
v -0.031829 -0.050069 0.022195
v -0.038916 -0.049734 0.024063
v -0.038808 -0.049817 0.021847
v -0.038183 -0.038080 0.017822
v -0.036872 -0.027053 -0.000518
v -0.037096 -0.032807 -0.000185
v -0.031205 -0.038333 0.018169
v -0.030117 -0.033059 0.000163
v -0.036747 -0.039182 -0.011839
v -0.029768 -0.039435 -0.011491
v -0.036917 -0.051266 -0.017184
v -0.036628 -0.051488 -0.023160
v -0.035388 -0.018788 -0.024315
v -0.020296 -0.004766 -0.024104
v -0.036525 -0.017916 -0.000840
v -0.021433 -0.003894 -0.000630
v 0.019779 -0.005384 0.001422
v 0.020916 -0.006256 -0.022053
v 0.026407 -0.130351 0.021285
v 0.028095 -0.128324 0.018452
v 0.039219 -0.133759 0.021189
v 0.024550 -0.133414 0.022751
v 0.037531 -0.135787 0.024022
v 0.037022 -0.138888 0.019930
v 0.036266 -0.140134 0.020527
v 0.037709 -0.138064 0.018778
v 0.035673 -0.138850 0.025489
v 0.022890 -0.136905 0.022561
v 0.034013 -0.142341 0.025298
v 0.035592 -0.141554 0.020450
v 0.035131 -0.142868 0.019714
v 0.021758 -0.140135 0.020752
v 0.032880 -0.145571 0.023489
v 0.032499 -0.147898 0.020419
v 0.021820 -0.143425 0.013960
v 0.032944 -0.148861 0.016698
v 0.021375 -0.142462 0.017682
v 0.034975 -0.143815 0.018465
v 0.035157 -0.144207 0.016950
v 0.035638 -0.143967 0.015471
v 0.147648 -0.195247 0.044436
v 0.038216 -0.139162 0.014536
v 0.037755 -0.140475 0.013800
v 0.037080 -0.141896 0.013722
v 0.036324 -0.143141 0.014318
v 0.038191 -0.137824 0.017298
v 0.038371 -0.138215 0.015785
v 0.040402 -0.133169 0.017552
v 0.040847 -0.134133 0.013829
v 0.029279 -0.127733 0.014814
v 0.029725 -0.128697 0.011092
v 0.029342 -0.131024 0.008022
v 0.040466 -0.136460 0.010759
v 0.028210 -0.134253 0.006213
v 0.039333 -0.139689 0.008951
v 0.037674 -0.143180 0.008761
v 0.026550 -0.137744 0.006023
v 0.024693 -0.140807 0.007490
v 0.035816 -0.146243 0.010227
v 0.023005 -0.142834 0.010322
v 0.034128 -0.148270 0.013059
v -0.026485 0.181587 -0.028489
v -0.025517 0.183847 -0.025500
v -0.035367 0.179343 -0.018907
v -0.036235 0.173820 -0.023977
v -0.026386 0.178324 -0.030570
v -0.036334 0.177082 -0.021896
v -0.033139 0.174081 -0.019175
v -0.033099 0.172754 -0.020021
v -0.032745 0.175000 -0.017958
v -0.033524 0.180153 -0.015601
v -0.031996 0.175330 -0.016614
v -0.129215 0.127083 0.048469
v -0.029902 0.168716 -0.018003
v -0.030859 0.169041 -0.019210
v -0.031040 0.175005 -0.015406
v -0.031833 0.169957 -0.020041
v -0.030064 0.174089 -0.014576
v -0.032633 0.171282 -0.020330
v -0.029265 0.172764 -0.014286
v -0.028799 0.171292 -0.014596
v -0.028759 0.169965 -0.015442
v -0.029152 0.169045 -0.016658
v -0.025564 0.166963 -0.012720
v -0.026531 0.164704 -0.015710
v -0.016682 0.169208 -0.022303
v -0.028374 0.163893 -0.019016
v -0.018525 0.168397 -0.025609
v -0.030727 0.164692 -0.021984
v -0.033122 0.166944 -0.024026
v -0.020877 0.169197 -0.028577
v -0.015714 0.171468 -0.019313
v -0.023274 0.171449 -0.030619
v -0.025239 0.174706 -0.031330
v -0.021322 0.183858 -0.019226
v -0.031171 0.179353 -0.012633
v -0.018925 0.181606 -0.017184
v -0.023674 0.184657 -0.022194
v -0.016960 0.178348 -0.016472
v -0.026808 0.173844 -0.009879
v -0.028775 0.177102 -0.010591
v -0.015813 0.174730 -0.017232
v -0.025663 0.170226 -0.010639
v -0.035089 0.170202 -0.024737
vn 0.9624 0.0346 0.2693
vn 0.9970 0.0256 0.0728
vn 0.4206 -0.0231 0.9069
vn 0.4439 0.5536 0.7046
vn 0.8119 0.5815 -0.0519
vn 0.7998 0.1382 -0.5841
vn 0.5216 0.1648 -0.8371
vn 0.4296 0.0813 0.8994
vn 0.3420 0.0919 0.9352
vn 0.9552 0.2306 0.1853
vn -0.2684 0.0322 0.9628
vn -0.4697 -0.0923 0.8780
vn -0.1492 0.0257 0.9885
vn 0.6006 0.2013 0.7738
vn -0.9157 -0.0458 0.3992
vn -0.9425 0.0591 0.3290
vn -0.5085 0.1346 0.8505
vn -0.2174 0.0280 0.9757
vn -0.3196 0.4867 0.8130
vn -0.7105 0.6894 0.1413
vn 0.1262 0.0611 0.9901
vn -0.0321 -0.1585 0.9868
vn -0.2990 -0.4380 0.8478
vn 0.2085 -0.4228 0.8819
vn 0.2113 -0.9474 0.2406
vn 0.7977 -0.5779 0.1724
vn 0.5685 -0.3111 0.7616
vn 0.2244 0.0872 0.9706
vn 0.7403 -0.6591 0.1326
vn 0.4848 -0.3938 0.7809
vn 0.0776 0.0848 0.9934
vn 0.3153 -0.9487 -0.0218
vn 0.0890 -0.7008 0.7077
vn -0.3583 -0.1741 0.9172
vn -0.4235 -0.8568 0.2943
vn -0.7462 -0.4691 0.4723
vn -0.7993 -0.5861 -0.1325
vn -0.2856 -0.9387 -0.1929
vn -0.2599 -0.8015 -0.5385
vn 0.2211 -0.7128 -0.6656
vn -0.2010 -0.2303 -0.9521
vn 0.2026 0.0200 -0.9791
vn 0.6483 -0.4800 -0.5911
vn 0.7251 -0.4638 -0.5090
vn 0.3515 -0.6512 -0.6726
vn 0.3622 0.0447 -0.9310
vn -0.5513 -0.3636 -0.7509
vn 0.1588 -0.0481 -0.9861
vn -0.6031 -0.7860 0.1356
vn -0.5592 -0.5671 -0.6047
vn -0.9458 -0.1208 -0.3014
vn -0.9920 -0.0747 -0.1015
vn -0.7059 -0.6706 0.2279
vn -0.9629 -0.2616 0.0667
vn -0.3610 -0.6897 0.6277
vn -0.2338 -0.9453 0.2275
vn -0.1082 -0.8938 0.4351
vn -0.3496 -0.9241 0.1544
vn 0.3397 -0.9293 0.1450
vn 0.2975 -0.9510 -0.0836
vn -0.4404 -0.8325 -0.3361
vn -0.9293 -0.1253 -0.3473
vn -0.4307 -0.1272 -0.8935
vn 0.1286 -0.7309 -0.6702
vn 0.3920 -0.0738 -0.9170
vn -0.5313 -0.0133 -0.8471
vn 0.5286 -0.5532 -0.6439
vn 0.3301 0.1536 -0.9314
vn 0.8679 -0.1168 -0.4827
vn 0.7175 -0.6475 -0.2567
vn 0.7675 -0.6410 0.0054
vn 0.7103 -0.5886 0.3861
vn 0.2975 -0.8430 0.4482
vn 0.9911 -0.1308 -0.0262
vn 0.8223 0.1912 -0.5360
vn 0.7372 -0.0493 0.6739
vn 0.9665 0.2483 0.0654
vn 0.1057 -0.5132 0.8517
vn 0.8508 0.2346 -0.4702
vn 0.3491 0.1516 -0.9247
vn 0.2952 0.1429 -0.9447
vn -0.4161 -0.1724 -0.8928
vn -0.2900 -0.2316 -0.9286
vn -0.7908 -0.2099 -0.5749
vn -0.4033 0.0748 -0.9120
vn -0.1990 0.4209 -0.8850
vn -0.9253 0.0638 -0.3740
vn -0.2767 0.4045 -0.8717
vn -0.7783 0.4922 -0.3899
vn -0.8949 0.3836 0.2281
vn -0.8194 0.2985 0.4894
vn -0.7971 0.4273 -0.4267
vn -0.3101 0.1378 0.9407
vn -0.3592 0.6329 0.6859
vn -0.6827 0.7306 -0.0116
vn 0.4171 0.6302 -0.6549
vn -0.3101 0.6791 -0.6653
vn -0.4757 0.3977 -0.7845
vn -0.2496 0.6543 -0.7139
vn -0.5052 0.8570 0.1016
vn -0.3601 0.5917 -0.7212
vn -0.6518 0.2900 -0.7008
vn -0.6056 0.7956 0.0137
vn -0.8529 -0.1110 -0.5101
vn -0.8793 0.4740 -0.0471
vn -0.5723 -0.4963 -0.6528
vn -0.9952 -0.0508 -0.0839
vn -0.9401 -0.1142 0.3213
vn -0.7588 0.2960 0.5801
vn -0.3689 0.5768 0.7288
vn -0.1908 0.5663 0.8018
vn 0.2380 -0.5101 0.8265
vn -0.4191 -0.4839 0.7682
vn -0.3831 -0.7908 -0.4774
vn 0.1969 -0.8632 -0.4648
vn 0.6904 -0.6938 0.2048
vn 0.5009 -0.0572 0.8636
vn 0.0452 0.0665 0.9968
vn 0.8305 -0.3903 -0.3974
vn 0.9251 -0.2591 0.2777
vn 0.3224 -0.3746 -0.8693
vn 0.1942 -0.5373 -0.8207
vn 0.7396 -0.5768 -0.3469
vn -0.0593 -0.2796 -0.9583
vn -0.0715 -0.3237 -0.9434
vn -0.2725 -0.2990 -0.9145
vn -0.6839 -0.3871 -0.6185
vn -0.1157 -0.5036 -0.8561
vn -0.0829 -0.3329 -0.9393
vn -0.6709 -0.5888 -0.4508
vn 0.0499 -0.5020 -0.8634
vn 0.0828 -0.4773 -0.8748
vn -0.0281 0.0495 -0.9984
vn 0.0029 -0.0095 -1.0000
vn 0.6957 -0.5678 -0.4401
vn 0.9092 -0.3914 0.1421
vn 0.9236 -0.3527 0.1505
vn 0.7173 -0.2892 -0.6339
vn -0.0277 0.5706 -0.8208
vn 0.7098 0.3465 -0.6133
vn 0.9716 -0.1826 0.1502
vn 0.7960 0.5933 -0.1201
vn -0.0382 0.8870 -0.4602
vn 0.5945 0.7249 0.3480
vn 0.9171 0.0012 0.3987
vn 0.7415 0.0913 0.6647
vn 0.8702 -0.1719 0.4617
vn 0.8515 -0.1852 0.4906
vn 0.7333 -0.0532 0.6778
vn 0.6680 -0.1032 0.7370
vn 0.8164 -0.1282 0.5631
vn 0.9198 0.1300 0.3703
vn 0.3966 0.9107 0.1159
vn 0.8553 0.3820 -0.3501
vn 0.8703 0.0144 0.4924
vn 0.8204 0.3308 0.4664
vn 0.1788 0.0725 0.9812
vn 0.7247 -0.1833 0.6642
vn 0.5070 -0.3519 0.7868
vn 0.5290 -0.4939 0.6901
vn 0.1319 -0.0709 0.9887
vn -0.5580 -0.1375 0.8184
vn 0.0159 -0.6741 0.7385
vn -0.4987 -0.4575 0.7362
vn -0.0011 -0.4738 0.8806
vn -0.4359 -0.0387 0.8991
vn -0.4300 -0.2803 0.8582
vn -0.5202 -0.0658 0.8515
vn -0.6920 -0.0180 0.7217
vn -0.8184 -0.2253 0.5287
vn -0.6342 0.0878 0.7682
vn -0.9303 -0.2990 0.2125
vn -0.9660 -0.2433 0.0871
vn -0.9097 -0.0057 0.4153
vn -0.9195 0.2113 0.3315
vn -0.9988 0.0489 -0.0041
vn -0.6707 -0.3827 -0.6354
vn -0.5748 0.0532 -0.8165
vn -0.8699 0.4523 0.1968
vn -0.8977 0.4316 -0.0890
vn -0.3323 0.5514 -0.7652
vn -0.4134 0.8596 -0.3001
vn 0.3118 0.4869 -0.8159
vn 0.2238 0.8326 -0.5066
vn 0.2171 0.9733 -0.0747
vn -0.3877 0.8812 0.2707
vn -0.6554 0.4045 0.6378
vn -0.3908 0.9067 0.1584
vn -0.8796 0.1952 0.4338
vn -0.9885 0.0942 0.1184
vn -0.8125 0.5569 -0.1726
vn 0.1078 0.8949 -0.4332
vn -0.4709 0.7272 -0.4995
vn 0.0657 0.7082 -0.7030
vn 0.1405 0.9577 -0.2510
vn 0.0202 0.8856 -0.4640
vn -0.1227 0.8727 -0.4726
vn -0.0053 0.9942 -0.1071
vn 0.1525 0.6901 -0.7075
vn 0.0550 0.4717 -0.8800
vn 0.4840 0.6588 -0.5760
vn 0.1867 0.9252 0.3305
vn 0.6217 0.7703 0.1421
vn -0.2392 0.9167 0.3200
vn 0.2239 0.4020 0.8878
vn -0.5499 0.6320 0.5461
vn -0.6859 0.1098 0.7194
vn 0.1747 -0.0756 -0.9817
vn -0.7447 -0.6561 0.1225
vn 0.8375 -0.2148 0.5025
vn 0.6640 0.1802 -0.7257
vn 0.5501 -0.6086 -0.5719
vn -0.6030 -0.5476 -0.5802
vn -0.6309 0.2487 -0.7350
vn -0.6778 0.1340 0.7230
vn -0.6524 -0.6596 0.3734
vn -0.6639 -0.1803 0.7257
vn -0.6132 0.4924 0.6177
vn -0.6113 0.7640 0.2063
vn 0.6529 0.4254 0.6267
vn 0.6777 0.0623 0.7327
vn 0.6854 0.6955 0.2156
vn -0.5738 0.7244 -0.3822
vn 0.6522 0.6596 -0.3735
vn 0.6309 -0.2487 0.7350
vn 0.5738 -0.7244 0.3821
vn 0.5501 -0.6085 -0.5719
vn -0.6309 0.2487 -0.7349
vn 0.6308 -0.2487 0.7350
vn 0.5737 -0.7244 0.3821
vn -0.6523 -0.6595 0.3735
vn -0.6640 -0.1802 0.7257
vn -0.6113 0.7640 0.2064
vn 0.6528 0.4255 0.6267
vn 0.6522 0.6596 -0.3734
vn -0.5737 0.7244 -0.3822
vn -0.0324 -0.7079 -0.7055
vn -0.2254 -0.7938 -0.5648
vn -0.1754 -0.6590 -0.7314
vn 0.0423 0.7043 -0.7086
vn 0.1154 -0.6744 -0.7293
vn 0.1485 -0.8135 -0.5622
vn -0.0336 -0.7273 -0.6855
vn -0.2572 -0.6571 -0.7086
vn -0.0335 -0.7273 -0.6855
vn 0.1966 -0.6811 -0.7053
vn -0.0432 -0.7237 0.6887
vn 0.6685 -0.7400 -0.0739
vn -0.7416 -0.6655 -0.0839
vn 0.5919 -0.6963 -0.4061
vn 0.6124 -0.7874 -0.0706
vn 0.6673 -0.7396 0.0870
vn 0.4416 -0.8394 -0.3169
vn 0.5188 -0.6598 -0.5436
vn 0.6967 -0.7038 -0.1389
vn 0.6113 -0.7870 0.0833
vn 0.5864 -0.6938 0.4181
vn 0.4371 -0.8377 0.3275
vn 0.6947 -0.7030 0.1523
vn 0.5111 -0.6570 0.5543
vn 0.1051 -0.6705 0.7344
vn 0.1406 -0.8106 0.5685
vn 0.1866 -0.6774 0.7115
vn -0.0423 -0.7043 0.7087
vn -0.2334 -0.7908 0.5658
vn -0.2672 -0.6533 0.7084
vn -0.6617 -0.6283 0.4091
vn -0.7428 -0.6650 0.0771
vn -0.6909 -0.7185 -0.0799
vn -0.6920 -0.7181 0.0740
vn -0.5853 -0.5989 0.5465
vn -0.7670 -0.6258 0.1418
vn -0.5277 -0.7867 0.3204
vn -0.1856 -0.6552 0.7323
vn -0.1153 0.6744 0.7293
vn -0.6967 0.7038 0.1389
vn -0.5189 0.6597 0.5437
vn -0.1051 0.6706 -0.7344
vn 0.0324 0.7080 0.7055
vn -0.6947 0.7030 -0.1523
vn -0.5112 0.6568 -0.5544
vn -0.7649 -0.6266 -0.1493
vn -0.5777 -0.6018 -0.5515
vn -0.5231 -0.7883 -0.3239
vn -0.6564 -0.6299 -0.4152
vn 0.1754 0.6590 0.7314
vn 0.1857 0.6552 -0.7323
vn 0.7650 0.6265 0.1493
vn 0.5776 0.6019 0.5514
vn 0.7670 0.6258 -0.1418
vn 0.5854 0.5989 -0.5465
vn -0.1654 -0.6622 -0.7308
vn 0.3233 0.2828 -0.9030
vn -0.1552 -0.7447 -0.6491
vn -0.0324 -0.7080 -0.7055
vn 0.0851 -0.7574 -0.6474
vn 0.1051 -0.6765 -0.7289
vn -0.2788 0.3146 -0.9073
vn 0.0423 0.7043 -0.7087
vn -0.6575 0.3543 0.6650
vn -0.6480 0.3508 -0.6760
vn 0.1892 -0.0122 -0.9819
vn -0.2916 0.3194 0.9017
vn 0.1964 0.2673 -0.9434
vn 0.5037 -0.6592 -0.5583
vn 0.6925 -0.0383 -0.7204
vn 0.6791 0.2457 -0.6917
vn 0.9781 -0.0522 -0.2013
vn 0.9540 0.2289 -0.1939
vn 0.4192 0.8190 -0.3918
vn 0.1421 0.8505 -0.5065
vn 0.5521 0.8270 -0.1062
vn -0.3340 0.8600 -0.3859
vn 0.9512 0.2299 0.2060
vn 0.5505 0.8276 0.1096
vn -0.3392 0.8620 0.3768
vn 0.1832 0.2722 0.9446
vn 0.1351 0.8532 0.5038
vn 0.4138 0.8210 0.3934
vn 0.6694 0.2493 0.6998
vn 0.1754 -0.0071 0.9845
vn 0.6823 -0.0346 0.7302
vn 0.9752 -0.0511 0.2152
vn 0.4958 -0.6563 0.5688
vn 0.6950 -0.7003 0.1629
vn 0.3630 -0.8232 0.4365
vn 0.0948 -0.6727 0.7339
vn 0.6950 -0.7003 0.1627
vn 0.5969 -0.7895 0.1425
vn 0.0759 -0.7540 0.6525
vn 0.0953 -0.6725 0.7339
vn 0.4966 -0.6560 0.5684
vn 0.5989 -0.7902 -0.1301
vn 0.6972 -0.7012 -0.1493
vn 0.6972 -0.7011 -0.1495
vn 0.3691 -0.8255 -0.4270
vn 0.5044 -0.6591 -0.5579
vn 0.1055 -0.6763 -0.7290
vn -0.1643 -0.7413 0.6508
vn -0.1658 -0.6620 -0.7309
vn -0.1761 -0.6581 0.7320
vn -0.4539 -0.7801 0.4306
vn -0.7672 -0.6231 0.1523
vn -0.7650 -0.6239 -0.1597
vn -0.5709 -0.5997 0.5607
vn -0.6769 -0.7228 -0.1392
vn -0.6788 -0.7221 0.1334
vn -0.7650 -0.6239 -0.1600
vn -0.7672 -0.6230 0.1525
vn -0.9781 0.0521 0.2013
vn -0.9752 0.0511 -0.2152
vn -0.5703 -0.5999 0.5611
vn -0.1757 -0.6584 0.7319
vn -0.1892 0.0122 0.9819
vn -0.6925 0.0381 0.7204
vn -0.9245 0.3291 0.1926
vn -0.6493 0.3191 0.6904
vn -0.1670 0.2907 0.9421
vn -0.3305 0.8603 0.3882
vn -0.0518 0.8630 0.5025
vn -0.4617 0.8811 0.1024
vn -0.4602 0.8805 -0.1134
vn 0.4281 0.8197 -0.3805
vn 0.4227 0.8217 0.3823
vn 0.6910 0.2800 -0.6664
vn -0.1537 0.2859 -0.9459
vn -0.0446 0.8603 -0.5078
vn -0.6823 0.0344 -0.7303
vn -0.6395 0.3154 -0.7011
vn -0.1754 0.0071 -0.9845
vn -0.3249 0.8583 -0.3971
vn -0.5624 -0.6029 -0.5659
vn -0.4478 -0.7823 -0.4329
vn -0.5631 -0.6025 -0.5656
vn -0.9216 0.3280 -0.2073
vn 0.6816 0.2835 0.6746
vn 0.3107 0.2875 0.9060
vn 0.3410 -0.6750 0.6543
vn -0.0370 -0.6613 0.7492
vn -0.4107 -0.6450 0.6444
vn 0.0005 -0.0618 0.9981
vn -0.5040 -0.0597 0.8616
vn -0.5009 -0.1084 0.8587
vn -0.6829 -0.6310 0.3681
vn -0.8677 -0.1073 0.4854
vn -0.8718 -0.0417 0.4881
vn -0.7825 -0.6226 -0.0075
vn -0.9998 -0.0130 -0.0181
vn -0.6821 -0.6220 -0.3845
vn -0.4056 -0.6295 -0.6627
vn -0.8565 0.0190 -0.5158
vn -0.4858 0.0463 -0.8729
vn -0.0253 -0.6436 -0.7649
vn 0.3560 -0.6600 -0.6616
vn 0.7306 -0.6828 0.0033
vn 0.6336 -0.6741 -0.3797
vn 0.8701 0.0437 -0.4910
vn 0.5088 0.0614 -0.8587
vn 0.0128 0.0620 -0.9980
vn 0.0133 0.0796 -0.9967
vn 0.5098 0.1094 -0.8533
vn -0.4721 -0.0820 -0.8777
vn 0.0420 -0.0668 -0.9969
vn -0.4835 0.0298 -0.8749
vn -0.8532 -0.0772 -0.5158
vn -0.8533 -0.0272 -0.5206
vn -0.9968 -0.0773 -0.0226
vn -0.9984 -0.0540 -0.0177
vn -0.8787 -0.0155 0.4771
vn -0.9972 0.0272 -0.0690
vn -0.8400 -0.0921 -0.5348
vn -0.8224 -0.0569 -0.5661
vn -0.4355 -0.1657 -0.8848
vn -0.4526 -0.1891 -0.8714
vn -0.4153 -0.0764 -0.9065
vn 0.0916 -0.1258 -0.9878
vn 0.0787 -0.2311 -0.9698
vn 0.1112 0.6260 -0.7719
vn 0.5747 -0.1403 -0.8062
vn 0.5727 -0.2306 -0.7867
vn -0.2793 0.6508 -0.7060
vn -0.5818 0.6756 -0.4529
vn -0.6467 0.7010 0.3006
vn 0.4819 0.6083 -0.6307
vn 0.7303 0.6025 -0.3220
vn 0.9038 -0.1167 -0.4116
vn 0.9939 -0.0631 0.0903
vn 0.7898 0.6096 0.0675
vn 0.6468 0.6288 0.4315
vn 0.8213 0.0062 0.5704
vn 0.4258 0.0740 0.9018
vn 0.3441 0.6536 0.6741
vn -0.0903 0.1225 0.9884
vn -0.0373 0.6778 0.7343
vn -0.3987 0.6948 0.5986
vn -0.5821 0.1381 0.8013
vn -0.5798 0.2283 0.7821
vn -0.9109 0.1165 0.3959
vn -0.0809 0.2270 0.9705
vn -0.0814 0.2375 0.9680
vn 0.4401 0.1628 0.8831
vn 0.8293 0.0562 0.5560
vn 0.4378 0.1889 0.8790
vn 0.9938 -0.0632 0.0916
vn 0.8297 0.0903 0.5508
vn 0.9961 -0.0286 0.0832
vn 0.8274 0.0822 0.5556
vn 0.4377 0.0903 0.8946
vn 0.9032 -0.1674 -0.3952
vn 0.9038 -0.1394 -0.4045
vn 0.9967 0.0511 0.0629
vn 0.5697 -0.2155 -0.7931
vn 0.8937 0.0087 -0.4486
vn 0.0697 -0.2349 -0.9695
vn 0.5441 -0.0340 -0.8383
vn 0.8722 0.1099 -0.4767
vn 0.9964 0.0798 0.0295
vn 0.9999 0.0138 0.0064
vn 0.8526 0.0282 0.5218
vn 0.8651 -0.0197 0.5013
vn 0.4878 -0.0302 0.8725
vn 0.6226 -0.6830 0.3820
vn 0.5010 -0.0473 0.8642
vn -0.0041 -0.0801 0.9968
vn -0.0602 0.0706 0.9957
vn -0.5369 0.0306 0.8431
vn -0.5739 0.2181 0.7894
vn -0.9088 0.1675 0.3823
vn -0.9021 0.1396 0.4083
vn -0.9917 0.0636 -0.1114
vn -0.9922 0.0637 -0.1074
vn -0.7151 0.6940 -0.0834
vn -0.8103 -0.0068 -0.5859
vn -0.3387 0.7037 0.6245
vn 0.0305 0.6908 0.7224
vn 0.7889 0.6145 -0.0085
vn -0.0036 0.0673 0.9977
vn 0.3997 0.6674 0.6283
vn -0.3499 0.6369 -0.6870
vn 0.4225 0.5988 -0.6804
vn 0.8587 0.0050 0.5124
vn 0.9994 -0.0327 0.0074
vn 0.6975 0.5999 -0.3919
vn 0.6770 0.6399 0.3635
vn 0.4888 0.0422 0.8714
vn 0.4085 0.1627 0.8982
vn 0.7932 0.1983 0.5758
vn 0.8509 0.0337 0.5242
vn 0.4933 -0.0597 0.8678
vn -0.0664 0.1323 0.9890
vn -0.4932 0.0725 0.8669
vn -0.5210 0.1145 0.8458
vn 0.0054 -0.1381 0.9904
vn -0.8589 0.0572 0.5089
vn -0.8567 0.1137 0.5031
vn -0.4954 -0.1819 0.8494
vn -0.4584 -0.3384 0.8218
vn -0.8657 -0.1744 0.4693
vn 0.0498 -0.2934 0.9547
vn -0.9543 -0.2868 -0.0839
vn -0.8346 -0.3367 0.4359
vn -0.9922 -0.1185 -0.0389
vn -0.9932 0.1133 0.0285
vn -0.8702 0.0748 0.4869
vn -0.5446 0.0779 0.8351
vn -0.9964 0.0830 0.0153
vn -0.5334 0.0376 0.8450
vn -0.8725 0.0351 0.4874
vn -0.7682 -0.2671 -0.5818
vn -0.9209 -0.3709 -0.1204
vn -0.8797 0.1680 -0.4449
vn -0.8849 0.1863 -0.4268
vn -0.4186 -0.1626 -0.8935
vn -0.5562 0.2717 -0.7854
vn -0.5693 0.2809 -0.7726
vn -0.7957 -0.2075 -0.5690
vn -0.4269 -0.1249 -0.8956
vn -0.8499 -0.0347 -0.5258
vn -0.9907 0.1310 0.0368
vn -0.8800 0.1616 -0.4466
vn -0.4903 0.0559 -0.8697
vn -0.5361 0.1979 -0.8207
vn -0.8662 -0.0072 -0.4996
vn -0.4970 -0.0380 -0.8669
vn -0.6293 0.6645 -0.4030
vn -0.9996 0.0274 0.0083
vn -0.7244 0.6891 -0.0193
vn -0.6158 0.7030 0.3558
vn 0.0370 0.6127 -0.7895
vn -0.0369 0.2314 -0.9721
vn -0.0012 -0.0596 -0.9982
vn 0.4934 -0.0682 -0.8671
vn 0.8631 -0.0593 -0.5015
vn 0.8590 0.2511 -0.4462
vn 0.4817 0.2521 -0.8393
vn 0.9696 0.2306 0.0817
vn 0.8663 0.1761 -0.4675
vn 0.9918 0.1213 0.0393
vn 0.9974 -0.0718 -0.0112
vn 0.8700 -0.0305 -0.4922
vn 0.7877 0.4605 -0.4092
vn 0.5240 -0.0254 -0.8514
vn 0.4974 0.1795 -0.8487
vn -0.0020 0.1339 -0.9910
vn 0.0514 -0.0593 -0.9969
vn -0.1061 0.3779 -0.9197
vn 0.4008 0.4484 -0.7989
vn 0.7889 0.4590 -0.4086
vn 0.4091 0.4483 -0.7948
vn 0.9062 0.4050 0.1214
vn 0.9112 0.3965 0.1121
vn 0.8601 -0.0488 -0.5077
vn 0.8303 -0.1779 -0.5281
vn 0.9939 -0.1046 -0.0349
vn 0.5110 -0.1250 -0.8505
vn 0.5124 -0.0388 -0.8579
vn 0.0423 -0.0795 -0.9959
vn -0.0913 0.3745 -0.9227
vn 0.0568 -0.0991 -0.9935
vn -0.0432 0.1411 -0.9891
vn -0.4237 -0.1060 -0.8996
vn -0.5315 0.2178 -0.8185
vn -0.8044 -0.1585 -0.5725
vn -0.8767 0.2325 -0.4212
vn -0.9653 -0.2463 -0.0866
vn -0.9792 0.1839 0.0857
vn -0.8385 -0.3400 0.4259
vn -0.8097 -0.4432 0.3847
vn -0.4454 -0.4497 0.7742
vn -0.4481 -0.4121 0.7933
vn 0.0894 -0.4352 0.8959
vn 0.0657 -0.3914 0.9179
vn 0.5704 -0.4016 0.7165
vn 0.5476 -0.2972 0.7822
vn -0.0729 0.0898 0.9933
vn 0.3917 0.1797 0.9024
vn 0.8802 -0.1940 0.4331
vn 0.8758 -0.3338 0.3488
vn 0.8866 -0.2285 0.4022
vn 0.9771 -0.1850 -0.1048
vn 0.9625 -0.2531 -0.0978
vn 0.9818 -0.1531 -0.1127
vn 0.7945 -0.1046 -0.5982
vn 0.8136 -0.0915 -0.5742
vn 0.5691 -0.6941 -0.4408
vn 0.2690 -0.6720 -0.6900
vn 0.3964 -0.0284 -0.9177
vn 0.4456 0.0271 -0.8948
vn -0.1035 0.0558 -0.9931
vn -0.1169 -0.6442 -0.7559
vn 0.0379 -0.6596 0.7507
vn -0.6552 -0.6092 0.4468
vn 0.6433 -0.7017 0.3063
vn -0.4856 -0.6181 -0.6182
vn -0.7355 -0.6013 -0.3122
vn 0.4001 -0.6851 0.6087
vn 0.8989 -0.1603 0.4078
vn 0.7053 -0.7048 -0.0769
vn 0.5663 -0.1238 0.8148
vn 0.0818 -0.0541 0.9952
vn 0.5514 -0.2102 0.8073
vn 0.0601 -0.1363 0.9888
vn -0.4436 -0.0268 0.8958
vn -0.4195 0.0298 0.9073
vn -0.8074 0.1064 0.5804
vn -0.8207 0.0894 0.5643
vn -0.9827 0.1556 0.1002
vn -0.8983 0.1632 -0.4081
vn -0.7976 -0.5980 0.0785
vn -0.5762 0.1263 -0.8075
vn -0.3484 -0.6318 0.6924
vn 0.7533 0.2906 0.5899
vn 0.3660 0.2055 0.9076
vn 0.7365 0.3079 0.6024
vn 0.5341 -0.2198 0.8164
vn 0.8749 -0.1396 0.4638
vn -0.0969 0.1239 0.9876
vn -0.4194 -0.6348 0.6489
vn -0.0437 -0.6611 0.7490
vn -0.0211 -0.0607 0.9979
vn 0.4826 -0.1118 0.8687
vn 0.3312 -0.6843 0.6496
vn -0.6967 -0.6131 0.3725
vn -0.5154 0.0064 0.8569
vn 0.3464 -0.6693 -0.6573
vn -0.7985 -0.6019 -0.0077
vn -0.8694 0.0720 0.4889
vn -0.9928 0.1191 -0.0079
vn -0.8522 0.1183 0.5096
vn -0.5007 0.0221 0.8653
vn -0.6956 -0.6039 -0.3892
vn -0.8535 0.1348 -0.5034
vn -0.9827 0.1844 0.0154
vn -0.8490 0.2009 -0.4888
vn -0.4834 0.1619 -0.8603
vn -0.4873 0.1140 -0.8658
vn -0.4142 -0.6193 -0.6670
vn -0.5326 0.0229 -0.8460
vn -0.8812 0.1025 -0.4615
vn -0.5779 -0.1549 -0.8013
vn -0.0805 -0.2270 -0.9706
vn -0.0349 -0.0627 -0.9974
vn -0.0887 -0.2222 -0.9710
vn -0.5826 -0.1695 -0.7949
vn -0.9076 -0.0436 -0.4175
vn 0.4282 -0.2113 -0.8786
vn -0.0902 -0.1162 -0.9891
vn 0.4425 -0.2364 -0.8651
vn 0.4177 -0.1205 -0.9005
vn -0.0337 0.6336 -0.7730
vn -0.5747 -0.0795 -0.8145
vn 0.3563 0.6171 -0.7016
vn -0.6581 0.6758 -0.3319
vn -0.4061 0.6553 -0.6369
vn -0.9052 -0.0211 -0.4245
vn -0.9961 0.0420 0.0774
vn -0.9962 0.0421 0.0761
vn -0.9102 -0.0715 -0.4079
vn -0.8265 0.1438 0.5442
vn -0.8242 0.0932 0.5586
vn -0.7215 0.6901 0.0568
vn -0.5830 0.6938 0.4228
vn -0.2829 0.6867 0.6696
vn -0.4284 0.1192 0.8957
vn 0.0887 0.1130 0.9896
vn 0.0981 0.6707 0.7352
vn 0.4611 0.6496 0.6045
vn 0.7127 0.6291 0.3103
vn 0.5818 0.0766 0.8097
vn 0.9123 0.0201 0.4091
vn 0.7856 0.6145 -0.0729
vn 0.6563 0.6101 -0.4439
vn 0.9944 -0.0414 -0.0972
vn 0.8134 -0.0926 -0.5743
vn 0.9158 0.0710 0.3952
vn 0.9948 -0.0413 -0.0932
vn 0.5894 0.1665 0.7905
vn 0.5823 0.1570 0.7977
vn 0.9059 0.0440 0.4212
vn 0.9954 -0.0782 -0.0549
vn 0.5250 -0.0255 0.8507
vn 0.8653 -0.1077 0.4895
vn 0.0531 0.0646 0.9965
vn -0.0186 -0.0793 0.9967
vn 0.4745 -0.1600 0.8656
vn -0.4384 0.1366 0.8883
vn 0.0921 0.2283 0.9692
vn 0.0904 0.2179 0.9718
vn -0.4330 0.2090 0.8768
vn -0.4279 0.2347 0.8728
vn -0.8233 0.1777 0.5390
vn -0.8219 0.1694 0.5438
vn -0.9947 0.0766 0.0689
vn -0.9866 0.1559 0.0487
vn 0.8446 -0.1978 0.4975
vn 0.9873 -0.1590 -0.0037
vn 0.9833 -0.1819 -0.0085
vn 0.9930 -0.1183 -0.0040
vn 0.8555 -0.1330 0.5004
vn 0.8609 -0.0718 -0.5036
vn 0.8530 -0.1174 -0.5085
vn 0.6180 -0.6909 -0.3751
vn 0.5004 -0.0058 -0.8658
vn 0.4964 -0.0220 -0.8678
vn 0.0081 0.0622 -0.9980
vn -0.0320 -0.6435 -0.7647
vn 0.0095 0.0798 -0.9968
vn 0.4732 -0.1319 -0.8710
vn 0.8476 -0.1671 -0.5037
vn 0.8331 -0.1805 -0.5228
vn 0.8198 -0.1437 -0.5543
vn 0.7126 -0.7015 0.0032
vn 0.6071 -0.6993 0.3772
vn -0.3359 0.7063 0.6231
vn 0.0322 0.6905 0.7227
vn 0.4021 0.6646 0.6298
vn 0.6814 0.6343 0.3651
vn 0.4857 0.0207 0.8739
vn -0.3473 0.6395 -0.6859
vn 0.7933 0.6087 -0.0085
vn 0.8528 -0.0333 0.5211
vn 0.9967 -0.0781 0.0226
vn 0.8567 0.0232 0.5154
vn 0.5181 0.0596 0.8532
vn 0.7014 0.5944 -0.3932
vn 0.8677 -0.0989 -0.4872
vn 0.9984 0.0258 0.0511
vn 0.4248 0.5960 -0.6814
vn 0.5025 -0.0908 -0.8598
vn 0.5658 0.1396 -0.8127
vn 0.8984 0.0676 -0.4340
vn 0.5058 0.0033 -0.8626
vn 0.8490 -0.1245 -0.5136
vn 0.7774 -0.2907 -0.5578
vn 0.9746 -0.2226 -0.0249
vn 0.4241 -0.1699 -0.8895
vn 0.9056 0.0916 -0.4142
vn 0.6068 0.2186 -0.7642
vn 0.9198 -0.3859 -0.0705
vn 0.8358 -0.2642 0.4814
vn 0.7883 -0.4224 0.4474
vn 0.9991 0.0079 0.0427
vn 0.4612 -0.2324 0.8563
vn 0.4084 -0.3841 0.8281
vn -0.0341 -0.1361 0.9901
vn -0.0942 -0.2858 0.9537
vn -0.5657 -0.1617 0.8086
vn -0.3551 0.2437 0.9025
vn 0.0953 0.1138 0.9889
vn -0.5091 -0.0067 0.8607
vn -0.7084 0.3842 0.5921
vn -0.8912 -0.0463 0.4513
vn -0.7269 0.3690 0.5793
vn -0.8658 0.4905 0.0992
vn -0.8602 0.4983 0.1089
vn -0.9988 0.0008 -0.0491
vn -0.7302 0.5393 -0.4195
vn -0.8532 0.0418 -0.5200
vn -0.7290 0.5407 -0.4199
vn -0.3400 0.4876 -0.8042
vn -0.3482 0.4883 -0.8002
vn -0.5014 0.0147 -0.8651
vn 0.1434 0.3620 -0.9211
vn 0.1584 0.3639 -0.9178
vn -0.0431 -0.0545 -0.9976
vn 0.0301 0.1322 -0.9908
vn -0.5115 0.0293 -0.8588
vn -0.8612 0.0610 -0.5046
vn -0.4637 0.2304 -0.8555
vn -0.8361 0.2661 -0.4798
vn -0.4405 0.3009 -0.8458
vn 0.0751 0.2255 -0.9713
vn 0.0093 -0.0602 -0.9981
vn 0.0388 0.6123 -0.7897
vn -0.4856 -0.0164 -0.8740
vn -0.8574 0.0317 -0.5137
vn -0.8212 0.3401 -0.4583
vn -0.9410 0.3316 0.0681
vn -0.9973 0.0728 -0.0068
vn -0.7759 0.2813 0.5647
vn -0.9740 0.2252 0.0253
vn -0.8499 0.1237 0.5121
vn -0.9991 0.0337 -0.0256
vn -0.4019 0.2055 0.8923
vn -0.4938 0.0942 0.8645
vn 0.0658 0.1253 0.9899
vn -0.8606 0.0958 0.5002
vn -0.6110 0.7078 0.3546
vn -0.7195 0.6943 -0.0192
vn -0.6248 0.6697 -0.4015
vn 0.5929 0.2108 -0.7772
vn -0.0363 -0.0753 -0.9965
vn 0.4117 -0.2064 -0.8876
vn 0.8987 0.0740 -0.4323
vn 0.9993 -0.0225 0.0293
vn 0.7439 -0.3470 -0.5711
vn 0.8782 -0.4660 -0.1075
vn 0.8643 -0.0567 0.4997
vn 0.8662 -0.0170 0.4994
vn 0.5377 0.0209 0.8429
vn 0.5222 -0.0181 0.8526
vn 0.3845 -0.4936 0.7801
vn -0.1196 -0.3815 0.9166
vn 0.0678 0.0824 0.9943
vn -0.5869 -0.2373 0.7741
vn -0.6196 -0.3388 0.7080
vn -0.1476 -0.4226 0.8942
vn -0.3833 0.2208 0.8969
vn -0.9018 -0.0998 0.4205
vn -0.9109 -0.2394 0.3361
vn -0.9113 -0.1335 0.3894
vn -0.9896 -0.0810 -0.1188
vn -0.9823 -0.1503 -0.1117
vn -0.9907 -0.0488 -0.1267
vn -0.7926 -0.0208 -0.6093
vn -0.8104 -0.0057 -0.5858
vn -0.6327 -0.6306 -0.4495
vn -0.3286 -0.6402 -0.6943
vn -0.3840 0.0128 -0.9232
vn -0.4274 0.0732 -0.9011
vn 0.1229 0.0438 -0.9914
vn 0.0592 -0.6535 -0.7546
vn -0.1181 -0.6514 0.7495
vn 0.6724 -0.6756 -0.3022
vn 0.4264 -0.6667 -0.6113
vn 0.5976 0.0642 -0.7992
vn 0.2698 -0.6647 0.6967
vn 0.9921 0.0512 0.1143
vn 0.7289 -0.6787 0.0893
vn 0.9162 0.0673 -0.3951
vn 0.5810 -0.6744 0.4557
vn -0.1012 -0.0444 0.9939
vn 0.4072 -0.0139 0.9132
vn 0.4255 -0.0728 0.9020
vn 0.8056 0.0211 0.5921
vn -0.0882 -0.1285 0.9878
vn -0.5819 -0.1503 0.7992
vn -0.5878 -0.0627 0.8066
vn -0.4787 -0.6388 0.6023
vn -0.9165 -0.0643 0.3949
vn -0.7742 -0.6269 -0.0874
vn -0.7180 -0.6297 0.2966
vn 0.8175 0.0028 0.5760
vn 0.7918 -0.4260 0.4376
vn 0.9918 0.0797 0.0997
vn 0.3907 -0.4566 0.7993
vn 0.9351 -0.3467 -0.0732
vn 0.7530 -0.5257 0.3958
vn 0.9021 0.1385 -0.4086
vn 0.7913 -0.2428 -0.5612
vn 0.5631 0.1599 -0.8108
vn 0.4229 -0.1507 -0.8935
vn 0.0718 0.1350 -0.9882
vn -0.0529 -0.0932 -0.9942
vn -0.5091 -0.0710 -0.8578
vn -0.8368 -0.0897 -0.5402
vn 0.0605 0.7166 -0.6948
vn -0.3819 -0.2641 -0.8857
vn 0.4479 -0.2941 -0.8443
vn -0.6189 -0.1788 -0.7649
vn -0.6922 -0.1995 0.6936
vn -0.4685 -0.2885 0.8351
vn -0.1001 -0.6383 -0.7633
vn -0.8110 -0.1569 0.5636
vn 0.6038 -0.2463 0.7581
vn 0.7377 -0.2129 0.6407
vn 0.3613 -0.3185 0.8764
vn 0.7985 -0.1957 -0.5693
vn 0.6772 -0.2256 -0.7004
vn -0.0105 0.6966 0.7174
vn 0.1290 -0.6465 -0.7519
vn 0.0539 -0.6677 0.7425
vn 0.0831 0.6646 0.7425
vn 0.0803 0.7245 0.6846
vn 0.3177 0.7504 0.5797
vn 0.0830 0.6646 0.7425
vn 0.7458 0.6507 0.1427
vn -0.6978 0.7060 -0.1210
vn -0.7075 0.7033 0.0704
vn -0.1082 0.6715 0.7330
vn -0.0954 0.7308 0.6758
vn -0.1083 0.6715 0.7330
vn -0.3187 0.7734 0.5479
vn -0.3877 0.6571 0.6464
vn -0.1752 -0.6595 0.7310
vn -0.1562 -0.6852 0.7114
vn -0.4340 -0.6482 0.6256
vn -0.6966 -0.6344 0.3350
vn -0.6504 0.6711 0.3559
vn -0.5401 0.7851 0.3033
vn -0.7074 0.7033 0.0704
vn -0.7554 -0.6535 0.0487
vn -0.6978 0.7060 -0.1211
vn -0.7458 -0.6507 -0.1427
vn -0.0831 -0.6646 -0.7425
vn -0.6124 0.6818 -0.4002
vn -0.6585 -0.6239 -0.4209
vn -0.3681 -0.6297 -0.6841
vn -0.3219 0.6757 -0.6632
vn -0.5080 0.7942 -0.3336
vn -0.0351 0.6922 -0.7209
vn -0.2633 0.7890 -0.5551
vn -0.0283 0.7498 -0.6610
vn -0.0351 0.6921 -0.7209
vn -0.3218 0.6758 -0.6632
vn -0.6376 0.7625 -0.1096
vn -0.6465 0.7600 0.0665
vn 0.1477 0.7435 -0.6523
vn 0.1562 0.6852 -0.7114
vn 0.4338 0.6485 -0.6255
vn 0.7554 0.6534 -0.0487
vn 0.6966 0.6344 -0.3351
vn 0.6986 0.7142 -0.0430
vn 0.5944 0.7543 -0.2787
vn 0.7554 0.6535 -0.0487
vn 0.6897 0.7117 0.1330
vn 0.6587 0.6235 0.4211
vn 0.5624 0.7452 0.3582
vn 0.6978 -0.7060 0.1210
vn 0.6586 0.6237 0.4211
vn 0.6124 -0.6817 0.4002
vn 0.0351 -0.6921 0.7209
vn 0.7075 -0.7033 -0.0703
vn 0.3680 0.6298 0.6841
vn 0.3219 -0.6756 0.6633
vn 0.1082 -0.6715 -0.7330
vn 0.3878 -0.6571 -0.6464
vn 0.6966 0.6344 -0.3350
vn 0.6503 -0.6712 -0.3558
vn 0.4339 0.6484 -0.6256
vn 0.1562 0.6853 -0.7113
vn 0.3732 0.7660 -0.5234
vn -0.6506 0.6709 0.3558
vn -0.7501 -0.1397 -0.6464
vn -0.7413 0.0155 0.6710
vn -0.6702 0.0355 -0.7413
vn 0.6702 -0.0355 0.7413
vn 0.7501 0.1397 0.6463
vn -0.7985 0.1957 0.5692
vn 0.8110 0.1569 -0.5636
vn 0.7413 -0.0155 -0.6710
vn -0.7377 0.2129 -0.6407
vn 0.6922 0.1994 -0.6936
vn -0.6038 0.2463 -0.7581
vn -0.6772 0.2256 0.7004
vn 0.6189 0.1788 0.7649
vn -0.4479 0.2941 0.8444
vn -0.3613 0.3185 -0.8764
vn -0.0539 0.6677 -0.7424
vn -0.1290 0.6465 0.7519
vn -0.0605 -0.7166 0.6948
vn 0.3819 0.2640 0.8857
vn -0.1562 -0.6853 0.7113
vn -0.1477 -0.7435 0.6523
vn 0.0283 -0.7498 0.6610
vn 0.0351 -0.6922 0.7209
vn 0.0105 -0.6966 -0.7174
vn 0.7075 -0.7032 -0.0703
vn 0.6464 -0.7601 -0.0666
vn 0.6504 -0.6711 -0.3558
vn 0.6376 -0.7626 0.1095
vn 0.0955 -0.7309 -0.6758
vn 0.3188 -0.7734 -0.5479
vn 0.3877 -0.6570 -0.6465
vn 0.1083 -0.6715 -0.7330
vn 0.3877 -0.6571 -0.6464
vn 0.5401 -0.7850 -0.3034
vn 0.6504 -0.6710 -0.3559
vn 0.1752 0.6595 -0.7310
vn 0.1000 0.6382 0.7633
vn 0.7074 -0.7033 -0.0703
vn 0.0831 0.6646 0.7426
vn 0.0351 -0.6922 0.7208
vn 0.3218 -0.6757 0.6633
vn 0.2633 -0.7890 0.5551
vn 0.5080 -0.7941 0.3337
vn 0.3218 -0.6757 0.6632
vn 0.6124 -0.6818 0.4002
vn 0.3680 0.6299 0.6840
vn 0.6586 0.6237 0.4210
vn 0.4685 0.2885 -0.8351
vn -0.0804 -0.7245 -0.6846
vn -0.3177 -0.7501 -0.5800
vn -0.3680 -0.6297 -0.6841
vn -0.0830 -0.6646 -0.7425
vn -0.6586 -0.6238 -0.4209
vn -0.6897 -0.7117 -0.1330
vn -0.7554 -0.6534 0.0487
vn -0.5625 -0.7452 -0.3582
vn -0.6986 -0.7142 0.0429
vn -0.5945 -0.7543 0.2787
vn -0.6966 -0.6344 0.3351
vn -0.1082 0.6715 0.7331
vn -0.6504 0.6710 0.3559
vn -0.3218 0.6757 -0.6632
vn -0.6124 0.6817 -0.4002
vn -0.6585 -0.6237 -0.4211
vn -0.3680 -0.6298 -0.6841
vn -0.3877 0.6572 0.6463
vn -0.4339 -0.6483 0.6256
vn -0.3732 -0.7660 0.5234
vn -0.4339 -0.6484 0.6256
vn -0.4736 0.6683 0.5736
vn -0.1803 0.6555 0.7333
vn 0.1533 0.6434 0.7500
vn 0.1753 0.2977 0.9384
vn -0.2457 0.3129 0.9175
vn -0.6158 0.3292 0.7158
vn -0.7263 0.6868 -0.0268
vn -0.6682 0.6798 0.3023
vn -0.8618 0.3434 0.3734
vn -0.8205 0.3550 -0.4481
vn -0.9348 0.3526 -0.0420
vn -0.6357 0.6888 -0.3485
vn -0.4145 0.6851 -0.5990
vn 0.6823 0.6308 0.3695
vn 0.7730 0.6326 0.0478
vn 0.7151 0.6400 -0.2812
vn 0.5202 0.6513 -0.5525
vn 0.2269 0.6641 -0.7124
vn -0.1067 0.6762 -0.7289
vn 0.9574 0.2842 0.0522
vn 0.8843 0.2934 -0.3632
vn 0.6384 0.3075 -0.7056
vn 0.9646 0.2587 0.0522
vn 0.8909 0.2680 -0.3668
vn 0.6428 0.2822 -0.7121
vn 0.9981 -0.0361 0.0497
vn 0.9210 -0.0264 -0.3886
vn 0.8492 0.2562 0.4617
vn 0.8702 -0.3183 -0.3761
vn 0.9438 -0.3277 0.0428
vn 0.8285 -0.3301 0.4524
vn 0.8775 -0.0387 0.4781
vn 0.5677 0.2610 0.7807
vn 0.5830 -0.0336 0.8118
vn 0.5471 -0.3252 0.7713
vn 0.1759 0.2723 0.9460
vn 0.1731 -0.0218 0.9847
vn 0.1552 -0.3141 0.9366
vn -0.2488 0.2876 0.9249
vn -0.2711 -0.0058 0.9625
vn -0.2696 -0.2987 0.9155
vn -0.2682 -0.3239 0.9073
vn -0.6429 -0.2822 0.7121
vn 0.1529 -0.3391 0.9283
vn -0.2269 -0.6641 0.7124
vn -0.6384 -0.3076 0.7056
vn -0.5201 -0.6513 0.5526
vn -0.7729 -0.6327 -0.0478
vn -0.7152 -0.6398 0.2814
vn 0.1067 -0.6762 0.7290
vn -0.8843 -0.2934 0.3632
vn -0.6824 -0.6306 -0.3696
vn -0.4612 -0.6346 -0.6202
vn -0.8430 -0.2817 -0.4583
vn -0.9573 -0.2842 -0.0522
vn 0.1802 -0.6554 -0.7334
vn 0.6684 -0.6796 -0.3024
vn 0.7263 -0.6869 0.0268
vn -0.1533 -0.6433 -0.7501
vn -0.1753 -0.2977 -0.9384
vn -0.5639 -0.2865 -0.7745
vn -0.1759 -0.2723 -0.9460
vn -0.5677 -0.2610 -0.7807
vn 0.2457 -0.3129 -0.9175
vn -0.1731 0.0218 -0.9847
vn 0.2711 0.0058 -0.9625
vn 0.2488 -0.2876 -0.9249
vn 0.6158 -0.3292 -0.7158
vn 0.4734 -0.6685 -0.5736
vn 0.8618 -0.3434 -0.3734
vn 0.6221 -0.3041 -0.7215
vn 0.6616 -0.0114 -0.7498
vn 0.2695 0.2987 -0.9155
vn 0.2682 0.3239 -0.9073
vn -0.1551 0.3140 -0.9367
vn -0.1528 0.3391 -0.9283
vn -0.5470 0.3252 -0.7714
vn -0.5414 0.3502 -0.7644
vn -0.5830 0.0336 -0.8118
vn -0.8285 0.3301 -0.4524
vn -0.9438 0.3277 -0.0428
vn -0.8775 0.0387 -0.4781
vn -0.9210 0.0264 0.3886
vn -0.8702 0.3183 0.3761
vn -0.9981 0.0361 -0.0497
vn -0.8909 -0.2679 0.3668
vn -0.9646 -0.2586 -0.0522
vn -0.8492 -0.2562 -0.4617
vn -0.6616 0.0114 0.7498
vn -0.6221 0.3041 0.7215
vn 0.9348 -0.3526 0.0420
vn 0.8205 -0.3550 0.4481
vn 0.6357 -0.6887 0.3486
vn 0.4144 -0.6852 0.5989
vn 0.5414 -0.3502 0.7644
vn 0.5639 0.2865 0.7745
vn 0.4613 0.6343 0.6203
vn 0.8430 0.2817 0.4582
vn 0.1534 0.6434 0.7500
vn 0.4613 0.6345 0.6202
vn 0.7730 0.6326 0.0479
vn -0.1803 0.6555 0.7334
vn 0.9574 0.2842 0.0521
vn 0.6824 0.6306 0.3696
vn 0.7151 0.6399 -0.2812
vn -0.6684 0.6797 0.3022
vn -0.4736 0.6683 0.5737
vn -0.7263 0.6869 -0.0268
vn -0.9348 0.3526 -0.0421
vn -0.8205 0.3551 -0.4481
vn -0.8702 0.3184 0.3761
vn -0.8285 0.3302 -0.4523
vn -0.5470 0.3253 -0.7714
vn -0.8775 0.0387 -0.4780
vn -0.5677 -0.2611 -0.7807
vn -0.1551 0.3140 -0.9366
vn 0.2710 0.0058 -0.9625
vn 0.8909 0.2679 -0.3667
vn 0.9211 -0.0264 -0.3885
vn 0.8702 -0.3184 -0.3761
vn 0.6685 -0.6795 -0.3024
vn 0.4735 -0.6684 -0.5736
vn 0.1802 -0.6553 -0.7335
vn -0.8430 -0.2817 -0.4582
vn -0.6823 -0.6307 -0.3696
vn -0.7151 -0.6400 0.2813
vn -0.5202 -0.6513 0.5525
vn 0.4145 -0.6850 0.5991
vn 0.1067 -0.6761 0.7291
vn -0.2269 -0.6640 0.7124
vn 0.6358 -0.6886 0.3486
vn -0.9211 0.0264 0.3885
vn -0.8909 -0.2679 0.3667
vn -0.9646 -0.2587 -0.0522
vn 0.5678 0.2611 0.7807
vn 0.5830 -0.0336 0.8117
vn -0.1067 0.6762 -0.7290
vn -0.4144 0.6852 -0.5989
vn -0.8189 -0.3065 -0.4852
vn -0.5687 0.6651 -0.4840
vn 0.0578 -0.3932 -0.9176
vn -0.3720 0.6564 0.6563
vn -0.6176 -0.3677 0.6952
vn 0.0388 -0.3740 -0.9266
vn 0.2415 0.2115 -0.9471
vn 0.2386 0.2181 -0.9463
vn -0.6803 -0.5674 -0.4640
vn 0.5921 0.1222 0.7966
vn 0.0038 0.7790 -0.6270
vn 0.6339 0.4923 0.5965
vn 0.3804 0.9221 -0.0711
vn -0.2955 0.9203 -0.2565
vn 0.3342 0.9360 -0.1105
vn 0.8833 0.3888 0.2619
vn 0.3770 -0.8708 0.3155
vn 0.3508 -0.9350 0.0517
vn 0.0666 -0.7189 0.6919
vn 0.8924 0.4504 0.0265
vn 0.9059 0.3715 -0.2035
vn -0.3156 0.9357 0.1580
vn -0.4352 0.8987 -0.0545
vn 0.3751 0.9262 0.0390
vn 0.3253 0.9428 0.0726
vn 0.6902 0.4491 -0.5674
vn 0.1305 -0.7679 -0.6272
vn 0.4026 -0.8904 -0.2123
vn -0.8747 -0.4609 0.1498
vn -0.7240 -0.5339 0.4368
vn -0.9404 -0.3385 -0.0330
vn -0.8578 -0.4739 -0.1990
vn -0.0540 0.8233 0.5651
vn -0.5490 -0.4204 -0.7225
vn 0.1497 0.2818 0.9477
vn -0.8630 -0.2726 0.4253
vn -0.3045 0.6047 -0.7359
vn 0.4654 -0.4848 -0.7405
vn 0.6666 0.0650 -0.7426
vn 0.6681 0.0685 -0.7409
vn 0.4535 -0.4679 -0.7585
vn -0.0522 -0.3043 0.9511
vn -0.5482 -0.6246 0.5563
vn 0.1469 0.2884 0.9462
vn -0.0325 -0.3240 0.9455
vn -0.0451 0.8376 0.5444
vn 0.9218 0.3378 -0.1902
vn 0.6862 0.4287 -0.5877
vn -0.8137 -0.5448 0.2027
vn -0.3052 0.9372 0.1689
vn 0.8997 0.4356 0.0274
vn -0.4293 0.9015 -0.0543
vn -0.8970 -0.4411 -0.0271
vn -0.2841 0.9210 -0.2665
vn 0.9004 0.3542 0.2527
vn 0.0107 0.7949 -0.6067
vn -0.7923 -0.5612 -0.2394
vn 0.4437 -0.8945 0.0547
vn 0.4902 -0.8242 0.2834
vn 0.6278 0.4735 0.6179
vn 0.2062 -0.7282 0.6536
vn -0.4942 -0.6660 -0.5588
vn 0.5937 0.1255 0.7948
vn 0.3900 -0.4270 0.8158
vn 0.3765 -0.4089 0.8313
vn -0.4903 -0.6699 -0.5575
vn 0.2051 -0.7252 0.6572
vn 0.5705 0.1571 0.8061
vn 0.3798 -0.4044 0.8320
vn 0.2649 0.1863 -0.9461
vn 0.0147 0.7925 -0.6097
vn 0.6239 0.4761 0.6198
vn 0.4903 -0.8237 0.2847
vn 0.8999 0.3540 0.2548
vn 0.4438 -0.8945 0.0547
vn -0.7912 -0.5623 -0.2403
vn -0.8970 -0.4412 -0.0271
vn -0.2821 0.9211 -0.2683
vn -0.4294 0.9015 -0.0543
vn 0.8997 0.4357 0.0274
vn 0.9215 0.3374 -0.1922
vn -0.3034 0.9374 0.1709
vn -0.0414 0.8355 0.5480
vn -0.8127 -0.5458 0.2038
vn 0.5126 -0.8408 -0.1743
vn -0.5442 -0.6286 0.5556
vn 0.2649 -0.7712 -0.5789
vn 0.1730 0.2567 0.9509
vn 0.6462 0.0990 -0.7567
vn 0.4569 -0.4635 -0.7592
vn -0.0326 -0.3262 0.9447
vn -0.6103 0.6971 0.3762
vn 0.2694 0.7014 0.6599
vn 0.5972 0.5906 -0.5427
vn 0.1255 0.5380 0.8335
vn 0.5565 0.4096 -0.7229
vn 0.5899 0.4808 -0.6487
vn 0.2561 -0.7658 -0.5899
vn -0.1421 0.8750 0.4628
vn 0.5129 -0.8394 -0.1799
vn -0.5329 -0.6349 0.5593
vn -0.8062 -0.5552 0.2045
vn 0.4435 -0.8946 0.0547
vn 0.8863 0.4013 -0.2311
vn 0.8781 0.4779 0.0248
vn -0.8922 -0.4508 -0.0265
vn -0.7846 -0.5717 -0.2397
vn 0.4902 -0.8219 0.2902
vn 0.8613 0.4205 0.2852
vn -0.3491 0.9267 0.1393
vn -0.4814 0.8747 -0.0558
vn -0.3307 0.9126 -0.2405
vn -0.0937 0.8378 -0.5379
vn 0.5262 0.5296 0.6653
vn 0.4855 0.4640 0.7409
vn 0.2073 0.4753 -0.8551
vn -0.4787 -0.6765 -0.5596
vn 0.0576 -0.3954 -0.9167
vn 0.1953 -0.7191 0.6669
vn 0.3344 0.6516 -0.6809
vn 0.5442 0.6312 0.5527
vn 0.6825 0.4311 -0.5902
vn 0.5123 -0.8412 -0.1730
vn 0.2657 -0.7739 -0.5749
vn 0.1192 -0.8634 -0.4902
vn 0.0959 -0.9882 -0.1194
vn -0.0700 -0.9694 0.2353
vn -0.2057 -0.9689 0.1377
vn -0.0661 -0.9847 -0.1611
vn 0.0958 -0.9882 -0.1194
vn -0.0464 -0.8796 -0.4734
vn 0.9672 -0.0835 0.2400
vn -0.1518 -0.6818 -0.7156
vn -0.0061 -0.6285 -0.7778
vn 0.9905 0.0413 -0.1308
vn 0.8652 0.2762 -0.4184
vn 0.8014 -0.0647 0.5946
vn 0.0699 0.9694 -0.2353
vn -0.1192 0.8635 0.4901
vn 0.2465 0.3464 0.9051
vn 0.5376 0.0925 0.8381
vn 0.6248 0.5584 -0.5458
vn -0.3338 -0.8121 0.4787
vn -0.4279 -0.8363 0.3427
vn -0.6248 -0.5583 0.5458
vn -0.6730 -0.6227 0.3992
vn -0.8652 -0.2762 0.4184
vn -0.8755 -0.3850 0.2919
vn -0.9906 -0.0413 0.1308
vn -0.9811 -0.1871 0.0496
vn 0.0060 0.6285 0.7778
vn -0.9614 -0.0821 -0.2627
vn -0.9672 0.0835 -0.2400
vn -0.8218 -0.0979 -0.5613
vn -0.8014 0.0647 -0.5946
vn -0.9672 0.0835 -0.2399
vn -0.9905 -0.0409 0.1310
vn -0.5377 -0.0927 -0.8381
vn 0.3339 0.8121 -0.4785
vn -0.2465 -0.3464 -0.9051
vn -0.3544 -0.4442 -0.8229
vn -0.5996 -0.2304 -0.7664
vn -0.2465 -0.3463 -0.9052
vn -0.5377 -0.0928 -0.8380
vn -0.8652 -0.2762 0.4185
vn -0.3338 -0.8120 0.4787
vn -0.0959 0.9882 0.1193
vn 0.8726 0.2818 0.3989
vn 0.5265 -0.5760 0.6253
vn 0.5823 -0.6188 -0.5272
vn -0.2441 -0.9310 0.2715
vn -0.2524 -0.9349 -0.2497
vn 0.5765 0.5139 0.6353
vn -0.5982 0.5563 0.5768
vn -0.6260 -0.5343 0.5680
vn -0.5947 -0.6414 -0.4847
vn -0.8202 -0.3775 -0.4299
vn -0.8853 0.3454 0.3114
vn -0.8272 -0.5615 0.0230
vn -0.6611 -0.7486 0.0509
vn -0.6093 -0.5470 -0.5741
vn -0.8233 -0.3884 0.4140
vn -0.6870 -0.4953 0.5317
vn -0.6498 -0.6366 0.4154
vn -0.5702 -0.5772 -0.5846
vn -0.6742 0.2992 -0.6752
vn -0.2389 0.7037 -0.6692
vn -0.7352 0.3460 0.5830
vn -0.2999 0.7504 0.5890
vn 0.5702 0.5771 0.5846
vn 0.6261 0.5343 -0.5679
vn -0.6656 0.4700 0.5797
vn -0.5050 0.7345 0.4533
vn -0.3596 0.9096 0.2083
vn 0.7990 0.3435 0.4935
vn 0.6533 0.1683 0.7382
vn 0.4929 -0.0961 0.8648
vn 0.7380 0.0539 0.6726
vn 0.8620 0.2026 0.4646
vn 0.6018 -0.1709 0.7802
vn -0.8089 0.1686 0.5632
vn 0.3495 -0.3976 0.8484
vn -0.9067 -0.1103 0.4070
vn 0.4800 -0.4271 0.7663
vn 0.3967 -0.6643 0.6335
vn 0.2517 -0.6764 0.6922
vn 0.2188 -0.8773 0.4271
vn -0.9013 -0.3944 -0.1795
vn 0.2572 -0.9606 0.1056
vn -0.9397 -0.3111 0.1420
vn 0.4013 -0.9060 0.1347
vn 0.3688 -0.8352 0.4080
vn 0.4884 -0.8625 -0.1325
vn 0.8770 -0.4274 0.2195
vn 0.9536 0.0045 -0.3011
vn 0.9816 0.1753 -0.0759
vn 0.8705 -0.2323 -0.4338
vn 0.7486 -0.4889 -0.4478
vn 0.6121 -0.7138 -0.3402
vn 0.9489 0.2462 0.1974
vn 0.9013 0.3944 0.1794
vn 0.9397 0.3112 -0.1420
vn -0.2572 0.9606 -0.1056
vn -0.2188 0.8774 -0.4271
vn -0.2519 0.6764 -0.6921
vn 0.9067 0.1103 -0.4070
vn -0.3497 0.3975 -0.8484
vn 0.8089 -0.1686 -0.5632
vn 0.6656 -0.4701 -0.5796
vn -0.4931 0.0962 -0.8646
vn -0.6532 -0.1684 -0.7382
vn 0.5052 -0.7345 -0.4530
vn -0.7990 -0.3433 -0.4936
vn 0.3594 -0.9096 -0.2085
vn 0.0564 0.3897 -0.9192
vn 0.0479 0.6715 -0.7395
vn 0.1315 0.8666 -0.4814
vn -0.8943 0.3975 0.2053
vn -0.9779 0.2022 -0.0529
vn -0.9693 -0.0794 -0.2325
vn -0.9932 0.0979 0.0635
vn -0.9221 0.2639 0.2829
vn -0.9859 -0.1415 -0.0894
vn -0.7352 0.4674 0.4908
vn -0.7870 0.3234 0.5254
vn -0.7805 -0.3511 0.5172
vn -0.5815 -0.8116 0.0569
vn -0.4087 -0.8703 0.2748
vn -0.2736 -0.8107 0.5176
vn -0.6143 0.2648 0.7433
vn -0.7575 -0.6462 -0.0930
vn -0.4382 0.0993 0.8934
vn -0.9018 -0.4070 -0.1451
vn -0.2939 -0.1397 0.9456
vn -0.2097 -0.4055 0.8897
vn -0.2024 -0.6448 0.7371
vn -0.0480 -0.6715 0.7395
vn -0.1314 -0.8666 0.4814
vn 0.8944 -0.3974 -0.2054
vn -0.2905 -0.9366 0.1959
vn 0.7353 -0.4675 -0.4907
vn -0.4937 -0.8675 -0.0604
vn 0.5321 -0.3984 -0.7470
vn -0.7006 -0.6731 -0.2368
vn 0.3252 -0.2040 -0.9234
vn 0.9779 -0.2024 0.0528
vn 0.1556 0.0774 -0.9848
vn 0.4937 0.8676 0.0604
vn -0.5321 0.3985 0.7471
vn 0.7006 0.6731 0.2367
vn 0.2906 0.9366 -0.1959
vn -0.3252 0.2039 0.9234
vn 0.8704 0.3918 0.2982
vn -0.1554 -0.0773 0.9848
vn 0.9694 0.0795 0.2324
vn -0.0565 -0.3898 0.9192
vn -0.8704 -0.3918 -0.2981
vt 0.859867 0.545897
vt 0.860747 0.554429
vt 0.849082 0.553661
vt 0.848966 0.584416
vt 0.877494 0.118402
vt 0.886942 0.144399
vt 0.877494 0.149373
vt 0.685972 0.580470
vt 0.691572 0.591094
vt 0.679304 0.592576
vt 0.682946 0.624372
vt 0.111963 0.795125
vt 0.104272 0.807087
vt 0.101676 0.797536
vt 0.513332 0.813738
vt 0.504918 0.809344
vt 0.509097 0.799254
vt 0.848966 0.547282
vt 0.100900 0.785372
vt 0.961947 0.870666
vt 0.948518 0.865330
vt 0.961947 0.859293
vt 0.154595 0.781501
vt 0.147872 0.796653
vt 0.142842 0.790373
vt 0.493072 0.804204
vt 0.883797 0.302363
vt 0.875006 0.314103
vt 0.876772 0.302679
vt 0.883797 0.286040
vt 0.561190 0.899409
vt 0.550236 0.908516
vt 0.550236 0.891429
vt 0.135101 0.799359
vt 0.133119 0.791094
vt 0.138951 0.786658
vt 0.147960 0.779982
vt 0.012244 0.880730
vt 0.003029 0.881639
vt 0.005085 0.871607
vt 0.862850 0.357865
vt 0.857308 0.347661
vt 0.865098 0.347800
vt 0.848243 0.984084
vt 0.841335 0.985523
vt 0.841335 0.977370
vt 0.141156 0.777721
vt 0.013434 0.870411
vt 0.147658 0.763587
vt 0.139565 0.764677
vt 0.019819 0.871466
vt 0.133119 0.767169
vt 0.984825 0.587990
vt 0.984825 0.595085
vt 0.979626 0.593300
vt 0.618246 0.905758
vt 0.623754 0.896901
vt 0.623790 0.905324
vt 0.616394 0.896733
vt 0.014224 0.861417
vt 0.610441 0.898427
vt 0.625689 0.886432
vt 0.614414 0.885715
vt 0.605914 0.888399
vt 0.659688 0.974848
vt 0.651696 0.963808
vt 0.661028 0.963808
vt 0.625348 0.878375
vt 0.613870 0.878375
vt 0.168835 0.910258
vt 0.169876 0.920005
vt 0.162826 0.919413
vt 0.162212 0.909042
vt 0.237174 0.963808
vt 0.237174 0.975611
vt 0.230291 0.972241
vt 0.155292 0.919035
vt 0.154902 0.910772
vt 0.369635 0.931151
vt 0.370791 0.939821
vt 0.361484 0.937970
vt 0.942706 0.923644
vt 0.939509 0.932812
vt 0.935119 0.923644
vt 0.230051 0.964719
vt 0.929124 0.928189
vt 0.915208 0.597949
vt 0.921529 0.589091
vt 0.920949 0.596566
vt 0.915125 0.586409
vt 0.039487 0.918841
vt 0.042300 0.909283
vt 0.047522 0.912558
vt 0.031047 0.917741
vt 0.909970 0.609009
vt 0.906900 0.598555
vt 0.906900 0.586610
vt 0.915105 0.061330
vt 0.925419 0.060341
vt 0.925404 0.072151
vt 0.847720 0.951893
vt 0.857853 0.949006
vt 0.857853 0.961112
vt 0.847883 0.960000
vt 0.934350 0.577563
vt 0.942501 0.577331
vt 0.943897 0.586741
vt 0.915331 0.070523
vt 0.935164 0.569901
vt 0.943312 0.569426
vt 0.202463 0.986271
vt 0.209973 0.977370
vt 0.211160 0.986271
vt 0.906956 0.060341
vt 0.906980 0.069859
vt 0.931190 0.569426
vt 0.063423 0.975925
vt 0.059301 0.966087
vt 0.063423 0.963808
vt 0.929596 0.577170
vt 0.526108 0.806991
vt 0.532332 0.803032
vt 0.533225 0.806256
vt 0.527272 0.815860
vt 0.539826 0.801902
vt 0.538222 0.797483
vt 0.956661 0.434672
vt 0.955228 0.430466
vt 0.961547 0.426599
vt 0.948518 0.434962
vt 0.966244 0.571711
vt 0.970397 0.577221
vt 0.965546 0.577632
vt 0.985578 0.073194
vt 0.977613 0.073194
vt 0.980000 0.067949
vt 0.383799 0.921439
vt 0.380419 0.924705
vt 0.376147 0.920154
vt 0.380498 0.916241
vt 0.170389 0.986293
vt 0.164971 0.981460
vt 0.169442 0.977370
vt 0.387482 0.915287
vt 0.384203 0.908254
vt 0.378242 0.910618
vt 0.161567 0.986293
vt 0.376147 0.905259
vt 0.154564 0.977591
vt 0.149827 0.982245
vt 0.146415 0.977370
vt 0.154564 0.986348
vt 0.940942 0.540280
vt 0.943280 0.548562
vt 0.938382 0.547275
vt 0.681116 0.789316
vt 0.677991 0.796291
vt 0.675989 0.789643
vt 0.965546 0.303589
vt 0.969304 0.298756
vt 0.975980 0.303589
vt 0.669561 0.795619
vt 0.676561 0.804684
vt 0.498664 0.977370
vt 0.504827 0.984344
vt 0.498664 0.985965
vt 0.670394 0.790629
vt 0.668683 0.803784
vt 0.679304 0.547994
vt 0.687594 0.545709
vt 0.688839 0.554040
vt 0.685177 0.541685
vt 0.933968 0.543093
vt 0.934902 0.537406
vt 0.108787 0.764514
vt 0.106749 0.758050
vt 0.111963 0.757235
vt 0.943280 0.533955
vt 0.937582 0.530972
vt 0.098647 0.761161
vt 0.859219 0.985661
vt 0.855142 0.981449
vt 0.859219 0.977370
vt 0.098184 0.767581
vt 0.091729 0.763121
vt 0.695907 0.985834
vt 0.695907 0.977370
vt 0.700488 0.981255
vt 0.109920 0.772198
vt 0.089627 0.769288
vt 0.099104 0.775569
vt 0.559993 0.889013
vt 0.550373 0.883703
vt 0.559421 0.881015
vt 0.965546 0.609115
vt 0.971611 0.603837
vt 0.975472 0.609115
vt 0.873935 0.278643
vt 0.883499 0.278730
vt 0.872494 0.287027
vt 0.140322 0.756032
vt 0.147929 0.754577
vt 0.965939 0.603750
vt 0.387617 0.927206
vt 0.389301 0.922276
vt 0.109679 0.782903
vt 0.682274 0.567443
vt 0.690909 0.563430
vt 0.680680 0.555947
vt 0.670903 0.830065
vt 0.668815 0.813091
vt 0.677032 0.814367
vt 0.698164 0.578933
vt 0.520213 0.829971
vt 0.520337 0.817560
vt 0.519409 0.808234
vt 0.679641 0.826525
vt 0.529585 0.831251
vt 0.520521 0.838081
vt 0.681116 0.834569
vt 0.827481 0.475938
vt 0.828173 0.468980
vt 0.838327 0.470193
vt 0.529651 0.842178
vt 0.708570 0.580383
vt 0.706099 0.586893
vt 0.703119 0.593877
vt 0.828874 0.483453
vt 0.836945 0.478013
vt 0.916668 0.423286
vt 0.908846 0.415366
vt 0.921623 0.415357
vt 0.921167 0.408451
vt 0.909058 0.407221
vt 0.835178 0.485841
vt 0.840751 0.487801
vt 0.135969 0.850422
vt 0.146393 0.849922
vt 0.141214 0.881334
vt 0.529522 0.974999
vt 0.535767 0.963808
vt 0.538665 0.974999
vt 0.130513 0.880035
vt 0.129954 0.849922
vt 0.580995 0.909028
vt 0.588395 0.915355
vt 0.571828 0.924202
vt 0.571828 0.912859
vt 0.877437 0.666255
vt 0.887846 0.695715
vt 0.877437 0.697272
vt 0.580879 0.929697
vt 0.692098 0.623550
vt 0.447425 0.851325
vt 0.437183 0.881191
vt 0.434659 0.849543
vt 0.447425 0.881559
vt 0.588115 0.925703
vt 0.827481 0.512050
vt 0.836072 0.513806
vt 0.502338 0.815388
vt 0.490904 0.813324
vt 0.490904 0.843200
vt 0.139286 0.804830
vt 0.152131 0.804751
vt 0.921623 0.400804
vt 0.539826 0.832143
vt 0.088946 0.944255
vt 0.102158 0.938532
vt 0.104316 0.947176
vt 0.539206 0.961639
vt 0.532230 0.954140
vt 0.539206 0.949006
vt 0.093104 0.936800
vt 0.104316 0.931076
vt 0.043080 0.848113
vt 0.033308 0.840022
vt 0.041844 0.839733
vt 0.042377 0.831239
vt 0.032767 0.831709
vt 0.911651 0.080052
vt 0.920683 0.082700
vt 0.032019 0.822290
vt 0.039425 0.929514
vt 0.031047 0.929788
vt 0.043787 0.820995
vt 0.032019 0.813606
vt 0.046218 0.927204
vt 0.043316 0.812714
vt 0.033286 0.807246
vt 0.933911 0.942025
vt 0.929437 0.935436
vt 0.941885 0.941493
vt 0.046676 0.919606
vt 0.945726 0.486796
vt 0.937464 0.493818
vt 0.937931 0.486638
vt 0.368115 0.946590
vt 0.361484 0.946958
vt 0.937464 0.479704
vt 0.160049 0.929755
vt 0.154902 0.926268
vt 0.942995 0.476762
vt 0.558935 0.963808
vt 0.558935 0.975029
vt 0.550646 0.974894
vt 0.869445 0.328510
vt 0.858487 0.320764
vt 0.868876 0.320309
vt 0.765088 0.949006
vt 0.765088 0.961423
vt 0.759020 0.952246
vt 0.005359 0.862353
vt 0.003029 0.852454
vt 0.867775 0.338791
vt 0.857308 0.328184
vt 0.014394 0.850468
vt 0.857613 0.339141
vt 0.963069 0.434962
vt 0.975480 0.571711
vt 0.977613 0.588947
vt 0.128205 0.898735
vt 0.116814 0.907258
vt 0.106014 0.891193
vt 0.114825 0.882846
vt 0.128205 0.886060
vt 0.236172 0.805951
vt 0.236172 0.838281
vt 0.226330 0.836070
vt 0.222390 0.804355
vt 0.260953 0.715770
vt 0.261650 0.683850
vt 0.274326 0.683600
vt 0.253545 0.596287
vt 0.265814 0.594026
vt 0.261174 0.633955
vt 0.275347 0.720513
vt 0.251962 0.636784
vt 0.499738 0.883308
vt 0.509598 0.882088
vt 0.509291 0.892056
vt 0.498935 0.893163
vt 0.263295 0.644244
vt 0.541767 0.878949
vt 0.541767 0.843145
vt 0.550331 0.873587
vt 0.555098 0.696193
vt 0.544973 0.698857
vt 0.542399 0.661606
vt 0.556686 0.707127
vt 0.544926 0.709750
vt 0.565252 0.694422
vt 0.554332 0.660080
vt 0.573536 0.693041
vt 0.569303 0.705297
vt 0.558183 0.720332
vt 0.582563 0.704201
vt 0.702847 0.213570
vt 0.688629 0.217503
vt 0.688170 0.206048
vt 0.700333 0.232041
vt 0.542398 0.724746
vt 0.560923 0.730345
vt 0.574935 0.717068
vt 0.544226 0.737037
vt 0.948518 0.216470
vt 0.956276 0.208595
vt 0.963606 0.216470
vt 0.509598 0.908308
vt 0.498565 0.908748
vt 0.256559 0.649210
vt 0.269618 0.657717
vt 0.258498 0.659517
vt 0.271739 0.667616
vt 0.455882 0.959969
vt 0.465752 0.949006
vt 0.465752 0.961620
vt 0.278197 0.961857
vt 0.288603 0.949025
vt 0.288603 0.961894
vt 0.278035 0.949006
vt 0.258094 0.669883
vt 0.268458 0.677873
vt 0.259245 0.680765
vt 0.655554 0.734138
vt 0.665218 0.734670
vt 0.667402 0.747973
vt 0.656701 0.751730
vt 0.767479 0.917681
vt 0.767479 0.933447
vt 0.759886 0.924957
vt 0.641203 0.740115
vt 0.251962 0.672684
vt 0.759000 0.936406
vt 0.268829 0.753040
vt 0.276894 0.747181
vt 0.280343 0.754036
vt 0.286920 0.750409
vt 0.285652 0.740544
vt 0.272693 0.737361
vt 0.266161 0.742148
vt 0.263218 0.728404
vt 0.257825 0.741114
vt 0.257888 0.752633
vt 0.926338 0.224505
vt 0.921541 0.227535
vt 0.922925 0.219081
vt 0.916242 0.218964
vt 0.611690 0.949006
vt 0.611690 0.961634
vt 0.606485 0.958262
vt 0.922046 0.205957
vt 0.916242 0.227865
vt 0.483799 0.907316
vt 0.493403 0.895613
vt 0.492633 0.908655
vt 0.251232 0.740604
vt 0.252192 0.754036
vt 0.239128 0.750432
vt 0.255659 0.726747
vt 0.249420 0.728017
vt 0.961341 0.412133
vt 0.951083 0.406861
vt 0.963046 0.403012
vt 0.243184 0.736914
vt 0.892745 0.680761
vt 0.902179 0.680139
vt 0.903488 0.694907
vt 0.948518 0.412133
vt 0.895666 0.668517
vt 0.900294 0.666255
vt 0.956467 0.008777
vt 0.950392 0.000826
vt 0.955468 0.000640
vt 0.960603 0.000640
vt 0.213255 0.835042
vt 0.223542 0.846294
vt 0.215508 0.848074
vt 0.948518 0.265003
vt 0.960242 0.257596
vt 0.963481 0.265003
vt 0.948518 0.007227
vt 0.964101 0.006197
vt 0.634442 0.516542
vt 0.642757 0.506528
vt 0.644036 0.521138
vt 0.049496 0.883571
vt 0.056001 0.882627
vt 0.056001 0.894413
vt 0.048803 0.894157
vt 0.637854 0.530602
vt 0.627490 0.510850
vt 0.626374 0.524653
vt 0.900015 0.060341
vt 0.897654 0.076881
vt 0.889653 0.074589
vt 0.889708 0.089047
vt 0.900015 0.087986
vt 0.619158 0.518709
vt 0.869707 0.378083
vt 0.867514 0.388362
vt 0.854401 0.387107
vt 0.855274 0.373868
vt 0.448837 0.716752
vt 0.448080 0.731886
vt 0.437752 0.729499
vt 0.444338 0.746707
vt 0.432068 0.744202
vt 0.846119 0.362565
vt 0.857657 0.361626
vt 0.845906 0.385458
vt 0.843309 0.375851
vt 0.011362 0.945323
vt 0.002674 0.937144
vt 0.011362 0.930858
vt 0.833966 0.378155
vt 0.000978 0.947666
vt 0.656729 0.789868
vt 0.665558 0.780494
vt 0.667402 0.790590
vt 0.656423 0.780373
vt 0.647702 0.777656
vt 0.837193 0.393640
vt 0.641496 0.786665
vt 0.851812 0.397955
vt 0.827962 0.912820
vt 0.842116 0.912574
vt 0.833848 0.925854
vt 0.842116 0.931885
vt 0.827962 0.907479
vt 0.828471 0.899515
vt 0.835221 0.900149
vt 0.836324 0.911293
vt 0.839334 0.949006
vt 0.846439 0.957632
vt 0.839334 0.961263
vt 0.965546 0.467429
vt 0.968686 0.463233
vt 0.975665 0.467429
vt 0.084777 0.928355
vt 0.084777 0.909009
vt 0.088929 0.909291
vt 0.008020 0.963808
vt 0.014487 0.972263
vt 0.008020 0.975919
vt 0.951489 0.279681
vt 0.963086 0.280990
vt 0.963086 0.289052
vt 0.930225 0.495435
vt 0.930225 0.476762
vt 0.936183 0.478352
vt 0.948518 0.286365
vt 0.648958 0.764838
vt 0.633753 0.770032
vt 0.805585 0.889828
vt 0.823686 0.889828
vt 0.822358 0.897919
vt 0.806318 0.899378
vt 0.655404 0.765055
vt 0.647859 0.755024
vt 0.591015 0.896783
vt 0.589676 0.878375
vt 0.597237 0.879858
vt 0.419497 0.929443
vt 0.431716 0.919024
vt 0.432503 0.926789
vt 0.432503 0.911857
vt 0.413618 0.919604
vt 0.604634 0.881318
vt 0.821550 0.904092
vt 0.813995 0.913202
vt 0.557614 0.977370
vt 0.557614 0.986030
vt 0.553750 0.981506
vt 0.950489 0.294203
vt 0.948518 0.727420
vt 0.962414 0.727420
vt 0.959213 0.732957
vt 0.952216 0.735755
vt 0.949021 0.549803
vt 0.955077 0.547364
vt 0.955279 0.555891
vt 0.977613 0.500030
vt 0.985012 0.501380
vt 0.983689 0.505105
vt 0.948518 0.554119
vt 0.961340 0.554484
vt 0.484501 0.897142
vt 0.476781 0.898485
vt 0.476781 0.892213
vt 0.478098 0.905142
vt 0.480930 0.886428
vt 0.984933 0.436144
vt 0.977613 0.441525
vt 0.977809 0.436144
vt 0.492082 0.881768
vt 0.842183 0.910803
vt 0.839466 0.898873
vt 0.889127 0.694907
vt 0.055999 0.908185
vt 0.051533 0.908160
vt 0.962760 0.547364
vt 0.985027 0.443169
vt 0.977613 0.505646
vt 0.827962 0.887357
vt 0.632184 0.539897
vt 0.619158 0.536757
vt 0.867745 0.397955
vt 0.602241 0.900542
vt 0.589676 0.906508
vt 0.587673 0.715780
vt 0.588388 0.727323
vt 0.577852 0.728900
vt 0.588395 0.737993
vt 0.702847 0.202025
vt 0.877778 0.582989
vt 0.862027 0.582989
vt 0.873786 0.545897
vt 0.443571 0.678966
vt 0.437376 0.714378
vt 0.106382 0.902706
vt 0.671652 0.873033
vt 0.671652 0.835850
vt 0.681116 0.841416
vt 0.432068 0.677827
vt 0.547131 0.949006
vt 0.554611 0.959760
vt 0.547131 0.961586
vt 0.409425 0.963808
vt 0.420090 0.963808
vt 0.414166 0.975113
vt 0.270244 0.727638
vt 0.281857 0.731175
vt 0.415265 0.909958
vt 0.929369 0.192372
vt 0.929369 0.175634
vt 0.935487 0.175634
vt 0.935487 0.192372
vt 0.928584 0.761294
vt 0.935310 0.776441
vt 0.928584 0.778032
vt 0.268209 0.986967
vt 0.273907 0.986967
vt 0.273907 0.993086
vt 0.934282 0.761294
vt 0.935310 0.762872
vt 0.934614 0.779022
vt 0.932934 0.780091
vt 0.957378 0.332851
vt 0.957378 0.338970
vt 0.954783 0.338970
vt 0.954783 0.332851
vt 0.941216 0.338970
vt 0.282895 0.986967
vt 0.282895 0.993086
vt 0.281185 0.993086
vt 0.281185 0.986967
vt 0.929217 0.254544
vt 0.928521 0.251963
vt 0.930897 0.255613
vt 0.935247 0.253554
vt 0.285903 0.993086
vt 0.285903 0.986967
vt 0.933907 0.255613
vt 0.935487 0.194420
vt 0.929369 0.194420
vt 0.929924 0.780091
vt 0.935247 0.236816
vt 0.941216 0.332851
vt 0.928521 0.238394
vt 0.939661 0.338970
vt 0.939661 0.332851
vt 0.929549 0.236816
vt 0.268209 0.993086
vt 0.928264 0.482061
vt 0.934990 0.466914
vt 0.934990 0.483652
vt 0.929509 0.388738
vt 0.935627 0.405476
vt 0.929509 0.405476
vt 0.935627 0.388738
vt 0.928264 0.468492
vt 0.929292 0.466914
vt 0.266929 0.986967
vt 0.266929 0.993086
vt 0.261230 0.993086
vt 0.928178 0.648402
vt 0.933877 0.648402
vt 0.934904 0.649980
vt 0.261230 0.986967
vt 0.934904 0.663549
vt 0.928178 0.665139
vt 0.934208 0.666129
vt 0.932528 0.667198
vt 0.954783 0.325453
vt 0.957378 0.331572
vt 0.954783 0.331572
vt 0.941216 0.331572
vt 0.941216 0.325453
vt 0.275187 0.986967
vt 0.276897 0.986967
vt 0.276897 0.993086
vt 0.275187 0.993086
vt 0.279905 0.986967
vt 0.279905 0.993086
vt 0.929519 0.667198
vt 0.933650 0.485711
vt 0.930640 0.485711
vt 0.928960 0.484642
vt 0.929509 0.407524
vt 0.935627 0.407524
vt 0.957378 0.325453
vt 0.939661 0.325453
vt 0.939661 0.331572
vt 0.689140 0.843959
vt 0.687165 0.838434
vt 0.689140 0.831513
vt 0.072716 0.872196
vt 0.049325 0.859751
vt 0.072716 0.859751
vt 0.072716 0.847305
vt 0.687165 0.849483
vt 0.689140 0.856405
vt 0.687165 0.843959
vt 0.180623 0.844346
vt 0.184718 0.811513
vt 0.186147 0.844346
vt 0.180623 0.811513
vt 0.176528 0.811513
vt 0.175098 0.844346
vt 0.330191 0.979455
vt 0.340686 0.979455
vt 0.338582 0.984744
vt 0.338582 0.974165
vt 0.340686 0.975360
vt 0.340686 0.983549
vt 0.340070 0.984394
vt 0.843059 0.610891
vt 0.844155 0.643715
vt 0.842667 0.643716
vt 0.332295 0.984744
vt 0.850443 0.643715
vt 0.684327 0.851095
vt 0.686334 0.850623
vt 0.688077 0.858971
vt 0.685510 0.860035
vt 0.841052 0.610892
vt 0.675844 0.851095
vt 0.851542 0.610891
vt 0.851930 0.643716
vt 0.853549 0.610892
vt 0.674661 0.860035
vt 0.672094 0.858971
vt 0.673837 0.850623
vt 0.671031 0.856405
vt 0.673006 0.849483
vt 0.853016 0.229779
vt 0.852431 0.197020
vt 0.854155 0.229797
vt 0.851586 0.197006
vt 0.847491 0.229779
vt 0.671031 0.843959
vt 0.673006 0.843959
vt 0.673006 0.838434
vt 0.841967 0.229779
vt 0.843396 0.197006
vt 0.847491 0.197006
vt 0.330191 0.975360
vt 0.330807 0.974515
vt 0.332295 0.974165
vt 0.842552 0.197020
vt 0.851799 0.816847
vt 0.850704 0.849672
vt 0.844416 0.849672
vt 0.843317 0.816847
vt 0.842928 0.849673
vt 0.672094 0.828946
vt 0.674661 0.827883
vt 0.675844 0.836823
vt 0.684327 0.836823
vt 0.673837 0.837295
vt 0.841310 0.816849
vt 0.671031 0.831513
vt 0.840827 0.229797
vt 0.567698 0.871869
vt 0.544334 0.874436
vt 0.544311 0.871869
vt 0.544311 0.859424
vt 0.704893 0.827883
vt 0.707459 0.828946
vt 0.708521 0.831513
vt 0.690420 0.831513
vt 0.567721 0.874436
vt 0.567698 0.859424
vt 0.708521 0.843959
vt 0.690420 0.843959
vt 0.049325 0.872196
vt 0.694048 0.827883
vt 0.049334 0.874763
vt 0.691482 0.828946
vt 0.557728 0.875719
vt 0.557728 0.899110
vt 0.546879 0.899110
vt 0.546879 0.875719
vt 0.544312 0.875716
vt 0.544311 0.899107
vt 0.072725 0.874763
vt 0.688077 0.828946
vt 0.685510 0.827883
vt 0.686334 0.837295
vt 0.185562 0.811508
vt 0.187287 0.844339
vt 0.853807 0.816849
vt 0.852192 0.849673
vt 0.340070 0.974515
vt 0.567698 0.846978
vt 0.708521 0.856405
vt 0.690420 0.856405
vt 0.704893 0.860035
vt 0.544311 0.846978
vt 0.707459 0.858971
vt 0.544334 0.844411
vt 0.567721 0.844411
vt 0.197459 0.875923
vt 0.197459 0.899315
vt 0.194893 0.899312
vt 0.194893 0.875920
vt 0.694048 0.860035
vt 0.208308 0.899315
vt 0.691482 0.858971
vt 0.210876 0.875920
vt 0.210876 0.899312
vt 0.208308 0.875923
vt 0.049334 0.844738
vt 0.049325 0.847305
vt 0.072725 0.844738
vt 0.560294 0.899107
vt 0.560294 0.875716
vt 0.330191 0.983549
vt 0.330807 0.984394
vt 0.175683 0.811508
vt 0.173959 0.844339
vt 0.811286 0.698881
vt 0.811286 0.684035
vt 0.834677 0.686376
vt 0.809133 0.798671
vt 0.806539 0.789236
vt 0.809133 0.783825
vt 0.806539 0.798671
vt 0.806539 0.808105
vt 0.809133 0.813516
vt 0.811286 0.713727
vt 0.834677 0.711386
vt 0.834677 0.698881
vt 0.939661 0.116351
vt 0.957770 0.116351
vt 0.957770 0.122967
vt 0.841294 0.711386
vt 0.834677 0.713743
vt 0.286794 0.888096
vt 0.268692 0.875591
vt 0.286794 0.875591
vt 0.939661 0.122967
vt 0.841294 0.713743
vt 0.811278 0.716587
vt 0.834669 0.716592
vt 0.858983 0.294123
vt 0.856337 0.287510
vt 0.858983 0.287507
vt 0.858982 0.264115
vt 0.841285 0.716592
vt 0.856337 0.294127
vt 0.857754 0.296529
vt 0.843684 0.715424
vt 0.957312 0.954042
vt 0.955340 0.954800
vt 0.958092 0.952294
vt 0.843690 0.713452
vt 0.856004 0.296531
vt 0.954842 0.954800
vt 0.845711 0.294127
vt 0.846046 0.296531
vt 0.958092 0.942340
vt 0.843690 0.712954
vt 0.954842 0.939833
vt 0.941230 0.113946
vt 0.956203 0.113946
vt 0.840822 0.571579
vt 0.843264 0.571870
vt 0.843264 0.572368
vt 0.840822 0.573936
vt 0.955340 0.939833
vt 0.843280 0.569899
vt 0.957312 0.940592
vt 0.840845 0.568730
vt 0.844298 0.296529
vt 0.843066 0.294123
vt 0.834207 0.571579
vt 0.843066 0.287507
vt 0.834230 0.568730
vt 0.845711 0.287510
vt 0.843067 0.264115
vt 0.810844 0.568735
vt 0.845715 0.264119
vt 0.794770 0.817561
vt 0.792121 0.816377
vt 0.794715 0.810965
vt 0.810820 0.571595
vt 0.791024 0.813516
vt 0.263243 0.974167
vt 0.273520 0.976810
vt 0.263239 0.976814
vt 0.797364 0.812150
vt 0.650297 0.412862
vt 0.650274 0.415722
vt 0.639995 0.415706
vt 0.793618 0.808105
vt 0.273523 0.974165
vt 0.640019 0.412857
vt 0.877678 0.765312
vt 0.875033 0.764132
vt 0.873937 0.761283
vt 0.263239 0.982244
vt 0.883117 0.765312
vt 0.273520 0.982248
vt 0.802793 0.812150
vt 0.805387 0.817561
vt 0.805442 0.810965
vt 0.263243 0.984894
vt 0.116602 0.899871
vt 0.106322 0.899876
vt 0.106330 0.897027
vt 0.116611 0.897011
vt 0.808036 0.816377
vt 0.273523 0.984895
vt 0.886858 0.761283
vt 0.885762 0.764132
vt 0.873937 0.751833
vt 0.886858 0.751833
vt 0.106330 0.887577
vt 0.639995 0.425156
vt 0.650274 0.425156
vt 0.650274 0.434590
vt 0.886858 0.742383
vt 0.639995 0.434606
vt 0.873937 0.742383
vt 0.650297 0.437450
vt 0.877678 0.738354
vt 0.883117 0.738354
vt 0.640019 0.437455
vt 0.875033 0.739534
vt 0.251679 0.976810
vt 0.251675 0.974165
vt 0.261956 0.974167
vt 0.261960 0.982244
vt 0.251679 0.982248
vt 0.261960 0.976814
vt 0.805387 0.779780
vt 0.802793 0.785191
vt 0.797364 0.785191
vt 0.794770 0.779780
vt 0.794715 0.786376
vt 0.856798 0.486935
vt 0.856803 0.510327
vt 0.846177 0.510327
vt 0.859446 0.486931
vt 0.846181 0.486935
vt 0.792121 0.780964
vt 0.791024 0.783825
vt 0.834207 0.601303
vt 0.810844 0.604147
vt 0.810820 0.601287
vt 0.859447 0.510323
vt 0.834230 0.604152
vt 0.856803 0.516943
vt 0.840845 0.604152
vt 0.859447 0.516940
vt 0.840822 0.601303
vt 0.843280 0.602984
vt 0.858215 0.519345
vt 0.843264 0.601012
vt 0.016348 0.960425
vt 0.017128 0.958677
vt 0.019100 0.957919
vt 0.856467 0.519347
vt 0.016348 0.970379
vt 0.019597 0.972885
vt 0.846509 0.519347
vt 0.019597 0.957919
vt 0.941230 0.133268
vt 0.957770 0.130863
vt 0.956203 0.133268
vt 0.843690 0.684808
vt 0.841294 0.686376
vt 0.841294 0.684019
vt 0.019100 0.972885
vt 0.843690 0.684310
vt 0.834669 0.681170
vt 0.841285 0.681170
vt 0.834677 0.684019
vt 0.843684 0.682339
vt 0.811278 0.681175
vt 0.843531 0.486931
vt 0.843530 0.510323
vt 0.805442 0.786376
vt 0.808036 0.780964
vt 0.106330 0.878127
vt 0.116602 0.875283
vt 0.116611 0.878143
vt 0.261956 0.984894
vt 0.106322 0.875278
vt 0.251675 0.984895
vt 0.885762 0.739534
vt 0.844759 0.519345
vt 0.843530 0.516940
vt 0.846176 0.516943
vt 0.017128 0.972127
vt 0.939661 0.130863
vt 0.957770 0.124247
vt 0.939661 0.124247
vt 0.840822 0.598946
vt 0.843264 0.600514
vt 0.834207 0.598946
vt 0.268692 0.900600
vt 0.268692 0.888096
vt 0.286794 0.900600
vt 0.810820 0.586441
vt 0.834207 0.586441
vt 0.834207 0.573936
vt 0.791024 0.798671
vt 0.793618 0.798671
vt 0.793618 0.789236
vt 0.116611 0.887577
vt 0.856332 0.264119
vt 0.937328 0.986967
vt 0.938411 0.987592
vt 0.939036 0.988674
vt 0.483585 0.329927
vt 0.482626 0.346806
vt 0.482378 0.329970
vt 0.481418 0.346737
vt 0.481172 0.330026
vt 0.480335 0.363072
vt 0.471866 0.346562
vt 0.469388 0.329971
vt 0.470268 0.329909
vt 0.474603 0.362737
vt 0.473711 0.362742
vt 0.470986 0.346631
vt 0.939036 0.989924
vt 0.468183 0.330052
vt 0.938411 0.991007
vt 0.469795 0.346850
vt 0.466978 0.330132
vt 0.937328 0.991632
vt 0.936078 0.991632
vt 0.468613 0.347161
vt 0.466095 0.330188
vt 0.467757 0.347480
vt 0.096017 0.385846
vt 0.095012 0.368439
vt 0.096219 0.368482
vt 0.934996 0.991007
vt 0.934371 0.989924
vt 0.934996 0.987592
vt 0.934371 0.988674
vt 0.482349 0.197243
vt 0.479667 0.214802
vt 0.481466 0.197182
vt 0.480549 0.214871
vt 0.094809 0.386027
vt 0.093602 0.386104
vt 0.093806 0.368390
vt 0.095991 0.403191
vt 0.094797 0.403467
vt 0.477551 0.232013
vt 0.099117 0.418660
vt 0.097906 0.418931
vt 0.097180 0.402729
vt 0.100029 0.418536
vt 0.098047 0.402205
vt 0.472534 0.363048
vt 0.471387 0.363572
vt 0.474719 0.379699
vt 0.473525 0.379726
vt 0.096903 0.385608
vt 0.475944 0.379858
vt 0.472447 0.396884
vt 0.471323 0.396225
vt 0.100148 0.434892
vt 0.099031 0.451014
vt 0.098099 0.450480
vt 0.468000 0.412600
vt 0.099218 0.434342
vt 0.096881 0.467603
vt 0.095656 0.467433
vt 0.096881 0.450217
vt 0.094773 0.485258
vt 0.094482 0.467438
vt 0.095701 0.450297
vt 0.916539 0.989924
vt 0.916539 0.988674
vt 0.917164 0.987592
vt 0.919495 0.986967
vt 0.096004 0.485303
vt 0.093602 0.485210
vt 0.918246 0.991632
vt 0.917164 0.991007
vt 0.482012 0.314197
vt 0.481052 0.314129
vt 0.481385 0.296536
vt 0.480152 0.296769
vt 0.479823 0.314040
vt 0.920577 0.991007
vt 0.919495 0.991632
vt 0.478654 0.313954
vt 0.478978 0.297024
vt 0.484721 0.446826
vt 0.482886 0.430215
vt 0.483834 0.429924
vt 0.483759 0.446848
vt 0.921202 0.989925
vt 0.481661 0.430385
vt 0.482528 0.446895
vt 0.921202 0.988675
vt 0.481357 0.446952
vt 0.920577 0.987592
vt 0.480488 0.430390
vt 0.469461 0.430313
vt 0.469681 0.446904
vt 0.468722 0.446970
vt 0.471273 0.414113
vt 0.468501 0.430164
vt 0.480475 0.414393
vt 0.479296 0.414322
vt 0.479338 0.398629
vt 0.481693 0.414129
vt 0.482623 0.413602
vt 0.480559 0.398414
vt 0.477238 0.280554
vt 0.478380 0.279980
vt 0.474102 0.264606
vt 0.481487 0.397871
vt 0.475230 0.263957
vt 0.472006 0.248038
vt 0.480652 0.381280
vt 0.481566 0.381412
vt 0.479582 0.279432
vt 0.476410 0.263293
vt 0.473199 0.248074
vt 0.480522 0.279057
vt 0.477326 0.262794
vt 0.474425 0.247921
vt 0.097997 0.434128
vt 0.096811 0.434307
vt 0.096722 0.419276
vt 0.475357 0.247620
vt 0.476657 0.232007
vt 0.469052 0.955848
vt 0.468178 0.956071
vt 0.468178 0.939833
vt 0.475481 0.231696
vt 0.478477 0.214578
vt 0.474338 0.231163
vt 0.480262 0.197095
vt 0.477298 0.214258
vt 0.484721 0.347235
vt 0.483589 0.364335
vt 0.482720 0.363802
vt 0.484468 0.329909
vt 0.483835 0.346988
vt 0.479058 0.197006
vt 0.936078 0.986967
vt 0.481528 0.363340
vt 0.479441 0.381009
vt 0.478256 0.380673
vt 0.478151 0.398459
vt 0.474535 0.398053
vt 0.470337 0.413737
vt 0.476872 0.380160
vt 0.473623 0.397553
vt 0.467268 0.429925
vt 0.469139 0.413184
vt 0.467492 0.447053
vt 0.466322 0.447130
vt 0.466095 0.429660
vt 0.097829 0.467901
vt 0.096966 0.485334
vt 0.918246 0.986967
vt 0.482349 0.296387
vt 0.958146 0.989924
vt 0.958147 0.988674
vt 0.961103 0.986967
vt 0.486983 0.446188
vt 0.488096 0.430298
vt 0.488190 0.446165
vt 0.489398 0.446155
vt 0.958772 0.987592
vt 0.962185 0.991007
vt 0.962810 0.988674
vt 0.189902 0.386804
vt 0.188786 0.387422
vt 0.186097 0.370691
vt 0.184891 0.370764
vt 0.962185 0.987592
vt 0.187302 0.370620
vt 0.959854 0.986967
vt 0.489302 0.430189
vt 0.490282 0.446162
vt 0.490184 0.429820
vt 0.489678 0.413842
vt 0.490543 0.414336
vt 0.491323 0.412727
vt 0.490225 0.412049
vt 0.488490 0.413422
vt 0.486887 0.430117
vt 0.487297 0.413189
vt 0.488715 0.411447
vt 0.176711 0.386969
vt 0.175329 0.403397
vt 0.174444 0.403326
vt 0.486001 0.429695
vt 0.487198 0.411085
vt 0.173959 0.405396
vt 0.487774 0.409549
vt 0.486082 0.411058
vt 0.488957 0.409868
vt 0.175092 0.405534
vt 0.176729 0.406992
vt 0.175520 0.407124
vt 0.176636 0.405355
vt 0.486903 0.409502
vt 0.177547 0.421866
vt 0.176338 0.421990
vt 0.175446 0.421802
vt 0.174632 0.406991
vt 0.177626 0.423380
vt 0.174924 0.423303
vt 0.176070 0.423542
vt 0.180122 0.436356
vt 0.178577 0.436926
vt 0.179174 0.422858
vt 0.178750 0.421463
vt 0.487840 0.248544
vt 0.488941 0.247823
vt 0.491091 0.261252
vt 0.490003 0.262056
vt 0.180300 0.422117
vt 0.179625 0.420889
vt 0.489876 0.263230
vt 0.490722 0.262606
vt 0.493169 0.277380
vt 0.177935 0.406632
vt 0.492310 0.277922
vt 0.493986 0.279131
vt 0.178177 0.404908
vt 0.176537 0.403244
vt 0.177744 0.402908
vt 0.492884 0.279788
vt 0.179302 0.404313
vt 0.492766 0.281565
vt 0.493633 0.281088
vt 0.493954 0.295804
vt 0.178626 0.402480
vt 0.178932 0.388247
vt 0.182729 0.370837
vt 0.179753 0.388679
vt 0.181846 0.370777
vt 0.493075 0.295418
vt 0.177818 0.387621
vt 0.180641 0.370697
vt 0.959853 0.991632
vt 0.958771 0.991007
vt 0.961102 0.991632
vt 0.179436 0.370620
vt 0.486100 0.446219
vt 0.491659 0.313409
vt 0.492866 0.313429
vt 0.491575 0.281975
vt 0.491869 0.295298
vt 0.962810 0.989924
vt 0.490659 0.295477
vt 0.490451 0.313383
vt 0.489771 0.295905
vt 0.489502 0.282198
vt 0.188830 0.401721
vt 0.187943 0.401792
vt 0.186865 0.388573
vt 0.490381 0.282206
vt 0.190037 0.401878
vt 0.187674 0.388070
vt 0.188403 0.403161
vt 0.189946 0.403346
vt 0.191242 0.402222
vt 0.189844 0.405276
vt 0.191484 0.403804
vt 0.188636 0.405140
vt 0.187760 0.419626
vt 0.187745 0.405273
vt 0.187267 0.403299
vt 0.488735 0.280772
vt 0.489852 0.280736
vt 0.489945 0.278736
vt 0.491371 0.280376
vt 0.491130 0.278418
vt 0.488711 0.263824
vt 0.487541 0.264230
vt 0.997549 0.525137
vt 0.996343 0.524830
vt 0.996333 0.523909
vt 0.186866 0.419815
vt 0.486999 0.263342
vt 0.997884 0.524305
vt 0.995133 0.525137
vt 0.994776 0.524303
vt 0.188899 0.420667
vt 0.186260 0.434739
vt 0.187343 0.420498
vt 0.186193 0.420738
vt 0.186468 0.436353
vt 0.187802 0.435074
vt 0.484980 0.247829
vt 0.483629 0.249291
vt 0.484083 0.247676
vt 0.484774 0.249392
vt 0.185130 0.434740
vt 0.486315 0.249118
vt 0.488505 0.262821
vt 0.486186 0.247698
vt 0.488416 0.231524
vt 0.487377 0.247318
vt 0.489519 0.232029
vt 0.182591 0.452381
vt 0.179881 0.437362
vt 0.180764 0.436884
vt 0.488235 0.246790
vt 0.181627 0.452187
vt 0.178682 0.437813
vt 0.180397 0.452373
vt 0.177487 0.438118
vt 0.177034 0.437255
vt 0.175906 0.437254
vt 0.992668 0.993757
vt 0.991213 0.992895
vt 0.992821 0.992895
vt 0.991421 0.993772
vt 0.494150 0.378713
vt 0.492491 0.379457
vt 0.492945 0.378579
vt 0.490196 0.393297
vt 0.494031 0.379734
vt 0.495339 0.379104
vt 0.495553 0.380322
vt 0.491699 0.393820
vt 0.493193 0.394598
vt 0.496649 0.381063
vt 0.188858 0.437122
vt 0.189343 0.435654
vt 0.190470 0.436325
vt 0.189738 0.437610
vt 0.186633 0.454971
vt 0.185405 0.454777
vt 0.187662 0.436662
vt 0.185179 0.470637
vt 0.184008 0.470528
vt 0.184240 0.454258
vt 0.184841 0.487381
vt 0.489651 0.213860
vt 0.490611 0.197006
vt 0.491586 0.197031
vt 0.490607 0.214157
vt 0.486418 0.230010
vt 0.487280 0.230785
vt 0.491823 0.214473
vt 0.492821 0.197056
vt 0.933091 0.988674
vt 0.932466 0.991007
vt 0.928426 0.989924
vt 0.931384 0.986967
vt 0.928426 0.988674
vt 0.493986 0.197075
vt 0.930134 0.991632
vt 0.929051 0.991007
vt 0.932466 0.987592
vt 0.188211 0.487181
vt 0.187238 0.487237
vt 0.186414 0.470604
vt 0.186004 0.487310
vt 0.929051 0.987592
vt 0.930134 0.986967
vt 0.187382 0.470437
vt 0.488212 0.329916
vt 0.489376 0.329910
vt 0.490235 0.346654
vt 0.489084 0.346892
vt 0.493245 0.362188
vt 0.187597 0.454787
vt 0.492138 0.362680
vt 0.490999 0.363414
vt 0.487867 0.347204
vt 0.486908 0.347506
vt 0.490132 0.364195
vt 0.179231 0.452887
vt 0.180525 0.469578
vt 0.179354 0.469683
vt 0.492047 0.378738
vt 0.181760 0.469620
vt 0.180784 0.487370
vt 0.179551 0.487289
vt 0.931384 0.991632
vt 0.178389 0.487214
vt 0.182729 0.469796
vt 0.492972 0.214724
vt 0.181758 0.487436
vt 0.486001 0.329966
vt 0.486976 0.329936
vt 0.933091 0.989924
vt 0.494277 0.395422
vt 0.190444 0.421200
vt 0.492630 0.395848
vt 0.493473 0.396487
vt 0.190170 0.420166
vt 0.490134 0.410374
vt 0.490990 0.410932
vt 0.191047 0.405645
vt 0.188969 0.419755
vt 0.192604 0.404412
vt 0.191923 0.406148
vt 0.491469 0.395244
vt 0.490301 0.394836
vt 0.184008 0.370819
vt 0.289013 0.355980
vt 0.290220 0.356022
vt 0.289972 0.372859
vt 0.291180 0.372790
vt 0.291426 0.356079
vt 0.943273 0.986967
vt 0.944356 0.987592
vt 0.944981 0.988674
vt 0.288129 0.355962
vt 0.288763 0.373041
vt 0.940316 0.989924
vt 0.944356 0.991007
vt 0.944981 0.989924
vt 0.082901 0.368479
vt 0.084105 0.368390
vt 0.085866 0.385642
vt 0.287876 0.373287
vt 0.084686 0.385962
vt 0.088825 0.402547
vt 0.289878 0.389855
vt 0.289009 0.390388
vt 0.081697 0.368566
vt 0.083496 0.386186
vt 0.087682 0.403080
vt 0.086506 0.403391
vt 0.085612 0.403396
vt 0.082614 0.386255
vt 0.080814 0.368627
vt 0.087807 0.419004
vt 0.471205 0.939833
vt 0.471205 0.956071
vt 0.470331 0.955848
vt 0.088738 0.419305
vt 0.483344 0.051525
vt 0.483255 0.066556
vt 0.482069 0.066378
vt 0.482160 0.051180
vt 0.485269 0.035717
vt 0.085837 0.434178
vt 0.483186 0.082467
vt 0.484365 0.082547
vt 0.086754 0.434677
vt 0.082642 0.450441
vt 0.481967 0.082729
vt 0.484410 0.099682
vt 0.480848 0.066592
vt 0.483185 0.099852
vt 0.485293 0.117508
vt 0.485584 0.099687
vt 0.950924 0.988674
vt 0.950923 0.989924
vt 0.949216 0.991632
vt 0.484062 0.117553
vt 0.486464 0.117460
vt 0.950298 0.991007
vt 0.081778 0.467920
vt 0.082111 0.485513
vt 0.081151 0.485580
vt 0.080814 0.467771
vt 0.084784 0.451363
vt 0.083012 0.468153
vt 0.083582 0.450816
vt 0.085925 0.451937
vt 0.084186 0.468407
vt 0.083340 0.485424
vt 0.947967 0.991632
vt 0.946885 0.991007
vt 0.084509 0.485338
vt 0.946260 0.989924
vt 0.289712 0.456267
vt 0.288838 0.472901
vt 0.287876 0.472879
vt 0.288764 0.455977
vt 0.290936 0.456438
vt 0.290070 0.472947
vt 0.946260 0.988674
vt 0.291240 0.473005
vt 0.946885 0.987592
vt 0.947967 0.986967
vt 0.475272 0.101044
vt 0.476012 0.117700
vt 0.475053 0.117634
vt 0.476233 0.100894
vt 0.477241 0.117783
vt 0.949217 0.986967
vt 0.950299 0.987592
vt 0.477465 0.100655
vt 0.478411 0.117860
vt 0.478638 0.100391
vt 0.482237 0.100150
vt 0.483100 0.117583
vt 0.474396 0.084468
vt 0.475594 0.083914
vt 0.473460 0.084843
vt 0.470199 0.068784
vt 0.471110 0.068284
vt 0.472286 0.067615
vt 0.467862 0.050890
vt 0.468789 0.050588
vt 0.293157 0.407062
vt 0.294342 0.406725
vt 0.294446 0.424512
vt 0.291069 0.389393
vt 0.292263 0.389125
vt 0.470131 0.033467
vt 0.291945 0.407332
vt 0.293260 0.424682
vt 0.292123 0.440446
vt 0.290905 0.440182
vt 0.293302 0.440375
vt 0.292039 0.424466
vt 0.289974 0.439655
vt 0.291111 0.423924
vt 0.291032 0.407465
vt 0.091158 0.419422
vt 0.089062 0.435990
vt 0.087934 0.435340
vt 0.089965 0.419458
vt 0.292110 0.456443
vt 0.471022 0.033472
vt 0.472868 0.017292
vt 0.470014 0.050429
vt 0.472199 0.033778
vt 0.474939 0.017580
vt 0.473748 0.017361
vt 0.476120 0.017891
vt 0.473346 0.034303
vt 0.477755 0.000862
vt 0.478638 0.000919
vt 0.476977 0.018211
vt 0.484049 0.018095
vt 0.482019 0.034454
vt 0.483163 0.017858
vt 0.482886 0.034978
vt 0.485257 0.018277
vt 0.485054 0.000688
vt 0.483847 0.000732
vt 0.942023 0.991632
vt 0.940940 0.991007
vt 0.486261 0.000640
vt 0.486464 0.018354
vt 0.484075 0.035440
vt 0.480949 0.050910
vt 0.480037 0.050786
vt 0.471209 0.050456
vt 0.473411 0.066956
vt 0.479918 0.067141
vt 0.476733 0.083331
vt 0.481035 0.083264
vt 0.940316 0.988674
vt 0.940940 0.987592
vt 0.476550 0.000783
vt 0.475346 0.000701
vt 0.942023 0.986967
vt 0.474465 0.000640
vt 0.943273 0.991632
vt 0.956241 0.987592
vt 0.956866 0.988674
vt 0.956867 0.989924
vt 0.494995 0.116886
vt 0.496297 0.101028
vt 0.496202 0.116895
vt 0.497410 0.116918
vt 0.498293 0.116949
vt 0.497506 0.100848
vt 0.952203 0.988674
vt 0.955160 0.991632
vt 0.956242 0.991007
vt 0.165998 0.370698
vt 0.167202 0.370620
vt 0.169928 0.386969
vt 0.498392 0.100426
vt 0.168820 0.387621
vt 0.171310 0.403397
vt 0.172195 0.403326
vt 0.497096 0.083919
vt 0.164793 0.370777
vt 0.167707 0.388247
vt 0.170102 0.403244
vt 0.163910 0.370838
vt 0.166886 0.388680
vt 0.203791 0.469417
vt 0.204979 0.455179
vt 0.204670 0.469032
vt 0.204112 0.454701
vt 0.168895 0.402908
vt 0.167337 0.404313
vt 0.168012 0.402480
vt 0.168462 0.404908
vt 0.168704 0.406632
vt 0.170003 0.405355
vt 0.205435 0.451535
vt 0.204861 0.453402
vt 0.203759 0.452744
vt 0.204576 0.450993
vt 0.207023 0.436220
vt 0.207869 0.436843
vt 0.169910 0.406993
vt 0.167888 0.421463
vt 0.171546 0.405534
vt 0.171118 0.407124
vt 0.169091 0.421867
vt 0.172679 0.405397
vt 0.498311 0.081789
vt 0.496619 0.080279
vt 0.497490 0.080233
vt 0.497194 0.081815
vt 0.495678 0.082178
vt 0.495436 0.080598
vt 0.494259 0.081105
vt 0.491763 0.066579
vt 0.492924 0.065974
vt 0.494168 0.082779
vt 0.490920 0.067218
vt 0.193883 0.404412
vt 0.195440 0.405645
vt 0.194565 0.406148
vt 0.493403 0.081663
vt 0.490116 0.066152
vt 0.197588 0.420667
vt 0.196044 0.421200
vt 0.196318 0.420166
vt 0.197518 0.419755
vt 0.198685 0.435074
vt 0.996333 0.522629
vt 0.994776 0.522235
vt 0.995133 0.521401
vt 0.200227 0.434739
vt 0.199144 0.420498
vt 0.996343 0.521708
vt 0.997549 0.521401
vt 0.997884 0.522234
vt 0.200294 0.420738
vt 0.201357 0.434740
vt 0.209240 0.436435
vt 0.212971 0.423005
vt 0.210746 0.436956
vt 0.209033 0.437437
vt 0.210204 0.437844
vt 0.206615 0.452031
vt 0.206374 0.453990
vt 0.207799 0.452349
vt 0.198742 0.405273
vt 0.199621 0.419815
vt 0.198727 0.419626
vt 0.197852 0.405140
vt 0.199220 0.403299
vt 0.207893 0.454350
vt 0.198084 0.403161
vt 0.209010 0.454385
vt 0.207364 0.455820
vt 0.206169 0.455588
vt 0.205876 0.468912
vt 0.206086 0.487022
vt 0.207085 0.469090
vt 0.207293 0.486996
vt 0.207974 0.469518
vt 0.208243 0.455811
vt 0.199623 0.388573
vt 0.198545 0.401792
vt 0.197658 0.401721
vt 0.198813 0.388070
vt 0.196450 0.401878
vt 0.197701 0.387422
vt 0.195246 0.402222
vt 0.196541 0.403346
vt 0.195003 0.403804
vt 0.196643 0.405276
vt 0.494715 0.084572
vt 0.493850 0.085066
vt 0.493069 0.083457
vt 0.495091 0.100920
vt 0.495903 0.084153
vt 0.494209 0.100550
vt 0.494111 0.116893
vt 0.955159 0.986967
vt 0.953910 0.986967
vt 0.200391 0.370691
vt 0.196585 0.386804
vt 0.199186 0.370620
vt 0.952828 0.987592
vt 0.201596 0.370764
vt 0.202479 0.370819
vt 0.952828 0.991007
vt 0.952203 0.989924
vt 0.204879 0.487042
vt 0.207742 0.435670
vt 0.211429 0.422732
vt 0.166338 0.422117
vt 0.167013 0.420889
vt 0.209904 0.422157
vt 0.206653 0.434866
vt 0.167464 0.422858
vt 0.169012 0.423380
vt 0.208804 0.421436
vt 0.166517 0.436356
vt 0.168061 0.436926
vt 0.170568 0.423543
vt 0.170301 0.421991
vt 0.171192 0.421802
vt 0.171715 0.423303
vt 0.170733 0.437254
vt 0.494197 0.064027
vt 0.490362 0.050464
vt 0.491902 0.050188
vt 0.492694 0.064550
vt 0.494092 0.065566
vt 0.488840 0.051052
vt 0.489054 0.049834
vt 0.490243 0.049443
vt 0.491200 0.065328
vt 0.487744 0.051794
vt 0.196017 0.436325
vt 0.197144 0.435654
vt 0.197629 0.437122
vt 0.196750 0.437610
vt 0.199854 0.454971
vt 0.201083 0.454777
vt 0.198825 0.436662
vt 0.201308 0.470637
vt 0.202479 0.470528
vt 0.202247 0.454258
vt 0.201646 0.487381
vt 0.208094 0.387473
vt 0.206159 0.370645
vt 0.207134 0.370620
vt 0.207137 0.387770
vt 0.211327 0.403623
vt 0.210464 0.404399
vt 0.205922 0.388086
vt 0.204923 0.370670
vt 0.924189 0.991632
vt 0.922482 0.989924
vt 0.927147 0.988674
vt 0.923107 0.987592
vt 0.923107 0.991007
vt 0.203759 0.370688
vt 0.922482 0.988674
vt 0.163910 0.469797
vt 0.165854 0.487370
vt 0.164880 0.487436
vt 0.926522 0.987592
vt 0.166113 0.469578
vt 0.167087 0.487289
vt 0.164878 0.469620
vt 0.925439 0.986967
vt 0.924189 0.986967
vt 0.495309 0.017622
vt 0.496181 0.000646
vt 0.497417 0.000667
vt 0.496526 0.017934
vt 0.498392 0.000696
vt 0.493394 0.034145
vt 0.497485 0.018236
vt 0.492255 0.033410
vt 0.491148 0.032918
vt 0.198890 0.454787
vt 0.199105 0.470437
vt 0.494158 0.017384
vt 0.495017 0.000640
vt 0.200073 0.470604
vt 0.198277 0.487181
vt 0.200483 0.487310
vt 0.199250 0.487237
vt 0.927147 0.989924
vt 0.926522 0.991007
vt 0.925439 0.991632
vt 0.494261 0.034925
vt 0.167408 0.452887
vt 0.167284 0.469684
vt 0.168249 0.487214
vt 0.169151 0.438118
vt 0.166241 0.452373
vt 0.491448 0.049309
vt 0.492346 0.049469
vt 0.167957 0.437814
vt 0.169605 0.437255
vt 0.996231 0.691723
vt 0.994776 0.692585
vt 0.994984 0.691708
vt 0.996384 0.692585
vt 0.165011 0.452187
vt 0.166757 0.437362
vt 0.164047 0.452381
vt 0.210367 0.420931
vt 0.209509 0.420404
vt 0.165874 0.436884
vt 0.208225 0.405642
vt 0.209329 0.405138
vt 0.211559 0.421312
vt 0.212765 0.421443
vt 0.213662 0.421290
vt 0.214116 0.422905
vt 0.200019 0.436353
vt 0.204773 0.388337
vt 0.172007 0.406991
vt 0.953911 0.991632
vt 0.073396 0.486141
vt 0.051123 0.486141
vt 0.063741 0.468646
vt 0.060778 0.468646
vt 0.063741 0.462501
vt 0.635343 0.077256
vt 0.635343 0.083401
vt 0.615995 0.083401
vt 0.689790 0.932386
vt 0.680158 0.913037
vt 0.689790 0.913037
vt 0.073397 0.472145
vt 0.615995 0.077256
vt 0.630094 0.069009
vt 0.127609 0.453363
vt 0.124646 0.453363
vt 0.124646 0.445117
vt 0.124646 0.459508
vt 0.127609 0.445117
vt 0.127609 0.459508
vt 0.615389 0.177109
vt 0.620639 0.168862
vt 0.629488 0.168862
vt 0.634738 0.177109
vt 0.615389 0.183254
vt 0.114991 0.477003
vt 0.634738 0.183254
vt 0.700748 0.912558
vt 0.691069 0.931907
vt 0.691069 0.912558
vt 0.137265 0.477003
vt 0.700748 0.931907
vt 0.137265 0.463007
vt 0.138736 0.477003
vt 0.648227 0.823077
vt 0.648227 0.800804
vt 0.651129 0.804145
vt 0.648227 0.799333
vt 0.651129 0.803115
vt 0.651635 0.801229
vt 0.910255 0.267027
vt 0.917284 0.268057
vt 0.910255 0.268057
vt 0.910255 0.265141
vt 0.917284 0.267027
vt 0.917284 0.283649
vt 0.887118 0.071699
vt 0.887118 0.056108
vt 0.900662 0.056108
vt 0.890890 0.051306
vt 0.887118 0.055078
vt 0.896889 0.076501
vt 0.890890 0.076501
vt 0.887118 0.072729
vt 0.910255 0.283649
vt 0.900662 0.071699
vt 0.917284 0.284679
vt 0.651129 0.819736
vt 0.651129 0.820766
vt 0.910255 0.284679
vt 0.648227 0.824549
vt 0.651635 0.822652
vt 0.917284 0.286565
vt 0.910255 0.286565
vt 0.114991 0.463007
vt 0.113520 0.477003
vt 0.113520 0.463007
vt 0.110825 0.463007
vt 0.110825 0.477003
vt 0.648949 0.827243
vt 0.108853 0.463007
vt 0.108853 0.477003
vt 0.653015 0.824033
vt 0.650921 0.829215
vt 0.653616 0.829937
vt 0.239378 0.971915
vt 0.236684 0.971915
vt 0.236684 0.957919
vt 0.239378 0.957919
vt 0.678687 0.932386
vt 0.673298 0.926997
vt 0.680158 0.932386
vt 0.674020 0.929691
vt 0.228113 0.971915
vt 0.228113 0.957919
vt 0.673298 0.918426
vt 0.678687 0.913037
vt 0.225418 0.971915
vt 0.225418 0.957919
vt 0.675993 0.913759
vt 0.674020 0.915732
vt 0.074868 0.472145
vt 0.077562 0.472145
vt 0.077562 0.486141
vt 0.079535 0.472145
vt 0.666854 0.827243
vt 0.664881 0.829215
vt 0.662787 0.824033
vt 0.079535 0.486141
vt 0.074868 0.486141
vt 0.667576 0.824549
vt 0.664168 0.822652
vt 0.667576 0.823077
vt 0.664673 0.820766
vt 0.664673 0.819736
vt 0.895811 0.102379
vt 0.902840 0.103409
vt 0.895811 0.103409
vt 0.902840 0.102379
vt 0.895811 0.100493
vt 0.900662 0.072729
vt 0.898776 0.075995
vt 0.900156 0.074615
vt 0.902840 0.100493
vt 0.970538 0.491554
vt 0.970538 0.484526
vt 0.971918 0.484526
vt 0.971918 0.491554
vt 0.968652 0.491554
vt 0.968652 0.484526
vt 0.654901 0.824538
vt 0.660901 0.824538
vt 0.962652 0.491554
vt 0.662187 0.829937
vt 0.962652 0.484526
vt 0.960766 0.491554
vt 0.664673 0.804145
vt 0.902840 0.119000
vt 0.895811 0.119000
vt 0.667576 0.800804
vt 0.664673 0.803115
vt 0.902840 0.120030
vt 0.895811 0.120030
vt 0.902840 0.121916
vt 0.896889 0.051306
vt 0.898776 0.051811
vt 0.900662 0.055078
vt 0.900156 0.053192
vt 0.053724 0.976051
vt 0.060752 0.976051
vt 0.060752 0.982051
vt 0.053724 0.974165
vt 0.060752 0.974165
vt 0.662187 0.793944
vt 0.660901 0.799343
vt 0.654901 0.799343
vt 0.662787 0.799849
vt 0.053724 0.982051
vt 0.653616 0.793944
vt 0.060752 0.983937
vt 0.053724 0.983937
vt 0.653015 0.799849
vt 0.221444 0.971915
vt 0.212873 0.971915
vt 0.212873 0.957919
vt 0.210179 0.971915
vt 0.650921 0.794666
vt 0.210179 0.957919
vt 0.707608 0.926518
vt 0.706886 0.929213
vt 0.702220 0.931907
vt 0.221444 0.957919
vt 0.707608 0.917947
vt 0.143403 0.463007
vt 0.143403 0.477003
vt 0.141430 0.477003
vt 0.141430 0.463007
vt 0.704914 0.931185
vt 0.138736 0.463007
vt 0.648949 0.796639
vt 0.702220 0.912558
vt 0.704914 0.913280
vt 0.224139 0.971915
vt 0.706886 0.915253
vt 0.224139 0.957919
vt 0.664881 0.794666
vt 0.046957 0.486141
vt 0.044985 0.486141
vt 0.044985 0.472145
vt 0.666854 0.796639
vt 0.049652 0.472145
vt 0.049652 0.486141
vt 0.667576 0.799333
vt 0.664168 0.801229
vt 0.046957 0.472145
vt 0.895811 0.121916
vt 0.902840 0.123297
vt 0.895811 0.123297
vt 0.051123 0.472145
vt 0.060752 0.985318
vt 0.053724 0.985318
vt 0.917284 0.265141
vt 0.887623 0.053192
vt 0.889004 0.051811
vt 0.959385 0.491554
vt 0.960766 0.484526
vt 0.959385 0.484526
vt 0.889004 0.075995
vt 0.887623 0.074615
vt 0.675993 0.931664
vt 0.063741 0.454254
vt 0.060778 0.462501
vt 0.060778 0.454254
vt 0.621244 0.069009
vt 0.630094 0.042020
vt 0.063741 0.427266
vt 0.621244 0.042020
vt 0.127609 0.418128
vt 0.124646 0.418128
vt 0.127609 0.391139
vt 0.124646 0.391139
vt 0.630094 0.015032
vt 0.629488 0.114884
vt 0.629488 0.141873
vt 0.620639 0.141873
vt 0.620639 0.114884
vt 0.060778 0.427266
vt 0.060778 0.400277
vt 0.063741 0.400277
vt 0.060778 0.392030
vt 0.063741 0.392030
vt 0.621244 0.015032
vt 0.615995 0.006785
vt 0.635343 0.006785
vt 0.124646 0.382892
vt 0.127609 0.382892
vt 0.124646 0.376748
vt 0.635343 0.000640
vt 0.615995 0.000640
vt 0.728991 0.913136
vt 0.719360 0.932484
vt 0.719360 0.913136
vt 0.728991 0.932484
vt 0.114991 0.359253
vt 0.137265 0.359253
vt 0.127609 0.376748
vt 0.114991 0.373249
vt 0.113520 0.359253
vt 0.324393 0.166015
vt 0.324393 0.164544
vt 0.327296 0.168326
vt 0.327296 0.169356
vt 0.327296 0.184947
vt 0.324393 0.188288
vt 0.327296 0.185977
vt 0.917109 0.176577
vt 0.910081 0.175547
vt 0.917109 0.175547
vt 0.917109 0.192168
vt 0.910081 0.176577
vt 0.886802 0.284508
vt 0.886802 0.268917
vt 0.900346 0.268917
vt 0.900346 0.284508
vt 0.886802 0.285538
vt 0.890574 0.289310
vt 0.896574 0.289310
vt 0.910081 0.192168
vt 0.052444 0.976051
vt 0.045416 0.976051
vt 0.045416 0.974165
vt 0.898460 0.288805
vt 0.900346 0.285538
vt 0.052444 0.982051
vt 0.045416 0.982051
vt 0.902327 0.665900
vt 0.895299 0.665900
vt 0.895299 0.664870
vt 0.902327 0.667786
vt 0.899841 0.287424
vt 0.895299 0.667786
vt 0.343742 0.189759
vt 0.343020 0.192454
vt 0.340334 0.187863
vt 0.340840 0.185977
vt 0.338954 0.189244
vt 0.902327 0.669166
vt 0.049652 0.382386
vt 0.046957 0.368390
vt 0.049652 0.368390
vt 0.341048 0.194426
vt 0.044985 0.382386
vt 0.044985 0.368390
vt 0.046957 0.382386
vt 0.752576 0.930452
vt 0.749882 0.931174
vt 0.755270 0.925785
vt 0.754549 0.928480
vt 0.748411 0.931174
vt 0.267163 0.971915
vt 0.269857 0.957919
vt 0.269857 0.971915
vt 0.748411 0.911825
vt 0.755270 0.917214
vt 0.258592 0.971915
vt 0.267163 0.957919
vt 0.738731 0.911825
vt 0.137265 0.373249
vt 0.749882 0.911825
vt 0.138736 0.359253
vt 0.138736 0.373249
vt 0.324393 0.189759
vt 0.141430 0.359253
vt 0.327801 0.187863
vt 0.325115 0.192454
vt 0.329182 0.189244
vt 0.910081 0.173661
vt 0.917109 0.173661
vt 0.052444 0.985318
vt 0.045416 0.985318
vt 0.045416 0.983937
vt 0.052444 0.983937
vt 0.888688 0.288805
vt 0.887308 0.287424
vt 0.327088 0.194426
vt 0.329782 0.195148
vt 0.331068 0.189749
vt 0.255898 0.957919
vt 0.258592 0.957919
vt 0.141430 0.373249
vt 0.143403 0.359253
vt 0.143403 0.373249
vt 0.255898 0.971915
vt 0.752576 0.912547
vt 0.754549 0.914520
vt 0.337067 0.189749
vt 0.338353 0.195148
vt 0.060778 0.385885
vt 0.051123 0.382386
vt 0.051123 0.368390
vt 0.738731 0.931174
vt 0.073396 0.368390
vt 0.343742 0.188288
vt 0.343742 0.166015
vt 0.340840 0.184947
vt 0.073397 0.382386
vt 0.063741 0.385885
vt 0.074868 0.368390
vt 0.340840 0.169356
vt 0.340840 0.168326
vt 0.343742 0.164544
vt 0.340334 0.166440
vt 0.902327 0.648248
vt 0.895299 0.646362
vt 0.902327 0.646362
vt 0.895299 0.648248
vt 0.902327 0.649278
vt 0.895299 0.649278
vt 0.898460 0.264621
vt 0.899841 0.266001
vt 0.900346 0.267887
vt 0.896574 0.264115
vt 0.968652 0.476218
vt 0.968652 0.483246
vt 0.962652 0.483246
vt 0.890574 0.264115
vt 0.970538 0.476218
vt 0.970538 0.483246
vt 0.338353 0.159155
vt 0.337067 0.164554
vt 0.331068 0.164554
vt 0.338954 0.165059
vt 0.962652 0.476218
vt 0.329782 0.159155
vt 0.329182 0.165059
vt 0.960766 0.483246
vt 0.960766 0.476218
vt 0.243352 0.957919
vt 0.251924 0.957919
vt 0.251924 0.971915
vt 0.254618 0.957919
vt 0.327088 0.159877
vt 0.735851 0.918524
vt 0.735851 0.927095
vt 0.730463 0.932484
vt 0.254618 0.971915
vt 0.735129 0.929790
vt 0.243352 0.971915
vt 0.733157 0.913857
vt 0.735129 0.915830
vt 0.240658 0.957919
vt 0.240658 0.971915
vt 0.730463 0.913136
vt 0.074868 0.382386
vt 0.077562 0.382386
vt 0.341048 0.159877
vt 0.079535 0.368390
vt 0.079535 0.382386
vt 0.077562 0.368390
vt 0.343020 0.161849
vt 0.110825 0.373249
vt 0.108853 0.373249
vt 0.108853 0.359253
vt 0.733157 0.931762
vt 0.110825 0.359253
vt 0.113520 0.373249
vt 0.325115 0.161849
vt 0.327801 0.166440
vt 0.959385 0.483246
vt 0.959385 0.476218
vt 0.917109 0.195084
vt 0.910081 0.195084
vt 0.910081 0.193198
vt 0.917109 0.193198
vt 0.887308 0.266001
vt 0.888688 0.264621
vt 0.886802 0.267887
vt 0.971918 0.476218
vt 0.971918 0.483246
vt 0.902327 0.664870
vt 0.615389 0.106638
vt 0.615389 0.100493
vt 0.634738 0.100493
vt 0.634738 0.106638
vt 0.895299 0.669166
vt 0.052444 0.974165
vt 0.981605 0.347502
vt 0.979772 0.348384
vt 0.977739 0.348384
vt 0.136121 0.571952
vt 0.138155 0.561124
vt 0.138155 0.571952
vt 0.136121 0.561124
vt 0.134289 0.561124
vt 0.134289 0.571952
vt 0.983325 0.343929
vt 0.982872 0.345912
vt 0.560222 0.194162
vt 0.561812 0.183334
vt 0.561812 0.194162
vt 0.558239 0.194162
vt 0.560222 0.183334
vt 0.556257 0.183334
vt 0.558239 0.183334
vt 0.556257 0.194162
vt 0.981605 0.340357
vt 0.982872 0.341947
vt 0.974639 0.345912
vt 0.974187 0.343929
vt 0.974639 0.341947
vt 0.975907 0.340357
vt 0.977739 0.339474
vt 0.979772 0.339474
vt 0.563435 0.521655
vt 0.565418 0.521655
vt 0.565418 0.532484
vt 0.563435 0.532484
vt 0.567008 0.532484
vt 0.567008 0.521655
vt 0.563435 0.515776
vt 0.567241 0.515776
vt 0.570293 0.515776
vt 0.563435 0.485649
vt 0.567241 0.485649
vt 0.559630 0.515776
vt 0.567241 0.455522
vt 0.563435 0.455522
vt 0.559630 0.455522
vt 0.559630 0.485649
vt 0.556578 0.515776
vt 0.556578 0.485649
vt 0.556578 0.455522
vt 0.139090 0.555244
vt 0.139090 0.525118
vt 0.142607 0.525118
vt 0.142607 0.555244
vt 0.139090 0.494991
vt 0.142607 0.494991
vt 0.135187 0.555244
vt 0.135187 0.525118
vt 0.135187 0.494991
vt 0.136121 0.489111
vt 0.131670 0.494991
vt 0.138155 0.489111
vt 0.136121 0.478283
vt 0.134289 0.489111
vt 0.134289 0.478283
vt 0.977739 0.358573
vt 0.975907 0.357691
vt 0.974187 0.354118
vt 0.561812 0.111321
vt 0.560222 0.100493
vt 0.561812 0.100493
vt 0.974639 0.356101
vt 0.979772 0.358573
vt 0.560222 0.111321
vt 0.558239 0.100493
vt 0.974639 0.352136
vt 0.975907 0.350546
vt 0.556257 0.111321
vt 0.556257 0.100493
vt 0.558239 0.111321
vt 0.979772 0.349663
vt 0.982872 0.352136
vt 0.983325 0.354118
vt 0.977739 0.349663
vt 0.568459 0.329909
vt 0.566627 0.340738
vt 0.566627 0.329909
vt 0.568459 0.340738
vt 0.554667 0.111321
vt 0.554667 0.100493
vt 0.567562 0.346618
vt 0.551382 0.117201
vt 0.571079 0.346618
vt 0.564594 0.340738
vt 0.567562 0.376744
vt 0.563659 0.376744
vt 0.563659 0.346618
vt 0.564594 0.329909
vt 0.562761 0.340738
vt 0.567008 0.438814
vt 0.567008 0.449642
vt 0.565418 0.449642
vt 0.570293 0.455522
vt 0.560142 0.346618
vt 0.562761 0.329909
vt 0.981605 0.350546
vt 0.565418 0.438814
vt 0.570293 0.485649
vt 0.560142 0.376744
vt 0.563659 0.406871
vt 0.560142 0.406871
vt 0.562761 0.412751
vt 0.564594 0.412751
vt 0.567562 0.406871
vt 0.566627 0.412751
vt 0.571079 0.406871
vt 0.568459 0.412751
vt 0.568459 0.423579
vt 0.554667 0.183334
vt 0.554667 0.194162
vt 0.551382 0.177454
vt 0.566627 0.423579
vt 0.571079 0.376744
vt 0.551382 0.147328
vt 0.554434 0.177454
vt 0.558239 0.177454
vt 0.554434 0.147328
vt 0.562045 0.147328
vt 0.562045 0.177454
vt 0.558239 0.147328
vt 0.562045 0.117201
vt 0.558239 0.117201
vt 0.554434 0.117201
vt 0.565096 0.147328
vt 0.565096 0.117201
vt 0.131670 0.525118
vt 0.131670 0.555244
vt 0.565096 0.177454
vt 0.564594 0.423579
vt 0.563435 0.449642
vt 0.563435 0.438814
vt 0.561453 0.449642
vt 0.561453 0.438814
vt 0.982872 0.356101
vt 0.559863 0.438814
vt 0.981605 0.357691
vt 0.559863 0.449642
vt 0.139987 0.489111
vt 0.138155 0.478283
vt 0.139987 0.478283
vt 0.139987 0.561124
vt 0.559863 0.521655
vt 0.559863 0.532484
vt 0.561453 0.521655
vt 0.139987 0.571952
vt 0.561453 0.532484
vt 0.975907 0.347502
vt 0.562761 0.423579
vt 0.974187 0.323551
vt 0.974639 0.321569
vt 0.977739 0.319097
vt 0.269883 0.576955
vt 0.271715 0.566127
vt 0.271715 0.576955
vt 0.269883 0.566127
vt 0.267849 0.566127
vt 0.267849 0.576955
vt 0.974639 0.325534
vt 0.558153 0.279848
vt 0.560136 0.279848
vt 0.560136 0.290676
vt 0.558153 0.290676
vt 0.979773 0.319097
vt 0.981605 0.319979
vt 0.562119 0.279848
vt 0.562119 0.290676
vt 0.977739 0.328006
vt 0.975907 0.327124
vt 0.981605 0.327124
vt 0.979773 0.328006
vt 0.975907 0.319979
vt 0.556564 0.279848
vt 0.556564 0.290676
vt 0.149557 0.570735
vt 0.151540 0.559907
vt 0.151540 0.570735
vt 0.153522 0.570735
vt 0.153522 0.559907
vt 0.149557 0.559907
vt 0.155345 0.554027
vt 0.151540 0.554027
vt 0.147734 0.554027
vt 0.151540 0.523900
vt 0.144682 0.554027
vt 0.147734 0.523900
vt 0.147734 0.493774
vt 0.144682 0.493774
vt 0.144682 0.523900
vt 0.256403 0.529764
vt 0.252887 0.499637
vt 0.256403 0.499637
vt 0.252887 0.529764
vt 0.252887 0.559891
vt 0.256403 0.559891
vt 0.253784 0.565770
vt 0.251952 0.565770
vt 0.248983 0.559891
vt 0.249918 0.565770
vt 0.245467 0.559891
vt 0.248983 0.529764
vt 0.249918 0.576599
vt 0.248086 0.565770
vt 0.248086 0.576599
vt 0.563708 0.279848
vt 0.563708 0.290676
vt 0.563941 0.273968
vt 0.566993 0.273968
vt 0.566993 0.243841
vt 0.560136 0.273968
vt 0.563941 0.243841
vt 0.560136 0.243841
vt 0.560136 0.213714
vt 0.563941 0.213714
vt 0.556331 0.213714
vt 0.558153 0.207835
vt 0.560136 0.207835
vt 0.562119 0.207835
vt 0.560136 0.197006
vt 0.562119 0.197006
vt 0.975907 0.330168
vt 0.977739 0.329286
vt 0.979773 0.329286
vt 0.563708 0.207835
vt 0.563708 0.197006
vt 0.249918 0.493758
vt 0.248086 0.493758
vt 0.248086 0.482929
vt 0.248983 0.499637
vt 0.245467 0.499637
vt 0.566993 0.213714
vt 0.251952 0.493758
vt 0.253784 0.493758
vt 0.251952 0.482929
vt 0.249918 0.482929
vt 0.974187 0.333740
vt 0.974639 0.331758
vt 0.253784 0.482929
vt 0.149557 0.487894
vt 0.147967 0.487894
vt 0.147967 0.477066
vt 0.974639 0.335723
vt 0.975907 0.337313
vt 0.149557 0.477066
vt 0.151540 0.487894
vt 0.151540 0.477066
vt 0.977739 0.338195
vt 0.979773 0.338195
vt 0.153522 0.477066
vt 0.153522 0.487894
vt 0.981605 0.337313
vt 0.982873 0.331758
vt 0.155112 0.477066
vt 0.983325 0.333740
vt 0.982873 0.335723
vt 0.271715 0.483286
vt 0.269883 0.494114
vt 0.269883 0.483286
vt 0.271715 0.494114
vt 0.981605 0.330168
vt 0.558153 0.197006
vt 0.556564 0.207835
vt 0.556564 0.197006
vt 0.267849 0.494114
vt 0.267849 0.483286
vt 0.266017 0.494114
vt 0.266017 0.483286
vt 0.266914 0.499994
vt 0.270817 0.499994
vt 0.266914 0.530120
vt 0.270817 0.530120
vt 0.274334 0.499994
vt 0.263397 0.530120
vt 0.266914 0.560247
vt 0.270817 0.560247
vt 0.155345 0.523900
vt 0.158397 0.523900
vt 0.158397 0.554027
vt 0.263397 0.560247
vt 0.158397 0.493774
vt 0.263397 0.499994
vt 0.155345 0.493774
vt 0.155112 0.487894
vt 0.151540 0.493774
vt 0.266017 0.566127
vt 0.155112 0.559907
vt 0.155112 0.570735
vt 0.266017 0.576955
vt 0.274334 0.560247
vt 0.553279 0.273968
vt 0.556331 0.273968
vt 0.556331 0.243841
vt 0.553279 0.243841
vt 0.274334 0.530120
vt 0.553279 0.213714
vt 0.245467 0.529764
vt 0.982873 0.321569
vt 0.983325 0.323551
vt 0.251952 0.576599
vt 0.253784 0.576599
vt 0.982873 0.325534
vt 0.147967 0.570735
vt 0.147967 0.559907
vt 0.173959 0.568170
vt 0.173959 0.488972
vt 0.191808 0.541848
vt 0.374672 0.536390
vt 0.368974 0.457886
vt 0.374736 0.458028
vt 0.368974 0.536658
vt 0.188824 0.558348
vt 0.187755 0.564264
vt 0.190739 0.547764
vt 0.745645 0.530752
vt 0.746911 0.536448
vt 0.717422 0.543979
vt 0.201933 0.579418
vt 0.778284 0.574823
vt 0.776921 0.580518
vt 0.761650 0.569915
vt 0.342899 0.992808
vt 0.337202 0.992979
vt 0.337202 0.986967
vt 0.203734 0.569489
vt 0.755996 0.574699
vt 0.756536 0.571000
vt 0.874461 0.179751
vt 0.864378 0.179006
vt 0.864868 0.175181
vt 0.758805 0.566089
vt 0.755389 0.571974
vt 0.753120 0.570923
vt 0.122739 0.774001
vt 0.134335 0.773799
vt 0.134335 0.789289
vt 0.133725 0.770061
vt 0.122739 0.789289
vt 0.122382 0.770225
vt 0.753120 0.555635
vt 0.753120 0.540347
vt 0.758805 0.545181
vt 0.758805 0.555635
vt 0.122739 0.804577
vt 0.756536 0.540270
vt 0.755389 0.539296
vt 0.755996 0.536571
vt 0.133725 0.808517
vt 0.122382 0.808353
vt 0.134335 0.804779
vt 0.711412 0.578232
vt 0.708520 0.574494
vt 0.714551 0.570309
vt 0.708520 0.559004
vt 0.717422 0.574028
vt 0.874461 0.149703
vt 0.875152 0.153422
vt 0.864868 0.154273
vt 0.875152 0.164727
vt 0.714551 0.559004
vt 0.864868 0.164727
vt 0.875152 0.176032
vt 0.714551 0.547698
vt 0.708520 0.543514
vt 0.711412 0.539775
vt 0.864378 0.150447
vt 0.745645 0.587256
vt 0.059101 0.578123
vt 0.057300 0.568194
vt 0.073279 0.562970
vt 0.087075 0.566876
vt 0.746911 0.581559
vt 0.107573 0.359253
vt 0.107573 0.438024
vt 0.101875 0.437756
vt 0.593556 0.070946
vt 0.593521 0.076786
vt 0.580525 0.083482
vt 0.593620 0.060018
vt 0.593655 0.054179
vt 0.566981 0.005053
vt 0.614715 0.090804
vt 0.349890 0.986967
vt 0.349890 0.992979
vt 0.344193 0.992808
vt 0.344186 0.986968
vt 0.614422 0.079460
vt 0.776921 0.530752
vt 0.761650 0.541356
vt 0.778284 0.536447
vt 0.778354 0.660560
vt 0.763344 0.650038
vt 0.779719 0.654856
vt 0.072210 0.557053
vt 0.055692 0.557772
vt 0.070295 0.546469
vt 0.069226 0.540553
vt 0.780898 0.438814
vt 0.782265 0.444526
vt 0.765835 0.449338
vt 0.328922 0.986967
vt 0.328922 0.992979
vt 0.323208 0.992807
vt 0.054511 0.551628
vt 0.757089 0.448711
vt 0.760202 0.444537
vt 0.873788 0.783996
vt 0.868378 0.784084
vt 0.867852 0.779875
vt 0.874101 0.779780
vt 0.762776 0.453547
vt 0.757089 0.463556
vt 0.762776 0.463556
vt 0.873788 0.794092
vt 0.868378 0.794092
vt 0.762776 0.473564
vt 0.868378 0.804101
vt 0.757089 0.478401
vt 0.765835 0.477773
vt 0.867852 0.808310
vt 0.873788 0.804189
vt 0.742613 0.190942
vt 0.737326 0.176098
vt 0.742613 0.176098
vt 0.737326 0.190976
vt 0.743000 0.195116
vt 0.760202 0.482575
vt 0.736975 0.195158
vt 0.754531 0.635725
vt 0.754531 0.620848
vt 0.760273 0.625629
vt 0.763344 0.621413
vt 0.757648 0.616665
vt 0.566839 0.168538
vt 0.566798 0.162514
vt 0.587471 0.159871
vt 0.587534 0.170799
vt 0.778354 0.610891
vt 0.600566 0.183335
vt 0.587570 0.176639
vt 0.342906 0.986968
vt 0.779719 0.616595
vt 0.587435 0.154032
vt 0.335915 0.992807
vt 0.330201 0.986967
vt 0.335922 0.986967
vt 0.330202 0.992979
vt 0.780898 0.488297
vt 0.782265 0.482586
vt 0.614110 0.104906
vt 0.767837 0.011143
vt 0.762136 0.006383
vt 0.782846 0.000640
vt 0.784215 0.006360
vt 0.566736 0.151770
vt 0.587423 0.143108
vt 0.587426 0.137272
vt 0.314907 0.987113
vt 0.314905 0.992953
vt 0.309172 0.992981
vt 0.791698 0.432245
vt 0.776596 0.421912
vt 0.793069 0.426517
vt 0.770955 0.426731
vt 0.566702 0.145746
vt 0.160044 0.774240
vt 0.154758 0.774273
vt 0.154371 0.770129
vt 0.767830 0.422587
vt 0.160396 0.770061
vt 0.160044 0.789011
vt 0.759014 0.025333
vt 0.759014 0.010562
vt 0.764760 0.015356
vt 0.764760 0.025333
vt 0.869578 0.292368
vt 0.870105 0.288194
vt 0.875515 0.288282
vt 0.875829 0.292494
vt 0.875515 0.278305
vt 0.870105 0.278305
vt 0.767830 0.407849
vt 0.773521 0.407849
vt 0.773521 0.417738
vt 0.154758 0.789011
vt 0.154758 0.803749
vt 0.773521 0.397959
vt 0.767830 0.393111
vt 0.870105 0.268415
vt 0.776596 0.393786
vt 0.875515 0.268328
vt 0.869578 0.264242
vt 0.764760 0.035310
vt 0.759014 0.040104
vt 0.875829 0.264115
vt 0.767837 0.039522
vt 0.762136 0.044283
vt 0.782846 0.050026
vt 0.784215 0.044306
vt 0.052705 0.541272
vt 0.067360 0.529963
vt 0.051534 0.535125
vt 0.791698 0.383453
vt 0.793069 0.389180
vt 0.316187 0.987113
vt 0.321922 0.992981
vt 0.316189 0.992953
vt 0.321922 0.986967
vt 0.066328 0.524041
vt 0.087075 0.487678
vt 0.101811 0.359394
vt 0.062749 0.487421
vt 0.699351 0.692168
vt 0.721873 0.681171
vt 0.723241 0.686934
vt 0.697979 0.686392
vt 0.055780 0.496295
vt 0.690939 0.693947
vt 0.590874 0.000640
vt 0.599257 0.008198
vt 0.689569 0.688177
vt 0.593665 0.037419
vt 0.614715 0.006657
vt 0.614531 0.035141
vt 0.674106 0.691527
vt 0.680180 0.696067
vt 0.073443 0.803723
vt 0.073786 0.807700
vt 0.045301 0.807325
vt 0.621646 0.783724
vt 0.630410 0.782918
vt 0.624699 0.787701
vt 0.645574 0.793125
vt 0.627394 0.778918
vt 0.621646 0.768930
vt 0.044985 0.803483
vt 0.073443 0.788929
vt 0.044985 0.788929
vt 0.627394 0.768930
vt 0.627394 0.758942
vt 0.621646 0.754136
vt 0.044985 0.774375
vt 0.073443 0.774135
vt 0.677119 0.699846
vt 0.677119 0.709924
vt 0.671031 0.709924
vt 0.671031 0.695370
vt 0.671031 0.724478
vt 0.677119 0.720001
vt 0.344822 0.873731
vt 0.344733 0.845739
vt 0.354810 0.845739
vt 0.680180 0.723780
vt 0.674106 0.728320
vt 0.340953 0.845962
vt 0.689569 0.731671
vt 0.690939 0.725901
vt 0.205254 0.497589
vt 0.216049 0.498375
vt 0.211385 0.526068
vt 0.340823 0.874039
vt 0.645574 0.744735
vt 0.646947 0.750471
vt 0.630410 0.754942
vt 0.624699 0.750159
vt 0.194706 0.525336
vt 0.566560 0.134994
vt 0.581834 0.108051
vt 0.566376 0.106510
vt 0.045301 0.770532
vt 0.073786 0.770157
vt 0.193674 0.531258
vt 0.309172 0.986967
vt 0.198285 0.488715
vt 0.699351 0.727680
vt 0.723241 0.732914
vt 0.721873 0.738677
vt 0.697979 0.733455
vt 0.590217 0.100493
vt 0.354810 0.873731
vt 0.364798 0.873731
vt 0.364888 0.845739
vt 0.368667 0.845962
vt 0.368798 0.874039
vt 0.646947 0.787389
vt 0.049649 0.524774
vt 0.044985 0.497080
vt 0.593668 0.043255
vt 0.614389 0.045893
vt 0.614355 0.051917
vt 0.770955 0.388966
vt 0.160044 0.803782
vt 0.154371 0.807893
vt 0.160396 0.807961
vt 0.209500 0.536420
vt 0.208329 0.542566
vt 0.205342 0.559066
vt 0.206523 0.552923
vt 0.874101 0.808405
vt 0.742613 0.161253
vt 0.737326 0.161220
vt 0.760273 0.635725
vt 0.760273 0.645822
vt 0.754531 0.650603
vt 0.736975 0.157038
vt 0.743000 0.157079
vt 0.757648 0.654786
vt 0.614252 0.068686
vt 0.614292 0.062661
vt 0.323201 0.986967
vt 0.566376 0.190657
vt 0.566669 0.179313
vt 0.977564 0.112944
vt 0.975418 0.111719
vt 0.974187 0.109597
vt 0.743499 0.100515
vt 0.741777 0.155742
vt 0.741777 0.100499
vt 0.743499 0.155758
vt 0.601656 0.694000
vt 0.599726 0.748122
vt 0.599726 0.693726
vt 0.159763 0.961530
vt 0.161257 0.957919
vt 0.161885 0.960299
vt 0.158048 0.959781
vt 0.601656 0.748396
vt 0.158538 0.963676
vt 0.156196 0.963027
vt 0.587638 0.971831
vt 0.585034 0.957928
vt 0.587638 0.957952
vt 0.290224 0.958333
vt 0.287307 0.971585
vt 0.287307 0.957919
vt 0.158538 0.966161
vt 0.156196 0.966786
vt 0.290224 0.972000
vt 0.293937 0.972103
vt 0.293937 0.958437
vt 0.185206 0.963036
vt 0.185206 0.966796
vt 0.180117 0.957919
vt 0.183343 0.959787
vt 0.176392 0.971961
vt 0.171303 0.966844
vt 0.173166 0.959823
vt 0.176392 0.957932
vt 0.585034 0.971807
vt 0.183343 0.970058
vt 0.581423 0.971798
vt 0.581423 0.957919
vt 0.164962 0.957939
vt 0.164334 0.960312
vt 0.168171 0.959835
vt 0.166456 0.961565
vt 0.577771 0.957927
vt 0.170023 0.963100
vt 0.167681 0.963724
vt 0.462088 0.971767
vt 0.458921 0.958055
vt 0.462088 0.957919
vt 0.577771 0.971806
vt 0.170023 0.966858
vt 0.167681 0.966209
vt 0.458921 0.971904
vt 0.455164 0.958067
vt 0.455164 0.971915
vt 0.171303 0.963085
vt 0.166456 0.968355
vt 0.168171 0.970104
vt 0.451825 0.957951
vt 0.620367 0.735931
vt 0.617975 0.735890
vt 0.617975 0.680745
vt 0.620367 0.680786
vt 0.740083 0.264213
vt 0.737875 0.319256
vt 0.737875 0.264136
vt 0.740083 0.319333
vt 0.164962 0.971966
vt 0.164334 0.969586
vt 0.161257 0.971947
vt 0.408820 0.957919
vt 0.405174 0.971829
vt 0.405174 0.957974
vt 0.412438 0.957981
vt 0.408820 0.971773
vt 0.402476 0.971987
vt 0.402476 0.958133
vt 0.180117 0.971949
vt 0.297451 0.958203
vt 0.297451 0.971869
vt 0.158048 0.970050
vt 0.159763 0.968320
vt 0.606434 0.748310
vt 0.604111 0.748465
vt 0.604111 0.694069
vt 0.161885 0.969574
vt 0.615564 0.735926
vt 0.613780 0.736031
vt 0.613780 0.680886
vt 0.606434 0.693914
vt 0.983474 0.107147
vt 0.982208 0.111719
vt 0.980049 0.112944
vt 0.615564 0.680782
vt 0.983461 0.109597
vt 0.980097 0.103801
vt 0.982243 0.105026
vt 0.975453 0.105026
vt 0.977612 0.103801
vt 0.742567 0.264205
vt 0.744661 0.319235
vt 0.744661 0.264115
vt 0.974199 0.107148
vt 0.739389 0.100493
vt 0.736975 0.155741
vt 0.736975 0.100498
vt 0.739390 0.155736
vt 0.742567 0.319326
vt 0.412438 0.971835
vt 0.451825 0.971799
vt 0.173166 0.970093
vt 0.039527 0.887421
vt 0.047430 0.875606
vt 0.047430 0.896839
vt 0.446654 0.845983
vt 0.467955 0.846891
vt 0.450872 0.860834
vt 0.468477 0.861584
vt 0.041121 0.876513
vt 0.884802 0.197787
vt 0.892254 0.197006
vt 0.892254 0.221948
vt 0.884802 0.222729
vt 0.469694 0.863735
vt 0.468694 0.863693
vt 0.466437 0.867657
vt 0.468694 0.870128
vt 0.457729 0.871286
vt 0.458094 0.869332
vt 0.457876 0.867224
vt 0.466219 0.865549
vt 0.508440 0.992751
vt 0.511249 0.986967
vt 0.511249 0.992570
vt 0.195351 0.980305
vt 0.198469 0.980147
vt 0.198097 0.985180
vt 0.194979 0.985338
vt 0.452840 0.864978
vt 0.194979 0.974323
vt 0.198097 0.974165
vt 0.451089 0.862942
vt 0.448394 0.862827
vt 0.453058 0.867087
vt 0.691069 0.883798
vt 0.691069 0.861314
vt 0.704574 0.864212
vt 0.446654 0.873940
vt 0.877821 0.790266
vt 0.875381 0.781364
vt 0.884540 0.779780
vt 0.710583 0.871365
vt 0.457243 0.874391
vt 0.886980 0.788682
vt 0.670655 0.073595
vt 0.674275 0.073216
vt 0.664892 0.080704
vt 0.884540 0.804902
vt 0.674275 0.098158
vt 0.664892 0.099141
vt 0.031583 0.899117
vt 0.031583 0.888563
vt 0.875381 0.806486
vt 0.710583 0.887985
vt 0.508440 0.987148
vt 0.022374 0.884487
vt 0.023967 0.873580
vt 0.990311 0.680895
vt 0.991588 0.681579
vt 0.992308 0.682811
vt 0.218534 0.986967
vt 0.223353 0.988384
vt 0.218105 0.988384
vt 0.223783 0.986967
vt 0.991213 0.991183
vt 0.992854 0.987399
vt 0.992854 0.991616
vt 0.991213 0.986967
vt 0.657059 0.322782
vt 0.655083 0.322041
vt 0.655321 0.321719
vt 0.654577 0.322261
vt 0.655814 0.323324
vt 0.657645 0.321991
vt 0.653763 0.328499
vt 0.654156 0.323512
vt 0.655422 0.328311
vt 0.652020 0.328295
vt 0.653902 0.322338
vt 0.653193 0.322255
vt 0.652413 0.323308
vt 0.650930 0.322752
vt 0.449836 0.992173
vt 0.449844 0.986967
vt 0.451556 0.987142
vt 0.451548 0.992347
vt 0.650002 0.321955
vt 0.652212 0.321704
vt 0.650538 0.327739
vt 0.652590 0.322029
vt 0.652135 0.321346
vt 0.382746 0.191974
vt 0.382049 0.192050
vt 0.382049 0.140731
vt 0.383444 0.192035
vt 0.298096 0.746116
vt 0.297559 0.746321
vt 0.295586 0.693403
vt 0.749568 0.382084
vt 0.749017 0.381872
vt 0.751530 0.329909
vt 0.653800 0.320999
vt 0.750263 0.382173
vt 0.038797 0.437588
vt 0.038134 0.437398
vt 0.038797 0.396419
vt 0.750963 0.382121
vt 0.751530 0.381940
vt 0.296871 0.746414
vt 0.296166 0.746376
vt 0.295586 0.746215
vt 0.657454 0.321110
vt 0.655244 0.321361
vt 0.654866 0.321036
vt 0.656525 0.320313
vt 0.654263 0.320810
vt 0.217971 0.990113
vt 0.223220 0.990113
vt 0.223410 0.991811
vt 0.218161 0.991811
vt 0.218635 0.993142
vt 0.223884 0.993142
vt 0.655043 0.319757
vt 0.440659 0.986967
vt 0.442027 0.992624
vt 0.440659 0.992136
vt 0.442027 0.987455
vt 0.653300 0.319553
vt 0.443739 0.987633
vt 0.651641 0.319741
vt 0.653554 0.320727
vt 0.443739 0.992802
vt 0.445457 0.992634
vt 0.445457 0.987465
vt 0.652879 0.320804
vt 0.652373 0.321024
vt 0.650396 0.320284
vt 0.446743 0.987592
vt 0.448119 0.992333
vt 0.446736 0.992798
vt 0.448126 0.987127
vt 0.649811 0.321074
vt 0.985956 0.687115
vt 0.985236 0.685883
vt 0.985217 0.684347
vt 0.990389 0.687116
vt 0.988815 0.687799
vt 0.991642 0.685884
vt 0.987233 0.687799
vt 0.992327 0.684347
vt 0.987155 0.681579
vt 0.988729 0.680895
vt 0.985902 0.682811
vt 0.936682 0.975728
vt 0.937272 0.976981
vt 0.937090 0.978235
vt 0.246956 0.989865
vt 0.252561 0.991614
vt 0.246917 0.991614
vt 0.252600 0.989865
vt 0.252482 0.988207
vt 0.246838 0.988207
vt 0.791024 0.739515
vt 0.793308 0.739838
vt 0.793308 0.740370
vt 0.793618 0.739350
vt 0.791786 0.738316
vt 0.791024 0.740822
vt 0.791786 0.741978
vt 0.793618 0.740840
vt 0.661419 0.327819
vt 0.660811 0.327758
vt 0.658924 0.271783
vt 0.660099 0.327759
vt 0.659426 0.327823
vt 0.218583 0.573016
vt 0.217896 0.573154
vt 0.217365 0.529361
vt 0.217365 0.573465
vt 0.449410 0.174184
vt 0.448701 0.174253
vt 0.448701 0.133610
vt 0.219289 0.573076
vt 0.663403 0.271925
vt 0.664093 0.271783
vt 0.664093 0.310669
vt 0.794177 0.739003
vt 0.794874 0.738865
vt 0.794843 0.740050
vt 0.662699 0.271839
vt 0.658924 0.327938
vt 0.482957 0.762768
vt 0.482283 0.762651
vt 0.482283 0.712938
vt 0.483668 0.762718
vt 0.484275 0.762513
vt 0.798723 0.740604
vt 0.796440 0.740281
vt 0.796440 0.739749
vt 0.798723 0.739297
vt 0.796129 0.739279
vt 0.562439 0.987446
vt 0.563941 0.986967
vt 0.563941 0.991878
vt 0.553003 0.992463
vt 0.553003 0.987984
vt 0.554331 0.987258
vt 0.797961 0.738141
vt 0.554331 0.991737
vt 0.556027 0.986967
vt 0.796587 0.737366
vt 0.556027 0.991445
vt 0.557757 0.987167
vt 0.794874 0.737123
vt 0.795571 0.738964
vt 0.932056 0.974165
vt 0.933788 0.974165
vt 0.929488 0.976981
vt 0.930586 0.974723
vt 0.557757 0.991646
vt 0.792917 0.733610
vt 0.794630 0.733270
vt 0.935439 0.974723
vt 0.934704 0.979798
vt 0.933970 0.983730
vt 0.932972 0.979798
vt 0.998897 0.215124
vt 0.994776 0.213379
vt 0.998733 0.213379
vt 0.936174 0.979240
vt 0.246730 0.993106
vt 0.252374 0.993106
vt 0.994939 0.215124
vt 0.932238 0.983730
vt 0.931321 0.979240
vt 0.930587 0.983172
vt 0.794874 0.742996
vt 0.793160 0.742754
vt 0.794177 0.741156
vt 0.796587 0.742657
vt 0.794874 0.741254
vt 0.559037 0.987222
vt 0.560689 0.992448
vt 0.559037 0.992133
vt 0.560689 0.987537
vt 0.796129 0.740769
vt 0.797961 0.741803
vt 0.795571 0.741116
vt 0.930077 0.978235
vt 0.562439 0.992357
vt 0.793160 0.737463
vt 0.252231 0.986967
vt 0.246587 0.986967
vt 0.929670 0.975728
s 1
usemtl Skeleton
f 7/1/1 1/2/2 2/3/3
f 1/2/2 3/4/4 2/3/3
f 1/5/2 5/6/5 3/7/4
f 6/8/6 4/9/7 1/10/2
f 4/9/7 5/11/5 1/10/2
f 6/12/6 1/13/2 7/14/1
f 7/15/1 8/16/8 10/17/9
f 7/1/1 2/3/3 8/18/8
f 6/12/6 7/14/1 9/19/10
f 7/20/1 10/21/9 9/22/10
f 10/23/9 11/24/11 14/25/12
f 8/16/8 11/26/11 10/17/9
f 10/27/9 14/28/12 12/29/13
f 12/29/13 13/30/14 10/27/9
f 9/31/10 10/32/9 13/33/14
f 14/25/12 15/34/15 16/35/16
f 11/24/11 15/34/15 14/25/12
f 14/25/12 16/35/16 17/36/17
f 12/37/13 14/25/12 17/36/17
f 20/38/18 17/39/17 18/40/19
f 17/41/17 19/42/20 18/43/19
f 17/44/17 16/45/16 19/46/20
f 12/37/13 17/36/17 20/47/18
f 20/38/18 18/40/19 22/48/21
f 21/49/22 12/37/13 20/47/18
f 21/49/22 20/47/18 23/50/23
f 20/38/18 22/48/21 24/51/24
f 20/47/18 24/52/24 23/50/23
f 23/53/23 24/54/24 25/55/25
f 24/56/24 26/57/26 25/58/25
f 24/56/24 28/59/27 26/57/26
f 24/51/24 22/48/21 27/60/28
f 24/56/24 27/61/28 28/59/27
f 28/59/27 29/62/29 26/57/26
f 28/59/27 31/63/30 29/62/29
f 28/59/27 27/61/28 30/64/31
f 28/65/27 30/66/31 31/67/30
f 31/63/30 32/68/32 29/62/29
f 31/63/30 34/69/33 32/68/32
f 31/70/30 30/71/31 33/72/34
f 31/70/30 33/72/34 34/73/33
f 32/74/32 34/75/33 36/76/35
f 34/73/33 33/72/34 35/77/36
f 34/73/33 35/77/36 36/78/35
f 36/79/35 35/80/36 37/81/37
f 36/82/35 37/83/37 38/84/38
f 32/74/32 36/76/35 38/85/38
f 37/83/37 39/86/39 38/84/38
f 40/87/40 38/88/38 39/89/39
f 40/87/40 32/90/32 38/88/38
f 41/91/41 40/92/40 39/93/39
f 42/94/42 40/92/40 41/91/41
f 42/95/42 43/96/43 40/87/40
f 29/97/29 32/90/32 40/87/40
f 29/97/29 40/87/40 43/96/43
f 44/98/44 43/99/43 42/100/42
f 26/101/26 29/102/29 43/103/43
f 26/101/26 43/103/43 44/104/44
f 46/105/45 44/106/44 45/107/46
f 44/98/44 42/100/42 45/108/46
f 25/109/25 26/110/26 44/106/44
f 25/109/25 44/106/44 46/105/45
f 48/111/47 46/112/45 47/113/48
f 46/114/45 45/108/46 47/115/48
f 49/116/49 25/109/25 46/105/45
f 48/117/47 50/118/50 46/119/45
f 49/116/49 46/105/45 50/120/50
f 51/121/51 52/122/52 50/123/50
f 51/121/51 50/123/50 48/124/47
f 52/122/52 49/125/49 50/123/50
f 52/122/52 54/126/53 49/125/49
f 53/127/54 52/128/52 51/129/51
f 52/128/52 53/127/54 54/130/53
f 55/131/55 49/132/49 54/133/53
f 53/134/54 57/135/56 54/136/53
f 56/137/57 55/138/55 54/139/53
f 56/137/57 54/139/53 57/140/56
f 53/141/54 60/142/58 57/143/56
f 58/144/59 56/137/57 57/140/56
f 59/145/60 58/144/59 57/140/56
f 59/145/60 57/140/56 60/146/58
f 61/147/61 60/142/58 53/141/54
f 59/145/60 60/146/58 61/148/61
f 61/149/61 62/150/62 64/151/63
f 61/149/61 53/152/54 62/150/62
f 59/153/60 61/154/61 63/155/64
f 61/156/61 64/157/63 63/158/64
f 64/159/63 62/160/62 51/161/51
f 66/162/65 64/157/63 65/163/66
f 64/164/63 51/165/51 65/166/66
f 66/162/65 63/158/64 64/157/63
f 66/162/65 69/167/67 63/158/64
f 66/162/65 65/163/66 67/168/68
f 68/169/69 66/170/65 67/171/68
f 68/169/69 69/172/67 66/170/65
f 59/153/60 63/155/64 69/173/67
f 59/153/60 69/173/67 70/174/70
f 68/175/69 70/176/70 69/177/67
f 58/178/59 59/153/60 70/174/70
f 58/178/59 70/174/70 71/179/71
f 71/180/71 70/176/70 68/175/69
f 71/181/71 72/182/72 73/183/73
f 74/184/74 72/185/72 71/180/71
f 71/186/71 73/187/73 58/188/59
f 71/180/71 68/175/69 74/184/74
f 75/189/75 74/184/74 68/175/69
f 74/184/74 77/190/76 72/185/72
f 75/189/75 76/191/77 74/184/74
f 76/192/77 77/193/76 74/194/74
f 78/195/78 72/196/72 77/197/76
f 13/30/14 78/198/78 77/199/76
f 76/192/77 13/33/14 77/193/76
f 13/30/14 21/200/22 78/198/78
f 55/201/55 78/202/78 21/49/22
f 78/195/78 73/203/73 72/196/72
f 78/204/78 56/137/57 73/205/73
f 78/204/78 55/138/55 56/137/57
f 76/191/77 75/189/75 79/206/79
f 9/31/10 13/33/14 76/192/77
f 76/191/77 79/206/79 9/19/10
f 6/8/6 79/207/79 80/208/80
f 75/209/75 80/208/80 79/207/79
f 6/12/6 9/19/10 79/206/79
f 81/210/81 80/211/80 82/212/82
f 6/8/6 80/208/80 81/213/81
f 80/211/80 67/168/68 65/163/66
f 80/211/80 65/163/66 82/212/82
f 75/209/75 67/171/68 80/208/80
f 83/214/83 82/215/82 48/124/47
f 65/216/66 48/124/47 82/215/82
f 81/210/81 82/212/82 83/217/83
f 83/214/83 48/124/47 84/218/84
f 85/219/85 83/214/83 84/218/84
f 81/210/81 83/217/83 85/220/85
f 87/221/86 85/222/85 86/223/87
f 85/219/85 84/218/84 86/224/87
f 81/213/81 85/225/85 87/226/86
f 87/226/86 88/227/88 4/9/7
f 87/226/86 4/9/7 81/213/81
f 88/228/88 87/221/86 89/229/89
f 87/221/86 86/223/87 89/229/89
f 92/230/90 89/231/89 90/232/91
f 89/231/89 15/233/15 90/232/91
f 89/231/89 86/234/87 15/233/15
f 88/228/88 89/229/89 91/235/92
f 92/236/90 91/235/92 89/229/89
f 92/237/90 93/238/93 95/239/94
f 90/240/91 93/241/93 92/242/90
f 94/243/95 91/244/92 92/237/90
f 92/237/90 95/239/94 94/243/95
f 5/245/5 96/246/96 95/247/94
f 3/248/4 5/245/5 95/247/94
f 93/249/93 3/250/4 95/251/94
f 94/252/95 95/247/94 96/246/96
f 4/9/7 96/253/96 5/11/5
f 88/254/88 96/255/96 4/256/7
f 88/254/88 97/257/97 96/255/96
f 96/246/96 97/258/97 94/252/95
f 91/235/92 97/259/97 88/228/88
f 91/235/92 94/260/95 97/259/97
f 8/16/8 2/261/3 93/262/93
f 93/262/93 2/261/3 3/263/4
f 8/16/8 93/262/93 11/26/11
f 90/264/91 11/24/11 93/265/93
f 11/24/11 90/264/91 15/34/15
f 86/234/87 16/266/16 15/233/15
f 86/224/87 84/218/84 16/267/16
f 48/268/47 98/269/98 84/270/84
f 16/271/16 84/272/84 98/273/98
f 48/268/47 47/274/48 98/269/98
f 47/274/48 100/275/99 98/269/98
f 16/276/16 98/277/98 19/278/20
f 98/277/98 99/279/100 19/278/20
f 98/277/98 100/280/99 99/279/100
f 47/115/48 45/108/46 100/281/99
f 45/108/46 101/282/101 100/281/99
f 99/279/100 100/280/99 101/283/101
f 45/108/46 42/100/42 101/282/101
f 42/94/42 103/284/102 101/285/101
f 102/286/103 101/283/101 103/287/102
f 99/279/100 101/283/101 102/286/103
f 42/94/42 41/91/41 103/284/102
f 41/91/41 105/288/104 103/284/102
f 104/289/105 103/287/102 105/290/104
f 102/286/103 103/287/102 104/289/105
f 105/291/104 106/292/106 37/83/37
f 105/291/104 37/83/37 107/293/107
f 41/91/41 106/294/106 105/288/104
f 104/295/105 105/296/104 107/297/107
f 108/298/108 107/299/107 37/81/37
f 104/295/105 107/297/107 108/300/108
f 108/298/108 37/81/37 35/80/36
f 33/72/34 109/301/109 108/302/108
f 33/72/34 108/302/108 35/77/36
f 104/295/105 108/300/108 109/303/109
f 30/304/31 110/305/110 109/306/109
f 110/307/110 104/308/105 109/309/109
f 30/310/31 109/311/109 33/312/34
f 27/60/28 111/313/111 110/314/110
f 111/315/111 102/316/103 110/307/110
f 27/60/28 110/314/110 30/317/31
f 110/307/110 102/316/103 104/308/105
f 22/48/21 18/40/19 111/313/111
f 18/43/19 99/318/100 111/315/111
f 22/48/21 111/313/111 27/60/28
f 111/315/111 99/318/100 102/316/103
f 37/83/37 106/292/106 39/86/39
f 41/91/41 39/93/39 106/294/106
f 18/43/19 19/42/20 99/318/100
f 4/9/7 6/8/6 81/213/81
f 68/169/69 67/171/68 75/209/75
f 58/144/59 73/205/73 56/137/57
f 65/216/66 51/121/51 48/124/47
f 53/127/54 51/129/51 62/319/62
f 55/131/55 23/320/23 49/132/49
f 55/201/55 21/49/22 23/50/23
f 23/53/23 25/55/25 49/321/49
f 12/29/13 21/200/22 13/30/14
f 112/322/112 116/323/113 113/324/114
f 113/324/114 114/325/115 112/322/112
f 118/326/116 112/322/112 114/325/115
f 112/327/112 117/328/117 115/329/118
f 115/329/118 116/330/113 112/327/112
f 117/331/117 112/332/112 118/333/116
f 118/334/116 114/335/115 120/336/119
f 117/331/117 118/333/116 119/337/120
f 118/334/116 120/336/119 119/338/120
f 120/339/119 123/340/121 121/341/122
f 120/339/119 121/341/122 122/342/123
f 119/338/120 120/336/119 122/343/123
f 120/344/119 114/345/115 123/346/121
f 125/347/124 123/348/121 114/349/115
f 123/348/121 124/350/125 121/351/122
f 123/348/121 125/347/124 124/350/125
f 126/352/126 124/350/125 125/347/124
f 125/347/124 114/349/115 113/353/114
f 125/347/124 113/353/114 126/352/126
f 113/353/114 127/354/127 126/352/126
f 126/352/126 128/355/128 124/350/125
f 127/354/127 128/355/128 126/352/126
f 131/356/129 124/350/125 128/355/128
f 127/354/127 129/357/130 128/355/128
f 130/358/131 128/359/128 129/360/130
f 131/361/129 128/359/128 130/358/131
f 133/362/132 131/356/129 132/363/133
f 132/363/133 131/356/129 130/364/131
f 121/351/122 124/350/125 131/356/129
f 121/351/122 131/356/129 133/362/132
f 133/362/132 132/363/133 134/365/134
f 135/366/135 133/367/132 134/368/134
f 122/342/123 121/341/122 133/369/132
f 122/342/123 133/369/132 135/370/135
f 136/371/136 122/343/123 135/372/135
f 136/371/136 135/372/135 137/373/137
f 137/373/137 135/372/135 138/374/138
f 135/375/135 134/376/134 138/377/138
f 139/378/139 138/379/138 134/380/134
f 139/378/139 141/381/140 138/379/138
f 137/373/137 138/374/138 140/382/141
f 140/382/141 138/374/138 141/383/140
f 140/382/141 141/383/140 142/384/142
f 142/385/142 141/386/140 139/387/139
f 142/385/142 139/387/139 144/388/143
f 142/389/142 143/390/144 145/391/145
f 144/388/143 143/392/144 142/385/142
f 142/384/142 145/393/145 140/382/141
f 146/394/146 145/391/145 143/390/144
f 146/395/146 147/396/147 145/397/145
f 147/396/147 140/398/141 145/397/145
f 147/396/147 137/399/137 140/398/141
f 148/400/148 137/399/137 147/396/147
f 147/396/147 149/401/149 148/400/148
f 147/396/147 146/395/146 149/401/149
f 150/402/150 148/400/148 149/401/149
f 150/402/150 149/401/149 151/403/151
f 149/401/149 152/404/152 151/403/151
f 149/401/149 146/395/146 152/404/152
f 154/405/153 153/406/154 152/407/152
f 153/406/154 155/408/155 152/407/152
f 146/409/146 154/410/153 152/411/152
f 151/412/151 152/407/152 155/408/155
f 153/406/154 156/413/156 155/408/155
f 156/414/156 157/415/157 155/416/155
f 158/417/158 155/418/155 157/419/157
f 151/403/151 155/418/155 158/417/158
f 160/420/159 158/417/158 159/421/160
f 161/422/161 159/423/160 158/424/158
f 160/420/159 151/403/151 158/417/158
f 158/417/158 157/419/157 161/425/161
f 163/426/162 161/427/161 157/428/157
f 161/422/161 164/429/163 159/423/160
f 162/430/164 164/431/163 161/427/161
f 162/430/164 161/427/161 163/426/162
f 165/432/165 159/433/160 164/434/163
f 165/432/165 164/434/163 162/435/164
f 166/436/166 115/329/118 165/437/165
f 166/436/166 165/437/165 167/438/167
f 117/439/117 160/440/159 165/441/165
f 165/432/165 160/442/159 159/433/160
f 117/328/117 165/437/165 115/329/118
f 165/432/165 162/435/164 167/443/167
f 169/444/168 166/445/166 167/446/167
f 167/447/167 162/448/164 163/449/162
f 167/447/167 163/449/162 168/450/169
f 169/444/168 167/446/167 168/451/169
f 166/445/166 169/444/168 171/452/170
f 169/444/168 168/451/169 170/453/171
f 171/452/170 169/444/168 170/453/171
f 166/454/166 171/455/170 172/456/172
f 174/457/173 172/456/172 171/455/170
f 174/457/173 171/455/170 173/458/174
f 171/452/170 170/453/171 173/459/174
f 174/460/173 173/461/174 175/462/175
f 174/460/173 175/462/175 176/463/176
f 172/464/172 174/465/173 129/466/130
f 129/466/130 174/465/173 176/467/176
f 129/466/130 176/467/176 177/468/177
f 176/463/176 179/469/178 177/470/177
f 176/463/176 175/462/175 178/471/179
f 176/463/176 178/471/179 180/472/180
f 176/463/176 180/472/180 179/469/178
f 180/473/180 181/474/181 179/475/178
f 182/476/182 180/472/180 178/471/179
f 180/473/180 182/477/182 181/474/181
f 182/478/182 183/479/183 181/480/181
f 182/478/182 184/481/184 183/479/183
f 182/478/182 185/482/185 184/481/184
f 182/476/182 178/471/179 186/483/186
f 182/478/182 186/484/186 185/482/185
f 187/485/187 186/483/186 178/471/179
f 187/486/187 188/487/188 186/488/186
f 185/489/185 186/488/186 188/487/188
f 188/490/188 190/491/189 189/492/190
f 188/490/188 189/492/190 191/493/191
f 187/494/187 190/495/189 188/496/188
f 192/497/192 188/498/188 191/499/191
f 185/500/185 188/501/188 192/502/192
f 192/503/192 191/504/191 193/505/193
f 192/506/192 193/507/193 195/508/194
f 196/509/195 192/510/192 194/511/196
f 192/506/192 195/508/194 194/512/196
f 196/513/195 185/482/185 192/514/192
f 196/515/195 194/516/196 197/517/197
f 196/515/195 197/517/197 198/518/198
f 199/519/199 196/513/195 198/520/198
f 199/519/199 185/482/185 196/513/195
f 199/519/199 198/520/198 144/388/143
f 183/479/183 184/481/184 199/519/199
f 183/521/183 199/522/199 200/523/200
f 144/524/143 200/525/200 199/526/199
f 199/519/199 184/481/184 185/482/185
f 132/527/133 200/525/200 139/528/139
f 132/529/133 183/521/183 200/523/200
f 144/524/143 139/528/139 200/525/200
f 144/388/143 198/520/198 143/392/144
f 198/518/198 154/530/153 143/531/144
f 198/518/198 197/517/197 154/530/153
f 197/532/197 153/533/154 154/534/153
f 197/535/197 194/512/196 195/508/194
f 197/536/197 195/537/194 201/538/201
f 197/536/197 201/538/201 153/539/154
f 201/540/201 195/541/194 203/542/202
f 153/543/154 201/544/201 202/545/203
f 201/540/201 203/542/202 202/546/203
f 195/541/194 204/547/204 203/542/202
f 205/548/205 203/549/202 204/550/204
f 202/551/203 203/549/202 205/548/205
f 205/548/205 204/550/204 206/552/206
f 157/415/157 205/548/205 206/552/206
f 202/551/203 205/548/205 156/414/156
f 156/414/156 205/548/205 157/415/157
f 204/553/204 191/554/191 206/555/206
f 157/415/157 206/552/206 207/556/207
f 206/557/206 189/492/190 207/558/207
f 206/557/206 191/493/191 189/492/190
f 163/426/162 157/428/157 207/559/207
f 163/449/162 207/560/207 189/561/190
f 195/541/194 193/562/193 204/547/204
f 204/553/204 193/563/193 191/554/191
f 153/543/154 202/545/203 156/564/156
f 190/491/189 168/565/169 189/492/190
f 170/453/171 168/451/169 190/566/189
f 170/453/171 190/566/189 187/567/187
f 163/449/162 189/561/190 168/450/169
f 175/462/175 170/568/171 187/485/187
f 187/485/187 178/471/179 175/462/175
f 208/569/208 181/570/181 183/521/183
f 132/529/133 208/569/208 183/521/183
f 177/571/177 179/572/178 208/573/208
f 208/573/208 179/572/178 181/574/181
f 177/571/177 208/573/208 130/364/131
f 132/363/133 130/364/131 208/573/208
f 130/358/131 129/360/130 177/575/177
f 175/462/175 173/461/174 170/568/171
f 166/576/166 172/577/172 209/578/209
f 209/579/209 172/464/172 127/580/127
f 172/464/172 129/466/130 127/580/127
f 116/323/113 209/581/209 113/324/114
f 166/582/166 209/583/209 116/584/113
f 209/579/209 127/580/127 113/585/114
f 115/329/118 166/436/166 116/330/113
f 150/402/150 151/403/151 160/420/159
f 117/586/117 150/587/150 160/588/159
f 146/589/146 143/590/144 154/591/153
f 150/402/150 210/592/210 148/400/148
f 117/331/117 210/592/210 150/402/150
f 117/331/117 119/337/120 210/592/210
f 210/592/210 119/337/120 136/593/136
f 210/592/210 136/593/136 148/400/148
f 148/400/148 136/593/136 137/399/137
f 132/527/133 139/528/139 134/594/134
f 119/338/120 122/343/123 136/371/136
usemtl Mechanism_2
f 212/595/211 214/596/212 211/597/213
f 212/595/211 211/597/213 213/598/214
f 211/599/213 217/600/215 213/601/214
f 215/602/216 211/603/213 214/604/212
f 215/605/216 216/606/217 211/599/213
f 216/606/217 217/600/215 211/599/213
f 217/600/215 221/607/218 218/608/219
f 217/600/215 218/608/219 213/601/214
f 219/609/220 221/610/218 217/611/215
f 219/609/220 217/611/215 220/612/221
f 216/613/217 220/612/221 217/611/215
f 222/614/222 218/615/219 221/616/218
f 222/614/222 221/616/218 219/617/220
f 219/618/220 220/619/221 222/620/222
f 212/621/211 222/620/222 220/619/221
f 222/614/222 223/622/223 218/615/219
f 222/614/222 224/623/224 223/622/223
f 212/621/211 224/624/224 222/620/222
f 212/595/211 223/625/223 224/626/224
f 218/608/219 223/627/223 213/601/214
f 212/595/211 213/598/214 223/625/223
f 214/628/212 212/621/211 220/619/221
f 216/613/217 225/629/225 220/612/221
f 220/619/221 225/630/225 214/628/212
f 215/631/216 225/629/225 216/613/217
f 215/631/216 226/632/226 225/629/225
f 225/630/225 226/633/226 214/628/212
f 215/602/216 214/604/212 226/634/226
f 230/635/221 227/636/227 228/637/211
f 227/638/227 229/639/228 228/640/211
f 227/638/227 233/641/213 229/639/228
f 230/635/221 231/642/229 227/636/227
f 231/642/229 232/643/230 227/636/227
f 233/644/213 227/645/227 232/646/230
f 233/647/213 234/648/231 235/649/232
f 233/644/213 232/646/230 234/650/231
f 235/649/232 236/651/215 233/647/213
f 229/652/228 233/647/213 236/651/215
f 236/651/215 237/653/218 238/654/233
f 230/655/221 237/656/218 236/657/215
f 236/657/215 235/658/232 231/659/229
f 236/657/215 231/659/229 230/655/221
f 236/651/215 238/654/233 229/652/228
f 239/660/234 242/661/222 238/662/233
f 239/660/234 238/662/233 237/663/218
f 240/664/235 241/665/236 238/662/233
f 240/664/235 238/662/233 242/661/222
f 229/652/228 238/654/233 241/666/236
f 228/637/211 240/667/235 242/668/222
f 228/637/211 242/668/222 230/635/221
f 242/668/222 239/669/234 230/635/221
f 240/670/235 229/639/228 241/671/236
f 240/670/235 228/640/211 229/639/228
f 230/655/221 239/672/234 237/656/218
f 235/658/232 232/673/230 231/659/229
f 235/658/232 234/674/231 232/673/230
f 243/675/237 247/676/238 244/677/239
f 244/678/239 245/679/240 243/680/237
f 245/679/240 246/681/241 243/680/237
f 248/682/242 243/675/237 246/683/241
f 243/675/237 249/684/243 247/676/238
f 248/682/242 249/684/243 243/675/237
f 249/685/243 250/686/244 247/687/238
f 249/685/243 252/688/245 250/686/244
f 251/689/246 252/688/245 249/685/243
f 251/689/246 249/685/243 248/690/242
f 253/691/247 252/692/245 255/693/248
f 252/692/245 253/691/247 254/694/249
f 250/695/244 252/692/245 254/694/249
f 252/692/245 251/696/246 255/693/248
f 251/696/246 256/697/250 255/693/248
f 258/698/251 255/699/248 256/700/250
f 255/693/248 257/701/252 253/691/247
f 257/702/252 255/699/248 258/698/251
f 258/703/251 260/704/253 259/705/254
f 258/703/251 259/705/254 261/706/255
f 258/698/251 256/700/250 260/707/253
f 262/708/256 258/703/251 261/706/255
f 257/702/252 258/698/251 262/709/256
f 263/710/257 257/702/252 262/709/256
f 263/710/257 262/709/256 266/711/258
f 262/708/256 261/706/255 264/712/259
f 265/713/260 262/708/256 264/712/259
f 265/713/260 266/714/258 262/708/256
f 267/715/261 268/716/262 266/714/258
f 267/715/261 266/714/258 265/713/260
f 268/717/262 263/718/257 266/719/258
f 268/717/262 269/720/263 263/718/257
f 271/721/247 269/720/263 268/717/262
f 270/722/264 268/716/262 267/715/261
f 270/722/264 271/723/247 268/716/262
f 270/722/264 272/724/265 271/723/247
f 271/721/247 272/725/265 273/726/266
f 271/721/247 253/727/247 269/720/263
f 271/721/247 273/726/266 253/727/247
f 273/728/266 274/729/267 275/730/268
f 272/725/265 274/731/267 273/726/266
f 253/691/247 273/728/266 275/730/268
f 276/732/269 254/733/249 275/734/268
f 275/730/268 254/694/249 253/691/247
f 277/735/270 275/734/268 274/736/267
f 276/732/269 275/734/268 277/735/270
f 279/737/271 278/738/272 277/739/270
f 278/738/272 276/740/269 277/739/270
f 279/737/271 277/739/270 280/741/273
f 277/735/270 274/736/267 280/742/273
f 281/743/274 279/737/271 280/741/273
f 272/725/265 280/744/273 274/731/267
f 281/743/274 280/741/273 272/724/265
f 282/745/275 279/746/271 281/747/274
f 270/748/264 282/745/275 281/747/274
f 270/722/264 281/743/274 272/724/265
f 283/749/276 284/750/277 282/751/275
f 286/752/278 283/749/276 282/751/275
f 282/745/275 284/753/277 279/746/271
f 270/748/264 285/754/279 282/745/275
f 282/751/275 285/755/279 245/756/240
f 245/756/240 286/752/278 282/751/275
f 244/678/239 286/757/278 245/679/240
f 283/749/276 286/752/278 288/758/280
f 244/678/239 287/759/281 286/757/278
f 286/752/278 287/760/281 288/758/280
f 278/761/272 283/762/276 288/763/280
f 278/761/272 288/763/280 289/764/282
f 290/765/283 289/764/282 288/763/280
f 290/765/283 288/763/280 287/766/281
f 244/678/239 290/767/283 287/759/281
f 290/768/283 276/740/269 289/769/282
f 244/677/239 291/770/284 290/768/283
f 290/768/283 291/770/284 276/740/269
f 244/677/239 247/676/238 291/770/284
f 247/687/238 292/771/285 291/772/284
f 276/732/269 291/773/284 292/774/285
f 247/687/238 250/686/244 292/771/285
f 276/732/269 292/774/285 254/733/249
f 254/694/249 292/775/285 250/695/244
f 278/738/272 289/769/282 276/740/269
f 293/776/286 285/754/279 270/748/264
f 245/756/240 285/755/279 293/777/286
f 294/778/287 245/756/240 293/777/286
f 294/778/287 293/777/286 295/779/288
f 293/776/286 270/748/264 267/780/261
f 293/777/286 296/781/289 295/779/288
f 265/782/260 296/783/289 293/776/286
f 265/782/260 293/776/286 267/780/261
f 264/784/259 295/785/288 296/786/289
f 264/784/259 296/786/289 265/787/260
f 295/779/288 297/788/290 294/778/287
f 297/789/290 295/785/288 264/784/259
f 298/790/291 294/778/287 297/788/290
f 297/789/290 259/791/254 298/792/291
f 297/789/290 261/793/255 259/791/254
f 297/789/290 264/784/259 261/793/255
f 298/794/291 246/681/241 294/795/287
f 298/794/291 259/796/254 246/681/241
f 245/679/240 294/795/287 246/681/241
f 284/797/277 283/762/276 278/761/272
f 284/797/277 278/761/272 279/798/271
f 253/691/247 257/701/252 269/799/263
f 257/701/252 263/800/257 269/799/263
f 260/704/253 246/683/241 259/705/254
f 260/704/253 248/682/242 246/683/241
f 256/801/250 248/690/242 260/802/253
f 256/801/250 251/689/246 248/690/242
f 299/803/237 300/804/292 306/805/293
f 299/806/237 301/807/294 300/808/292
f 299/806/237 304/809/295 301/807/294
f 302/810/296 304/809/295 299/806/237
f 302/810/296 299/806/237 303/811/297
f 303/812/297 299/803/237 307/813/298
f 299/803/237 305/814/299 307/813/298
f 305/814/299 299/803/237 306/805/293
f 310/815/300 308/816/301 307/817/298
f 308/818/301 311/819/302 307/813/298
f 307/813/298 311/819/302 303/812/297
f 305/820/299 309/821/303 307/822/298
f 310/815/300 307/817/298 309/823/303
f 308/818/301 313/824/304 311/819/302
f 311/819/302 312/825/305 303/812/297
f 311/819/302 314/826/306 312/825/305
f 313/824/304 314/826/306 311/819/302
f 316/827/307 315/828/308 314/829/306
f 315/828/308 312/830/305 314/829/306
f 313/824/304 316/831/307 314/826/306
f 317/832/309 316/827/307 318/833/310
f 316/827/307 317/832/309 315/828/308
f 318/834/310 316/831/307 313/824/304
f 318/835/310 319/836/311 320/837/312
f 318/834/310 313/824/304 319/838/311
f 317/832/309 318/833/310 320/839/312
f 319/836/311 323/840/313 320/837/312
f 321/841/314 317/832/309 320/839/312
f 321/841/314 320/839/312 322/842/315
f 322/843/315 320/837/312 323/840/313
f 313/824/304 323/844/313 319/838/311
f 323/840/313 324/845/316 322/843/315
f 313/824/304 308/818/301 323/844/313
f 308/816/301 324/846/316 323/847/313
f 325/848/317 326/849/318 324/850/316
f 325/848/317 324/850/316 310/851/300
f 308/816/301 310/815/300 324/846/316
f 324/845/316 326/852/318 322/843/315
f 325/848/317 327/853/319 326/849/318
f 326/852/318 327/854/319 322/843/315
f 325/848/317 328/855/320 327/853/319
f 327/856/319 321/841/314 322/842/315
f 327/856/319 328/857/320 321/841/314
f 328/855/320 325/848/317 329/858/321
f 321/841/314 328/857/320 330/859/322
f 328/855/320 329/858/321 330/860/322
f 321/841/314 330/859/322 331/861/323
f 332/862/324 331/861/323 330/859/322
f 332/863/324 330/860/322 329/858/321
f 332/862/324 333/864/325 331/861/323
f 333/865/325 332/866/324 335/867/326
f 332/863/324 329/858/321 334/868/327
f 334/869/327 335/867/326 332/866/324
f 335/870/326 340/871/328 336/872/329
f 333/865/325 335/867/326 336/873/329
f 335/874/326 337/875/330 339/876/331
f 334/869/327 337/877/330 335/867/326
f 335/870/326 338/878/332 340/871/328
f 335/874/326 339/876/331 338/879/332
f 340/880/328 338/881/332 339/882/331
f 340/871/328 342/883/333 336/872/329
f 341/884/334 340/880/328 339/882/331
f 340/871/328 341/885/334 342/883/333
f 336/873/329 342/886/333 343/887/335
f 343/887/335 342/886/333 344/888/336
f 344/889/336 342/883/333 341/885/334
f 344/890/336 346/891/337 345/892/338
f 344/890/336 345/892/338 302/893/296
f 303/811/297 312/894/305 344/888/336
f 303/811/297 344/888/336 302/810/296
f 344/889/336 341/885/334 346/895/337
f 343/887/335 344/888/336 312/894/305
f 345/896/338 346/897/337 341/884/334
f 341/884/334 339/882/331 345/896/338
f 348/898/264 347/899/237 345/896/338
f 302/893/296 345/892/338 347/900/237
f 339/882/331 348/898/264 345/896/338
f 348/901/264 337/875/330 349/902/264
f 350/903/339 348/901/264 349/902/264
f 351/904/340 347/899/237 348/898/264
f 350/903/339 352/905/341 348/901/264
f 348/901/264 339/876/331 337/875/330
f 348/898/264 352/906/341 351/904/340
f 354/907/342 352/905/341 350/903/339
f 355/908/343 353/909/344 352/906/341
f 351/904/340 352/906/341 353/909/344
f 354/907/342 356/910/345 352/905/341
f 352/906/341 356/911/345 355/908/343
f 355/912/343 356/913/345 354/914/342
f 357/915/346 353/916/344 355/912/343
f 357/915/346 355/912/343 358/917/347
f 355/912/343 354/914/342 358/917/347
f 359/918/348 357/919/346 358/920/347
f 360/921/349 358/920/347 354/922/342
f 359/918/348 358/920/347 360/921/349
f 360/923/349 361/924/350 362/925/351
f 363/926/352 361/924/350 360/923/349
f 360/923/349 362/925/351 359/927/348
f 360/921/349 354/922/342 363/928/352
f 354/922/342 364/929/353 363/928/352
f 365/930/354 363/931/352 364/932/353
f 363/926/352 366/933/355 361/924/350
f 365/930/354 366/934/355 363/931/352
f 366/933/355 367/935/356 361/924/350
f 365/930/354 368/936/357 366/934/355
f 366/933/355 368/937/357 367/935/356
f 365/930/354 369/938/358 368/936/357
f 370/939/359 368/936/357 369/938/358
f 370/940/359 367/935/356 368/937/357
f 370/939/359 369/938/358 371/941/360
f 372/942/361 370/943/359 371/944/360
f 370/940/359 372/945/361 367/935/356
f 373/946/362 372/942/361 375/947/363
f 373/948/362 367/935/356 372/945/361
f 371/944/360 374/949/364 372/942/361
f 374/949/364 375/947/363 372/942/361
f 374/950/364 376/951/365 375/952/363
f 375/953/363 376/954/365 378/955/366
f 375/947/363 377/956/367 373/946/362
f 375/953/363 378/955/366 377/957/367
f 379/958/368 380/959/369 378/955/366
f 379/958/368 378/955/366 382/960/370
f 381/961/371 378/955/366 380/959/369
f 381/961/371 377/957/367 378/955/366
f 382/960/370 378/955/366 376/954/365
f 300/804/292 382/960/370 306/805/293
f 382/960/370 376/954/365 306/805/293
f 382/960/370 300/804/292 383/962/372
f 382/960/370 383/962/372 379/958/368
f 383/963/372 362/925/351 379/964/368
f 300/808/292 384/965/373 383/966/372
f 383/963/372 359/927/348 362/925/351
f 384/965/373 359/918/348 383/966/372
f 300/808/292 301/807/294 384/965/373
f 351/967/340 384/968/373 301/969/294
f 384/965/373 357/919/346 359/918/348
f 384/970/373 353/916/344 357/915/346
f 351/967/340 385/971/374 384/968/373
f 384/970/373 385/972/374 353/916/344
f 353/909/344 385/973/374 351/904/340
f 381/974/371 380/975/369 386/976/375
f 377/956/367 381/977/371 373/946/362
f 381/974/371 386/976/375 373/948/362
f 373/948/362 386/976/375 367/935/356
f 361/924/350 367/935/356 386/976/375
f 361/924/350 386/976/375 362/925/351
f 362/925/351 386/976/375 380/975/369
f 362/925/351 380/975/369 379/964/368
f 374/950/364 387/978/376 376/951/365
f 306/979/293 376/951/365 387/978/376
f 306/979/293 387/978/376 388/980/377
f 369/938/358 387/981/376 374/982/364
f 388/983/377 387/981/376 369/938/358
f 388/984/377 389/985/279 305/820/299
f 388/984/377 305/820/299 306/986/293
f 364/932/353 390/987/264 388/983/377
f 365/930/354 364/932/353 388/983/377
f 390/987/264 389/988/279 388/983/377
f 388/983/377 369/938/358 365/930/354
f 390/987/264 334/868/327 309/989/303
f 390/990/264 337/877/330 334/869/327
f 390/990/264 349/991/264 337/877/330
f 309/989/303 389/988/279 390/987/264
f 390/990/264 350/992/339 349/991/264
f 390/990/264 364/929/353 350/992/339
f 305/820/299 389/985/279 309/821/303
f 369/938/358 374/982/364 371/941/360
f 354/922/342 350/992/339 364/929/353
f 301/969/294 347/900/237 351/967/340
f 301/969/294 304/993/295 347/900/237
f 302/893/296 347/900/237 304/993/295
f 315/828/308 343/994/335 312/830/305
f 336/873/329 343/887/335 333/865/325
f 315/828/308 333/864/325 343/994/335
f 334/868/327 329/858/321 309/989/303
f 315/828/308 331/861/323 333/864/325
f 317/832/309 331/861/323 315/828/308
f 317/832/309 321/841/314 331/861/323
f 325/848/317 309/989/303 329/858/321
f 325/848/317 310/851/300 309/989/303
f 392/995/378 391/996/379 394/997/380
f 392/998/378 393/999/381 391/1000/379
f 391/1000/379 393/999/381 395/1001/382
f 391/1000/379 395/1001/382 394/1002/380
f 393/999/381 396/1003/383 395/1001/382
f 395/1004/382 399/1005/384 394/1006/380
f 395/1004/382 396/1007/383 398/1008/385
f 395/1004/382 397/1009/386 399/1005/384
f 395/1004/382 398/1008/385 397/1009/386
f 394/997/380 399/1010/384 392/995/378
f 397/1009/386 400/1011/387 399/1005/384
f 399/1010/384 400/1012/387 392/995/378
f 397/1009/386 401/1013/388 400/1011/387
f 401/1013/388 402/1014/389 400/1011/387
f 400/1012/387 402/1015/389 403/1016/390
f 400/1012/387 403/1016/390 392/995/378
f 406/1017/391 403/1018/390 402/1014/389
f 406/1017/391 404/1019/392 403/1018/390
f 404/1020/392 405/1021/393 403/1022/390
f 403/1016/390 405/1023/393 407/1024/394
f 403/1016/390 407/1024/394 392/995/378
f 407/1024/394 408/1025/395 392/995/378
f 407/1024/394 409/1026/396 408/1025/395
f 407/1027/394 410/1028/397 409/1029/396
f 407/1027/394 412/1030/398 410/1028/397
f 411/1031/399 412/1032/398 407/1033/394
f 411/1031/399 407/1033/394 405/1021/393
f 414/1034/400 413/1035/401 412/1032/398
f 413/1036/401 410/1028/397 412/1030/398
f 414/1034/400 412/1032/398 411/1031/399
f 416/1037/402 415/1038/403 414/1034/400
f 415/1038/403 413/1035/401 414/1034/400
f 417/1039/404 414/1034/400 411/1031/399
f 416/1037/402 414/1034/400 417/1039/404
f 418/1040/405 416/1037/402 417/1039/404
f 419/1041/406 417/1039/404 404/1020/392
f 417/1039/404 411/1031/399 404/1020/392
f 418/1040/405 417/1039/404 419/1041/406
f 420/1042/407 419/1043/406 406/1017/391
f 421/1044/408 419/1043/406 420/1042/407
f 421/1044/408 418/1045/405 419/1043/406
f 419/1041/406 404/1020/392 406/1046/391
f 398/1008/385 422/1047/409 421/1044/408
f 422/1047/409 423/1048/410 421/1044/408
f 398/1008/385 421/1044/408 420/1042/407
f 421/1044/408 423/1048/410 424/1049/411
f 421/1044/408 424/1049/411 418/1045/405
f 424/1050/411 425/1051/412 427/1052/413
f 423/1048/410 425/1053/412 424/1049/411
f 418/1040/405 424/1050/411 426/1054/414
f 424/1050/411 427/1052/413 426/1054/414
f 427/1052/413 428/1055/415 430/1056/416
f 425/1051/412 428/1055/415 427/1052/413
f 426/1054/414 427/1052/413 429/1057/417
f 427/1052/413 430/1056/416 429/1057/417
f 428/1055/415 433/1058/418 430/1056/416
f 430/1056/416 431/1059/419 432/1060/420
f 433/1058/418 431/1059/419 430/1056/416
f 430/1056/416 432/1060/420 429/1057/417
f 433/1061/418 435/1062/421 434/1063/422
f 433/1061/418 434/1063/422 436/1064/423
f 428/1055/415 435/1065/421 433/1058/418
f 433/1058/418 437/1066/424 431/1059/419
f 438/1067/425 433/1061/418 436/1064/423
f 438/1067/425 437/1068/424 433/1061/418
f 437/1069/424 438/1070/425 439/1071/426
f 438/1070/425 440/1072/427 439/1071/426
f 438/1070/425 441/1073/428 440/1072/427
f 442/1074/429 441/1075/428 438/1067/425
f 442/1074/429 438/1067/425 436/1064/423
f 441/1073/428 442/1076/429 443/1077/430
f 442/1078/429 444/1079/431 443/1080/430
f 442/1078/429 445/1081/432 444/1079/431
f 445/1082/432 442/1074/429 436/1064/423
f 445/1081/432 446/1083/433 444/1079/431
f 445/1081/432 447/1084/434 446/1083/433
f 447/1085/434 445/1082/432 436/1064/423
f 446/1083/433 447/1084/434 448/1086/435
f 436/1064/423 448/1087/435 447/1085/434
f 446/1083/433 448/1086/435 449/1088/436
f 449/1089/436 448/1090/435 436/1091/423
f 451/1092/437 449/1089/436 450/1093/438
f 449/1089/436 436/1091/423 450/1093/438
f 452/1094/439 449/1088/436 451/1095/437
f 452/1094/439 446/1083/433 449/1088/436
f 453/1096/440 452/1094/439 451/1095/437
f 454/1097/441 452/1094/439 453/1096/440
f 444/1079/431 446/1083/433 452/1094/439
f 444/1079/431 452/1094/439 454/1097/441
f 443/1080/430 444/1079/431 454/1097/441
f 456/1098/442 454/1097/441 455/1099/443
f 454/1097/441 453/1096/440 455/1099/443
f 443/1080/430 454/1097/441 456/1098/442
f 440/1072/427 443/1077/430 456/1100/442
f 440/1072/427 456/1100/442 457/1101/444
f 457/1101/444 456/1100/442 458/1102/445
f 456/1098/442 455/1099/443 458/1103/445
f 461/1104/446 458/1102/445 459/1105/447
f 458/1103/445 460/1106/448 459/1107/447
f 458/1103/445 455/1099/443 460/1106/448
f 457/1101/444 458/1102/445 461/1104/446
f 463/1108/449 457/1101/444 461/1104/446
f 464/1109/450 461/1104/446 462/1110/451
f 461/1104/446 459/1105/447 462/1110/451
f 463/1108/449 461/1104/446 464/1109/450
f 432/1111/420 463/1108/449 464/1109/450
f 466/1112/452 464/1109/450 465/1113/453
f 464/1109/450 462/1110/451 465/1113/453
f 432/1111/420 464/1109/450 466/1112/452
f 467/1114/454 466/1115/452 468/1116/455
f 429/1057/417 466/1115/452 467/1114/454
f 429/1057/417 432/1060/420 466/1115/452
f 466/1112/452 465/1113/453 468/1117/455
f 467/1114/454 468/1116/455 415/1038/403
f 415/1038/403 468/1116/455 413/1035/401
f 468/1117/455 469/1118/456 413/1036/401
f 468/1119/455 465/1120/453 469/1121/456
f 413/1036/401 469/1118/456 410/1028/397
f 465/1113/453 470/1122/457 469/1118/456
f 410/1028/397 469/1118/456 470/1122/457
f 465/1113/453 462/1110/451 470/1122/457
f 470/1122/457 462/1110/451 459/1105/447
f 472/1123/458 470/1122/457 471/1124/459
f 470/1122/457 459/1105/447 471/1124/459
f 410/1028/397 470/1122/457 472/1123/458
f 409/1029/396 410/1028/397 472/1123/458
f 409/1029/396 472/1123/458 408/1125/395
f 408/1125/395 472/1123/458 473/1126/460
f 472/1123/458 471/1124/459 473/1126/460
f 473/1127/460 471/1128/459 475/1129/461
f 476/1130/462 473/1127/460 474/1131/463
f 473/1127/460 475/1129/461 474/1131/463
f 408/1125/395 473/1126/460 476/1132/462
f 408/1025/395 476/1133/462 392/995/378
f 476/1130/462 474/1131/463 392/998/378
f 474/1131/463 475/1129/461 477/1134/464
f 471/1128/459 460/1106/448 475/1129/461
f 475/1129/461 478/1135/465 477/1134/464
f 475/1129/461 460/1106/448 478/1135/465
f 477/1134/464 478/1135/465 479/1136/466
f 460/1106/448 453/1096/440 478/1135/465
f 478/1135/465 453/1096/440 480/1137/467
f 478/1135/465 480/1137/467 479/1136/466
f 480/1138/467 451/1092/437 482/1139/468
f 453/1096/440 451/1095/437 480/1137/467
f 479/1140/466 480/1138/467 481/1141/469
f 480/1138/467 482/1139/468 481/1141/469
f 451/1092/437 450/1093/438 482/1139/468
f 482/1139/468 450/1093/438 484/1142/470
f 481/1141/469 482/1139/468 483/1143/471
f 482/1139/468 484/1142/470 483/1143/471
f 484/1142/470 485/1144/472 434/1145/422
f 450/1093/438 485/1144/472 484/1142/470
f 484/1142/470 434/1145/422 486/1146/473
f 483/1143/471 484/1142/470 486/1146/473
f 425/1051/412 486/1147/473 428/1055/415
f 486/1147/473 435/1065/421 428/1055/415
f 483/1143/471 486/1146/473 425/1053/412
f 486/1147/473 434/1148/422 435/1065/421
f 450/1093/438 436/1091/423 485/1144/472
f 434/1063/422 485/1149/472 436/1064/423
f 481/1141/469 483/1143/471 423/1048/410
f 423/1048/410 483/1143/471 425/1053/412
f 422/1047/409 481/1141/469 423/1048/410
f 479/1140/466 481/1141/469 422/1047/409
f 396/1007/383 479/1140/466 422/1047/409
f 477/1134/464 479/1136/466 396/1003/383
f 393/999/381 477/1134/464 396/1003/383
f 474/1131/463 477/1134/464 393/999/381
f 392/998/378 474/1131/463 393/999/381
f 471/1128/459 459/1107/447 460/1106/448
f 426/1054/414 467/1114/454 415/1038/403
f 426/1054/414 429/1057/417 467/1114/454
f 431/1150/419 439/1071/426 463/1108/449
f 439/1071/426 457/1101/444 463/1108/449
f 431/1150/419 463/1108/449 432/1111/420
f 460/1106/448 455/1099/443 453/1096/440
f 439/1071/426 440/1072/427 457/1101/444
f 441/1073/428 443/1077/430 440/1072/427
f 437/1069/424 439/1071/426 431/1150/419
f 418/1040/405 426/1054/414 416/1037/402
f 426/1054/414 415/1038/403 416/1037/402
f 396/1007/383 422/1047/409 398/1008/385
f 398/1008/385 420/1042/407 401/1013/388
f 420/1042/407 406/1017/391 401/1013/388
f 404/1020/392 411/1031/399 405/1021/393
f 401/1013/388 406/1017/391 402/1014/389
f 398/1008/385 401/1013/388 397/1009/386
f 488/1151/474 487/1152/475 491/1153/476
f 488/1154/474 489/1155/477 487/1156/475
f 489/1155/477 490/1157/478 487/1156/475
f 487/1152/475 490/1158/478 491/1153/476
f 491/1153/476 492/1159/479 488/1151/474
f 491/1153/476 496/1160/480 492/1159/479
f 495/1161/481 493/1162/482 491/1163/476
f 493/1162/482 494/1164/483 491/1163/476
f 491/1153/476 494/1165/483 496/1160/480
f 495/1161/481 491/1163/476 497/1166/484
f 490/1158/478 497/1167/484 491/1153/476
f 498/1168/485 497/1169/484 490/1157/478
f 498/1168/485 495/1170/481 497/1169/484
f 489/1155/477 498/1168/485 490/1157/478
f 489/1155/477 500/1171/486 498/1168/485
f 498/1168/485 499/1172/487 495/1170/481
f 498/1168/485 500/1171/486 499/1172/487
f 501/1173/488 499/1172/487 500/1171/486
f 501/1173/488 500/1171/486 502/1174/489
f 502/1174/489 500/1171/486 503/1175/490
f 489/1155/477 503/1175/490 500/1171/486
f 504/1176/491 503/1175/490 489/1155/477
f 504/1176/491 506/1177/492 503/1175/490
f 502/1174/489 503/1175/490 505/1178/493
f 505/1178/493 503/1175/490 506/1177/492
f 507/1179/494 508/1180/495 506/1181/492
f 507/1182/494 506/1177/492 504/1176/491
f 505/1178/493 506/1177/492 509/1183/496
f 509/1184/496 506/1181/492 508/1180/495
f 510/1185/497 509/1183/496 512/1186/498
f 511/1187/499 509/1183/496 510/1185/497
f 511/1187/499 505/1178/493 509/1183/496
f 509/1184/496 508/1180/495 512/1188/498
f 513/1189/500 515/1190/501 512/1188/498
f 513/1189/500 512/1188/498 514/1191/502
f 514/1191/502 512/1188/498 508/1180/495
f 510/1185/497 512/1186/498 515/1192/501
f 516/1193/503 518/1194/504 515/1190/501
f 516/1193/503 515/1190/501 513/1189/500
f 515/1190/501 518/1194/504 517/1195/505
f 515/1190/501 517/1195/505 510/1196/497
f 518/1194/504 516/1193/503 521/1197/506
f 518/1194/504 519/1198/507 517/1195/505
f 518/1194/504 520/1199/508 519/1198/507
f 518/1194/504 521/1197/506 520/1199/508
f 523/1200/509 522/1201/510 521/1197/506
f 522/1201/510 520/1199/508 521/1197/506
f 516/1193/503 524/1202/511 521/1197/506
f 523/1200/509 521/1197/506 524/1202/511
f 516/1193/503 527/1203/512 524/1202/511
f 525/1204/513 523/1205/509 524/1206/511
f 525/1204/513 524/1206/511 526/1207/514
f 527/1203/512 526/1208/514 524/1202/511
f 527/1203/512 528/1209/515 526/1208/514
f 528/1210/515 527/1211/512 529/1212/516
f 527/1203/512 513/1189/500 529/1213/516
f 527/1203/512 516/1193/503 513/1189/500
f 528/1210/515 529/1212/516 530/1214/517
f 530/1214/517 529/1212/516 531/1215/518
f 529/1213/516 513/1189/500 514/1191/502
f 529/1213/516 514/1191/502 531/1216/518
f 531/1216/518 514/1191/502 532/1217/519
f 531/1216/518 532/1217/519 534/1218/520
f 530/1214/517 531/1215/518 533/1219/521
f 533/1220/521 531/1216/518 534/1218/520
f 535/1221/522 534/1222/520 536/1223/523
f 533/1220/521 534/1218/520 535/1224/522
f 536/1225/523 534/1218/520 532/1217/519
f 492/1226/479 537/1227/524 536/1225/523
f 492/1226/479 536/1225/523 538/1228/525
f 535/1221/522 536/1223/523 537/1229/524
f 538/1228/525 536/1225/523 539/1230/526
f 536/1225/523 532/1217/519 539/1230/526
f 538/1228/525 539/1230/526 540/1231/527
f 540/1231/527 539/1230/526 507/1179/494
f 539/1230/526 508/1180/495 507/1179/494
f 539/1230/526 532/1217/519 508/1180/495
f 540/1232/527 541/1233/528 492/1159/479
f 492/1159/479 538/1234/525 540/1232/527
f 540/1231/527 507/1179/494 541/1235/528
f 541/1233/528 488/1151/474 492/1159/479
f 541/1236/528 504/1176/491 488/1154/474
f 541/1236/528 507/1182/494 504/1176/491
f 544/1237/529 537/1229/524 492/1238/479
f 542/1239/530 535/1221/522 537/1229/524
f 542/1239/530 537/1229/524 543/1240/531
f 544/1237/529 543/1240/531 537/1229/524
f 496/1160/480 544/1241/529 492/1159/479
f 545/1242/532 544/1237/529 496/1243/480
f 545/1242/532 543/1240/531 544/1237/529
f 546/1244/533 545/1242/532 496/1243/480
f 548/1245/534 545/1242/532 546/1244/533
f 548/1246/534 547/1247/535 545/1248/532
f 547/1249/535 543/1240/531 545/1242/532
f 550/1250/536 548/1246/534 546/1251/533
f 549/1252/537 548/1246/534 550/1250/536
f 549/1252/537 547/1247/535 548/1246/534
f 550/1250/536 546/1251/533 493/1162/482
f 551/1253/538 550/1250/536 499/1254/487
f 499/1254/487 550/1250/536 493/1162/482
f 549/1252/537 550/1250/536 551/1253/538
f 552/1255/539 551/1253/538 501/1256/488
f 553/1257/540 551/1253/538 552/1255/539
f 553/1257/540 549/1252/537 551/1253/538
f 551/1253/538 499/1254/487 501/1256/488
f 552/1255/539 554/1258/541 553/1257/540
f 554/1258/541 555/1259/542 553/1257/540
f 553/1257/540 555/1259/542 556/1260/543
f 553/1257/540 556/1260/543 549/1252/537
f 549/1261/537 556/1262/543 547/1249/535
f 556/1262/543 542/1239/530 547/1249/535
f 555/1263/542 557/1264/544 556/1262/543
f 556/1262/543 557/1264/544 542/1239/530
f 557/1264/544 535/1221/522 542/1239/530
f 555/1263/542 558/1265/545 557/1264/544
f 558/1265/545 533/1219/521 557/1264/544
f 557/1264/544 533/1219/521 535/1221/522
f 558/1265/545 530/1214/517 533/1219/521
f 559/1266/546 530/1214/517 558/1265/545
f 560/1267/547 559/1266/546 558/1265/545
f 560/1267/547 558/1265/545 555/1263/542
f 560/1268/547 554/1269/541 562/1270/548
f 554/1258/541 560/1271/547 555/1259/542
f 559/1266/546 560/1267/547 561/1272/549
f 560/1268/547 562/1270/548 561/1273/549
f 563/1274/550 562/1270/548 554/1269/541
f 563/1274/550 564/1275/551 562/1270/548
f 564/1276/551 565/1277/552 562/1278/548
f 565/1277/552 561/1279/549 562/1278/548
f 566/1280/553 565/1277/552 567/1281/554
f 568/1282/555 565/1283/552 566/1284/553
f 564/1276/551 567/1281/554 565/1277/552
f 568/1282/555 569/1285/556 565/1283/552
f 565/1277/552 569/1286/556 561/1279/549
f 569/1285/556 570/1287/557 571/1288/558
f 568/1282/555 570/1287/557 569/1285/556
f 569/1285/556 571/1288/558 561/1272/549
f 528/1210/515 559/1266/546 571/1288/558
f 528/1210/515 571/1288/558 526/1207/514
f 559/1266/546 561/1272/549 571/1288/558
f 570/1287/557 526/1207/514 571/1288/558
f 570/1287/557 525/1204/513 526/1207/514
f 568/1282/555 572/1289/559 570/1287/557
f 572/1289/559 525/1204/513 570/1287/557
f 568/1282/555 573/1290/560 572/1289/559
f 573/1290/560 574/1291/561 572/1289/559
f 572/1289/559 574/1291/561 525/1204/513
f 573/1290/560 575/1292/562 574/1291/561
f 575/1293/562 576/1294/563 574/1295/561
f 574/1291/561 576/1296/563 523/1205/509
f 574/1291/561 523/1205/509 525/1204/513
f 575/1293/562 577/1297/564 576/1294/563
f 577/1297/564 578/1298/565 576/1294/563
f 576/1294/563 578/1298/565 522/1201/510
f 576/1294/563 522/1201/510 523/1200/509
f 577/1297/564 579/1299/566 578/1298/565
f 579/1299/566 580/1300/567 578/1298/565
f 578/1298/565 580/1300/567 581/1301/568
f 578/1298/565 581/1301/568 522/1201/510
f 522/1201/510 581/1301/568 520/1199/508
f 520/1199/508 581/1301/568 582/1302/569
f 580/1303/567 582/1304/569 581/1305/568
f 520/1199/508 582/1302/569 519/1198/507
f 580/1303/567 583/1306/570 582/1304/569
f 584/1307/571 582/1308/569 583/1309/570
f 519/1310/507 582/1308/569 585/1311/572
f 584/1307/571 585/1311/572 582/1308/569
f 586/1312/573 588/1313/574 585/1311/572
f 586/1312/573 585/1311/572 584/1307/571
f 587/1314/575 585/1311/572 588/1313/574
f 519/1310/507 585/1311/572 587/1314/575
f 589/1315/576 588/1313/574 590/1316/577
f 587/1314/575 588/1313/574 589/1315/576
f 591/1317/578 590/1318/577 588/1319/574
f 591/1317/578 588/1319/574 586/1320/573
f 586/1320/573 592/1321/579 591/1317/578
f 591/1317/578 592/1321/579 594/1322/580
f 593/1323/581 590/1318/577 591/1317/578
f 591/1317/578 594/1322/580 593/1323/581
f 594/1322/580 595/1324/582 597/1325/583
f 592/1321/579 595/1324/582 594/1322/580
f 593/1323/581 594/1322/580 596/1326/584
f 594/1322/580 597/1325/583 596/1326/584
f 595/1324/582 598/1327/585 597/1325/583
f 597/1328/583 598/1329/585 599/1330/586
f 597/1328/583 599/1330/586 600/1331/587
f 596/1332/584 597/1328/583 600/1331/587
f 602/1333/588 600/1331/587 601/1334/589
f 600/1331/587 603/1335/590 601/1334/589
f 596/1332/584 600/1331/587 602/1333/588
f 600/1331/587 599/1330/586 603/1335/590
f 604/1336/591 605/1337/592 603/1338/590
f 608/1339/593 604/1336/591 603/1338/590
f 603/1338/590 599/1340/586 608/1339/593
f 601/1334/589 603/1335/590 607/1341/594
f 605/1337/592 606/1342/595 603/1338/590
f 606/1342/595 607/1343/594 603/1338/590
f 608/1339/593 609/1344/596 604/1336/591
f 609/1345/596 608/1346/593 610/1347/597
f 610/1347/597 608/1346/593 611/1348/598
f 598/1349/585 611/1350/598 608/1339/593
f 599/1340/586 598/1349/585 608/1339/593
f 610/1347/597 611/1348/598 595/1324/582
f 595/1324/582 611/1348/598 598/1327/585
f 592/1321/579 610/1347/597 595/1324/582
f 612/1351/599 610/1347/597 592/1321/579
f 609/1345/596 610/1347/597 612/1351/599
f 604/1352/591 609/1353/596 612/1354/599
f 604/1352/591 612/1354/599 613/1355/600
f 613/1355/600 612/1354/599 614/1356/601
f 612/1351/599 592/1321/579 614/1357/601
f 586/1320/573 614/1357/601 592/1321/579
f 584/1307/571 614/1356/601 586/1312/573
f 584/1307/571 615/1358/602 614/1356/601
f 613/1355/600 614/1356/601 615/1358/602
f 617/1359/603 615/1358/602 584/1307/571
f 616/1360/604 613/1355/600 615/1358/602
f 616/1360/604 615/1358/602 617/1359/603
f 618/1361/605 616/1360/604 617/1359/603
f 619/1362/606 617/1359/603 583/1309/570
f 617/1359/603 584/1307/571 583/1309/570
f 618/1361/605 617/1359/603 619/1362/606
f 579/1299/566 619/1363/606 580/1300/567
f 620/1364/607 619/1363/606 579/1299/566
f 620/1364/607 618/1365/605 619/1363/606
f 619/1362/606 583/1309/570 580/1366/567
f 621/1367/608 620/1364/607 579/1299/566
f 606/1368/595 620/1364/607 621/1367/608
f 606/1368/595 622/1369/609 620/1364/607
f 622/1369/609 618/1365/605 620/1364/607
f 605/1337/592 622/1370/609 606/1342/595
f 622/1369/609 605/1371/592 618/1365/605
f 575/1293/562 621/1367/608 577/1297/564
f 621/1367/608 579/1299/566 577/1297/564
f 623/1372/610 606/1368/595 621/1367/608
f 575/1293/562 623/1372/610 621/1367/608
f 573/1290/560 601/1334/589 623/1373/610
f 601/1334/589 607/1341/594 623/1373/610
f 623/1372/610 607/1374/594 606/1368/595
f 573/1290/560 623/1373/610 575/1292/562
f 605/1375/592 616/1360/604 618/1361/605
f 605/1375/592 624/1376/611 616/1360/604
f 624/1376/611 613/1355/600 616/1360/604
f 624/1376/611 604/1352/591 613/1355/600
f 604/1336/591 624/1377/611 605/1337/592
f 566/1284/553 596/1332/584 602/1333/588
f 566/1284/553 602/1333/588 568/1282/555
f 568/1282/555 602/1333/588 573/1290/560
f 602/1333/588 601/1334/589 573/1290/560
f 593/1323/581 596/1326/584 566/1280/553
f 566/1280/553 567/1281/554 593/1323/581
f 593/1323/581 567/1281/554 590/1318/577
f 589/1315/576 590/1316/577 625/1378/612
f 625/1379/612 590/1318/577 567/1281/554
f 626/1380/613 589/1315/576 625/1378/612
f 626/1380/613 625/1378/612 627/1381/614
f 627/1382/614 625/1379/612 564/1276/551
f 625/1379/612 567/1281/554 564/1276/551
f 628/1383/615 626/1380/613 627/1381/614
f 628/1383/615 627/1381/614 629/1384/616
f 629/1385/616 627/1382/614 563/1386/550
f 627/1382/614 564/1276/551 563/1386/550
f 629/1385/616 502/1387/489 628/1388/615
f 629/1385/616 501/1256/488 502/1387/489
f 629/1385/616 563/1386/550 552/1255/539
f 552/1255/539 501/1256/488 629/1385/616
f 628/1383/615 502/1174/489 505/1178/493
f 628/1383/615 505/1178/493 511/1187/499
f 511/1187/499 626/1380/613 628/1383/615
f 511/1187/499 630/1389/617 626/1380/613
f 630/1389/617 589/1315/576 626/1380/613
f 510/1185/497 517/1390/505 630/1389/617
f 517/1390/505 587/1314/575 630/1389/617
f 630/1389/617 587/1314/575 589/1315/576
f 510/1185/497 630/1389/617 511/1187/499
f 517/1390/505 519/1310/507 587/1314/575
f 552/1255/539 563/1386/550 554/1258/541
f 559/1266/546 528/1210/515 530/1214/517
f 547/1249/535 542/1239/530 543/1240/531
f 493/1162/482 546/1251/533 494/1164/483
f 546/1251/533 496/1391/480 494/1164/483
f 514/1191/502 508/1180/495 532/1217/519
f 488/1154/474 504/1176/491 489/1155/477
f 499/1254/487 493/1162/482 495/1161/481
f 635/1392/618 631/1393/619 632/1394/620
f 631/1393/619 633/1395/621 632/1394/620
f 631/1393/619 634/1396/622 633/1395/621
f 634/1397/622 631/1398/619 635/1399/618
f 639/1400/623 635/1392/618 636/1401/624
f 635/1392/618 632/1394/620 636/1401/624
f 634/1397/622 635/1399/618 638/1402/625
f 635/1399/618 637/1403/626 638/1402/625
f 635/1399/618 639/1404/623 637/1403/626
f 637/1405/626 639/1406/623 640/1407/627
f 639/1400/623 636/1401/624 640/1408/627
f 643/1409/628 640/1407/627 641/1410/629
f 640/1408/627 642/1411/630 641/1412/629
f 640/1408/627 636/1401/624 642/1411/630
f 637/1405/626 640/1407/627 643/1409/628
f 644/1413/631 637/1405/626 643/1409/628
f 644/1413/631 643/1409/628 646/1414/632
f 646/1414/632 643/1409/628 645/1415/633
f 643/1409/628 641/1410/629 645/1415/633
f 646/1414/632 650/1416/634 647/1417/635
f 646/1414/632 647/1417/635 649/1418/636
f 648/1419/637 644/1413/631 646/1414/632
f 648/1419/637 646/1414/632 649/1418/636
f 646/1414/632 645/1415/633 650/1416/634
f 650/1416/634 652/1420/638 647/1417/635
f 650/1421/634 651/1422/639 652/1423/638
f 645/1415/633 651/1424/639 650/1416/634
f 652/1425/638 655/1426/640 653/1427/641
f 652/1425/638 653/1427/641 654/1428/642
f 647/1429/635 652/1425/638 654/1428/642
f 651/1424/639 655/1430/640 652/1420/638
f 655/1426/640 658/1431/643 653/1427/641
f 655/1426/640 656/1432/644 658/1431/643
f 657/1433/645 656/1434/644 655/1430/640
f 651/1424/639 657/1433/645 655/1430/640
f 659/1435/646 658/1431/643 661/1436/647
f 660/1437/648 658/1431/643 659/1435/646
f 660/1437/648 653/1427/641 658/1431/643
f 656/1432/644 661/1436/647 658/1431/643
f 662/1438/649 661/1436/647 664/1439/650
f 659/1435/646 661/1436/647 662/1438/649
f 656/1432/644 663/1440/651 661/1436/647
f 663/1440/651 664/1439/650 661/1436/647
f 665/1441/652 664/1442/650 666/1443/653
f 662/1438/649 664/1439/650 665/1444/652
f 663/1440/651 667/1445/654 664/1439/650
f 664/1442/650 667/1446/654 666/1443/653
f 668/1447/655 666/1448/653 667/1449/654
f 668/1447/655 667/1449/654 663/1450/651
f 669/1451/656 671/1452/657 668/1447/655
f 669/1451/656 668/1447/655 670/1453/658
f 670/1453/658 668/1447/655 663/1450/651
f 671/1452/657 666/1448/653 668/1447/655
f 673/1454/659 672/1455/660 671/1452/657
f 672/1455/660 674/1456/661 671/1452/657
f 673/1454/659 671/1452/657 669/1451/656
f 671/1452/657 674/1456/661 666/1448/653
f 666/1443/653 674/1457/661 675/1458/662
f 672/1455/660 675/1459/662 674/1456/661
f 675/1458/662 677/1460/663 666/1443/653
f 676/1461/664 677/1462/663 675/1463/662
f 676/1461/664 675/1463/662 672/1464/660
f 678/1465/665 679/1466/666 677/1462/663
f 678/1465/665 677/1462/663 676/1461/664
f 677/1460/663 679/1467/666 666/1443/653
f 678/1465/665 680/1468/667 679/1466/666
f 679/1467/666 680/1469/667 681/1470/668
f 679/1467/666 681/1470/668 666/1443/653
f 684/1471/669 681/1472/668 680/1473/667
f 684/1471/669 682/1474/670 681/1472/668
f 682/1474/670 683/1475/671 681/1472/668
f 681/1470/668 683/1476/671 685/1477/672
f 681/1470/668 685/1477/672 666/1443/653
f 687/1478/673 685/1479/672 683/1475/671
f 685/1477/672 665/1441/652 666/1443/653
f 687/1478/673 686/1480/674 685/1479/672
f 686/1481/674 665/1444/652 685/1482/672
f 682/1474/670 687/1478/673 683/1475/671
f 689/1483/675 688/1484/676 687/1478/673
f 688/1484/676 686/1480/674 687/1478/673
f 689/1483/675 687/1478/673 682/1474/670
f 690/1485/677 689/1483/675 682/1474/670
f 691/1486/678 689/1483/675 690/1485/677
f 691/1486/678 692/1487/679 689/1483/675
f 692/1487/679 688/1484/676 689/1483/675
f 692/1487/679 694/1488/680 688/1484/676
f 695/1489/681 693/1490/682 692/1487/679
f 693/1490/682 694/1488/680 692/1487/679
f 695/1489/681 692/1487/679 691/1486/678
f 698/1491/683 695/1492/681 691/1493/678
f 696/1494/684 697/1495/685 695/1492/681
f 696/1494/684 695/1492/681 698/1491/683
f 697/1496/685 693/1490/682 695/1489/681
f 642/1411/630 696/1494/684 698/1491/683
f 642/1411/630 698/1491/683 699/1497/686
f 699/1497/686 698/1491/683 700/1498/687
f 698/1491/683 691/1493/678 700/1498/687
f 700/1498/687 701/1499/688 703/1500/689
f 700/1498/687 690/1501/677 701/1499/688
f 700/1498/687 691/1493/678 690/1501/677
f 699/1497/686 700/1498/687 702/1502/690
f 700/1498/687 703/1500/689 702/1502/690
f 703/1500/689 676/1461/664 672/1464/660
f 701/1499/688 676/1461/664 703/1500/689
f 702/1502/690 703/1500/689 673/1503/659
f 703/1500/689 672/1464/660 673/1503/659
f 699/1497/686 702/1502/690 704/1504/691
f 702/1502/690 673/1503/659 704/1504/691
f 699/1497/686 704/1504/691 705/1505/692
f 705/1506/692 704/1507/691 706/1508/693
f 704/1507/691 673/1454/659 669/1451/656
f 704/1507/691 669/1451/656 706/1508/693
f 706/1508/693 669/1451/656 670/1453/658
f 705/1506/692 706/1508/693 707/1509/694
f 707/1509/694 706/1508/693 657/1433/645
f 706/1508/693 670/1453/658 657/1433/645
f 645/1415/633 705/1506/692 707/1509/694
f 645/1415/633 707/1509/694 651/1424/639
f 707/1509/694 657/1433/645 651/1424/639
f 641/1412/629 699/1497/686 705/1505/692
f 645/1415/633 641/1410/629 705/1506/692
f 701/1499/688 690/1501/677 684/1510/669
f 701/1499/688 678/1465/665 676/1461/664
f 701/1499/688 684/1510/669 678/1465/665
f 641/1412/629 642/1411/630 699/1497/686
f 632/1394/620 633/1395/621 697/1495/685
f 632/1394/620 697/1495/685 696/1494/684
f 697/1496/685 708/1511/695 693/1490/682
f 633/1512/621 708/1511/695 697/1496/685
f 708/1511/695 709/1513/696 693/1490/682
f 708/1511/695 712/1514/697 709/1513/696
f 710/1515/698 712/1514/697 708/1511/695
f 710/1515/698 708/1511/695 711/1516/699
f 633/1512/621 711/1516/699 708/1511/695
f 714/1517/700 713/1518/701 712/1514/697
f 713/1518/701 709/1513/696 712/1514/697
f 714/1517/700 712/1514/697 710/1515/698
f 715/1519/702 714/1517/700 710/1515/698
f 638/1520/625 714/1517/700 715/1519/702
f 638/1520/625 716/1521/703 714/1517/700
f 716/1522/703 713/1523/701 714/1524/700
f 716/1522/703 717/1525/704 713/1523/701
f 718/1526/705 717/1525/704 716/1522/703
f 719/1527/706 716/1522/703 638/1528/625
f 719/1527/706 718/1526/705 716/1522/703
f 648/1529/637 719/1530/706 638/1402/625
f 648/1531/637 718/1526/705 719/1527/706
f 648/1531/637 649/1532/636 718/1526/705
f 718/1526/705 720/1533/707 717/1525/704
f 649/1532/636 720/1533/707 718/1526/705
f 720/1533/707 654/1428/642 721/1534/708
f 647/1429/635 654/1428/642 720/1533/707
f 649/1532/636 647/1429/635 720/1533/707
f 720/1533/707 721/1534/708 717/1525/704
f 722/1535/709 721/1534/708 660/1437/648
f 654/1428/642 660/1437/648 721/1534/708
f 717/1525/704 721/1534/708 722/1535/709
f 709/1513/696 722/1536/709 723/1537/710
f 722/1535/709 660/1437/648 723/1538/710
f 717/1525/704 722/1535/709 713/1523/701
f 713/1518/701 722/1536/709 709/1513/696
f 694/1488/680 723/1537/710 724/1539/711
f 723/1538/710 659/1435/646 724/1540/711
f 723/1538/710 660/1437/648 659/1435/646
f 709/1513/696 723/1537/710 694/1488/680
f 688/1484/676 724/1539/711 686/1480/674
f 724/1540/711 662/1438/649 686/1481/674
f 724/1540/711 659/1435/646 662/1438/649
f 694/1488/680 724/1539/711 688/1484/676
f 638/1402/625 715/1541/702 725/1542/712
f 715/1519/702 710/1515/698 725/1543/712
f 725/1543/712 710/1515/698 711/1516/699
f 725/1543/712 711/1516/699 726/1544/713
f 725/1542/712 726/1545/713 638/1402/625
f 726/1545/713 634/1397/622 638/1402/625
f 726/1544/713 633/1512/621 634/1546/622
f 726/1544/713 711/1516/699 633/1512/621
f 693/1490/682 709/1513/696 694/1488/680
f 636/1401/624 632/1394/620 696/1494/684
f 636/1401/624 696/1494/684 642/1411/630
f 690/1485/677 682/1474/670 684/1471/669
f 686/1481/674 662/1438/649 665/1444/652
f 678/1465/665 684/1510/669 680/1468/667
f 657/1433/645 670/1453/658 656/1434/644
f 670/1453/658 663/1450/651 656/1434/644
f 654/1428/642 653/1427/641 660/1437/648
f 637/1403/626 644/1547/631 648/1529/637
f 637/1403/626 648/1529/637 638/1402/625
f 728/1548/714 727/1549/715 730/1550/716
f 728/1551/714 729/1552/477 727/1553/715
f 730/1554/716 727/1553/715 729/1552/477
f 734/1555/717 730/1554/716 731/1556/718
f 730/1554/716 729/1552/477 731/1556/718
f 728/1548/714 730/1550/716 732/1557/719
f 730/1550/716 733/1558/720 732/1557/719
f 730/1550/716 734/1559/717 733/1558/720
f 733/1560/720 734/1561/717 735/1562/721
f 734/1555/717 731/1556/718 735/1563/721
f 738/1564/722 735/1562/721 736/1565/723
f 735/1562/721 737/1566/724 736/1565/723
f 735/1563/721 731/1556/718 737/1567/724
f 733/1560/720 735/1562/721 738/1564/722
f 739/1568/725 733/1560/720 738/1564/722
f 739/1568/725 738/1564/722 741/1569/726
f 741/1569/726 738/1564/722 740/1570/727
f 738/1564/722 736/1565/723 740/1570/727
f 742/1571/728 739/1568/725 741/1569/726
f 742/1571/728 741/1569/726 743/1572/729
f 741/1573/726 744/1574/730 743/1575/729
f 741/1573/726 745/1576/731 744/1574/730
f 741/1569/726 740/1570/727 745/1577/731
f 746/1578/732 744/1579/730 745/1577/731
f 746/1578/732 745/1577/731 747/1580/733
f 747/1580/733 745/1577/731 740/1570/727
f 750/1581/734 747/1580/733 748/1582/735
f 747/1580/733 740/1570/727 748/1582/735
f 749/1583/736 746/1584/732 747/1585/733
f 749/1583/736 747/1585/733 750/1586/734
f 750/1586/734 752/1587/737 751/1588/738
f 750/1586/734 751/1588/738 749/1583/736
f 753/1589/739 752/1590/737 750/1581/734
f 750/1581/734 748/1582/735 753/1589/739
f 753/1589/739 756/1591/740 754/1592/741
f 754/1592/741 755/1593/742 753/1589/739
f 753/1589/739 755/1593/742 752/1590/737
f 753/1589/739 748/1582/735 756/1591/740
f 748/1582/735 736/1565/723 756/1591/740
f 736/1565/723 758/1594/743 756/1591/740
f 756/1595/740 757/1596/744 754/1597/741
f 756/1595/740 758/1598/743 757/1596/744
f 758/1598/743 759/1599/745 760/1600/746
f 737/1567/724 759/1599/745 758/1598/743
f 758/1598/743 760/1600/746 757/1596/744
f 736/1565/723 737/1566/724 758/1594/743
f 760/1600/746 763/1601/747 761/1602/748
f 760/1600/746 761/1602/748 762/1603/749
f 757/1596/744 760/1600/746 762/1603/749
f 759/1599/745 763/1601/747 760/1600/746
f 759/1599/745 764/1604/750 763/1601/747
f 763/1601/747 766/1605/751 761/1602/748
f 764/1606/750 765/1607/752 763/1608/747
f 763/1601/747 765/1609/752 766/1605/751
f 767/1610/753 761/1602/748 766/1605/751
f 769/1611/754 767/1612/753 766/1613/751
f 765/1607/752 768/1614/755 766/1613/751
f 769/1611/754 766/1613/751 768/1614/755
f 767/1612/753 769/1611/754 770/1615/756
f 772/1616/757 769/1617/754 768/1618/755
f 769/1611/754 771/1619/758 770/1615/756
f 769/1611/754 772/1620/757 771/1619/758
f 772/1616/757 768/1618/755 773/1621/759
f 774/1622/760 772/1616/757 773/1621/759
f 774/1622/760 775/1623/761 772/1616/757
f 775/1624/761 771/1619/758 772/1620/757
f 775/1624/761 776/1625/762 771/1619/758
f 777/1626/763 776/1627/762 775/1628/761
f 778/1629/764 777/1626/763 775/1628/761
f 778/1629/764 775/1628/761 774/1630/760
f 749/1583/736 751/1588/738 778/1629/764
f 751/1588/738 777/1626/763 778/1629/764
f 749/1583/736 778/1629/764 779/1631/765
f 779/1631/765 778/1629/764 774/1630/760
f 779/1631/765 746/1584/732 749/1583/736
f 779/1631/765 780/1632/766 746/1584/732
f 781/1633/767 780/1632/766 779/1631/765
f 779/1631/765 774/1630/760 781/1633/767
f 781/1634/767 774/1635/760 773/1636/759
f 781/1634/767 773/1636/759 782/1637/768
f 782/1637/768 783/1638/769 781/1634/767
f 781/1633/767 783/1639/769 780/1632/766
f 782/1637/768 784/1640/770 783/1638/769
f 784/1641/770 785/1642/771 783/1639/769
f 783/1639/769 785/1642/771 786/1643/772
f 783/1639/769 786/1643/772 780/1632/766
f 780/1632/766 786/1643/772 744/1574/730
f 743/1575/729 744/1574/730 786/1643/772
f 743/1575/729 786/1643/772 787/1644/773
f 787/1644/773 786/1643/772 785/1642/771
f 788/1645/774 743/1575/729 787/1644/773
f 787/1644/773 785/1642/771 789/1646/775
f 788/1645/774 787/1644/773 789/1646/775
f 732/1647/719 789/1646/775 790/1648/776
f 789/1646/775 791/1649/777 790/1648/776
f 788/1645/774 789/1646/775 732/1647/719
f 789/1650/775 785/1651/771 791/1652/777
f 790/1653/776 791/1652/777 792/1654/778
f 784/1640/770 791/1652/777 785/1651/771
f 792/1654/778 791/1652/777 784/1640/770
f 790/1653/776 792/1654/778 794/1655/779
f 793/1656/780 792/1654/778 795/1657/781
f 794/1655/779 792/1654/778 793/1656/780
f 792/1654/778 784/1640/770 795/1657/781
f 797/1658/782 795/1657/781 796/1659/783
f 795/1657/781 782/1637/768 796/1659/783
f 795/1657/781 784/1640/770 782/1637/768
f 793/1656/780 795/1657/781 797/1658/782
f 798/1660/784 793/1661/780 797/1662/782
f 798/1660/784 797/1662/782 764/1604/750
f 764/1606/750 797/1658/782 765/1607/752
f 797/1658/782 796/1659/783 765/1607/752
f 799/1663/785 793/1661/780 798/1660/784
f 800/1664/786 798/1660/784 764/1604/750
f 729/1552/477 799/1663/785 798/1660/784
f 729/1552/477 798/1660/784 800/1664/786
f 731/1556/718 729/1552/477 800/1664/786
f 731/1556/718 800/1664/786 737/1567/724
f 737/1567/724 800/1664/786 759/1599/745
f 800/1664/786 764/1604/750 759/1599/745
f 728/1551/714 799/1663/785 729/1552/477
f 799/1663/785 801/1665/787 793/1661/780
f 802/1666/788 801/1665/787 799/1663/785
f 802/1666/788 799/1663/785 728/1551/714
f 802/1667/788 728/1548/714 732/1557/719
f 803/1668/789 802/1667/788 732/1557/719
f 803/1669/789 801/1670/787 802/1671/788
f 803/1669/789 794/1655/779 801/1670/787
f 732/1557/719 804/1672/790 803/1668/789
f 804/1673/790 794/1655/779 803/1669/789
f 732/1674/719 790/1653/776 804/1673/790
f 804/1673/790 790/1653/776 794/1655/779
f 794/1655/779 793/1656/780 801/1670/787
f 796/1659/783 782/1637/768 773/1636/759
f 796/1659/783 773/1636/759 768/1614/755
f 765/1607/752 796/1659/783 768/1614/755
f 742/1675/728 788/1676/774 732/1557/719
f 788/1645/774 742/1677/728 743/1575/729
f 780/1632/766 744/1574/730 746/1584/732
f 751/1588/738 806/1678/791 777/1626/763
f 777/1626/763 805/1679/792 776/1627/762
f 806/1678/791 805/1679/792 777/1626/763
f 752/1590/737 806/1680/791 751/1681/738
f 806/1678/791 807/1682/793 805/1679/792
f 808/1683/794 807/1682/793 806/1678/791
f 752/1590/737 808/1684/794 806/1680/791
f 755/1593/742 810/1685/795 808/1684/794
f 755/1593/742 808/1684/794 752/1590/737
f 808/1683/794 809/1686/796 807/1682/793
f 810/1685/795 809/1687/796 808/1684/794
f 810/1685/795 811/1688/797 809/1687/796
f 812/1689/798 811/1688/797 810/1685/795
f 813/1690/799 812/1689/798 810/1685/795
f 813/1690/799 810/1685/795 755/1593/742
f 754/1592/741 813/1690/799 755/1593/742
f 754/1592/741 814/1691/800 813/1690/799
f 815/1692/801 813/1690/799 814/1691/800
f 815/1692/801 812/1689/798 813/1690/799
f 812/1689/798 815/1692/801 816/1693/802
f 815/1694/801 818/1695/803 816/1696/802
f 817/1697/804 815/1694/801 814/1698/800
f 815/1694/801 817/1697/804 818/1695/803
f 818/1695/803 821/1699/805 819/1700/806
f 818/1695/803 819/1700/806 820/1701/807
f 816/1696/802 818/1695/803 820/1701/807
f 817/1697/804 821/1699/805 818/1695/803
f 817/1697/804 822/1702/808 821/1699/805
f 822/1702/808 823/1703/809 821/1699/805
f 821/1704/805 823/1705/809 824/1706/810
f 821/1704/805 824/1706/810 819/1707/806
f 819/1707/806 824/1706/810 825/1708/811
f 824/1706/810 827/1709/812 825/1708/811
f 823/1705/809 826/1710/813 824/1706/810
f 824/1706/810 826/1710/813 827/1709/812
f 825/1708/811 827/1709/812 828/1711/814
f 827/1709/812 830/1712/815 828/1711/814
f 826/1710/813 829/1713/816 827/1709/812
f 827/1709/812 829/1713/816 830/1712/815
f 828/1711/814 830/1712/815 831/1714/817
f 830/1715/815 832/1716/818 831/1717/817
f 830/1715/815 833/1718/819 832/1716/818
f 829/1719/816 833/1718/819 830/1715/815
f 829/1719/816 834/1720/820 833/1718/819
f 834/1720/820 835/1721/821 833/1718/819
f 833/1718/819 835/1721/821 836/1722/822
f 833/1718/819 836/1722/822 832/1716/818
f 831/1723/817 836/1724/822 837/1725/823
f 836/1724/822 839/1726/824 837/1725/823
f 831/1723/817 832/1727/818 836/1724/822
f 835/1721/821 838/1728/825 836/1722/822
f 836/1724/822 838/1729/825 839/1726/824
f 842/1730/826 839/1731/824 838/1732/825
f 845/1733/827 837/1725/823 839/1726/824
f 840/1734/828 844/1735/829 839/1731/824
f 840/1734/828 839/1731/824 841/1736/830
f 842/1730/826 841/1736/830 839/1731/824
f 843/1737/831 845/1733/827 839/1726/824
f 839/1726/824 844/1738/829 843/1737/831
f 846/1739/832 837/1740/823 845/1741/827
f 846/1739/832 845/1741/827 847/1742/833
f 847/1742/833 845/1741/827 843/1743/831
f 848/1744/834 847/1742/833 849/1745/835
f 850/1746/836 847/1742/833 848/1744/834
f 847/1742/833 843/1743/831 849/1745/835
f 850/1746/836 846/1739/832 847/1742/833
f 820/1701/807 850/1746/836 848/1744/834
f 820/1701/807 851/1747/837 850/1746/836
f 851/1747/837 846/1739/832 850/1746/836
f 820/1701/807 819/1700/806 851/1747/837
f 819/1707/806 825/1708/811 851/1748/837
f 825/1708/811 852/1749/838 851/1748/837
f 851/1747/837 852/1750/838 846/1739/832
f 852/1750/838 853/1751/839 837/1740/823
f 852/1750/838 837/1740/823 846/1739/832
f 854/1752/840 853/1753/839 852/1749/838
f 825/1708/811 854/1752/840 852/1749/838
f 854/1752/840 828/1711/814 855/1754/841
f 854/1752/840 855/1754/841 856/1755/842
f 825/1708/811 828/1711/814 854/1752/840
f 854/1752/840 856/1755/842 853/1753/839
f 853/1756/839 856/1757/842 831/1723/817
f 856/1757/842 855/1758/841 831/1723/817
f 828/1711/814 831/1714/817 855/1754/841
f 837/1725/823 853/1756/839 831/1723/817
f 848/1744/834 849/1745/835 857/1759/843
f 857/1760/843 849/1761/835 840/1734/828
f 849/1761/835 843/1762/831 844/1735/829
f 849/1761/835 844/1735/829 840/1734/828
f 860/1763/844 857/1760/843 858/1764/845
f 857/1760/843 840/1734/828 858/1764/845
f 859/1765/846 848/1744/834 857/1759/843
f 859/1765/846 857/1759/843 860/1766/844
f 860/1763/844 858/1764/845 861/1767/847
f 861/1767/847 862/1768/848 860/1763/844
f 860/1769/844 816/1770/802 859/1771/846
f 860/1769/844 862/1772/848 816/1770/802
f 861/1767/847 811/1688/797 862/1768/848
f 812/1689/798 862/1768/848 811/1688/797
f 812/1689/798 816/1693/802 862/1768/848
f 861/1767/847 858/1764/845 863/1773/849
f 864/1774/850 811/1688/797 861/1767/847
f 861/1767/847 863/1773/849 864/1774/850
f 864/1774/850 863/1773/849 865/1775/851
f 864/1774/850 809/1687/796 811/1688/797
f 866/1776/852 809/1686/796 864/1777/850
f 864/1774/850 865/1775/851 866/1778/852
f 866/1776/852 865/1779/851 867/1780/853
f 866/1776/852 867/1780/853 868/1781/854
f 868/1781/854 807/1682/793 866/1776/852
f 866/1776/852 807/1682/793 809/1686/796
f 869/1782/855 868/1781/854 867/1780/853
f 868/1781/854 805/1679/792 807/1682/793
f 869/1782/855 805/1679/792 868/1781/854
f 870/1783/856 869/1782/855 834/1720/820
f 771/1784/758 869/1782/855 870/1783/856
f 869/1782/855 867/1780/853 834/1720/820
f 869/1782/855 776/1627/762 805/1679/792
f 771/1784/758 776/1627/762 869/1782/855
f 770/1615/756 771/1619/758 870/1785/856
f 770/1615/756 870/1785/856 826/1710/813
f 870/1783/856 834/1720/820 829/1719/816
f 826/1710/813 870/1785/856 829/1713/816
f 834/1720/820 867/1780/853 835/1721/821
f 867/1780/853 842/1786/826 835/1721/821
f 867/1780/853 865/1779/851 842/1786/826
f 865/1775/851 841/1736/830 842/1730/826
f 865/1775/851 863/1773/849 841/1736/830
f 858/1764/845 841/1736/830 863/1773/849
f 820/1701/807 848/1744/834 859/1765/846
f 816/1696/802 820/1701/807 859/1765/846
f 858/1764/845 840/1734/828 841/1736/830
f 835/1721/821 842/1786/826 838/1728/825
f 823/1705/809 770/1615/756 826/1710/813
f 822/1702/808 767/1610/753 823/1703/809
f 767/1612/753 770/1615/756 823/1705/809
f 767/1610/753 822/1702/808 761/1602/748
f 822/1702/808 762/1603/749 761/1602/748
f 822/1702/808 817/1697/804 762/1603/749
f 817/1697/804 814/1698/800 762/1603/749
f 757/1596/744 762/1603/749 814/1698/800
f 754/1592/741 757/1787/744 814/1691/800
f 748/1582/735 740/1570/727 736/1565/723
f 739/1788/725 742/1675/728 732/1557/719
f 733/1558/720 739/1788/725 732/1557/719
f 876/1789/857 872/1790/857 871/1791/858
f 872/1790/857 873/1792/859 871/1791/858
f 873/1792/859 877/1793/860 871/1791/858
f 878/1794/861 874/1795/862 871/1796/858
f 874/1797/862 875/1798/863 871/1799/858
f 875/1800/863 876/1789/857 871/1791/858
f 871/1796/858 877/1801/860 878/1794/861
f 879/1802/864 878/1794/861 877/1801/860
f 880/1803/865 878/1804/861 879/1805/864
f 874/1806/862 878/1804/861 880/1803/865
f 880/1803/865 879/1805/864 881/1807/866
f 874/1806/862 880/1803/865 884/1808/867
f 880/1809/865 881/1810/866 882/1811/868
f 882/1811/868 883/1812/869 880/1809/865
f 884/1813/867 880/1809/865 883/1812/869
f 884/1808/867 885/1814/870 874/1806/862
f 883/1812/869 873/1815/859 884/1813/867
f 886/1816/871 884/1817/867 873/1818/859
f 884/1808/867 888/1819/870 885/1814/870
f 886/1816/871 887/1820/872 884/1817/867
f 884/1808/867 887/1821/872 888/1819/870
f 887/1821/872 889/1822/873 888/1819/870
f 885/1823/870 888/1824/870 890/1825/870
f 888/1824/870 889/1826/873 891/1827/874
f 888/1824/870 891/1827/874 890/1825/870
f 889/1826/873 892/1828/875 891/1827/874
f 891/1829/874 894/1830/870 890/1831/870
f 892/1832/875 893/1833/876 891/1829/874
f 891/1829/874 893/1833/876 894/1830/870
f 890/1831/870 894/1830/870 897/1834/870
f 897/1835/870 894/1836/870 895/1837/857
f 895/1837/857 894/1836/870 896/1838/877
f 894/1836/870 893/1839/876 896/1838/877
f 901/1840/878 898/1841/879 897/1835/870
f 900/1842/880 897/1835/870 898/1841/879
f 890/1831/870 897/1834/870 902/1843/870
f 897/1835/870 899/1844/857 901/1840/878
f 897/1835/870 895/1837/857 899/1844/857
f 902/1843/870 897/1834/870 900/1845/880
f 885/1823/870 902/1846/870 903/1847/881
f 885/1823/870 890/1825/870 902/1846/870
f 902/1843/870 900/1845/880 903/1848/881
f 885/1823/870 903/1847/881 906/1849/882
f 906/1849/882 903/1847/881 904/1850/883
f 903/1848/881 905/1851/884 904/1852/883
f 903/1848/881 900/1845/880 905/1851/884
f 907/1853/885 885/1814/870 906/1854/882
f 907/1853/885 906/1854/882 908/1855/886
f 906/1854/882 909/1856/887 908/1855/886
f 906/1854/882 910/1857/884 909/1856/887
f 906/1849/882 904/1850/883 910/1858/884
f 910/1857/884 911/1859/888 909/1856/887
f 910/1857/884 913/1860/889 911/1859/888
f 910/1858/884 904/1850/883 912/1861/890
f 910/1858/884 912/1861/890 913/1862/889
f 914/1863/891 913/1862/889 912/1861/890
f 913/1864/889 914/1865/891 915/1866/892
f 913/1864/889 915/1866/892 911/1867/888
f 908/1868/886 915/1869/892 907/1870/885
f 911/1871/888 915/1869/892 908/1868/886
f 915/1866/892 914/1865/891 916/1872/893
f 915/1866/892 916/1872/893 917/1873/894
f 915/1869/892 917/1874/894 907/1870/885
f 875/1798/863 907/1870/885 917/1874/894
f 919/1875/895 875/1798/863 917/1874/894
f 917/1873/894 916/1872/893 918/1876/896
f 917/1873/894 918/1876/896 920/1877/897
f 921/1878/898 919/1875/895 917/1874/894
f 917/1874/894 920/1879/897 921/1878/898
f 919/1880/895 921/1881/898 922/1882/899
f 920/1883/897 922/1882/899 921/1881/898
f 922/1884/899 918/1885/896 924/1886/900
f 920/1883/897 918/1887/896 922/1882/899
f 919/1880/895 922/1882/899 925/1888/901
f 925/1889/901 922/1884/899 923/1890/902
f 922/1884/899 924/1886/900 923/1890/902
f 875/1800/863 919/1880/895 925/1888/901
f 875/1800/863 925/1888/901 876/1789/857
f 876/1891/857 925/1889/901 926/1892/903
f 925/1889/901 923/1890/902 926/1892/903
f 876/1891/857 926/1892/903 927/1893/857
f 926/1894/903 899/1895/857 927/1896/857
f 926/1894/903 928/1897/904 899/1895/857
f 923/1898/902 928/1897/904 926/1894/903
f 899/1844/857 928/1899/904 901/1840/878
f 929/1900/896 901/1840/878 928/1899/904
f 928/1899/904 930/1901/905 929/1900/896
f 923/1898/902 930/1902/905 928/1897/904
f 924/1903/900 929/1904/896 930/1905/905
f 924/1903/900 930/1905/905 923/1906/902
f 931/1907/906 929/1904/896 924/1903/900
f 931/1907/906 901/1908/878 929/1904/896
f 914/1863/891 932/1909/907 931/1910/906
f 932/1911/907 901/1908/878 931/1907/906
f 916/1912/893 931/1910/906 924/1886/900
f 914/1863/891 931/1910/906 916/1912/893
f 932/1911/907 898/1913/879 901/1908/878
f 912/1914/890 898/1913/879 932/1911/907
f 914/1863/891 912/1861/890 932/1909/907
f 876/1891/857 927/1893/857 933/1915/857
f 927/1896/857 899/1895/857 895/1916/857
f 927/1896/857 895/1916/857 933/1917/857
f 876/1891/857 933/1915/857 872/1918/857
f 872/1918/857 933/1915/857 934/1919/908
f 933/1917/857 935/1920/909 934/1921/908
f 933/1917/857 895/1916/857 935/1920/909
f 934/1921/908 935/1920/909 937/1922/910
f 938/1923/911 936/1924/912 935/1925/909
f 936/1924/912 937/1926/910 935/1925/909
f 935/1925/909 895/1837/857 938/1923/911
f 940/1927/913 938/1928/911 896/1929/877
f 896/1838/877 938/1923/911 895/1837/857
f 939/1930/914 936/1931/912 938/1928/911
f 939/1930/914 938/1928/911 940/1927/913
f 941/1932/915 940/1933/913 942/1934/916
f 941/1932/915 939/1935/914 940/1933/913
f 940/1927/913 896/1929/877 942/1936/916
f 941/1932/915 942/1934/916 945/1937/877
f 942/1936/916 896/1929/877 943/1938/917
f 942/1936/916 943/1938/917 944/1939/918
f 945/1937/877 942/1934/916 944/1940/918
f 941/1941/915 945/1942/877 947/1943/919
f 947/1943/919 945/1942/877 946/1944/920
f 945/1937/877 944/1940/918 946/1945/920
f 947/1943/919 946/1944/920 950/1946/921
f 947/1947/919 950/1948/921 948/1949/922
f 948/1949/922 887/1820/872 947/1947/919
f 941/1941/915 947/1943/919 949/1950/923
f 949/1951/923 947/1947/919 887/1820/872
f 950/1952/921 946/1953/920 951/1954/924
f 950/1952/921 951/1954/924 952/1955/925
f 950/1948/921 952/1956/925 948/1949/922
f 948/1957/922 952/1955/925 951/1954/924
f 889/1826/873 951/1958/924 892/1828/875
f 948/1957/922 951/1954/924 889/1822/873
f 951/1958/924 946/1945/920 944/1940/918
f 951/1958/924 944/1940/918 892/1828/875
f 953/1959/926 955/1960/927 949/1951/923
f 886/1816/871 953/1959/926 949/1951/923
f 956/1961/928 941/1941/915 949/1950/923
f 955/1960/927 954/1962/929 949/1951/923
f 956/1961/928 949/1950/923 954/1963/929
f 887/1820/872 886/1816/871 949/1951/923
f 941/1932/915 956/1964/928 939/1935/914
f 957/1965/930 956/1966/928 954/1967/929
f 957/1968/930 939/1935/914 956/1964/928
f 953/1969/926 958/1970/931 957/1965/930
f 958/1971/931 959/1972/932 957/1968/930
f 953/1969/926 957/1965/930 955/1973/927
f 957/1965/930 954/1967/929 955/1973/927
f 957/1968/930 959/1972/932 939/1935/914
f 958/1971/931 934/1919/908 959/1972/932
f 934/1921/908 937/1922/910 959/1974/932
f 959/1974/932 936/1975/912 939/1976/914
f 959/1974/932 937/1922/910 936/1975/912
f 886/1977/871 958/1970/931 953/1969/926
f 872/1918/857 934/1919/908 958/1971/931
f 886/1977/871 872/1790/857 958/1970/931
f 887/1821/872 948/1957/922 889/1822/873
f 944/1939/918 960/1978/924 892/1979/875
f 944/1939/918 943/1938/917 960/1978/924
f 892/1832/875 960/1980/924 893/1833/876
f 893/1839/876 960/1981/924 896/1838/877
f 960/1981/924 943/1982/917 896/1838/877
f 916/1912/893 924/1886/900 918/1885/896
f 904/1983/883 961/1984/933 912/1914/890
f 912/1914/890 961/1984/933 898/1913/879
f 904/1983/883 905/1985/884 961/1984/933
f 898/1841/879 961/1986/933 905/1987/884
f 908/1868/886 909/1988/887 911/1871/888
f 874/1797/862 907/1870/885 875/1798/863
f 885/1814/870 907/1853/885 874/1806/862
f 905/1987/884 900/1842/880 898/1841/879
f 872/1790/857 886/1977/871 873/1792/859
f 962/1989/934 877/1793/860 883/1990/869
f 962/1989/934 883/1990/869 882/1991/868
f 873/1792/859 883/1990/869 877/1793/860
f 877/1801/860 962/1992/934 879/1802/864
f 962/1992/934 964/1993/935 879/1802/864
f 882/1991/868 963/1994/936 962/1989/934
f 962/1992/934 963/1995/936 964/1993/935
f 967/1996/937 879/1805/864 964/1997/935
f 965/1998/938 967/1996/937 964/1997/935
f 965/1998/938 964/1997/935 966/1999/939
f 966/2000/939 964/1993/935 963/1995/936
f 967/1996/937 881/1807/866 879/1805/864
f 968/2001/940 969/2002/941 967/2003/937
f 968/2001/940 967/2003/937 965/2004/938
f 967/2003/937 969/2002/941 882/1811/868
f 881/1810/866 967/2003/937 882/1811/868
f 969/2005/941 968/2006/940 970/2007/942
f 969/2005/941 970/2007/942 963/1994/936
f 882/1991/868 969/2005/941 963/1994/936
f 971/2008/943 972/2009/944 970/2007/942
f 971/2008/943 970/2007/942 968/2006/940
f 970/2010/942 972/2011/944 973/2012/945
f 966/2000/939 963/1995/936 970/2010/942
f 973/2012/945 966/2000/939 970/2010/942
f 966/1999/939 973/2013/945 974/2014/946
f 974/2014/946 973/2013/945 975/2015/947
f 975/2016/947 973/2012/945 972/2011/944
f 972/2011/944 976/2017/948 975/2016/947
f 977/2018/949 975/2019/947 976/2020/948
f 977/2018/949 980/2021/950 975/2019/947
f 981/2022/951 978/2023/951 975/2015/947
f 978/2023/951 979/2024/952 975/2015/947
f 979/2024/952 974/2014/946 975/2015/947
f 980/2025/950 981/2022/951 975/2015/947
f 980/2025/950 982/2026/953 981/2022/951
f 981/2027/951 982/2028/953 984/2029/954
f 981/2027/951 983/2030/951 985/2031/951
f 981/2027/951 984/2029/954 983/2030/951
f 981/2027/951 985/2031/951 978/2032/951
f 978/2032/951 985/2031/951 986/2033/955
f 985/2034/951 987/2035/956 986/2036/955
f 983/2037/951 988/2038/951 985/2034/951
f 985/2034/951 988/2038/951 987/2035/956
f 988/2039/951 991/2040/951 989/2041/957
f 988/2039/951 989/2041/957 992/2042/957
f 987/2043/956 988/2039/951 990/2044/919
f 993/2045/958 990/2044/919 988/2039/951
f 983/2037/951 991/2046/951 988/2038/951
f 988/2039/951 992/2042/957 993/2045/958
f 995/2047/959 993/2048/958 994/2049/960
f 994/2050/960 993/2045/958 997/2051/926
f 992/2042/957 997/2051/926 993/2045/958
f 996/2052/961 993/2048/958 995/2047/959
f 996/2052/961 990/2053/919 993/2048/958
f 998/2054/962 997/2055/926 992/2056/957
f 1000/2057/963 997/2055/926 998/2054/962
f 997/2051/926 999/2058/964 994/2050/960
f 1000/2057/963 999/2059/964 997/2055/926
f 1001/2060/965 1003/2061/966 1000/2062/963
f 1001/2060/965 1000/2062/963 998/2063/962
f 1003/2061/966 1002/2064/967 1000/2062/963
f 1002/2065/967 999/2059/964 1000/2057/963
f 1005/2066/909 1003/2067/966 1001/2068/965
f 1003/2061/966 1004/2069/968 1002/2064/967
f 1006/2070/928 1004/2071/968 1003/2067/966
f 1005/2066/909 1007/2072/930 1003/2067/966
f 1006/2070/928 1003/2067/966 1007/2072/930
f 1007/2073/930 1005/2074/909 1008/2075/911
f 1008/2075/911 1006/2076/928 1007/2073/930
f 1005/2074/909 1009/2077/969 1008/2075/911
f 1008/2078/911 1004/2079/968 1006/2080/928
f 1009/2077/969 1012/2081/970 1008/2075/911
f 1010/2082/877 1008/2075/911 1012/2081/970
f 1010/2083/877 1011/2084/971 1008/2078/911
f 1008/2078/911 1011/2084/971 1004/2079/968
f 979/2085/952 1012/2081/970 1009/2077/969
f 978/2023/951 1012/2086/970 979/2024/952
f 1013/2087/972 1010/2082/877 1012/2081/970
f 1012/2086/970 1014/2088/973 1013/2089/972
f 1012/2086/970 978/2023/951 1014/2088/973
f 978/2032/951 986/2033/955 1014/2090/973
f 1013/2089/972 1014/2088/973 1015/2091/974
f 1014/2090/973 1016/2092/975 1015/2093/974
f 1014/2090/973 986/2033/955 1016/2092/975
f 1015/2093/974 1016/2092/975 1018/2094/976
f 986/2036/955 1017/2095/977 1016/2096/975
f 1016/2097/975 1017/2098/977 1019/2099/921
f 1016/2097/975 1019/2099/921 1018/2100/976
f 990/2044/919 1019/2101/921 1017/2102/977
f 1018/2100/976 1019/2099/921 990/2053/919
f 1015/2093/974 1018/2094/976 1021/2103/978
f 1020/2104/919 1021/2103/978 1018/2094/976
f 1020/2104/919 1018/2094/976 996/2105/961
f 1018/2100/976 990/2053/919 996/2052/961
f 1021/2106/978 1020/2107/919 1010/2083/877
f 1023/2108/979 1021/2109/978 1022/2110/980
f 1021/2106/978 1010/2083/877 1022/2111/980
f 1023/2108/979 1015/2091/974 1021/2109/978
f 1013/2089/972 1015/2091/974 1023/2108/979
f 1013/2087/972 1023/2112/979 1022/2113/980
f 1022/2113/980 1010/2082/877 1013/2087/972
f 1020/2104/919 996/2105/961 995/2114/959
f 1010/2083/877 1020/2107/919 1011/2084/971
f 1020/2104/919 995/2114/959 1011/2115/971
f 986/2036/955 987/2035/956 1017/2095/977
f 1017/2102/977 987/2043/956 990/2044/919
f 1011/2115/971 1002/2064/967 1004/2069/968
f 1011/2115/971 995/2114/959 1002/2064/967
f 1024/2116/981 1009/2117/969 1025/2118/957
f 979/2085/952 1009/2077/969 1024/2119/981
f 1009/2117/969 1001/2068/965 1025/2118/957
f 1009/2117/969 1005/2066/909 1001/2068/965
f 1024/2116/981 1025/2118/957 1027/2120/957
f 1025/2121/957 1001/2060/965 998/2063/962
f 1027/2122/957 1025/2121/957 1026/2123/957
f 1025/2121/957 998/2063/962 1026/2123/957
f 1027/2120/957 977/2124/949 976/2125/948
f 1024/2116/981 1027/2120/957 976/2125/948
f 977/2124/949 1027/2120/957 1029/2126/895
f 1027/2122/957 1028/2127/957 1030/2128/982
f 1027/2122/957 1026/2123/957 1028/2127/957
f 1027/2122/957 1030/2128/982 1029/2129/895
f 1029/2129/895 1030/2128/982 1031/2130/983
f 1030/2131/982 1032/2132/984 1031/2133/983
f 1030/2131/982 1033/2134/985 1032/2132/984
f 1028/2135/957 1033/2134/985 1030/2131/982
f 1028/2135/957 989/2136/957 1033/2134/985
f 1034/2137/986 1032/2138/984 1033/2139/985
f 1035/2140/894 1034/2137/986 1033/2139/985
f 1033/2139/985 989/2041/957 1035/2140/894
f 1038/2141/987 1035/2142/894 1036/2143/988
f 1036/2144/988 1035/2140/894 989/2041/957
f 1037/2145/989 1034/2146/986 1035/2142/894
f 1037/2145/989 1035/2142/894 1038/2141/987
f 1039/2147/894 1038/2148/987 1040/2149/990
f 1039/2147/894 1037/2150/989 1038/2148/987
f 1038/2141/987 1036/2143/988 1040/2151/990
f 1039/2147/894 1040/2149/990 1043/2152/988
f 1043/2152/988 1040/2149/990 1041/2153/991
f 1040/2151/990 1042/2154/888 1041/2155/991
f 1040/2151/990 1036/2143/988 1042/2154/888
f 1039/2156/894 1043/2157/988 1045/2158/891
f 1045/2158/891 1043/2157/988 1044/2159/992
f 1043/2152/988 1041/2153/991 1044/2160/992
f 1048/2161/893 1045/2162/891 980/2021/950
f 1046/2163/993 980/2021/950 1045/2162/891
f 1045/2158/891 1044/2159/992 1047/2164/994
f 1045/2162/891 1047/2165/994 1046/2163/993
f 1039/2156/894 1045/2158/891 1048/2166/893
f 1050/2167/995 1049/2168/996 1048/2161/893
f 1051/2169/997 1048/2166/893 1049/2170/996
f 1051/2169/997 1039/2156/894 1048/2166/893
f 980/2021/950 977/2018/949 1048/2161/893
f 1052/2171/904 1050/2167/995 1048/2161/893
f 977/2018/949 1052/2171/904 1048/2161/893
f 977/2124/949 1029/2126/895 1052/2172/904
f 1029/2126/895 1050/2173/995 1052/2172/904
f 1039/2147/894 1051/2174/997 1037/2150/989
f 1050/2173/995 1051/2175/997 1049/2176/996
f 1050/2173/995 1053/2177/998 1051/2175/997
f 1053/2178/998 1037/2150/989 1051/2174/997
f 1029/2126/895 1053/2177/998 1050/2173/995
f 1029/2129/895 1031/2130/983 1053/2178/998
f 1053/2178/998 1031/2130/983 1037/2150/989
f 1054/2179/999 1047/2180/994 1044/2181/992
f 1047/2165/994 1054/2182/999 1046/2163/993
f 1054/2179/999 1055/2183/1000 982/2026/953
f 1054/2179/999 982/2026/953 1046/2184/993
f 1054/2179/999 1044/2181/992 1055/2183/1000
f 982/2028/953 1055/2185/1000 1056/2186/1001
f 1055/2185/1000 1044/2160/992 1041/2153/991
f 1055/2185/1000 1041/2153/991 1056/2186/1001
f 1041/2155/991 1058/2187/1002 1056/2188/1001
f 1056/2189/1001 1058/2190/1002 1057/2191/886
f 1056/2189/1001 1057/2191/886 984/2192/954
f 982/2028/953 1056/2186/1001 984/2029/954
f 1058/2193/1002 1042/2194/888 1036/2144/988
f 1057/2195/886 1058/2193/1002 1036/2144/988
f 1041/2155/991 1042/2154/888 1058/2187/1002
f 984/2192/954 1057/2191/886 991/2046/951
f 991/2040/951 1057/2195/886 1036/2144/988
f 980/2025/950 1046/2184/993 982/2026/953
f 1031/2196/983 1034/2146/986 1037/2145/989
f 989/2041/957 991/2040/951 1036/2144/988
f 1031/2196/983 1032/2197/984 1034/2146/986
f 1026/2198/957 989/2136/957 1028/2135/957
f 1026/2198/957 992/2056/957 989/2136/957
f 998/2054/962 992/2056/957 1026/2198/957
f 974/2199/946 979/2200/952 1024/2201/981
f 1024/2201/981 971/2202/943 974/2199/946
f 976/2125/948 971/2008/943 1024/2116/981
f 1002/2065/967 994/2203/960 999/2059/964
f 995/2047/959 994/2049/960 1002/2204/967
f 984/2192/954 991/2046/951 983/2037/951
f 976/2125/948 972/2009/944 971/2008/943
f 966/1999/939 974/2014/946 965/1998/938
f 965/2004/938 974/2199/946 971/2202/943
f 971/2202/943 968/2001/940 965/2004/938
f 1064/2205/1003 1059/2206/1004 1060/2207/1005
f 1059/2208/1004 1061/2209/1006 1060/2210/1005
f 1059/2208/1004 1062/2211/1007 1061/2209/1006
f 1059/2208/1004 1063/2212/1008 1062/2211/1007
f 1059/2208/1004 1064/2213/1003 1063/2212/1008
f 1066/2214/1009 1065/2215/1010 1064/2205/1003
f 1065/2216/1010 1063/2217/1008 1064/2218/1003
f 1064/2205/1003 1060/2207/1005 1066/2214/1009
f 1066/2219/1009 1069/2220/1011 1065/2216/1010
f 1067/2221/1012 1073/2222/1013 1066/2219/1009
f 1067/2221/1012 1066/2219/1009 1068/2223/1014
f 1076/2224/1015 1068/2225/1014 1066/2214/1009
f 1066/2219/1009 1073/2222/1013 1069/2220/1011
f 1060/2207/1005 1070/2226/1016 1066/2214/1009
f 1070/2226/1016 1074/2227/1017 1066/2214/1009
f 1077/2228/1018 1071/2229/1019 1066/2214/1009
f 1071/2229/1019 1072/2230/1020 1066/2214/1009
f 1072/2230/1020 1075/2231/1021 1066/2214/1009
f 1066/2214/1009 1074/2227/1017 1077/2228/1018
f 1075/2231/1021 1076/2224/1015 1066/2214/1009
f 1078/2232/1022 1079/2233/1023 1077/2234/1018
f 1078/2232/1022 1077/2234/1018 1074/2235/1017
f 1079/2233/1023 1071/2236/1019 1077/2234/1018
f 1079/2233/1023 1081/2237/1024 1071/2236/1019
f 1080/2238/1025 1083/2239/1026 1079/2233/1023
f 1080/2238/1025 1079/2233/1023 1078/2232/1022
f 1079/2233/1023 1082/2240/1027 1081/2237/1024
f 1079/2233/1023 1083/2239/1026 1082/2240/1027
f 1085/2241/1028 1083/2239/1026 1080/2238/1025
f 1085/2241/1028 1084/2242/1029 1083/2239/1026
f 1084/2242/1029 1082/2240/1027 1083/2239/1026
f 1088/2243/1030 1085/2241/1028 1080/2238/1025
f 1086/2244/1031 1084/2242/1029 1085/2241/1028
f 1086/2244/1031 1085/2241/1028 1087/2245/1032
f 1085/2241/1028 1089/2246/1033 1087/2245/1032
f 1088/2243/1030 1090/2247/1034 1085/2241/1028
f 1085/2241/1028 1090/2247/1034 1089/2246/1033
f 1091/2248/1035 1090/2247/1034 1088/2243/1030
f 1091/2248/1035 1093/2249/1036 1090/2247/1034
f 1090/2247/1034 1092/2250/1037 1089/2246/1033
f 1090/2247/1034 1093/2249/1036 1092/2250/1037
f 1094/2251/1038 1096/2252/1039 1093/2253/1036
f 1094/2251/1038 1093/2253/1036 1091/2254/1035
f 1093/2253/1036 1095/2255/1040 1092/2256/1037
f 1093/2253/1036 1096/2252/1039 1095/2255/1040
f 1097/2257/1041 1096/2252/1039 1094/2251/1038
f 1097/2257/1041 1098/2258/1042 1096/2252/1039
f 1096/2252/1039 1098/2258/1042 1099/2259/1043
f 1096/2252/1039 1099/2259/1043 1095/2255/1040
f 1102/2260/1044 1099/2259/1043 1100/2261/1045
f 1098/2258/1042 1100/2261/1045 1099/2259/1043
f 1101/2262/1046 1095/2255/1040 1099/2259/1043
f 1101/2262/1046 1099/2259/1043 1102/2260/1044
f 1101/2262/1046 1102/2260/1044 1104/2263/1047
f 1102/2260/1044 1103/2264/1048 1105/2265/1049
f 1102/2260/1044 1100/2261/1045 1103/2264/1048
f 1102/2260/1044 1105/2265/1049 1104/2263/1047
f 1104/2266/1047 1105/2267/1049 1107/2268/1050
f 1103/2269/1048 1106/2270/1051 1105/2271/1049
f 1105/2267/1049 1106/2272/1051 1107/2268/1050
f 1114/2273/1052 1104/2266/1047 1107/2268/1050
f 1110/2274/1053 1107/2275/1050 1106/2270/1051
f 1107/2268/1050 1108/2276/1054 1116/2277/1055
f 1107/2275/1050 1109/2278/1056 1108/2279/1054
f 1107/2275/1050 1113/2280/1057 1109/2278/1056
f 1110/2274/1053 1113/2280/1057 1107/2275/1050
f 1116/2277/1055 1111/2281/1058 1107/2268/1050
f 1111/2281/1058 1112/2282/1059 1107/2268/1050
f 1112/2282/1059 1115/2283/1060 1107/2268/1050
f 1107/2268/1050 1115/2283/1060 1114/2273/1052
f 1116/2277/1055 1117/2284/1061 1111/2281/1058
f 1116/2285/1055 1118/2286/1062 1117/2287/1061
f 1116/2285/1055 1119/2288/1063 1118/2286/1062
f 1108/2279/1054 1119/2289/1063 1116/2290/1055
f 1119/2288/1063 1121/2291/1064 1118/2286/1062
f 1108/2279/1054 1109/2278/1056 1119/2289/1063
f 1109/2278/1056 1120/2292/1065 1119/2289/1063
f 1119/2288/1063 1120/2293/1065 1121/2291/1064
f 1125/2294/1066 1118/2286/1062 1121/2291/1064
f 1121/2291/1064 1122/2295/1067 1123/2296/1068
f 1120/2293/1065 1122/2295/1067 1121/2291/1064
f 1121/2291/1064 1123/2296/1068 1124/2297/1069
f 1125/2294/1066 1121/2291/1064 1124/2297/1069
f 1117/2287/1061 1118/2286/1062 1125/2294/1066
f 1117/2287/1061 1125/2294/1066 1111/2298/1058
f 1111/2298/1058 1125/2294/1066 1126/2299/1070
f 1126/2299/1070 1125/2294/1066 1124/2297/1069
f 1129/2300/1071 1126/2301/1070 1127/2302/1072
f 1126/2301/1070 1086/2244/1031 1127/2302/1072
f 1126/2301/1070 1128/2303/1073 1086/2244/1031
f 1126/2299/1070 1124/2297/1069 1128/2304/1073
f 1111/2298/1058 1126/2299/1070 1129/2305/1071
f 1111/2281/1058 1129/2306/1071 1112/2282/1059
f 1129/2300/1071 1127/2302/1072 1112/2307/1059
f 1128/2303/1073 1130/2308/1074 1084/2242/1029
f 1128/2303/1073 1084/2242/1029 1086/2244/1031
f 1124/2297/1069 1130/2309/1074 1128/2304/1073
f 1084/2242/1029 1130/2308/1074 1082/2240/1027
f 1130/2309/1074 1131/2310/1075 1082/2311/1027
f 1124/2297/1069 1123/2296/1068 1130/2309/1074
f 1130/2309/1074 1123/2296/1068 1131/2310/1075
f 1081/2312/1024 1082/2311/1027 1131/2310/1075
f 1081/2312/1024 1131/2310/1075 1132/2313/1076
f 1132/2313/1076 1131/2310/1075 1133/2314/1077
f 1123/2296/1068 1133/2314/1077 1131/2310/1075
f 1132/2313/1076 1133/2314/1077 1135/2315/1078
f 1123/2296/1068 1122/2295/1067 1133/2314/1077
f 1122/2295/1067 1134/2316/1079 1133/2314/1077
f 1133/2314/1077 1134/2316/1079 1136/2317/1080
f 1133/2314/1077 1136/2317/1080 1135/2315/1078
f 1135/2315/1078 1136/2317/1080 1076/2318/1015
f 1136/2319/1080 1068/2223/1014 1076/2320/1015
f 1136/2319/1080 1067/2221/1012 1068/2223/1014
f 1134/2321/1079 1067/2221/1012 1136/2319/1080
f 1132/2313/1076 1135/2315/1078 1075/2322/1021
f 1135/2315/1078 1076/2318/1015 1075/2322/1021
f 1122/2295/1067 1137/2323/1081 1134/2316/1079
f 1137/2324/1081 1138/2325/1082 1134/2321/1079
f 1134/2321/1079 1138/2325/1082 1067/2221/1012
f 1067/2221/1012 1138/2325/1082 1140/2326/1083
f 1137/2324/1081 1139/2327/1084 1138/2325/1082
f 1139/2327/1084 1140/2326/1083 1138/2325/1082
f 1140/2326/1083 1142/2328/1085 1141/2329/1086
f 1069/2220/1011 1140/2326/1083 1141/2329/1086
f 1067/2221/1012 1140/2326/1083 1073/2222/1013
f 1139/2327/1084 1143/2330/1087 1140/2326/1083
f 1140/2326/1083 1143/2330/1087 1142/2328/1085
f 1069/2220/1011 1073/2222/1013 1140/2326/1083
f 1144/2331/1088 1142/2328/1085 1143/2330/1087
f 1144/2331/1088 1143/2330/1087 1145/2332/1089
f 1145/2332/1089 1143/2330/1087 1139/2327/1084
f 1110/2274/1053 1144/2331/1088 1145/2332/1089
f 1109/2278/1056 1113/2280/1057 1145/2332/1089
f 1109/2278/1056 1145/2332/1089 1146/2333/1090
f 1145/2332/1089 1139/2327/1084 1146/2333/1090
f 1110/2274/1053 1145/2332/1089 1113/2280/1057
f 1109/2278/1056 1146/2333/1090 1120/2292/1065
f 1146/2333/1090 1139/2327/1084 1137/2324/1081
f 1146/2333/1090 1137/2324/1081 1120/2292/1065
f 1147/2334/1091 1142/2328/1085 1144/2331/1088
f 1147/2334/1091 1144/2331/1088 1100/2335/1045
f 1100/2335/1045 1144/2331/1088 1110/2274/1053
f 1098/2258/1042 1147/2336/1091 1100/2261/1045
f 1141/2329/1086 1142/2328/1085 1147/2334/1091
f 1148/2337/1092 1147/2336/1091 1098/2258/1042
f 1141/2329/1086 1147/2334/1091 1148/2338/1092
f 1148/2337/1092 1098/2258/1042 1097/2257/1041
f 1062/2211/1007 1148/2337/1092 1097/2257/1041
f 1063/2217/1008 1141/2329/1086 1148/2338/1092
f 1062/2211/1007 1063/2212/1008 1148/2337/1092
f 1063/2217/1008 1069/2220/1011 1141/2329/1086
f 1120/2293/1065 1137/2323/1081 1122/2295/1067
f 1132/2313/1076 1075/2322/1021 1072/2339/1020
f 1081/2312/1024 1132/2313/1076 1072/2339/1020
f 1127/2302/1072 1086/2244/1031 1087/2245/1032
f 1127/2302/1072 1087/2245/1032 1149/2340/1093
f 1112/2307/1059 1127/2302/1072 1149/2340/1093
f 1112/2307/1059 1149/2340/1093 1115/2341/1060
f 1087/2245/1032 1150/2342/1094 1149/2340/1093
f 1149/2340/1093 1150/2342/1094 1151/2343/1095
f 1149/2340/1093 1151/2343/1095 1115/2341/1060
f 1115/2283/1060 1151/2344/1095 1114/2273/1052
f 1150/2342/1094 1152/2345/1096 1151/2343/1095
f 1151/2344/1095 1152/2346/1096 1114/2273/1052
f 1150/2342/1094 1153/2347/1097 1152/2345/1096
f 1153/2348/1097 1114/2349/1052 1152/2350/1096
f 1153/2348/1097 1101/2262/1046 1114/2349/1052
f 1153/2348/1097 1095/2255/1040 1101/2262/1046
f 1150/2342/1094 1092/2250/1037 1153/2347/1097
f 1153/2348/1097 1092/2256/1037 1095/2255/1040
f 1087/2245/1032 1089/2246/1033 1150/2342/1094
f 1150/2342/1094 1089/2246/1033 1092/2250/1037
f 1101/2262/1046 1104/2263/1047 1114/2349/1052
f 1103/2269/1048 1110/2274/1053 1106/2270/1051
f 1100/2335/1045 1110/2274/1053 1103/2269/1048
f 1061/2209/1006 1097/2257/1041 1094/2251/1038
f 1061/2209/1006 1062/2211/1007 1097/2257/1041
f 1061/2209/1006 1094/2251/1038 1091/2254/1035
f 1061/2209/1006 1091/2254/1035 1154/2351/1098
f 1154/2352/1098 1091/2248/1035 1088/2243/1030
f 1155/2353/1099 1154/2352/1098 1156/2354/1100
f 1060/2210/1005 1154/2351/1098 1155/2355/1099
f 1060/2210/1005 1061/2209/1006 1154/2351/1098
f 1154/2352/1098 1088/2243/1030 1156/2354/1100
f 1155/2353/1099 1156/2354/1100 1070/2356/1016
f 1078/2232/1022 1156/2354/1100 1088/2243/1030
f 1070/2356/1016 1156/2354/1100 1078/2232/1022
f 1060/2207/1005 1155/2357/1099 1070/2226/1016
f 1078/2232/1022 1088/2243/1030 1080/2238/1025
f 1081/2312/1024 1072/2339/1020 1071/2358/1019
f 1070/2356/1016 1078/2232/1022 1074/2235/1017
f 1065/2216/1010 1069/2220/1011 1063/2217/1008
f 1157/2359/1101 1158/2360/1102 1163/2361/1103
f 1157/2362/1101 1159/2363/1098 1158/2364/1102
f 1157/2362/1101 1162/2365/1006 1159/2363/1098
f 1160/2366/1007 1162/2365/1006 1157/2362/1101
f 1160/2366/1007 1157/2362/1101 1161/2367/1104
f 1161/2368/1104 1157/2359/1101 1163/2361/1103
f 1164/2369/1100 1170/2370/1105 1163/2371/1103
f 1164/2369/1100 1163/2371/1103 1173/2372/1106
f 1163/2361/1103 1165/2373/1107 1169/2374/1019
f 1163/2371/1103 1166/2375/1023 1165/2376/1107
f 1163/2371/1103 1170/2370/1105 1166/2375/1023
f 1171/2377/1108 1167/2378/1109 1163/2361/1103
f 1167/2378/1109 1161/2368/1104 1163/2361/1103
f 1168/2379/1014 1172/2380/1110 1163/2361/1103
f 1168/2379/1014 1163/2361/1103 1169/2374/1019
f 1163/2361/1103 1172/2380/1110 1171/2377/1108
f 1158/2360/1102 1173/2381/1106 1163/2361/1103
f 1159/2382/1098 1173/2372/1106 1158/2383/1102
f 1159/2382/1098 1164/2369/1100 1173/2372/1106
f 1168/2384/1014 1174/2385/1111 1172/2386/1110
f 1174/2385/1111 1171/2387/1108 1172/2386/1110
f 1174/2385/1111 1175/2388/1011 1171/2387/1108
f 1168/2384/1014 1177/2389/1112 1174/2385/1111
f 1174/2385/1111 1176/2390/1113 1175/2388/1011
f 1174/2385/1111 1178/2391/1083 1176/2390/1113
f 1177/2389/1112 1178/2391/1083 1174/2385/1111
f 1177/2389/1112 1180/2392/1114 1178/2391/1083
f 1180/2392/1114 1179/2393/1087 1178/2391/1083
f 1179/2393/1087 1176/2390/1113 1178/2391/1083
f 1181/2394/1115 1182/2395/1116 1180/2392/1114
f 1177/2389/1112 1181/2394/1115 1180/2392/1114
f 1180/2392/1114 1182/2395/1116 1179/2393/1087
f 1179/2393/1087 1182/2395/1116 1183/2396/1090
f 1182/2395/1116 1184/2397/1117 1183/2396/1090
f 1182/2395/1116 1185/2398/1081 1184/2397/1117
f 1181/2394/1115 1185/2398/1081 1182/2395/1116
f 1185/2399/1081 1186/2400/1064 1184/2401/1117
f 1185/2399/1081 1187/2402/1067 1186/2400/1064
f 1188/2403/1118 1185/2399/1081 1181/2404/1115
f 1188/2403/1118 1187/2402/1067 1185/2399/1081
f 1190/2405/1080 1189/2406/1078 1188/2403/1118
f 1189/2406/1078 1191/2407/1075 1188/2403/1118
f 1190/2405/1080 1188/2403/1118 1181/2404/1115
f 1191/2407/1075 1187/2402/1067 1188/2403/1118
f 1194/2408/1076 1192/2409/1027 1191/2407/1075
f 1192/2409/1027 1193/2410/1119 1191/2407/1075
f 1191/2407/1075 1193/2410/1119 1187/2402/1067
f 1189/2406/1078 1194/2408/1076 1191/2407/1075
f 1195/2411/1020 1194/2408/1076 1189/2406/1078
f 1194/2408/1076 1196/2412/1024 1192/2409/1027
f 1169/2413/1019 1194/2408/1076 1195/2411/1020
f 1169/2413/1019 1196/2412/1024 1194/2408/1076
f 1165/2376/1107 1166/2375/1023 1196/2414/1024
f 1165/2376/1107 1196/2414/1024 1169/2415/1019
f 1196/2414/1024 1197/2416/1120 1192/2417/1027
f 1196/2414/1024 1166/2375/1023 1197/2416/1120
f 1197/2416/1120 1199/2418/1074 1192/2417/1027
f 1198/2419/1025 1200/2420/1121 1197/2416/1120
f 1166/2375/1023 1198/2419/1025 1197/2416/1120
f 1197/2416/1120 1200/2420/1121 1199/2418/1074
f 1198/2419/1025 1201/2421/1028 1200/2420/1121
f 1200/2420/1121 1201/2421/1028 1203/2422/1032
f 1199/2418/1074 1200/2420/1121 1202/2423/1122
f 1200/2420/1121 1203/2422/1032 1202/2423/1122
f 1205/2424/1033 1203/2422/1032 1201/2421/1028
f 1204/2425/1094 1207/2426/1093 1203/2422/1032
f 1204/2425/1094 1203/2422/1032 1205/2424/1033
f 1206/2427/1072 1202/2423/1122 1203/2422/1032
f 1206/2427/1072 1203/2422/1032 1207/2426/1093
f 1208/2428/1060 1207/2426/1093 1204/2425/1094
f 1209/2429/1123 1207/2426/1093 1208/2428/1060
f 1209/2429/1123 1206/2427/1072 1207/2426/1093
f 1210/2430/1124 1209/2431/1123 1208/2432/1060
f 1211/2433/1070 1209/2429/1123 1210/2434/1124
f 1211/2433/1070 1206/2427/1072 1209/2429/1123
f 1212/2435/1066 1211/2436/1070 1210/2437/1124
f 1214/2438/1069 1211/2436/1070 1212/2435/1066
f 1214/2438/1069 1213/2439/1073 1211/2436/1070
f 1213/2440/1073 1206/2427/1072 1211/2433/1070
f 1193/2410/1119 1213/2439/1073 1214/2438/1069
f 1215/2441/1062 1186/2400/1064 1214/2438/1069
f 1215/2441/1062 1214/2438/1069 1212/2435/1066
f 1187/2402/1067 1193/2410/1119 1214/2438/1069
f 1187/2402/1067 1214/2438/1069 1186/2400/1064
f 1217/2442/1063 1215/2441/1062 1216/2443/1061
f 1215/2441/1062 1218/2444/1125 1216/2443/1061
f 1215/2441/1062 1212/2435/1066 1218/2444/1125
f 1217/2442/1063 1186/2400/1064 1215/2441/1062
f 1216/2445/1061 1218/2446/1125 1210/2430/1124
f 1212/2435/1066 1210/2437/1124 1218/2444/1125
f 1217/2442/1063 1216/2443/1061 1220/2447/1055
f 1219/2448/1126 1217/2449/1063 1220/2450/1055
f 1183/2396/1090 1217/2449/1063 1219/2448/1126
f 1183/2396/1090 1184/2397/1117 1217/2449/1063
f 1217/2442/1063 1184/2401/1117 1186/2400/1064
f 1220/2451/1055 1216/2445/1061 1208/2432/1060
f 1221/2452/1127 1220/2451/1055 1208/2432/1060
f 1219/2448/1126 1220/2450/1055 1221/2453/1127
f 1222/2454/1057 1219/2448/1126 1221/2453/1127
f 1222/2454/1057 1221/2453/1127 1223/2455/1050
f 1208/2432/1060 1223/2456/1050 1221/2452/1127
f 1224/2457/1128 1223/2456/1050 1208/2432/1060
f 1224/2458/1128 1222/2454/1057 1223/2455/1050
f 1224/2458/1128 1226/2459/1053 1222/2454/1057
f 1225/2460/1129 1224/2457/1128 1227/2461/1130
f 1225/2462/1129 1226/2459/1053 1224/2458/1128
f 1224/2457/1128 1208/2432/1060 1227/2461/1130
f 1227/2461/1130 1228/2463/1131 1232/2464/1132
f 1227/2465/1130 1229/2466/1046 1228/2467/1131
f 1227/2465/1130 1231/2468/1097 1229/2466/1046
f 1208/2432/1060 1230/2469/1133 1227/2461/1130
f 1230/2470/1133 1231/2471/1097 1227/2472/1130
f 1232/2464/1132 1225/2460/1129 1227/2461/1130
f 1228/2467/1131 1234/2473/1044 1232/2474/1132
f 1232/2474/1132 1233/2475/1048 1225/2476/1129
f 1232/2474/1132 1234/2473/1044 1233/2475/1048
f 1228/2467/1131 1229/2466/1046 1234/2473/1044
f 1233/2475/1048 1234/2473/1044 1235/2477/1043
f 1234/2473/1044 1236/2478/1040 1235/2477/1043
f 1234/2473/1044 1229/2466/1046 1236/2478/1040
f 1236/2478/1040 1239/2479/1042 1235/2477/1043
f 1236/2478/1040 1237/2480/1039 1239/2479/1042
f 1238/2481/1037 1237/2480/1039 1236/2478/1040
f 1229/2466/1046 1238/2481/1037 1236/2478/1040
f 1242/2482/1091 1239/2479/1042 1240/2483/1041
f 1239/2479/1042 1241/2484/1038 1240/2483/1041
f 1239/2479/1042 1237/2480/1039 1241/2484/1038
f 1235/2477/1043 1239/2479/1042 1242/2482/1091
f 1244/2485/1134 1242/2486/1091 1243/2487/1092
f 1242/2482/1091 1240/2483/1041 1243/2488/1092
f 1245/2489/1045 1242/2486/1091 1244/2485/1134
f 1235/2477/1043 1242/2482/1091 1245/2490/1045
f 1245/2489/1045 1244/2485/1134 1246/2491/1135
f 1233/2492/1048 1245/2489/1045 1246/2491/1135
f 1233/2475/1048 1235/2477/1043 1245/2490/1045
f 1226/2459/1053 1246/2491/1135 1247/2493/1136
f 1233/2492/1048 1246/2491/1135 1226/2459/1053
f 1246/2491/1135 1244/2485/1134 1179/2393/1087
f 1246/2491/1135 1179/2393/1087 1247/2493/1136
f 1226/2459/1053 1247/2493/1136 1222/2454/1057
f 1247/2493/1136 1219/2448/1126 1222/2454/1057
f 1247/2493/1136 1183/2396/1090 1219/2448/1126
f 1179/2393/1087 1183/2396/1090 1247/2493/1136
f 1244/2485/1134 1243/2487/1092 1176/2390/1113
f 1179/2393/1087 1244/2485/1134 1176/2390/1113
f 1248/2494/1008 1243/2488/1092 1240/2483/1041
f 1175/2388/1011 1243/2487/1092 1248/2495/1008
f 1175/2388/1011 1176/2390/1113 1243/2487/1092
f 1175/2388/1011 1248/2495/1008 1167/2496/1109
f 1248/2494/1008 1161/2367/1104 1167/2497/1109
f 1248/2494/1008 1240/2483/1041 1160/2366/1007
f 1248/2494/1008 1160/2366/1007 1161/2367/1104
f 1241/2484/1038 1249/2498/1137 1159/2363/1098
f 1241/2484/1038 1159/2363/1098 1162/2365/1006
f 1160/2366/1007 1240/2483/1041 1241/2484/1038
f 1237/2480/1039 1249/2498/1137 1241/2484/1038
f 1160/2366/1007 1241/2484/1038 1162/2365/1006
f 1249/2499/1137 1164/2369/1100 1159/2382/1098
f 1249/2499/1137 1250/2500/1030 1164/2369/1100
f 1249/2499/1137 1251/2501/1034 1250/2500/1030
f 1249/2499/1137 1252/2502/1138 1251/2501/1034
f 1237/2480/1039 1252/2503/1138 1249/2498/1137
f 1238/2481/1037 1252/2503/1138 1237/2480/1039
f 1205/2424/1033 1251/2501/1034 1252/2502/1138
f 1205/2424/1033 1252/2502/1138 1238/2504/1037
f 1250/2500/1030 1251/2501/1034 1201/2421/1028
f 1205/2424/1033 1201/2421/1028 1251/2501/1034
f 1250/2500/1030 1170/2370/1105 1164/2369/1100
f 1250/2500/1030 1198/2419/1025 1170/2370/1105
f 1250/2500/1030 1201/2421/1028 1198/2419/1025
f 1229/2466/1046 1231/2468/1097 1238/2481/1037
f 1231/2471/1097 1205/2424/1033 1238/2504/1037
f 1225/2462/1129 1233/2492/1048 1226/2459/1053
f 1230/2470/1133 1204/2425/1094 1231/2471/1097
f 1231/2471/1097 1204/2425/1094 1205/2424/1033
f 1208/2428/1060 1204/2425/1094 1230/2470/1133
f 1216/2445/1061 1210/2430/1124 1208/2432/1060
f 1213/2440/1073 1202/2423/1122 1206/2427/1072
f 1199/2418/1074 1202/2423/1122 1213/2440/1073
f 1193/2410/1119 1199/2505/1074 1213/2439/1073
f 1192/2409/1027 1199/2505/1074 1193/2410/1119
f 1166/2375/1023 1170/2370/1105 1198/2419/1025
f 1169/2374/1019 1195/2506/1020 1168/2379/1014
f 1195/2506/1020 1253/2507/1139 1168/2379/1014
f 1195/2411/1020 1189/2406/1078 1253/2508/1139
f 1253/2508/1139 1189/2406/1078 1190/2405/1080
f 1253/2508/1139 1190/2405/1080 1254/2509/1140
f 1253/2507/1139 1254/2510/1140 1168/2379/1014
f 1254/2511/1140 1177/2389/1112 1168/2384/1014
f 1254/2511/1140 1190/2512/1080 1177/2389/1112
f 1177/2389/1112 1190/2512/1080 1181/2394/1115
f 1175/2388/1011 1167/2496/1109 1171/2387/1108
f 1255/2513/1141 1256/2514/1142 1261/2515/1143
f 1255/2516/1141 1257/2517/1144 1256/2518/1142
f 1255/2516/1141 1260/2519/1145 1257/2517/1144
f 1258/2520/1146 1263/2521/1147 1255/2513/1141
f 1258/2520/1146 1255/2513/1141 1259/2522/1148
f 1261/2515/1143 1259/2522/1148 1255/2513/1141
f 1260/2523/1145 1255/2524/1141 1262/2525/1149
f 1262/2526/1149 1255/2513/1141 1263/2521/1147
f 1263/2527/1147 1264/2528/1150 1265/2529/1151
f 1264/2530/1150 1263/2531/1147 1258/2532/1146
f 1265/2533/1151 1262/2526/1149 1263/2521/1147
f 1264/2528/1150 1266/2534/1152 1265/2529/1151
f 1268/2535/1153 1265/2529/1151 1266/2534/1152
f 1262/2536/1149 1265/2537/1151 1267/2538/1154
f 1267/2539/1154 1265/2529/1151 1268/2535/1153
f 1266/2534/1152 1270/2540/1155 1268/2535/1153
f 1268/2535/1153 1270/2540/1155 1269/2541/1156
f 1267/2539/1154 1268/2535/1153 1269/2541/1156
f 1266/2534/1152 1269/2541/1156 1270/2540/1155
f 1269/2542/1156 1271/2543/1157 1272/2544/1158
f 1269/2542/1156 1273/2545/1159 1271/2543/1157
f 1269/2542/1156 1272/2544/1158 1274/2546/1160
f 1269/2542/1156 1266/2547/1152 1273/2545/1159
f 1269/2541/1156 1274/2548/1160 1267/2539/1154
f 1274/2548/1160 1277/2549/1161 1275/2550/1162
f 1275/2550/1162 1276/2551/1163 1274/2548/1160
f 1272/2544/1158 1277/2552/1161 1274/2546/1160
f 1274/2548/1160 1276/2551/1163 1267/2539/1154
f 1275/2550/1162 1277/2549/1161 1279/2553/1164
f 1277/2549/1161 1278/2554/1165 1279/2553/1164
f 1280/2555/1166 1278/2554/1165 1277/2549/1161
f 1281/2556/1167 1280/2557/1166 1277/2552/1161
f 1272/2544/1158 1282/2558/1168 1277/2552/1161
f 1281/2556/1167 1277/2552/1161 1282/2558/1168
f 1281/2559/1167 1282/2560/1168 1283/2561/1169
f 1282/2560/1168 1272/2562/1158 1283/2561/1169
f 1283/2561/1169 1284/2563/1170 1281/2559/1167
f 1284/2564/1170 1283/2565/1169 1275/2566/1162
f 1275/2566/1162 1283/2565/1169 1285/2567/1171
f 1272/2562/1158 1285/2568/1171 1283/2561/1169
f 1275/2566/1162 1285/2567/1171 1276/2569/1163
f 1285/2567/1171 1267/2538/1154 1276/2569/1163
f 1285/2567/1171 1286/2570/1172 1267/2538/1154
f 1285/2568/1171 1272/2562/1158 1286/2571/1172
f 1262/2536/1149 1267/2538/1154 1286/2570/1172
f 1271/2572/1157 1273/2573/1159 1286/2571/1172
f 1273/2573/1159 1262/2525/1149 1286/2571/1172
f 1272/2562/1158 1271/2572/1157 1286/2571/1172
f 1284/2564/1170 1275/2566/1162 1289/2574/1173
f 1284/2563/1170 1290/2575/1174 1281/2559/1167
f 1284/2576/1170 1289/2577/1173 1287/2578/1175
f 1288/2579/1176 1284/2576/1170 1287/2578/1175
f 1284/2563/1170 1288/2580/1176 1290/2575/1174
f 1293/2581/1177 1290/2582/1174 1288/2583/1176
f 1291/2584/1178 1295/2585/1179 1290/2586/1174
f 1291/2584/1178 1290/2586/1174 1292/2587/1180
f 1294/2588/1181 1292/2587/1180 1290/2586/1174
f 1290/2586/1174 1293/2589/1177 1294/2588/1181
f 1281/2590/1167 1290/2586/1174 1295/2585/1179
f 1296/2591/1182 1287/2592/1175 1295/2593/1179
f 1296/2591/1182 1295/2593/1179 1291/2594/1178
f 1280/2595/1166 1281/2590/1167 1295/2585/1179
f 1280/2555/1166 1295/2596/1179 1289/2597/1173
f 1295/2596/1179 1287/2598/1175 1289/2597/1173
f 1291/2599/1178 1297/2600/1183 1296/2601/1182
f 1296/2602/1182 1297/2603/1183 1298/2604/1184
f 1288/2579/1176 1287/2578/1175 1296/2602/1182
f 1288/2579/1176 1296/2602/1182 1298/2604/1184
f 1288/2579/1176 1298/2604/1184 1299/2605/1185
f 1292/2606/1180 1298/2607/1184 1300/2608/1186
f 1299/2609/1185 1298/2610/1184 1292/2611/1180
f 1297/2603/1183 1300/2612/1186 1298/2604/1184
f 1303/2613/1187 1301/2614/1188 1300/2608/1186
f 1292/2606/1180 1300/2608/1186 1301/2614/1188
f 1302/2615/1189 1304/2616/1190 1300/2617/1186
f 1302/2615/1189 1300/2617/1186 1297/2618/1183
f 1303/2613/1187 1300/2608/1186 1304/2619/1190
f 1304/2619/1190 1305/2620/1191 1303/2613/1187
f 1304/2619/1190 1307/2621/1192 1305/2620/1191
f 1306/2622/1193 1307/2623/1192 1304/2616/1190
f 1306/2622/1193 1304/2616/1190 1302/2615/1189
f 1305/2620/1191 1307/2621/1192 1308/2624/1194
f 1308/2625/1194 1307/2623/1192 1306/2622/1193
f 1305/2620/1191 1308/2624/1194 1311/2626/1195
f 1311/2626/1195 1308/2624/1194 1309/2627/1196
f 1309/2628/1196 1308/2625/1194 1310/2629/1197
f 1308/2625/1194 1306/2622/1193 1310/2629/1197
f 1311/2630/1195 1312/2631/1198 1305/2632/1191
f 1311/2630/1195 1314/2633/1199 1312/2631/1198
f 1314/2633/1199 1311/2630/1195 1313/2634/1200
f 1311/2626/1195 1309/2627/1196 1313/2635/1200
f 1314/2633/1199 1313/2634/1200 1316/2636/1201
f 1312/2637/1198 1314/2638/1199 1310/2639/1197
f 1314/2638/1199 1315/2640/1202 1310/2639/1197
f 1314/2638/1199 1316/2641/1201 1315/2640/1202
f 1316/2642/1201 1313/2643/1200 1317/2644/1203
f 1318/2645/1204 1316/2642/1201 1317/2644/1203
f 1315/2640/1202 1316/2641/1201 1318/2646/1204
f 1260/2647/1145 1318/2645/1204 1317/2644/1203
f 1260/2647/1145 1264/2648/1150 1318/2645/1204
f 1264/2530/1150 1258/2532/1146 1318/2649/1204
f 1315/2640/1202 1318/2646/1204 1258/2650/1146
f 1260/2647/1145 1317/2644/1203 1319/2651/1205
f 1317/2652/1203 1261/2653/1143 1319/2654/1205
f 1317/2652/1203 1259/2655/1148 1261/2653/1143
f 1317/2656/1203 1309/2627/1196 1259/2657/1148
f 1317/2656/1203 1313/2635/1200 1309/2627/1196
f 1257/2658/1144 1260/2647/1145 1319/2651/1205
f 1320/2659/1206 1321/2660/1207 1319/2661/1205
f 1320/2659/1206 1319/2661/1205 1261/2662/1143
f 1319/2651/1205 1321/2663/1207 1322/2664/1208
f 1322/2664/1208 1257/2658/1144 1319/2651/1205
f 1325/2665/1209 1257/2658/1144 1322/2664/1208
f 1325/2666/1209 1322/2667/1208 1323/2668/1210
f 1322/2669/1208 1324/2670/1211 1323/2671/1210
f 1322/2669/1208 1326/2672/1212 1324/2670/1211
f 1321/2663/1207 1326/2673/1212 1322/2664/1208
f 1328/2674/1213 1327/2675/1214 1326/2676/1212
f 1327/2677/1214 1324/2670/1211 1326/2672/1212
f 1328/2674/1213 1326/2676/1212 1321/2678/1207
f 1327/2675/1214 1328/2674/1213 1329/2679/1215
f 1329/2680/1215 1328/2681/1213 1330/2682/1216
f 1328/2681/1213 1320/2659/1206 1330/2682/1216
f 1328/2681/1213 1321/2660/1207 1320/2659/1206
f 1329/2680/1215 1330/2682/1216 1331/2683/1217
f 1324/2684/1211 1332/2685/1218 1330/2686/1216
f 1324/2684/1211 1330/2686/1216 1320/2687/1206
f 1332/2685/1218 1331/2688/1217 1330/2686/1216
f 1332/2685/1218 1333/2689/1219 1331/2688/1217
f 1334/2690/1220 1333/2691/1219 1332/2692/1218
f 1327/2677/1214 1332/2692/1218 1324/2670/1211
f 1334/2690/1220 1332/2692/1218 1327/2677/1214
f 1327/2675/1214 1329/2679/1215 1334/2693/1220
f 1329/2679/1215 1335/2694/1221 1334/2693/1220
f 1336/2695/1222 1334/2690/1220 1335/2696/1221
f 1336/2695/1222 1333/2691/1219 1334/2690/1220
f 1331/2688/1217 1333/2689/1219 1336/2697/1222
f 1335/2696/1221 1337/2698/1223 1336/2695/1222
f 1331/2688/1217 1336/2697/1222 1338/2699/1224
f 1338/2699/1224 1336/2697/1222 1337/2700/1223
f 1329/2680/1215 1331/2683/1217 1338/2701/1224
f 1329/2680/1215 1338/2701/1224 1339/2702/1225
f 1338/2699/1224 1337/2700/1223 1340/2703/1226
f 1340/2704/1226 1339/2702/1225 1338/2701/1224
f 1340/2704/1226 1341/2705/1227 1339/2702/1225
f 1294/2706/1181 1341/2705/1227 1340/2704/1226
f 1294/2706/1181 1340/2704/1226 1299/2707/1185
f 1299/2605/1185 1340/2708/1226 1342/2709/1228
f 1340/2708/1226 1337/2710/1223 1342/2709/1228
f 1343/2711/1229 1342/2712/1228 1337/2698/1223
f 1344/2713/1230 1342/2714/1228 1343/2715/1229
f 1344/2713/1230 1345/2716/1231 1342/2714/1228
f 1345/2717/1231 1346/2718/1232 1342/2709/1228
f 1342/2709/1228 1346/2718/1232 1299/2605/1185
f 1346/2718/1232 1288/2579/1176 1299/2605/1185
f 1293/2581/1177 1288/2583/1176 1346/2719/1232
f 1347/2720/1233 1346/2718/1232 1345/2717/1231
f 1347/2721/1233 1293/2722/1177 1346/2723/1232
f 1347/2721/1233 1349/2724/1234 1293/2722/1177
f 1348/2725/1235 1347/2720/1233 1345/2717/1231
f 1348/2726/1235 1349/2724/1234 1347/2721/1233
f 1293/2589/1177 1349/2727/1234 1350/2728/1236
f 1348/2726/1235 1350/2729/1236 1349/2724/1234
f 1344/2730/1230 1293/2589/1177 1350/2728/1236
f 1350/2728/1236 1351/2731/1237 1353/2732/1238
f 1351/2733/1237 1350/2729/1236 1352/2734/1239
f 1350/2729/1236 1348/2726/1235 1352/2734/1239
f 1350/2728/1236 1353/2732/1238 1344/2730/1230
f 1355/2735/1240 1353/2736/1238 1351/2737/1237
f 1355/2738/1240 1354/2739/1241 1353/2740/1238
f 1354/2739/1241 1344/2741/1230 1353/2740/1238
f 1355/2738/1240 1356/2742/1242 1354/2739/1241
f 1358/2743/1243 1356/2742/1242 1355/2738/1240
f 1355/2735/1240 1351/2737/1237 1357/2744/1244
f 1357/2744/1244 1358/2745/1243 1355/2735/1240
f 1357/2744/1244 1363/2746/1245 1358/2745/1243
f 1358/2743/1243 1359/2747/1246 1356/2742/1242
f 1358/2743/1243 1360/2748/1247 1359/2747/1246
f 1358/2743/1243 1362/2749/1248 1360/2748/1247
f 1361/2750/1249 1362/2751/1248 1358/2745/1243
f 1361/2750/1249 1358/2745/1243 1363/2746/1245
f 1364/2752/1250 1365/2753/1251 1363/2754/1245
f 1364/2752/1250 1363/2754/1245 1357/2755/1244
f 1361/2756/1249 1363/2754/1245 1366/2757/1252
f 1363/2754/1245 1365/2753/1251 1366/2757/1252
f 1360/2758/1247 1366/2759/1252 1365/2760/1251
f 1368/2761/1253 1367/2762/1254 1366/2757/1252
f 1367/2762/1254 1361/2756/1249 1366/2757/1252
f 1368/2763/1253 1366/2759/1252 1360/2758/1247
f 1369/2764/1255 1367/2762/1254 1368/2761/1253
f 1370/2765/1256 1369/2764/1255 1368/2761/1253
f 1370/2766/1256 1368/2767/1253 1371/2768/1257
f 1368/2763/1253 1360/2758/1247 1371/2769/1257
f 1325/2770/1209 1372/2771/1258 1371/2772/1257
f 1325/2770/1209 1371/2772/1257 1373/2773/1259
f 1370/2766/1256 1371/2768/1257 1372/2774/1258
f 1371/2772/1257 1362/2749/1248 1373/2773/1259
f 1371/2772/1257 1360/2748/1247 1362/2749/1248
f 1325/2665/1209 1373/2775/1259 1369/2776/1255
f 1373/2775/1259 1367/2777/1254 1369/2776/1255
f 1362/2751/1248 1367/2778/1254 1373/2779/1259
f 1256/2514/1142 1372/2774/1258 1323/2780/1210
f 1325/2666/1209 1323/2668/1210 1372/2781/1258
f 1256/2514/1142 1374/2782/1260 1372/2774/1258
f 1374/2782/1260 1370/2766/1256 1372/2774/1258
f 1374/2783/1260 1256/2784/1142 1257/2785/1144
f 1374/2783/1260 1257/2785/1144 1375/2786/1261
f 1370/2765/1256 1374/2783/1260 1375/2786/1261
f 1370/2765/1256 1375/2786/1261 1369/2764/1255
f 1375/2787/1261 1257/2658/1144 1369/2776/1255
f 1257/2658/1144 1325/2665/1209 1369/2776/1255
f 1362/2751/1248 1361/2750/1249 1367/2778/1254
f 1360/2758/1247 1365/2760/1251 1359/2788/1246
f 1365/2760/1251 1356/2789/1242 1359/2788/1246
f 1365/2760/1251 1364/2790/1250 1356/2789/1242
f 1356/2789/1242 1364/2790/1250 1352/2791/1239
f 1351/2733/1237 1352/2734/1239 1364/2752/1250
f 1357/2755/1244 1351/2733/1237 1364/2752/1250
f 1356/2789/1242 1352/2791/1239 1354/2792/1241
f 1354/2739/1241 1345/2793/1231 1344/2741/1230
f 1345/2717/1231 1354/2794/1241 1348/2725/1235
f 1354/2794/1241 1352/2795/1239 1348/2725/1235
f 1293/2589/1177 1344/2730/1230 1343/2796/1229
f 1293/2589/1177 1343/2796/1229 1294/2588/1181
f 1343/2796/1229 1376/2797/1262 1341/2798/1227
f 1343/2711/1229 1337/2698/1223 1376/2799/1262
f 1343/2796/1229 1341/2798/1227 1294/2588/1181
f 1335/2696/1221 1376/2799/1262 1337/2698/1223
f 1339/2800/1225 1376/2801/1262 1335/2694/1221
f 1339/2800/1225 1341/2802/1227 1376/2801/1262
f 1329/2679/1215 1339/2800/1225 1335/2694/1221
f 1323/2780/1210 1324/2803/1211 1320/2804/1206
f 1323/2780/1210 1320/2804/1206 1261/2515/1143
f 1256/2514/1142 1323/2780/1210 1261/2515/1143
f 1315/2805/1202 1258/2520/1146 1259/2522/1148
f 1309/2806/1196 1315/2805/1202 1259/2522/1148
f 1309/2628/1196 1310/2629/1197 1315/2807/1202
f 1312/2631/1198 1303/2808/1187 1305/2632/1191
f 1312/2631/1198 1377/2809/1263 1303/2808/1187
f 1312/2637/1198 1306/2810/1193 1302/2811/1189
f 1312/2637/1198 1310/2639/1197 1306/2810/1193
f 1312/2637/1198 1302/2811/1189 1377/2812/1263
f 1297/2600/1183 1377/2812/1263 1302/2811/1189
f 1377/2809/1263 1378/2813/1264 1301/2814/1188
f 1377/2809/1263 1301/2814/1188 1303/2808/1187
f 1297/2600/1183 1378/2815/1264 1377/2812/1263
f 1378/2816/1264 1291/2584/1178 1292/2587/1180
f 1291/2599/1178 1378/2815/1264 1297/2600/1183
f 1301/2817/1188 1378/2816/1264 1292/2587/1180
f 1299/2609/1185 1292/2611/1180 1294/2818/1181
f 1275/2550/1162 1279/2553/1164 1289/2597/1173
f 1289/2597/1173 1279/2553/1164 1280/2555/1166
f 1279/2553/1164 1278/2554/1165 1280/2555/1166
f 1273/2573/1159 1260/2523/1145 1262/2525/1149
f 1260/2647/1145 1273/2819/1159 1264/2648/1150
f 1273/2819/1159 1266/2820/1152 1264/2648/1150
f 1382/2821/1265 1379/2822/1266 1380/2823/1267
f 1379/2824/1266 1381/2825/1268 1380/2826/1267
f 1379/2824/1266 1383/2827/1269 1381/2825/1268
f 1382/2828/1265 1383/2829/1269 1379/2830/1266
f 1383/2831/1269 1384/2832/1267 1381/2833/1268
f 1383/2831/1269 1386/2834/1270 1384/2832/1267
f 1382/2828/1265 1385/2835/1271 1383/2829/1269
f 1385/2836/1271 1386/2834/1270 1383/2831/1269
f 1385/2836/1271 1388/2837/1265 1386/2834/1270
f 1387/2838/1272 1384/2839/1267 1386/2840/1270
f 1388/2841/1265 1387/2842/1272 1386/2843/1270
f 1389/2844/1273 1388/2837/1265 1385/2836/1271
f 1389/2844/1273 1391/2845/1274 1388/2837/1265
f 1388/2841/1265 1392/2846/1275 1387/2842/1272
f 1390/2847/1276 1392/2846/1275 1388/2841/1265
f 1390/2847/1276 1388/2841/1265 1391/2848/1274
f 1392/2849/1275 1390/2850/1276 1393/2851/1277
f 1393/2851/1277 1387/2852/1272 1392/2849/1275
f 1398/2853/1278 1394/2854/1279 1393/2851/1277
f 1394/2854/1279 1395/2855/1280 1393/2851/1277
f 1395/2855/1280 1397/2856/1281 1393/2851/1277
f 1387/2838/1272 1393/2857/1277 1384/2839/1267
f 1390/2850/1276 1396/2858/1282 1393/2851/1277
f 1396/2858/1282 1398/2853/1278 1393/2851/1277
f 1393/2857/1277 1397/2859/1281 1399/2860/1283
f 1393/2857/1277 1399/2860/1283 1384/2839/1267
f 1381/2833/1268 1384/2832/1267 1399/2861/1283
f 1381/2833/1268 1399/2861/1283 1401/2862/1284
f 1399/2861/1283 1402/2863/1285 1400/2864/1286
f 1399/2861/1283 1400/2864/1286 1401/2862/1284
f 1397/2859/1281 1402/2865/1285 1399/2860/1283
f 1402/2863/1285 1404/2866/1287 1403/2867/1288
f 1402/2863/1285 1403/2867/1288 1400/2864/1286
f 1395/2868/1280 1404/2869/1287 1402/2870/1285
f 1397/2859/1281 1395/2871/1280 1402/2865/1285
f 1404/2866/1287 1406/2872/1289 1405/2873/1290
f 1404/2866/1287 1405/2873/1290 1403/2867/1288
f 1407/2874/1291 1406/2875/1289 1404/2869/1287
f 1395/2868/1280 1407/2874/1291 1404/2869/1287
f 1407/2874/1291 1394/2876/1279 1406/2875/1289
f 1394/2854/1279 1407/2877/1291 1395/2855/1280
f 1406/2872/1289 1409/2878/1292 1405/2873/1290
f 1406/2872/1289 1408/2879/1293 1409/2878/1292
f 1394/2876/1279 1408/2880/1293 1406/2875/1289
f 1409/2881/1292 1413/2882/1294 1410/2883/1295
f 1409/2881/1292 1410/2883/1295 1411/2884/1296
f 1412/2885/1297 1409/2886/1292 1411/2887/1296
f 1412/2885/1297 1405/2888/1290 1409/2886/1292
f 1409/2878/1292 1414/2889/1295 1413/2890/1294
f 1409/2878/1292 1408/2879/1293 1414/2889/1295
f 1413/2890/1294 1414/2889/1295 1415/2891/1298
f 1414/2892/1295 1416/2893/1299 1415/2894/1298
f 1408/2895/1293 1398/2896/1278 1414/2892/1295
f 1414/2892/1295 1398/2896/1278 1416/2893/1299
f 1416/2893/1299 1396/2897/1282 1417/2898/1300
f 1416/2893/1299 1417/2898/1300 1415/2894/1298
f 1396/2858/1282 1416/2899/1299 1398/2853/1278
f 1417/2900/1300 1396/2901/1282 1390/2847/1276
f 1417/2900/1300 1390/2847/1276 1391/2848/1274
f 1415/2891/1298 1417/2902/1300 1418/2903/1301
f 1417/2902/1300 1391/2845/1274 1389/2844/1273
f 1417/2902/1300 1389/2844/1273 1418/2903/1301
f 1418/2904/1301 1389/2905/1273 1420/2906/1274
f 1415/2891/1298 1418/2903/1301 1419/2907/1302
f 1419/2908/1302 1418/2909/1301 1421/2910/1303
f 1418/2904/1301 1420/2906/1274 1421/2911/1303
f 1410/2912/1295 1421/2913/1303 1382/2821/1265
f 1421/2913/1303 1420/2914/1274 1382/2821/1265
f 1419/2908/1302 1421/2910/1303 1422/2915/1304
f 1410/2912/1295 1422/2916/1304 1421/2913/1303
f 1413/2882/1294 1419/2908/1302 1422/2915/1304
f 1413/2882/1294 1422/2915/1304 1410/2883/1295
f 1389/2905/1273 1382/2828/1265 1420/2906/1274
f 1413/2890/1294 1415/2891/1298 1419/2907/1302
f 1412/2917/1297 1411/2918/1296 1424/2919/1285
f 1424/2919/1285 1423/2920/1305 1412/2917/1297
f 1423/2921/1305 1405/2888/1290 1412/2885/1297
f 1411/2918/1296 1410/2912/1295 1424/2919/1285
f 1424/2919/1285 1410/2912/1295 1382/2821/1265
f 1400/2922/1286 1423/2921/1305 1424/2923/1285
f 1425/2924/1306 1424/2919/1285 1382/2821/1265
f 1425/2925/1306 1400/2926/1286 1424/2927/1285
f 1380/2823/1267 1425/2924/1306 1382/2821/1265
f 1425/2925/1306 1401/2928/1284 1400/2926/1286
f 1381/2825/1268 1401/2928/1284 1425/2925/1306
f 1381/2825/1268 1425/2925/1306 1380/2826/1267
f 1423/2921/1305 1403/2929/1288 1405/2888/1290
f 1400/2922/1286 1403/2929/1288 1423/2921/1305
f 1408/2895/1293 1426/2930/1307 1398/2896/1278
f 1394/2876/1279 1426/2931/1307 1408/2880/1293
f 1398/2853/1278 1426/2932/1307 1394/2854/1279
f 1389/2905/1273 1385/2835/1271 1382/2828/1265
f 1430/2933/1308 1427/2934/1309 1428/2935/1310
f 1428/2936/1310 1427/2937/1309 1429/2938/1311
f 1427/2937/1309 1433/2939/1312 1429/2938/1311
f 1430/2933/1308 1432/2940/1313 1427/2934/1309
f 1431/2941/1314 1434/2942/1315 1427/2943/1309
f 1431/2941/1314 1427/2943/1309 1432/2944/1313
f 1427/2937/1309 1434/2945/1315 1433/2939/1312
f 1434/2945/1315 1435/2946/1316 1433/2939/1312
f 1435/2946/1316 1434/2945/1315 1436/2947/1317
f 1434/2945/1315 1431/2948/1314 1436/2947/1317
f 1437/2949/1318 1438/2950/1319 1436/2947/1317
f 1436/2947/1317 1431/2948/1314 1437/2949/1318
f 1440/2951/1320 1436/2947/1317 1438/2950/1319
f 1440/2951/1320 1439/2952/1321 1436/2947/1317
f 1439/2953/1321 1435/2954/1316 1436/2955/1317
f 1433/2939/1312 1439/2952/1321 1440/2951/1320
f 1441/2956/1322 1442/2957/1323 1440/2958/1320
f 1441/2956/1322 1440/2958/1320 1438/2959/1319
f 1442/2960/1323 1433/2939/1312 1440/2951/1320
f 1429/2938/1311 1433/2939/1312 1442/2960/1323
f 1442/2957/1323 1443/2961/1324 1429/2962/1311
f 1442/2957/1323 1441/2956/1322 1443/2961/1324
f 1443/2963/1324 1444/2964/1325 1429/2938/1311
f 1444/2964/1325 1443/2963/1324 1441/2965/1322
f 1428/2966/1310 1444/2967/1325 1445/2968/1326
f 1445/2969/1326 1444/2964/1325 1441/2965/1322
f 1444/2964/1325 1428/2936/1310 1429/2938/1311
f 1446/2970/1327 1445/2971/1326 1447/2972/1328
f 1428/2966/1310 1445/2968/1326 1446/2973/1327
f 1447/2974/1328 1445/2969/1326 1437/2949/1318
f 1445/2969/1326 1441/2965/1322 1437/2949/1318
f 1446/2970/1327 1447/2972/1328 1448/2975/1329
f 1447/2976/1328 1437/2977/1318 1448/2978/1329
f 1446/2970/1327 1448/2975/1329 1449/2979/1330
f 1437/2977/1318 1430/2980/1308 1448/2978/1329
f 1430/2980/1308 1449/2981/1330 1448/2978/1329
f 1450/2982/1331 1449/2983/1330 1430/2933/1308
f 1446/2970/1327 1449/2979/1330 1450/2984/1331
f 1446/2973/1327 1450/2985/1331 1428/2966/1310
f 1428/2935/1310 1450/2982/1331 1430/2933/1308
f 1437/2949/1318 1441/2965/1322 1438/2950/1319
f 1439/2953/1321 1433/2986/1312 1435/2954/1316
f 1430/2933/1308 1437/2987/1318 1431/2988/1314
f 1430/2933/1308 1431/2988/1314 1432/2940/1313
f 1454/2989/1332 1451/2990/1333 1452/2991/1334
f 1451/2992/1333 1453/2993/1335 1452/2994/1334
f 1451/2992/1333 1455/2995/1336 1453/2993/1335
f 1454/2996/1332 1455/2997/1336 1451/2998/1333
f 1454/2996/1332 1459/2999/1337 1455/2997/1336
f 1455/3000/1336 1456/3001/1338 1458/3002/1339
f 1455/3000/1336 1457/3003/1340 1456/3001/1338
f 1455/3000/1336 1459/3004/1337 1457/3003/1340
f 1455/3000/1336 1458/3002/1339 1453/3005/1335
f 1460/3006/1341 1461/3007/1342 1459/3004/1337
f 1460/3006/1341 1459/3004/1337 1454/3008/1332
f 1461/3007/1342 1457/3003/1340 1459/3004/1337
f 1464/3009/1343 1461/3007/1342 1460/3006/1341
f 1461/3007/1342 1462/3010/1344 1457/3003/1340
f 1461/3007/1342 1463/3011/1345 1462/3010/1344
f 1461/3007/1342 1465/3012/1346 1463/3011/1345
f 1464/3009/1343 1465/3012/1346 1461/3007/1342
f 1466/3013/1347 1465/3012/1346 1464/3009/1343
f 1466/3013/1347 1463/3011/1345 1465/3012/1346
f 1467/3014/1348 1468/3015/1349 1466/3016/1347
f 1467/3014/1348 1466/3016/1347 1469/3017/1350
f 1466/3013/1347 1468/3018/1349 1471/3019/1351
f 1466/3013/1347 1464/3009/1343 1469/3020/1350
f 1466/3013/1347 1470/3021/1352 1463/3011/1345
f 1466/3013/1347 1471/3019/1351 1470/3021/1352
f 1468/3018/1349 1472/3022/1353 1471/3019/1351
f 1471/3023/1351 1472/3024/1353 1473/3025/1354
f 1470/3026/1352 1471/3023/1351 1473/3025/1354
f 1474/3027/1355 1479/3028/1356 1473/3029/1354
f 1475/3030/1357 1474/3031/1355 1473/3032/1354
f 1462/3010/1344 1463/3011/1345 1473/3033/1354
f 1457/3003/1340 1462/3010/1344 1473/3033/1354
f 1476/3034/1358 1475/3030/1357 1473/3032/1354
f 1456/3035/1338 1457/3036/1340 1473/3037/1354
f 1477/3038/1359 1476/3034/1358 1473/3032/1354
f 1472/3039/1353 1477/3038/1359 1473/3032/1354
f 1478/3040/1360 1458/3041/1339 1473/3029/1354
f 1458/3041/1339 1456/3042/1338 1473/3029/1354
f 1479/3028/1356 1478/3040/1360 1473/3029/1354
f 1463/3011/1345 1470/3021/1352 1473/3033/1354
f 1480/3043/1361 1478/3044/1360 1479/3045/1356
f 1480/3043/1361 1479/3045/1356 1481/3046/1362
f 1481/3046/1362 1479/3045/1356 1474/3047/1355
f 1482/3048/1363 1480/3049/1361 1481/3050/1362
f 1482/3048/1363 1481/3050/1362 1483/3051/1364
f 1481/3050/1362 1484/3052/1365 1483/3051/1364
f 1481/3050/1362 1485/3053/1366 1484/3052/1365
f 1481/3046/1362 1474/3047/1355 1485/3054/1366
f 1485/3055/1366 1486/3056/1367 1484/3057/1365
f 1485/3055/1366 1487/3058/1368 1486/3056/1367
f 1487/3059/1368 1485/3054/1366 1474/3047/1355
f 1486/3056/1367 1487/3058/1368 1488/3060/1369
f 1488/3061/1369 1487/3059/1368 1475/3062/1357
f 1487/3059/1368 1474/3047/1355 1475/3062/1357
f 1486/3056/1367 1488/3060/1369 1489/3063/1370
f 1488/3060/1369 1490/3064/1371 1489/3063/1370
f 1488/3060/1369 1491/3065/1372 1490/3064/1371
f 1488/3061/1369 1476/3066/1358 1477/3067/1359
f 1488/3061/1369 1475/3062/1357 1476/3066/1358
f 1488/3061/1369 1477/3067/1359 1491/3068/1372
f 1491/3069/1372 1492/3070/1373 1490/3071/1371
f 1491/3069/1372 1493/3072/1374 1492/3070/1373
f 1493/3073/1374 1491/3068/1372 1477/3067/1359
f 1493/3072/1374 1467/3014/1348 1492/3070/1373
f 1493/3072/1374 1468/3015/1349 1467/3014/1348
f 1468/3018/1349 1493/3073/1374 1472/3022/1353
f 1493/3073/1374 1477/3067/1359 1472/3022/1353
f 1490/3074/1371 1492/3075/1373 1467/3076/1348
f 1484/3077/1365 1486/3078/1367 1490/3074/1371
f 1483/3079/1364 1484/3077/1365 1490/3074/1371
f 1486/3078/1367 1489/3080/1370 1490/3074/1371
f 1490/3074/1371 1467/3076/1348 1483/3079/1364
f 1482/3081/1363 1483/3079/1364 1454/2989/1332
f 1467/3076/1348 1464/3082/1343 1483/3079/1364
f 1464/3082/1343 1460/3083/1341 1483/3079/1364
f 1460/3083/1341 1454/2989/1332 1483/3079/1364
f 1452/2991/1334 1482/3081/1363 1454/2989/1332
f 1452/2994/1334 1480/3049/1361 1482/3048/1363
f 1452/2994/1334 1453/2993/1335 1480/3049/1361
f 1480/3043/1361 1453/3005/1335 1458/3002/1339
f 1480/3043/1361 1458/3002/1339 1478/3044/1360
f 1467/3076/1348 1469/3084/1350 1464/3082/1343
f 1498/3085/1375 1494/3086/1376 1495/3087/1377
f 1494/3088/1376 1496/3089/1378 1495/3090/1377
f 1494/3088/1376 1499/3091/1379 1496/3089/1378
f 1497/3092/1380 1499/3091/1379 1494/3088/1376
f 1497/3092/1380 1494/3088/1376 1498/3093/1375
f 1499/3094/1379 1500/3095/1381 1502/3096/1382
f 1499/3094/1379 1501/3097/1383 1500/3095/1381
f 1499/3094/1379 1497/3098/1380 1501/3097/1383
f 1499/3094/1379 1502/3096/1382 1496/3099/1378
f 1503/3100/1384 1496/3099/1378 1502/3096/1382
f 1503/3100/1384 1502/3096/1382 1504/3101/1385
f 1504/3102/1385 1502/3103/1382 1505/3104/1386
f 1502/3103/1382 1500/3105/1381 1505/3104/1386
f 1500/3105/1381 1501/3106/1383 1505/3104/1386
f 1507/3107/1387 1506/3108/1388 1505/3109/1386
f 1506/3108/1388 1515/3110/1389 1505/3109/1386
f 1508/3111/1390 1504/3112/1385 1505/3113/1386
f 1509/3114/1391 1507/3107/1387 1505/3109/1386
f 1510/3115/1392 1508/3116/1390 1505/3117/1386
f 1511/3118/1393 1509/3119/1391 1505/3120/1386
f 1512/3121/1394 1510/3115/1392 1505/3117/1386
f 1501/3106/1383 1511/3122/1393 1505/3104/1386
f 1513/3123/1395 1512/3124/1394 1505/3125/1386
f 1514/3126/1396 1513/3123/1395 1505/3125/1386
f 1515/3127/1389 1514/3126/1396 1505/3125/1386
f 1516/3128/1397 1514/3129/1396 1515/3130/1389
f 1516/3128/1397 1515/3130/1389 1517/3131/1398
f 1517/3131/1398 1515/3130/1389 1506/3132/1388
f 1516/3133/1397 1517/3134/1398 1518/3135/1399
f 1518/3136/1399 1517/3137/1398 1519/3138/1400
f 1517/3131/1398 1506/3132/1388 1519/3139/1400
f 1518/3136/1399 1519/3138/1400 1520/3140/1401
f 1520/3140/1401 1519/3138/1400 1521/3141/1402
f 1521/3142/1402 1519/3139/1400 1506/3132/1388
f 1523/3143/1403 1521/3141/1402 1522/3144/1404
f 1521/3142/1402 1509/3119/1391 1522/3145/1404
f 1521/3142/1402 1507/3146/1387 1509/3119/1391
f 1521/3142/1402 1506/3132/1388 1507/3146/1387
f 1520/3140/1401 1521/3141/1402 1523/3143/1403
f 1523/3147/1403 1525/3148/1405 1524/3149/1406
f 1520/3150/1401 1523/3147/1403 1524/3149/1406
f 1523/3143/1403 1522/3144/1404 1525/3151/1405
f 1522/3145/1404 1526/3152/1407 1525/3153/1405
f 1525/3148/1405 1526/3154/1407 1498/3085/1375
f 1525/3148/1405 1498/3085/1375 1527/3155/1408
f 1527/3155/1408 1524/3149/1406 1525/3148/1405
f 1528/3156/1409 1529/3157/1410 1527/3155/1408
f 1530/3158/1411 1528/3159/1409 1527/3160/1408
f 1527/3155/1408 1529/3157/1410 1524/3149/1406
f 1530/3161/1411 1527/3155/1408 1498/3085/1375
f 1495/3087/1377 1530/3161/1411 1498/3085/1375
f 1496/3089/1378 1530/3162/1411 1495/3090/1377
f 1496/3089/1378 1503/3163/1384 1530/3162/1411
f 1530/3158/1411 1503/3164/1384 1528/3159/1409
f 1528/3156/1409 1533/3165/1412 1529/3157/1410
f 1529/3157/1410 1531/3166/1413 1524/3149/1406
f 1529/3157/1410 1532/3167/1414 1531/3166/1413
f 1529/3157/1410 1533/3165/1412 1532/3167/1414
f 1533/3168/1412 1528/3169/1409 1508/3170/1390
f 1532/3171/1414 1533/3168/1412 1510/3172/1392
f 1533/3168/1412 1508/3170/1390 1510/3172/1392
f 1532/3173/1414 1534/3174/1415 1531/3175/1413
f 1532/3173/1414 1535/3176/1416 1534/3174/1415
f 1532/3171/1414 1513/3177/1395 1535/3178/1416
f 1532/3171/1414 1512/3179/1394 1513/3177/1395
f 1532/3171/1414 1510/3172/1392 1512/3179/1394
f 1535/3178/1416 1513/3177/1395 1514/3129/1396
f 1534/3174/1415 1535/3176/1416 1516/3133/1397
f 1535/3178/1416 1514/3129/1396 1516/3128/1397
f 1531/3166/1413 1534/3180/1415 1524/3149/1406
f 1534/3174/1415 1516/3133/1397 1524/3181/1406
f 1503/3100/1384 1508/3170/1390 1528/3169/1409
f 1522/3145/1404 1536/3182/1417 1526/3152/1407
f 1536/3183/1417 1498/3093/1375 1526/3184/1407
f 1522/3145/1404 1511/3118/1393 1536/3182/1417
f 1536/3183/1417 1497/3092/1380 1498/3093/1375
f 1536/3182/1417 1511/3118/1393 1501/3097/1383
f 1536/3182/1417 1501/3097/1383 1497/3098/1380
f 1516/3133/1397 1518/3135/1399 1524/3181/1406
f 1524/3149/1406 1518/3185/1399 1520/3150/1401
f 1522/3145/1404 1509/3119/1391 1511/3118/1393
f 1503/3100/1384 1504/3101/1385 1508/3170/1390
