# Blender 5.1.2
# www.blender.org
mtllib rightHand.mtl
o Mesh_Mesh.212
v -0.009261 0.249798 -0.141480
v -0.009256 0.221229 -0.144850
v -0.006323 0.242996 -0.110424
v -0.011616 0.242989 -0.110377
v -0.009202 0.284401 -0.130252
v -0.005044 0.254306 -0.092533
v -0.009080 0.316148 -0.112490
v -0.013981 0.258655 -0.071298
v -0.012599 0.254297 -0.092465
v -0.003288 0.258668 -0.071396
v -0.002063 0.262111 -0.054711
v -0.002025 0.272017 -0.049168
v -0.001919 0.288172 -0.035383
v -0.001927 0.265296 -0.039262
v -0.008899 0.343820 -0.088876
v -0.014766 0.288156 -0.035266
v -0.006217 0.335507 -0.053961
v -0.008774 0.355924 -0.073534
v -0.010895 0.335808 -0.054160
v -0.008668 0.366352 -0.060317
v -0.014632 0.301310 -0.018594
v -0.008746 0.358782 -0.069911
v -0.008393 0.382880 -0.027911
v -0.014471 0.310959 0.000325
v -0.014237 0.242622 0.016811
v -0.014774 0.265279 -0.039146
v -0.014872 0.272002 -0.049052
v -0.014910 0.262095 -0.054594
v -0.013534 0.298994 0.101753
v -0.014293 0.316731 0.020761
v -0.014063 0.216772 0.032396
v -0.001389 0.242639 0.016693
v -0.014102 0.318405 0.041931
v -0.001215 0.216789 0.032279
v -0.013907 0.315918 0.063021
v -0.013715 0.309363 0.083221
v -0.007427 0.391375 0.079486
v -0.007098 0.380147 0.114086
v -0.011817 0.323868 0.100411
v -0.006919 0.369929 0.132348
v -0.007073 0.378717 0.116643
v -0.002551 0.324555 0.100705
v -0.006786 0.362384 0.145831
v -0.000686 0.299010 0.101636
v -0.000522 0.285223 0.117789
v -0.006505 0.338770 0.173502
v -0.000382 0.268551 0.130943
v -0.013369 0.285208 0.117907
v -0.006265 0.310209 0.196033
v -0.007653 0.279599 0.192884
v -0.013229 0.268536 0.131060
v -0.004876 0.279708 0.193066
v -0.006215 0.301569 0.200441
v -0.000270 0.249632 0.140591
v -0.005389 0.283336 0.198734
v -0.007039 0.283272 0.198626
v -0.005609 0.275544 0.206789
v -0.006647 0.275513 0.206724
v -0.006328 0.281263 0.208014
v -0.003626 0.251758 0.186957
v -0.005468 0.271963 0.206006
v -0.005916 0.281278 0.208040
v -0.006796 0.271911 0.205920
v -0.008964 0.251548 0.186608
v -0.005941 0.242794 0.222448
v -0.006010 0.260835 0.217353
v -0.013118 0.249616 0.140708
v -0.013040 0.229179 0.146480
v -0.005870 0.206530 0.225315
v -0.012998 0.208008 0.148154
v -0.005864 0.170402 0.221053
v -0.013762 0.157811 0.057370
v -0.012995 0.186917 0.145666
v -0.008107 0.156045 0.191377
v -0.013029 0.166717 0.139112
v -0.008003 0.130015 0.181519
v -0.005924 0.135800 0.209826
v -0.013101 0.148184 0.128742
v -0.013206 0.132029 0.114957
v -0.013467 0.133025 0.086413
v -0.006046 0.104052 0.192064
v -0.006226 0.076381 0.168449
v -0.000253 0.148199 0.128625
v -0.003126 0.103118 0.136083
v -0.004494 0.082931 0.137692
v -0.008535 0.082926 0.137728
v -0.009981 0.103111 0.136144
v -0.000359 0.132046 0.114840
v -0.006458 0.053849 0.139891
v -0.005006 0.069685 0.129733
v -0.006698 0.039384 0.111531
v -0.008134 0.069681 0.129761
v -0.000453 0.122870 0.103211
v -0.000620 0.133041 0.086296
v -0.013301 0.122854 0.103327
v -0.000915 0.157826 0.057253
v -0.000151 0.208024 0.148038
v -0.000148 0.186933 0.145550
v -0.000182 0.166733 0.138995
v -0.004367 0.129872 0.181750
v -0.004150 0.155889 0.191629
v -0.005385 0.159289 0.210376
v -0.005920 0.137563 0.210398
v -0.005251 0.153744 0.206528
v -0.006711 0.153801 0.206435
v -0.006518 0.159334 0.210303
v -0.005879 0.161930 0.218304
v -0.005982 0.120601 0.201322
v -0.006004 0.114704 0.198023
v -0.000193 0.229195 0.146363
v -0.000867 0.309380 0.083103
v -0.001060 0.315933 0.062904
v -0.001254 0.318422 0.041814
v -0.007760 0.395637 0.043360
v -0.001445 0.316747 0.020644
v -0.008086 0.392769 0.007096
v -0.001624 0.310975 0.000207
v -0.001784 0.301326 -0.018710
v 0.015150 -0.264451 0.033904
v 0.017648 -0.277545 0.034504
v 0.012841 -0.277836 0.037442
v 0.019784 -0.276640 0.030115
v 0.016741 -0.232420 0.037877
v 0.019665 -0.232252 0.031926
v 0.006674 -0.265152 0.034268
v 0.009021 -0.233623 0.038281
v 0.018506 -0.264381 0.027211
v 0.014500 -0.264761 0.020832
v 0.019606 -0.276499 0.025719
v 0.016363 -0.233388 0.025421
v 0.009900 -0.233165 0.025362
v 0.018433 -0.194516 0.031607
v 0.012349 -0.194439 0.031246
v 0.008357 -0.264075 0.021363
v 0.003718 -0.263926 0.027349
v 0.014239 -0.274325 0.018572
v 0.006150 -0.273849 0.019768
v 0.002218 -0.274085 0.026824
v 0.006016 -0.276744 0.019903
v 0.002997 -0.278010 0.027042
v 0.007942 -0.280520 0.022336
v 0.014573 -0.277672 0.018273
v 0.019337 -0.278935 0.024066
v 0.013713 -0.281089 0.020843
v 0.017182 -0.281424 0.023289
v 0.013801 -0.282314 0.024843
v 0.017550 -0.282837 0.027584
v 0.015082 -0.284176 0.031635
v 0.011835 -0.282622 0.026628
v 0.020204 -0.281343 0.029693
v 0.017736 -0.283057 0.034448
v 0.012715 -0.283082 0.036669
v 0.006035 -0.280674 0.034684
v 0.011250 -0.283669 0.031720
v 0.007344 -0.282383 0.031562
v 0.009780 -0.282628 0.028174
v 0.006385 -0.281118 0.026728
v 0.005833 -0.277165 0.035708
v 0.005475 -0.233357 0.031784
v 0.007420 -0.194858 0.037608
v 0.014273 -0.154986 0.036614
v 0.009809 -0.155459 0.042477
v 0.011609 -0.194914 0.044040
v 0.019299 -0.194321 0.043461
v 0.013729 -0.155218 0.049168
v 0.011282 -0.119177 0.044700
v 0.014757 -0.118743 0.050977
v 0.021112 -0.154615 0.048258
v 0.023836 -0.154477 0.042459
v 0.021966 -0.117775 0.051050
v 0.025412 -0.117533 0.044437
v 0.026816 -0.082098 0.046560
v 0.023293 -0.082309 0.040968
v 0.022045 -0.117958 0.038995
v 0.016419 -0.083061 0.040494
v 0.015125 -0.118442 0.038753
v 0.020325 -0.154821 0.036996
v 0.021915 -0.193938 0.037439
v 0.012178 -0.083563 0.046996
v 0.015258 -0.083635 0.052887
v 0.010281 -0.046149 0.048904
v 0.015087 -0.046684 0.055554
v 0.022704 -0.044426 0.054839
v 0.013605 -0.022850 0.059497
v 0.005946 -0.023289 0.052804
v 0.022988 -0.081853 0.054112
v 0.027712 -0.044945 0.048159
v 0.025208 -0.044859 0.041638
v 0.029378 -0.021579 0.048459
v 0.026545 -0.011538 0.037127
v 0.022498 -0.021170 0.058600
v 0.026259 -0.022105 0.036998
v 0.028859 -0.011439 0.048074
v 0.022839 -0.011400 0.058910
v 0.021460 -0.005370 0.054722
v 0.026052 -0.005982 0.047050
v 0.021535 -0.005590 0.041812
v 0.016120 -0.004797 0.047901
v 0.012762 -0.007057 0.041570
v 0.007418 -0.006123 0.045290
v 0.007235 -0.005755 0.054779
v 0.013547 -0.005234 0.057107
v 0.013003 -0.011003 0.061132
v 0.003838 -0.012145 0.054025
v 0.003850 -0.013414 0.041173
v 0.006592 -0.024795 0.043894
v 0.010906 -0.022900 0.036019
v 0.010200 -0.013011 0.036407
v 0.017458 -0.012598 0.032686
v 0.016917 -0.007174 0.038256
v 0.017686 -0.022208 0.033851
v 0.016609 -0.045721 0.040845
v -0.002788 -0.253960 0.021467
v -0.003429 -0.223408 0.018921
v 0.004797 -0.223026 0.013035
v -0.002162 -0.262564 0.023324
v -0.013840 -0.259971 0.020445
v 0.007649 -0.253612 0.009756
v -0.010473 -0.252386 0.017635
v -0.009003 -0.222802 0.016445
v -0.011341 -0.223753 0.009058
v -0.016690 -0.260771 0.010074
v -0.011927 -0.252738 0.008108
v -0.006708 -0.224871 0.001316
v -0.004763 -0.264307 -0.001522
v -0.004367 -0.254125 -0.000730
v 0.003591 -0.223401 0.001361
v 0.004911 -0.254377 -0.000509
v 0.008799 -0.266824 0.008341
v 0.005793 -0.267119 -0.001187
v -0.008081 -0.280182 -0.003008
v 0.006703 -0.279507 -0.001653
v -0.003566 -0.292917 -0.006367
v 0.008386 -0.292582 -0.002672
v 0.013475 -0.292985 0.005530
v 0.011211 -0.280173 0.010052
v 0.010963 -0.294494 0.015724
v 0.003288 -0.285186 0.025710
v 0.006072 -0.272018 0.019802
v -0.004017 -0.276219 0.030921
v -0.014620 -0.275158 0.031482
v -0.010368 -0.269432 0.030438
v -0.010400 -0.281173 0.030616
v -0.002987 -0.287734 0.025842
v 0.003294 -0.296151 0.018569
v -0.005975 -0.293910 0.015529
v -0.010872 -0.286525 0.019038
v -0.017311 -0.281156 0.023442
v -0.017063 -0.286243 0.011990
v -0.012602 -0.295165 0.008333
v -0.002487 -0.302781 0.011796
v -0.013317 -0.294639 -0.000416
v -0.009880 -0.305046 0.005888
v -0.018490 -0.283590 0.004726
v -0.021963 -0.275457 0.008055
v -0.022201 -0.279703 0.015833
v -0.014272 -0.270271 0.002393
v -0.024287 -0.274912 0.018628
v -0.023650 -0.269340 0.014907
v -0.018934 -0.266585 0.026020
v -0.021494 -0.272515 0.027208
v -0.001161 -0.310457 0.010357
v -0.010154 -0.306956 -0.002568
v -0.008875 -0.312475 0.005131
v -0.007493 -0.314827 -0.003555
v -0.006585 -0.319977 0.006417
v -0.001478 -0.319699 0.011810
v -0.004346 -0.322279 0.001819
v 0.001454 -0.324271 0.007197
v 0.009900 -0.319136 0.010749
v 0.006492 -0.318174 0.012618
v -0.000980 -0.322845 -0.000727
v 0.005816 -0.323836 0.001335
v 0.010703 -0.321393 0.007446
v 0.015754 -0.314252 0.004428
v 0.010857 -0.317007 -0.004734
v 0.000828 -0.315956 -0.007692
v 0.010796 -0.306267 -0.005488
v 0.015632 -0.305402 0.004734
v -0.000997 -0.306289 -0.008578
v 0.013009 -0.304547 0.011392
v 0.013930 -0.312606 0.009952
v 0.007454 -0.310780 0.012735
v 0.005722 -0.303636 0.014203
v 0.000750 -0.177921 0.005068
v -0.008102 -0.180442 0.001520
v -0.015032 -0.136531 0.004556
v -0.013789 -0.180155 0.008390
v -0.021573 -0.136154 0.012594
v -0.010920 -0.178660 0.017181
v -0.004308 -0.178434 0.019087
v -0.017145 -0.135439 0.021390
v -0.010091 -0.135062 0.021937
v -0.010958 -0.088741 0.018928
v -0.003924 -0.134690 0.015978
v -0.015991 -0.088975 0.025649
v -0.014226 -0.044482 0.021793
v -0.020467 -0.045022 0.029771
v -0.023679 -0.088938 0.025237
v -0.027391 -0.089605 0.017013
v -0.029060 -0.044754 0.028417
v -0.031671 -0.044704 0.021249
v -0.026814 -0.045133 0.014447
v -0.031168 -0.027061 0.030319
v -0.027853 -0.027609 0.013992
v -0.034112 -0.026636 0.020607
v -0.031631 -0.017287 0.029855
v -0.032118 -0.016571 0.014814
v -0.035476 -0.017942 0.020228
v -0.034146 -0.012742 0.020755
v -0.029792 -0.010978 0.017421
v -0.029337 -0.010678 0.021870
v -0.031839 -0.012502 0.014846
v -0.030867 -0.013411 0.029199
v -0.028297 -0.010348 0.026232
v -0.023847 -0.010997 0.027600
v -0.022228 -0.013039 0.030025
v -0.019296 -0.011506 0.024079
v -0.021831 -0.018218 0.032222
v -0.016530 -0.012907 0.025347
v -0.013487 -0.017801 0.023579
v -0.018430 -0.014310 0.017563
v -0.021328 -0.011472 0.020755
v -0.024840 -0.012095 0.016224
v -0.024703 -0.013325 0.014324
v -0.025262 -0.017001 0.013072
v -0.017343 -0.018679 0.015471
v -0.017842 -0.027853 0.015599
v -0.012805 -0.027727 0.023499
v -0.021264 -0.027856 0.032173
v -0.018059 -0.044693 0.014783
v -0.012919 -0.088721 0.011962
v -0.021520 -0.089177 0.009972
v -0.005441 -0.134492 0.008023
v 0.002200 -0.177785 0.013144
v -0.028828 -0.016827 0.012971
v -0.028028 -0.012704 0.012778
v -0.027019 -0.011283 0.017022
v -0.025196 -0.010959 0.021333
v 0.019868 -0.082791 -0.071756
v 0.021317 -0.120572 -0.068422
v 0.029079 -0.120277 -0.068462
v 0.019346 -0.067522 -0.060208
v 0.027630 -0.082497 -0.071794
v 0.019660 -0.075042 -0.054341
v 0.020367 -0.094925 -0.063984
v 0.020255 -0.091752 -0.062238
v 0.020340 -0.088038 -0.016708
v 0.028101 -0.087743 -0.016746
v 0.028017 -0.091458 -0.062276
v 0.028128 -0.094631 -0.064022
v 0.019801 -0.078242 -0.050518
v 0.019843 -0.075902 -0.024009
v 0.027562 -0.077948 -0.050556
v 0.027603 -0.074611 -0.016802
v 0.027422 -0.074748 -0.054380
v 0.024998 -0.011562 -0.059954
v 0.027108 -0.067228 -0.060247
v 0.017506 -0.019572 -0.064439
v 0.025268 -0.019278 -0.064477
v 0.016900 -0.005422 -0.078582
v 0.024662 -0.005128 -0.078621
v 0.022074 0.062328 -0.084572
v 0.022658 0.049469 -0.065264
v 0.024340 0.005590 -0.061392
v 0.024478 0.002234 -0.059327
v 0.016716 0.001940 -0.059288
v 0.024487 0.002700 -0.054056
v 0.024742 -0.004117 -0.054451
v 0.015583 0.036558 -0.022946
v 0.023345 0.036852 -0.022985
v 0.017236 -0.011856 -0.059916
v 0.016725 0.002405 -0.054018
v 0.015171 0.047942 -0.019094
v 0.022932 0.048235 -0.019131
v 0.015587 0.036814 -0.020195
v 0.015645 0.035435 -0.019233
v 0.014423 0.068167 -0.015094
v 0.014834 0.056717 -0.019868
v 0.014764 0.058317 -0.021779
v 0.022526 0.058611 -0.021817
v 0.022596 0.057012 -0.019906
v 0.022185 0.068461 -0.015133
v 0.028609 0.073144 -0.085538
v 0.024412 0.009669 -0.015804
v 0.023406 0.035729 -0.019271
v 0.022464 0.055200 -0.060459
v 0.027918 -0.080997 -0.001945
v 0.020959 0.078980 -0.016059
v 0.020156 -0.081291 -0.001907
v 0.028720 0.079274 -0.016097
v 0.027831 0.102460 -0.018143
v 0.028480 0.078854 -0.067951
v 0.027401 0.109106 -0.054218
v 0.027443 0.111461 -0.027538
v 0.019639 0.108812 -0.054179
v 0.019664 0.110210 -0.038344
v 0.027277 0.110220 -0.070718
v 0.027267 0.112144 -0.057847
v 0.026245 0.138806 -0.060199
v 0.019506 0.111850 -0.057809
v 0.019516 0.109926 -0.070680
v 0.018483 0.138511 -0.060161
v 0.018358 0.141990 -0.058788
v 0.017995 0.150843 -0.064227
v 0.019155 0.116971 -0.089392
v 0.026917 0.117265 -0.089431
v 0.020848 0.072849 -0.085499
v 0.019501 0.109156 -0.079399
v 0.027262 0.109450 -0.079437
v 0.020704 0.077789 -0.076631
v 0.028466 0.078084 -0.076669
v 0.020710 0.078102 -0.073087
v 0.020718 0.078559 -0.067912
v 0.014313 0.062033 -0.084534
v 0.014764 0.052841 -0.063779
v 0.014896 0.049175 -0.065226
v 0.014702 0.054906 -0.060421
v 0.022526 0.053134 -0.063817
v 0.016579 0.005296 -0.061354
v 0.025757 0.151137 -0.064266
v 0.017647 0.164240 -0.031978
v 0.025409 0.164534 -0.032016
v 0.026119 0.142285 -0.058826
v 0.025620 0.158203 -0.037808
v 0.025820 0.152515 -0.041197
v 0.025976 0.147558 -0.047528
v 0.018213 0.147264 -0.047489
v 0.026090 0.144897 -0.044730
v 0.026069 0.145903 -0.041278
v 0.026304 0.140139 -0.038032
v 0.018542 0.139845 -0.037993
v 0.026300 0.139689 -0.042213
v 0.018307 0.145609 -0.041240
v 0.018329 0.144602 -0.044691
v 0.018538 0.139394 -0.042175
v 0.018058 0.152221 -0.041158
v 0.017858 0.157909 -0.037770
v 0.025526 0.161443 -0.032022
v 0.017764 0.161149 -0.031983
v 0.025562 0.161366 -0.025386
v 0.017800 0.161072 -0.025347
v 0.017655 0.164702 -0.026740
v 0.017731 0.163420 -0.021348
v 0.025417 0.164996 -0.026778
v 0.025493 0.163714 -0.021386
v 0.017870 0.160239 -0.017548
v 0.025632 0.160533 -0.017587
v 0.025718 0.157993 -0.019680
v 0.025905 0.153862 -0.013478
v 0.017956 0.157699 -0.019641
v 0.025953 0.152229 -0.016433
v 0.026203 0.145617 -0.016515
v 0.018191 0.151934 -0.016395
v 0.018143 0.153568 -0.013440
v 0.018440 0.145323 -0.016476
v 0.019682 0.113440 -0.009900
v 0.026402 0.139929 -0.019903
v 0.018640 0.139635 -0.019865
v 0.026496 0.136689 -0.025690
v 0.018734 0.136395 -0.025651
v 0.018984 0.129791 -0.025781
v 0.018918 0.131310 -0.027596
v 0.026745 0.130086 -0.025820
v 0.027321 0.115089 -0.024496
v 0.019559 0.114794 -0.024458
v 0.019682 0.111167 -0.027500
v 0.020069 0.102166 -0.018105
v 0.027444 0.113734 -0.009938
v 0.026680 0.131605 -0.027634
v 0.026460 0.136766 -0.032326
v 0.026607 0.132829 -0.032784
v 0.018845 0.132535 -0.032746
v 0.026483 0.135362 -0.038345
v 0.018721 0.135068 -0.038307
v 0.018698 0.136472 -0.032287
v 0.020553 -0.092033 -0.004077
v 0.020409 -0.089638 -0.014796
v 0.019675 -0.069630 -0.009642
v 0.019779 -0.072504 -0.010977
v 0.019839 -0.074470 -0.013878
v 0.027600 -0.074175 -0.013917
v 0.027541 -0.072209 -0.011015
v 0.027437 -0.069335 -0.009680
v 0.028171 -0.089344 -0.014835
v 0.020579 -0.094093 -0.014494
v 0.021760 -0.127580 -0.032613
v 0.021488 -0.120527 -0.033403
v 0.028341 -0.093798 -0.014532
v 0.029521 -0.127286 -0.032652
v 0.028315 -0.091738 -0.004115
v 0.029250 -0.120233 -0.033442
v 0.021456 -0.122525 -0.055184
v 0.029218 -0.122231 -0.055222
v 0.021220 -0.117122 -0.061667
v 0.028982 -0.116828 -0.061705
v 0.029483 -0.129444 -0.057095
v 0.021721 -0.129738 -0.057057
v 0.023349 0.037108 -0.020234
v -0.011850 -0.083994 -0.071599
v -0.019612 -0.084288 -0.071561
v -0.012372 -0.068725 -0.060052
v -0.018162 -0.122069 -0.068228
v -0.010401 -0.121775 -0.068266
v -0.012058 -0.076245 -0.054184
v -0.011463 -0.092955 -0.062080
v -0.011351 -0.096128 -0.063827
v -0.019113 -0.096422 -0.063788
v -0.010498 -0.118325 -0.061509
v -0.018259 -0.118619 -0.061471
v -0.010261 -0.123728 -0.055028
v -0.009997 -0.130941 -0.056900
v -0.009957 -0.128783 -0.032456
v -0.010229 -0.121729 -0.033246
v -0.017991 -0.122024 -0.033208
v -0.018023 -0.124022 -0.054989
v -0.017759 -0.131236 -0.056862
v -0.017719 -0.129077 -0.032418
v -0.018926 -0.093530 -0.003881
v -0.018900 -0.095590 -0.014298
v -0.011138 -0.095296 -0.014337
v -0.019070 -0.091135 -0.014602
v -0.011308 -0.090841 -0.014640
v -0.011379 -0.089241 -0.016551
v -0.019140 -0.089536 -0.016512
v -0.019324 -0.082789 -0.001712
v -0.011165 -0.093235 -0.003921
v -0.025056 0.066670 -0.014899
v -0.019640 -0.075967 -0.013684
v -0.019701 -0.074001 -0.010781
v -0.019804 -0.071126 -0.009446
v -0.022830 0.007877 -0.015570
v -0.011562 -0.082495 -0.001751
v -0.012042 -0.070832 -0.009485
v -0.016073 0.034232 -0.019076
v -0.011939 -0.073707 -0.010820
v -0.017294 0.066964 -0.014937
v -0.011879 -0.075672 -0.013722
v -0.019639 -0.076402 -0.016569
v -0.011875 -0.077105 -0.023852
v -0.011917 -0.079446 -0.050362
v -0.019679 -0.079739 -0.050323
v -0.019819 -0.076539 -0.054146
v -0.019224 -0.093249 -0.062042
v -0.022243 -0.013353 -0.059721
v -0.020134 -0.069019 -0.060014
v -0.014481 -0.013059 -0.059759
v -0.014211 -0.020775 -0.064283
v -0.014993 0.001203 -0.053862
v -0.016134 0.035355 -0.022790
v -0.022498 -0.005909 -0.054218
v -0.014817 -0.006624 -0.078425
v -0.015001 0.000737 -0.059131
v -0.015139 0.004093 -0.061198
v -0.022763 0.000443 -0.059093
v -0.022901 0.003799 -0.061159
v -0.022754 0.000908 -0.053824
v -0.016547 0.046738 -0.018937
v -0.024309 0.046444 -0.018898
v -0.023896 0.035061 -0.022752
v -0.023893 0.035317 -0.020000
v -0.016131 0.035612 -0.020038
v -0.023835 0.033937 -0.019038
v -0.016884 0.055514 -0.019711
v -0.024646 0.055220 -0.019672
v -0.024715 0.056820 -0.021584
v -0.016953 0.057115 -0.021622
v -0.017016 0.053703 -0.060264
v -0.024778 0.053409 -0.060226
v -0.024716 0.051343 -0.063583
v -0.025167 0.060535 -0.084338
v -0.017405 0.060829 -0.084377
v -0.024749 0.071121 -0.085274
v -0.032511 0.070826 -0.085235
v -0.022579 -0.006919 -0.078387
v -0.024584 0.047678 -0.065030
v -0.016954 0.051637 -0.063622
v -0.016822 0.047972 -0.065068
v -0.021973 -0.021069 -0.064244
v -0.033858 0.107132 -0.079135
v -0.032655 0.075766 -0.076367
v -0.032641 0.076536 -0.067648
v -0.032400 0.076957 -0.015795
v -0.034203 0.114948 -0.089128
v -0.027602 0.149113 -0.064001
v -0.035363 0.148819 -0.063963
v -0.026442 0.115242 -0.089166
v -0.033844 0.107903 -0.070415
v -0.034876 0.136487 -0.059897
v -0.027239 0.140262 -0.058562
v -0.035001 0.139968 -0.058524
v -0.027114 0.136782 -0.059936
v -0.026091 0.110121 -0.057583
v -0.033853 0.109827 -0.057544
v -0.025959 0.107083 -0.053954
v -0.033720 0.106788 -0.053916
v -0.033678 0.109144 -0.027236
v -0.025933 0.108481 -0.038119
v -0.033290 0.100142 -0.017840
v -0.024638 0.077251 -0.015834
v -0.025528 0.100436 -0.017879
v -0.033676 0.111416 -0.009636
v -0.033799 0.112771 -0.024195
v -0.034375 0.127768 -0.025518
v -0.026613 0.128062 -0.025556
v -0.025916 0.109439 -0.027274
v -0.026038 0.113066 -0.024233
v -0.025914 0.111711 -0.009675
v -0.035215 0.151544 -0.013177
v -0.027454 0.151839 -0.013215
v -0.027156 0.143594 -0.016250
v -0.026957 0.137905 -0.019639
v -0.034719 0.137611 -0.019600
v -0.034625 0.134372 -0.025388
v -0.026863 0.134666 -0.025426
v -0.026899 0.134742 -0.032061
v -0.026680 0.129581 -0.027371
v -0.034661 0.134448 -0.032023
v -0.034637 0.133045 -0.038043
v -0.034442 0.129288 -0.027332
v -0.034817 0.137821 -0.037729
v -0.034513 0.130511 -0.032482
v -0.026753 0.130806 -0.032521
v -0.026875 0.133339 -0.038082
v -0.027055 0.138115 -0.037767
v -0.027059 0.137665 -0.041948
v -0.035030 0.142580 -0.044427
v -0.027269 0.142873 -0.044466
v -0.034820 0.137371 -0.041910
v -0.027290 0.143879 -0.041015
v -0.035051 0.143585 -0.040977
v -0.027383 0.145535 -0.047264
v -0.035302 0.150197 -0.040895
v -0.027540 0.150492 -0.040933
v -0.035500 0.155885 -0.037507
v -0.027739 0.156179 -0.037545
v -0.035595 0.159125 -0.031719
v -0.027833 0.159419 -0.031757
v -0.027951 0.162510 -0.031752
v -0.027942 0.162973 -0.026515
v -0.035712 0.162216 -0.031713
v -0.035704 0.162679 -0.026476
v -0.027867 0.161691 -0.021123
v -0.035628 0.161396 -0.021084
v -0.035559 0.159048 -0.025083
v -0.027798 0.159342 -0.025121
v -0.035404 0.155676 -0.019378
v -0.035489 0.158215 -0.017284
v -0.027642 0.155970 -0.019416
v -0.035169 0.149911 -0.016130
v -0.027407 0.150205 -0.016169
v -0.034918 0.143299 -0.016212
v -0.027727 0.158510 -0.017322
v -0.035145 0.145241 -0.047225
v -0.024879 0.076830 -0.067686
v -0.026082 0.108197 -0.070454
v -0.024888 0.076373 -0.072862
v -0.024892 0.076060 -0.076406
v -0.026096 0.107427 -0.079173
v 0.016248 -0.086062 -0.029648
v 0.016197 -0.085671 -0.036770
v 0.017551 -0.120681 -0.031561
v 0.016412 -0.089477 -0.022551
v 0.007176 -0.086406 -0.029604
v 0.007125 -0.086015 -0.036725
v 0.007340 -0.089821 -0.022506
v 0.008478 -0.121025 -0.031516
v 0.008416 -0.118409 -0.024085
v 0.007181 -0.088327 -0.043193
v 0.016253 -0.087984 -0.043238
v 0.007327 -0.092839 -0.048235
v 0.016399 -0.092495 -0.048279
v 0.008429 -0.120633 -0.038637
v 0.008070 -0.112588 -0.049325
v 0.007546 -0.099009 -0.051246
v 0.017143 -0.112245 -0.049370
v 0.008284 -0.117626 -0.044811
v 0.017356 -0.117281 -0.044857
v 0.017501 -0.120290 -0.038682
v 0.016618 -0.098665 -0.051291
v 0.017489 -0.118065 -0.024130
v 0.007700 -0.109841 0.009636
v 0.016214 -0.109518 0.009594
v 0.016279 -0.110459 0.015677
v 0.016109 -0.103965 0.013449
v 0.016099 -0.100211 0.011329
v 0.016123 -0.102372 0.011887
v 0.023009 -0.103801 0.013540
v 0.023022 -0.102207 0.011978
v 0.022998 -0.100047 0.011421
v 0.023122 -0.104188 0.008470
v 0.023095 -0.107271 0.011494
v 0.025669 -0.106559 0.011920
v 0.025693 -0.103758 0.009173
v 0.023075 -0.100007 0.007393
v 0.022943 -0.097898 0.012018
v 0.025650 -0.099958 0.008193
v 0.022970 -0.095849 0.008548
v 0.025555 -0.096179 0.009244
v 0.025432 -0.093432 0.012043
v 0.022874 -0.096336 0.013610
v 0.022836 -0.092827 0.011628
v 0.022681 -0.091753 0.015806
v 0.025292 -0.092455 0.015840
v 0.025268 -0.093507 0.019619
v 0.025341 -0.096306 0.022368
v 0.022655 -0.092909 0.019964
v 0.022794 -0.095781 0.015769
v 0.022781 -0.096379 0.017919
v 0.022736 -0.095988 0.022989
v 0.025387 -0.100105 0.023348
v 0.022785 -0.100170 0.024067
v 0.022822 -0.097970 0.019481
v 0.015923 -0.098135 0.019389
v 0.022848 -0.100131 0.020038
v 0.015949 -0.100295 0.019947
v 0.016027 -0.102443 0.019350
v 0.022926 -0.102279 0.019442
v 0.022978 -0.103842 0.017850
v 0.023037 -0.107349 0.019833
v 0.022937 -0.104326 0.022913
v 0.025525 -0.103883 0.022298
v 0.025615 -0.106631 0.019499
v 0.025633 -0.107612 0.015700
v 0.023057 -0.108429 0.015653
v 0.022988 -0.104399 0.015690
v 0.016078 -0.104005 0.017758
v 0.016089 -0.104563 0.015598
v 0.016209 -0.107923 0.021070
v 0.007766 -0.110781 0.015719
v 0.007696 -0.108245 0.021112
v 0.016032 -0.102845 0.024185
v 0.007520 -0.103168 0.024226
v 0.015798 -0.096699 0.023919
v 0.007285 -0.097022 0.023960
v 0.015600 -0.091937 0.020415
v 0.007088 -0.092260 0.020457
v 0.015881 -0.096543 0.017826
v 0.015894 -0.095945 0.015677
v 0.015492 -0.089849 0.014723
v 0.006980 -0.090172 0.014764
v 0.015974 -0.096501 0.013518
v 0.016044 -0.098063 0.011926
v 0.007292 -0.096206 0.016941
v 0.007375 -0.097325 0.012598
v 0.007310 -0.096184 0.014618
v 0.004958 -0.097415 0.012581
v 0.004925 -0.096275 0.014631
v 0.004936 -0.096295 0.016951
v 0.002582 -0.096384 0.016963
v 0.002539 -0.096365 0.014642
v 0.002540 -0.097509 0.012622
v 0.002414 -0.090345 0.014787
v 0.002522 -0.092432 0.020479
v -0.006098 -0.090668 0.014830
v 0.001661 -0.090036 -0.022478
v 0.002684 -0.101827 0.011422
v 0.002586 -0.099508 0.011444
v 0.001496 -0.086621 -0.029576
v 0.002799 -0.121241 -0.031488
v 0.003135 -0.110015 0.009658
v 0.002737 -0.118624 -0.024057
v -0.007411 -0.090381 -0.022433
v -0.005379 -0.110337 0.009700
v -0.006336 -0.118969 -0.024012
v -0.007576 -0.086966 -0.029531
v -0.005952 -0.101048 0.011438
v -0.006055 -0.098900 0.012036
v -0.006087 -0.097337 0.013627
v -0.012843 -0.101406 0.011598
v -0.012978 -0.097696 0.013787
v -0.012945 -0.099259 0.012196
v -0.013160 -0.097219 0.008727
v -0.013225 -0.094194 0.011806
v -0.015765 -0.094994 0.012246
v -0.013111 -0.093110 0.015984
v -0.015661 -0.094008 0.016042
v -0.015520 -0.095054 0.019821
v -0.015354 -0.097849 0.022569
v -0.015706 -0.097743 0.009447
v -0.012957 -0.094260 0.020141
v -0.012746 -0.099319 0.019657
v -0.012774 -0.097335 0.023164
v -0.012840 -0.097729 0.018094
v -0.005948 -0.097371 0.017935
v -0.005854 -0.098961 0.019498
v -0.012919 -0.097135 0.015946
v -0.006028 -0.096776 0.015786
v -0.005991 -0.092756 0.020522
v -0.005794 -0.097518 0.024025
v 0.002720 -0.097195 0.023983
v 0.002954 -0.103340 0.024249
v 0.002657 -0.097562 0.018963
v 0.002745 -0.099580 0.020105
v 0.005074 -0.099491 0.020066
v 0.002822 -0.101900 0.020084
v 0.005161 -0.101810 0.020045
v 0.005231 -0.103809 0.018867
v 0.002888 -0.103899 0.018906
v 0.007401 -0.099404 0.020082
v 0.007575 -0.103722 0.018883
v 0.007500 -0.101723 0.020061
v 0.007618 -0.104863 0.016862
v 0.005252 -0.104931 0.014552
v 0.005265 -0.104952 0.016873
v 0.007629 -0.104841 0.014541
v 0.007603 -0.103663 0.012541
v 0.005198 -0.103752 0.012524
v 0.002793 -0.103844 0.012565
v 0.007547 -0.101643 0.011398
v 0.005115 -0.101734 0.011382
v 0.002876 -0.105021 0.014564
v 0.003201 -0.110955 0.015742
v 0.002910 -0.105041 0.016885
v 0.003132 -0.108419 0.021134
v -0.005382 -0.108742 0.021177
v -0.005559 -0.103664 0.024292
v -0.005632 -0.103264 0.019457
v -0.005710 -0.101117 0.020054
v -0.012602 -0.101475 0.020214
v -0.012496 -0.101508 0.024242
v -0.012344 -0.105664 0.023086
v -0.012523 -0.103623 0.019617
v -0.012472 -0.105186 0.018025
v -0.012244 -0.108687 0.020007
v -0.014874 -0.108166 0.019699
v -0.012225 -0.109767 0.015827
v -0.014855 -0.109147 0.015901
v -0.012461 -0.105743 0.015865
v -0.005570 -0.105385 0.015705
v -0.005657 -0.104791 0.013556
v -0.012548 -0.105149 0.013716
v -0.005581 -0.104827 0.017865
v -0.005313 -0.111277 0.015784
v -0.005806 -0.103204 0.011995
v -0.012698 -0.103562 0.012155
v -0.012392 -0.108617 0.011669
v -0.015007 -0.108103 0.012122
v -0.012681 -0.105546 0.008647
v -0.015270 -0.105311 0.009375
v -0.012963 -0.101374 0.007571
v -0.015526 -0.101520 0.008396
v -0.014963 -0.105418 0.022499
v -0.015101 -0.101641 0.023548
v 0.005028 -0.099414 0.011403
v 0.007469 -0.099323 0.011419
v 0.007325 -0.097384 0.018940
v 0.004990 -0.097471 0.018924
v -0.006323 -0.121193 -0.038565
v -0.007571 -0.088887 -0.043120
v -0.007626 -0.086574 -0.036652
v -0.006273 -0.121584 -0.031443
v 0.001445 -0.086230 -0.036697
v 0.001502 -0.088543 -0.043165
v 0.001648 -0.093055 -0.048206
v 0.002750 -0.120849 -0.038610
v -0.006467 -0.118185 -0.044739
v 0.002605 -0.117841 -0.044784
v 0.002391 -0.112805 -0.049297
v 0.001867 -0.099225 -0.051218
v -0.006681 -0.113148 -0.049253
v -0.007425 -0.093399 -0.048161
v -0.007205 -0.099569 -0.051173
v 0.004737 -0.096836 -0.027403
v -0.019927 -0.097797 -0.026988
v 0.004913 -0.101138 -0.024968
v 0.029408 -0.095926 -0.027233
v 0.004625 -0.094353 -0.031371
v 0.029359 -0.093415 -0.031493
v -0.020111 -0.095291 -0.031249
v 0.004598 -0.094309 -0.036317
v 0.004666 -0.096717 -0.040916
v 0.029406 -0.093368 -0.036440
v -0.020211 -0.095250 -0.036194
v -0.020201 -0.097685 -0.040499
v -0.019710 -0.102098 -0.024554
v -0.020083 -0.101945 -0.043010
v -0.019890 -0.106888 -0.043055
v -0.019673 -0.111189 -0.040621
v -0.019490 -0.113695 -0.036361
v -0.019400 -0.111300 -0.027111
v -0.019389 -0.113736 -0.031416
v 0.005249 -0.110340 -0.027525
v 0.005100 -0.106081 -0.025013
v 0.005323 -0.112799 -0.031538
v -0.019517 -0.107041 -0.024600
v 0.030035 -0.111862 -0.031660
v 0.005297 -0.112755 -0.036483
v 0.029904 -0.109430 -0.027354
v 0.030083 -0.111816 -0.036606
v 0.029538 -0.095800 -0.040745
v 0.029722 -0.105173 -0.024844
v 0.029540 -0.100231 -0.024798
v 0.029900 -0.104999 -0.043301
v 0.005003 -0.105917 -0.043473
v 0.029719 -0.100056 -0.043256
v 0.005178 -0.110220 -0.041039
v 0.030033 -0.109303 -0.040867
v 0.004816 -0.100975 -0.043429
v 0.020090 -0.042543 0.008502
v 0.016825 -0.043536 0.008934
v 0.016872 -0.045039 0.006863
v 0.016830 -0.043259 0.012072
v 0.020138 -0.044130 0.005922
v 0.020157 -0.043437 0.015203
v 0.020096 -0.042201 0.012377
v 0.016890 -0.044497 0.014382
v 0.019252 -0.106190 0.019202
v 0.018179 -0.104141 0.021395
v 0.017233 -0.099957 0.022404
v 0.015253 -0.048409 0.017860
v 0.018104 -0.047423 0.019423
v 0.018509 -0.057945 0.020351
v 0.017145 -0.085283 0.026994
v 0.019812 -0.091856 0.023338
v 0.015645 -0.058625 0.018762
v 0.016327 -0.063954 0.025113
v 0.022572 -0.106409 0.020760
v 0.022548 -0.106978 0.011466
v 0.022591 -0.106985 0.020041
v 0.021281 -0.104839 0.022782
v 0.022622 -0.108295 0.016252
v 0.020144 -0.100513 0.024102
v 0.019284 -0.107406 0.016148
v 0.019213 -0.106062 0.012247
v 0.020109 -0.101884 0.007156
v 0.017205 -0.101047 0.008678
v 0.016823 -0.091111 0.007801
v 0.015256 -0.050152 0.004196
v 0.015629 -0.059850 0.005052
v 0.019717 -0.091650 0.006254
v 0.017056 -0.086244 0.001553
v 0.018488 -0.059455 0.003424
v 0.016304 -0.066642 -0.000176
v 0.013901 -0.066753 0.002232
v 0.009775 -0.073463 -0.003485
v 0.008652 -0.073280 -0.000360
v 0.010080 -0.081400 -0.002785
v 0.003978 -0.073682 -0.003457
v 0.004283 -0.081620 -0.002757
v -0.001819 -0.073902 -0.003428
v -0.001514 -0.081840 -0.002728
v -0.000682 -0.073634 -0.000314
v 0.003985 -0.073457 -0.000337
v 0.008948 -0.080988 0.000321
v 0.004281 -0.081164 0.000343
v -0.000386 -0.081341 0.000367
v -0.005654 -0.086556 0.004012
v -0.006384 -0.067523 0.002332
v -0.007398 -0.092029 0.007921
v -0.008061 -0.087197 0.001677
v -0.010257 -0.092787 0.006401
v -0.008812 -0.067594 -0.000052
v -0.011499 -0.060591 0.003571
v -0.008602 -0.060769 0.005172
v -0.007017 -0.101966 0.008798
v -0.008974 -0.051071 0.004316
v -0.011882 -0.050603 0.002689
v -0.010946 -0.046094 0.007001
v -0.008605 -0.107117 0.012385
v -0.014279 -0.045436 0.006091
v -0.010993 -0.044591 0.009072
v -0.014327 -0.043848 0.008672
v -0.008535 -0.108461 0.016285
v -0.011868 -0.108283 0.011636
v -0.008566 -0.107244 0.019340
v -0.011794 -0.109600 0.016421
v -0.011844 -0.107714 0.020929
v -0.011826 -0.108290 0.020210
v -0.011467 -0.059082 0.020499
v -0.010168 -0.092994 0.023487
v -0.010655 -0.106050 0.022939
v -0.014259 -0.044741 0.015374
v -0.009836 -0.101650 0.024250
v -0.007629 -0.105118 0.021523
v -0.006993 -0.100876 0.022524
v -0.007315 -0.092471 0.021782
v -0.010930 -0.045552 0.014520
v -0.008968 -0.049327 0.017980
v -0.008576 -0.059544 0.018882
v -0.008789 -0.064907 0.025237
v -0.005574 -0.085983 0.024635
v -0.006368 -0.065273 0.022808
v 0.000697 -0.078658 0.027761
v 0.000420 -0.071442 0.027125
v -0.000460 -0.071140 0.030446
v -0.000176 -0.078573 0.031102
v 0.004043 -0.070969 0.030424
v 0.004328 -0.078402 0.031079
v 0.008832 -0.078231 0.031057
v 0.004316 -0.078521 0.027744
v 0.008547 -0.070799 0.030401
v 0.007935 -0.078384 0.027726
v 0.014711 -0.085214 0.024535
v 0.013917 -0.064504 0.022708
v 0.007659 -0.071167 0.027089
v 0.004039 -0.071305 0.027107
v 0.016911 -0.091552 0.021663
v -0.007971 -0.086236 0.027119
v -0.011870 -0.048560 0.019571
v -0.010988 -0.044314 0.012210
v -0.014320 -0.043505 0.012547
v -0.009865 -0.103020 0.007305
v 0.014631 -0.085787 0.003911
v 0.018105 -0.049466 0.002541
v 0.020971 -0.046697 0.009230
v 0.003044 -0.047377 0.009319
v 0.020890 -0.046141 0.011390
v 0.020932 -0.043189 0.007248
v 0.020776 -0.042113 0.011426
v 0.003095 -0.048940 0.007727
v 0.021066 -0.046209 0.004168
v 0.021040 -0.048258 0.007639
v 0.021094 -0.050408 0.007041
v 0.021171 -0.050369 0.003013
v 0.021218 -0.054549 0.004091
v 0.023789 -0.054119 0.004793
v 0.023746 -0.050319 0.003813
v 0.023651 -0.046540 0.004863
v 0.023437 -0.046667 0.017988
v 0.023528 -0.043793 0.007662
v 0.023388 -0.042817 0.011460
v 0.020751 -0.043270 0.015585
v 0.023364 -0.043868 0.015240
v 0.020832 -0.046349 0.018610
v 0.023482 -0.050466 0.018969
v 0.020881 -0.050531 0.019688
v 0.020877 -0.046740 0.013539
v 0.020918 -0.048331 0.015102
v 0.003135 -0.049006 0.015190
v 0.003066 -0.047415 0.013627
v 0.020944 -0.050492 0.015659
v 0.003219 -0.051164 0.015746
v 0.021022 -0.052640 0.015062
v 0.003298 -0.053312 0.015150
v 0.021074 -0.054203 0.013471
v 0.021133 -0.057711 0.015452
v 0.021033 -0.054687 0.018533
v 0.023621 -0.054244 0.017918
v 0.023711 -0.056991 0.015119
v 0.023730 -0.057972 0.011321
v 0.023765 -0.056920 0.007541
v 0.021191 -0.057633 0.007114
v 0.021153 -0.058790 0.011273
v 0.021084 -0.054760 0.011310
v 0.021105 -0.054162 0.009161
v 0.021118 -0.052568 0.007599
v 0.003258 -0.053245 0.007687
v 0.003327 -0.054836 0.009249
v 0.003360 -0.055433 0.011398
v -0.014365 -0.056104 0.011486
v -0.014452 -0.055511 0.009337
v -0.014129 -0.060128 0.011447
v -0.014296 -0.058978 0.007290
v -0.014602 -0.053923 0.007776
v 0.003174 -0.051087 0.007130
v -0.014585 -0.055907 0.004268
v -0.014867 -0.051736 0.003191
v -0.014747 -0.051767 0.007219
v -0.015065 -0.047580 0.004347
v -0.014849 -0.049620 0.007817
v -0.014882 -0.048057 0.009407
v -0.015129 -0.044555 0.007426
v -0.015014 -0.043471 0.011603
v -0.017565 -0.044369 0.011663
v -0.017669 -0.045355 0.007866
v -0.017610 -0.048104 0.005067
v -0.017174 -0.055672 0.004996
v -0.017429 -0.051881 0.004017
v -0.017258 -0.048210 0.018190
v -0.014678 -0.047696 0.018785
v -0.017424 -0.045415 0.015442
v -0.016867 -0.055779 0.018119
v -0.017005 -0.052002 0.019169
v -0.014400 -0.051869 0.019862
v -0.014248 -0.056025 0.018707
v -0.014427 -0.053985 0.015237
v -0.014149 -0.059048 0.015627
v -0.016777 -0.058527 0.015320
v -0.014506 -0.051836 0.015835
v -0.014650 -0.049680 0.015277
v -0.014744 -0.048090 0.013714
v -0.014861 -0.044621 0.015762
v -0.014823 -0.047496 0.011566
v 0.003033 -0.046819 0.011478
v -0.016758 -0.059508 0.011521
v -0.016911 -0.058463 0.007742
v -0.014376 -0.055547 0.013646
v 0.003349 -0.054875 0.013558
v 0.007032 -0.050129 0.021174
v 0.003401 -0.055377 0.020214
v 0.003210 -0.050205 0.021112
v 0.007223 -0.055302 0.020275
v 0.006724 -0.036114 0.019918
v 0.007154 -0.037923 -0.000290
v 0.007461 -0.051938 0.000964
v 0.003178 -0.052022 0.000896
v 0.003374 -0.056951 0.002707
v 0.007514 -0.056871 0.002774
v 0.007359 -0.059332 0.016910
v 0.007470 -0.060241 0.006804
v 0.003522 -0.060318 0.006741
v -0.000759 -0.057185 0.002815
v 0.003582 -0.061217 0.011918
v -0.000420 -0.060540 0.006844
v -0.000278 -0.059622 0.016947
v -0.000235 -0.061432 0.012016
v 0.003537 -0.059408 0.016849
v -0.000414 -0.055591 0.020313
v 0.007404 -0.061142 0.011979
v -0.001097 -0.052262 0.001008
v -0.000607 -0.050419 0.021211
v -0.001374 -0.036421 0.019958
v -0.001865 -0.038265 -0.000246
v 0.002672 -0.036193 0.019852
v 0.002641 -0.038011 -0.000364
v 0.005597 -0.001850 0.022377
v 0.012614 -0.001940 0.018299
v 0.005295 0.006021 0.021682
v 0.001388 -0.002009 0.022397
v 0.005729 -0.002806 0.011479
v 0.003066 -0.002772 0.013027
v 0.001373 -0.002836 0.013036
v 0.004193 -0.032149 0.015619
v 0.002541 -0.032753 0.019866
v 0.002500 -0.032213 0.015628
v 0.006856 -0.032183 0.014071
v 0.009950 -0.032705 0.017181
v 0.005352 -0.032646 0.019852
v 0.005491 -0.036282 0.020173
v 0.010089 -0.036340 0.017502
v 0.002681 -0.036388 0.020187
v -0.007400 -0.037408 0.013001
v -0.007409 -0.037876 0.007703
v 0.002649 -0.038134 0.000417
v -0.000129 -0.036494 0.020201
v 0.012739 -0.036645 0.012901
v -0.004736 -0.036903 0.017575
v 0.012730 -0.037113 0.007604
v 0.012591 -0.033478 0.007283
v 0.009927 -0.033983 0.002708
v 0.010066 -0.037619 0.003029
v 0.005460 -0.038026 0.000402
v 0.005320 -0.034391 0.000082
v 0.002510 -0.034498 0.000096
v 0.004174 -0.033160 0.004166
v 0.006842 -0.032924 0.005688
v 0.002482 -0.033224 0.004175
v 0.003047 -0.003783 0.001575
v 0.005549 -0.004514 -0.007800
v 0.005715 -0.003546 0.003095
v 0.001355 -0.003847 0.001583
v 0.001340 -0.004673 -0.007779
v 0.012580 -0.003890 -0.003792
v 0.016647 -0.003118 0.003190
v 0.016344 0.004753 0.002496
v 0.012277 0.003980 -0.004486
v 0.014783 0.005474 0.002847
v 0.011129 0.004780 -0.003427
v 0.004809 0.004220 -0.007029
v 0.005247 0.003357 -0.008494
v 0.001038 0.003197 -0.008473
v -0.002786 0.003931 -0.006991
v -0.003171 0.003037 -0.008452
v 0.001012 0.004075 -0.007010
v -0.001933 0.080861 -0.013785
v 0.001865 0.081005 -0.013803
v -0.005731 0.080717 -0.013767
v -0.009093 0.004013 -0.003327
v -0.012038 0.080799 -0.010102
v -0.006438 0.082278 -0.016280
v -0.002006 0.082446 -0.016302
v 0.002059 0.092195 -0.017169
v -0.006805 0.091858 -0.017125
v 0.002426 0.082614 -0.016323
v -0.002373 0.092026 -0.017147
v -0.000984 0.094057 -0.005993
v -0.003801 0.093950 -0.005979
v -0.002393 0.094004 -0.005986
v -0.002626 0.100052 -0.006520
v -0.004034 0.099999 -0.006513
v -0.001217 0.100105 -0.006527
v 0.000960 0.100298 -0.005286
v 0.001192 0.094250 -0.004753
v -0.000266 0.099828 -0.010089
v 0.003568 0.100168 -0.007903
v -0.002631 0.099738 -0.010077
v -0.002701 0.101307 -0.012203
v -0.004996 0.099648 -0.010065
v -0.008823 0.099698 -0.007842
v -0.005595 0.101197 -0.012189
v -0.010340 0.101258 -0.009432
v -0.011214 0.124058 -0.011443
v -0.006470 0.123997 -0.014201
v -0.003575 0.124107 -0.014215
v -0.006032 0.125531 -0.012510
v -0.009933 0.125582 -0.010242
v -0.003625 0.125622 -0.012522
v -0.004990 0.125911 -0.008663
v -0.007099 0.125938 -0.007437
v -0.008315 0.126078 -0.005326
v -0.005673 0.143696 -0.010231
v -0.007782 0.143724 -0.009006
v -0.012182 0.125840 -0.006339
v -0.012174 0.126237 -0.001845
v -0.013940 0.124854 -0.001231
v -0.013948 0.124373 -0.006697
v -0.013065 0.102055 0.000781
v -0.013074 0.101572 -0.004685
v -0.011021 0.100340 0.000397
v -0.011028 0.099951 -0.004013
v -0.007454 0.100391 -0.000574
v -0.007458 0.100171 -0.003077
v -0.006206 0.100027 -0.005251
v -0.005974 0.093978 -0.004717
v -0.007226 0.094122 -0.002543
v -0.018476 0.092444 -0.005415
v -0.007221 0.094343 -0.000041
v -0.018462 0.093197 0.003116
v -0.005963 0.094582 0.002121
v -0.014172 0.094012 0.010482
v -0.006387 0.085089 0.015556
v -0.013804 0.084431 0.011327
v -0.006754 0.094669 0.014711
v -0.003787 0.094775 0.003362
v -0.002322 0.094837 0.014688
v -0.001955 0.085257 0.015534
v 0.001908 0.083399 0.013315
v -0.005688 0.083111 0.013353
v -0.001890 0.083256 0.013334
v 0.002110 0.095006 0.014667
v 0.002477 0.085425 0.015512
v 0.009514 0.094910 0.010365
v 0.009881 0.085329 0.011211
v 0.013780 0.094420 0.002956
v 0.014147 0.084839 0.003801
v 0.008214 0.083318 0.009651
v 0.011850 0.082901 0.003340
v 0.011837 0.082259 -0.003927
v 0.014795 0.006115 0.010114
v 0.016358 0.005466 0.010582
v 0.011160 0.006533 0.016425
v 0.012313 0.005931 0.017605
v 0.004853 0.006614 0.020089
v 0.001086 0.005862 0.021703
v 0.001055 0.006469 0.020109
v -0.002742 0.006326 0.020127
v -0.012007 0.082552 0.009750
v -0.009062 0.005765 0.016525
v -0.003123 0.005702 0.021724
v -0.002820 -0.002169 0.022418
v -0.009851 -0.002792 0.018410
v -0.010154 0.005079 0.017716
v -0.013918 -0.003564 0.011428
v -0.012716 0.005072 0.010251
v -0.014221 0.004307 0.010734
v -0.014233 0.003593 0.002648
v -0.012728 0.004430 0.002984
v -0.013931 -0.004278 0.003342
v -0.009887 -0.004743 -0.003680
v -0.003001 -0.003876 0.003139
v -0.004536 -0.003700 0.005804
v -0.004531 -0.003429 0.008873
v -0.003405 -0.032807 0.011465
v -0.003409 -0.033077 0.008396
v -0.001874 -0.033254 0.005731
v -0.007548 -0.034242 0.007382
v -0.007540 -0.033774 0.012679
v -0.004899 -0.034546 0.002781
v -0.004759 -0.038181 0.003103
v -0.000301 -0.034605 0.000110
v 0.000790 -0.033288 0.004183
v -0.000338 -0.003911 0.001591
v -0.002869 -0.004833 -0.007758
v -0.010188 0.003129 -0.004375
v -0.000161 -0.038240 0.000430
v -0.004876 -0.033268 0.017254
v -0.001860 -0.032514 0.014115
v 0.000808 -0.032277 0.015635
v -0.000269 -0.032859 0.019881
v -0.002988 -0.003137 0.011523
v -0.000319 -0.002900 0.013044
v -0.015673 0.081216 -0.003791
v -0.015661 0.081858 0.003475
v -0.018095 0.083617 0.003961
v -0.013842 0.082373 -0.011978
v -0.018108 0.082864 -0.004570
v -0.014210 0.091954 -0.012823
v 0.016660 -0.002405 0.011276
v 0.007264 -0.002982 0.008815
v 0.007259 -0.003254 0.005746
v 0.008386 -0.032631 0.008338
v 0.008391 -0.032360 0.011406
v 0.012600 -0.033009 0.012580
v 0.014134 0.084086 -0.004729
v 0.009844 0.083272 -0.012095
v 0.008183 0.081565 -0.010202
v 0.009476 0.092852 -0.012940
v 0.013767 0.093667 -0.005574
v 0.002450 0.094489 -0.002591
v 0.002454 0.094710 -0.000088
v 0.002219 0.100538 -0.003125
v 0.002222 0.100759 -0.000622
v 0.005786 0.100589 -0.004096
v 0.007696 0.102359 -0.004788
v 0.004947 0.101837 -0.009508
v 0.005793 0.100978 0.000314
v 0.003587 0.101232 0.004143
v 0.007705 0.102842 0.000678
v 0.000970 0.100903 0.001552
v -0.001202 0.100930 0.002814
v -0.000240 0.101281 0.006367
v -0.000970 0.094881 0.003348
v 0.001203 0.094854 0.002085
v -0.002378 0.094828 0.003354
v -0.004018 0.100823 0.002828
v -0.002610 0.100877 0.002821
v -0.002605 0.101191 0.006379
v -0.002669 0.103108 0.008197
v -0.004969 0.101102 0.006390
v -0.005563 0.102998 0.008211
v -0.008804 0.100762 0.004205
v -0.006195 0.100631 0.001588
v -0.010316 0.102577 0.005501
v -0.006438 0.125798 0.006199
v -0.011191 0.125376 0.003490
v -0.009913 0.126666 0.002036
v -0.006005 0.127012 0.004264
v -0.003543 0.125908 0.006185
v -0.003598 0.127104 0.004252
v -0.004976 0.126712 0.000407
v -0.004286 0.144549 -0.001169
v -0.003604 0.126763 0.000401
v -0.007771 0.144309 -0.002367
v -0.005659 0.144497 -0.001162
v -0.007089 0.126525 -0.000798
v -0.008994 0.144077 -0.004465
v -0.008311 0.126293 -0.002897
v -0.008998 0.143863 -0.006895
v -0.004301 0.143748 -0.010239
v 0.000411 0.144434 -0.004512
v 0.000407 0.144220 -0.006942
v -0.000815 0.143988 -0.009041
v -0.002929 0.143800 -0.010245
v -0.003618 0.125963 -0.008669
v -0.002246 0.126015 -0.008676
v 0.002691 0.126061 -0.010305
v -0.001217 0.125714 -0.012534
v -0.000133 0.126203 -0.007471
v 0.004952 0.126490 -0.006424
v 0.001089 0.126435 -0.005373
v 0.001093 0.126649 -0.002942
v 0.004959 0.126887 -0.001930
v -0.000122 0.126789 -0.000832
v -0.001190 0.127195 0.004240
v 0.002711 0.127145 0.001974
v -0.002231 0.126816 0.000394
v -0.000805 0.144574 -0.002401
v -0.002915 0.144601 -0.001176
v 0.004096 0.125957 0.003414
v 0.006830 0.125642 -0.001333
v 0.006821 0.125160 -0.006800
v 0.004970 0.103157 0.005426
v 0.000226 0.103217 0.008182
v -0.000648 0.126018 0.006170
v 0.004073 0.124637 -0.011519
v -0.000681 0.124216 -0.014229
v 0.000194 0.101416 -0.012218
v -0.001011 0.132642 0.005751
v -0.001348 0.141429 0.004976
v 0.003473 0.141366 0.002175
v -0.003796 0.132536 0.005765
v 0.003810 0.132579 0.002951
v 0.006250 0.141047 -0.002648
v 0.006587 0.132261 -0.001873
v 0.006242 0.140557 -0.008202
v 0.006578 0.131770 -0.007427
v -0.003830 0.130706 -0.014962
v -0.011436 0.130663 -0.012148
v -0.006615 0.130601 -0.014948
v -0.004167 0.139492 -0.015737
v -0.014204 0.131472 -0.001770
v 0.003785 0.131240 -0.012222
v -0.001044 0.130812 -0.014975
v -0.014213 0.130982 -0.007324
v -0.011772 0.139449 -0.012923
v -0.014551 0.139768 -0.008099
v -0.014542 0.140259 -0.002546
v -0.004134 0.141323 0.004989
v -0.006919 0.141217 0.005003
v -0.011748 0.140789 0.002251
v -0.006582 0.132430 0.005779
v -0.011411 0.132002 0.003026
v -0.006952 0.139387 -0.015723
v -0.001380 0.139599 -0.015750
v 0.003449 0.140027 -0.012997
v 0.041663 0.144760 -0.000566
v 0.031215 0.143236 0.005901
v 0.030520 0.161352 0.004302
v 0.042141 0.131325 -0.006823
v 0.041097 0.159520 -0.001868
v 0.040594 0.171650 -0.010381
v 0.029904 0.176240 -0.006147
v 0.042404 0.122816 -0.018964
v 0.042076 0.127762 -0.047176
v 0.041009 0.154653 -0.056992
v 0.040530 0.168087 -0.050735
v 0.040267 0.176597 -0.038594
v 0.040291 0.177900 -0.023824
v 0.029531 0.183911 -0.022646
v 0.029502 0.182311 -0.040774
v 0.030031 0.170407 -0.025019
v 0.030014 0.169430 -0.036073
v 0.029825 0.171867 -0.055674
v 0.030211 0.163063 -0.045158
v 0.025372 0.169255 -0.036049
v 0.025569 0.162886 -0.045135
v 0.025927 0.152833 -0.049817
v 0.025468 0.153048 -0.033405
v 0.025571 0.150171 -0.034744
v 0.011511 0.152518 -0.033335
v 0.011613 0.149641 -0.034675
v 0.025413 0.154870 -0.030804
v 0.011455 0.154341 -0.030735
v 0.025417 0.155149 -0.027640
v 0.011459 0.154620 -0.027571
v 0.025483 0.153810 -0.024761
v 0.025390 0.170231 -0.024996
v 0.030259 0.165729 -0.014959
v 0.025617 0.165553 -0.014936
v 0.025993 0.156475 -0.008565
v 0.025590 0.151213 -0.022938
v 0.030634 0.156651 -0.008588
v 0.031058 0.145605 -0.007614
v 0.031802 0.126747 -0.001780
v 0.026416 0.145429 -0.007590
v 0.031416 0.135552 -0.012297
v 0.026775 0.135375 -0.012273
v 0.031612 0.129184 -0.021382
v 0.026971 0.129007 -0.021359
v 0.031595 0.128208 -0.032435
v 0.032124 0.116304 -0.016680
v 0.032096 0.114703 -0.034809
v 0.042380 0.121512 -0.033734
v 0.031723 0.122375 -0.051308
v 0.031368 0.132885 -0.042496
v 0.031106 0.137263 -0.061756
v 0.026727 0.132710 -0.042472
v 0.026953 0.128032 -0.032412
v 0.030992 0.141964 -0.048866
v 0.026351 0.141787 -0.048843
v 0.030568 0.153009 -0.049841
v 0.030412 0.155378 -0.063354
v 0.025692 0.147009 -0.034465
v 0.025800 0.144411 -0.032642
v 0.025865 0.143072 -0.029762
v 0.011842 0.143882 -0.032573
v 0.011907 0.142543 -0.029693
v 0.011912 0.142822 -0.026530
v 0.012068 0.138199 -0.030457
v 0.011957 0.140501 -0.035408
v 0.011734 0.146480 -0.034396
v 0.014644 0.140602 -0.035420
v 0.014755 0.138301 -0.030470
v 0.011772 0.144968 -0.038542
v 0.014458 0.145070 -0.038556
v 0.011562 0.150403 -0.039022
v 0.014250 0.150505 -0.039036
v 0.011387 0.155350 -0.036718
v 0.014073 0.155453 -0.036731
v 0.011290 0.158484 -0.032247
v 0.013976 0.158586 -0.032261
v 0.011299 0.158965 -0.026807
v 0.013986 0.159066 -0.026821
v 0.011410 0.156663 -0.021857
v 0.014098 0.156765 -0.021871
v 0.011525 0.153281 -0.024692
v 0.011596 0.152195 -0.018722
v 0.011633 0.150683 -0.022869
v 0.014283 0.152298 -0.018736
v 0.011805 0.146760 -0.018243
v 0.011754 0.147522 -0.022589
v 0.011856 0.144645 -0.023930
v 0.014491 0.146862 -0.018256
v 0.011980 0.141813 -0.020547
v 0.014666 0.141915 -0.020560
v 0.012077 0.138679 -0.025018
v 0.014764 0.138781 -0.025031
v 0.014696 0.141255 -0.019772
v 0.014802 0.137815 -0.024679
v 0.012809 0.137740 -0.024668
v 0.012703 0.141179 -0.019762
v 0.014792 0.137288 -0.030649
v 0.012800 0.137212 -0.030639
v 0.014670 0.139815 -0.036081
v 0.012676 0.139739 -0.036072
v 0.014467 0.144718 -0.039523
v 0.012474 0.144642 -0.039513
v 0.014238 0.150683 -0.040049
v 0.012245 0.150607 -0.040039
v 0.014045 0.156113 -0.037520
v 0.012052 0.156037 -0.037509
v 0.013939 0.159552 -0.032613
v 0.011946 0.159476 -0.032603
v 0.013948 0.160079 -0.026643
v 0.011955 0.160004 -0.026633
v 0.014071 0.157552 -0.021210
v 0.014274 0.152650 -0.017769
v 0.012078 0.157478 -0.021200
v 0.012281 0.152574 -0.017760
v 0.010782 0.153226 -0.015809
v 0.010542 0.159005 -0.019864
v 0.010398 0.161982 -0.026268
v -0.004664 0.152641 -0.015733
v -0.004904 0.158419 -0.019788
v -0.020495 0.160811 -0.026115
v -0.020351 0.157834 -0.019712
v -0.005048 0.161397 -0.026192
v -0.020506 0.160190 -0.033151
v -0.005060 0.160775 -0.033228
v 0.010387 0.161362 -0.033304
v 0.010512 0.157308 -0.039088
v 0.010740 0.150908 -0.042068
v -0.004935 0.156722 -0.039011
v -0.020381 0.156136 -0.038934
v -0.004707 0.150322 -0.041992
v -0.020153 0.149737 -0.041916
v -0.021612 0.149324 -0.039872
v -0.021805 0.154753 -0.037342
v -0.019884 0.142705 -0.041295
v -0.021180 0.138455 -0.035905
v -0.021383 0.143358 -0.039346
v -0.019645 0.136927 -0.037240
v -0.004437 0.143291 -0.041372
v 0.011249 0.138099 -0.037393
v 0.011009 0.143878 -0.041448
v -0.004198 0.137513 -0.037316
v 0.011393 0.135121 -0.030989
v -0.019500 0.133950 -0.030836
v -0.004054 0.134536 -0.030913
v -0.019488 0.134571 -0.023800
v -0.004042 0.135157 -0.023876
v 0.011404 0.135743 -0.023953
v 0.011279 0.139796 -0.018170
v 0.011051 0.146195 -0.015188
v -0.004168 0.139210 -0.018093
v -0.004395 0.145609 -0.015113
v -0.019841 0.145024 -0.015036
v -0.019614 0.138625 -0.018017
v -0.021154 0.139895 -0.019595
v -0.021048 0.136456 -0.024501
v -0.023041 0.136380 -0.024491
v -0.023051 0.135853 -0.030461
v -0.021057 0.135929 -0.030471
v -0.023173 0.138380 -0.035895
v -0.023200 0.139167 -0.035234
v -0.023384 0.143635 -0.038368
v -0.023376 0.143282 -0.039335
v -0.023593 0.149070 -0.038848
v -0.023605 0.149247 -0.039861
v -0.023798 0.154678 -0.037333
v -0.023905 0.158116 -0.032425
v -0.023769 0.154017 -0.036544
v -0.021082 0.154119 -0.036557
v -0.021179 0.157253 -0.032087
v -0.023866 0.157151 -0.032073
v -0.021170 0.157733 -0.026647
v -0.023857 0.157632 -0.026634
v -0.023895 0.158644 -0.026456
v -0.021911 0.158193 -0.032436
v -0.021902 0.158719 -0.026466
v -0.023772 0.156118 -0.021023
v -0.023746 0.155329 -0.021683
v -0.020873 0.150964 -0.018562
v -0.021059 0.155432 -0.021697
v -0.023561 0.150862 -0.018548
v -0.020665 0.145528 -0.018082
v -0.023352 0.145427 -0.018068
v -0.023340 0.145249 -0.017055
v -0.023569 0.151215 -0.017582
v -0.021779 0.156193 -0.021032
v -0.021576 0.151290 -0.017591
v -0.021348 0.145325 -0.017065
v -0.020111 0.152055 -0.015656
v -0.023147 0.139820 -0.019584
v -0.023176 0.140479 -0.020373
v -0.023079 0.137346 -0.024844
v -0.020393 0.137448 -0.024858
v -0.020401 0.136968 -0.030297
v -0.023088 0.136866 -0.030283
v -0.020513 0.139269 -0.035247
v -0.020627 0.142651 -0.032412
v -0.020698 0.143737 -0.038382
v -0.020734 0.145248 -0.034235
v -0.020906 0.149173 -0.038861
v -0.020856 0.148410 -0.034515
v -0.034916 0.150758 -0.033105
v -0.020958 0.151287 -0.033174
v -0.034813 0.147881 -0.034446
v -0.035519 0.150502 -0.049514
v -0.035877 0.160557 -0.044831
v -0.034692 0.144719 -0.034167
v -0.035095 0.139457 -0.048539
v -0.034585 0.142121 -0.032344
v -0.034492 0.125702 -0.032108
v -0.034720 0.130379 -0.042168
v -0.034520 0.140782 -0.029464
v -0.020562 0.141311 -0.029533
v -0.020556 0.141591 -0.026370
v -0.034514 0.141062 -0.026301
v -0.020613 0.143413 -0.023770
v -0.034571 0.142884 -0.023700
v -0.020715 0.146291 -0.022429
v -0.020488 0.140582 -0.020386
v -0.034673 0.145762 -0.022360
v -0.020837 0.149452 -0.022708
v -0.034795 0.148923 -0.022639
v -0.020944 0.152050 -0.024531
v -0.034902 0.151521 -0.024462
v -0.021009 0.153389 -0.027411
v -0.034967 0.152860 -0.027342
v -0.021015 0.153110 -0.030574
v -0.034972 0.152580 -0.030505
v -0.036073 0.166924 -0.035746
v -0.040715 0.166748 -0.035722
v -0.040697 0.167724 -0.024669
v -0.036056 0.167900 -0.024692
v -0.040470 0.163046 -0.014609
v -0.035829 0.163223 -0.014632
v -0.040094 0.153969 -0.008238
v -0.035453 0.154145 -0.008261
v -0.039670 0.142923 -0.007263
v -0.035029 0.143099 -0.007287
v -0.039312 0.132870 -0.011946
v -0.034671 0.133045 -0.011970
v -0.039116 0.126502 -0.021033
v -0.034475 0.126677 -0.021055
v -0.039134 0.125525 -0.032085
v -0.038633 0.112021 -0.034459
v -0.039360 0.130203 -0.042145
v -0.038604 0.113622 -0.016330
v -0.049369 0.119336 -0.018510
v -0.038927 0.124066 -0.001430
v -0.049633 0.127845 -0.006369
v -0.039514 0.140554 0.006250
v -0.050110 0.141280 -0.000112
v -0.040208 0.158669 0.004652
v -0.050676 0.156040 -0.001415
v -0.040825 0.173558 -0.005796
v -0.051482 0.174420 -0.023370
v -0.051179 0.168170 -0.009928
v -0.041197 0.181229 -0.022295
v -0.051506 0.173116 -0.038140
v -0.041226 0.179629 -0.040424
v -0.040904 0.169185 -0.055324
v -0.051243 0.164607 -0.050281
v -0.049697 0.124282 -0.046723
v -0.050765 0.151173 -0.056538
v -0.040317 0.152696 -0.063005
v -0.039621 0.134581 -0.061406
v -0.040160 0.150327 -0.049491
v -0.040518 0.160381 -0.044809
v -0.039736 0.139280 -0.048516
v -0.039006 0.119693 -0.050958
v -0.050199 0.136413 -0.055236
v -0.049393 0.118032 -0.033281
v 0.012510 0.146609 -0.017233
v 0.014502 0.146684 -0.017243
v 0.025814 0.145174 -0.023999
v 0.025870 0.143351 -0.026599
v 0.025712 0.148051 -0.022658
v 0.041575 0.139893 -0.055690
v 0.005889 0.144554 -0.011114
v -0.004321 0.144167 -0.011064
v -0.004228 0.142122 -0.007994
v 0.005447 0.157933 0.002253
v 0.005382 0.157921 -0.011123
v 0.005763 0.147619 -0.013166
v -0.004447 0.147233 -0.013116
v 0.005982 0.142509 -0.008044
v 0.005955 0.144566 0.002262
v 0.006018 0.142515 -0.000806
v 0.006027 0.141792 -0.004424
v 0.005622 0.151236 -0.013889
v 0.005488 0.154853 -0.013171
v -0.004721 0.154466 -0.013120
v -0.004587 0.150849 -0.013839
v -0.014797 0.150462 -0.013788
v -0.014931 0.154080 -0.013070
v -0.015037 0.157147 -0.011023
v -0.015109 0.159921 -0.004336
v -0.015099 0.159198 -0.007955
v -0.004890 0.159586 -0.008006
v -0.004900 0.160309 -0.004386
v -0.014704 0.150478 0.005129
v -0.015064 0.159205 -0.000715
v -0.014845 0.154094 0.004406
v -0.014971 0.157159 0.002354
v -0.004855 0.159592 -0.000766
v -0.004762 0.157546 0.002303
v 0.005575 0.154868 0.004305
v -0.004635 0.154481 0.004355
v 0.005715 0.151252 0.005027
v -0.004495 0.150864 0.005078
v -0.004361 0.147247 0.004361
v -0.014465 0.143792 0.002363
v -0.004255 0.144179 0.002312
v 0.005848 0.147634 0.004310
v -0.014570 0.146860 0.004411
v -0.014402 0.141740 -0.000705
v -0.004192 0.142127 -0.000755
v -0.014393 0.141018 -0.004323
v -0.004183 0.141405 -0.004374
v -0.014437 0.141734 -0.007943
v -0.014530 0.143781 -0.011014
v -0.014656 0.146845 -0.013066
v 0.005355 0.159979 -0.000816
v 0.005309 0.160696 -0.004437
v 0.005320 0.159973 -0.008056
v -0.004827 0.157535 -0.011073
v -0.011687 0.142125 -0.024082
v -0.004227 0.140484 -0.020397
v -0.004318 0.142404 -0.024118
v -0.012178 0.155124 -0.023790
v -0.012076 0.152094 -0.026373
v -0.011810 0.145059 -0.026531
v -0.011595 0.140205 -0.020361
v -0.012339 0.161307 -0.008800
v -0.011469 0.138960 -0.004336
v -0.011558 0.142369 0.003883
v -0.011480 0.139848 0.000112
v -0.004100 0.139239 -0.004373
v -0.012350 0.162195 -0.004351
v -0.012181 0.158799 0.003871
v -0.012295 0.161315 0.000098
v -0.004926 0.161594 0.000061
v -0.004813 0.159079 0.003835
v -0.004657 0.155312 0.006358
v -0.012026 0.155032 0.006394
v -0.004484 0.150866 0.007246
v -0.011852 0.150587 0.007283
v -0.011688 0.146140 0.006400
v -0.004320 0.146420 0.006364
v -0.004189 0.142649 0.003846
v 0.003049 0.146699 0.006328
v 0.003179 0.142928 0.003809
v 0.003256 0.140407 0.000039
v -0.004112 0.140128 0.000076
v 0.002885 0.151146 0.007210
v 0.003268 0.139519 -0.004409
v 0.002398 0.161866 -0.008873
v 0.002386 0.162754 -0.004424
v 0.003141 0.140764 -0.020434
v 0.002559 0.155683 -0.023863
v 0.003050 0.142684 -0.024154
v 0.002661 0.152653 -0.026446
v 0.002927 0.145618 -0.026603
v -0.004441 0.145338 -0.026567
v 0.002790 0.149119 -0.027408
v -0.004578 0.148839 -0.027372
v -0.004707 0.152374 -0.026409
v -0.011947 0.148560 -0.027336
v -0.004810 0.155404 -0.023826
v -0.004971 0.161586 -0.008836
v -0.004982 0.162475 -0.004388
v 0.002442 0.161874 0.000026
v 0.002556 0.159358 0.003799
v 0.002711 0.155591 0.006321
v 0.043126 -0.225042 -0.028732
v 0.024960 -0.225730 -0.028642
v 0.024974 -0.224925 -0.019531
v 0.042819 -0.218923 -0.043801
v 0.043141 -0.224236 -0.019621
v 0.042751 -0.215196 -0.028982
v 0.042763 -0.214532 -0.021464
v 0.042597 -0.212014 -0.035825
v 0.045239 -0.211914 -0.035838
v 0.044983 -0.205739 -0.040172
v 0.042341 -0.205840 -0.040158
v 0.044695 -0.198226 -0.040834
v 0.042363 -0.207852 -0.051149
v 0.042053 -0.198326 -0.040822
v 0.044452 -0.191387 -0.037649
v 0.041809 -0.191487 -0.037636
v 0.038908 -0.116043 -0.045665
v 0.039096 -0.119907 -0.037354
v 0.044318 -0.187056 -0.031469
v 0.041675 -0.187156 -0.031456
v 0.044330 -0.186392 -0.023951
v 0.041687 -0.186492 -0.023938
v 0.041842 -0.189674 -0.017095
v 0.044484 -0.189573 -0.017108
v 0.039111 -0.119101 -0.028221
v 0.046358 -0.112187 -0.030679
v 0.046350 -0.112671 -0.036170
v 0.038948 -0.113840 -0.020716
v 0.038416 -0.098436 -0.010275
v 0.042443 -0.203426 -0.001012
v 0.046261 -0.109023 -0.026165
v 0.046083 -0.104030 -0.023839
v 0.038653 -0.105534 -0.016847
v 0.038303 -0.096408 -0.017652
v 0.045873 -0.098543 -0.024324
v 0.045686 -0.094034 -0.027488
v 0.045662 -0.095358 -0.042489
v 0.045565 -0.092195 -0.037976
v 0.045573 -0.091711 -0.032485
v 0.037804 -0.085044 -0.031227
v 0.037611 -0.079881 -0.030625
v 0.037992 -0.088909 -0.022916
v 0.037790 -0.085851 -0.040359
v 0.037953 -0.091111 -0.047865
v 0.037592 -0.080988 -0.043174
v 0.027436 -0.080267 -0.030573
v 0.027416 -0.081374 -0.043124
v 0.027656 -0.089157 -0.054268
v 0.037831 -0.088771 -0.054318
v 0.038336 -0.102863 -0.060412
v 0.028478 -0.103236 -0.060363
v 0.038248 -0.099417 -0.051733
v 0.045840 -0.100352 -0.044815
v 0.038598 -0.108543 -0.050929
v 0.046050 -0.105839 -0.044331
v 0.046237 -0.110348 -0.041167
v 0.028558 -0.098809 -0.010227
v 0.030751 -0.162514 -0.055133
v 0.030831 -0.158089 -0.004996
v 0.027597 -0.167640 -0.054675
v 0.027677 -0.163213 -0.004538
v 0.019362 -0.171290 -0.054340
v 0.023257 -0.184031 -0.053222
v 0.023337 -0.179604 -0.003085
v 0.007939 -0.184612 -0.053145
v 0.023959 -0.200124 -0.034659
v 0.023820 -0.196195 -0.032829
v 0.024197 -0.208542 -0.051058
v 0.023742 -0.193708 -0.029279
v 0.023749 -0.193327 -0.024962
v 0.008431 -0.193907 -0.024885
v 0.023838 -0.195154 -0.021032
v 0.023985 -0.198700 -0.018542
v 0.008667 -0.199281 -0.018466
v 0.008520 -0.195735 -0.020955
v -0.006797 -0.196316 -0.020880
v -0.007299 -0.180766 -0.002933
v -0.006651 -0.199862 -0.018391
v -0.006887 -0.194488 -0.024810
v -0.006893 -0.194869 -0.029128
v -0.007379 -0.185193 -0.053070
v -0.024604 -0.210393 -0.050817
v -0.006677 -0.201285 -0.034507
v -0.006817 -0.197357 -0.032678
v -0.012962 -0.169179 -0.054475
v -0.006439 -0.209703 -0.050907
v -0.004470 -0.172195 -0.054222
v -0.012882 -0.164752 -0.004338
v -0.004391 -0.167767 -0.004086
v 0.007445 -0.171742 -0.054281
v 0.007525 -0.167316 -0.004144
v 0.008019 -0.180185 -0.003009
v 0.019442 -0.166864 -0.004203
v -0.024525 -0.205965 -0.000680
v -0.016419 -0.159880 -0.004763
v -0.028552 -0.100975 -0.009944
v -0.018773 -0.105029 -0.060129
v -0.018694 -0.100601 -0.009992
v -0.016500 -0.164307 -0.054899
v -0.028631 -0.105402 -0.060080
v -0.028720 -0.101957 -0.051403
v -0.028369 -0.111082 -0.050597
v -0.029136 -0.091311 -0.053987
v -0.028059 -0.118582 -0.045334
v -0.035640 -0.115781 -0.035764
v -0.027872 -0.122447 -0.037022
v -0.035940 -0.108948 -0.043926
v -0.035753 -0.113457 -0.040761
v -0.025159 -0.194027 -0.037305
v -0.024915 -0.200865 -0.040490
v -0.027934 -0.189795 -0.031112
v -0.027801 -0.194127 -0.037292
v -0.025293 -0.189695 -0.031125
v -0.027922 -0.189131 -0.023594
v -0.025280 -0.189032 -0.023606
v -0.025125 -0.192213 -0.016763
v -0.027768 -0.192313 -0.016750
v -0.027857 -0.121641 -0.027891
v -0.028019 -0.116380 -0.020384
v -0.035631 -0.115296 -0.030273
v -0.035729 -0.112133 -0.025760
v -0.035907 -0.107139 -0.023434
v -0.036416 -0.094819 -0.032080
v -0.029163 -0.087584 -0.030895
v -0.036117 -0.101652 -0.023918
v -0.036304 -0.097142 -0.027083
v -0.036425 -0.095304 -0.037571
v -0.036328 -0.098468 -0.042084
v -0.029178 -0.088390 -0.040028
v -0.029015 -0.093651 -0.047533
v -0.029355 -0.082420 -0.030293
v -0.029376 -0.083528 -0.042843
v -0.018961 -0.090925 -0.054038
v -0.019200 -0.083142 -0.042894
v -0.019180 -0.082034 -0.030343
v -0.018903 -0.087744 -0.018010
v -0.029078 -0.088129 -0.017958
v -0.028665 -0.098948 -0.017320
v -0.028975 -0.091448 -0.022584
v -0.028315 -0.108074 -0.016516
v -0.036150 -0.103461 -0.044410
v -0.027014 -0.214654 -0.035481
v -0.027558 -0.200966 -0.040477
v -0.027224 -0.206001 -0.011754
v -0.026980 -0.212840 -0.014940
v -0.027513 -0.198489 -0.012417
v -0.026846 -0.217172 -0.021119
v -0.024339 -0.212740 -0.014952
v -0.024204 -0.217072 -0.021132
v -0.026859 -0.217835 -0.028638
v -0.024216 -0.217735 -0.028651
v -0.023842 -0.227581 -0.028401
v -0.024371 -0.214554 -0.035494
v -0.024148 -0.221463 -0.043469
v -0.027268 -0.208479 -0.039814
v -0.024626 -0.208379 -0.039827
v -0.005982 -0.220773 -0.043560
v -0.005676 -0.226892 -0.028490
v -0.005661 -0.226087 -0.019379
v -0.006276 -0.210975 -0.027707
v -0.006269 -0.210593 -0.023388
v -0.006364 -0.209147 -0.031638
v -0.006511 -0.205601 -0.034127
v 0.008953 -0.208567 -0.031714
v 0.008807 -0.205019 -0.034202
v 0.024271 -0.207985 -0.031789
v 0.024124 -0.204439 -0.034278
v 0.008641 -0.200704 -0.034583
v 0.008502 -0.196777 -0.032754
v 0.008425 -0.194288 -0.029204
v 0.024653 -0.219612 -0.043711
v 0.024360 -0.209813 -0.027859
v 0.024367 -0.209431 -0.023540
v 0.009042 -0.210393 -0.027783
v 0.009049 -0.210012 -0.023465
v 0.008972 -0.207524 -0.019915
v 0.008832 -0.203596 -0.018086
v -0.006345 -0.208105 -0.019839
v 0.024290 -0.206943 -0.019991
v 0.024151 -0.203016 -0.018162
v 0.024747 -0.217329 -0.007298
v 0.042913 -0.216640 -0.007388
v 0.024277 -0.204115 -0.000922
v 0.042386 -0.203362 -0.012098
v 0.042629 -0.210200 -0.015284
v 0.045272 -0.210100 -0.015297
v 0.045406 -0.214432 -0.021477
v 0.045394 -0.215096 -0.028995
v 0.045028 -0.203262 -0.012111
v 0.042098 -0.195849 -0.012761
v 0.044740 -0.195748 -0.012774
v -0.006486 -0.204177 -0.018010
v -0.005889 -0.218490 -0.007147
v -0.024055 -0.219180 -0.007056
v -0.006358 -0.205276 -0.000770
v -0.023827 -0.226776 -0.019289
v -0.024582 -0.205901 -0.011767
v -0.024870 -0.198388 -0.012430
v 0.027714 -0.085976 -0.018240
v 0.037889 -0.085589 -0.018290
v 0.030408 -0.247395 0.025815
v 0.026646 -0.228411 0.098501
v 0.023739 -0.252609 0.026831
v 0.031102 -0.221326 0.096881
v 0.034864 -0.240310 0.024195
v 0.029195 -0.238928 0.020372
v 0.025876 -0.244204 0.021578
v 0.008557 -0.250019 0.022200
v 0.020910 -0.248085 0.022335
v 0.015662 -0.255320 0.027121
v 0.014895 -0.250105 0.022551
v 0.007150 -0.255205 0.026651
v 0.011899 -0.236337 0.099807
v 0.003387 -0.236220 0.099336
v -0.000769 -0.252274 0.025475
v 0.002661 -0.247837 0.021325
v -0.007141 -0.246883 0.023737
v -0.002084 -0.243822 0.020031
v -0.005104 -0.238460 0.018474
v -0.011197 -0.239682 0.021646
v -0.006035 -0.232396 0.016842
v 0.009535 -0.215185 0.013153
v -0.004765 -0.226362 0.015331
v -0.001446 -0.221086 0.014126
v -0.012447 -0.231538 0.019454
v -0.014960 -0.220697 0.094331
v -0.016209 -0.212553 0.092140
v -0.010741 -0.223434 0.017426
v -0.014504 -0.204450 0.090112
v -0.006285 -0.216349 0.015806
v -0.010048 -0.197364 0.088492
v 0.000384 -0.211135 0.014790
v 0.003520 -0.217204 0.013369
v 0.008462 -0.208423 0.014500
v 0.004699 -0.189439 0.087186
v 0.016973 -0.208540 0.014972
v 0.013210 -0.189555 0.087657
v 0.024893 -0.211469 0.016146
v 0.015873 -0.215271 0.013504
v 0.021769 -0.217453 0.014379
v 0.031265 -0.216861 0.017884
v 0.029534 -0.226830 0.017230
v 0.026514 -0.221467 0.015673
v 0.035321 -0.224064 0.019975
v 0.027502 -0.197877 0.090569
v 0.031557 -0.205079 0.092660
v 0.036571 -0.232207 0.022167
v 0.030465 -0.232894 0.018862
v 0.032807 -0.213223 0.094852
v 0.026395 -0.212364 0.097465
v 0.025125 -0.218398 0.098975
v 0.021806 -0.223674 0.100181
v 0.016841 -0.227556 0.100938
v 0.010826 -0.229575 0.101154
v 0.004488 -0.229488 0.100803
v -0.001409 -0.227307 0.099928
v -0.004532 -0.233290 0.098161
v -0.010904 -0.227899 0.096422
v -0.006153 -0.223292 0.098634
v -0.009173 -0.217930 0.097077
v -0.008834 -0.205832 0.093935
v -0.010104 -0.211865 0.095445
v 0.011803 -0.194741 0.092107
v 0.005465 -0.194655 0.091756
v -0.000549 -0.196674 0.091972
v -0.005516 -0.200556 0.092729
v -0.003379 -0.192151 0.087475
v 0.025464 -0.206300 0.095833
v 0.022445 -0.200938 0.094276
v 0.017700 -0.196923 0.092982
v 0.021129 -0.192486 0.088832
v 0.019977 -0.233625 0.099517
v -0.009537 -0.157860 0.039822
v -0.008932 -0.161469 0.041534
v -0.013400 -0.158550 0.049274
v -0.014045 -0.164896 0.039873
v -0.014006 -0.154941 0.047563
v -0.018514 -0.161977 0.047613
v -0.016194 -0.134533 0.034731
v -0.025468 -0.133295 0.033792
v -0.024737 -0.117014 0.048023
v -0.011938 -0.111265 0.023374
v -0.015463 -0.118251 0.048963
v -0.018437 -0.153005 0.032528
v -0.015734 -0.147651 0.012917
v -0.025008 -0.146413 0.011978
v -0.021212 -0.110027 0.022435
v -0.027710 -0.151768 0.031587
v -0.020883 -0.091420 0.043703
v -0.011610 -0.092658 0.044643
v 0.031803 -0.235468 0.054329
v 0.023707 -0.245545 0.059895
v 0.040821 -0.237658 0.057380
v 0.031857 -0.264416 0.034732
v 0.034302 -0.218152 0.052014
v 0.043467 -0.216653 0.056988
v 0.016131 -0.187436 0.052877
v 0.021400 -0.184249 0.059983
v 0.037506 -0.186858 0.036767
v 0.046672 -0.185358 0.041741
v 0.021221 -0.153128 0.044984
v 0.015952 -0.156316 0.037878
v 0.040876 -0.266606 0.037782
v 0.023762 -0.274493 0.040297
v 0.028631 -0.279535 0.047758
v 0.028577 -0.250587 0.067356
v -0.008047 -0.252471 0.070037
v -0.022866 -0.240934 0.062042
v -0.022810 -0.269882 0.042445
v -0.007992 -0.281419 0.050439
v -0.004854 -0.247015 0.061986
v -0.014603 -0.266807 0.038133
v -0.004800 -0.275963 0.042389
v -0.014657 -0.237858 0.057731
v -0.019221 -0.220904 0.055932
v -0.027671 -0.220313 0.062196
v -0.008827 -0.185803 0.062196
v -0.027785 -0.190215 0.041547
v -0.004349 -0.188488 0.054375
v -0.013401 -0.158549 0.049274
v -0.014037 -0.164660 0.039794
v -0.008922 -0.161233 0.041454
v -0.018515 -0.161977 0.047614
v -0.036234 -0.189624 0.047811
v 0.033717 -0.277597 0.036552
v 0.031504 -0.289026 -0.008988
v 0.043109 -0.277819 0.036151
v 0.033629 -0.252534 0.020563
v 0.035621 -0.178450 0.026132
v 0.043020 -0.252758 0.020163
v 0.032139 -0.255977 -0.012461
v 0.034175 -0.194423 0.001102
v 0.041531 -0.256199 -0.012863
v 0.043567 -0.194646 0.000701
v 0.045013 -0.178672 0.025732
v 0.040896 -0.289248 -0.009389
v 0.040923 -0.166192 0.017874
v 0.031222 -0.084979 0.037380
v 0.021899 -0.086165 0.037683
v 0.031600 -0.167377 0.018175
v 0.030443 -0.151832 0.043489
v 0.039766 -0.150645 0.043186
v 0.033068 -0.097508 0.045160
v 0.023745 -0.098695 0.045462
v -0.023379 -0.251901 0.032481
v -0.021491 -0.197024 -0.003692
v -0.030887 -0.196690 -0.003676
v -0.032776 -0.251567 0.032498
v -0.030530 -0.188024 0.024715
v -0.021133 -0.188358 0.024698
v -0.029605 -0.162163 0.028101
v -0.020208 -0.162496 0.028085
v -0.020032 -0.156605 0.008444
v -0.029429 -0.156271 0.008460
v 0.007505 -0.018299 -0.034958
v 0.005726 -0.043043 -0.027678
v 0.006327 -0.017038 -0.021681
v 0.008397 0.007393 -0.032236
v 0.007038 0.003464 -0.019509
v 0.010075 -0.047253 -0.040382
v 0.012139 -0.017211 -0.048201
v 0.014145 -0.018596 -0.034341
v 0.015036 0.007098 -0.031619
v 0.012967 -0.017333 -0.021063
v 0.013678 0.003168 -0.018891
v 0.012366 -0.043339 -0.027060
v 0.011547 -0.037076 -0.015254
v 0.007236 -0.071958 -0.021687
v 0.009970 -0.063363 -0.010886
v 0.004056 -0.087566 0.005037
v 0.007322 -0.075621 0.011722
v 0.003329 -0.063067 -0.011503
v 0.009635 -0.053054 -0.002348
v 0.002996 -0.052758 -0.002965
v 0.007523 -0.062835 0.015691
v 0.004908 -0.036780 -0.015871
v 0.001537 -0.040597 0.018545
v 0.008177 -0.040892 0.019162
v 0.002765 -0.033784 0.008606
v 0.009405 -0.034080 0.009223
v 0.006970 -0.043360 0.030959
v 0.008221 -0.031933 0.022993
v 0.009062 -0.027259 0.016173
v 0.002423 -0.026963 0.015556
v 0.001581 -0.031637 0.022375
v 0.009791 -0.020314 0.011666
v 0.010467 -0.023959 0.002654
v 0.003151 -0.020019 0.011049
v 0.010294 -0.012158 0.010158
v 0.003655 -0.011863 0.009541
v 0.003826 -0.023664 0.002037
v 0.004560 -0.011775 -0.000160
v 0.003856 -0.003734 0.011262
v 0.003727 0.003127 0.015948
v 0.004855 0.000071 0.002347
v 0.004665 0.010072 0.009178
v 0.010497 -0.004030 0.011879
v 0.010367 0.002831 0.016566
v 0.011495 -0.000224 0.002964
v 0.011305 0.009776 0.009796
v 0.010660 0.016408 0.019910
v 0.006028 0.034618 0.006293
v 0.012667 0.034322 0.006911
v 0.014905 0.029830 -0.019308
v 0.013573 0.021307 -0.009068
v 0.006933 0.021603 -0.009685
v 0.013769 0.046142 0.000717
v 0.011804 0.053548 0.025408
v 0.011099 0.040232 0.026612
v 0.009307 0.050923 0.051006
v 0.009107 0.038137 0.047036
v 0.002467 0.038433 0.046419
v 0.004020 0.016704 0.019293
v 0.004459 0.040528 0.025994
v 0.007130 0.046438 0.000100
v 0.005164 0.053845 0.024791
v 0.002668 0.051219 0.050389
v 0.000019 0.038961 0.072995
v 0.005934 0.063164 0.057073
v 0.008970 0.067298 0.026388
v 0.006659 0.038665 0.073612
v 0.002753 0.047556 0.083797
v 0.004263 0.018640 0.089788
v 0.006993 0.028356 0.065075
v 0.000354 0.028652 0.064458
v 0.008452 0.016194 0.043566
v 0.005081 0.012378 0.077982
v 0.002483 -0.006102 0.097068
v 0.006163 -0.000739 0.060073
v 0.007224 0.009382 0.053505
v -0.001558 0.012674 0.077365
v 0.000584 0.009678 0.052888
v 0.003662 -0.007364 0.083791
v 0.002950 -0.027866 0.081619
v -0.002978 -0.007069 0.083174
v -0.000478 -0.000443 0.059456
v -0.003689 -0.027570 0.081001
v -0.004156 -0.005806 0.096452
v -0.002377 0.018936 0.089170
v -0.005048 -0.031500 0.093729
v -0.000085 0.022851 0.102493
v -0.002151 -0.007190 0.110311
v 0.001592 -0.031795 0.094346
v -0.003128 -0.037995 0.106064
v 0.003056 -0.046006 0.071796
v 0.001724 -0.054528 0.082035
v -0.004916 -0.054232 0.081418
v 0.003961 -0.059021 0.055817
v 0.002859 -0.070840 0.062009
v -0.002870 -0.064872 0.090398
v -0.003780 -0.070544 0.061393
v -0.002678 -0.058724 0.055200
v -0.001816 -0.077951 0.036702
v -0.001414 -0.083731 0.065697
v 0.004824 -0.078246 0.037320
v 0.005529 -0.064930 0.036116
v 0.001019 -0.091700 0.035723
v 0.000682 -0.075325 0.011105
v 0.000882 -0.062540 0.015074
v 0.000331 -0.043064 0.030341
v -0.001110 -0.064634 0.035499
v -0.000671 -0.040811 0.042200
v 0.000752 -0.033330 0.030469
v -0.000377 -0.027233 0.045544
v -0.001316 -0.034179 0.052315
v 0.005968 -0.041105 0.042817
v 0.000065 -0.031783 0.038604
v 0.006705 -0.032079 0.039222
v 0.007393 -0.033626 0.031086
v 0.006262 -0.027529 0.046161
v 0.006132 -0.020667 0.050848
v 0.005324 -0.034474 0.052932
v 0.005134 -0.024473 0.059763
v -0.003584 -0.045709 0.071179
v -0.001506 -0.024178 0.059145
v 0.005428 -0.012627 0.062270
v 0.006334 -0.012540 0.052569
v -0.000508 -0.020372 0.050231
v -0.000306 -0.012244 0.051951
v 0.006838 -0.004383 0.051061
v 0.000198 -0.004087 0.050444
v 0.000927 0.002856 0.045937
v 0.007566 0.002560 0.046555
v 0.008409 0.007235 0.039735
v 0.001768 0.007531 0.039118
v 0.002596 0.009224 0.031025
v 0.009237 0.008928 0.031642
v 0.009924 0.007381 0.023505
v 0.009658 0.018661 0.031768
v 0.003284 0.007677 0.022888
v 0.003019 0.018958 0.031151
v 0.001812 0.016490 0.042949
v -0.001211 -0.012332 0.061654
v 0.011402 0.059329 -0.003587
v 0.012858 0.040471 -0.028288
v 0.008265 0.030126 -0.019925
v 0.013118 0.013593 -0.043955
v 0.011200 -0.012070 0.000457
v 0.012811 0.215793 0.074881
v 0.014978 0.113840 0.022521
v 0.003463 0.113456 0.022791
v 0.012100 0.223547 0.055640
v 0.001296 0.215410 0.075151
v 0.012180 0.187073 0.007351
v 0.013098 0.148588 -0.008190
v 0.009338 0.218087 -0.069614
v 0.008880 0.237329 -0.061843
v 0.000666 0.186689 0.007621
v -0.002635 0.236945 -0.061573
v 0.000585 0.223163 0.055911
v 0.001583 0.148205 -0.007921
v -0.002176 0.217703 -0.069344
v 0.005170 0.030744 -0.021798
v 0.016686 0.031128 -0.022069
v 0.007303 0.007483 0.035925
v 0.008094 -0.036745 0.006877
v 0.019609 -0.036362 0.006607
v 0.018818 0.007866 0.035654
v 0.021156 -0.046125 0.058595
v 0.022073 -0.084608 0.043053
v 0.010559 -0.084992 0.043324
v 0.009642 -0.046508 0.058866
v -0.013838 0.219112 0.057454
v -0.022275 0.240538 0.032810
v -0.014091 0.240417 0.032490
v -0.013656 0.126573 0.064772
v -0.021840 0.126695 0.065092
v -0.013956 0.128639 0.032019
v -0.022021 0.219233 0.057774
v -0.022140 0.128760 0.032339
v -0.021912 0.055461 0.047447
v -0.022281 0.071041 0.008969
v -0.014098 0.070919 0.008649
v -0.022191 0.024773 0.012628
v -0.022908 0.023178 -0.066392
v -0.014724 0.023056 -0.066712
v -0.022770 -0.003851 -0.054943
v -0.014586 -0.003973 -0.055263
v -0.014007 0.024650 0.012309
v -0.013728 0.055340 0.047127
v -0.013663 -0.042924 0.040930
v -0.013963 -0.040859 0.008177
v -0.022147 -0.040736 0.008498
v -0.021846 -0.042802 0.041250
v 0.021346 -0.266511 0.020869
v 0.013204 -0.231832 -0.026960
v 0.016061 -0.270639 0.021133
v 0.018772 -0.230187 -0.023594
v 0.024372 -0.260532 0.021227
v 0.021815 -0.247887 0.023420
v 0.024538 -0.253885 0.022138
v 0.003142 -0.270598 0.023209
v -0.001465 -0.247814 0.027160
v 0.020314 -0.220986 -0.007269
v 0.016739 -0.243727 0.024820
v 0.022718 -0.224167 -0.012667
v 0.010316 -0.242227 0.026061
v 0.003820 -0.243686 0.026896
v 0.009564 -0.272097 0.021969
v 0.006566 -0.232060 -0.027924
v 0.000174 -0.230828 -0.026295
v 0.010273 -0.181185 -0.049782
v 0.003874 -0.180047 -0.048110
v 0.009888 -0.130923 -0.071745
v 0.016882 -0.181370 -0.048631
v 0.016488 -0.131208 -0.070562
v 0.013196 -0.082696 -0.088919
v 0.019827 -0.082518 -0.087904
v 0.021977 -0.130618 -0.066748
v 0.025362 -0.081296 -0.084312
v 0.024719 -0.031181 -0.100132
v 0.030255 -0.029761 -0.096615
v 0.028708 -0.079272 -0.078858
v 0.033603 -0.027811 -0.091135
v 0.029198 -0.076846 -0.072620
v 0.025270 -0.129273 -0.061058
v 0.025714 -0.127439 -0.054618
v 0.022391 -0.180565 -0.044886
v 0.025711 -0.178929 -0.039287
v 0.022167 -0.227451 -0.018494
v 0.026183 -0.176788 -0.032945
v 0.023713 -0.174564 -0.027115
v 0.023221 -0.125477 -0.048704
v 0.026738 -0.074498 -0.066835
v 0.018283 -0.123778 -0.044487
v 0.021813 -0.072695 -0.062647
v 0.026727 -0.022695 -0.074398
v 0.015401 -0.071792 -0.060887
v 0.020319 -0.022369 -0.072429
v 0.031644 -0.023888 -0.078806
v 0.034098 -0.025715 -0.084779
v 0.025620 0.027358 -0.091602
v 0.020901 0.027037 -0.086840
v 0.014666 0.026046 -0.084563
v 0.006289 0.075635 -0.086816
v 0.002756 0.072191 -0.082266
v -0.013992 0.114453 -0.066325
v -0.002513 0.068619 -0.080144
v -0.019714 0.112092 -0.063733
v 0.008150 0.024582 -0.085222
v -0.008476 0.065625 -0.080868
v -0.026306 0.110832 -0.063777
v 0.002643 0.022935 -0.088686
v -0.013951 0.063803 -0.084296
v -0.032461 0.110923 -0.066448
v -0.017851 0.063512 -0.089749
v -0.036961 0.112346 -0.071219
v -0.019408 0.064811 -0.096146
v -0.000764 0.021431 -0.094268
v 0.004808 -0.026346 -0.082287
v 0.004312 -0.028441 -0.088643
v -0.001396 0.020367 -0.100863
v 0.006767 -0.030268 -0.094615
v 0.000871 0.019955 -0.107167
v -0.018310 0.067443 -0.102221
v -0.038915 0.114820 -0.077144
v -0.037935 0.117855 -0.083049
v -0.014777 0.070886 -0.106770
v -0.034215 0.120850 -0.087764
v -0.009507 0.074459 -0.108893
v -0.028493 0.123210 -0.090356
v 0.005589 0.020276 -0.111928
v 0.011684 -0.031461 -0.099024
v 0.018092 -0.031787 -0.100992
v 0.011824 0.021267 -0.114204
v 0.018341 0.022730 -0.113546
v -0.003545 0.077453 -0.108168
v -0.021902 0.124469 -0.090313
v 0.001929 0.079276 -0.104740
v -0.015747 0.124379 -0.087641
v -0.019230 0.169637 -0.054027
v -0.013134 0.166927 -0.053300
v -0.011246 0.122955 -0.082870
v -0.009293 0.120481 -0.076945
v 0.005831 0.079566 -0.099288
v -0.008750 0.162472 -0.050855
v -0.004895 0.194537 -0.005442
v -0.000630 0.189696 -0.003594
v -0.006946 0.157158 -0.047178
v 0.000981 0.183748 -0.000935
v -0.008079 0.152033 -0.042994
v -0.000380 0.177871 0.002004
v -0.011925 0.148116 -0.039135
v -0.010273 0.117446 -0.071041
v 0.007387 0.078266 -0.092891
v 0.027887 0.026946 -0.097904
v 0.027255 0.025882 -0.104500
v 0.023848 0.024378 -0.110083
v -0.004444 0.173228 0.004644
v -0.017723 0.146179 -0.036365
v -0.010407 0.170740 0.006460
v -0.024323 0.146609 -0.035230
v -0.017086 0.170899 0.007093
v -0.023159 0.173674 0.006419
v -0.008050 0.191803 0.054216
v -0.014760 0.191721 0.054309
v -0.002054 0.194559 0.052998
v -0.020854 0.194328 0.053257
v -0.025125 0.199107 0.051268
v -0.027423 0.178514 0.004570
v -0.015250 0.218792 0.042846
v -0.026726 0.205112 0.048738
v -0.021246 0.216037 0.044064
v -0.025342 0.211155 0.046167
v -0.029035 0.184462 0.001912
v -0.027673 0.190339 -0.001026
v -0.023609 0.194981 -0.003666
v -0.035474 0.164213 -0.046264
v -0.036608 0.159089 -0.042082
v -0.034804 0.153773 -0.038403
v -0.030419 0.149320 -0.035958
v -0.031628 0.168131 -0.050123
v -0.025830 0.170067 -0.052894
v -0.017647 0.197470 -0.005483
v -0.008541 0.218874 0.042753
v -0.010968 0.197311 -0.006116
v -0.002446 0.216267 0.043805
v 0.001825 0.211488 0.045793
v 0.003427 0.205482 0.048323
v 0.002042 0.199440 0.050895
v 0.001859 -0.079989 -0.082972
v 0.006782 -0.081793 -0.087159
v 0.003485 -0.129822 -0.070061
v -0.001451 -0.128123 -0.065845
v -0.000603 -0.077642 -0.077186
v -0.003946 -0.126161 -0.059932
v -0.001048 -0.178181 -0.043947
v -0.004707 -0.228378 -0.022395
v -0.003517 -0.175956 -0.038116
v -0.007111 -0.225196 -0.016997
v -0.004491 -0.253793 0.026802
v -0.004658 -0.260441 0.025891
v -0.006561 -0.221912 -0.011171
v -0.003165 -0.219177 -0.006070
v -0.003046 -0.173815 -0.031775
v -0.000209 -0.122981 -0.047801
v 0.000274 -0.172179 -0.026176
v -0.003502 -0.124327 -0.053492
v 0.003233 -0.073191 -0.065494
v -0.000111 -0.075216 -0.070948
v 0.008770 -0.071970 -0.061904
v 0.008156 -0.024395 -0.076807
v 0.013691 -0.022976 -0.073289
v 0.011881 -0.122677 -0.042804
v 0.005282 -0.122392 -0.043987
v 0.005784 -0.171375 -0.022430
v 0.002403 -0.217532 -0.002704
v 0.012393 -0.171560 -0.021279
v 0.009040 -0.217303 -0.001740
v 0.018792 -0.172698 -0.022951
v 0.015433 -0.218536 -0.003369
v -0.001934 -0.266438 0.024609
v 0.003086 0.155293 -0.006835
v 0.005834 0.152098 -0.003735
v 0.020399 0.159178 -0.009346
v 0.000509 0.159707 -0.007958
v 0.017651 0.162374 -0.012446
v 0.009737 0.151522 0.005673
v 0.008208 0.150752 0.000729
v 0.024303 0.158603 0.000062
v 0.010120 0.154257 0.010117
v 0.024686 0.161336 0.004507
v 0.009281 0.158413 0.013182
v -0.002228 0.168619 -0.003815
v -0.001388 0.164462 -0.006880
v 0.013177 0.171543 -0.012490
v 0.012338 0.175699 -0.009425
v -0.001845 0.171353 0.000629
v 0.012721 0.178434 -0.004981
v 0.016000 0.171439 -0.005293
v 0.016155 0.172551 -0.003485
v 0.016342 0.169749 -0.006540
v 0.017114 0.167814 -0.006978
v 0.163826 0.239154 -0.058434
v 0.015074 0.166787 -0.013569
v 0.018162 0.166019 -0.006522
v 0.019280 0.164718 -0.005261
v 0.020245 0.164171 -0.003445
v 0.022773 0.157832 -0.004882
v 0.020867 0.164484 -0.001434
v 0.021023 0.165596 0.000375
v 0.020682 0.167287 0.001620
v 0.019910 0.169221 0.002059
v 0.023846 0.165493 0.007571
v 0.007384 0.163168 0.014260
v 0.021949 0.170249 0.008649
v 0.004806 0.167581 0.013137
v 0.019372 0.174662 0.007527
v 0.018862 0.171017 0.001603
v 0.017744 0.172317 0.000342
v 0.016624 0.177858 0.004427
v 0.016778 0.172864 -0.001474
v 0.014250 0.179204 -0.000037
v 0.002058 0.170778 0.010037
v -0.000315 0.172124 0.005573
v -0.024253 0.204213 0.035030
v -0.037360 0.215056 0.032934
v -0.020896 0.208216 0.034755
v -0.040520 0.211718 0.035432
v -0.027414 0.200875 0.037528
v -0.030808 0.198578 0.046871
v -0.029753 0.198864 0.041754
v -0.042860 0.209707 0.039657
v -0.043915 0.209421 0.044774
v -0.039012 0.214875 0.042326
v -0.038060 0.215693 0.040607
v -0.036774 0.217051 0.039591
v -0.167131 0.326601 0.023244
v -0.038511 0.216580 0.048018
v -0.034234 0.220256 0.040293
v -0.039262 0.215367 0.046439
v -0.033483 0.221470 0.041873
v -0.039440 0.214759 0.044408
v -0.033305 0.222078 0.043905
v -0.033733 0.221962 0.045986
v -0.034685 0.221144 0.047705
v -0.035971 0.219786 0.048721
v -0.037337 0.218157 0.048833
v -0.035408 0.218680 0.039479
v -0.031115 0.222938 0.034661
v -0.034002 0.219061 0.032659
v -0.029269 0.225919 0.038544
v -0.018008 0.212094 0.036757
v -0.016162 0.215076 0.040640
v -0.015723 0.216572 0.045634
v -0.016778 0.216286 0.050751
v -0.029884 0.227130 0.048654
v -0.019118 0.214275 0.054977
v -0.022278 0.210937 0.057475
v -0.035385 0.221781 0.055378
v -0.025636 0.206933 0.057750
v -0.038742 0.217776 0.055654
v -0.028523 0.203056 0.055747
v -0.030369 0.200074 0.051864
v -0.041630 0.213900 0.053652
v -0.043476 0.210918 0.049769
v -0.032224 0.225119 0.052881
v -0.028830 0.227416 0.043538
v -0.021562 0.137934 0.035680
v -0.023172 0.140809 0.035200
v -0.032673 0.135804 0.037103
v -0.029490 0.130641 0.039420
v -0.019989 0.135647 0.037518
v -0.031063 0.132930 0.037582
v -0.031175 0.134688 0.041655
v -0.030535 0.133758 0.042402
v -0.031830 0.135858 0.041460
v -0.126045 0.085957 0.063423
v -0.032370 0.137034 0.041857
v -0.034001 0.138696 0.038079
v -0.032689 0.137985 0.042767
v -0.034785 0.141035 0.040316
v -0.025285 0.146040 0.038414
v -0.034869 0.142354 0.043372
v -0.025368 0.147359 0.041470
v -0.024735 0.147400 0.044738
v -0.032723 0.138522 0.044010
v -0.034236 0.142394 0.046640
v -0.032465 0.138538 0.045339
v -0.033011 0.141148 0.049474
v -0.031967 0.138032 0.046492
v -0.031328 0.137102 0.047240
v -0.030672 0.135932 0.047435
v -0.031439 0.138860 0.051313
v -0.021938 0.143866 0.049410
v -0.020327 0.140992 0.049889
v -0.029829 0.135986 0.051792
v -0.018999 0.138098 0.048913
v -0.028500 0.133093 0.050815
v -0.030132 0.134755 0.047037
v -0.029813 0.133805 0.046127
v -0.027717 0.130755 0.048578
v -0.029779 0.133267 0.044884
v -0.027633 0.129435 0.045523
v -0.030037 0.133251 0.043555
v -0.028266 0.129395 0.042254
v -0.018131 0.134441 0.043620
v -0.018764 0.134400 0.040352
v -0.018215 0.135761 0.046676
v -0.023511 0.146153 0.047572
v -0.024500 0.143702 0.036177
vn 0.5536 0.0536 0.8311
vn 0.7216 0.0685 0.6889
vn 0.9646 0.1138 0.2377
vn 0.1373 -0.0082 0.9905
vn -0.5668 0.0721 0.8207
vn 0.9941 0.0749 -0.0790
vn 0.5574 -0.1427 0.8179
vn -0.4783 -0.0893 0.8737
vn 0.9990 -0.0434 -0.0126
vn 0.5226 0.0995 -0.8468
vn 0.4478 0.1609 -0.8796
vn 0.9512 0.1199 -0.2844
vn -0.4463 0.2043 -0.8712
vn 0.5226 0.0950 -0.8473
vn -0.4130 0.1521 -0.8979
vn -0.4533 0.1525 -0.8782
vn -0.9846 0.1298 -0.1172
vn -0.5542 0.1012 -0.8262
vn 0.3578 0.1500 -0.9217
vn -0.9984 0.0011 -0.0561
vn -0.5739 -0.3002 -0.7619
vn -0.9010 -0.4260 -0.0825
vn -0.3957 -0.7753 -0.4923
vn 0.3021 -0.2253 -0.9263
vn 0.8778 -0.1707 -0.4476
vn 0.5000 -0.7332 -0.4609
vn 0.0282 -0.7867 -0.6167
vn -0.0209 -0.9620 -0.2721
vn 0.4001 -0.8828 -0.2462
vn 0.1222 -0.9922 -0.0265
vn -0.1328 -0.9551 -0.2647
vn 0.9046 -0.4234 0.0494
vn 0.6132 -0.5755 0.5411
vn -0.0227 -0.6411 0.7671
vn -0.2392 -0.9708 0.0165
vn -0.6555 -0.5241 0.5437
vn -0.4847 -0.8709 0.0817
vn -0.2550 -0.9369 -0.2391
vn -0.5239 -0.8252 -0.2110
vn -0.6448 -0.0634 0.7617
vn -0.9960 0.0712 -0.0541
vn -0.9975 0.0632 -0.0320
vn -0.4203 0.1079 -0.9010
vn -0.9977 0.0516 -0.0434
vn -0.4377 -0.0953 0.8941
vn 0.5822 -0.1429 0.8004
vn -0.4333 -0.0599 0.8993
vn -0.9990 0.0297 -0.0329
vn 0.5827 -0.0934 0.8073
vn -0.5040 -0.0405 0.8627
vn 0.9975 -0.0409 -0.0569
vn 0.9985 -0.0364 -0.0404
vn 0.5136 -0.0733 0.8549
vn 0.5024 0.0258 -0.8643
vn 0.9985 -0.0401 -0.0371
vn 0.5135 0.0069 -0.8580
vn 0.5106 0.0573 -0.8579
vn -0.4438 0.0317 -0.8956
vn -0.4672 0.0600 -0.8821
vn 0.9967 -0.0453 -0.0668
vn -0.9992 -0.0032 -0.0401
vn -0.3960 -0.1303 0.9090
vn -0.5718 -0.0566 0.8184
vn -0.9835 -0.1806 -0.0112
vn 0.4630 -0.0737 0.8833
vn 0.5103 -0.0749 0.8567
vn -0.2739 -0.1695 0.9467
vn -0.8938 -0.2144 0.3940
vn 0.9896 -0.0407 0.1380
vn 0.9843 -0.0259 0.1748
vn 0.6402 -0.1055 -0.7610
vn 0.7029 0.3586 -0.6143
vn 0.9554 0.2482 0.1601
vn 0.7306 -0.1055 -0.6746
vn 0.5322 -0.0877 0.8421
vn 0.3958 0.8230 0.4073
vn 0.5766 0.2481 0.7785
vn 0.6267 0.7791 0.0178
vn -0.0285 0.9955 -0.0904
vn 0.2004 0.9128 -0.3558
vn -0.2815 0.8399 -0.4640
vn -0.5238 0.7977 -0.2987
vn -0.5765 0.7364 0.3540
vn -0.0455 0.8474 0.5290
vn -0.1939 0.2054 0.9593
vn -0.9121 0.1101 0.3948
vn -0.8754 0.1891 -0.4448
vn -0.9177 -0.2687 -0.2927
vn -0.5580 -0.1966 -0.8062
vn -0.5065 0.3388 -0.7929
vn -0.0401 0.3030 -0.9521
vn 0.0026 -0.1612 -0.9869
vn -0.1089 0.8262 -0.5528
vn -0.3843 -0.1596 -0.9093
vn -0.7468 0.3015 0.5928
vn 0.2343 0.1886 0.9537
vn 0.1009 0.0412 0.9940
vn 0.9118 0.0680 0.4050
vn 0.9733 0.0667 0.2198
vn 0.4400 0.3919 0.8079
vn -0.5413 0.6419 0.5431
vn -0.9922 0.0030 -0.1244
vn -0.7404 0.0118 0.6721
vn -0.9169 0.1889 -0.3515
vn -0.8119 0.4887 -0.3193
vn -0.4944 0.0229 -0.8689
vn -0.3924 0.0601 -0.9178
vn -0.2851 0.1583 -0.9453
vn 0.6691 0.0817 -0.7387
vn 0.6091 0.0889 -0.7881
vn 0.9852 0.1622 0.0551
vn 0.6101 0.0863 -0.7876
vn 0.6027 0.1677 -0.7801
vn -0.3148 0.1276 -0.9405
vn 0.6092 0.1869 -0.7707
vn -0.1471 0.1320 -0.9803
vn 0.9823 0.1704 0.0776
vn 0.9769 0.1613 -0.1404
vn 0.8149 0.2652 0.5153
vn 0.5751 -0.1972 0.7940
vn 0.7772 -0.1190 0.6179
vn 0.3834 0.0445 0.9225
vn -0.1131 -0.6413 0.7589
vn 0.0239 0.4560 0.8896
vn -0.3656 -0.1037 0.9250
vn -0.2167 -0.5350 0.8166
vn 0.0393 -0.5680 0.8221
vn -0.4924 -0.6015 0.6290
vn -0.5096 -0.7233 0.4659
vn -0.7572 -0.6182 0.2109
vn -0.5936 -0.6761 0.4365
vn -0.8042 -0.4677 0.3667
vn -0.4433 -0.3750 0.8142
vn -0.8367 -0.2644 0.4796
vn -0.8523 -0.2261 -0.4717
vn -0.8537 -0.1620 -0.4949
vn -0.8523 -0.5165 0.0828
vn -0.5961 0.2480 -0.7636
vn -0.8670 0.0081 -0.4983
vn -0.9723 -0.1579 0.1724
vn -0.9255 0.3661 -0.0968
vn -0.5758 0.5945 0.5613
vn -0.7969 0.0132 0.6040
vn -0.8837 -0.2071 0.4198
vn -0.4262 -0.0905 0.9001
vn -0.8699 -0.1529 -0.4690
vn -0.8017 -0.4693 0.3702
vn -0.7490 -0.3698 -0.5498
vn -0.3902 -0.3342 0.8579
vn -0.0867 -0.9399 0.3302
vn -0.5857 -0.7881 -0.1891
vn 0.4962 -0.4861 0.7194
vn 0.1357 -0.3147 0.9394
vn 0.6152 -0.7471 0.2518
vn -0.2210 -0.8420 -0.4922
vn 0.2796 -0.9125 -0.2985
vn 0.5899 -0.4280 -0.6848
vn 0.9605 -0.2760 -0.0363
vn -0.0824 -0.3940 -0.9154
vn 0.6244 0.1083 -0.7736
vn 0.9921 0.1111 -0.0589
vn -0.1393 0.0304 -0.9898
vn 0.7347 -0.0493 0.6766
vn 0.7433 -0.1740 0.6459
vn 0.0935 -0.1176 0.9886
vn 0.0363 -0.3363 0.9411
vn 0.7672 0.1218 -0.6297
vn -0.2552 0.0268 -0.9665
vn -0.2828 0.0428 -0.9582
vn -0.9751 -0.1019 -0.1970
vn -0.9857 -0.1292 -0.1081
vn -0.6718 -0.1085 0.7327
vn 0.2402 -0.0108 0.9707
vn 0.3402 -0.0251 0.9400
vn -0.5420 -0.1482 0.8272
vn 0.9447 0.1215 0.3046
vn 0.9774 0.1019 0.1854
vn 0.4199 -0.0332 0.9070
vn 0.9976 -0.0035 0.0686
vn 0.3525 -0.0927 0.9312
vn -0.5596 -0.1376 0.8172
vn -0.9863 -0.1031 -0.1286
vn -0.9854 -0.1103 -0.1298
vn -0.6349 -0.1496 0.7580
vn -0.6644 -0.0763 0.7435
vn -0.3248 -0.1269 -0.9372
vn -0.4466 0.0112 -0.8947
vn -0.9697 -0.1536 -0.1899
vn -0.6518 0.1276 0.7476
vn -0.9947 0.0287 -0.0991
vn -0.7194 -0.0195 -0.6943
vn -0.8131 0.5820 0.0111
vn -0.5166 0.5092 0.6884
vn -0.1740 0.9673 -0.1845
vn -0.6298 0.5241 -0.5733
vn -0.2247 0.9742 0.0194
vn -0.2605 0.9301 0.2590
vn 0.1220 0.9137 0.3878
vn 0.2286 0.5944 0.7710
vn 0.3595 0.9331 0.0077
vn 0.7008 0.6594 0.2722
vn 0.2611 0.1828 0.9479
vn 0.9569 0.2636 0.1218
vn 0.5788 0.6188 -0.5311
vn 0.2861 0.9288 -0.2356
vn 0.2436 0.8768 -0.4146
vn 0.6286 0.1989 -0.7519
vn 0.4199 0.5659 -0.7095
vn 0.2349 0.0617 -0.9701
vn 0.5564 -0.0391 -0.8300
vn 0.9924 -0.0175 0.1217
vn 0.2984 -0.0501 0.9531
vn 0.5192 0.0765 -0.8512
vn -0.3276 0.0436 -0.9438
vn 0.6796 0.1456 -0.7190
vn 0.7401 0.1683 -0.6510
vn 0.9473 0.0846 0.3089
vn -0.2611 -0.0566 -0.9637
vn -0.0065 0.5386 -0.8425
vn 0.1646 0.9540 -0.2504
vn 0.1069 0.9888 -0.1037
vn -0.0092 0.2139 -0.9768
vn -0.0049 -0.7625 -0.6469
vn -0.7247 -0.6009 0.3371
vn 0.7322 -0.5991 0.3239
vn -0.0088 0.4004 -0.9163
vn 0.7679 -0.6139 0.1828
vn 0.7263 -0.6819 0.0860
vn -0.0079 0.5715 -0.8206
vn -0.7230 -0.6837 0.0992
vn -0.7630 -0.6157 0.1967
vn 0.7288 -0.6775 0.0991
vn 0.9986 0.0264 -0.0452
vn 0.7787 -0.6241 -0.0639
vn 0.9987 0.0330 -0.0396
vn -0.0075 0.7206 -0.6933
vn -0.9993 0.0305 -0.0215
vn -0.9929 0.0968 -0.0691
vn 0.9919 0.0953 -0.0839
vn -0.0026 0.9878 -0.1555
vn -0.9992 0.0359 -0.0147
vn -0.0062 0.8420 -0.5395
vn -0.0089 0.3652 -0.9309
vn -0.0039 0.9311 -0.3648
vn -0.9992 0.0398 -0.0070
vn -0.7782 -0.6260 -0.0498
vn -0.7887 -0.4716 -0.3944
vn -0.9993 0.0239 -0.0271
vn -0.7252 -0.6793 0.1124
vn -0.9988 0.0349 0.0343
vn -0.7286 -0.3146 -0.6085
vn -0.9989 0.0391 0.0267
vn -0.9991 0.0421 0.0013
vn 0.7825 -0.4696 -0.4087
vn -0.9990 0.0428 0.0099
vn 0.7182 -0.3128 -0.6216
vn -0.9990 0.0418 0.0185
vn 0.0010 0.9768 0.2139
vn 0.0022 0.9164 0.4003
vn -0.9872 0.1370 0.0816
vn 0.0039 0.8206 0.5715
vn -0.0013 1.0000 -0.0017
vn 0.9865 0.1492 0.0678
vn 0.0067 0.5797 0.8148
vn 0.9992 0.0374 0.0161
vn 0.9992 0.0318 0.0227
vn 0.0057 0.6934 0.7206
vn 0.9993 0.0250 0.0280
vn 0.0073 0.5394 0.8420
vn -0.9987 0.0293 0.0408
vn -0.9987 0.0225 0.0462
vn -0.9699 0.1579 0.1854
vn 0.0082 0.2879 0.9576
vn 0.9675 0.1818 0.1760
vn 0.9993 0.0173 0.0319
vn -0.6303 0.7682 -0.1124
vn 0.6669 -0.1275 0.7342
vn 0.6075 0.7885 -0.0959
vn 0.5138 0.4614 0.7232
vn 0.6154 -0.3367 0.7127
vn -0.7002 -0.1218 0.7035
vn -0.5660 0.4430 0.6953
vn 0.9771 0.0957 0.1900
vn -0.6388 -0.3409 0.6898
vn -0.9777 0.0832 0.1927
vn -0.9986 0.0065 0.0525
vn 0.0085 0.1762 0.9843
vn 0.0050 0.7527 0.6583
vn -0.9986 0.0148 0.0501
vn 0.0094 -0.0192 0.9998
vn -0.9986 -0.0021 0.0531
vn 0.0092 -0.2138 0.9768
vn -0.9986 -0.0107 0.0521
vn -0.6638 -0.4455 -0.6007
vn -0.9986 -0.0189 0.0495
vn -0.9716 -0.0910 0.2186
vn -0.9986 -0.0264 0.0453
vn -0.9869 -0.0805 0.1395
vn 0.0088 -0.4006 0.9162
vn -0.9987 -0.0330 0.0396
vn -0.6921 -0.5891 -0.4171
vn 0.0072 -0.7206 0.6933
vn 0.0082 -0.5714 0.8206
vn 0.9993 -0.0239 0.0271
vn 0.9993 -0.0305 0.0215
vn 0.8214 -0.3631 -0.4398
vn 0.7964 0.0906 -0.5979
vn 0.0060 -0.8420 0.5394
vn -0.8073 0.0885 -0.5835
vn -0.8284 -0.3652 -0.4247
vn 0.7286 0.3285 -0.6011
vn -0.0051 -0.7461 -0.6658
vn -0.7402 0.3267 -0.5877
vn 0.6859 -0.5874 -0.4297
vn 0.7090 -0.6122 -0.3501
vn -0.7137 -0.6139 -0.3372
vn 0.6539 -0.4439 -0.6127
vn 0.9994 0.0004 0.0350
vn 0.9994 -0.0082 0.0339
vn 0.9994 -0.0164 0.0313
vn 0.9703 -0.0974 0.2214
vn 0.9880 -0.0841 0.1295
vn 0.7427 -0.5156 0.4272
vn 0.5595 -0.7483 0.3564
vn -0.6030 -0.7276 0.3271
vn 0.0094 0.0067 0.9999
vn -0.7811 -0.4690 0.4123
vn 0.0084 -0.5251 0.8510
vn 0.0057 -0.8620 0.5069
vn 0.0092 -0.0761 0.9971
vn 0.9994 0.0090 0.0343
vn 0.9991 0.0416 0.0086
vn 0.9990 0.0443 0.0003
vn 0.9989 0.0453 -0.0082
vn 0.9989 0.0446 -0.0169
vn -0.0011 0.9998 0.0193
vn -0.0031 0.9844 -0.1762
vn 0.9988 0.0423 -0.0252
vn 0.9987 0.0383 -0.0329
vn -0.6457 0.1890 -0.7398
vn -0.6179 -0.3895 -0.6830
vn -0.7726 -0.1532 0.6161
vn 0.6387 -0.3419 -0.6893
vn 0.6222 0.2371 -0.7460
vn -0.8062 0.1360 -0.5757
vn -0.8114 0.2442 0.5310
vn -0.8109 -0.4984 0.3067
vn 0.8234 -0.5365 -0.1847
vn -0.7821 -0.5976 -0.1767
vn -0.8242 0.5361 0.1824
vn 0.8493 -0.4355 0.2984
vn 0.7880 -0.0940 0.6084
vn -0.7468 0.6612 -0.0714
vn 0.7831 0.5971 0.1738
vn 0.6826 0.7243 -0.0969
vn 0.7958 0.3052 0.5230
vn 0.7878 0.1965 -0.5837
vn 0.8047 -0.1334 0.5785
vn -0.7850 -0.2876 -0.5487
vn 0.7990 -0.2276 -0.5566
vn -0.6284 -0.3496 -0.6949
vn 0.6461 -0.3013 -0.7013
vn 0.6078 -0.2245 -0.7617
vn 0.7688 -0.0637 0.6363
vn 0.8291 0.5074 0.2349
vn 0.7574 0.2322 0.6103
vn 0.7885 0.5443 -0.2864
vn -0.8627 0.4434 0.2432
vn 0.7322 -0.3955 0.5545
vn 0.8295 -0.4833 0.2800
vn -0.7877 -0.5445 0.2880
vn -0.7870 -0.1956 0.5851
vn -0.8302 0.4830 -0.2784
vn -0.8071 0.1377 -0.5742
vn 0.7886 0.1982 -0.5820
vn -0.7958 -0.3052 -0.5230
vn -0.8216 -0.5241 -0.2241
vn -0.7583 -0.2600 -0.5978
vn -0.7365 0.2462 0.6301
vn -0.7829 -0.5972 -0.1743
vn 0.8242 -0.5362 -0.1823
vn 0.8115 -0.2443 -0.5308
vn 0.6103 -0.0878 0.7873
vn 0.7864 -0.5846 0.1996
vn 0.7365 -0.2461 -0.6301
vn 0.7386 -0.1322 0.6611
vn -0.6706 -0.0664 0.7388
vn -0.6078 0.2246 0.7616
vn 0.6809 -0.0152 0.7322
vn 0.7531 -0.0333 -0.6571
vn 0.7697 -0.2045 -0.6048
vn 0.8036 -0.1317 0.5804
vn 0.8919 0.3079 -0.3313
vn 0.7830 0.5970 0.1744
vn 0.7823 0.5571 -0.2788
vn -0.7336 0.6771 -0.0586
vn -0.8241 0.5362 0.1823
vn 0.7958 0.3052 0.5231
vn 0.9149 -0.2924 -0.2784
vn 0.7688 -0.0636 0.6363
vn -0.7555 -0.1215 0.6438
vn -0.8928 -0.3609 -0.2694
vn -0.6763 0.5725 -0.4635
vn -0.7823 -0.4405 0.4404
vn -0.6464 0.1857 -0.7401
vn 0.6231 0.2338 -0.7464
vn -0.6103 0.0878 -0.7873
vn -0.8919 -0.3079 0.3313
vn 0.9158 -0.2394 0.3224
vn -0.9150 0.2922 0.2783
vn 0.8929 0.3608 0.2694
vn -0.7335 0.6771 -0.0587
vn -0.9159 0.2392 -0.3224
vn -0.7386 0.1321 -0.6611
vn -0.7554 -0.1214 0.6439
vn -0.7379 -0.6424 0.2070
vn -0.7677 -0.4268 0.4780
vn 0.8025 -0.3672 0.4703
vn -0.7668 0.1744 0.6177
vn 0.6264 0.6219 -0.4699
vn -0.7020 0.6909 -0.1728
vn 0.6458 0.7421 -0.1795
vn 0.7891 -0.4273 0.4412
vn 0.8763 -0.4738 -0.0870
vn 0.8177 -0.3798 0.4325
vn 0.7795 -0.1435 0.6098
vn -0.8389 -0.5386 -0.0785
vn 0.7613 -0.3612 -0.5384
vn 0.7669 0.1870 0.6139
vn 0.6891 -0.3832 -0.6151
vn -0.7844 0.4166 0.4596
vn 0.7551 0.4749 0.4519
vn -0.7728 0.1286 0.6214
vn -0.7369 -0.4181 -0.5312
vn -0.6641 -0.4345 -0.6084
vn -0.7602 -0.2019 0.6175
vn -0.7501 -0.4857 0.4488
vn 0.7938 -0.5885 0.1536
vn -0.7453 -0.6469 0.1612
vn 0.7920 -0.5847 -0.1759
vn -0.7472 -0.6430 -0.1682
vn -0.6999 0.7119 0.0573
vn -0.6822 0.6468 0.3410
vn 0.6445 0.7629 0.0506
vn 0.6346 0.6967 0.3345
vn -0.6879 0.4579 0.5632
vn 0.6567 0.5089 0.5566
vn 0.7844 -0.4166 -0.4595
vn 0.6529 0.2614 0.7109
vn 0.7728 -0.1286 -0.6214
vn -0.7551 -0.4750 -0.4520
vn 0.7602 0.2019 -0.6175
vn -0.7671 -0.1871 -0.6136
vn -0.7795 0.1435 -0.6098
vn -0.6638 0.2115 0.7174
vn -0.6241 -0.2300 0.7467
vn -0.7891 0.4273 -0.4412
vn 0.7502 0.4857 -0.4487
vn 0.7454 0.6469 -0.1612
vn -0.7937 0.5885 -0.1536
vn -0.8131 0.1477 -0.5630
vn 0.8114 -0.2443 -0.5310
vn -0.7416 -0.6065 -0.2867
vn 0.7941 0.2086 -0.5709
vn -0.7856 -0.1919 0.5882
vn -0.8249 0.4961 -0.2708
vn 0.6470 -0.1818 0.7405
vn 0.7826 -0.5486 -0.2940
vn -0.6605 -0.7138 -0.2329
vn 0.7471 0.6430 0.1682
vn 0.7103 -0.6618 -0.2398
vn 0.6838 -0.5768 -0.4469
vn -0.6425 -0.6271 -0.4403
vn -0.7920 0.5847 0.1759
vn -0.6416 -0.3439 0.6856
vn -0.7988 -0.2982 -0.5226
vn -0.7847 0.5755 -0.2302
vn -0.7757 0.0840 -0.6255
vn -0.7898 0.3818 -0.4801
vn 0.7357 0.6332 -0.2403
vn 0.7540 0.4404 -0.4875
vn 0.7608 0.1427 -0.6331
vn 0.8138 -0.2371 -0.5306
vn -0.8002 0.1366 -0.5840
vn -0.8338 0.4728 -0.2851
vn -0.6002 -0.7091 0.3701
vn 0.7818 0.1965 -0.5918
vn 0.6726 -0.2940 0.6791
vn 0.6559 -0.6614 0.3638
vn 0.7927 0.5345 -0.2931
vn 0.7831 0.5974 0.1727
vn -0.8244 0.5364 0.1807
vn -0.8098 0.2503 0.5306
vn 0.7938 0.3110 0.5227
vn 0.6583 -0.7171 -0.2289
vn -0.6043 -0.7650 -0.2227
vn 0.8565 -0.4607 -0.2328
vn -0.6178 -0.3895 -0.6831
vn -0.6458 0.1890 -0.7398
vn 0.6222 0.2371 -0.7461
vn 0.7879 0.1965 -0.5837
vn 0.6388 -0.3419 -0.6893
vn 0.7881 -0.0940 0.6083
vn 0.8492 -0.4355 0.2985
vn -0.7727 -0.1531 0.6161
vn -0.8098 0.2502 0.5306
vn 0.7832 0.5974 0.1727
vn 0.6558 -0.6614 0.3638
vn -0.8244 0.5365 0.1806
vn -0.6416 -0.3439 0.6857
vn -0.8003 0.1365 -0.5839
vn -0.7987 -0.2984 -0.5226
vn 0.7817 0.1966 -0.5919
vn 0.8233 -0.5367 -0.1846
vn 0.8139 -0.2370 -0.5305
vn -0.6706 -0.0664 0.7389
vn 0.6810 -0.0152 0.7322
vn -0.5941 -0.1335 0.7933
vn -0.7549 -0.0905 -0.6496
vn -0.7840 0.5756 -0.2326
vn -0.7899 0.3818 -0.4800
vn -0.7756 0.0843 -0.6255
vn 0.7365 0.6333 -0.2377
vn 0.7539 0.4404 -0.4875
vn 0.7608 0.1423 -0.6331
vn 0.7699 -0.2020 -0.6053
vn 0.7219 0.3015 0.6228
vn 0.6939 0.7158 -0.0785
vn -0.7364 0.6705 -0.0898
vn -0.8243 0.5362 0.1817
vn 0.7831 0.5970 0.1744
vn -0.8109 -0.4984 0.3068
vn -0.7865 -0.1938 0.5864
vn -0.8062 0.1360 -0.5758
vn 0.8053 -0.1352 0.5772
vn 0.6462 -0.3012 -0.7012
vn 0.7884 0.5443 -0.2865
vn 0.8295 -0.4832 0.2800
vn 0.8290 0.5076 0.2348
vn -0.6946 -0.4496 0.5616
vn 0.7575 0.2322 0.6102
vn -0.7668 0.1743 0.6178
vn -0.8628 0.4432 0.2433
vn 0.7887 0.1982 -0.5820
vn -0.8072 0.1376 -0.5740
vn -0.7877 -0.5446 0.2880
vn -0.8215 -0.5241 -0.2246
vn -0.7578 -0.2623 -0.5974
vn 0.8566 -0.4605 -0.2328
vn 0.8113 -0.2442 -0.5311
vn -0.7958 -0.3051 -0.5230
vn -0.7830 -0.5971 -0.1745
vn 0.8243 -0.5360 -0.1823
vn -0.7378 -0.6424 0.2071
vn -0.5966 -0.2702 -0.7557
vn 0.7199 0.1874 -0.6683
vn 0.5941 0.1334 -0.7932
vn -0.7220 -0.3014 -0.6229
vn -0.6284 -0.3496 -0.6950
vn -0.7554 -0.1215 0.6439
vn 0.7688 -0.0636 0.6364
vn 0.8025 -0.3671 0.4703
vn -0.7850 -0.2876 -0.5486
vn -0.7199 -0.1875 0.6683
vn -0.9149 0.2925 0.2783
vn -0.6463 0.1857 -0.7402
vn -0.9159 0.2393 -0.3224
vn -0.7552 -0.1217 0.6441
vn -0.8929 -0.3609 -0.2694
vn 0.8178 -0.3799 0.4324
vn 0.7959 0.3051 0.5230
vn -0.8114 0.2442 0.5311
vn 0.7830 0.5971 0.1744
vn -0.8249 0.4962 -0.2708
vn 0.6796 0.7307 -0.0656
vn 0.5966 0.2702 0.7557
vn 0.8037 -0.1316 0.5804
vn -0.6240 -0.2300 0.7468
vn -0.7958 -0.3051 -0.5231
vn 0.8115 -0.2443 -0.5309
vn 0.7940 0.2085 -0.5710
vn 0.6471 -0.1818 0.7404
vn -0.6638 0.2114 0.7174
vn 0.6530 0.2614 0.7108
vn 0.7603 0.2018 -0.6175
vn 0.7501 0.4857 -0.4487
vn -0.7892 0.4273 -0.4411
vn -0.7937 0.5886 -0.1536
vn 0.7453 0.6470 -0.1613
vn -0.7921 0.5846 0.1757
vn 0.7472 0.6430 0.1682
vn 0.7825 -0.5488 -0.2942
vn -0.6425 -0.6271 -0.4404
vn -0.6604 -0.7139 -0.2330
vn -0.7417 -0.6064 -0.2867
vn 0.7103 -0.6618 -0.2397
vn 0.6891 -0.3832 -0.6150
vn 0.7550 0.4751 0.4520
vn -0.7371 -0.4180 -0.5310
vn 0.7612 -0.3614 -0.5386
vn 0.8765 -0.4736 -0.0870
vn -0.7728 0.1286 0.6215
vn -0.7603 -0.2018 0.6174
vn 0.7794 -0.1435 0.6099
vn -0.7502 -0.4857 0.4487
vn 0.7891 -0.4274 0.4412
vn 0.7937 -0.5886 0.1536
vn -0.7454 -0.6469 0.1612
vn 0.6459 0.7420 -0.1795
vn 0.6447 0.7628 0.0506
vn -0.7018 0.6911 -0.1729
vn -0.7000 0.7118 0.0573
vn 0.6346 0.6967 0.3344
vn -0.7470 -0.6431 -0.1682
vn 0.7919 -0.5848 -0.1758
vn -0.7552 -0.4749 -0.4518
vn -0.7671 -0.1870 -0.6137
vn -0.6877 0.4579 0.5633
vn 0.7843 -0.4166 -0.4597
vn 0.7727 -0.1286 -0.6216
vn -0.7794 0.1435 -0.6099
vn 0.6568 0.5089 0.5565
vn -0.8388 -0.5388 -0.0785
vn 0.9149 -0.2924 -0.2783
vn 0.6795 0.7307 -0.0656
vn 0.8929 0.3606 0.2695
vn 0.9159 -0.2393 0.3224
vn -0.6915 0.6971 0.1894
vn 0.6387 0.7474 0.1828
vn 0.6361 0.7636 -0.1106
vn 0.6936 -0.7130 0.1021
vn 0.7384 0.6564 0.1546
vn -0.6932 0.7132 -0.1040
vn -0.6919 0.6151 -0.3781
vn -0.7813 0.6069 0.1461
vn -0.6894 -0.6958 0.2014
vn -0.6366 -0.7635 0.1087
vn 0.6397 0.6655 -0.3846
vn 0.6458 0.4744 -0.5982
vn -0.6858 0.4239 -0.5916
vn -0.6379 -0.3459 -0.6881
vn -0.6382 -0.7474 -0.1847
vn -0.6545 0.0943 -0.7502
vn 0.6554 -0.2969 -0.6945
vn 0.6861 -0.5693 -0.4529
vn -0.6455 -0.6198 -0.4463
vn 0.6913 -0.6968 -0.1912
vn 0.6381 0.1433 -0.7565
vn 0.7448 -0.6346 0.2066
vn 0.7695 -0.6373 0.0400
vn -0.7369 -0.6753 0.0310
vn 0.6725 -0.7323 0.1069
vn 0.7776 0.0169 -0.6286
vn 0.7862 -0.5328 -0.3131
vn 0.7798 -0.3048 -0.5468
vn -0.7537 -0.5625 -0.3400
vn -0.7551 -0.3229 -0.5706
vn -0.5215 -0.4215 -0.7419
vn -0.7601 -0.0073 -0.6498
vn -0.5243 -0.7316 -0.4358
vn -0.5277 -0.0023 -0.8494
vn 0.7643 -0.5579 -0.3235
vn 0.7696 -0.3096 -0.5584
vn -0.7683 0.3059 -0.5622
vn -0.5385 0.4150 -0.7334
vn 0.7680 0.0204 -0.6401
vn 0.7574 0.3501 -0.5512
vn 0.7533 0.5846 -0.3013
vn -0.5500 0.7184 -0.4259
vn -0.7782 0.5326 -0.3328
vn -0.5668 0.8239 -0.0034
vn 0.7336 0.6793 0.0200
vn 0.7299 0.5906 0.3441
vn 0.7386 0.3413 0.5814
vn -0.5688 0.7071 0.4201
vn -0.7850 0.6194 -0.0118
vn -0.7878 0.5275 0.3179
vn -0.5591 0.4008 0.7258
vn 0.7343 0.0113 0.6787
vn -0.5585 -0.0209 0.8292
vn -0.7860 0.2934 0.5442
vn 0.7488 0.3401 0.5688
vn -0.7776 -0.0245 0.6282
vn 0.7650 0.0181 0.6437
vn 0.7751 -0.3004 0.5559
vn -0.7699 -0.3442 0.5374
vn -0.7622 -0.5686 0.3096
vn -0.5303 -0.7425 0.4093
vn -0.5407 -0.4409 0.7164
vn 0.7542 -0.3152 0.5760
vn 0.7618 -0.5571 0.3307
vn 0.7594 -0.6506 0.0003
vn -0.5290 -0.8485 -0.0127
vn -0.7557 -0.6548 -0.0108
vn 0.7836 -0.5356 0.3147
vn 0.7901 -0.6130 -0.0006
vn 0.6693 -0.5440 0.5061
vn -0.6222 -0.7750 0.1110
vn -0.6279 -0.5889 0.5088
vn 0.6548 -0.1670 0.7371
vn -0.6395 -0.2150 0.7381
vn 0.6356 0.2774 0.7205
vn -0.6562 0.2276 0.7195
vn 0.6181 0.6377 0.4598
vn -0.6719 0.5816 0.4586
vn 0.6295 0.7643 0.1399
vn 0.7436 0.5787 0.3349
vn 0.7410 0.6713 0.0185
vn -0.7046 0.6975 0.1304
vn 0.7643 0.3575 -0.5366
vn 0.7363 0.5977 -0.3172
vn -0.7974 0.5800 0.1667
vn -0.7862 0.4182 -0.4550
vn -0.7983 0.5794 -0.1643
vn -0.0306 0.7131 -0.7004
vn -0.0380 0.9683 -0.2468
vn 0.7503 0.6382 -0.1723
vn -0.0350 0.9622 0.2701
vn 0.7529 0.6386 0.1590
vn 0.7477 0.4764 -0.4625
vn 0.6505 0.7493 0.1239
vn 0.6305 0.6309 0.4521
vn -0.6841 0.7145 0.1464
vn 0.7344 0.6644 0.1386
vn 0.7537 0.1991 -0.6263
vn 0.7690 -0.1200 -0.6279
vn 0.7862 -0.6176 0.0235
vn 0.6386 0.7475 0.1828
vn 0.6936 -0.7131 0.1021
vn -0.7844 0.5986 0.1621
vn 0.7421 -0.6415 0.1943
vn -0.6916 0.6970 0.1894
vn -0.7186 -0.6938 0.0474
vn -0.7828 -0.0424 -0.6209
vn -0.6925 -0.6891 0.2137
vn -0.7945 0.2984 -0.5290
vn -0.7825 0.5402 -0.3096
vn 0.7323 0.5897 -0.3405
vn 0.7520 0.0501 -0.6572
vn 0.7374 0.3629 -0.5697
vn 0.4983 0.4541 -0.7385
vn 0.4897 0.7579 -0.4311
vn -0.7986 0.5255 -0.2934
vn -0.7826 0.6219 0.0276
vn 0.5027 0.8644 -0.0085
vn -0.7690 0.5340 0.3515
vn 0.5178 0.7482 0.4148
vn -0.7564 0.2846 0.5889
vn -0.7871 0.2915 -0.5436
vn 0.7670 0.3521 0.5365
vn 0.7487 0.5858 0.3104
vn 0.5345 0.4422 0.7203
vn 0.7356 0.6771 -0.0193
vn -0.7819 0.5209 0.3425
vn -0.7668 0.2826 0.5763
vn -0.7894 0.6133 0.0262
vn -0.6600 0.5892 0.4661
vn -0.6477 0.2287 0.7268
vn 0.6441 0.2769 0.7130
vn 0.6613 -0.1656 0.7316
vn 0.7739 0.1868 0.6052
vn 0.7613 0.4727 0.4438
vn 0.7878 -0.1407 0.5997
vn 0.0149 -0.2675 0.9634
vn -0.0048 0.2506 0.9681
vn -0.7798 0.1277 0.6129
vn 0.7961 -0.4201 0.4356
vn 0.0304 -0.7127 0.7009
vn -0.7578 -0.4789 0.4433
vn -0.7687 -0.2000 0.6075
vn -0.7508 -0.6414 0.1577
vn -0.7526 -0.6358 -0.1715
vn 0.0379 -0.9667 0.2529
vn 0.0352 -0.9636 -0.2649
vn -0.7586 -0.4669 -0.4544
vn 0.0229 -0.7004 -0.7134
vn 0.0047 -0.2495 -0.9684
vn 0.7871 -0.4083 -0.4623
vn 0.7968 -0.5771 -0.1792
vn -0.7639 -0.1782 -0.6203
vn 0.7989 -0.5825 0.1500
vn 0.6801 -0.7256 0.1046
vn 0.6758 -0.5395 0.5023
vn -0.6212 -0.5929 0.5124
vn -0.6330 -0.2159 0.7435
vn -0.7446 -0.3579 0.5635
vn -0.7579 -0.0397 0.6512
vn 0.7834 0.0347 0.6206
vn 0.5666 0.0217 0.8237
vn 0.5797 -0.3984 0.7108
vn 0.7991 -0.2846 0.5295
vn 0.8060 -0.5091 0.3020
vn 0.5891 -0.6999 0.4038
vn -0.7142 -0.6129 0.3380
vn -0.7076 -0.7065 0.0076
vn 0.5916 -0.8060 -0.0182
vn 0.8031 -0.5956 -0.0185
vn -0.7376 -0.5933 0.3224
vn -0.7413 -0.6712 0.0070
vn -0.7467 -0.5907 -0.3057
vn 0.7907 -0.5039 -0.3476
vn -0.6140 -0.7811 0.1134
vn -0.7600 -0.3632 -0.5390
vn 0.7717 -0.2649 -0.5782
vn 0.5739 -0.6899 -0.4413
vn 0.5447 -0.3810 -0.7470
vn -0.7229 -0.6143 -0.3162
vn 0.5179 0.0374 -0.8546
vn -0.7496 -0.3670 -0.5509
vn -0.7738 -0.0382 -0.6323
vn -0.7222 -0.3713 0.5835
vn -0.7263 -0.0442 0.6860
vn -0.0149 0.2667 -0.9637
vn -0.7728 0.1410 -0.6187
vn -0.7905 0.4141 0.4513
vn -0.0230 0.7003 0.7135
vn -0.6919 0.6150 -0.3781
vn 0.6911 -0.6970 -0.1913
vn -0.6380 -0.3459 -0.6880
vn -0.6642 0.5032 0.5528
vn -0.0226 0.6917 0.7219
vn -0.0350 0.9597 0.2789
vn -0.0047 0.2508 0.9680
vn 0.6296 0.5523 0.5464
vn 0.6251 0.7526 0.2071
vn -0.0380 0.9714 -0.2345
vn -0.6783 0.7031 0.2135
vn -0.6844 0.7074 -0.1766
vn -0.0308 0.7217 -0.6915
vn 0.6271 0.7571 -0.1832
vn -0.6834 0.5142 -0.5182
vn -0.6230 -0.5629 0.5432
vn -0.6465 0.1640 0.7451
vn -0.6739 0.1764 -0.7175
vn -0.6587 -0.2155 -0.7209
vn -0.6417 -0.5564 -0.5278
vn -0.6279 -0.7547 -0.1902
vn -0.6218 -0.7572 0.2003
vn 0.0379 -0.9635 0.2650
vn 0.0301 -0.7011 0.7124
vn -0.6312 -0.2273 0.7415
vn 0.0354 -0.9661 -0.2558
vn 0.6793 -0.7078 0.1938
vn 0.6691 -0.5139 0.5368
vn 0.6813 -0.7051 -0.1967
vn 0.6659 -0.1652 -0.7275
vn 0.6374 0.5643 -0.5247
vn 0.6540 -0.1786 0.7352
vn 0.6398 0.2129 0.7384
vn 0.0233 -0.7067 -0.7071
vn 0.6515 0.2268 -0.7240
vn 0.6766 -0.5065 -0.5345
vn -0.0149 0.2668 -0.9636
vn -0.7743 0.6190 0.1317
vn 0.5120 0.8113 -0.2821
vn -0.7764 0.5890 -0.2243
vn -0.8004 0.4630 -0.3808
vn 0.5215 0.6005 -0.6061
vn 0.5071 0.8483 0.1525
vn 0.5335 0.6962 0.4803
vn -0.8101 0.5217 0.2677
vn -0.7526 -0.6174 0.2290
vn -0.8620 -0.4286 0.2707
vn 0.1493 0.4113 0.8992
vn -0.9458 -0.1242 0.3000
vn -0.9367 0.2193 0.2728
vn 0.3661 0.2808 0.8872
vn 0.2633 0.5404 0.7992
vn 0.2887 -0.3766 0.8802
vn 0.3750 -0.0892 0.9227
vn 0.6290 -0.5570 0.5423
vn -0.9783 0.1705 0.1178
vn 0.5514 -0.6761 -0.4887
vn 0.5587 -0.8285 0.0371
vn 0.5625 -0.7163 0.4130
vn 0.2004 -0.0777 0.9766
vn 0.2708 -0.4594 0.8460
vn -0.7240 -0.6892 0.0291
vn -0.7596 -0.5839 -0.2865
vn 0.1822 -0.3452 -0.9207
vn -0.9292 -0.2464 -0.2754
vn 0.1735 0.1614 -0.9715
vn -0.9658 -0.2558 -0.0422
vn 0.3880 -0.2549 -0.8857
vn -0.9392 0.1446 -0.3115
vn 0.3003 -0.5337 -0.7906
vn 0.2572 0.3738 -0.8911
vn 0.3644 0.1110 -0.9246
vn 0.0292 0.4295 -0.9026
vn -0.9159 0.4000 0.0324
vn 0.0715 -0.6040 -0.7937
vn -0.4745 0.6556 0.5873
vn -0.0283 0.6478 -0.7613
vn 0.0267 -0.7843 -0.6198
vn -0.0333 -0.6081 -0.7932
vn -0.0705 0.4258 -0.9021
vn 0.4293 0.6899 0.5829
vn -0.0256 0.7608 0.6484
vn -0.4028 -0.5787 0.7092
vn 0.4524 -0.5462 0.7050
vn 0.0273 -0.6192 0.7848
vn 0.8990 -0.4154 0.1387
vn 0.8832 0.4683 0.0236
vn 0.9797 -0.1885 -0.0678
vn -0.2669 -0.5552 -0.7877
vn -0.2935 0.3530 -0.8884
vn -0.3762 -0.2839 -0.8820
vn -0.3807 0.0827 -0.9210
vn -0.2068 0.1658 -0.9642
vn 0.9224 0.2152 -0.3207
vn 0.9424 -0.1755 -0.2846
vn -0.1859 0.1993 -0.9621
vn 0.7593 0.5221 -0.3884
vn -0.5715 0.5590 -0.6007
vn 0.7988 -0.5248 -0.2942
vn 0.7745 -0.6323 0.0218
vn -0.5749 0.7700 -0.2767
vn 0.7274 0.6460 -0.2317
vn -0.5034 -0.7161 -0.4835
vn -0.4937 -0.8686 0.0423
vn 0.7994 -0.5585 0.2213
vn -0.5796 -0.6029 0.5482
vn -0.5024 -0.7568 0.4181
vn -0.5798 0.6540 0.4860
vn -0.3777 0.2526 0.8908
vn -0.3580 -0.1170 0.9264
vn -0.1843 -0.0923 0.9785
vn -0.2267 -0.4784 0.8484
vn 0.8947 -0.3619 0.2619
vn 0.9554 -0.0521 0.2906
vn -0.0524 -0.0620 0.9967
vn 0.7710 0.5815 0.2597
vn 0.9724 0.2285 0.0465
vn 0.9201 0.2897 0.2636
vn -0.2955 0.5192 0.8020
vn 0.8742 0.4686 -0.1269
vn 0.9085 -0.4130 -0.0642
vn -0.0754 0.5967 0.7989
vn 0.4709 -0.6370 -0.6102
vn 0.4302 0.5691 -0.7008
vn -0.0283 -0.4628 0.8860
vn 0.0288 -0.6616 0.7493
vn -0.0260 0.7701 0.6374
vn -0.4274 -0.6711 -0.6058
vn 0.0720 -0.4590 0.8855
vn 0.0379 0.6009 0.7984
vn 0.0251 -0.7490 -0.6621
vn -0.8751 -0.4807 -0.0552
vn -0.9084 0.4011 -0.1180
vn -0.4789 0.5348 -0.6962
vn -0.0280 0.6367 -0.7706
vn 0.1123 -0.1238 0.9859
vn -0.2505 -0.3972 0.8829
vn -0.1712 0.3992 0.9008
vn -0.5680 0.8077 0.1579
vn 0.7265 0.6758 0.1242
vn -0.1647 -0.3583 -0.9189
vn -0.8636 -0.4822 0.1474
vn 0.1609 0.2124 -0.9638
vn -0.7847 0.5248 -0.3300
vn -0.0235 0.5074 -0.8614
vn -0.0354 0.8697 -0.4924
vn -0.7891 0.6141 -0.0139
vn -0.5668 0.8239 -0.0035
vn -0.5501 0.7183 -0.4259
vn -0.5383 0.4150 -0.7335
vn -0.7754 0.3017 -0.5547
vn -0.5277 -0.0022 -0.8494
vn -0.7659 -0.0060 -0.6429
vn -0.5217 -0.4216 -0.7417
vn 0.7697 -0.3095 -0.5584
vn 0.7680 0.0203 -0.6401
vn 0.7575 0.3499 -0.5511
vn 0.7532 0.5847 -0.3013
vn 0.7299 0.5907 0.3441
vn -0.7886 0.5279 0.3154
vn 0.7343 0.0112 0.6788
vn -0.5585 -0.0210 0.8293
vn -0.7834 0.2971 0.5460
vn -0.0301 0.8609 0.5079
vn -0.0143 0.4916 0.8707
vn -0.7720 -0.0231 0.6352
vn 0.0053 -0.0091 0.9999
vn -0.7627 -0.3482 0.5450
vn 0.0235 -0.5073 0.8615
vn -0.7554 -0.5758 0.3128
vn -0.5301 -0.7426 0.4094
vn -0.5408 -0.4411 0.7163
vn 0.7541 -0.3154 0.5761
vn 0.7620 -0.5569 0.3306
vn 0.7643 -0.5578 -0.3235
vn 0.7595 -0.6506 0.0003
vn -0.5241 -0.7316 -0.4360
vn -0.5288 -0.8486 -0.0127
vn -0.7511 -0.6600 -0.0129
vn -0.7528 -0.5621 -0.3426
vn 0.0301 -0.8608 -0.5081
vn -0.7580 -0.3194 -0.5687
vn 0.0143 -0.4916 -0.8707
vn 0.0378 -0.9992 -0.0091
vn 0.7989 -0.6011 -0.0205
vn 0.7898 -0.5036 -0.3502
vn 0.5914 -0.8061 -0.0183
vn 0.7744 -0.2611 -0.5764
vn 0.5738 -0.6899 -0.4413
vn -0.0053 0.0092 -0.9999
vn 0.7578 0.0518 -0.6504
vn 0.5448 -0.3811 -0.7470
vn 0.5178 0.0374 -0.8547
vn 0.7448 0.3591 -0.5624
vn 0.4983 0.4542 -0.7385
vn 0.7393 0.5828 -0.3374
vn 0.5027 0.8644 -0.0086
vn -0.7982 0.5260 -0.2936
vn -0.7870 0.2915 -0.5437
vn -0.7737 -0.0381 -0.6324
vn -0.7496 -0.3671 -0.5508
vn -0.7690 0.5339 0.3514
vn -0.7262 -0.0442 0.6860
vn -0.7222 -0.3714 0.5835
vn 0.5797 -0.3985 0.7107
vn 0.7778 0.0359 0.6275
vn 0.7923 -0.2891 0.5373
vn 0.5890 -0.7000 0.4038
vn -0.7142 -0.6129 0.3379
vn 0.7640 0.3557 0.5383
vn 0.7495 0.5861 0.3078
vn 0.5177 0.7483 0.4148
vn -0.0379 0.9992 0.0090
vn 0.7402 0.6720 -0.0214
vn -0.7077 -0.7064 0.0075
vn 0.7998 -0.5168 0.3052
vn 0.0354 -0.8699 0.4920
vn 0.0203 -0.4185 0.9080
vn 0.6508 -0.3006 0.6972
vn 0.6653 -0.0120 0.7465
vn 0.0064 -0.0394 0.9992
vn 0.5541 0.6389 0.5336
vn 0.6946 -0.1454 -0.7045
vn 0.5769 0.5357 -0.6166
vn 0.0033 -0.2172 -0.9761
vn 0.0176 -0.5717 -0.8203
vn 0.6706 -0.4246 -0.6083
vn 0.6594 -0.6062 0.4446
vn 0.6639 -0.6810 -0.3089
vn 0.0322 -0.9048 -0.4246
vn -0.6421 -0.4746 -0.6020
vn -0.6135 -0.7294 -0.3026
vn 0.0382 -0.9955 0.0865
vn -0.5974 -0.7977 0.0817
vn -0.6068 -0.6545 0.4510
vn 0.0338 -0.8175 0.5749
vn -0.6191 -0.3485 0.7037
vn 0.6569 -0.7502 0.0755
vn -0.6885 -0.1977 -0.6977
vn -0.6551 -0.0621 0.7529
vn -0.5956 0.5953 0.5393
vn -0.6219 0.4902 -0.6107
vn -0.0281 0.6406 -0.7674
vn -0.0263 0.7751 0.6313
vn 0.5607 -0.5829 0.5881
vn 0.2219 -0.5785 0.7849
vn 0.4807 -0.7100 0.5146
vn 0.2063 0.5793 0.7886
vn 0.0281 -0.6417 0.7665
vn 0.1954 -0.7062 0.6805
vn 0.1632 0.7517 0.6390
vn 0.0282 -0.6416 0.7665
vn -0.0226 0.6928 0.7207
vn 0.1890 0.6577 0.7291
vn -0.0228 0.6928 0.7207
vn 0.4888 0.7476 0.4497
vn 0.5525 0.6531 0.5179
vn 0.2218 -0.5786 0.7849
vn 0.5608 -0.5828 0.5881
vn 0.0281 -0.6416 0.7665
vn -0.7056 -0.6607 0.2562
vn -0.7062 -0.6952 -0.1342
vn -0.5092 -0.6236 0.5932
vn 0.0259 -0.7660 -0.6423
vn -0.1696 -0.5934 0.7869
vn 0.7554 -0.6398 -0.1414
vn 0.7561 -0.6053 0.2490
vn 0.5507 0.5520 -0.6262
vn 0.7613 0.5920 -0.2645
vn 0.5591 -0.6770 -0.4786
vn 0.2198 -0.7067 -0.6725
vn 0.1865 0.5198 -0.8337
vn 0.1609 0.6282 -0.7612
vn -0.0252 0.5559 -0.8309
vn 0.4872 0.6570 -0.5753
vn 0.1935 -0.8146 -0.5469
vn -0.0252 0.5558 -0.8309
vn 0.2196 -0.7071 -0.6722
vn 0.4792 -0.7893 -0.3838
vn 0.0259 -0.7661 -0.6422
vn 0.7555 -0.6397 -0.1415
vn 0.8167 0.5092 -0.2714
vn 0.5921 0.4665 -0.6571
vn 0.2036 0.4321 -0.8785
vn 0.7636 0.5889 -0.2649
vn 0.5524 0.5488 -0.6275
vn 0.1872 0.5164 -0.8356
vn -0.0216 0.4534 -0.8911
vn -0.2444 0.4151 -0.8763
vn -0.2341 0.5004 -0.8335
vn -0.0217 0.4534 -0.8911
vn -0.2091 -0.5652 -0.7980
vn 0.0156 -0.5208 -0.8535
vn 0.2435 -0.5480 -0.8003
vn -0.5986 0.5050 -0.6218
vn -0.6005 -0.5602 -0.5706
vn -0.2195 -0.5079 -0.8330
vn 0.0156 -0.5209 -0.8535
vn 0.1767 0.5640 -0.8067
vn 0.2491 -0.4901 -0.8353
vn -0.0270 0.6076 -0.7938
vn -0.2269 0.5487 -0.8046
vn 0.1454 0.6833 -0.7155
vn -0.0269 0.6075 -0.7939
vn -0.2038 0.6700 -0.7138
vn 0.1932 -0.8146 -0.5468
vn -0.1364 -0.8271 -0.5452
vn 0.0259 -0.7661 -0.6423
vn 0.4485 0.7101 -0.5428
vn 0.3135 -0.9286 -0.1987
vn 0.4794 -0.7892 -0.3838
vn 0.0351 -0.9620 -0.2706
vn 0.1365 -0.9442 -0.2996
vn -0.0677 -0.9520 -0.2986
vn 0.0142 -0.4892 -0.8721
vn -0.2443 -0.9497 -0.1960
vn -0.2240 -0.4798 -0.8483
vn -0.6353 -0.4744 -0.6094
vn -0.6562 0.3446 -0.6713
vn -0.2516 0.3394 -0.9064
vn -0.1276 0.8979 -0.4213
vn -0.0186 0.3669 -0.9301
vn -0.2855 0.8999 -0.3295
vn -0.4807 0.7100 -0.5146
vn -0.0369 0.9167 -0.3979
vn -0.1952 0.7063 -0.6805
vn -0.3765 0.9104 -0.1714
vn -0.6451 0.7289 -0.2291
vn -0.5607 0.5829 -0.5880
vn -0.2221 0.5782 -0.7851
vn -0.3763 0.9264 0.0106
vn -0.8888 0.4125 0.2000
vn -0.8894 0.3714 -0.2663
vn -0.8715 -0.4053 0.2760
vn -0.8723 -0.4471 -0.1979
vn -0.3459 -0.9200 0.1844
vn -0.3461 -0.9380 -0.0193
vn -0.5859 -0.7755 0.2351
vn -0.4219 -0.8235 -0.3792
vn -0.5862 -0.8047 -0.0938
vn -0.5062 0.6739 -0.5382
vn -0.6805 0.6939 -0.2355
vn -0.6800 0.7245 0.1126
vn -0.7773 0.5763 -0.2523
vn -0.7766 0.6119 0.1499
vn -0.5743 0.6502 0.4974
vn -0.5048 0.7579 0.4133
vn -0.6227 -0.3900 0.6783
vn -0.2167 -0.3540 0.9098
vn -0.2245 0.6813 0.6968
vn 0.0184 -0.3633 0.9315
vn -0.2017 0.7848 0.5860
vn -0.0247 0.7374 0.6751
vn 0.2461 -0.3993 0.8832
vn 0.2518 -0.3362 0.9075
vn -0.2064 -0.4165 0.8854
vn 0.1791 0.6966 0.6948
vn 0.6571 -0.3415 0.6720
vn 0.5283 0.6921 0.4919
vn 0.7295 0.6689 0.1425
vn 0.8907 -0.3684 0.2664
vn 0.8632 -0.4304 0.2639
vn 0.6376 -0.4046 0.6556
vn 0.7641 0.6262 0.1551
vn 0.8625 -0.4702 -0.1871
vn 0.8174 0.5487 0.1753
vn 0.5542 0.6501 0.5198
vn 0.5940 0.5743 0.5633
vn 0.1898 0.6548 0.7316
vn -0.0189 0.6026 0.7978
vn -0.0189 0.6027 0.7977
vn -0.2315 0.6389 0.7336
vn -0.5987 -0.4514 0.6617
vn -0.5967 0.6065 0.5255
vn -0.2418 0.5623 0.7908
vn -0.1697 -0.5933 0.7869
vn -0.5092 -0.6234 0.5933
vn -0.6302 0.5279 0.5694
vn -0.8550 0.4851 0.1836
vn -0.8080 0.5663 0.1629
vn -0.8556 0.4457 -0.2631
vn -0.8086 0.5292 -0.2571
vn -0.5863 -0.8046 -0.0937
vn -0.5109 -0.7176 -0.4733
vn -0.4219 -0.8235 -0.3794
vn -0.5859 -0.7755 0.2352
vn -0.7282 0.6727 0.1309
vn -0.7289 0.6395 -0.2444
vn -0.5412 0.6180 -0.5702
vn -0.8066 0.5325 -0.2568
vn -0.8059 0.5695 0.1620
vn -0.5971 0.5084 -0.6205
vn -0.2336 0.5038 -0.8316
vn -0.2156 0.6138 -0.7595
vn -0.1367 -0.8271 -0.5451
vn -0.1721 -0.7219 -0.6703
vn -0.6322 0.4200 -0.6511
vn -0.1722 -0.7218 -0.6704
vn -0.5953 0.6094 0.5237
vn -0.5395 0.7085 0.4549
vn -0.2310 0.6417 0.7313
vn -0.2132 0.7376 0.6407
vn -0.4206 -0.7441 0.5190
vn -0.1345 -0.7189 0.6820
vn -0.8262 -0.5342 -0.1788
vn -0.8576 -0.4346 0.2751
vn -0.8255 -0.4945 0.2723
vn -0.8584 -0.4757 -0.1920
vn -0.6247 -0.5027 -0.5975
vn -0.5761 0.5532 -0.6018
vn 0.6448 -0.7578 -0.0999
vn 0.6451 -0.7289 0.2291
vn 0.6764 0.7261 0.1239
vn 0.6758 0.6929 -0.2513
vn 0.7619 0.6290 0.1543
vn 0.8900 -0.4095 -0.2006
vn 0.6551 -0.4541 -0.6038
vn 0.6356 -0.5132 -0.5767
vn 0.5265 0.5951 -0.6072
vn 0.6236 0.7433 -0.2421
vn 0.7289 0.6334 -0.2598
vn 0.6242 0.7741 0.1061
vn 0.6446 -0.7580 -0.0997
vn 0.4160 -0.9091 -0.0230
vn 0.6453 -0.7288 0.2291
vn 0.4163 -0.8911 0.1806
vn 0.9017 -0.3799 -0.2067
vn 0.6633 -0.4253 -0.6158
vn 0.3144 -0.8794 0.3575
vn 0.9024 -0.3381 0.2671
vn 0.1379 -0.8771 0.4601
vn 0.1474 0.7981 0.5842
vn 0.4499 0.7941 0.4086
vn -0.0246 0.7375 0.6749
vn 0.0281 -0.6419 0.7663
vn -0.1345 -0.7187 0.6822
vn 0.0364 -0.8997 0.4350
vn 0.0172 -0.3288 0.9443
vn -0.0666 -0.8848 0.4611
vn -0.2212 -0.3235 0.9200
vn -0.2435 -0.9005 0.3602
vn -0.4203 -0.7442 0.5191
vn -0.6332 -0.3601 0.6851
vn -0.2488 0.4931 0.8336
vn -0.6542 0.4570 0.6026
vn -0.1265 0.9579 0.2579
vn -0.2847 0.9438 0.1677
vn -0.0157 0.5242 0.8514
vn -0.0358 0.9722 0.2313
vn -0.1934 0.8145 0.5469
vn -0.0258 0.7661 0.6422
vn -0.2197 0.7071 0.6721
vn -0.0258 0.7660 0.6423
vn -0.5592 0.6769 0.4786
vn -0.4793 0.7893 0.3838
vn -0.7555 0.6397 0.1416
vn -0.6448 0.7578 0.0997
vn -0.7560 0.6054 -0.2488
vn -0.0282 0.6415 -0.7666
vn 0.7062 0.6952 0.1343
vn 0.7056 0.6607 -0.2561
vn -0.0280 0.6417 -0.7664
vn 0.5092 0.6233 -0.5934
vn 0.1698 0.5932 -0.7870
vn 0.1345 0.7187 -0.6821
vn 0.2133 0.9189 -0.3320
vn 0.4205 0.7441 -0.5192
vn 0.0550 0.9048 -0.4223
vn 0.3048 0.9362 -0.1749
vn 0.5858 0.7756 -0.2351
vn 0.5863 0.8046 0.0937
vn 0.3050 0.9523 0.0071
vn 0.4220 0.8234 0.3792
vn 0.0561 0.9648 0.2569
vn 0.1364 0.8272 0.5451
vn 0.2140 0.9628 0.1650
vn 0.5109 0.7176 0.4733
vn 0.1720 0.7217 0.6705
vn 0.6236 0.5056 0.5962
vn 0.8568 0.4788 0.1913
vn 0.6654 -0.3108 0.6787
vn 0.8561 0.4375 -0.2750
vn 0.2541 -0.3056 0.9176
vn 0.2189 0.5108 0.8314
vn 0.6216 0.3930 -0.6775
vn 0.2163 0.3570 -0.9087
vn 0.2513 -0.4617 -0.8507
vn 0.0281 -0.6417 0.7664
vn 0.2219 -0.5784 0.7850
vn 0.1719 0.7222 0.6700
vn 0.5109 0.7177 0.4732
vn 0.5608 -0.5829 0.5880
vn 0.7062 0.6951 0.1343
vn 0.7561 -0.6053 0.2489
vn 0.7056 0.6607 -0.2562
vn 0.7554 -0.6398 -0.1415
vn -0.0281 0.6416 -0.7665
vn 0.5590 -0.6771 -0.4786
vn 0.2197 -0.7072 -0.6721
vn -0.7056 -0.6607 0.2561
vn -0.7561 0.6053 -0.2490
vn -0.5607 0.5829 -0.5881
vn -0.7554 0.6398 0.1415
vn -0.0259 0.7661 0.6422
vn -0.5591 0.6770 0.4786
vn -0.2195 0.7072 0.6720
vn -0.1696 -0.5934 0.7868
vn -0.5092 -0.6234 0.5934
vn -0.2219 0.5786 -0.7849
vn 0.1697 0.5936 -0.7867
vn 0.5092 0.6234 -0.5934
vn 0.8539 -0.3172 0.4127
vn 0.8448 -0.0621 0.5315
vn -0.4237 -0.1720 0.8893
vn -0.4415 0.2921 0.8484
vn 0.8341 0.2181 0.5067
vn 0.8245 0.4484 0.3452
vn -0.4573 0.6736 0.5807
vn 0.8188 0.5670 0.0899
vn 0.8589 -0.4787 0.1822
vn 0.8526 -0.3848 -0.3535
vn 0.8324 0.1257 -0.5398
vn 0.8233 0.3808 -0.4210
vn 0.8183 0.5423 -0.1905
vn -0.4668 0.8701 0.1579
vn -0.4676 0.8291 -0.3065
vn -0.7935 0.5694 -0.2147
vn -0.7929 0.5985 0.1141
vn -0.4593 0.5615 -0.6883
vn -0.7876 0.3800 -0.4850
vn -0.6630 0.4676 -0.5846
vn -0.6701 0.6955 -0.2595
vn -0.6503 0.1081 -0.7520
vn -0.7748 0.3906 -0.4971
vn -0.7639 0.0841 -0.6399
vn -0.7808 0.5847 -0.2201
vn 0.7624 0.1393 -0.6319
vn 0.7517 0.4384 -0.4927
vn -0.7802 0.6145 0.1169
vn 0.7460 0.6278 -0.2223
vn -0.7733 0.4719 0.4235
vn 0.7465 0.6568 0.1067
vn -0.6694 0.7304 0.1358
vn -0.7862 0.4593 0.4134
vn -0.6614 0.5630 0.4956
vn -0.7750 0.1893 0.6029
vn -0.7618 0.1953 0.6176
vn -0.6479 0.2384 0.7235
vn -0.7624 -0.1394 0.6319
vn -0.4087 -0.5944 0.6925
vn -0.7517 -0.4384 0.4927
vn -0.6327 -0.1567 0.7584
vn -0.7459 -0.6279 0.2223
vn -0.6199 -0.5163 0.5909
vn -0.7464 -0.6570 -0.1065
vn -0.6128 -0.7441 0.2659
vn -0.4004 -0.8620 0.3108
vn -0.4011 -0.9031 -0.1537
vn 0.8584 -0.5035 -0.0982
vn -0.4107 -0.7065 -0.5764
vn -0.7533 -0.5176 -0.4057
vn -0.4265 -0.3250 -0.8441
vn -0.7644 -0.2477 -0.5953
vn -0.6135 -0.7790 -0.1295
vn -0.6217 -0.6116 -0.4893
vn -0.7770 0.0810 -0.6242
vn -0.6350 -0.2871 -0.7172
vn -0.4443 0.1391 -0.8850
vn -0.7510 -0.2526 -0.6101
vn -0.7395 -0.5293 -0.4159
vn -0.7326 -0.6718 -0.1094
vn 0.7929 -0.5986 -0.1141
vn 0.7862 -0.4593 -0.4134
vn 0.7935 -0.5694 0.2147
vn 0.6252 0.7699 0.1278
vn 0.6331 0.6048 0.4832
vn 0.6464 0.2842 0.7081
vn 0.7751 -0.1893 -0.6028
vn 0.7466 0.6567 0.1064
vn 0.7532 0.5177 0.4058
vn 0.6615 -0.1059 0.7424
vn 0.7643 0.2477 0.5954
vn 0.6740 -0.4611 0.5771
vn 0.7773 -0.0809 0.6239
vn 0.6811 -0.6859 0.2562
vn 0.7874 -0.3802 0.4852
vn 0.6802 -0.7206 -0.1342
vn 0.7933 -0.5697 0.2149
vn 0.6723 -0.5552 -0.4895
vn 0.7929 -0.5986 -0.1142
vn 0.6590 -0.2345 -0.7146
vn 0.7862 -0.4594 -0.4134
vn 0.7532 0.5178 0.4058
vn 0.6441 0.1555 -0.7490
vn 0.7643 0.2479 0.5953
vn 0.7771 -0.0810 0.6241
vn 0.7876 -0.3801 0.4850
vn 0.6315 0.5106 -0.5835
vn 0.7625 0.1392 -0.6319
vn 0.6246 0.7355 -0.2626
vn 0.7516 0.4385 -0.4927
vn 0.7459 0.6278 -0.2223
vn 0.6742 -0.4609 0.5770
vn 0.6810 -0.6860 0.2562
vn 0.5145 -0.5407 0.6656
vn 0.6802 -0.7206 -0.1343
vn 0.5225 -0.7995 0.2963
vn 0.6725 -0.5552 -0.4895
vn 0.5217 -0.8392 -0.1532
vn 0.6592 -0.2345 -0.7145
vn 0.5127 -0.6489 -0.5622
vn 0.6439 0.1555 -0.7492
vn 0.4974 -0.2800 -0.8211
vn 0.6315 0.5106 -0.5836
vn 0.4801 0.1690 -0.8608
vn 0.4653 0.5779 -0.6704
vn 0.4574 0.8367 -0.3010
vn 0.6333 0.6047 0.4830
vn 0.4583 0.8764 0.1483
vn 0.6463 0.2841 0.7082
vn 0.4676 0.6862 0.5572
vn 0.4208 0.3257 0.8467
vn 0.4827 0.3171 0.8163
vn 0.4049 0.7084 0.5782
vn 0.3953 0.9055 0.1542
vn -0.0084 0.3426 0.9394
vn -0.0259 0.7660 0.6423
vn -0.4612 0.8730 0.1585
vn -0.4517 0.6759 0.5824
vn -0.0365 0.9842 0.1730
vn -0.4620 0.8319 -0.3075
vn -0.0373 0.9387 -0.3427
vn 0.3946 0.8644 -0.3117
vn 0.4029 0.5960 -0.6946
vn 0.4180 0.1722 -0.8920
vn -0.0281 0.6417 -0.7665
vn -0.4386 0.1398 -0.8877
vn -0.4536 0.5636 -0.6904
vn -0.0114 0.1727 -0.9849
vn -0.5144 0.5407 -0.6656
vn -0.5002 0.1319 -0.8558
vn -0.4208 -0.3258 -0.8466
vn -0.4050 -0.7083 -0.5781
vn -0.4676 -0.6862 -0.5572
vn -0.4829 -0.3171 -0.8162
vn 0.0084 -0.3426 -0.9394
vn 0.4359 -0.2933 -0.8509
vn 0.4518 -0.6758 -0.5824
vn 0.4611 -0.8731 -0.1584
vn 0.0365 -0.9842 -0.1730
vn -0.3954 -0.9055 -0.1541
vn 0.4620 -0.8319 0.3075
vn -0.3945 -0.8644 0.3117
vn 0.0373 -0.9387 0.3427
vn 0.4539 -0.5633 0.6904
vn 0.4387 -0.1398 0.8877
vn 0.0114 -0.1727 0.9849
vn -0.4179 -0.1723 0.8920
vn -0.4029 -0.5960 0.6946
vn -0.4654 -0.5779 0.6704
vn -0.4574 -0.8367 0.3011
vn -0.6245 -0.7355 0.2627
vn -0.6253 -0.7698 -0.1277
vn -0.4583 -0.8763 -0.1483
vn -0.6331 -0.6048 -0.4832
vn -0.7863 0.4593 0.4133
vn -0.7748 0.1893 0.6032
vn -0.6467 -0.2841 -0.7078
vn -0.7622 -0.1393 0.6322
vn -0.6613 0.1061 -0.7426
vn -0.6739 0.4612 -0.5772
vn -0.6811 0.6859 -0.2562
vn -0.7519 -0.4383 0.4924
vn -0.6316 -0.5105 0.5835
vn -0.6246 -0.7355 0.2627
vn -0.6252 -0.7700 -0.1277
vn -0.7465 -0.6568 -0.1065
vn -0.6803 0.7205 0.1343
vn -0.5227 0.7994 -0.2963
vn -0.5217 0.8393 0.1532
vn -0.6723 0.5553 0.4895
vn -0.7531 -0.5178 -0.4059
vn -0.6330 -0.6048 -0.4832
vn -0.6465 -0.2842 -0.7080
vn -0.7646 -0.2476 -0.5951
vn -0.6614 0.1060 -0.7425
vn -0.7769 0.0809 -0.6243
vn -0.6442 -0.1555 0.7489
vn -0.6590 0.2347 0.7146
vn -0.5126 0.6490 0.5622
vn -0.4972 0.2801 0.8212
vn -0.4799 -0.1691 0.8609
vn -0.4358 0.2933 0.8509
vn -0.6312 -0.5107 0.5837
vn -0.7878 0.3799 -0.4848
vn -0.6810 0.6860 -0.2562
vn -0.6724 0.5553 0.4895
vn -0.7532 -0.5177 -0.4059
vn -0.6589 0.2346 0.7147
vn -0.7644 -0.2476 -0.5953
vn -0.6441 -0.1555 0.7490
vn -0.7771 0.0809 -0.6242
vn 0.7489 0.1415 -0.6474
vn 0.7380 0.4479 -0.5048
vn -0.7877 0.3800 -0.4849
vn 0.6327 0.1567 -0.7584
vn 0.7619 -0.1953 -0.6176
vn 0.6199 0.5163 -0.5909
vn 0.6479 -0.2383 -0.7235
vn 0.7733 -0.4719 -0.4234
vn 0.7803 -0.6144 -0.1168
vn 0.6695 -0.7303 -0.1358
vn 0.6613 -0.5630 -0.4956
vn -0.7465 -0.6568 -0.1064
vn -0.7460 -0.6278 0.2222
vn 0.7807 -0.5848 0.2202
vn -0.7518 -0.4384 0.4926
vn 0.7748 -0.3906 0.4971
vn -0.7625 -0.1393 0.6319
vn -0.6741 0.4611 -0.5771
vn 0.7638 -0.0842 0.6399
vn -0.7750 0.1892 0.6029
vn 0.7510 0.2525 0.6101
vn 0.7395 0.5293 0.4159
vn -0.7930 0.5985 0.1141
vn 0.7326 0.6718 0.1092
vn -0.7934 0.5696 -0.2147
vn 0.7320 0.6422 -0.2277
vn 0.6128 0.7441 -0.2659
vn 0.7459 0.6279 -0.2223
vn 0.7464 0.6569 0.1065
vn 0.6135 0.7790 0.1295
vn 0.6216 0.6118 0.4893
vn 0.7644 0.2477 0.5953
vn 0.6351 0.2870 0.7172
vn 0.7770 -0.0809 0.6242
vn 0.6503 -0.1081 0.7520
vn 0.7876 -0.3800 0.4850
vn 0.6630 -0.4677 0.5845
vn 0.7934 -0.5695 0.2147
vn 0.6700 -0.6955 0.2596
vn 0.7930 -0.5984 -0.1141
vn 0.4668 -0.8701 -0.1579
vn 0.4676 -0.8291 0.3065
vn -0.8182 -0.5424 0.1905
vn 0.4593 -0.5615 0.6883
vn -0.8233 -0.3808 0.4210
vn 0.4443 -0.1391 0.8850
vn 0.4265 0.3250 0.8441
vn -0.8324 -0.1257 0.5398
vn -0.8431 0.1545 0.5151
vn 0.4106 0.7065 0.5764
vn 0.4011 0.9030 0.1537
vn -0.8584 0.5035 0.0982
vn -0.8526 0.3848 0.3534
vn 0.4004 0.8620 -0.3108
vn -0.8589 0.4787 -0.1822
vn -0.8539 0.3172 -0.4127
vn 0.4087 0.5945 -0.6925
vn -0.8448 0.0621 -0.5315
vn -0.8245 -0.4485 -0.3452
vn 0.4237 0.1720 -0.8893
vn 0.4415 -0.2921 -0.8484
vn 0.7518 0.4384 -0.4926
vn 0.7751 -0.1893 -0.6029
vn 0.4573 -0.6736 -0.5807
vn -0.8340 -0.2181 -0.5068
vn -0.8187 -0.5671 -0.0899
vn 0.5000 -0.1319 0.8559
vn 0.6613 -0.1060 0.7425
vn -0.7321 -0.6420 0.2275
vn -0.7380 -0.4480 0.5046
vn -0.7491 -0.1414 0.6472
vn 0.8431 -0.1545 -0.5151
vn 0.6826 -0.5025 -0.5306
vn 0.0233 -0.7072 -0.7066
vn 0.0100 -0.3832 -0.9236
vn 0.0331 -0.9236 -0.3820
vn 0.6898 -0.6640 -0.2884
vn 0.6478 0.5529 0.5240
vn 0.6878 -0.5016 0.5247
vn 0.6427 0.5519 -0.5313
vn 0.6510 0.3100 -0.6929
vn 0.6726 -0.2608 -0.6925
vn 0.6616 0.0247 -0.7495
vn 0.6935 -0.7204 -0.0028
vn 0.6928 -0.6633 0.2828
vn -0.0049 -0.0008 -1.0000
vn -0.0190 0.3816 -0.9241
vn -0.6689 -0.0258 -0.7429
vn -0.6795 0.2596 -0.6863
vn -0.6935 0.7205 0.0028
vn -0.6878 0.5016 -0.5247
vn -0.6927 0.6635 -0.2827
vn -0.0369 0.9229 -0.3833
vn -0.0379 0.9993 -0.0007
vn -0.6904 0.6634 0.2886
vn -0.6616 -0.0245 0.7495
vn -0.6728 0.2606 0.6925
vn -0.6825 0.5025 0.5307
vn -0.0331 0.9235 0.3821
vn -0.0233 0.7071 0.7067
vn 0.6580 0.3112 0.6858
vn -0.0100 0.3832 0.9236
vn 0.6688 0.0258 0.7430
vn 0.0049 0.0009 1.0000
vn 0.0191 -0.3816 0.9241
vn -0.6509 -0.3100 0.6930
vn -0.6426 -0.5520 0.5313
vn 0.0303 -0.7060 0.7075
vn 0.6794 -0.2596 0.6863
vn -0.6378 -0.7138 0.2892
vn 0.0369 -0.9229 0.3833
vn -0.6370 -0.7708 0.0038
vn 0.0379 -0.9993 0.0006
vn -0.6405 -0.7143 -0.2819
vn -0.6478 -0.5529 -0.5240
vn -0.6579 -0.3112 -0.6858
vn 0.6406 0.7143 0.2818
vn 0.6367 0.7711 -0.0038
vn 0.6380 0.7137 -0.2892
vn -0.0303 0.7059 -0.7077
vn 0.0351 -0.9612 -0.2737
vn -0.6384 -0.7430 -0.2012
vn -0.6449 -0.6072 -0.4640
vn 0.0265 -0.7795 -0.6258
vn -0.6485 -0.3593 -0.6711
vn -0.6827 0.5839 -0.4394
vn -0.6771 0.3248 -0.6603
vn -0.7129 0.6698 -0.2076
vn -0.6490 -0.7593 0.0472
vn -0.6376 -0.7140 0.2893
vn -0.6426 -0.5521 0.5313
vn -0.6826 0.5025 0.5306
vn 0.0381 -0.9975 0.0596
vn -0.6898 0.6641 0.2884
vn -0.0331 0.9235 0.3820
vn -0.6727 0.2607 0.6924
vn -0.0233 0.7072 0.7066
vn -0.0100 0.3831 0.9236
vn -0.6614 -0.0246 0.7496
vn -0.6510 -0.3100 0.6929
vn 0.0190 -0.3816 0.9241
vn 0.6795 -0.2595 0.6863
vn 0.6878 -0.5017 0.5247
vn 0.6928 -0.6634 0.2827
vn 0.7051 -0.7080 0.0405
vn 0.6689 0.0259 0.7429
vn 0.6369 0.7709 -0.0038
vn 0.6580 0.7219 -0.2144
vn 0.6908 -0.6925 -0.2078
vn 0.6321 0.6337 -0.4459
vn 0.6844 -0.5569 -0.4707
vn 0.6673 -0.3095 -0.6775
vn 0.6441 0.3749 -0.6667
vn 0.6513 0.0397 -0.7578
vn 0.0124 -0.4442 -0.8958
vn -0.0057 0.0198 -0.9998
vn -0.6598 -0.0097 -0.7514
vn -0.0221 0.4664 -0.8843
vn -0.0336 0.8084 -0.5877
vn -0.0377 0.9563 -0.2899
vn 0.6406 0.7142 0.2819
vn 0.6577 0.3113 0.6859
vn -0.6297 -0.7692 -0.1086
vn 0.6658 -0.5658 -0.4864
vn 0.6851 -0.7193 -0.1151
vn -0.6298 -0.7383 0.2414
vn 0.6862 -0.6884 0.2349
vn 0.7930 -0.5985 -0.1141
vn 0.6724 -0.5552 -0.4895
vn 0.6590 -0.2346 -0.7146
vn 0.7750 -0.1893 -0.6029
vn 0.7625 0.1393 -0.6319
vn 0.6611 -0.2246 -0.7159
vn 0.6314 0.5106 -0.5836
vn 0.9490 -0.2237 -0.2221
vn 0.9526 -0.2976 -0.0632
vn 0.6245 0.7355 -0.2626
vn 0.6251 0.7700 0.1277
vn 0.6331 0.6048 0.4831
vn 0.9529 -0.2821 0.1114
vn 0.9089 -0.4088 -0.0822
vn 0.9498 -0.1816 0.2549
vn 0.9092 -0.3884 0.1497
vn 0.9441 -0.0229 0.3289
vn 0.6523 0.2636 0.7107
vn 0.6603 -0.1113 0.7427
vn 0.8976 -0.0439 0.4386
vn 0.9051 -0.2548 0.3403
vn 0.9374 0.1516 0.3134
vn 0.8887 0.1879 0.4181
vn 0.8808 0.3784 0.2845
vn 0.8761 0.4765 0.0735
vn 0.8798 0.3224 -0.3492
vn 0.8758 0.4560 -0.1585
vn 0.9279 0.3689 0.0539
vn 0.6253 0.7700 0.1271
vn 0.9315 0.2951 0.2128
vn 0.9276 0.3535 -0.1207
vn 0.9307 0.2529 -0.2642
vn 0.6246 0.7357 -0.2620
vn -0.6860 0.7151 0.1343
vn -0.6844 0.6834 -0.2539
vn -0.6777 0.4459 -0.5847
vn 0.6289 0.5044 -0.5917
vn 0.6472 0.1449 -0.7485
vn 0.9364 0.0941 -0.3381
vn -0.6617 0.0908 -0.7443
vn 0.9431 -0.0802 -0.3226
vn 0.8874 0.1115 -0.4472
vn 0.8962 -0.1202 -0.4270
vn 0.9041 -0.3106 -0.2933
vn -0.6084 0.0898 -0.7885
vn -0.6618 0.2104 0.7195
vn -0.6060 0.2268 0.7625
vn -0.4136 0.3998 -0.8180
vn -0.4110 0.5371 0.7366
vn -0.1505 0.5731 -0.8055
vn -0.2912 -0.3911 -0.8731
vn -0.6492 -0.2743 -0.7094
vn -0.2883 -0.2320 0.9290
vn -0.7770 0.0810 -0.6243
vn -0.7935 0.5695 -0.2147
vn -0.0083 0.3426 0.9395
vn 0.3143 -0.2091 0.9260
vn 0.7644 0.2476 0.5953
vn 0.7465 0.6569 0.1065
vn 0.3114 -0.3683 -0.8760
vn 0.3739 0.4297 -0.8219
vn 0.7624 0.1394 -0.6319
vn 0.0986 0.5825 -0.8068
vn 0.3764 0.5670 0.7327
vn 0.1010 0.7149 0.6919
vn -0.1480 0.7054 0.6932
vn 0.5946 0.2723 0.7565
vn -0.6427 -0.1607 0.7491
vn -0.6634 0.2137 0.7171
vn 0.6510 0.2602 0.7131
vn 0.5921 0.1354 -0.7944
vn 0.6456 0.1403 -0.7507
vn -0.6636 0.0952 -0.7420
vn -0.9315 -0.2950 -0.2128
vn -0.6711 0.4551 -0.5852
vn -0.9441 0.0228 -0.3288
vn -0.9374 -0.1516 -0.3134
vn -0.7875 0.3801 -0.4851
vn -0.8887 -0.1880 -0.4181
vn -0.8761 -0.4765 -0.0734
vn -0.8809 -0.3785 -0.2844
vn -0.9279 -0.3689 -0.0539
vn -0.7769 0.0809 -0.6244
vn -0.6739 0.4612 -0.5771
vn -0.6809 0.6861 -0.2562
vn -0.6803 0.7205 0.1342
vn -0.7929 0.5986 0.1143
vn -0.9276 -0.3535 0.1206
vn -0.9307 -0.2529 0.2641
vn -0.8758 -0.4560 0.1585
vn -0.8799 -0.3224 0.3491
vn -0.8874 -0.1115 0.4474
vn -0.9089 0.4088 0.0822
vn -0.9526 0.2977 0.0633
vn -0.9042 0.3106 0.2932
vn -0.9093 0.3884 -0.1497
vn -0.8963 0.1202 0.4269
vn -0.9529 0.2822 -0.1114
vn -0.9051 0.2548 -0.3403
vn -0.6805 0.7205 0.1335
vn -0.9498 0.1816 -0.2549
vn -0.6811 0.6861 -0.2555
vn 0.6362 0.4957 -0.5912
vn 0.6282 0.7332 -0.2604
vn 0.6312 0.7651 0.1278
vn -0.6667 0.5459 0.5074
vn 0.6431 0.5825 0.4971
vn -0.9490 0.2237 0.2221
vn -0.9431 0.0803 0.3227
vn -0.9363 -0.0942 0.3382
vn -0.8976 0.0439 -0.4386
vn -0.6331 -0.6048 -0.4831
vn -0.6592 0.2346 0.7144
vn -0.6441 -0.1555 0.7489
vn -0.7460 -0.6277 0.2223
vn -0.7518 -0.4383 0.4926
vn -0.7464 -0.6569 -0.1065
vn -0.7532 -0.5177 -0.4058
vn -0.6259 -0.6148 -0.4800
vn -0.6462 -0.2842 -0.7083
vn 0.6850 -0.7194 -0.1151
vn 0.0083 -0.3425 -0.9395
vn -0.0373 0.9387 -0.3426
vn -0.6258 -0.6148 -0.4800
vn -0.7459 -0.6278 0.2223
vn 0.0365 -0.9843 -0.1729
vn 0.7877 -0.3799 0.4850
vn -0.6268 -0.5325 0.5688
vn -0.7624 -0.1393 0.6319
vn 0.6710 -0.4832 0.5624
vn -0.6426 -0.1607 0.7491
vn 0.7770 -0.0809 0.6243
vn 0.7877 -0.3800 0.4850
vn 0.6741 -0.4611 0.5771
vn 0.6804 -0.7205 -0.1342
vn 0.6614 -0.1060 0.7425
vn 0.7643 0.2478 0.5954
vn 0.6465 0.2841 0.7080
vn 0.6709 -0.4833 0.5624
vn 0.7769 -0.0809 0.6243
vn -0.7750 0.1894 0.6029
vn -0.6804 0.5324 0.5037
vn 0.6285 0.5950 0.5010
vn 0.7765 -0.1692 0.6070
vn 0.6198 -0.4184 0.6639
vn 0.6704 -0.6733 -0.3120
vn 0.4358 -0.8566 -0.2763
vn 0.2343 -0.4018 -0.8853
vn 0.8270 -0.4242 -0.3689
vn 0.2795 -0.3300 -0.9017
vn 0.1667 -0.4546 -0.8750
vn -0.0013 -0.4808 -0.8768
vn 0.1519 -0.9519 -0.2661
vn 0.0850 -0.4821 -0.8720
vn -0.1474 -0.9478 -0.2826
vn 0.1013 -0.6971 0.7098
vn -0.1980 -0.6930 0.6933
vn -0.4259 -0.8448 -0.3239
vn -0.0815 -0.4511 -0.8887
vn -0.1461 -0.3966 -0.9063
vn -0.6499 -0.6552 -0.3851
vn -0.1871 -0.3235 -0.9275
vn -0.7925 -0.4020 -0.4586
vn -0.1998 -0.2411 -0.9497
vn 0.0120 -0.0069 -0.9999
vn -0.1374 -0.0872 -0.9867
vn -0.1823 -0.1591 -0.9703
vn -0.8365 -0.1157 -0.5357
vn -0.8431 -0.1471 0.5173
vn -0.8870 0.1392 0.4402
vn -0.7765 0.1692 -0.6069
vn -0.8271 0.4241 0.3689
vn -0.6198 0.4184 -0.6639
vn -0.6704 0.6733 0.3120
vn -0.3854 0.6017 -0.6996
vn -0.0698 -0.0344 -0.9970
vn -0.1013 0.6971 -0.7098
vn -0.1519 0.9519 0.2661
vn 0.1979 0.6930 -0.6933
vn 0.1474 0.9478 0.2826
vn 0.4764 0.5899 -0.6520
vn 0.0982 -0.0080 -0.9951
vn 0.1784 -0.0378 -0.9832
vn 0.7004 0.4003 -0.5909
vn 0.2840 -0.1654 -0.9444
vn 0.2430 -0.0924 -0.9656
vn 0.8430 0.1471 -0.5173
vn 0.6499 0.6552 0.3850
vn 0.7925 0.4020 0.4586
vn 0.8870 -0.1393 -0.4402
vn 0.2967 -0.2478 -0.9222
vn 0.8365 0.1157 0.5356
vn 0.1999 0.2411 0.9497
vn 0.1826 0.1590 0.9702
vn 0.1374 0.0872 0.9867
vn 0.0698 0.0344 0.9970
vn -0.0120 0.0069 0.9999
vn -0.0982 0.0081 0.9951
vn -0.1784 0.0378 0.9832
vn -0.4764 -0.5899 0.6520
vn -0.7005 -0.4004 0.5908
vn -0.2430 0.0924 0.9656
vn -0.2841 0.1653 0.9444
vn -0.2969 0.2478 0.9222
vn -0.2795 0.3300 0.9017
vn 0.0013 0.4808 0.8768
vn -0.0849 0.4820 0.8720
vn -0.1668 0.4546 0.8750
vn -0.2343 0.4018 0.8853
vn -0.4359 0.8566 0.2762
vn 0.1872 0.3236 0.9275
vn 0.1461 0.3965 0.9063
vn 0.0815 0.4511 0.8887
vn 0.4259 0.8448 0.3239
vn 0.3854 -0.6017 0.6996
vn -0.3244 -0.7656 -0.5555
vn 0.4386 0.6230 -0.6477
vn 0.9077 -0.4180 -0.0371
vn 0.3451 -0.0505 0.9372
vn -0.0825 0.9635 0.2548
vn -0.8384 -0.4299 0.3350
vn 0.4258 -0.7478 0.5094
vn 0.6795 -0.3480 0.6458
vn -0.8601 -0.1426 0.4898
vn -0.7164 -0.1212 0.6870
vn 0.5104 -0.2849 0.8114
vn 0.5879 -0.4774 -0.6531
vn 0.7571 0.3127 -0.5735
vn -0.5510 -0.3253 -0.7685
vn -0.5215 0.4834 -0.7031
vn -0.6972 -0.5979 0.3956
vn -0.4706 0.8530 0.2254
vn 0.6220 0.7072 0.3361
vn -0.2950 -0.0666 -0.9532
vn -0.4189 0.9074 0.0335
vn -0.8132 0.4059 0.4170
vn 0.6189 0.0608 0.7831
vn -0.8967 -0.0947 0.4323
vn 0.5541 -0.0754 0.8290
vn -0.2357 0.1505 0.9601
vn -0.9599 -0.2804 0.0015
vn -0.0232 0.0114 -0.9997
vn 0.8004 -0.4485 -0.3977
vn 0.9141 0.3795 -0.1427
vn 0.0399 0.9712 0.2351
vn -0.5606 0.5848 -0.5863
vn 0.3318 0.0798 0.9400
vn -0.1382 -0.3563 -0.9241
vn 0.4145 -0.8960 0.1592
vn -0.1981 0.0525 0.9788
vn -0.7997 -0.5308 -0.2805
vn -0.5016 0.0031 0.8651
vn 0.3245 0.9456 -0.0209
vn -0.2934 -0.9324 0.2110
vn 0.8194 0.4899 0.2976
vn 0.1586 -0.0433 -0.9864
vn 0.0381 -0.3473 -0.9370
vn 0.9550 0.0005 0.2967
vn -0.4171 -0.1254 0.9002
vn -0.1246 0.0041 -0.9922
vn 0.3560 0.1809 0.9168
vn 0.9735 -0.1809 -0.1400
vn -0.1361 0.2612 -0.9556
vn 0.0685 0.9180 0.3906
vn 0.6037 0.5806 -0.5463
vn -0.7436 0.6582 0.1176
vn -0.9591 0.2831 -0.0055
vn -0.6056 -0.6593 -0.4456
vn -0.5361 -0.2925 0.7919
vn -0.7556 0.1690 0.6329
vn 0.5872 -0.3191 0.7439
vn -0.5150 0.7288 0.4513
vn -0.6461 0.4600 -0.6091
vn 0.8139 0.1318 0.5659
vn -0.7025 0.0581 -0.7093
vn 0.6415 0.0263 -0.7667
vn 0.6129 0.4302 -0.6628
vn 0.5854 0.7027 0.4044
vn 0.5336 -0.6863 -0.4942
vn 0.6122 -0.6055 -0.5085
vn 0.4338 0.8885 -0.1496
vn 0.6408 0.2770 0.7160
vn -0.6508 0.7505 -0.1145
vn -0.4724 -0.7435 -0.4734
vn -0.5376 -0.4691 0.7007
vn 0.6814 -0.3140 0.6611
vn -0.6428 0.1136 0.7576
vn 0.7372 -0.0290 0.6751
vn 0.5125 -0.8085 0.2893
vn 0.6173 -0.1354 -0.7749
vn -0.6281 -0.0912 -0.7728
vn -0.5676 -0.7701 0.2912
vn -0.7350 0.0233 0.6777
vn -0.5691 0.4608 0.6810
vn 0.6027 0.4191 0.6790
vn 0.6019 0.6980 -0.3881
vn -0.5522 0.7390 -0.3860
vn -0.8854 -0.2892 -0.3640
vn -0.8698 -0.1569 -0.4677
vn 0.0346 -0.7036 -0.7098
vn -0.9036 0.3023 0.3036
vn -0.9772 -0.2116 0.0180
vn -0.8584 0.0054 -0.5130
vn 0.0689 -0.3786 -0.9230
vn 0.9238 -0.2368 -0.3010
vn 0.9082 -0.3690 -0.1973
vn 0.9352 -0.0746 -0.3462
vn 0.9347 -0.2968 0.1957
vn 0.8553 0.2240 0.4672
vn 0.8910 -0.4512 -0.0508
vn 0.9276 -0.1458 0.3439
vn -0.0049 -0.9214 -0.3885
vn -0.0438 -0.9990 -0.0081
vn -0.9026 -0.3713 -0.2176
vn 0.8745 -0.4709 0.1161
vn 0.8917 0.4195 0.1699
vn -0.9842 -0.0607 0.1662
vn -0.8672 0.4980 0.0064
vn -0.9184 0.0550 -0.3918
vn 0.9371 0.0656 0.3427
vn 0.9760 -0.0294 -0.2157
vn -0.8041 -0.5529 -0.2184
vn 0.7786 -0.6234 -0.0712
vn 0.7267 0.4266 0.5384
vn 0.7393 -0.5522 0.3853
vn 0.7527 0.5709 0.3280
vn -0.7728 0.4934 0.3990
vn 0.7042 0.2124 0.6775
vn -0.7469 0.6376 0.1886
vn 0.9763 0.1824 -0.1168
vn 0.6887 -0.0393 0.7240
vn -0.7953 0.2792 0.5381
vn -0.8108 0.0275 0.5846
vn -0.9182 0.2668 -0.2929
vn -0.7574 -0.2796 -0.5900
vn -0.8171 -0.2232 0.5315
vn -0.9349 0.3470 -0.0741
vn -0.8131 -0.4350 0.3869
vn 0.6825 -0.2901 0.6709
vn -0.7305 0.1781 -0.6592
vn 0.6864 -0.5018 0.5263
vn 0.8522 0.1076 -0.5120
vn 0.9595 0.2626 0.1021
vn 0.9355 0.1643 0.3128
vn 0.9542 -0.2989 -0.0151
vn -0.9577 -0.2137 -0.1928
vn 0.9408 0.0930 -0.3260
vn 0.9397 0.2403 -0.2435
vn 0.8331 -0.1258 0.5387
vn -0.9258 -0.0474 0.3751
vn 0.9320 0.3449 -0.1112
vn 0.8380 -0.4248 0.3425
vn 0.9190 0.3909 0.0507
vn 0.9747 -0.1508 -0.1650
vn -0.9371 -0.0656 -0.3427
vn -0.9589 0.2487 0.1366
vn -0.9209 -0.3464 0.1789
vn -0.8539 0.3202 -0.4103
vn -0.8615 0.4248 -0.2780
vn -0.8745 0.4709 -0.1161
vn 0.0759 0.9245 -0.3735
vn -0.8910 0.4512 0.0508
vn 0.0438 0.9990 0.0081
vn 0.9026 0.3713 0.2176
vn 0.0049 0.9214 0.3885
vn 0.8854 0.2891 0.3640
vn 0.8672 -0.4980 -0.0064
vn 0.9184 -0.0550 0.3918
vn 0.9842 0.0607 -0.1661
vn -0.8917 -0.4196 -0.1699
vn 0.8698 0.1568 0.4677
vn -0.9276 0.1458 -0.3439
vn 0.9035 -0.3024 -0.3036
vn 0.9182 -0.2668 0.2929
vn 0.8041 0.5529 0.2184
vn -0.7786 0.6234 0.0712
vn -0.8553 -0.2240 -0.4672
vn 0.9772 0.2117 -0.0180
vn -0.9238 0.2368 0.3010
vn -0.9763 -0.1824 0.1168
vn -0.9346 0.2969 -0.1957
vn -0.9082 0.3691 0.1973
vn -0.0346 0.7036 0.7098
vn -0.9352 0.0745 0.3462
vn -0.0689 0.3786 0.9230
vn 0.8584 -0.0054 0.5129
vn -0.0927 -0.0040 0.9957
vn 0.8528 -0.1729 0.4927
vn 0.9258 0.0474 -0.3751
vn -0.9408 -0.0930 0.3260
vn -0.1024 -0.3860 0.9168
vn 0.9577 0.2137 0.1928
vn 0.8539 -0.3202 0.4102
vn -0.9397 -0.2403 0.2435
vn -0.9542 0.2989 0.0151
vn -0.9320 -0.3449 0.1112
vn -0.0965 -0.7092 0.6984
vn 0.8616 -0.4248 0.2780
vn 0.9208 0.3465 -0.1790
vn -0.0759 -0.9245 0.3736
vn -0.9190 -0.3909 -0.0507
vn -0.9747 0.1508 0.1649
vn -0.8434 -0.4816 0.2381
vn -0.8380 0.4248 -0.3425
vn -0.9355 -0.1643 -0.3128
vn -0.7214 0.6899 -0.0612
vn -0.8522 -0.1076 0.5121
vn -0.7001 0.6422 -0.3122
vn -0.6864 0.5018 -0.5263
vn 0.9589 -0.2487 -0.1366
vn 0.7995 0.5753 -0.1727
vn 0.7782 0.6231 0.0783
vn 0.8131 0.4349 -0.3869
vn 0.8171 0.2233 -0.5315
vn 0.9349 -0.3470 0.0741
vn 0.7306 -0.1781 0.6592
vn -0.8331 0.1258 -0.5387
vn -0.9595 -0.2626 -0.1020
vn 0.7574 0.2796 0.5901
vn 0.8109 -0.0275 -0.5845
vn -0.6825 0.2901 -0.6709
vn -0.6887 0.0393 -0.7240
vn 0.7953 -0.2792 -0.5380
vn -0.7043 -0.2123 -0.6774
vn -0.7267 -0.4267 -0.5384
vn 0.7729 -0.4934 -0.3990
vn 0.7469 -0.6377 -0.1886
vn 0.7214 -0.6899 0.0611
vn -0.7527 -0.5708 -0.3280
vn -0.7783 -0.6230 -0.0783
vn -0.7995 -0.5753 0.1728
vn 0.7001 -0.6422 0.3122
vn 0.8434 0.4816 -0.2381
vn -0.7393 0.5522 -0.3853
vn -0.9760 0.0294 0.2157
vn -0.8253 0.3502 0.4429
vn 0.0965 0.7092 -0.6983
vn -0.8528 0.1729 -0.4928
vn 0.1024 0.3860 -0.9168
vn 0.0928 0.0040 -0.9957
vn 0.8254 -0.3501 -0.4429
vn 0.5808 0.3054 0.7546
vn 0.7972 -0.0829 0.5980
vn 0.8509 0.5248 -0.0248
vn -0.7610 -0.1348 0.6346
vn -0.5638 0.2672 0.7815
vn 0.5821 0.8045 -0.1180
vn 0.8035 -0.1476 -0.5767
vn 0.5913 -0.1148 -0.7982
vn 0.5333 0.8110 -0.2404
vn -0.8841 0.4670 0.0160
vn -0.8181 -0.2017 -0.5386
vn -0.5968 0.7734 -0.2139
vn -0.6191 -0.1551 -0.7698
vn -0.6393 0.7638 -0.0893
vn -0.6671 -0.1294 -0.7336
vn 0.6774 -0.3442 -0.6501
vn 0.6391 -0.0859 -0.7643
vn -0.7296 0.1503 0.6671
vn -0.6827 -0.3896 -0.6182
vn 0.7485 0.1996 0.6323
vn 0.6478 0.0285 0.7613
vn 0.5837 -0.8063 0.0960
vn -0.5236 -0.8432 0.1220
vn -0.6117 -0.0135 0.7909
vn -0.5521 0.7662 -0.3288
vn -0.6115 0.3567 0.7063
vn 0.6488 0.3486 0.6764
vn 0.5454 0.7530 -0.3681
vn 0.7375 0.1318 -0.6624
vn 0.6898 -0.0603 0.7214
vn -0.6553 -0.0607 0.7529
vn -0.7667 0.1228 -0.6302
vn -0.7121 -0.1076 0.6938
vn -0.7913 0.3915 -0.4696
vn -0.9562 -0.2419 -0.1648
vn -0.6025 0.2461 -0.7592
vn 0.7740 0.4055 -0.4863
vn -0.5887 -0.7541 -0.2910
vn 0.5701 0.2359 -0.7869
vn 0.5656 -0.7595 -0.3215
vn 0.9490 -0.2543 -0.1865
vn 0.7433 -0.1012 0.6613
vn 0.5855 -0.6184 0.5241
vn 0.5600 -0.5428 -0.6259
vn -0.5945 -0.5369 -0.5986
vn -0.5685 -0.6068 0.5556
vn 0.3337 -0.5719 -0.7494
vn 0.7020 -0.4385 -0.5611
vn 0.6892 -0.6373 0.3448
vn 0.4017 -0.8662 0.2972
vn 0.6145 0.2236 0.7565
vn 0.8287 -0.3185 0.4602
vn 0.7885 -0.0036 0.6150
vn 0.9938 0.0520 0.0984
vn -0.3158 -0.8646 0.3908
vn 0.0391 -0.9478 0.3166
vn -0.4055 0.2612 0.8760
vn -0.1275 0.3782 0.9169
vn 0.8421 0.3067 0.4437
vn 0.3860 0.3480 0.8544
vn 0.1388 0.3971 0.9072
vn -0.0917 -0.5982 -0.7961
vn -0.4985 -0.5174 -0.6955
vn -0.0715 -0.3944 -0.9161
vn -0.4964 -0.3318 -0.8022
vn -0.0790 -0.3648 -0.9277
vn 0.3593 -0.3537 -0.8636
vn 0.3680 -0.3793 -0.8489
vn -0.0716 -0.2776 -0.9580
vn 0.3637 -0.2917 -0.8847
vn 0.7297 -0.2480 -0.6373
vn 0.7291 -0.2721 -0.6280
vn 0.9524 -0.1551 -0.2623
vn 0.3755 -0.2167 -0.9011
vn 0.7385 -0.1532 -0.6567
vn 0.9567 -0.0594 -0.2850
vn 0.9856 -0.0317 0.1659
vn 0.9545 -0.1350 -0.2657
vn 0.9561 -0.1417 -0.2565
vn 0.9883 0.0297 0.1499
vn 0.7350 -0.2890 -0.6134
vn 0.9409 -0.2162 -0.2609
vn 0.9881 0.0333 0.1499
vn 0.8266 0.2013 0.5256
vn 0.8241 0.1881 0.5344
vn 0.8221 0.0973 0.5610
vn 0.4950 0.2062 0.8440
vn 0.4962 0.3084 0.8116
vn 0.8302 0.1405 0.5395
vn 0.5113 0.2079 0.8339
vn 0.0915 0.2352 0.9676
vn 0.0683 0.2748 0.9591
vn 0.9889 0.0455 0.1411
vn 0.8339 0.2549 0.4895
vn 0.5368 0.2028 0.8190
vn 0.1276 0.1081 0.9859
vn 0.5896 0.0444 0.8065
vn 0.8485 0.2236 0.4796
vn 0.6761 -0.2753 0.6835
vn 0.2078 -0.1457 0.9672
vn 0.2830 -0.4418 0.8513
vn -0.2147 -0.3056 0.9276
vn -0.3114 -0.0096 0.9502
vn -0.1647 -0.5149 0.8413
vn -0.5899 -0.4018 0.7004
vn -0.6870 -0.1253 0.7158
vn -0.5740 -0.4825 0.6616
vn -0.8447 -0.4172 0.3353
vn -0.8651 -0.3556 0.3537
vn -0.9318 -0.3505 -0.0944
vn -0.9189 -0.2140 0.3316
vn -0.9536 0.0638 0.2942
vn -0.9886 -0.0420 -0.1448
vn -0.9591 -0.2566 -0.1193
vn -0.8358 -0.2147 -0.5053
vn -0.8217 -0.1396 -0.5526
vn -0.8038 -0.2465 -0.5414
vn -0.9863 -0.1637 -0.0197
vn -0.9204 0.0560 -0.3870
vn -0.5764 -0.0365 -0.8164
vn -0.6836 0.2651 -0.6800
vn -0.4906 -0.1896 -0.8505
vn -0.3204 0.4272 -0.8455
vn -0.2055 0.1483 -0.9674
vn -0.4896 -0.2094 -0.8464
vn -0.0624 -0.2369 -0.9695
vn -0.0861 -0.0991 -0.9913
vn 0.3313 0.0086 -0.9435
vn 0.2035 0.3029 -0.9311
vn 0.1046 0.5118 -0.8527
vn 0.5148 0.4987 -0.6974
vn 0.5725 0.3977 -0.7170
vn 0.8307 0.3842 -0.4030
vn 0.1507 0.7395 -0.6561
vn 0.5559 0.5912 -0.5843
vn 0.8325 0.4163 -0.3655
vn 0.9820 0.1878 -0.0216
vn 0.8568 0.3279 -0.3979
vn 0.6043 0.6823 -0.4113
vn 0.8856 0.3684 -0.2828
vn 0.9914 -0.0017 -0.1310
vn 0.9949 -0.0179 -0.0992
vn 0.9283 -0.3338 0.1639
vn 0.9098 -0.4019 0.1042
vn 0.6758 -0.6009 0.4270
vn 0.9280 -0.0493 0.3694
vn 0.9328 0.3553 0.0600
vn 0.9647 0.2544 0.0685
vn 0.9101 0.2039 -0.3608
vn 0.6847 0.1160 -0.7195
vn 0.6449 -0.7080 0.2878
vn 0.2818 -0.7455 0.6040
vn 0.2507 -0.8747 0.4148
vn -0.1950 -0.8666 0.4592
vn -0.1729 -0.7353 0.6554
vn -0.6026 -0.6839 0.4112
vn -0.1447 -0.4098 0.9006
vn 0.1882 -0.4115 0.8917
vn 0.4889 -0.2797 0.8263
vn -0.4445 -0.2769 0.8519
vn -0.6539 -0.0400 0.7555
vn -0.8887 -0.3630 0.2801
vn -0.7333 0.2552 0.6302
vn -0.1704 0.9314 0.3217
vn -0.4671 0.7937 0.3898
vn -0.6671 0.5523 0.5000
vn -0.9952 0.0309 0.0923
vn -0.9017 0.4172 -0.1136
vn -0.9125 0.3606 -0.1931
vn -0.6291 0.7187 -0.2962
vn -0.9950 0.0383 0.0919
vn -0.8833 -0.2948 0.3646
vn -0.5908 -0.5726 0.5685
vn -0.6579 0.6119 -0.4390
vn -0.2338 0.8772 -0.4194
vn -0.2805 0.7465 -0.6034
vn 0.1651 0.9363 0.3100
vn 0.2057 0.8637 -0.4601
vn 0.4721 0.8058 0.3576
vn 0.6879 0.5650 0.4556
vn 0.7681 0.2628 0.5839
vn 0.6965 -0.0391 0.7164
vn -0.8162 -0.0997 -0.5691
vn -0.4913 -0.2093 -0.8455
vn -0.4994 -0.3048 -0.8109
vn -0.8226 -0.1865 -0.5372
vn -0.9831 0.0302 -0.1806
vn -0.9869 -0.0321 -0.1579
vn -0.8237 -0.2033 -0.5293
vn -0.8167 -0.3423 -0.4646
vn -0.9849 -0.0992 -0.1421
vn -0.9881 -0.0338 -0.1502
vn -0.6281 0.0185 0.7779
vn -0.9620 0.1689 0.2143
vn -0.7000 -0.3114 0.6427
vn -0.7428 0.4033 0.5344
vn -0.9548 0.1433 0.2603
vn -0.7391 0.2669 0.6185
vn -0.9583 0.1296 0.2547
vn -0.7293 0.2919 0.6188
vn -0.7394 0.2469 0.6264
vn -0.9569 0.1541 0.2462
vn -0.3728 0.2897 0.8815
vn -0.7238 0.1561 0.6722
vn -0.3492 0.2168 0.9116
vn 0.0696 0.3668 0.9277
vn -0.3717 0.3519 0.8591
vn -0.3582 0.3814 0.8522
vn -0.3690 0.5505 0.7489
vn 0.0814 0.5825 0.8087
vn 0.0819 0.3945 0.9152
vn 0.5158 0.4953 0.6991
vn 0.5039 0.3300 0.7982
vn -0.5848 -0.6346 0.5053
vn -0.6161 -0.6652 -0.4218
vn -0.4405 -0.8694 -0.2238
vn -0.1911 -0.9062 0.3772
vn 0.6817 -0.3239 -0.6561
vn 0.5062 -0.1198 -0.8541
vn -0.7807 -0.3834 -0.4935
vn -0.2887 -0.9554 0.0613
vn 0.9311 -0.3606 -0.0551
vn 0.9555 -0.1861 0.2289
vn -0.1670 -0.7315 0.6611
vn -0.2203 -0.4661 0.8569
vn -0.9018 -0.0796 -0.4247
vn -0.9555 0.1860 -0.2289
vn 0.1667 0.7315 -0.6611
vn 0.2204 0.4660 -0.8569
vn -0.9311 0.3606 0.0551
vn 0.1912 0.9062 -0.3773
vn 0.3396 0.8564 -0.3889
vn 0.3186 0.7080 -0.6302
vn 0.3644 0.4822 -0.7967
vn 0.4672 0.2240 -0.8553
vn 0.8514 0.4109 -0.3260
vn 0.3415 0.1621 -0.9258
vn 0.6072 -0.0157 -0.7944
vn 0.7565 -0.1893 -0.6260
vn 0.8333 -0.4099 -0.3708
vn 0.8855 -0.2625 -0.3834
vn 0.9686 -0.2205 -0.1149
vn 0.9894 -0.0720 0.1263
vn 0.9437 0.1537 0.2930
vn 0.8408 0.4118 0.3514
vn 0.9019 0.0796 0.4246
vn -0.3417 -0.1623 0.9257
vn 0.7807 0.3834 0.4935
vn -0.5062 0.1197 0.8541
vn 0.6161 0.6652 0.4218
vn 0.7008 0.6516 0.2904
vn 0.5515 0.8252 0.1220
vn 0.4405 0.8694 0.2238
vn 0.4225 0.8983 -0.1203
vn 0.2889 0.9554 -0.0614
vn -0.6819 0.3236 0.6560
vn -0.8333 0.4100 0.3708
vn -0.7699 -0.0103 -0.6381
vn -0.5680 0.2030 -0.7976
vn 0.4418 -0.6325 -0.6362
vn 0.6563 -0.3767 -0.6537
vn 0.2399 -0.8458 -0.4765
vn 0.0231 -0.9925 0.1202
vn 0.0905 -0.9742 -0.2066
vn -0.9193 -0.1387 -0.3682
vn -0.9867 -0.1570 -0.0413
vn -0.9409 0.0138 -0.3384
vn -0.8138 0.1230 -0.5680
vn -0.6422 0.3043 -0.7036
vn -0.7599 0.6402 -0.1127
vn -0.4598 0.5218 -0.7185
vn -0.9743 0.0796 0.2107
vn -0.8741 0.2413 0.4216
vn -0.7173 0.4520 0.5302
vn -0.2027 0.8943 -0.3990
vn -0.3030 0.7323 -0.6099
vn -0.9982 -0.0017 -0.0604
vn -0.1787 0.9756 -0.1276
vn -0.2363 0.9600 0.1502
vn -0.3631 0.8508 0.3797
vn -0.5349 0.6696 0.5153
vn -0.1691 0.7064 -0.6873
vn -0.3535 0.4587 -0.8152
vn -0.0511 0.8969 -0.4393
vn 0.8407 -0.1290 -0.5258
vn 0.9587 0.0614 -0.2778
vn 0.9867 0.1570 0.0413
vn 0.9194 0.1388 0.3682
vn -0.0905 0.9742 0.2066
vn 0.7699 0.0104 0.6381
vn 0.5680 -0.2029 0.7977
vn -0.4419 0.6325 0.6362
vn -0.6563 0.3768 0.6537
vn 0.3535 -0.4588 0.8152
vn 0.1691 -0.7064 0.6873
vn 0.0511 -0.8969 0.4393
vn -0.8407 0.1291 0.5258
vn -0.9587 -0.0614 0.2778
vn -0.2399 0.8458 0.4766
vn -0.0231 0.9925 -0.1202
vn 0.7520 -0.2243 -0.6198
vn 0.5940 0.0051 -0.8044
vn 0.4324 0.2939 -0.8524
vn -0.7180 -0.3122 -0.6221
vn -0.5564 -0.6007 -0.5741
vn -0.3985 -0.8303 -0.3896
vn -0.6543 -0.6063 -0.4519
vn -0.7918 -0.3610 -0.4926
vn -0.5202 -0.8015 -0.2948
vn -0.9052 -0.1141 -0.4093
vn -0.8705 -0.4583 0.1795
vn -0.8514 -0.0218 -0.5241
vn -0.9300 0.2130 -0.2996
vn -0.9721 0.0855 -0.2185
vn 0.2203 0.8190 -0.5298
vn -0.9384 0.3454 0.0073
vn 0.2120 0.9515 -0.2231
vn 0.2755 0.9555 0.1050
vn -0.8749 0.3495 0.3353
vn -0.9793 0.1980 0.0426
vn -0.9252 0.2017 0.3214
vn -0.7520 0.2244 0.6198
vn -0.8208 0.0953 0.5632
vn -0.6867 -0.1000 0.7201
vn -0.5491 -0.3455 0.7609
vn -0.5942 -0.0053 0.8043
vn 0.5563 0.6008 0.5740
vn 0.7182 0.3123 0.6218
vn -0.4324 -0.2939 0.8524
vn 0.8513 0.0217 0.5243
vn -0.2990 -0.5843 0.7544
vn -0.4355 -0.5925 0.6777
vn -0.3689 -0.7918 0.4868
vn -0.2205 -0.8189 0.5299
vn -0.3618 -0.9045 0.2260
vn -0.2120 -0.9515 0.2231
vn -0.2755 -0.9555 -0.1049
vn -0.4157 -0.9080 -0.0530
vn 0.9384 -0.3453 -0.0072
vn 0.8750 -0.3493 -0.3353
vn 0.9300 -0.2128 0.2995
vn 0.3985 0.8304 0.3895
vn 0.2992 0.5844 -0.7543
vt 0.020559 0.304330
vt 0.021005 0.295617
vt 0.024195 0.296373
vt 0.017423 0.296017
vt 0.219289 0.275118
vt 0.220178 0.283684
vt 0.214693 0.283335
vt 0.025436 0.304651
vt 0.221521 0.305279
vt 0.216540 0.304593
vt 0.024310 0.323584
vt 0.019998 0.323220
vt 0.556198 0.182933
vt 0.552388 0.164817
vt 0.557330 0.164507
vt 0.552161 0.157240
vt 0.549430 0.157952
vt 0.551422 0.183901
vt 0.194611 0.307320
vt 0.195181 0.286101
vt 0.199079 0.286557
vt 0.554554 0.205925
vt 0.197960 0.333612
vt 0.198798 0.307390
vt 0.193971 0.333673
vt 0.521405 0.252560
vt 0.520691 0.233432
vt 0.525743 0.233832
vt 0.770664 0.985793
vt 0.766926 0.982534
vt 0.770664 0.977370
vt 0.195307 0.279522
vt 0.200335 0.279908
vt 0.602225 0.968888
vt 0.596865 0.969454
vt 0.596904 0.967605
vt 0.602225 0.975093
vt 0.200265 0.278025
vt 0.601920 0.966238
vt 0.597357 0.964577
vt 0.979989 0.198304
vt 0.983852 0.194553
vt 0.985522 0.197344
vt 0.194991 0.277289
vt 0.553071 0.155596
vt 0.557976 0.156559
vt 0.558116 0.158639
vt 0.890949 0.985598
vt 0.888709 0.981498
vt 0.890949 0.981387
vt 0.980163 0.195388
vt 0.977613 0.194553
vt 0.973334 0.215542
vt 0.975853 0.214672
vt 0.974910 0.217363
vt 0.972257 0.218479
vt 0.890656 0.978367
vt 0.969252 0.217728
vt 0.971842 0.214628
vt 0.971323 0.220458
vt 0.888484 0.977370
vt 0.967876 0.219862
vt 0.886978 0.981151
vt 0.549248 0.155043
vt 0.024477 0.293438
vt 0.020935 0.292198
vt 0.965546 0.217051
vt 0.017636 0.292913
vt 0.968492 0.215253
vt 0.214466 0.273068
vt 0.219140 0.271570
vt 0.554582 0.988103
vt 0.556912 0.991047
vt 0.554582 0.993116
vt 0.965546 0.212241
vt 0.847840 0.992586
vt 0.846521 0.990499
vt 0.847840 0.988103
vt 0.967850 0.212631
vt 0.970478 0.213594
vt 0.970749 0.211050
vt 0.992857 0.101567
vt 0.991481 0.104176
vt 0.988210 0.103714
vt 0.973838 0.211206
vt 0.600331 0.963808
vt 0.987110 0.101559
vt 0.987179 0.099256
vt 0.214451 0.275487
vt 0.898199 0.367936
vt 0.904487 0.367123
vt 0.903055 0.374711
vt 0.993882 0.099256
vt 0.898201 0.374586
vt 0.899914 0.393904
vt 0.526628 0.252666
vt 0.522589 0.276356
vt 0.904487 0.394771
vt 0.439593 0.470644
vt 0.436448 0.447963
vt 0.441361 0.447634
vt 0.527975 0.276412
vt 0.523664 0.300756
vt 0.528600 0.300739
vt 0.442222 0.493586
vt 0.444612 0.470235
vt 0.223676 0.331031
vt 0.220523 0.357542
vt 0.218734 0.330764
vt 0.447332 0.493466
vt 0.443056 0.514622
vt 0.225216 0.357791
vt 0.447796 0.514692
vt 0.221149 0.381912
vt 0.019177 0.345423
vt 0.022625 0.369257
vt 0.018478 0.368893
vt 0.023200 0.391483
vt 0.225866 0.382488
vt 0.018323 0.391086
vt 0.387837 0.613883
vt 0.383693 0.614698
vt 0.384784 0.592383
vt 0.023591 0.412790
vt 0.386797 0.635331
vt 0.382524 0.636052
vt 0.388971 0.591575
vt 0.198811 0.407978
vt 0.194331 0.408607
vt 0.193850 0.384935
vt 0.198332 0.384513
vt 0.193623 0.360459
vt 0.550101 0.206392
vt 0.553501 0.229289
vt 0.549248 0.229543
vt 0.197584 0.360236
vt 0.023398 0.345995
vt 0.528077 0.345869
vt 0.522870 0.346002
vt 0.523443 0.323772
vt 0.528200 0.323469
vt 0.448940 0.557270
vt 0.443816 0.535451
vt 0.448234 0.535291
vt 0.443627 0.558112
vt 0.528738 0.369956
vt 0.226672 0.406595
vt 0.226276 0.431518
vt 0.221416 0.430155
vt 0.220813 0.446335
vt 0.214846 0.445553
vt 0.444471 0.573280
vt 0.221456 0.405386
vt 0.018079 0.412637
vt 0.024073 0.435345
vt 0.018508 0.435737
vt 0.025212 0.449400
vt 0.386480 0.658152
vt 0.381813 0.658321
vt 0.381598 0.672708
vt 0.629114 0.973254
vt 0.624387 0.967519
vt 0.629114 0.963808
vt 0.389538 0.678755
vt 0.389538 0.672386
vt 0.017065 0.449610
vt 0.025436 0.455837
vt 0.018994 0.460171
vt 0.017293 0.455535
vt 0.024887 0.459954
vt 0.621902 0.970825
vt 0.611335 0.940638
vt 0.605914 0.936671
vt 0.610316 0.935310
vt 0.623536 0.974984
vt 0.605914 0.942581
vt 0.615422 0.937853
vt 0.617218 0.941857
vt 0.614058 0.947277
vt 0.609637 0.946564
vt 0.971079 0.593456
vt 0.971761 0.598022
vt 0.965546 0.597218
vt 0.966107 0.592427
vt 0.975461 0.592427
vt 0.226486 0.447285
vt 0.226672 0.453796
vt 0.220554 0.454348
vt 0.213549 0.453079
vt 0.215826 0.457353
vt 0.971820 0.827601
vt 0.975073 0.832755
vt 0.966533 0.832755
vt 0.965546 0.827996
vt 0.436448 0.578084
vt 0.444458 0.580580
vt 0.439085 0.570993
vt 0.525916 0.392712
vt 0.520691 0.385836
vt 0.526725 0.384706
vt 0.971824 0.048281
vt 0.970896 0.042870
vt 0.976197 0.042425
vt 0.976197 0.048518
vt 0.520878 0.392250
vt 0.985652 0.062838
vt 0.982668 0.066668
vt 0.977613 0.062838
vt 0.968264 0.048306
vt 0.965546 0.043855
vt 0.985530 0.206604
vt 0.977613 0.206604
vt 0.979824 0.203311
vt 0.783551 0.397258
vt 0.777083 0.391229
vt 0.783182 0.391069
vt 0.874946 0.931298
vt 0.880566 0.932748
vt 0.875258 0.947156
vt 0.776885 0.376854
vt 0.879889 0.947156
vt 0.200335 0.432532
vt 0.194691 0.433294
vt 0.521887 0.369803
vt 0.614177 0.934602
vt 0.608995 0.930067
vt 0.615731 0.930435
vt 0.776885 0.398187
vt 0.511389 0.234728
vt 0.516885 0.233432
vt 0.517651 0.253526
vt 0.275581 0.297878
vt 0.285459 0.315895
vt 0.278968 0.317067
vt 0.286025 0.296747
vt 0.274214 0.292245
vt 0.787198 0.977370
vt 0.787198 0.985700
vt 0.781950 0.979362
vt 0.881801 0.977370
vt 0.885697 0.981726
vt 0.881801 0.985617
vt 0.292522 0.879678
vt 0.294994 0.861213
vt 0.297716 0.879681
vt 0.513683 0.254133
vt 0.288600 0.862114
vt 0.288345 0.855802
vt 0.295521 0.855378
vt 0.462267 0.258758
vt 0.462315 0.239785
vt 0.469900 0.241732
vt 0.468193 0.259999
vt 0.413984 0.936612
vt 0.419469 0.946591
vt 0.413618 0.947473
vt 0.462728 0.233432
vt 0.360486 0.307792
vt 0.361202 0.287150
vt 0.367179 0.287962
vt 0.367150 0.307566
vt 0.367980 0.281217
vt 0.094318 0.310720
vt 0.100981 0.310124
vt 0.101044 0.317875
vt 0.093998 0.318929
vt 0.100855 0.336498
vt 0.361262 0.278643
vt 0.100787 0.302599
vt 0.371007 0.270869
vt 0.361250 0.270390
vt 0.360874 0.261571
vt 0.369250 0.261813
vt 0.092378 0.302488
vt 0.094362 0.293735
vt 0.100731 0.294364
vt 0.286235 0.288496
vt 0.278726 0.284783
vt 0.285319 0.279526
vt 0.273492 0.276763
vt 0.281164 0.270200
vt 0.287642 0.271570
vt 0.268442 0.283522
vt 0.985144 0.460363
vt 0.977613 0.463316
vt 0.977613 0.458942
vt 0.987110 0.530798
vt 0.993314 0.531391
vt 0.992005 0.535685
vt 0.987110 0.536091
vt 0.266597 0.289301
vt 0.993008 0.229388
vt 0.993681 0.234739
vt 0.987110 0.234739
vt 0.945419 0.897586
vt 0.941046 0.897689
vt 0.942076 0.889613
vt 0.962769 0.617741
vt 0.956527 0.623113
vt 0.954266 0.616994
vt 0.923898 0.977370
vt 0.928856 0.981596
vt 0.923898 0.985498
vt 0.928263 0.955442
vt 0.927728 0.949006
vt 0.934906 0.950528
vt 0.927728 0.961159
vt 0.934467 0.956735
vt 0.309622 0.872711
vt 0.303875 0.871068
vt 0.306065 0.864303
vt 0.060549 0.986655
vt 0.060549 0.977370
vt 0.064723 0.982163
vt 0.993889 0.024178
vt 0.987110 0.019122
vt 0.993889 0.018130
vt 0.642082 0.947353
vt 0.643139 0.940471
vt 0.648920 0.942020
vt 0.298997 0.869773
vt 0.301280 0.861209
vt 0.308533 0.857815
vt 0.302210 0.876795
vt 0.843080 0.355454
vt 0.849028 0.349230
vt 0.849722 0.355438
vt 0.855150 0.353958
vt 0.840938 0.347132
vt 0.847614 0.340584
vt 0.421634 0.938610
vt 0.428077 0.941344
vt 0.422047 0.930724
vt 0.308119 0.878274
vt 0.301558 0.880707
vt 0.856027 0.357726
vt 0.852360 0.360345
vt 0.291296 0.844096
vt 0.297716 0.849291
vt 0.289595 0.848197
vt 0.297484 0.844902
vt 0.306157 0.884892
vt 0.311406 0.884109
vt 0.339461 0.949006
vt 0.333665 0.952904
vt 0.333773 0.949006
vt 0.340342 0.953414
vt 0.333176 0.959608
vt 0.426838 0.947473
vt 0.643416 0.935432
vt 0.649295 0.936750
vt 0.304727 0.853515
vt 0.310574 0.853537
vt 0.644832 0.930430
vt 0.307345 0.848648
vt 0.314103 0.849824
vt 0.648975 0.930746
vt 0.972318 0.297475
vt 0.971336 0.292806
vt 0.976023 0.292916
vt 0.849490 0.326638
vt 0.853471 0.321967
vt 0.856027 0.324543
vt 0.379539 0.969737
vt 0.379539 0.975434
vt 0.376303 0.974033
vt 0.965546 0.297475
vt 0.966506 0.295054
vt 0.508281 0.975297
vt 0.506511 0.969492
vt 0.509139 0.968763
vt 0.374412 0.971900
vt 0.375403 0.967204
vt 0.379266 0.963808
vt 0.442707 0.955736
vt 0.435569 0.954857
vt 0.437294 0.949035
vt 0.505427 0.963808
vt 0.442707 0.949006
vt 0.979295 0.791284
vt 0.984626 0.798033
vt 0.977613 0.798033
vt 0.360400 0.252102
vt 0.360634 0.245127
vt 0.367584 0.246221
vt 0.440438 0.961796
vt 0.094064 0.285769
vt 0.101600 0.285301
vt 0.094039 0.280558
vt 0.368546 0.252604
vt 0.841128 0.337914
vt 0.842666 0.329052
vt 0.848741 0.332166
vt 0.845146 0.322954
vt 0.288003 0.263497
vt 0.283508 0.263973
vt 0.284028 0.258946
vt 0.287542 0.258062
vt 0.509366 0.963808
vt 0.655254 0.936253
vt 0.656254 0.930430
vt 0.658996 0.934486
vt 0.658898 0.939989
vt 0.064149 0.993808
vt 0.062219 0.989869
vt 0.064149 0.988104
vt 0.654599 0.941194
vt 0.654345 0.931392
vt 0.947170 0.887523
vt 0.941046 0.884039
vt 0.944959 0.881034
vt 0.950169 0.623113
vt 0.948518 0.617639
vt 0.984084 0.791451
vt 0.851265 0.320309
vt 0.314103 0.879985
vt 0.340900 0.961956
vt 0.100202 0.364251
vt 0.093304 0.337990
vt 0.366276 0.336867
vt 0.359829 0.338270
vt 0.368429 0.366538
vt 0.465669 0.288259
vt 0.459787 0.287287
vt 0.460941 0.316461
vt 0.467779 0.317601
vt 0.379498 0.454292
vt 0.373368 0.481731
vt 0.373340 0.453151
vt 0.380282 0.427847
vt 0.375119 0.427046
vt 0.519410 0.283381
vt 0.514810 0.283550
vt 0.518300 0.312706
vt 0.379907 0.481946
vt 0.513610 0.312902
vt 0.281357 0.372657
vt 0.287038 0.371992
vt 0.286090 0.401637
vt 0.280487 0.402030
vt 0.281934 0.344892
vt 0.517384 0.343898
vt 0.286608 0.429329
vt 0.279828 0.429700
vt 0.512323 0.344422
vt 0.517347 0.373609
vt 0.379957 0.511562
vt 0.373943 0.511232
vt 0.374791 0.539284
vt 0.511567 0.374281
vt 0.379899 0.539391
vt 0.380282 0.550601
vt 0.463271 0.387838
vt 0.464369 0.376458
vt 0.469900 0.377355
vt 0.469114 0.348153
vt 0.373493 0.550486
vt 0.469171 0.389375
vt 0.613700 0.985939
vt 0.609266 0.980599
vt 0.613700 0.977370
vt 0.410459 0.977370
vt 0.410459 0.986173
vt 0.405944 0.981214
vt 0.464513 0.395680
vt 0.468851 0.395201
vt 0.987110 0.128474
vt 0.992965 0.125164
vt 0.993920 0.128597
vt 0.083725 0.995156
vt 0.084167 0.999098
vt 0.080814 0.999098
vt 0.987110 0.125838
vt 0.199344 0.995734
vt 0.201367 0.995156
vt 0.201367 0.998937
vt 0.973770 0.384353
vt 0.975510 0.387163
vt 0.972327 0.386961
vt 0.637091 0.992901
vt 0.633605 0.992901
vt 0.635982 0.988104
vt 0.468296 0.398212
vt 0.464146 0.398209
vt 0.404858 0.993379
vt 0.404858 0.988104
vt 0.406469 0.990843
vt 0.988271 0.972043
vt 0.991285 0.971198
vt 0.992889 0.974117
vt 0.987109 0.974117
vt 0.993832 0.242019
vt 0.987110 0.242019
vt 0.992468 0.239878
vt 0.820264 0.988104
vt 0.820264 0.992614
vt 0.818534 0.989202
vt 0.159486 0.995156
vt 0.160809 0.999030
vt 0.158627 0.999030
vt 0.993843 0.187454
vt 0.987110 0.187454
vt 0.987844 0.184132
vt 0.280019 0.446245
vt 0.286198 0.448920
vt 0.281398 0.449752
vt 0.288003 0.445352
vt 0.466590 0.969784
vt 0.471605 0.972508
vt 0.466313 0.973793
vt 0.467804 0.975281
vt 0.965546 0.385649
vt 0.966643 0.381074
vt 0.967673 0.384165
vt 0.971008 0.382221
vt 0.472572 0.969357
vt 0.971384 0.380850
vt 0.368709 0.446706
vt 0.367969 0.449216
vt 0.363371 0.448469
vt 0.363243 0.445292
vt 0.363895 0.439317
vt 0.964173 0.026515
vt 0.959579 0.032739
vt 0.958553 0.026704
vt 0.466313 0.963808
vt 0.949298 0.031744
vt 0.287573 0.439095
vt 0.279547 0.440190
vt 0.518070 0.385204
vt 0.511389 0.386279
vt 0.518202 0.391629
vt 0.364845 0.428185
vt 0.370536 0.428493
vt 0.948518 0.026515
vt 0.370606 0.440027
vt 0.369712 0.398696
vt 0.363803 0.398591
vt 0.101600 0.448579
vt 0.096345 0.421464
vt 0.101163 0.421093
vt 0.096296 0.448521
vt 0.361543 0.367561
vt 0.463019 0.347608
vt 0.095478 0.392270
vt 0.100805 0.391728
vt 0.094824 0.365024
vt 0.287768 0.344311
vt 0.371007 0.447066
vt 0.370370 0.449695
vt 0.973856 0.380850
vt 0.972162 0.383373
vt 0.975659 0.383076
vt 0.462305 0.394947
vt 0.461617 0.397418
vt 0.969914 0.385559
vt 0.970547 0.389373
vt 0.967429 0.388982
vt 0.511519 0.392750
vt 0.710116 0.112206
vt 0.715626 0.100493
vt 0.721927 0.114943
vt 0.313202 0.337003
vt 0.308003 0.326104
vt 0.322267 0.328308
vt 0.300739 0.345647
vt 0.705652 0.127532
vt 0.300659 0.324997
vt 0.294552 0.320633
vt 0.287754 0.351610
vt 0.703863 0.142783
vt 0.731062 0.127752
vt 0.725142 0.122410
vt 0.280863 0.520564
vt 0.280579 0.512811
vt 0.285714 0.520700
vt 0.285726 0.319074
vt 0.289778 0.317213
vt 0.281315 0.530390
vt 0.285637 0.314205
vt 0.278133 0.320855
vt 0.274748 0.354661
vt 0.735695 0.145217
vt 0.704819 0.157373
vt 0.263609 0.154862
vt 0.265947 0.124416
vt 0.272460 0.145478
vt 0.269271 0.342284
vt 0.268017 0.354672
vt 0.271615 0.156481
vt 0.274648 0.126175
vt 0.278513 0.157875
vt 0.273506 0.156863
vt 0.406315 0.974165
vt 0.408239 0.974644
vt 0.406315 0.985026
vt 0.267821 0.351608
vt 0.266428 0.354675
vt 0.262219 0.354683
vt 0.293177 0.157868
vt 0.283208 0.126170
vt 0.258995 0.116494
vt 0.271584 0.097071
vt 0.257441 0.120960
vt 0.253172 0.118277
vt 0.280769 0.505649
vt 0.286407 0.483449
vt 0.286597 0.505812
vt 0.286407 0.512974
vt 0.735695 0.131940
vt 0.735137 0.136699
vt 0.313266 0.101998
vt 0.270232 0.084253
vt 0.309809 0.109517
vt 0.291300 0.124402
vt 0.280579 0.483286
vt 0.298611 0.120939
vt 0.284982 0.279050
vt 0.288562 0.281053
vt 0.284229 0.293838
vt 0.280650 0.291836
vt 0.304860 0.115912
vt 0.330265 0.140296
vt 0.338742 0.129341
vt 0.319365 0.111404
vt 0.344663 0.116461
vt 0.342148 0.121932
vt 0.939661 0.037260
vt 0.958105 0.035737
vt 0.958105 0.039944
vt 0.339219 0.128303
vt 0.188566 0.871640
vt 0.192480 0.871658
vt 0.188566 0.895298
vt 0.220568 0.298944
vt 0.246504 0.288329
vt 0.239728 0.297434
vt 0.247185 0.279441
vt 0.221736 0.283720
vt 0.347802 0.102151
vt 0.221159 0.305034
vt 0.249336 0.270376
vt 0.225419 0.268192
vt 0.315098 0.093644
vt 0.348038 0.086961
vt 0.315236 0.084776
vt 0.339123 0.076192
vt 0.347325 0.082832
vt 0.234580 0.258524
vt 0.227034 0.264130
vt 0.974413 0.231007
vt 0.974187 0.229870
vt 0.983783 0.229870
vt 0.252871 0.261483
vt 0.992037 0.980246
vt 0.992043 0.981511
vt 0.989167 0.981063
vt 0.233191 0.253642
vt 0.232498 0.258334
vt 0.989163 0.980312
vt 0.231340 0.255285
vt 0.994776 0.219544
vt 0.996357 0.219544
vt 0.996418 0.219973
vt 0.998915 0.219748
vt 0.998893 0.219577
vt 0.243677 0.250558
vt 0.234362 0.252624
vt 0.985218 0.980434
vt 0.985217 0.980246
vt 0.994849 0.220094
vt 0.586471 0.984773
vt 0.586870 0.974165
vt 0.587474 0.974165
vt 0.588898 0.984773
vt 0.329847 0.066980
vt 0.341601 0.070636
vt 0.342788 0.071822
vt 0.310471 0.066870
vt 0.339877 0.056289
vt 0.342704 0.064115
vt 0.432246 0.957919
vt 0.432319 0.972330
vt 0.429889 0.972330
vt 0.313674 0.075736
vt 0.331793 0.041985
vt 0.305752 0.058520
vt 0.321421 0.029114
vt 0.299697 0.051006
vt 0.263703 0.057065
vt 0.292539 0.044616
vt 0.307790 0.029737
vt 0.284554 0.039598
vt 0.298138 0.021752
vt 0.309160 0.018169
vt 0.276047 0.036142
vt 0.266998 0.042046
vt 0.280909 0.003653
vt 0.295481 0.009572
vt 0.299614 0.197028
vt 0.285056 0.230613
vt 0.286607 0.200079
vt 0.292649 0.228832
vt 0.297546 0.213996
vt 0.303518 0.207022
vt 0.312142 0.197006
vt 0.266005 0.000640
vt 0.272129 0.012408
vt 0.276352 0.020594
vt 0.309177 0.204752
vt 0.322267 0.199639
vt 0.266332 0.008855
vt 0.253172 0.000647
vt 0.626745 0.944624
vt 0.626341 0.955583
vt 0.625324 0.944624
vt 0.624983 0.939834
vt 0.626819 0.939834
vt 0.298286 0.236699
vt 0.297751 0.228823
vt 0.926632 0.759722
vt 0.926632 0.753307
vt 0.932456 0.753600
vt 0.932455 0.760015
vt 0.297060 0.252679
vt 0.301865 0.238701
vt 0.263508 0.245559
vt 0.270200 0.239140
vt 0.277476 0.234093
vt 0.300639 0.254681
vt 0.270970 0.217272
vt 0.280684 0.211176
vt 0.273623 0.206041
vt 0.261159 0.214686
vt 0.266473 0.213687
vt 0.268851 0.212817
vt 0.971708 0.547337
vt 0.965490 0.545782
vt 0.971949 0.545550
vt 0.863242 0.984161
vt 0.861644 0.983713
vt 0.863242 0.974165
vt 0.272988 0.206482
vt 0.965401 0.546442
vt 0.312386 0.025769
vt 0.315054 0.027091
vt 0.963206 0.545586
vt 0.318419 0.026434
vt 0.963136 0.546097
vt 0.959385 0.545550
vt 0.264211 0.212570
vt 0.309785 0.018727
vt 0.992902 0.457615
vt 0.985217 0.457615
vt 0.992895 0.455957
vt 0.982567 0.967567
vt 0.982126 0.969028
vt 0.974187 0.967567
vt 0.279839 0.203187
vt 0.282251 0.202080
vt 0.300070 0.012457
vt 0.302611 0.014054
vt 0.257657 0.253103
vt 0.239673 0.238604
vt 0.249696 0.225682
vt 0.269978 0.034915
vt 0.927990 0.740921
vt 0.931098 0.741077
vt 0.304644 0.207652
vt 0.299457 0.215065
vt 0.235449 0.246001
vt 0.344700 0.073701
vt 0.342019 0.076381
vt 0.247316 0.296699
vt 0.249592 0.304229
vt 0.221960 0.313282
vt 0.253243 0.310629
vt 0.225858 0.326180
vt 0.258130 0.315655
vt 0.232113 0.337144
vt 0.240484 0.345753
vt 0.264065 0.319112
vt 0.250650 0.351675
vt 0.270819 0.320868
vt 0.307036 0.154839
vt 0.319560 0.148906
vt 0.221848 0.312127
vt 0.284742 0.530486
vt 0.283814 0.539568
vt 0.281413 0.539500
vt 0.281815 0.557039
vt 0.036480 0.415810
vt 0.036480 0.433057
vt 0.033447 0.421618
vt 0.466582 0.303270
vt 0.470726 0.320323
vt 0.467199 0.320450
vt 0.470109 0.303143
vt 0.030644 0.409356
vt 0.028288 0.412997
vt 0.466334 0.296370
vt 0.032530 0.420250
vt 0.910572 0.002327
vt 0.914101 0.002327
vt 0.914101 0.023054
vt 0.011773 0.420389
vt 0.026686 0.414599
vt 0.910572 0.023054
vt 0.959385 0.924668
vt 0.960757 0.928198
vt 0.959385 0.928198
vt 0.960757 0.924668
vt 0.014593 0.414599
vt 0.918563 0.284966
vt 0.918563 0.272873
vt 0.922093 0.284966
vt 0.918563 0.286565
vt 0.922093 0.269554
vt 0.434993 0.445089
vt 0.420080 0.439299
vt 0.435492 0.439137
vt 0.922093 0.286565
vt 0.418477 0.437697
vt 0.414236 0.444950
vt 0.410285 0.440510
vt 0.416122 0.434056
vt 0.418477 0.408852
vt 0.779563 0.551285
vt 0.783093 0.580129
vt 0.779563 0.580129
vt 0.465551 0.274566
vt 0.469079 0.274440
vt 0.469861 0.296244
vt 0.416122 0.412167
vt 0.465319 0.268089
vt 0.468846 0.267962
vt 0.410285 0.405191
vt 0.410285 0.374398
vt 0.418511 0.380995
vt 0.467745 0.237290
vt 0.419313 0.402628
vt 0.418511 0.401026
vt 0.994776 0.375592
vt 0.994776 0.373188
vt 0.998306 0.373188
vt 0.074840 0.893446
vt 0.078370 0.895045
vt 0.074840 0.895045
vt 0.421266 0.405700
vt 0.421716 0.402628
vt 0.437145 0.388401
vt 0.783093 0.530752
vt 0.779563 0.548120
vt 0.779563 0.530752
vt 0.783093 0.551285
vt 0.028288 0.384152
vt 0.036480 0.380491
vt 0.027453 0.377928
vt 0.030644 0.387467
vt 0.025049 0.377928
vt 0.009621 0.363701
vt 0.751720 0.608990
vt 0.748191 0.608990
vt 0.748191 0.588400
vt 0.007422 0.358699
vt 0.998306 0.375592
vt 0.751720 0.588400
vt 0.748191 0.584407
vt 0.008365 0.363695
vt 0.007985 0.364358
vt 0.004804 0.349697
vt 0.007422 0.354693
vt 0.008223 0.353891
vt 0.920165 0.236204
vt 0.920165 0.237053
vt 0.916636 0.237053
vt 0.916636 0.236204
vt 0.751720 0.584407
vt 0.439344 0.383399
vt 0.439344 0.379392
vt 0.441962 0.374397
vt 0.438542 0.378591
vt 0.420915 0.378591
vt 0.410285 0.369582
vt 0.441962 0.369582
vt 0.453923 0.371807
vt 0.451606 0.439994
vt 0.450396 0.371687
vt 0.450933 0.366886
vt 0.441962 0.442625
vt 0.439310 0.401002
vt 0.438781 0.389058
vt 0.448078 0.439875
vt 0.447405 0.366766
vt 0.447765 0.356188
vt 0.418474 0.367699
vt 0.441962 0.358998
vt 0.425898 0.354544
vt 0.881123 0.957919
vt 0.881123 0.970090
vt 0.877594 0.962866
vt 0.438069 0.354544
vt 0.877594 0.970090
vt 0.881123 0.971608
vt 0.418474 0.353380
vt 0.424377 0.353023
vt 0.424377 0.340852
vt 0.863166 0.959444
vt 0.866696 0.971614
vt 0.863166 0.971614
vt 0.877594 0.971608
vt 0.866696 0.959444
vt 0.028292 0.328678
vt 0.022389 0.328321
vt 0.022389 0.316151
vt 0.020868 0.329843
vt 0.023737 0.310402
vt 0.021628 0.314629
vt 0.866696 0.957919
vt 0.036480 0.324738
vt 0.465929 0.197133
vt 0.470006 0.212315
vt 0.466478 0.212441
vt 0.467199 0.232504
vt 0.032269 0.328678
vt 0.036480 0.344880
vt 0.994776 0.237294
vt 0.994776 0.233764
vt 0.998746 0.233764
vt 0.998746 0.237294
vt 0.467728 0.957919
vt 0.471257 0.957919
vt 0.471257 0.972238
vt 0.032269 0.342997
vt 0.467728 0.972238
vt 0.998754 0.226183
vt 0.998754 0.229712
vt 0.997137 0.229712
vt 0.030652 0.342997
vt 0.028292 0.342997
vt 0.994776 0.229712
vt 0.994776 0.226183
vt 0.550176 0.972191
vt 0.546647 0.972191
vt 0.546647 0.957919
vt 0.004804 0.344880
vt 0.013644 0.329843
vt 0.414497 0.367699
vt 0.414497 0.353380
vt 0.410285 0.349440
vt 0.036480 0.349699
vt 0.464217 0.237416
vt 0.470726 0.232378
vt 0.028254 0.356295
vt 0.025851 0.353891
vt 0.027453 0.354693
vt 0.916636 0.256199
vt 0.916636 0.254648
vt 0.920165 0.254648
vt 0.920165 0.256199
vt 0.419313 0.379392
vt 0.074840 0.873415
vt 0.074840 0.871809
vt 0.078370 0.871809
vt 0.028254 0.376326
vt 0.078370 0.873415
vt 0.078370 0.893446
vt 0.469456 0.197006
vt 0.423028 0.335104
vt 0.912319 0.131868
vt 0.915849 0.131868
vt 0.915849 0.147011
vt 0.912319 0.147011
vt 0.438161 0.330325
vt 0.435286 0.332961
vt 0.430462 0.337394
vt 0.425137 0.339331
vt 0.433525 0.335402
vt 0.120963 0.993403
vt 0.120963 0.988204
vt 0.124492 0.988204
vt 0.120963 0.986967
vt 0.433224 0.338394
vt 0.431622 0.338712
vt 0.432554 0.341172
vt 0.990659 0.066315
vt 0.993394 0.062785
vt 0.993394 0.066315
vt 0.434464 0.341135
vt 0.990659 0.062785
vt 0.987666 0.066315
vt 0.015143 0.314010
vt 0.014212 0.316470
vt 0.013541 0.313692
vt 0.016304 0.312692
vt 0.012302 0.316433
vt 0.013240 0.310700
vt 0.987666 0.062785
vt 0.985217 0.066315
vt 0.985217 0.062785
vt 0.011479 0.308259
vt 0.990780 0.029199
vt 0.990780 0.025669
vt 0.993449 0.025669
vt 0.993449 0.029199
vt 0.008730 0.307023
vt 0.008604 0.305623
vt 0.987767 0.029199
vt 0.987767 0.025669
vt 0.005730 0.307324
vt 0.006215 0.305623
vt 0.003826 0.306420
vt 0.912319 0.127091
vt 0.915849 0.129478
vt 0.912319 0.129478
vt 0.915849 0.127091
vt 0.440551 0.330325
vt 0.442940 0.331122
vt 0.441036 0.332025
vt 0.438035 0.331725
vt 0.912319 0.125501
vt 0.915849 0.125501
vt 0.444533 0.332714
vt 0.443484 0.333781
vt 0.446126 0.335900
vt 0.444723 0.336522
vt 0.985217 0.029199
vt 0.985217 0.025669
vt 0.987849 0.035287
vt 0.985217 0.038817
vt 0.985217 0.035287
vt 0.444422 0.339514
vt 0.990856 0.035287
vt 0.987849 0.038817
vt 0.990856 0.038817
vt 0.000640 0.311199
vt 0.002042 0.311820
vt 0.002343 0.314812
vt 0.003282 0.309079
vt 0.000640 0.329517
vt 0.004104 0.317253
vt 0.993431 0.035287
vt 0.993431 0.038817
vt 0.987969 0.048358
vt 0.987969 0.051887
vt 0.985217 0.051887
vt 0.985217 0.048358
vt 0.007176 0.321475
vt 0.006853 0.318489
vt 0.007176 0.328321
vt 0.532987 0.986967
vt 0.536517 0.986967
vt 0.536517 0.987772
vt 0.007936 0.320715
vt 0.981010 0.878438
vt 0.974187 0.881968
vt 0.974187 0.878438
vt 0.981010 0.881968
vt 0.004804 0.334296
vt 0.982649 0.881968
vt 0.008697 0.329843
vt 0.451292 0.356308
vt 0.447928 0.351394
vt 0.451455 0.351514
vt 0.448550 0.333086
vt 0.446126 0.354219
vt 0.439590 0.353023
vt 0.439590 0.346177
vt 0.442661 0.341955
vt 0.877594 0.957919
vt 0.982649 0.878438
vt 0.438829 0.345416
vt 0.439912 0.343191
vt 0.532987 0.987772
vt 0.536517 0.990096
vt 0.436912 0.342891
vt 0.436547 0.344656
vt 0.532987 0.990096
vt 0.532987 0.992590
vt 0.536517 0.992590
vt 0.009854 0.318189
vt 0.012634 0.318584
vt 0.010218 0.319954
vt 0.990969 0.048358
vt 0.990969 0.051887
vt 0.993413 0.048358
vt 0.993413 0.051887
vt 0.999133 0.058041
vt 0.999133 0.061570
vt 0.997153 0.061570
vt 0.434131 0.343286
vt 0.997153 0.058041
vt 0.452077 0.333206
vt 0.002233 0.308013
vt 0.448658 0.329909
vt 0.452185 0.330029
vt 0.994776 0.058041
vt 0.994776 0.061570
vt 0.124492 0.986967
vt 0.124492 0.993403
vt 0.863166 0.957919
vt 0.550176 0.957919
vt 0.006215 0.422704
vt 0.004804 0.417925
vt 0.010972 0.421190
vt 0.451443 0.444777
vt 0.009950 0.414356
vt 0.007839 0.412333
vt 0.008558 0.413581
vt 0.922093 0.268230
vt 0.918563 0.268230
vt 0.918563 0.266836
vt 0.436815 0.439056
vt 0.922093 0.266836
vt 0.438207 0.438281
vt 0.377751 0.766371
vt 0.374222 0.766371
vt 0.374222 0.765069
vt 0.438926 0.437033
vt 0.377751 0.765069
vt 0.377751 0.729124
vt 0.374222 0.717263
vt 0.910572 0.001479
vt 0.914101 0.001479
vt 0.757487 0.957919
vt 0.753958 0.959946
vt 0.753958 0.957919
vt 0.011012 0.423220
vt 0.020627 0.434437
vt 0.020551 0.437664
vt 0.757487 0.959946
vt 0.753958 0.971902
vt 0.435753 0.447920
vt 0.435794 0.445890
vt 0.440551 0.447403
vt 0.426214 0.462364
vt 0.426138 0.459137
vt 0.757487 0.971902
vt 0.416200 0.459172
vt 0.969324 0.513705
vt 0.959385 0.513705
vt 0.959385 0.510176
vt 0.969324 0.510176
vt 0.972037 0.513705
vt 0.972037 0.510176
vt 0.413481 0.456465
vt 0.410285 0.457757
vt 0.415064 0.462364
vt 0.434192 0.956012
vt 0.430663 0.956012
vt 0.430663 0.950964
vt 0.434192 0.950964
vt 0.430663 0.939834
vt 0.031702 0.437664
vt 0.030566 0.434472
vt 0.434192 0.939834
vt 0.413319 0.446318
vt 0.970903 0.924668
vt 0.970903 0.928198
vt 0.033285 0.431765
vt 0.450933 0.459791
vt 0.447405 0.459671
vt 0.447916 0.444657
vt 0.377751 0.717263
vt 0.374222 0.716632
vt 0.377751 0.716632
vt 0.438401 0.388395
vt 0.998306 0.385794
vt 0.994776 0.385794
vt 0.994776 0.384541
vt 0.998306 0.384541
vt 0.368974 0.456480
vt 0.369591 0.439300
vt 0.373118 0.439427
vt 0.373366 0.432527
vt 0.406104 0.108013
vt 0.397912 0.110827
vt 0.403749 0.104373
vt 0.372501 0.456607
vt 0.397912 0.128074
vt 0.400946 0.116634
vt 0.401863 0.115267
vt 0.960757 0.929478
vt 0.960757 0.933007
vt 0.959385 0.933007
vt 0.970903 0.933007
vt 0.401108 0.126781
vt 0.970903 0.929478
vt 0.403827 0.129488
vt 0.972037 0.508896
vt 0.969324 0.505366
vt 0.972037 0.505366
vt 0.402691 0.132681
vt 0.413841 0.132681
vt 0.413765 0.129454
vt 0.959385 0.508896
vt 0.959385 0.505366
vt 0.969324 0.508896
vt 0.446126 0.324439
vt 0.440211 0.325853
vt 0.442930 0.323146
vt 0.441347 0.329045
vt 0.430197 0.329045
vt 0.430273 0.325819
vt 0.439001 0.939834
vt 0.439001 0.950964
vt 0.435472 0.950964
vt 0.435472 0.939834
vt 0.415860 0.314085
vt 0.420658 0.314601
vt 0.456899 0.115387
vt 0.457409 0.130402
vt 0.453881 0.130522
vt 0.420617 0.312571
vt 0.758767 0.959946
vt 0.762296 0.959946
vt 0.762296 0.971902
vt 0.758767 0.971902
vt 0.758767 0.957919
vt 0.911127 0.782403
vt 0.911127 0.781555
vt 0.914656 0.781555
vt 0.762296 0.957919
vt 0.914656 0.782403
vt 0.421418 0.311770
vt 0.414449 0.309306
vt 0.456736 0.110605
vt 0.453371 0.115507
vt 0.453209 0.110725
vt 0.414449 0.241078
vt 0.417101 0.267683
vt 0.454419 0.042417
vt 0.419596 0.305737
vt 0.418204 0.304963
vt 0.417485 0.303714
vt 0.429589 0.112941
vt 0.428178 0.117720
vt 0.423421 0.116207
vt 0.424442 0.109372
vt 0.422620 0.115405
vt 0.425834 0.108598
vt 0.426553 0.107349
vt 0.426408 0.059375
vt 0.429589 0.044714
vt 0.450891 0.042537
vt 0.419800 0.109616
vt 0.922032 0.051306
vt 0.922032 0.052699
vt 0.918503 0.052699
vt 0.918503 0.054023
vt 0.922032 0.057343
vt 0.918503 0.069435
vt 0.407707 0.109616
vt 0.922032 0.069435
vt 0.420919 0.305819
vt 0.436331 0.305981
vt 0.922032 0.071034
vt 0.918503 0.071034
vt 0.442175 0.311632
vt 0.437933 0.304378
vt 0.911127 0.803131
vt 0.914656 0.803131
vt 0.959385 0.929478
vt 0.446126 0.307192
vt 0.443092 0.312999
vt 0.437933 0.275534
vt 0.440289 0.300738
vt 0.783015 0.379287
vt 0.779486 0.350442
vt 0.783015 0.350442
vt 0.779486 0.379287
vt 0.403749 0.082483
vt 0.406104 0.079169
vt 0.397912 0.075508
vt 0.409343 0.072945
vt 0.424772 0.058717
vt 0.406940 0.072945
vt 0.783015 0.347278
vt 0.779486 0.329909
vt 0.406138 0.071342
vt 0.897830 0.870813
vt 0.894300 0.872412
vt 0.894300 0.870813
vt 0.897830 0.872412
vt 0.998306 0.379275
vt 0.994776 0.376872
vt 0.998306 0.376872
vt 0.994776 0.379275
vt 0.298096 0.786007
vt 0.298096 0.806597
vt 0.294566 0.806597
vt 0.294566 0.786007
vt 0.417067 0.250080
vt 0.434695 0.269310
vt 0.419266 0.255082
vt 0.437098 0.269310
vt 0.435145 0.272382
vt 0.418010 0.255076
vt 0.998306 0.387073
vt 0.994776 0.388326
vt 0.994776 0.387073
vt 0.783015 0.329909
vt 0.417630 0.255740
vt 0.998306 0.388326
vt 0.774677 0.330540
vt 0.774677 0.329909
vt 0.778206 0.329909
vt 0.778206 0.330540
vt 0.774677 0.342402
vt 0.426028 0.058711
vt 0.426971 0.053715
vt 0.298096 0.782014
vt 0.417067 0.246074
vt 0.294566 0.782014
vt 0.417869 0.245273
vt 0.920174 0.443432
vt 0.916645 0.442584
vt 0.920174 0.442584
vt 0.916645 0.443432
vt 0.916645 0.461027
vt 0.435496 0.245273
vt 0.920174 0.461027
vt 0.920174 0.462578
vt 0.446126 0.241080
vt 0.437098 0.246074
vt 0.375483 0.373573
vt 0.374381 0.404246
vt 0.371955 0.373447
vt 0.372501 0.368661
vt 0.368974 0.368535
vt 0.446126 0.236263
vt 0.370854 0.404119
vt 0.446126 0.271873
vt 0.437899 0.247676
vt 0.437899 0.267707
vt 0.897830 0.850782
vt 0.894300 0.850782
vt 0.894300 0.849176
vt 0.897830 0.849176
vt 0.397912 0.044715
vt 0.406940 0.049709
vt 0.406138 0.051311
vt 0.916645 0.462578
vt 0.408542 0.048908
vt 0.440289 0.278848
vt 0.370621 0.410597
vt 0.369839 0.432401
vt 0.374149 0.410723
vt 0.414449 0.236263
vt 0.441914 0.234380
vt 0.441914 0.220061
vt 0.446126 0.216121
vt 0.437937 0.234380
vt 0.369694 0.348472
vt 0.373222 0.348598
vt 0.370244 0.333163
vt 0.373771 0.333290
vt 0.433382 0.201785
vt 0.432034 0.207534
vt 0.437937 0.220061
vt 0.871505 0.959444
vt 0.867976 0.959444
vt 0.867976 0.957919
vt 0.871505 0.957919
vt 0.431274 0.206012
vt 0.867976 0.971614
vt 0.871505 0.971614
vt 0.432034 0.219704
vt 0.876314 0.970090
vt 0.876314 0.971608
vt 0.872785 0.971608
vt 0.872785 0.970090
vt 0.430513 0.221226
vt 0.872785 0.957919
vt 0.876314 0.962866
vt 0.418342 0.221226
vt 0.414449 0.225679
vt 0.457049 0.026919
vt 0.457409 0.037497
vt 0.453881 0.037617
vt 0.453522 0.027039
vt 0.456886 0.022125
vt 0.410285 0.220900
vt 0.416821 0.219704
vt 0.416821 0.212858
vt 0.974187 0.883247
vt 0.981010 0.886777
vt 0.974187 0.886777
vt 0.981010 0.883247
vt 0.982649 0.883247
vt 0.982649 0.886777
vt 0.427217 0.023338
vt 0.427217 0.016492
vt 0.433753 0.024534
vt 0.429589 0.029312
vt 0.425696 0.024859
vt 0.453359 0.022244
vt 0.456264 0.003817
vt 0.452737 0.003937
vt 0.433753 0.006215
vt 0.432049 0.009829
vt 0.430289 0.012270
vt 0.990856 0.040096
vt 0.993431 0.040096
vt 0.993431 0.043626
vt 0.987969 0.056697
vt 0.985217 0.056697
vt 0.985217 0.053167
vt 0.987969 0.053167
vt 0.427540 0.013506
vt 0.990969 0.056697
vt 0.990969 0.053167
vt 0.424539 0.013205
vt 0.426456 0.015731
vt 0.422280 0.209967
vt 0.419864 0.211337
vt 0.419499 0.209572
vt 0.421947 0.207816
vt 0.417582 0.212098
vt 0.416498 0.209872
vt 0.993413 0.056697
vt 0.541326 0.992590
vt 0.537797 0.990096
vt 0.541326 0.990096
vt 0.541326 0.987772
vt 0.537797 0.992590
vt 0.424174 0.014970
vt 0.421758 0.013600
vt 0.537797 0.987772
vt 0.997153 0.062850
vt 0.999133 0.062850
vt 0.999133 0.066379
vt 0.422091 0.011450
vt 0.420181 0.011486
vt 0.994776 0.066379
vt 0.994776 0.062850
vt 0.997153 0.066379
vt 0.419249 0.009026
vt 0.420851 0.008709
vt 0.418089 0.007709
vt 0.993394 0.061506
vt 0.990659 0.061506
vt 0.990659 0.057976
vt 0.987666 0.057976
vt 0.421152 0.005717
vt 0.987666 0.061506
vt 0.985217 0.057976
vt 0.985217 0.061506
vt 0.410656 0.005419
vt 0.422913 0.003276
vt 0.993449 0.034008
vt 0.990780 0.034008
vt 0.990780 0.030478
vt 0.993449 0.030478
vt 0.425788 0.000640
vt 0.425662 0.002040
vt 0.428178 0.000640
vt 0.912519 0.365760
vt 0.916049 0.363371
vt 0.916049 0.365760
vt 0.912519 0.380904
vt 0.916049 0.380904
vt 0.912519 0.363371
vt 0.415860 0.197006
vt 0.418250 0.197006
vt 0.418376 0.198407
vt 0.421125 0.199642
vt 0.912519 0.360983
vt 0.916049 0.360983
vt 0.415375 0.198707
vt 0.413471 0.197803
vt 0.987767 0.034008
vt 0.987767 0.030478
vt 0.985217 0.030478
vt 0.412927 0.200462
vt 0.410285 0.202582
vt 0.411688 0.203203
vt 0.411878 0.199396
vt 0.985217 0.034008
vt 0.985217 0.040096
vt 0.987849 0.043626
vt 0.985217 0.043626
vt 0.987849 0.040096
vt 0.990856 0.043626
vt 0.411988 0.206195
vt 0.413749 0.208636
vt 0.432350 0.006837
vt 0.431111 0.004096
vt 0.432160 0.003029
vt 0.430567 0.001436
vt 0.428663 0.002340
vt 0.456156 0.000640
vt 0.452629 0.000760
vt 0.912519 0.359394
vt 0.916049 0.359394
vt 0.422886 0.202083
vt 0.423187 0.205075
vt 0.425949 0.204075
vt 0.119683 0.993403
vt 0.116154 0.988204
vt 0.119683 0.988204
vt 0.119683 0.986967
vt 0.424789 0.205393
vt 0.412764 0.009646
vt 0.116154 0.993403
vt 0.116154 0.986967
vt 0.423857 0.207853
vt 0.993394 0.057976
vt 0.993413 0.053167
vt 0.541326 0.986967
vt 0.537797 0.986967
vt 0.876314 0.957919
vt 0.420749 0.024859
vt 0.429589 0.039896
vt 0.397912 0.039896
vt 0.406101 0.038013
vt 0.413525 0.024859
vt 0.406101 0.023695
vt 0.554985 0.957919
vt 0.554985 0.972191
vt 0.551456 0.972191
vt 0.994776 0.224903
vt 0.994776 0.221373
vt 0.997137 0.221373
vt 0.403740 0.038013
vt 0.402124 0.038013
vt 0.998754 0.224903
vt 0.998754 0.221373
vt 0.472537 0.972238
vt 0.476066 0.957919
vt 0.476066 0.972238
vt 0.472537 0.957919
vt 0.402124 0.023695
vt 0.397912 0.019755
vt 0.998746 0.242103
vt 0.994776 0.238573
vt 0.998746 0.238573
vt 0.994776 0.242103
vt 0.551456 0.957919
vt 0.412004 0.023338
vt 0.412004 0.011167
vt 0.426169 0.048908
vt 0.426971 0.049709
vt 0.778206 0.378346
vt 0.778206 0.379649
vt 0.774677 0.379649
vt 0.918503 0.051306
vt 0.774677 0.378346
vt 0.423380 0.118237
vt 0.439001 0.956012
vt 0.435472 0.956012
vt 0.257760 0.644255
vt 0.261885 0.644292
vt 0.261857 0.647498
vt 0.299496 0.837496
vt 0.299496 0.834255
vt 0.315263 0.834255
vt 0.300870 0.830949
vt 0.261912 0.641219
vt 0.445184 0.833985
vt 0.445184 0.837226
vt 0.443973 0.840103
vt 0.257732 0.647462
vt 0.257787 0.641183
vt 0.443811 0.830679
vt 0.430792 0.830679
vt 0.429418 0.833985
vt 0.261830 0.650520
vt 0.257705 0.650484
vt 0.261808 0.652986
vt 0.441799 0.842277
vt 0.432804 0.842277
vt 0.257683 0.652950
vt 0.429418 0.837226
vt 0.438922 0.843489
vt 0.062032 0.976961
vt 0.066157 0.983142
vt 0.062032 0.983142
vt 0.066157 0.985447
vt 0.430630 0.840103
vt 0.062032 0.985447
vt 0.314051 0.840372
vt 0.311877 0.842547
vt 0.105621 0.355155
vt 0.105649 0.357921
vt 0.101524 0.357963
vt 0.101495 0.355197
vt 0.315263 0.837496
vt 0.105588 0.351925
vt 0.101462 0.351967
vt 0.066157 0.976961
vt 0.305759 0.843758
vt 0.302882 0.842547
vt 0.300708 0.840372
vt 0.062032 0.974165
vt 0.066157 0.974165
vt 0.101428 0.348559
vt 0.105553 0.348517
vt 0.101778 0.333131
vt 0.435533 0.815596
vt 0.105649 0.333092
vt 0.313889 0.830949
vt 0.309148 0.815865
vt 0.101750 0.330380
vt 0.304882 0.815310
vt 0.306532 0.814255
vt 0.309423 0.813082
vt 0.305848 0.815004
vt 0.997912 0.446212
vt 0.994776 0.446212
vt 0.994803 0.445484
vt 0.997939 0.445484
vt 0.994817 0.444500
vt 0.990770 0.541888
vt 0.990263 0.541011
vt 0.991558 0.539716
vt 0.989385 0.540504
vt 0.997953 0.444500
vt 0.992538 0.541414
vt 0.989859 0.538736
vt 0.814478 0.991857
vt 0.813306 0.992167
vt 0.813338 0.990756
vt 0.814507 0.990575
vt 0.813338 0.988853
vt 0.988371 0.540504
vt 0.987897 0.538736
vt 0.814507 0.988845
vt 0.813306 0.986967
vt 0.814478 0.987130
vt 0.745888 0.992255
vt 0.747077 0.990599
vt 0.747060 0.991978
vt 0.745906 0.990738
vt 0.987493 0.541011
vt 0.986198 0.539717
vt 0.985217 0.541415
vt 0.745888 0.988802
vt 0.747060 0.988840
vt 0.985217 0.939493
vt 0.987653 0.941927
vt 0.986109 0.941036
vt 0.985217 0.937711
vt 0.986109 0.936167
vt 0.745888 0.986967
vt 0.747061 0.987172
vt 0.985217 0.543376
vt 0.986986 0.541889
vt 0.986986 0.542902
vt 0.986198 0.545074
vt 0.753312 0.987253
vt 0.754493 0.986967
vt 0.754495 0.988477
vt 0.753314 0.988625
vt 0.753336 0.990382
vt 0.754520 0.990411
vt 0.987897 0.546055
vt 0.987493 0.543780
vt 0.997923 0.473750
vt 0.994788 0.472970
vt 0.997924 0.472970
vt 0.997912 0.471971
vt 0.988371 0.544286
vt 0.994776 0.471971
vt 0.994791 0.471020
vt 0.997927 0.471020
vt 0.989385 0.544286
vt 0.997912 0.451471
vt 0.994790 0.452213
vt 0.994776 0.451471
vt 0.991558 0.545074
vt 0.990263 0.543780
vt 0.989859 0.546055
vt 0.754493 0.992250
vt 0.753312 0.992054
vt 0.802065 0.986967
vt 0.800895 0.988552
vt 0.800883 0.987246
vt 0.802078 0.988404
vt 0.800911 0.990290
vt 0.989436 0.935276
vt 0.990980 0.936167
vt 0.990980 0.941037
vt 0.991871 0.939494
vt 0.991871 0.937711
vt 0.802095 0.990316
vt 0.800883 0.991994
vt 0.992538 0.543375
vt 0.990770 0.542902
vt 0.802065 0.992190
vt 0.994807 0.453201
vt 0.997936 0.454170
vt 0.994800 0.454170
vt 0.997926 0.452213
vt 0.997943 0.453201
vt 0.306748 0.813265
vt 0.306441 0.812299
vt 0.308137 0.810698
vt 0.305692 0.811616
vt 0.105621 0.330340
vt 0.101724 0.327898
vt 0.105595 0.327859
vt 0.305753 0.809412
vt 0.992486 0.658066
vt 0.992486 0.661937
vt 0.990303 0.661937
vt 0.990303 0.658066
vt 0.987508 0.661937
vt 0.304702 0.811399
vt 0.302970 0.809687
vt 0.987508 0.658066
vt 0.985217 0.661937
vt 0.300895 0.811396
vt 0.303736 0.811706
vt 0.985217 0.658066
vt 0.257705 0.621839
vt 0.261576 0.621873
vt 0.261554 0.624363
vt 0.303053 0.812455
vt 0.302836 0.813445
vt 0.300089 0.814031
vt 0.257683 0.624329
vt 0.303892 0.815093
vt 0.303143 0.814410
vt 0.994814 0.443525
vt 0.997950 0.443525
vt 0.997917 0.462995
vt 0.994776 0.463779
vt 0.994781 0.462995
vt 0.997912 0.463779
vt 0.994791 0.464779
vt 0.997927 0.464779
vt 0.443786 0.811126
vt 0.444592 0.813762
vt 0.441905 0.812623
vt 0.441288 0.814565
vt 0.441857 0.813677
vt 0.997657 0.572052
vt 0.996683 0.572052
vt 0.996683 0.570967
vt 0.997644 0.570952
vt 0.995633 0.570981
vt 0.996683 0.573136
vt 0.995633 0.572052
vt 0.995633 0.573123
vt 0.997644 0.573151
vt 0.157650 0.812721
vt 0.157699 0.813775
vt 0.154963 0.813859
vt 0.158268 0.814663
vt 0.155769 0.811224
vt 0.334201 0.809791
vt 0.338050 0.807266
vt 0.338072 0.809757
vt 0.337968 0.826611
vt 0.155744 0.830777
vt 0.159204 0.815147
vt 0.160258 0.815099
vt 0.164022 0.815694
vt 0.154371 0.834083
vt 0.170137 0.834083
vt 0.333842 0.826647
vt 0.337995 0.829683
vt 0.168763 0.830777
vt 0.333870 0.829719
vt 0.331189 0.830949
vt 0.322912 0.815865
vt 0.327177 0.815310
vt 0.318170 0.830949
vt 0.332563 0.834255
vt 0.331970 0.814031
vt 0.328167 0.815093
vt 0.328916 0.814410
vt 0.997917 0.469740
vt 0.994776 0.468956
vt 0.997912 0.468956
vt 0.997953 0.441271
vt 0.994814 0.442245
vt 0.994817 0.441271
vt 0.997950 0.442245
vt 0.994781 0.469740
vt 0.989385 0.570081
vt 0.987897 0.571849
vt 0.988371 0.570081
vt 0.986198 0.570869
vt 0.987493 0.569575
vt 0.749545 0.992255
vt 0.748356 0.990599
vt 0.749528 0.990738
vt 0.748373 0.988840
vt 0.985217 0.569171
vt 0.749545 0.988802
vt 0.748372 0.987172
vt 0.749545 0.986967
vt 0.985217 0.929779
vt 0.986109 0.933105
vt 0.985217 0.931562
vt 0.987653 0.927345
vt 0.986109 0.928236
vt 0.987493 0.566806
vt 0.986986 0.567684
vt 0.985217 0.567210
vt 0.986198 0.565511
vt 0.752032 0.987253
vt 0.750849 0.988476
vt 0.750851 0.986967
vt 0.994791 0.467956
vt 0.994796 0.467007
vt 0.997932 0.467007
vt 0.997923 0.475030
vt 0.994788 0.475810
vt 0.994788 0.475030
vt 0.997924 0.475810
vt 0.986986 0.568697
vt 0.997927 0.467956
vt 0.329223 0.813445
vt 0.331164 0.811396
vt 0.329006 0.812455
vt 0.985217 0.663217
vt 0.987508 0.663217
vt 0.987508 0.667088
vt 0.328323 0.811706
vt 0.329090 0.809687
vt 0.334179 0.807301
vt 0.985217 0.667088
vt 0.157844 0.809515
vt 0.160628 0.809241
vt 0.159023 0.811215
vt 0.990303 0.667088
vt 0.158135 0.811784
vt 0.160077 0.811167
vt 0.996785 0.579493
vt 0.995735 0.579493
vt 0.995736 0.578434
vt 0.994778 0.578431
vt 0.996787 0.578429
vt 0.995736 0.580552
vt 0.997648 0.578427
vt 0.997646 0.579493
vt 0.997648 0.580558
vt 0.996787 0.580556
vt 0.440532 0.811117
vt 0.439478 0.811069
vt 0.438927 0.809143
vt 0.438542 0.811553
vt 0.437973 0.812442
vt 0.436544 0.810429
vt 0.995708 0.556916
vt 0.994776 0.556911
vt 0.994789 0.555845
vt 0.435258 0.812812
vt 0.437924 0.813495
vt 0.995708 0.555845
vt 0.996763 0.555845
vt 0.996763 0.556926
vt 0.438409 0.814432
vt 0.997669 0.555845
vt 0.997656 0.556939
vt 0.996737 0.560435
vt 0.996736 0.559329
vt 0.997658 0.559329
vt 0.997659 0.560423
vt 0.996763 0.554765
vt 0.997656 0.554752
vt 0.996737 0.558223
vt 0.997659 0.558236
vt 0.161146 0.814530
vt 0.161631 0.813593
vt 0.995708 0.554775
vt 0.161583 0.812540
vt 0.164297 0.812910
vt 0.163011 0.810526
vt 0.161014 0.811651
vt 0.994776 0.554780
vt 0.870344 0.532729
vt 0.866447 0.535170
vt 0.866473 0.532689
vt 0.990303 0.663217
vt 0.992486 0.663217
vt 0.992486 0.667088
vt 0.323922 0.810698
vt 0.326306 0.809412
vt 0.326367 0.811616
vt 0.327357 0.811399
vt 0.997912 0.476809
vt 0.994776 0.476809
vt 0.994791 0.477760
vt 0.988371 0.566299
vt 0.987897 0.564531
vt 0.989859 0.564531
vt 0.989385 0.566299
vt 0.997927 0.477760
vt 0.990263 0.566806
vt 0.991558 0.565512
vt 0.997912 0.450191
vt 0.994776 0.450191
vt 0.994790 0.449449
vt 0.803405 0.986967
vt 0.804575 0.988552
vt 0.803392 0.988404
vt 0.804559 0.990290
vt 0.992539 0.567210
vt 0.990770 0.567684
vt 0.803375 0.990316
vt 0.997926 0.449449
vt 0.994807 0.448461
vt 0.997943 0.448461
vt 0.997936 0.447492
vt 0.994800 0.447492
vt 0.990770 0.568697
vt 0.325618 0.812299
vt 0.322637 0.813082
vt 0.325311 0.813265
vt 0.870318 0.535210
vt 0.870290 0.537961
vt 0.866419 0.537922
vt 0.325528 0.814255
vt 0.997912 0.439558
vt 0.994803 0.440287
vt 0.994776 0.439558
vt 0.997939 0.440287
vt 0.992539 0.569171
vt 0.990263 0.569575
vt 0.991558 0.570869
vt 0.804586 0.991994
vt 0.803405 0.992190
vt 0.810855 0.991857
vt 0.811995 0.990756
vt 0.812027 0.992167
vt 0.989859 0.571849
vt 0.810826 0.990575
vt 0.811995 0.988853
vt 0.810826 0.988845
vt 0.812027 0.986967
vt 0.989435 0.927345
vt 0.990979 0.928236
vt 0.810855 0.987130
vt 0.989435 0.933996
vt 0.990979 0.933105
vt 0.991871 0.929779
vt 0.804586 0.987246
vt 0.752009 0.990382
vt 0.752032 0.992054
vt 0.750851 0.992250
vt 0.987653 0.933996
vt 0.750825 0.990411
vt 0.752031 0.988625
vt 0.991871 0.931561
vt 0.326211 0.815004
vt 0.995681 0.559329
vt 0.994776 0.559329
vt 0.995682 0.560440
vt 0.995682 0.558219
vt 0.994777 0.558230
vt 0.440351 0.815050
vt 0.439297 0.815001
vt 0.441711 0.809418
vt 0.441420 0.811686
vt 0.994778 0.580554
vt 0.994789 0.572052
vt 0.994776 0.570990
vt 0.994776 0.579493
vt 0.994776 0.573113
vt 0.748373 0.991978
vt 0.316797 0.837496
vt 0.316797 0.834255
vt 0.331351 0.840372
vt 0.332563 0.837496
vt 0.333898 0.832926
vt 0.870641 0.553389
vt 0.870606 0.556797
vt 0.866481 0.556755
vt 0.870573 0.560027
vt 0.338023 0.832890
vt 0.333925 0.835948
vt 0.154371 0.837324
vt 0.170137 0.837324
vt 0.338050 0.835911
vt 0.157757 0.842375
vt 0.155582 0.840201
vt 0.866448 0.559985
vt 0.168925 0.840201
vt 0.870545 0.562793
vt 0.866419 0.562751
vt 0.166751 0.842375
vt 0.067437 0.985447
vt 0.071562 0.983142
vt 0.071562 0.985447
vt 0.160633 0.843587
vt 0.067437 0.983142
vt 0.071562 0.976961
vt 0.067437 0.976961
vt 0.320183 0.842547
vt 0.318008 0.840372
vt 0.329177 0.842547
vt 0.326300 0.843758
vt 0.067437 0.974165
vt 0.071562 0.974165
vt 0.338072 0.838377
vt 0.333947 0.838414
vt 0.866515 0.553347
vt 0.994777 0.560429
vt 0.997932 0.465728
vt 0.994788 0.473750
vt 0.994796 0.465728
vt 0.987653 0.935276
vt 0.989435 0.941927
vt 0.899586 0.219532
vt 0.899717 0.208315
vt 0.901412 0.208315
vt 0.911017 0.147011
vt 0.908997 0.135794
vt 0.911039 0.135794
vt 0.911017 0.124577
vt 0.899586 0.197098
vt 0.901412 0.197068
vt 0.903648 0.208315
vt 0.901412 0.219563
vt 0.903648 0.219597
vt 0.905828 0.208315
vt 0.903648 0.197034
vt 0.905696 0.219624
vt 0.974187 0.728268
vt 0.974187 0.726020
vt 0.975310 0.724074
vt 0.981451 0.730214
vt 0.977257 0.731338
vt 0.903321 0.849765
vt 0.905249 0.849780
vt 0.905262 0.861089
vt 0.977257 0.722950
vt 0.979505 0.722950
vt 0.981451 0.724074
vt 0.982575 0.726020
vt 0.899745 0.416574
vt 0.901731 0.416546
vt 0.901731 0.427784
vt 0.982575 0.728268
vt 0.899877 0.427784
vt 0.906759 0.135794
vt 0.904902 0.147003
vt 0.904925 0.135794
vt 0.906736 0.146989
vt 0.979505 0.731338
vt 0.908974 0.146992
vt 0.903977 0.427784
vt 0.901731 0.439021
vt 0.899745 0.438993
vt 0.981451 0.733741
vt 0.982575 0.737935
vt 0.979505 0.741005
vt 0.982575 0.735687
vt 0.904902 0.124584
vt 0.975310 0.739881
vt 0.974187 0.735687
vt 0.975310 0.733741
vt 0.906736 0.124598
vt 0.977257 0.732617
vt 0.979505 0.732617
vt 0.899122 0.861089
vt 0.901087 0.861089
vt 0.901074 0.872409
vt 0.903321 0.872412
vt 0.977257 0.741005
vt 0.899109 0.872390
vt 0.981451 0.739881
vt 0.906014 0.427784
vt 0.905881 0.439085
vt 0.903977 0.439055
vt 0.903977 0.416512
vt 0.901074 0.849768
vt 0.899109 0.849787
vt 0.905881 0.416482
vt 0.903334 0.861089
vt 0.905249 0.872398
vt 0.908974 0.124596
vt 0.905696 0.197006
vt 0.974187 0.737935
vt 0.975310 0.730214
vt 0.424393 0.989998
vt 0.425608 0.991810
vt 0.424154 0.991409
vt 0.423988 0.992394
vt 0.425403 0.993026
vt 0.425903 0.990067
vt 0.437310 0.874246
vt 0.436079 0.874862
vt 0.433081 0.874189
vt 0.434311 0.874862
vt 0.424559 0.989017
vt 0.426108 0.988856
vt 0.868333 0.817501
vt 0.869329 0.816847
vt 0.868615 0.845638
vt 0.867541 0.844780
vt 0.425403 0.986967
vt 0.866918 0.842912
vt 0.866916 0.819381
vt 0.423988 0.987488
vt 0.431332 0.872254
vt 0.431332 0.867450
vt 0.990021 0.482538
vt 0.985217 0.482538
vt 0.985554 0.481230
vt 0.429418 0.864580
vt 0.429418 0.854844
vt 0.431334 0.851970
vt 0.433081 0.845442
vt 0.992882 0.481433
vt 0.990218 0.481230
vt 0.437310 0.845556
vt 0.435197 0.844768
vt 0.433429 0.845210
vt 0.986209 0.888404
vt 0.986752 0.886836
vt 0.986541 0.888368
vt 0.431334 0.848018
vt 0.432104 0.846094
vt 0.985217 0.887945
vt 0.982513 0.635570
vt 0.981084 0.636629
vt 0.980620 0.635352
vt 0.983039 0.636927
vt 0.977144 0.636927
vt 0.990412 0.887945
vt 0.988268 0.888179
vt 0.988147 0.886683
vt 0.989891 0.886492
vt 0.870760 0.816847
vt 0.870046 0.846067
vt 0.871758 0.817445
vt 0.871758 0.845302
vt 0.992189 0.886734
vt 0.990163 0.977659
vt 0.992062 0.978149
vt 0.989738 0.978967
vt 0.873175 0.842857
vt 0.667029 0.881324
vt 0.667025 0.862518
vt 0.667029 0.876787
vt 0.985507 0.977659
vt 0.985217 0.978967
vt 0.873171 0.819624
vt 0.162216 0.268848
vt 0.162220 0.245615
vt 0.162220 0.250042
vt 0.440973 0.855426
vt 0.440973 0.864375
vt 0.439059 0.852747
vt 0.997560 0.589720
vt 0.995575 0.590973
vt 0.994776 0.589720
vt 0.439055 0.867443
vt 0.439059 0.848075
vt 0.959385 0.803143
vt 0.962460 0.809089
vt 0.959385 0.812063
vt 0.678747 0.981483
vt 0.680023 0.981160
vt 0.679389 0.984500
vt 0.669663 0.865392
vt 0.668579 0.865498
vt 0.032204 0.975263
vt 0.033288 0.974165
vt 0.035069 0.977240
vt 0.962460 0.805477
vt 0.033648 0.977753
vt 0.035069 0.979876
vt 0.965096 0.809089
vt 0.965096 0.805477
vt 0.967732 0.805477
vt 0.035069 0.982512
vt 0.033648 0.981998
vt 0.967732 0.809089
vt 0.033648 0.979876
vt 0.980921 0.211909
vt 0.980921 0.215428
vt 0.978799 0.215428
vt 0.976677 0.215428
vt 0.976677 0.211909
vt 0.978799 0.211909
vt 0.974187 0.209503
vt 0.030924 0.977240
vt 0.029511 0.977753
vt 0.027930 0.975263
vt 0.030924 0.979876
vt 0.029511 0.979876
vt 0.974187 0.218192
vt 0.155044 0.870888
vt 0.156594 0.882178
vt 0.155044 0.879577
vt 0.029003 0.974165
vt 0.153960 0.879731
vt 0.872281 0.499741
vt 0.872281 0.508690
vt 0.870368 0.511369
vt 0.997560 0.593506
vt 0.994776 0.593506
vt 0.995575 0.592253
vt 0.970806 0.803143
vt 0.970806 0.812063
vt 0.870363 0.496672
vt 0.682578 0.981482
vt 0.681935 0.984500
vt 0.681302 0.981160
vt 0.156597 0.867908
vt 0.153960 0.870783
vt 0.032204 0.984488
vt 0.033288 0.985586
vt 0.683213 0.977116
vt 0.156594 0.886714
vt 0.162220 0.293361
vt 0.162216 0.274555
vt 0.162216 0.270127
vt 0.681957 0.976662
vt 0.682735 0.974737
vt 0.868529 0.197604
vt 0.867112 0.223016
vt 0.867116 0.199783
vt 0.681302 0.974165
vt 0.868529 0.225462
vt 0.870241 0.226227
vt 0.421088 0.991810
vt 0.422708 0.992394
vt 0.421294 0.993026
vt 0.869527 0.197006
vt 0.422542 0.991409
vt 0.990413 0.890144
vt 0.989891 0.891596
vt 0.988147 0.891405
vt 0.988268 0.889909
vt 0.871672 0.225798
vt 0.986752 0.891252
vt 0.868619 0.518560
vt 0.866505 0.519347
vt 0.864389 0.518673
vt 0.864738 0.518906
vt 0.986541 0.889720
vt 0.986209 0.889684
vt 0.864389 0.489926
vt 0.862640 0.496665
vt 0.862643 0.512146
vt 0.862643 0.516098
vt 0.863412 0.518022
vt 0.985217 0.890143
vt 0.982513 0.639564
vt 0.980620 0.639782
vt 0.981084 0.638505
vt 0.983040 0.638207
vt 0.977144 0.638207
vt 0.976794 0.639492
vt 0.871954 0.197660
vt 0.873369 0.223072
vt 0.872746 0.224940
vt 0.162218 0.333656
vt 0.162216 0.314788
vt 0.162218 0.329819
vt 0.873371 0.199540
vt 0.873371 0.204204
vt 0.940879 0.942509
vt 0.939766 0.942621
vt 0.938217 0.939833
vt 0.992882 0.484922
vt 0.990218 0.485126
vt 0.990021 0.483818
vt 0.985554 0.485126
vt 0.939766 0.952075
vt 0.938215 0.954865
vt 0.016740 0.981924
vt 0.019960 0.984488
vt 0.018847 0.985586
vt 0.980402 0.045403
vt 0.983610 0.048370
vt 0.974187 0.048370
vt 0.977118 0.045403
vt 0.018254 0.981522
vt 0.963048 0.768421
vt 0.963048 0.771814
vt 0.959385 0.774977
vt 0.965096 0.768421
vt 0.965096 0.771814
vt 0.016740 0.979876
vt 0.025127 0.981522
vt 0.023610 0.981924
vt 0.023610 0.979876
vt 0.967143 0.771814
vt 0.967143 0.768421
vt 0.023610 0.977828
vt 0.025127 0.978230
vt 0.025127 0.979876
vt 0.026651 0.984488
vt 0.980402 0.042112
vt 0.974187 0.039145
vt 0.983610 0.039145
vt 0.977118 0.042112
vt 0.980402 0.043757
vt 0.016740 0.977828
vt 0.018254 0.978230
vt 0.018254 0.979876
vt 0.977118 0.043757
vt 0.019960 0.975263
vt 0.018847 0.974165
vt 0.934271 0.942509
vt 0.936933 0.939833
vt 0.935383 0.942621
vt 0.935383 0.952074
vt 0.025530 0.985586
vt 0.936935 0.954865
vt 0.934271 0.952246
vt 0.976794 0.635641
vt 0.974187 0.636041
vt 0.162216 0.313508
vt 0.162216 0.309672
vt 0.162218 0.294640
vt 0.970806 0.774977
vt 0.970806 0.765240
vt 0.026651 0.975263
vt 0.025530 0.974165
vt 0.959385 0.765240
vt 0.860727 0.509272
vt 0.974187 0.639092
vt 0.860727 0.499535
vt 0.940879 0.952246
vt 0.985217 0.483818
vt 0.421294 0.986967
vt 0.422708 0.987488
vt 0.422137 0.989017
vt 0.862640 0.491862
vt 0.420589 0.988856
vt 0.420794 0.990067
vt 0.870958 0.197006
vt 0.422303 0.989998
vt 0.865619 0.489254
vt 0.867387 0.489254
vt 0.985689 0.891596
vt 0.868619 0.489869
vt 0.870368 0.516041
vt 0.992189 0.891354
vt 0.990163 0.976379
vt 0.989738 0.975071
vt 0.992062 0.975889
vt 0.985507 0.976379
vt 0.870363 0.492113
vt 0.985217 0.975071
vt 0.029511 0.981998
vt 0.030924 0.982512
vt 0.027930 0.984488
vt 0.983411 0.209503
vt 0.029003 0.985586
vt 0.669663 0.874341
vt 0.668579 0.874187
vt 0.983411 0.218192
vt 0.678112 0.977116
vt 0.679368 0.976662
vt 0.439055 0.872003
vt 0.678590 0.974737
vt 0.680023 0.974165
vt 0.985689 0.886492
vt 0.866916 0.824044
vt 0.398324 0.939842
vt 0.399108 0.947993
vt 0.398324 0.947993
vt 0.397324 0.939873
vt 0.987493 0.558208
vt 0.986986 0.559085
vt 0.985217 0.558611
vt 0.986198 0.556913
vt 0.987897 0.555933
vt 0.399108 0.939833
vt 0.988371 0.557701
vt 0.989859 0.555933
vt 0.989385 0.557701
vt 0.401362 0.939844
vt 0.400388 0.947993
vt 0.400388 0.939833
vt 0.991558 0.556913
vt 0.807067 0.990574
vt 0.805898 0.990756
vt 0.805898 0.988853
vt 0.807066 0.988845
vt 0.805866 0.986967
vt 0.807037 0.987130
vt 0.990980 0.948968
vt 0.989435 0.949858
vt 0.987653 0.949858
vt 0.986109 0.944098
vt 0.985217 0.947424
vt 0.743419 0.992255
vt 0.744608 0.990599
vt 0.744592 0.991978
vt 0.986109 0.948967
vt 0.743437 0.990738
vt 0.743419 0.988802
vt 0.744592 0.988840
vt 0.743419 0.986967
vt 0.744592 0.987172
vt 0.985217 0.945642
vt 0.758286 0.987253
vt 0.759468 0.986967
vt 0.759469 0.988477
vt 0.758288 0.988625
vt 0.986198 0.562271
vt 0.985217 0.560572
vt 0.986986 0.560098
vt 0.758310 0.990382
vt 0.759494 0.990411
vt 0.987897 0.563251
vt 0.987493 0.560976
vt 0.460969 0.956019
vt 0.460189 0.956031
vt 0.460189 0.947932
vt 0.460969 0.947932
vt 0.461969 0.955992
vt 0.988371 0.561483
vt 0.461969 0.947932
vt 0.462919 0.955992
vt 0.989385 0.561483
vt 0.462919 0.947932
vt 0.464941 0.955978
vt 0.464199 0.955978
vt 0.464199 0.947918
vt 0.991558 0.562270
vt 0.990263 0.560976
vt 0.989859 0.563251
vt 0.759468 0.992250
vt 0.758286 0.992054
vt 0.797082 0.986967
vt 0.795913 0.988552
vt 0.795901 0.987246
vt 0.797095 0.988404
vt 0.991871 0.947425
vt 0.990980 0.944098
vt 0.989435 0.943207
vt 0.991871 0.945642
vt 0.795928 0.990290
vt 0.807037 0.991857
vt 0.805866 0.992167
vt 0.797113 0.990316
vt 0.797082 0.992190
vt 0.795901 0.991994
vt 0.992539 0.560572
vt 0.990770 0.560098
vt 0.990770 0.559085
vt 0.992539 0.558611
vt 0.466898 0.947918
vt 0.466898 0.956002
vt 0.465930 0.955978
vt 0.990263 0.558207
vt 0.403074 0.939909
vt 0.402346 0.947993
vt 0.402346 0.939872
vt 0.403074 0.947993
vt 0.465930 0.947918
vt 0.465930 0.939858
vt 0.466898 0.939833
vt 0.403074 0.956078
vt 0.992538 0.550014
vt 0.990770 0.551501
vt 0.990770 0.550488
vt 0.402346 0.956115
vt 0.992538 0.551975
vt 0.990263 0.552378
vt 0.401362 0.947993
vt 0.401362 0.956142
vt 0.991558 0.553673
vt 0.989859 0.554653
vt 0.989385 0.552885
vt 0.400388 0.956153
vt 0.987897 0.554653
vt 0.988371 0.552885
vt 0.986198 0.553672
vt 0.987493 0.552378
vt 0.399108 0.956153
vt 0.398324 0.956145
vt 0.985217 0.551975
vt 0.742121 0.990738
vt 0.740966 0.988840
vt 0.742139 0.988802
vt 0.740950 0.990599
vt 0.742139 0.992255
vt 0.740966 0.991978
vt 0.985217 0.921849
vt 0.986109 0.920305
vt 0.987653 0.919414
vt 0.989435 0.919414
vt 0.990979 0.920305
vt 0.986109 0.925175
vt 0.808346 0.988845
vt 0.808375 0.987130
vt 0.809547 0.986967
vt 0.757007 0.987253
vt 0.757005 0.988625
vt 0.755824 0.988477
vt 0.756983 0.990382
vt 0.985217 0.923631
vt 0.989435 0.926066
vt 0.987653 0.926065
vt 0.755799 0.990411
vt 0.755825 0.992250
vt 0.757007 0.992054
vt 0.988371 0.549103
vt 0.989859 0.547334
vt 0.989385 0.549103
vt 0.991558 0.548315
vt 0.987897 0.547335
vt 0.798422 0.986967
vt 0.799592 0.988552
vt 0.798409 0.988404
vt 0.799604 0.987246
vt 0.460969 0.939845
vt 0.461969 0.939872
vt 0.987493 0.549609
vt 0.986198 0.548315
vt 0.462919 0.939872
vt 0.460189 0.939833
vt 0.986986 0.550487
vt 0.985217 0.550013
vt 0.742139 0.986967
vt 0.740966 0.987172
vt 0.755825 0.986967
vt 0.397324 0.947993
vt 0.397324 0.956114
vt 0.396376 0.956092
vt 0.986986 0.551501
vt 0.396376 0.947993
vt 0.396376 0.939894
vt 0.990979 0.925174
vt 0.799576 0.990290
vt 0.991871 0.921848
vt 0.991871 0.923630
vt 0.808375 0.991857
vt 0.808346 0.990575
vt 0.809515 0.990756
vt 0.809547 0.992167
vt 0.798392 0.990316
vt 0.799604 0.991994
vt 0.798422 0.992190
vt 0.990263 0.549610
vt 0.464199 0.939858
vt 0.464941 0.939858
vt 0.464941 0.947918
vt 0.809515 0.988853
vt 0.987653 0.943207
vt 0.638523 0.982872
vt 0.636786 0.982906
vt 0.636786 0.980597
vt 0.638523 0.980562
vt 0.636681 0.974202
vt 0.088190 0.978786
vt 0.088803 0.976479
vt 0.097409 0.978767
vt 0.088198 0.985181
vt 0.097417 0.985162
vt 0.974224 0.682544
vt 0.980598 0.682649
vt 0.980562 0.684595
vt 0.982810 0.684595
vt 0.982844 0.682714
vt 0.096787 0.976462
vt 0.090487 0.974788
vt 0.095098 0.974778
vt 0.104395 0.993357
vt 0.104482 0.991568
vt 0.106276 0.991605
vt 0.106276 0.993395
vt 0.108157 0.993357
vt 0.108069 0.991568
vt 0.106276 0.989265
vt 0.080003 0.974778
vt 0.082309 0.974165
vt 0.084613 0.974788
vt 0.078313 0.976462
vt 0.108012 0.989229
vt 0.106276 0.987003
vt 0.108012 0.986967
vt 0.638523 0.984570
vt 0.636786 0.984605
vt 0.640259 0.982906
vt 0.640259 0.984605
vt 0.104539 0.989229
vt 0.104539 0.986967
vt 0.092792 0.974165
vt 0.086297 0.976479
vt 0.077691 0.978766
vt 0.086910 0.978786
vt 0.640259 0.980597
vt 0.640364 0.974202
vt 0.086902 0.985181
vt 0.077683 0.985161
vt 0.974224 0.686646
vt 0.974187 0.684595
vt 0.980598 0.686541
vt 0.974222 0.379637
vt 0.983445 0.379637
vt 0.983406 0.381688
vt 0.974187 0.381478
vt 0.983406 0.377586
vt 0.638523 0.974165
vt 0.974187 0.377796
vt 0.982844 0.686476
vt 0.399355 0.959763
vt 0.401196 0.962957
vt 0.396235 0.962889
vt 0.701939 0.984381
vt 0.698338 0.981187
vt 0.701931 0.981187
vt 0.701931 0.979273
vt 0.396933 0.964102
vt 0.401196 0.964871
vt 0.972796 0.065933
vt 0.959385 0.065933
vt 0.959385 0.065163
vt 0.396933 0.964871
vt 0.959388 0.067145
vt 0.978766 0.266883
vt 0.977488 0.266883
vt 0.977996 0.264987
vt 0.978766 0.264987
vt 0.972796 0.065163
vt 0.972799 0.067145
vt 0.975395 0.265675
vt 0.976784 0.264287
vt 0.039714 0.986967
vt 0.039719 0.989060
vt 0.038060 0.989060
vt 0.039719 0.990338
vt 0.982136 0.281009
vt 0.980044 0.282216
vt 0.978766 0.282216
vt 0.038055 0.986967
vt 0.038060 0.990338
vt 0.974187 0.278920
vt 0.974187 0.276508
vt 0.975395 0.281009
vt 0.978766 0.273213
vt 0.038060 0.991616
vt 0.983345 0.276508
vt 0.983345 0.278920
vt 0.977488 0.282216
vt 0.086187 0.993569
vt 0.086187 0.991476
vt 0.087846 0.991476
vt 0.087846 0.989060
vt 0.087846 0.993569
vt 0.982136 0.274419
vt 0.980044 0.273213
vt 0.030118 0.989060
vt 0.031674 0.986967
vt 0.031772 0.989060
vt 0.030021 0.986967
vt 0.977996 0.259763
vt 0.975395 0.259073
vt 0.977488 0.257865
vt 0.031772 0.990338
vt 0.030118 0.990338
vt 0.978766 0.257865
vt 0.976784 0.260463
vt 0.959441 0.047231
vt 0.972752 0.046018
vt 0.972808 0.047231
vt 0.978766 0.259763
vt 0.972808 0.048000
vt 0.387456 0.962957
vt 0.389297 0.959763
vt 0.391718 0.964102
vt 0.387456 0.964871
vt 0.392417 0.962889
vt 0.959385 0.046018
vt 0.391718 0.964871
vt 0.959441 0.048000
vt 0.392485 0.957919
vt 0.752255 0.984242
vt 0.748663 0.981048
vt 0.752256 0.981048
vt 0.748662 0.984242
vt 0.697059 0.977359
vt 0.693329 0.974165
vt 0.696910 0.974165
vt 0.693477 0.977359
vt 0.374255 0.969979
vt 0.377637 0.971126
vt 0.377449 0.971824
vt 0.374766 0.969469
vt 0.373109 0.966598
vt 0.372411 0.966785
vt 0.697059 0.979273
vt 0.693477 0.979273
vt 0.372411 0.964871
vt 0.372411 0.962957
vt 0.373109 0.963144
vt 0.373109 0.964871
vt 0.693477 0.981187
vt 0.826125 0.035712
vt 0.824398 0.035712
vt 0.824398 0.000774
vt 0.826125 0.000774
vt 0.827852 0.000774
vt 0.827852 0.035712
vt 0.821527 0.035578
vt 0.821527 0.000640
vt 0.786585 0.942567
vt 0.789362 0.945149
vt 0.788239 0.945437
vt 0.789362 0.947164
vt 0.788239 0.947164
vt 0.373807 0.977535
vt 0.378166 0.977535
vt 0.378166 0.979550
vt 0.373807 0.979550
vt 0.378166 0.981566
vt 0.373807 0.981566
vt 0.789362 0.949180
vt 0.788239 0.948891
vt 0.768455 0.946524
vt 0.773587 0.945149
vt 0.773587 0.947164
vt 0.768455 0.947164
vt 0.773587 0.949180
vt 0.768455 0.947805
vt 0.995765 0.419888
vt 0.995765 0.417136
vt 0.996406 0.417136
vt 0.997046 0.417136
vt 0.997046 0.419888
vt 0.996406 0.419888
vt 0.994776 0.417182
vt 0.978268 0.027655
vt 0.976092 0.028271
vt 0.977280 0.027085
vt 0.994776 0.419935
vt 0.978909 0.027655
vt 0.978909 0.029275
vt 0.977834 0.029275
vt 0.979984 0.029275
vt 0.978909 0.030220
vt 0.979549 0.027655
vt 0.981726 0.028271
vt 0.980225 0.030220
vt 0.982385 0.028976
vt 0.542787 0.974165
vt 0.544946 0.984640
vt 0.542787 0.984539
vt 0.544946 0.974266
vt 0.546262 0.984640
vt 0.975433 0.018406
vt 0.977814 0.018824
vt 0.977593 0.019652
vt 0.546262 0.974266
vt 0.978909 0.019652
vt 0.976039 0.017799
vt 0.977325 0.016512
vt 0.978909 0.018824
vt 0.978285 0.017067
vt 0.975013 0.016023
vt 0.976771 0.015552
vt 0.985217 0.161157
vt 0.993336 0.161157
vt 0.993336 0.162117
vt 0.985262 0.117605
vt 0.993354 0.117605
vt 0.993310 0.118565
vt 0.985217 0.118565
vt 0.975013 0.013973
vt 0.974187 0.013753
vt 0.974187 0.016246
vt 0.572447 0.984574
vt 0.572447 0.974165
vt 0.574941 0.974165
vt 0.574941 0.984574
vt 0.577100 0.974165
vt 0.983631 0.026821
vt 0.982732 0.024524
vt 0.983631 0.024332
vt 0.577100 0.984573
vt 0.982732 0.026532
vt 0.981109 0.024958
vt 0.980538 0.027085
vt 0.981109 0.026098
vt 0.997895 0.483081
vt 0.997895 0.485842
vt 0.996907 0.485842
vt 0.998035 0.417182
vt 0.998035 0.419935
vt 0.996907 0.483081
vt 0.765754 0.949364
vt 0.766895 0.949364
vt 0.768271 0.954495
vt 0.767884 0.948794
vt 0.995765 0.485842
vt 0.764380 0.954495
vt 0.761010 0.952550
vt 0.995765 0.483081
vt 0.994776 0.485842
vt 0.764765 0.948794
vt 0.386267 0.974165
vt 0.390641 0.974165
vt 0.390632 0.977535
vt 0.386259 0.977535
vt 0.481381 0.977535
vt 0.477008 0.974165
vt 0.481382 0.974165
vt 0.759064 0.949180
vt 0.390632 0.979550
vt 0.764194 0.947805
vt 0.759064 0.947164
vt 0.386259 0.979550
vt 0.774866 0.947164
vt 0.775891 0.947164
vt 0.775891 0.948891
vt 0.774866 0.949180
vt 0.774866 0.945149
vt 0.775891 0.945437
vt 0.386259 0.981566
vt 0.390632 0.981566
vt 0.776808 0.952550
vt 0.386267 0.984936
vt 0.390641 0.984936
vt 0.475727 0.974165
vt 0.471354 0.977535
vt 0.471354 0.974165
vt 0.475728 0.977535
vt 0.780410 0.953419
vt 0.780172 0.954495
vt 0.777545 0.951762
vt 0.825308 0.051306
vt 0.825308 0.086358
vt 0.822437 0.086359
vt 0.783719 0.953419
vt 0.828623 0.086358
vt 0.381138 0.971824
vt 0.380951 0.971126
vt 0.383822 0.969469
vt 0.822437 0.051306
vt 0.828623 0.051306
vt 0.384332 0.969979
vt 0.385479 0.966598
vt 0.824524 0.768323
vt 0.821653 0.768330
vt 0.821653 0.733278
vt 0.386176 0.966785
vt 0.386176 0.964871
vt 0.826251 0.768323
vt 0.824524 0.733270
vt 0.385479 0.964871
vt 0.826251 0.733270
vt 0.385479 0.963144
vt 0.827978 0.733270
vt 0.827978 0.768323
vt 0.830848 0.733278
vt 0.830848 0.768330
vt 0.386176 0.962957
vt 0.383822 0.960274
vt 0.698338 0.977359
vt 0.701931 0.977359
vt 0.701939 0.974165
vt 0.698346 0.974165
vt 0.698338 0.979273
vt 0.384332 0.959763
vt 0.757129 0.974165
vt 0.753535 0.977359
vt 0.753536 0.974165
vt 0.757128 0.977359
vt 0.380951 0.958616
vt 0.381138 0.957919
vt 0.757128 0.981048
vt 0.753535 0.981048
vt 0.377637 0.958616
vt 0.377449 0.957919
vt 0.393627 0.967553
vt 0.396167 0.971824
vt 0.392485 0.971824
vt 0.753536 0.984242
vt 0.389297 0.969979
vt 0.392417 0.966853
vt 0.395024 0.967553
vt 0.972796 0.086100
vt 0.959385 0.086100
vt 0.959385 0.084700
vt 0.972796 0.084700
vt 0.959385 0.083488
vt 0.972796 0.083488
vt 0.983345 0.261166
vt 0.981447 0.263075
vt 0.981447 0.261675
vt 0.980748 0.260463
vt 0.089126 0.989060
vt 0.090785 0.989060
vt 0.090785 0.991476
vt 0.983345 0.263582
vt 0.089126 0.991476
vt 0.090785 0.993569
vt 0.982136 0.259073
vt 0.089126 0.993569
vt 0.031674 0.993708
vt 0.030021 0.993708
vt 0.030118 0.991616
vt 0.979535 0.259763
vt 0.980044 0.257865
vt 0.972808 0.048770
vt 0.959441 0.048770
vt 0.972752 0.049982
vt 0.387456 0.966785
vt 0.391718 0.965641
vt 0.959385 0.049982
vt 0.693329 0.984381
vt 0.697059 0.981187
vt 0.696910 0.984381
vt 0.757129 0.984242
vt 0.374255 0.959763
vt 0.374766 0.960274
vt 0.031772 0.991616
vt 0.977488 0.273213
vt 0.975395 0.274419
vt 0.089126 0.986967
vt 0.090785 0.986967
vt 0.982136 0.265675
vt 0.980748 0.264287
vt 0.980044 0.266883
vt 0.979535 0.264987
vt 0.972796 0.064394
vt 0.959388 0.063181
vt 0.972799 0.063181
vt 0.972796 0.087312
vt 0.959385 0.087312
vt 0.401196 0.966785
vt 0.399355 0.969979
vt 0.396235 0.966853
vt 0.396933 0.965641
vt 0.959385 0.064394
vt 0.039719 0.991616
vt 0.039714 0.993708
vt 0.038055 0.993708
vt 0.827440 0.418505
vt 0.827440 0.383453
vt 0.830755 0.383453
vt 0.824569 0.418506
vt 0.824569 0.383453
vt 0.780172 0.939833
vt 0.783719 0.940909
vt 0.780410 0.940909
vt 0.830755 0.418505
vt 0.784056 0.939833
vt 0.787420 0.941779
vt 0.481381 0.981426
vt 0.477007 0.981426
vt 0.477007 0.977535
vt 0.481382 0.984796
vt 0.477008 0.984796
vt 0.771641 0.952550
vt 0.378009 0.984936
vt 0.373650 0.984936
vt 0.776808 0.941779
vt 0.833625 0.418506
vt 0.777545 0.942567
vt 0.833625 0.383453
vt 0.698346 0.984381
vt 0.752256 0.977359
vt 0.748663 0.977359
vt 0.748662 0.974165
vt 0.752255 0.974165
vt 0.396167 0.957919
vt 0.393627 0.962189
vt 0.395024 0.962189
vt 0.972796 0.079596
vt 0.972796 0.080996
vt 0.959385 0.080996
vt 0.972796 0.078384
vt 0.959385 0.079596
vt 0.959385 0.082208
vt 0.974187 0.263582
vt 0.976084 0.263075
vt 0.976084 0.261675
vt 0.086187 0.989060
vt 0.087846 0.986967
vt 0.086187 0.986967
vt 0.974187 0.261166
vt 0.959385 0.078384
vt 0.972796 0.082208
vt 0.784056 0.954495
vt 0.787420 0.952550
vt 0.786585 0.951762
vt 0.831493 0.086359
vt 0.831493 0.051306
vt 0.830723 0.035578
vt 0.830723 0.000640
vt 0.475728 0.981426
vt 0.475727 0.984796
vt 0.471354 0.984796
vt 0.378009 0.974165
vt 0.373650 0.974165
vt 0.766895 0.944964
vt 0.768271 0.939833
vt 0.771641 0.941779
vt 0.471354 0.981426
vt 0.767884 0.945535
vt 0.765754 0.944964
vt 0.995765 0.479040
vt 0.996907 0.479040
vt 0.996907 0.481801
vt 0.997895 0.481801
vt 0.997895 0.479040
vt 0.975086 0.026532
vt 0.976709 0.024958
vt 0.976709 0.026098
vt 0.995765 0.481801
vt 0.975086 0.024524
vt 0.974187 0.026821
vt 0.975433 0.028976
vt 0.976092 0.022786
vt 0.977280 0.023971
vt 0.974187 0.024332
vt 0.977834 0.021782
vt 0.978268 0.023402
vt 0.997046 0.421217
vt 0.998035 0.423975
vt 0.997046 0.423978
vt 0.994776 0.479040
vt 0.994776 0.481801
vt 0.998035 0.421214
vt 0.759064 0.945149
vt 0.764765 0.945535
vt 0.764194 0.946524
vt 0.761010 0.941779
vt 0.764194 0.947164
vt 0.996406 0.421217
vt 0.996406 0.423978
vt 0.995765 0.423978
vt 0.995765 0.421217
vt 0.978909 0.021782
vt 0.978909 0.023402
vt 0.979549 0.023402
vt 0.978909 0.020932
vt 0.979984 0.021782
vt 0.980225 0.020932
vt 0.981726 0.022786
vt 0.980538 0.023971
vt 0.994776 0.423975
vt 0.994776 0.483081
vt 0.994776 0.421214
vt 0.982385 0.022176
vt 0.566849 0.974165
vt 0.569008 0.984579
vt 0.566849 0.984573
vt 0.570288 0.984573
vt 0.570288 0.974165
vt 0.569008 0.974171
vt 0.977814 0.011172
vt 0.975433 0.011593
vt 0.977593 0.010347
vt 0.976039 0.012197
vt 0.978909 0.010347
vt 0.978909 0.011172
vt 0.978285 0.012930
vt 0.985217 0.139856
vt 0.985217 0.139232
vt 0.993336 0.139232
vt 0.993336 0.139856
vt 0.978909 0.012930
vt 0.985220 0.138272
vt 0.993338 0.138272
vt 0.977325 0.013484
vt 0.985217 0.163225
vt 0.993336 0.163225
vt 0.993336 0.164185
vt 0.985217 0.164185
vt 0.976771 0.014444
vt 0.985217 0.162117
vt 0.994776 0.082715
vt 0.994776 0.081607
vt 0.996915 0.084230
vt 0.995331 0.083675
vt 0.996915 0.080092
vt 0.996291 0.084230
vt 0.999053 0.081607
vt 0.999053 0.082715
vt 0.993354 0.116981
vt 0.985262 0.116981
vt 0.998498 0.083675
vt 0.997538 0.084230
vt 0.985262 0.116357
vt 0.978909 0.017067
vt 0.993354 0.116357
vt 0.979533 0.017067
vt 0.981779 0.017799
vt 0.980493 0.016512
vt 0.980004 0.018824
vt 0.993310 0.115397
vt 0.982804 0.016023
vt 0.981047 0.015552
vt 0.985217 0.157808
vt 0.985217 0.156848
vt 0.993336 0.156848
vt 0.985217 0.115397
vt 0.981047 0.014444
vt 0.985217 0.158917
vt 0.993336 0.157808
vt 0.982804 0.013973
vt 0.980493 0.013484
vt 0.985217 0.159877
vt 0.993336 0.158917
vt 0.980004 0.011172
vt 0.979533 0.012930
vt 0.981779 0.012197
vt 0.993336 0.140479
vt 0.993338 0.141440
vt 0.985220 0.141440
vt 0.993336 0.159877
vt 0.997538 0.080092
vt 0.998498 0.080647
vt 0.985217 0.140479
vt 0.982385 0.011593
vt 0.983631 0.013753
vt 0.585192 0.984573
vt 0.583032 0.974166
vt 0.585192 0.974165
vt 0.983631 0.016246
vt 0.583032 0.984574
vt 0.580539 0.974166
vt 0.975433 0.022176
vt 0.977593 0.020932
vt 0.564216 0.974165
vt 0.564216 0.984573
vt 0.562057 0.984579
vt 0.562057 0.974171
vt 0.980225 0.010347
vt 0.565533 0.984573
vt 0.565533 0.974165
vt 0.580539 0.984574
vt 0.578380 0.974165
vt 0.982385 0.018406
vt 0.980225 0.019652
vt 0.549738 0.974165
vt 0.547579 0.984640
vt 0.547579 0.974266
vt 0.578380 0.984573
vt 0.549738 0.984539
vt 0.977593 0.030220
vt 0.995331 0.080647
vt 0.996291 0.080092
vt 0.764380 0.939833
vt 0.988678 0.847643
vt 0.989945 0.847643
vt 0.989945 0.851654
vt 0.992139 0.851649
vt 0.992139 0.847638
vt 0.967148 0.975432
vt 0.968412 0.977626
vt 0.968412 0.978893
vt 0.985217 0.852934
vt 0.987411 0.856945
vt 0.985217 0.856945
vt 0.987411 0.852934
vt 0.964958 0.974165
vt 0.989945 0.856945
vt 0.989945 0.852934
vt 0.962429 0.974165
vt 0.958975 0.978893
vt 0.960239 0.982353
vt 0.958975 0.980159
vt 0.962429 0.983620
vt 0.988678 0.842360
vt 0.988678 0.846358
vt 0.987411 0.846358
vt 0.960239 0.975432
vt 0.989945 0.846358
vt 0.964958 0.983620
vt 0.958975 0.977626
vt 0.989945 0.858225
vt 0.989945 0.862236
vt 0.987411 0.862236
vt 0.992139 0.858225
vt 0.992139 0.862236
vt 0.951701 0.974165
vt 0.954234 0.974165
vt 0.957695 0.978893
vt 0.987411 0.858225
vt 0.948240 0.978893
vt 0.949507 0.975432
vt 0.957695 0.980159
vt 0.956428 0.982353
vt 0.988678 0.851654
vt 0.954234 0.983620
vt 0.956428 0.975432
vt 0.957695 0.977626
vt 0.987411 0.851654
vt 0.951701 0.983620
vt 0.985217 0.851649
vt 0.987411 0.847643
vt 0.985217 0.862236
vt 0.985217 0.858225
vt 0.985217 0.847638
vt 0.968412 0.980159
vt 0.967148 0.982353
vt 0.987411 0.842360
vt 0.985217 0.846256
vt 0.985217 0.842258
vt 0.948240 0.977626
vt 0.992139 0.846256
vt 0.989945 0.842360
vt 0.948240 0.980159
vt 0.949507 0.982353
vt 0.992139 0.842258
vt 0.992139 0.856945
vt 0.992139 0.852934
vt 0.900219 0.379904
vt 0.900219 0.374054
vt 0.905004 0.374807
vt 0.905004 0.366538
vt 0.900219 0.367316
vt 0.101673 0.878647
vt 0.105042 0.884482
vt 0.089100 0.875278
vt 0.095838 0.875278
vt 0.900219 0.361496
vt 0.905004 0.359394
vt 0.904941 0.497178
vt 0.900156 0.489254
vt 0.904941 0.491351
vt 0.105042 0.891220
vt 0.095838 0.900424
vt 0.083265 0.897055
vt 0.079896 0.891220
vt 0.079896 0.884482
vt 0.083265 0.878647
vt 0.900156 0.496406
vt 0.904941 0.503916
vt 0.871690 0.242373
vt 0.871690 0.250643
vt 0.865668 0.249029
vt 0.900156 0.504676
vt 0.867555 0.235211
vt 0.865668 0.243987
vt 0.867555 0.257804
vt 0.863147 0.253396
vt 0.851716 0.967323
vt 0.851716 0.971695
vt 0.849606 0.971695
vt 0.851716 0.962280
vt 0.849606 0.967323
vt 0.927304 0.773225
vt 0.920588 0.769982
vt 0.927304 0.768182
vt 0.897037 0.957919
vt 0.894926 0.962475
vt 0.894926 0.957919
vt 0.924783 0.763816
vt 0.920588 0.771425
vt 0.919866 0.768732
vt 0.157092 0.986967
vt 0.158396 0.986967
vt 0.158396 0.993314
vt 0.133686 0.986967
vt 0.134937 0.986967
vt 0.134937 0.993314
vt 0.157092 0.993314
vt 0.918616 0.768011
vt 0.132243 0.986967
vt 0.133686 0.993314
vt 0.130994 0.986967
vt 0.132243 0.993314
vt 0.920416 0.761294
vt 0.917173 0.768011
vt 0.851716 0.957919
vt 0.849606 0.962280
vt 0.849606 0.957919
vt 0.915374 0.761294
vt 0.856386 0.962275
vt 0.856386 0.957919
vt 0.858497 0.957919
vt 0.915923 0.768732
vt 0.911007 0.763816
vt 0.858497 0.962275
vt 0.860394 0.231076
vt 0.863147 0.239620
vt 0.858780 0.237099
vt 0.852124 0.231076
vt 0.853738 0.237099
vt 0.856386 0.967317
vt 0.844962 0.235211
vt 0.849371 0.239620
vt 0.856386 0.971695
vt 0.858497 0.967317
vt 0.888146 0.962126
vt 0.888146 0.957919
vt 0.890256 0.957919
vt 0.858497 0.971695
vt 0.846850 0.243987
vt 0.888146 0.967159
vt 0.890256 0.962126
vt 0.846850 0.249029
vt 0.840827 0.242373
vt 0.901940 0.242240
vt 0.906725 0.241303
vt 0.906725 0.249558
vt 0.906725 0.234404
vt 0.840827 0.250643
vt 0.901940 0.248966
vt 0.901940 0.254993
vt 0.906725 0.256956
vt 0.844962 0.257804
vt 0.849371 0.253396
vt 0.852124 0.261939
vt 0.853738 0.255917
vt 0.888146 0.971670
vt 0.890256 0.967159
vt 0.897037 0.967501
vt 0.897037 0.971650
vt 0.894926 0.971650
vt 0.890256 0.971670
vt 0.858780 0.255917
vt 0.897037 0.962475
vt 0.894926 0.967501
vt 0.860394 0.261939
vt 0.901941 0.090852
vt 0.901941 0.082609
vt 0.906726 0.083142
vt 0.906726 0.077054
vt 0.901941 0.075137
vt 0.924783 0.777591
vt 0.919866 0.772675
vt 0.918616 0.773396
vt 0.920416 0.780113
vt 0.150597 0.993314
vt 0.149306 0.993314
vt 0.149306 0.986967
vt 0.915374 0.780113
vt 0.917173 0.773396
vt 0.159834 0.986967
vt 0.161022 0.986967
vt 0.161022 0.993314
vt 0.150597 0.986967
vt 0.147865 0.986967
vt 0.976124 0.127296
vt 0.974187 0.125334
vt 0.976124 0.125853
vt 0.976845 0.124603
vt 0.975427 0.123185
vt 0.977576 0.121944
vt 0.978095 0.123881
vt 0.020015 0.993746
vt 0.020015 0.991600
vt 0.021237 0.991600
vt 0.026239 0.991602
vt 0.026239 0.993746
vt 0.025018 0.993746
vt 0.021237 0.993746
vt 0.979538 0.123881
vt 0.980057 0.121944
vt 0.026239 0.989121
vt 0.025018 0.991602
vt 0.980788 0.124603
vt 0.982206 0.123185
vt 0.026239 0.986967
vt 0.025018 0.989121
vt 0.983447 0.125334
vt 0.034273 0.991663
vt 0.034273 0.993733
vt 0.033052 0.993733
vt 0.025018 0.986967
vt 0.981510 0.125853
vt 0.983447 0.127815
vt 0.034273 0.989187
vt 0.033052 0.991663
vt 0.034273 0.986967
vt 0.033052 0.989187
vt 0.982206 0.129964
vt 0.981510 0.127296
vt 0.045755 0.989009
vt 0.045755 0.986967
vt 0.046977 0.986967
vt 0.033052 0.986967
vt 0.980788 0.128546
vt 0.980057 0.131204
vt 0.977576 0.131204
vt 0.979538 0.129267
vt 0.045755 0.991482
vt 0.046977 0.989009
vt 0.978095 0.129267
vt 0.976845 0.128546
vt 0.975427 0.129964
vt 0.045755 0.993724
vt 0.046977 0.991482
vt 0.020015 0.989118
vt 0.020015 0.986967
vt 0.021237 0.986967
vt 0.046977 0.993724
vt 0.974187 0.127815
vt 0.021237 0.989118
vt 0.601309 0.974617
vt 0.599160 0.975857
vt 0.598830 0.975527
vt 0.603790 0.974617
vt 0.601188 0.974165
vt 0.987489 0.654600
vt 0.985217 0.654600
vt 0.985217 0.653694
vt 0.990207 0.654600
vt 0.987489 0.653694
vt 0.603911 0.974165
vt 0.992644 0.654600
vt 0.990207 0.653694
vt 0.605939 0.975857
vt 0.606270 0.975527
vt 0.607180 0.978006
vt 0.607631 0.977885
vt 0.990392 0.668367
vt 0.992633 0.668367
vt 0.992633 0.669274
vt 0.992644 0.653694
vt 0.607180 0.980487
vt 0.607631 0.980608
vt 0.987678 0.668367
vt 0.990392 0.669274
vt 0.606270 0.982967
vt 0.985217 0.668367
vt 0.987678 0.669274
vt 0.605939 0.982636
vt 0.603911 0.984328
vt 0.990296 0.634688
vt 0.992657 0.634688
vt 0.992657 0.635594
vt 0.985217 0.669274
vt 0.603790 0.983877
vt 0.601188 0.984328
vt 0.987573 0.634688
vt 0.990296 0.635594
vt 0.601309 0.983877
vt 0.599160 0.982636
vt 0.598830 0.982967
vt 0.985217 0.634688
vt 0.987573 0.635594
vt 0.597920 0.980487
vt 0.597468 0.980608
vt 0.987570 0.637780
vt 0.985217 0.637780
vt 0.985217 0.636874
vt 0.985217 0.635594
vt 0.966979 0.581956
vt 0.966736 0.581049
vt 0.969094 0.579687
vt 0.987570 0.636874
vt 0.969759 0.580351
vt 0.970456 0.577329
vt 0.971364 0.577572
vt 0.497549 0.964943
vt 0.497549 0.971967
vt 0.494776 0.971967
vt 0.484728 0.964943
vt 0.484728 0.957919
vt 0.487504 0.957919
vt 0.494776 0.964943
vt 0.487504 0.971967
vt 0.484728 0.971967
vt 0.487504 0.964943
vt 0.494776 0.957919
vt 0.490713 0.971967
vt 0.490713 0.964943
vt 0.490713 0.957919
vt 0.970456 0.574605
vt 0.971364 0.574362
vt 0.969759 0.571582
vt 0.493497 0.957919
vt 0.969094 0.572247
vt 0.966979 0.569978
vt 0.514857 0.964943
vt 0.514857 0.957919
vt 0.517757 0.957919
vt 0.493497 0.964943
vt 0.517757 0.971967
vt 0.514857 0.971967
vt 0.493497 0.971967
vt 0.517757 0.964943
vt 0.961654 0.585505
vt 0.963769 0.583236
vt 0.964013 0.584144
vt 0.966979 0.583236
vt 0.960990 0.584841
vt 0.520957 0.971967
vt 0.969759 0.584841
vt 0.969095 0.585505
vt 0.966736 0.584144
vt 0.523598 0.971967
vt 0.520957 0.964943
vt 0.520957 0.957919
vt 0.523598 0.957919
vt 0.523598 0.964943
vt 0.513578 0.964943
vt 0.513578 0.971967
vt 0.510706 0.971967
vt 0.510706 0.964943
vt 0.510706 0.957919
vt 0.513578 0.957919
vt 0.507502 0.971967
vt 0.507502 0.957919
vt 0.507502 0.964943
vt 0.959385 0.574362
vt 0.960293 0.577329
vt 0.959385 0.577572
vt 0.960990 0.580351
vt 0.504825 0.971967
vt 0.961654 0.579687
vt 0.963770 0.581956
vt 0.503545 0.964943
vt 0.503545 0.971967
vt 0.500758 0.971967
vt 0.504825 0.964943
vt 0.500758 0.964943
vt 0.500758 0.957919
vt 0.503545 0.957919
vt 0.504825 0.957919
vt 0.969095 0.592945
vt 0.969759 0.593610
vt 0.966979 0.595215
vt 0.970456 0.590587
vt 0.971364 0.590830
vt 0.987489 0.656786
vt 0.987489 0.655880
vt 0.990207 0.655880
vt 0.985217 0.656786
vt 0.990207 0.656786
vt 0.971364 0.587620
vt 0.970456 0.587864
vt 0.992644 0.655880
vt 0.992644 0.656786
vt 0.617713 0.982967
vt 0.617382 0.982636
vt 0.618623 0.980487
vt 0.615354 0.984328
vt 0.619074 0.980608
vt 0.992633 0.670553
vt 0.992633 0.671459
vt 0.990392 0.671459
vt 0.618623 0.978006
vt 0.619074 0.977885
vt 0.990392 0.670553
vt 0.987678 0.671459
vt 0.617713 0.975527
vt 0.987678 0.670553
vt 0.985217 0.671459
vt 0.985217 0.670553
vt 0.992657 0.632502
vt 0.992657 0.633408
vt 0.990296 0.633408
vt 0.615354 0.974165
vt 0.617382 0.975857
vt 0.036775 0.993733
vt 0.035553 0.993733
vt 0.035553 0.991663
vt 0.028741 0.989121
vt 0.027519 0.986967
vt 0.028741 0.986967
vt 0.036775 0.991663
vt 0.615233 0.974617
vt 0.035553 0.989187
vt 0.036775 0.989187
vt 0.612752 0.974617
vt 0.612631 0.974165
vt 0.990296 0.632502
vt 0.987573 0.633408
vt 0.987573 0.632502
vt 0.985217 0.633408
vt 0.610603 0.975857
vt 0.610273 0.975527
vt 0.048256 0.986967
vt 0.049478 0.986967
vt 0.049478 0.989009
vt 0.048256 0.989009
vt 0.035553 0.986967
vt 0.036775 0.986967
vt 0.609363 0.978006
vt 0.049478 0.991482
vt 0.048256 0.991482
vt 0.608911 0.980608
vt 0.609363 0.980487
vt 0.608911 0.977885
vt 0.985217 0.639966
vt 0.985217 0.639059
vt 0.987570 0.639059
vt 0.987570 0.639966
vt 0.990293 0.639059
vt 0.990293 0.639966
vt 0.963769 0.595215
vt 0.964013 0.594307
vt 0.966736 0.594307
vt 0.961654 0.592945
vt 0.497549 0.957919
vt 0.960990 0.593610
vt 0.992657 0.639059
vt 0.992657 0.639966
vt 0.610273 0.982967
vt 0.610603 0.982636
vt 0.985217 0.655880
vt 0.612631 0.984328
vt 0.612752 0.983877
vt 0.022516 0.989118
vt 0.023738 0.989118
vt 0.023738 0.991600
vt 0.022516 0.986967
vt 0.022516 0.991600
vt 0.615233 0.983877
vt 0.023738 0.993746
vt 0.022516 0.993746
vt 0.982206 0.133725
vt 0.983447 0.135873
vt 0.980788 0.135143
vt 0.980057 0.132484
vt 0.028741 0.993746
vt 0.027519 0.993746
vt 0.027519 0.991602
vt 0.979538 0.134421
vt 0.977576 0.132484
vt 0.028741 0.991602
vt 0.027519 0.989121
vt 0.978095 0.134421
vt 0.975427 0.133725
vt 0.163605 0.986967
vt 0.163605 0.993314
vt 0.162301 0.993314
vt 0.162301 0.986967
vt 0.165044 0.986967
vt 0.976845 0.135143
vt 0.662187 0.934517
vt 0.660387 0.927801
vt 0.661637 0.927079
vt 0.657144 0.934517
vt 0.658944 0.927801
vt 0.165044 0.993314
vt 0.666554 0.931996
vt 0.662359 0.925829
vt 0.166231 0.986967
vt 0.166231 0.993314
vt 0.662359 0.924386
vt 0.669075 0.922587
vt 0.669075 0.927629
vt 0.154521 0.993314
vt 0.154521 0.986967
vt 0.155812 0.986967
vt 0.155812 0.993314
vt 0.981510 0.136392
vt 0.981510 0.137836
vt 0.153080 0.993314
vt 0.153080 0.986967
vt 0.151877 0.993314
vt 0.983447 0.138355
vt 0.980788 0.139085
vt 0.151876 0.986967
vt 0.144129 0.993314
vt 0.145382 0.986967
vt 0.145382 0.993314
vt 0.980057 0.141744
vt 0.979538 0.139807
vt 0.982206 0.140504
vt 0.049478 0.993724
vt 0.048256 0.993724
vt 0.023738 0.986967
vt 0.144129 0.986967
vt 0.142686 0.993314
vt 0.978095 0.139807
vt 0.142686 0.986967
vt 0.141439 0.993314
vt 0.975427 0.140504
vt 0.976845 0.139085
vt 0.977576 0.141744
vt 0.141439 0.986967
vt 0.127020 0.986967
vt 0.125772 0.993314
vt 0.125772 0.986967
vt 0.976124 0.137836
vt 0.127020 0.993314
vt 0.128463 0.986967
vt 0.974187 0.135873
vt 0.976124 0.136392
vt 0.974187 0.138355
vt 0.128463 0.993314
vt 0.129715 0.986967
vt 0.652778 0.931996
vt 0.657694 0.927079
vt 0.129715 0.993314
vt 0.656973 0.925829
vt 0.855106 0.967323
vt 0.852996 0.967323
vt 0.852996 0.962280
vt 0.855106 0.971695
vt 0.855106 0.962280
vt 0.650257 0.927629
vt 0.852996 0.957919
vt 0.855106 0.957919
vt 0.656973 0.924386
vt 0.650257 0.922587
vt 0.859776 0.957919
vt 0.861887 0.957919
vt 0.861887 0.962275
vt 0.859776 0.962275
vt 0.657694 0.923136
vt 0.652778 0.918220
vt 0.861887 0.967317
vt 0.859776 0.967317
vt 0.658944 0.922415
vt 0.657144 0.915699
vt 0.861887 0.971695
vt 0.859776 0.971695
vt 0.660387 0.922415
vt 0.662187 0.915699
vt 0.891536 0.957919
vt 0.893647 0.957919
vt 0.893647 0.962126
vt 0.891536 0.962126
vt 0.666554 0.918220
vt 0.893647 0.967159
vt 0.891536 0.967159
vt 0.661637 0.923136
vt 0.622353 0.849343
vt 0.616331 0.855999
vt 0.616331 0.850956
vt 0.618218 0.842181
vt 0.613810 0.846590
vt 0.893647 0.971670
vt 0.901941 0.066459
vt 0.901941 0.058205
vt 0.906726 0.059142
vt 0.901941 0.051306
vt 0.611057 0.838046
vt 0.609443 0.844068
vt 0.905011 0.318320
vt 0.900226 0.320404
vt 0.900226 0.313224
vt 0.906726 0.053521
vt 0.602787 0.838046
vt 0.900226 0.304954
vt 0.905011 0.312471
vt 0.595625 0.842181
vt 0.600034 0.846590
vt 0.604401 0.844068
vt 0.905011 0.305733
vt 0.900226 0.297811
vt 0.591491 0.849343
vt 0.597513 0.850956
vt 0.904962 0.711904
vt 0.904962 0.719056
vt 0.900178 0.719828
vt 0.900178 0.714001
vt 0.905011 0.299912
vt 0.591491 0.857612
vt 0.597513 0.855999
vt 0.904962 0.727326
vt 0.900178 0.726566
vt 0.595625 0.864774
vt 0.900178 0.732409
vt 0.602787 0.868909
vt 0.600034 0.860365
vt 0.904962 0.734497
vt 0.530217 0.900422
vt 0.523480 0.900422
vt 0.514275 0.891218
vt 0.536052 0.897053
vt 0.908392 0.653834
vt 0.903607 0.654367
vt 0.903607 0.648279
vt 0.908392 0.646362
vt 0.908392 0.662077
vt 0.609443 0.862887
vt 0.618218 0.864774
vt 0.611057 0.868909
vt 0.604401 0.862887
vt 0.900427 0.962475
vt 0.898317 0.962475
vt 0.898317 0.957919
vt 0.900427 0.957919
vt 0.852996 0.971695
vt 0.613810 0.860366
vt 0.900427 0.967501
vt 0.898317 0.967501
vt 0.622353 0.857612
vt 0.900427 0.971650
vt 0.898317 0.971650
vt 0.906726 0.071895
vt 0.901941 0.073858
vt 0.908392 0.668882
vt 0.903607 0.666627
vt 0.903607 0.661083
vt 0.517644 0.897053
vt 0.530217 0.875276
vt 0.539421 0.884480
vt 0.523480 0.875276
vt 0.517644 0.878645
vt 0.514275 0.884480
vt 0.906726 0.065867
vt 0.539421 0.891218
vt 0.536052 0.878645
vt 0.891536 0.971670
vt 0.985217 0.632502
vt 0.960293 0.590587
vt 0.959385 0.587620
vt 0.960293 0.587864
vt 0.959385 0.590830
vt 0.964013 0.581049
vt 0.992657 0.637780
vt 0.990293 0.637780
vt 0.990293 0.636874
vt 0.992657 0.636874
vt 0.597920 0.978006
vt 0.597468 0.977885
vt 0.960990 0.571582
vt 0.960293 0.574605
vt 0.961654 0.572247
vt 0.963770 0.569978
vt 0.966736 0.570885
vt 0.964013 0.570885
vt 0.147865 0.993314
vt 0.146661 0.993314
vt 0.146661 0.986967
vt 0.140159 0.993314
vt 0.138906 0.986967
vt 0.140159 0.986967
vt 0.911007 0.777591
vt 0.915202 0.771425
vt 0.915923 0.772675
vt 0.138906 0.993314
vt 0.908486 0.773225
vt 0.908486 0.768182
vt 0.915202 0.769982
vt 0.137463 0.993314
vt 0.137463 0.986967
vt 0.136217 0.986967
vt 0.136217 0.993314
vt 0.130994 0.993314
vt 0.159834 0.993314
vt 0.906726 0.089858
vt 0.906726 0.095402
vt 0.901941 0.097657
vt 0.089100 0.900424
vt 0.101673 0.897055
vt 0.901940 0.236619
vt 0.905004 0.381987
vt 0.904941 0.509759
vt 0.900156 0.511847
vt 0.974187 0.289713
vt 0.978829 0.289713
vt 0.978829 0.291113
vt 0.983472 0.297071
vt 0.978829 0.298439
vt 0.978829 0.297071
vt 0.983472 0.298439
vt 0.974187 0.701013
vt 0.979241 0.697636
vt 0.982617 0.702690
vt 0.977563 0.706067
vt 0.979240 0.706067
vt 0.981976 0.704239
vt 0.980790 0.705425
vt 0.974187 0.291113
vt 0.981976 0.699463
vt 0.982617 0.701013
vt 0.980790 0.698278
vt 0.974187 0.294403
vt 0.974187 0.292760
vt 0.978829 0.292760
vt 0.974187 0.295791
vt 0.978829 0.294403
vt 0.983472 0.292760
vt 0.983472 0.294403
vt 0.982617 0.692979
vt 0.981976 0.694528
vt 0.980790 0.688567
vt 0.983472 0.295791
vt 0.982617 0.691302
vt 0.981976 0.689753
vt 0.978829 0.313235
vt 0.983472 0.313235
vt 0.983472 0.314903
vt 0.978829 0.314903
vt 0.983472 0.316512
vt 0.974828 0.689753
vt 0.976014 0.688567
vt 0.977563 0.687925
vt 0.979240 0.687925
vt 0.978829 0.316512
vt 0.983472 0.317817
vt 0.978829 0.317817
vt 0.978829 0.310484
vt 0.974187 0.310484
vt 0.974187 0.309017
vt 0.983472 0.309017
vt 0.983472 0.310484
vt 0.978829 0.309017
vt 0.974187 0.317817
vt 0.983472 0.307351
vt 0.978829 0.307351
vt 0.974187 0.307351
vt 0.978829 0.305739
vt 0.974187 0.305739
vt 0.974187 0.304426
vt 0.978829 0.304426
vt 0.983472 0.305739
vt 0.983472 0.304426
vt 0.974187 0.692979
vt 0.974187 0.691302
vt 0.976014 0.698277
vt 0.977564 0.697636
vt 0.978829 0.303147
vt 0.974187 0.303147
vt 0.974187 0.301728
vt 0.978829 0.301728
vt 0.983472 0.301728
vt 0.983472 0.303147
vt 0.974187 0.300075
vt 0.978829 0.300075
vt 0.983472 0.300075
vt 0.976014 0.695714
vt 0.974829 0.694529
vt 0.974187 0.298439
vt 0.979241 0.696356
vt 0.977564 0.696356
vt 0.974187 0.297071
vt 0.983472 0.289713
vt 0.983472 0.291113
vt 0.980790 0.695714
vt 0.974829 0.699463
vt 0.974187 0.316512
vt 0.974187 0.702690
vt 0.974828 0.704239
vt 0.974187 0.314903
vt 0.976014 0.705425
vt 0.974187 0.313235
vt 0.978829 0.311763
vt 0.974187 0.311763
vt 0.983472 0.311763
vt 0.978829 0.295791
vt 0.970424 0.404792
vt 0.970424 0.401442
vt 0.972090 0.401442
vt 0.972090 0.404792
vt 0.988568 0.901166
vt 0.991919 0.901166
vt 0.991919 0.902508
vt 0.526985 0.954563
vt 0.525797 0.953076
vt 0.532755 0.953275
vt 0.531634 0.954696
vt 0.528511 0.955393
vt 0.534177 0.946045
vt 0.523815 0.946046
vt 0.963161 0.401442
vt 0.523815 0.943985
vt 0.524603 0.942080
vt 0.531931 0.940622
vt 0.963161 0.404792
vt 0.961129 0.401442
vt 0.534177 0.943984
vt 0.533388 0.942080
vt 0.960990 0.419030
vt 0.960990 0.422381
vt 0.959385 0.422381
vt 0.530026 0.939834
vt 0.959385 0.419030
vt 0.987020 0.444616
vt 0.985217 0.444616
vt 0.985217 0.441265
vt 0.987020 0.441265
vt 0.989068 0.444616
vt 0.989068 0.441265
vt 0.527965 0.939834
vt 0.991050 0.441265
vt 0.526061 0.940623
vt 0.991050 0.444616
vt 0.992663 0.444616
vt 0.992663 0.441265
vt 0.959385 0.404792
vt 0.959385 0.401442
vt 0.991050 0.447966
vt 0.961129 0.404792
vt 0.992663 0.447966
vt 0.961129 0.408143
vt 0.959385 0.408143
vt 0.545820 0.943985
vt 0.545820 0.946046
vt 0.541669 0.939834
vt 0.545031 0.942080
vt 0.963161 0.408143
vt 0.535457 0.943984
vt 0.535457 0.946045
vt 0.543837 0.953076
vt 0.970424 0.408143
vt 0.536879 0.953275
vt 0.542650 0.954563
vt 0.972090 0.408143
vt 0.985217 0.902508
vt 0.985217 0.901166
vt 0.538000 0.954696
vt 0.541123 0.955393
vt 0.985217 0.904102
vt 0.988568 0.902508
vt 0.539490 0.955440
vt 0.985217 0.905706
vt 0.988568 0.904102
vt 0.991919 0.904102
vt 0.988568 0.905706
vt 0.991919 0.905706
vt 0.530144 0.955440
vt 0.991919 0.907076
vt 0.988568 0.907076
vt 0.985217 0.907076
vt 0.972054 0.419030
vt 0.972054 0.422381
vt 0.965017 0.422381
vt 0.965017 0.419030
vt 0.965017 0.415679
vt 0.972054 0.415679
vt 0.962967 0.419030
vt 0.962967 0.422381
vt 0.962967 0.415679
vt 0.960990 0.415679
vt 0.536246 0.942080
vt 0.537704 0.940622
vt 0.959385 0.415679
vt 0.539608 0.939834
vt 0.985217 0.447966
vt 0.987020 0.447966
vt 0.989068 0.447966
vt 0.543574 0.940623
vt 0.071950 0.949634
vt 0.063689 0.956402
vt 0.063689 0.949634
vt 0.071950 0.945485
vt 0.063689 0.945485
vt 0.702934 0.197006
vt 0.709511 0.200380
vt 0.705625 0.203191
vt 0.699224 0.201476
vt 0.698778 0.197006
vt 0.702654 0.201476
vt 0.980472 0.408514
vt 0.983540 0.408514
vt 0.983540 0.409716
vt 0.983526 0.426362
vt 0.980704 0.425160
vt 0.983526 0.425160
vt 0.980704 0.426362
vt 0.707339 0.206161
vt 0.977286 0.425160
vt 0.977286 0.426362
vt 0.707339 0.209591
vt 0.712394 0.205689
vt 0.705625 0.212561
vt 0.974187 0.425160
vt 0.974187 0.426362
vt 0.706246 0.247057
vt 0.702638 0.244974
vt 0.702654 0.214276
vt 0.983557 0.399791
vt 0.980583 0.398589
vt 0.983557 0.398589
vt 0.980583 0.399791
vt 0.699224 0.214276
vt 0.977153 0.398589
vt 0.977153 0.399791
vt 0.974187 0.399791
vt 0.974187 0.398589
vt 0.698472 0.244974
vt 0.696254 0.212561
vt 0.994776 0.146840
vt 0.998934 0.146840
vt 0.998292 0.150256
vt 0.694865 0.247057
vt 0.699303 0.248073
vt 0.995792 0.150256
vt 0.692782 0.250664
vt 0.689524 0.253617
vt 0.689524 0.205689
vt 0.695882 0.251494
vt 0.697134 0.249325
vt 0.692782 0.254830
vt 0.998942 0.133842
vt 0.995620 0.137257
vt 0.994776 0.133842
vt 0.998125 0.137257
vt 0.697134 0.256168
vt 0.695882 0.253999
vt 0.699303 0.257420
vt 0.703977 0.256168
vt 0.701808 0.257420
vt 0.698472 0.260521
vt 0.998118 0.124451
vt 0.994776 0.127867
vt 0.995614 0.124451
vt 0.697994 0.262836
vt 0.694865 0.258438
vt 0.702638 0.260521
vt 0.998942 0.127867
vt 0.706246 0.258438
vt 0.703719 0.262836
vt 0.210537 0.945182
vt 0.215164 0.945182
vt 0.215164 0.950907
vt 0.210537 0.950907
vt 0.210537 0.956268
vt 0.215164 0.956268
vt 0.709074 0.259756
vt 0.712394 0.253617
vt 0.708329 0.254830
vt 0.114324 0.662121
vt 0.118807 0.655734
vt 0.118807 0.662121
vt 0.114180 0.655734
vt 0.708329 0.250664
vt 0.998928 0.159646
vt 0.994776 0.159646
vt 0.995354 0.156230
vt 0.705229 0.253999
vt 0.705229 0.251494
vt 0.997850 0.156230
vt 0.703977 0.249325
vt 0.701808 0.248073
vt 0.114324 0.689093
vt 0.776639 0.492656
vt 0.779960 0.498796
vt 0.757089 0.498796
vt 0.779960 0.525856
vt 0.757089 0.525856
vt 0.779960 0.528139
vt 0.118807 0.709893
vt 0.112803 0.691368
vt 0.757089 0.528139
vt 0.176410 0.876246
vt 0.176410 0.899117
vt 0.172607 0.899121
vt 0.110546 0.698740
vt 0.109000 0.692884
vt 0.110546 0.709893
vt 0.254761 0.886646
vt 0.260102 0.876196
vt 0.260102 0.899066
vt 0.881201 0.876649
vt 0.888167 0.899478
vt 0.881201 0.899478
vt 0.103581 0.698740
vt 0.248913 0.899066
vt 0.252070 0.891307
vt 0.253776 0.890322
vt 0.254761 0.888616
vt 0.253776 0.884940
vt 0.702773 0.957919
vt 0.704477 0.957919
vt 0.704477 0.964885
vt 0.706447 0.957919
vt 0.252070 0.883955
vt 0.702773 0.964885
vt 0.711137 0.964885
vt 0.711137 0.971850
vt 0.709435 0.971850
vt 0.709435 0.964885
vt 0.709435 0.957919
vt 0.702773 0.971850
vt 0.225405 0.884940
vt 0.219080 0.876196
vt 0.227111 0.883955
vt 0.224420 0.886646
vt 0.711137 0.957919
vt 0.704477 0.971850
vt 0.706447 0.971850
vt 0.219080 0.899066
vt 0.224420 0.888616
vt 0.096615 0.698740
vt 0.096615 0.709893
vt 0.088355 0.709893
vt 0.094359 0.691368
vt 0.230269 0.899066
vt 0.227111 0.891307
vt 0.225405 0.890322
vt 0.098162 0.692884
vt 0.895132 0.876649
vt 0.895132 0.899478
vt 0.161770 0.899121
vt 0.157967 0.899117
vt 0.157967 0.876246
vt 0.161770 0.876250
vt 0.167189 0.876250
vt 0.103581 0.692884
vt 0.167189 0.899121
vt 0.217346 0.698368
vt 0.217346 0.692493
vt 0.222765 0.692493
vt 0.211927 0.692493
vt 0.172607 0.876250
vt 0.210380 0.698368
vt 0.208124 0.690972
vt 0.888167 0.876649
vt 0.224312 0.698368
vt 0.226568 0.690972
vt 0.725527 0.060583
vt 0.702656 0.062866
vt 0.702656 0.060583
vt 0.228089 0.688690
vt 0.232572 0.709557
vt 0.232572 0.661629
vt 0.228089 0.661629
vt 0.725527 0.062866
vt 0.725527 0.089926
vt 0.702656 0.089926
vt 0.092838 0.689093
vt 0.088355 0.662121
vt 0.092838 0.662121
vt 0.508426 0.702769
vt 0.502277 0.661401
vt 0.508426 0.654841
vt 0.505105 0.648701
vt 0.504360 0.653627
vt 0.504360 0.657793
vt 0.088355 0.655734
vt 0.501656 0.695896
vt 0.501260 0.656964
vt 0.497839 0.660385
vt 0.500008 0.659133
vt 0.498669 0.663484
vt 0.503371 0.698866
vt 0.498686 0.694181
vt 0.974187 0.423881
vt 0.974187 0.422679
vt 0.977286 0.422679
vt 0.980583 0.402272
vt 0.980583 0.401071
vt 0.983557 0.401071
vt 0.983557 0.402272
vt 0.977153 0.402272
vt 0.977153 0.401071
vt 0.495256 0.694181
vt 0.974187 0.402272
vt 0.974187 0.401071
vt 0.492285 0.695896
vt 0.494504 0.663484
vt 0.994776 0.145560
vt 0.998292 0.142145
vt 0.998934 0.145560
vt 0.490896 0.661401
vt 0.995792 0.142145
vt 0.495334 0.660385
vt 0.493165 0.659133
vt 0.491913 0.656964
vt 0.495334 0.651037
vt 0.494504 0.647937
vt 0.493165 0.652290
vt 0.998118 0.123172
vt 0.995614 0.123172
vt 0.994776 0.119756
vt 0.491913 0.654459
vt 0.497839 0.651037
vt 0.998942 0.119756
vt 0.500008 0.652290
vt 0.498669 0.647937
vt 0.494025 0.645622
vt 0.502277 0.650020
vt 0.499750 0.645622
vt 0.216443 0.950907
vt 0.221070 0.956268
vt 0.216443 0.956268
vt 0.221070 0.950907
vt 0.221070 0.945182
vt 0.216443 0.945182
vt 0.716851 0.099145
vt 0.711126 0.099145
vt 0.216443 0.939834
vt 0.221070 0.939834
vt 0.705771 0.096066
vt 0.488670 0.648701
vt 0.490896 0.650020
vt 0.232572 0.655504
vt 0.485555 0.654841
vt 0.488813 0.653627
vt 0.227945 0.655504
vt 0.488813 0.657793
vt 0.995620 0.129146
vt 0.998942 0.132562
vt 0.994776 0.132562
vt 0.998125 0.129146
vt 0.722206 0.096066
vt 0.092982 0.655734
vt 0.501260 0.654459
vt 0.998928 0.151535
vt 0.997850 0.154951
vt 0.995354 0.154951
vt 0.994776 0.151535
vt 0.485555 0.702769
vt 0.972185 0.217463
vt 0.967500 0.222148
vt 0.964070 0.209348
vt 0.961100 0.220433
vt 0.977149 0.406033
vt 0.974187 0.407235
vt 0.974187 0.406033
vt 0.972185 0.214033
vt 0.970470 0.211063
vt 0.967500 0.209348
vt 0.959385 0.214033
vt 0.961100 0.211063
vt 0.959385 0.217463
vt 0.977048 0.410995
vt 0.977048 0.412197
vt 0.974187 0.412197
vt 0.974187 0.410995
vt 0.980472 0.410995
vt 0.964070 0.222148
vt 0.980472 0.412197
vt 0.983540 0.410995
vt 0.495256 0.706981
vt 0.498685 0.706981
vt 0.498965 0.711451
vt 0.501656 0.705267
vt 0.983540 0.412197
vt 0.505542 0.708077
vt 0.503371 0.702296
vt 0.980704 0.423881
vt 0.980704 0.422679
vt 0.983526 0.422679
vt 0.983526 0.423881
vt 0.977286 0.423881
vt 0.970470 0.220433
vt 0.081490 0.956402
vt 0.073230 0.949634
vt 0.081490 0.949634
vt 0.096615 0.714951
vt 0.088355 0.714951
vt 0.073230 0.956402
vt 0.073230 0.945485
vt 0.238951 0.889606
vt 0.235577 0.896183
vt 0.230787 0.890322
vt 0.231772 0.886646
vt 0.238951 0.885450
vt 0.231772 0.888616
vt 0.229081 0.891307
vt 0.728113 0.971850
vt 0.726492 0.971850
vt 0.726492 0.964885
vt 0.719706 0.957919
vt 0.721469 0.957919
vt 0.721469 0.964885
vt 0.728113 0.964885
vt 0.724528 0.964885
vt 0.728113 0.957919
vt 0.726492 0.957919
vt 0.724528 0.971850
vt 0.722748 0.971850
vt 0.722748 0.964885
vt 0.722748 0.957919
vt 0.724528 0.957919
vt 0.706447 0.964885
vt 0.708155 0.957919
vt 0.708155 0.964885
vt 0.708155 0.971850
vt 0.250100 0.891307
vt 0.243605 0.896183
vt 0.248394 0.890322
vt 0.110546 0.714951
vt 0.118807 0.714951
vt 0.240231 0.889606
vt 0.071950 0.956402
vt 0.721469 0.971850
vt 0.719706 0.971850
vt 0.247410 0.888616
vt 0.247410 0.886646
vt 0.719706 0.964885
vt 0.717740 0.971850
vt 0.717740 0.964885
vt 0.717740 0.957919
vt 0.716097 0.964885
vt 0.713107 0.964885
vt 0.714817 0.957919
vt 0.714817 0.964885
vt 0.714817 0.971850
vt 0.716097 0.957919
vt 0.716097 0.971850
vt 0.248394 0.884940
vt 0.243183 0.879609
vt 0.250100 0.883955
vt 0.713107 0.971850
vt 0.063689 0.939833
vt 0.071950 0.939833
vt 0.202120 0.715302
vt 0.210380 0.709557
vt 0.210380 0.715302
vt 0.248913 0.876196
vt 0.240231 0.885450
vt 0.202120 0.709557
vt 0.694539 0.206161
vt 0.692937 0.199958
vt 0.696254 0.203191
vt 0.980579 0.403552
vt 0.983557 0.403552
vt 0.983557 0.404753
vt 0.974187 0.408514
vt 0.977048 0.409716
vt 0.974187 0.409716
vt 0.977048 0.408514
vt 0.980472 0.409716
vt 0.959385 0.199953
vt 0.961100 0.196983
vt 0.967500 0.195268
vt 0.964070 0.195268
vt 0.959385 0.203383
vt 0.980579 0.404753
vt 0.977149 0.403552
vt 0.977149 0.404753
vt 0.964070 0.208068
vt 0.961100 0.206354
vt 0.974187 0.403552
vt 0.974187 0.404753
vt 0.694539 0.209591
vt 0.230787 0.884940
vt 0.235999 0.879609
vt 0.713107 0.957919
vt 0.229081 0.883955
vt 0.232572 0.715302
vt 0.224312 0.715302
vt 0.224312 0.709557
vt 0.073230 0.939833
vt 0.081490 0.939833
vt 0.230269 0.876196
vt 0.488969 0.708499
vt 0.490570 0.702296
vt 0.494809 0.711451
vt 0.081490 0.945485
vt 0.492285 0.705267
vt 0.983557 0.406033
vt 0.983557 0.407235
vt 0.980579 0.407235
vt 0.980579 0.406033
vt 0.977149 0.407235
vt 0.490570 0.698866
vt 0.206603 0.688690
vt 0.202120 0.661629
vt 0.206603 0.661629
vt 0.765559 0.489577
vt 0.771284 0.489577
vt 0.760204 0.492656
vt 0.202120 0.655504
vt 0.206747 0.655504
vt 0.692639 0.259756
vt 0.215164 0.939834
vt 0.210537 0.939834
vt 0.970470 0.206354
vt 0.967500 0.208068
vt 0.972185 0.203383
vt 0.972185 0.199953
vt 0.970470 0.196983
vt 0.223746 0.843674
vt 0.219872 0.843674
vt 0.219872 0.809495
vt 0.216231 0.809495
vt 0.811738 0.885175
vt 0.813218 0.889310
vt 0.810413 0.888816
vt 0.223746 0.809495
vt 0.813218 0.892195
vt 0.810413 0.892690
vt 0.814205 0.886600
vt 0.818557 0.882948
vt 0.814228 0.882208
vt 0.816059 0.884390
vt 0.817583 0.880271
vt 0.211984 0.843674
vt 0.209016 0.809495
vt 0.211984 0.809495
vt 0.209016 0.843674
vt 0.205376 0.809495
vt 0.821398 0.879598
vt 0.821398 0.882447
vt 0.824239 0.882948
vt 0.825213 0.880271
vt 0.826737 0.884390
vt 0.828568 0.882208
vt 0.828592 0.886600
vt 0.826737 0.897116
vt 0.829578 0.892195
vt 0.829578 0.889310
vt 0.831059 0.885175
vt 0.197861 0.843674
vt 0.194893 0.809495
vt 0.197861 0.809495
vt 0.194893 0.843674
vt 0.134335 0.843976
vt 0.131367 0.809797
vt 0.134335 0.809797
vt 0.832384 0.888816
vt 0.131367 0.843976
vt 0.127726 0.809797
vt 0.832384 0.892690
vt 0.127726 0.843976
vt 0.123852 0.809797
vt 0.831059 0.896330
vt 0.828592 0.894906
vt 0.828568 0.899298
vt 0.120212 0.843976
vt 0.120212 0.809797
vt 0.298033 0.843690
vt 0.295066 0.809511
vt 0.298033 0.809511
vt 0.825213 0.901235
vt 0.295066 0.843690
vt 0.291425 0.809511
vt 0.821398 0.901908
vt 0.824239 0.898558
vt 0.821398 0.899059
vt 0.817583 0.901235
vt 0.816059 0.897116
vt 0.818557 0.898558
vt 0.814228 0.899298
vt 0.287551 0.843690
vt 0.283911 0.809511
vt 0.287551 0.809511
vt 0.283911 0.843690
vt 0.280943 0.809511
vt 0.811738 0.896330
vt 0.814205 0.894906
vt 0.280943 0.843690
vt 0.227386 0.809495
vt 0.227386 0.843674
vt 0.859466 0.900398
vt 0.859489 0.896006
vt 0.861956 0.897431
vt 0.860475 0.893296
vt 0.863281 0.893790
vt 0.863281 0.889916
vt 0.860475 0.890411
vt 0.859489 0.887700
vt 0.857635 0.885490
vt 0.856111 0.881371
vt 0.859466 0.883308
vt 0.855136 0.884048
vt 0.852295 0.883547
vt 0.852295 0.880698
vt 0.205376 0.843674
vt 0.201502 0.809495
vt 0.201502 0.843674
vt 0.849455 0.884048
vt 0.848480 0.881371
vt 0.845125 0.883308
vt 0.846956 0.885490
vt 0.845102 0.887700
vt 0.844115 0.890411
vt 0.842635 0.886276
vt 0.849455 0.899659
vt 0.846956 0.898216
vt 0.845102 0.896006
vt 0.844115 0.893296
vt 0.841310 0.889916
vt 0.841310 0.893790
vt 0.842635 0.897431
vt 0.845125 0.900398
vt 0.123852 0.843976
vt 0.848480 0.902335
vt 0.857635 0.898216
vt 0.855136 0.899659
vt 0.852295 0.900159
vt 0.852295 0.903008
vt 0.291425 0.843690
vt 0.856111 0.902335
vt 0.861956 0.886276
vt 0.216231 0.843674
vt 0.213263 0.809495
vt 0.213263 0.843674
vt 0.994776 0.351585
vt 0.998483 0.351585
vt 0.997217 0.352915
vt 0.995283 0.322938
vt 0.998029 0.324599
vt 0.994776 0.324599
vt 0.998535 0.322938
vt 0.995097 0.011964
vt 0.998980 0.015308
vt 0.994776 0.015308
vt 0.999301 0.011964
vt 0.994776 0.438279
vt 0.996805 0.436970
vt 0.998052 0.438279
vt 0.994904 0.075968
vt 0.999032 0.073463
vt 0.999160 0.075968
vt 0.994776 0.073463
vt 0.974186 0.668166
vt 0.982351 0.668166
vt 0.982867 0.672033
vt 0.982195 0.949282
vt 0.974502 0.945044
vt 0.982510 0.945044
vt 0.974187 0.949281
vt 0.880856 0.101767
vt 0.882871 0.118101
vt 0.876197 0.108620
vt 0.874247 0.116439
vt 0.874247 0.100493
vt 0.974430 0.902125
vt 0.982352 0.897882
vt 0.982596 0.902125
vt 0.883827 0.100494
vt 0.879421 0.585248
vt 0.881896 0.569021
vt 0.887618 0.576661
vt 0.885842 0.116829
vt 0.890013 0.568730
vt 0.974187 0.897882
vt 0.974702 0.672033
vt 0.890013 0.584869
vt 0.883992 0.595125
vt 0.970597 0.893295
vt 0.970900 0.897523
vt 0.959688 0.897523
vt 0.971303 0.736508
vt 0.971353 0.740408
vt 0.959435 0.740408
vt 0.959385 0.893295
vt 0.879149 0.127304
vt 0.959385 0.736508
vt 0.745909 0.005241
vt 0.757293 0.013210
vt 0.753119 0.017811
vt 0.882112 0.374619
vt 0.890375 0.376089
vt 0.887398 0.378184
vt 0.890604 0.385520
vt 0.751792 0.025687
vt 0.586344 0.298585
vt 0.590488 0.297684
vt 0.591350 0.313612
vt 0.586840 0.288952
vt 0.757735 0.039862
vt 0.745909 0.040253
vt 0.587086 0.313599
vt 0.738962 0.043146
vt 0.739767 0.007766
vt 0.743566 0.008584
vt 0.734394 0.043815
vt 0.740568 0.056723
vt 0.744629 0.055656
vt 0.752918 0.054393
vt 0.731362 0.028498
vt 0.732660 0.019009
vt 0.882365 0.371677
vt 0.890604 0.363806
vt 0.744629 0.003278
vt 0.740809 0.000640
vt 0.882593 0.359394
vt 0.957494 0.098103
vt 0.939661 0.109766
vt 0.940896 0.098103
vt 0.956304 0.787344
vt 0.939661 0.787344
vt 0.941763 0.784371
vt 0.732247 0.616614
vt 0.746684 0.624064
vt 0.740112 0.629788
vt 0.766395 0.154530
vt 0.758540 0.157238
vt 0.763936 0.151542
vt 0.738818 0.610891
vt 0.956259 0.109766
vt 0.954742 0.784371
vt 0.762633 0.158915
vt 0.764350 0.685273
vt 0.756914 0.696301
vt 0.752789 0.692198
vt 0.760225 0.681171
vt 0.940789 0.772962
vt 0.953768 0.772962
vt 0.758258 0.703823
vt 0.760557 0.166651
vt 0.755979 0.166493
vt 0.764350 0.718454
vt 0.763231 0.182031
vt 0.766395 0.181346
vt 0.752675 0.718875
vt 0.759470 0.730441
vt 0.762596 0.195131
vt 0.765760 0.194445
vt 0.757163 0.731991
vt 0.994947 0.054241
vt 0.999030 0.056761
vt 0.994776 0.056761
vt 0.036219 0.739173
vt 0.035223 0.751624
vt 0.031231 0.750313
vt 0.999200 0.054241
vt 0.744684 0.654271
vt 0.739128 0.666741
vt 0.737146 0.665363
vt 0.732247 0.653461
vt 0.040845 0.739677
vt 0.739307 0.639299
vt 0.036356 0.702902
vt 0.032426 0.704054
vt 0.031231 0.699553
vt 0.035061 0.697132
vt 0.954791 0.112667
vt 0.941847 0.112667
vt 0.750082 0.000640
vt 0.590608 0.328570
vt 0.586344 0.328558
vt 0.473900 0.863768
vt 0.485258 0.856249
vt 0.484010 0.874919
vt 0.473900 0.845902
vt 0.765630 0.681170
vt 0.783725 0.685708
vt 0.778555 0.697227
vt 0.078370 0.917681
vt 0.074100 0.896326
vt 0.078370 0.896324
vt 0.793033 0.162082
vt 0.791253 0.149758
vt 0.795336 0.149703
vt 0.783725 0.730561
vt 0.773385 0.723697
vt 0.791253 0.195023
vt 0.797116 0.162027
vt 0.765630 0.696122
vt 0.757128 0.098898
vt 0.751926 0.070588
vt 0.754761 0.071080
vt 0.754293 0.098406
vt 0.972032 0.497106
vt 0.959399 0.492834
vt 0.972046 0.492834
vt 0.959385 0.497106
vt 0.793276 0.371245
vt 0.784295 0.376336
vt 0.788785 0.343777
vt 0.795336 0.194968
vt 0.800012 0.344916
vt 0.757128 0.056165
vt 0.754293 0.055673
vt 0.800012 0.329910
vt 0.784295 0.331316
vt 0.074100 0.917683
vt 0.839501 0.733270
vt 0.839501 0.767749
vt 0.835815 0.762131
vt 0.726807 0.060583
vt 0.729605 0.098900
vt 0.726807 0.098506
vt 0.729605 0.060977
vt 0.972480 0.278974
vt 0.959385 0.274776
vt 0.972234 0.274776
vt 0.959631 0.278974
vt 0.832128 0.739273
vt 0.378600 0.834209
vt 0.377628 0.858347
vt 0.373583 0.858360
vt 0.374555 0.864427
vt 0.378600 0.864414
vt 0.807653 0.133101
vt 0.803562 0.100493
vt 0.811743 0.109134
vt 0.374555 0.834222
vt 0.803562 0.138209
vt 0.557479 0.791024
vt 0.555956 0.762073
vt 0.566904 0.789020
vt 0.569866 0.788590
vt 0.558918 0.761643
vt 0.801579 0.100493
vt 0.798253 0.129720
vt 0.797550 0.100637
vt 0.802283 0.129576
vt 0.797550 0.141126
vt 0.801579 0.140982
vt 0.562285 0.806307
vt 0.555956 0.802373
vt 0.565247 0.805877
vt 0.974213 0.981110
vt 0.982386 0.981110
vt 0.982359 0.985382
vt 0.809541 0.571137
vt 0.802247 0.573618
vt 0.807785 0.559411
vt 0.974187 0.985382
vt 0.796924 0.555229
vt 0.809541 0.530752
vt 0.242580 0.687723
vt 0.247844 0.698198
vt 0.237148 0.690212
vt 0.251794 0.695130
vt 0.258368 0.701644
vt 0.256084 0.706362
vt 0.243815 0.702661
vt 0.669751 0.639153
vt 0.666876 0.651242
vt 0.664567 0.651143
vt 0.391905 0.987708
vt 0.388964 0.993032
vt 0.388964 0.986967
vt 0.664567 0.639411
vt 0.669462 0.653283
vt 0.661651 0.662154
vt 0.658369 0.658972
vt 0.660696 0.650186
vt 0.661651 0.628743
vt 0.660696 0.640824
vt 0.290215 0.986967
vt 0.288705 0.993166
vt 0.287182 0.986967
vt 0.666511 0.626136
vt 0.668341 0.635969
vt 0.660234 0.616211
vt 0.663715 0.624447
vt 0.656262 0.620763
vt 0.658369 0.632312
vt 0.504341 0.987785
vt 0.501421 0.992756
vt 0.501421 0.986967
vt 0.982574 0.498055
vt 0.974187 0.498055
vt 0.974816 0.495369
vt 0.421510 0.974203
vt 0.424540 0.984901
vt 0.421510 0.984938
vt 0.654069 0.625945
vt 0.651254 0.635218
vt 0.983204 0.495369
vt 0.424540 0.974165
vt 0.059679 0.961611
vt 0.056646 0.961629
vt 0.056692 0.957937
vt 0.059725 0.957919
vt 0.653504 0.639353
vt 0.650964 0.641567
vt 0.648114 0.632786
vt 0.649420 0.638729
vt 0.409519 0.974165
vt 0.412277 0.974185
vt 0.412879 0.977653
vt 0.477501 0.953316
vt 0.480638 0.955926
vt 0.477607 0.955923
vt 0.651662 0.645140
vt 0.480532 0.953319
vt 0.654522 0.644562
vt 0.651409 0.648906
vt 0.410120 0.977633
vt 0.410120 0.981409
vt 0.412878 0.981429
vt 0.256255 0.686579
vt 0.259750 0.685461
vt 0.261726 0.688678
vt 0.259135 0.691269
vt 0.264564 0.691034
vt 0.409519 0.984918
vt 0.263272 0.694703
vt 0.484975 0.953106
vt 0.485019 0.955907
vt 0.481987 0.955910
vt 0.267832 0.692169
vt 0.268035 0.696357
vt 0.412277 0.984937
vt 0.481942 0.953109
vt 0.649682 0.658613
vt 0.648341 0.654780
vt 0.650243 0.652291
vt 0.652454 0.654985
vt 0.646259 0.660382
vt 0.648451 0.669758
vt 0.998877 0.188753
vt 0.994891 0.188753
vt 0.994776 0.185724
vt 0.998762 0.185724
vt 0.651244 0.666175
vt 0.651990 0.658711
vt 0.656262 0.670768
vt 0.649221 0.675672
vt 0.654069 0.665844
vt 0.982668 0.888056
vt 0.982644 0.891089
vt 0.974187 0.891089
vt 0.974211 0.888056
vt 0.641600 0.676121
vt 0.642371 0.670116
vt 0.634560 0.672045
vt 0.636752 0.666864
vt 0.974186 0.604999
vt 0.983043 0.608031
vt 0.974204 0.608031
vt 0.360166 0.974697
vt 0.362872 0.974165
vt 0.362872 0.984528
vt 0.983025 0.604999
vt 0.360166 0.985061
vt 0.276210 0.711325
vt 0.274427 0.705604
vt 0.281467 0.702447
vt 0.285032 0.707369
vt 0.291169 0.699705
vt 0.286364 0.696332
vt 0.272700 0.695980
vt 0.288618 0.712190
vt 0.293685 0.689500
vt 0.967141 0.904013
vt 0.959385 0.898802
vt 0.970846 0.898802
vt 0.962941 0.302765
vt 0.959385 0.300303
vt 0.963544 0.299795
vt 0.972464 0.302765
vt 0.643787 0.680126
vt 0.641254 0.682017
vt 0.972101 0.446342
vt 0.959385 0.446342
vt 0.960178 0.443700
vt 0.968225 0.442099
vt 0.629171 0.664066
vt 0.594595 0.992466
vt 0.596225 0.986967
vt 0.597626 0.992466
vt 0.970144 0.040790
vt 0.972818 0.044739
vt 0.959702 0.041999
vt 0.626254 0.653398
vt 0.632453 0.660497
vt 0.639568 0.657591
vt 0.630126 0.651985
vt 0.634761 0.658673
vt 0.394953 0.974180
vt 0.391920 0.984986
vt 0.391920 0.974165
vt 0.626254 0.641665
vt 0.632818 0.653545
vt 0.630126 0.642623
vt 0.636299 0.648247
vt 0.637318 0.653455
vt 0.915787 0.951036
vt 0.918926 0.939874
vt 0.918818 0.951076
vt 0.915895 0.939833
vt 0.632434 0.642722
vt 0.632837 0.632530
vt 0.904792 0.974165
vt 0.901759 0.984016
vt 0.901759 0.974194
vt 0.287185 0.679259
vt 0.282985 0.670901
vt 0.286935 0.667832
vt 0.278524 0.679451
vt 0.904792 0.983988
vt 0.276410 0.664386
vt 0.633454 0.635397
vt 0.969526 0.033519
vt 0.959385 0.028578
vt 0.972793 0.028578
vt 0.292199 0.678308
vt 0.969961 0.170735
vt 0.959385 0.165639
vt 0.972608 0.165639
vt 0.278695 0.659669
vt 0.971863 0.535631
vt 0.959385 0.535035
vt 0.959385 0.532277
vt 0.364808 0.987751
vt 0.361881 0.993108
vt 0.361881 0.986967
vt 0.939916 0.974165
vt 0.941584 0.983957
vt 0.938551 0.983957
vt 0.015460 0.985556
vt 0.011425 0.984410
vt 0.015460 0.974165
vt 0.827343 0.987969
vt 0.824483 0.992026
vt 0.824483 0.986967
vt 0.982633 0.862030
vt 0.982633 0.867133
vt 0.974187 0.866847
vt 0.629171 0.630654
vt 0.636752 0.626964
vt 0.634560 0.622041
vt 0.656128 0.992345
vt 0.656214 0.986967
vt 0.658887 0.992345
vt 0.959385 0.514985
vt 0.972006 0.514985
vt 0.971622 0.517993
vt 0.642371 0.623051
vt 0.641601 0.617136
vt 0.634130 0.616478
vt 0.414158 0.984787
vt 0.414158 0.974165
vt 0.420230 0.983993
vt 0.959385 0.120057
vt 0.972468 0.117044
vt 0.972812 0.120057
vt 0.268734 0.655059
vt 0.260351 0.660426
vt 0.258569 0.654706
vt 0.249746 0.658662
vt 0.974187 0.031500
vt 0.983759 0.032024
vt 0.974187 0.037866
vt 0.351170 0.993125
vt 0.352210 0.986967
vt 0.353928 0.993125
vt 0.959385 0.709402
vt 0.971599 0.709402
vt 0.971246 0.712414
vt 0.642710 0.610984
vt 0.649221 0.616688
vt 0.648451 0.622693
vt 0.651876 0.610891
vt 0.427387 0.992969
vt 0.429433 0.986967
vt 0.430146 0.992969
vt 0.243610 0.666326
vt 0.244690 0.654758
vt 0.974187 0.462490
vt 0.983261 0.461137
vt 0.983261 0.464170
vt 0.248415 0.669699
vt 0.246407 0.677841
vt 0.241093 0.676531
vt 0.237622 0.664287
vt 0.517535 0.992714
vt 0.517535 0.986967
vt 0.519902 0.991297
vt 0.258221 0.672401
vt 0.255761 0.676368
vt 0.466448 0.972262
vt 0.463368 0.963416
vt 0.466400 0.963439
vt 0.253311 0.663583
vt 0.983106 0.532595
vt 0.974187 0.532595
vt 0.974226 0.529565
vt 0.463415 0.972238
vt 0.983145 0.529565
vt 0.262078 0.670051
vt 0.646871 0.632526
vt 0.650275 0.625795
vt 0.466448 0.957943
vt 0.261099 0.675733
vt 0.266743 0.669674
vt 0.263745 0.674120
vt 0.266946 0.673862
vt 0.644562 0.632427
vt 0.463415 0.957919
vt 0.477443 0.949863
vt 0.477443 0.946088
vt 0.480474 0.946090
vt 0.477501 0.942566
vt 0.647265 0.637061
vt 0.644829 0.636814
vt 0.480474 0.949866
vt 0.642481 0.638028
vt 0.480532 0.942569
vt 0.480638 0.939836
vt 0.638368 0.637824
vt 0.640579 0.640517
vt 0.641140 0.634196
vt 0.639061 0.627063
vt 0.640192 0.633175
vt 0.994822 0.173508
vt 0.998859 0.176540
vt 0.994776 0.176540
vt 0.636668 0.642758
vt 0.639413 0.643902
vt 0.642887 0.640616
vt 0.641721 0.644001
vt 0.639160 0.647668
vt 0.641468 0.647767
vt 0.642167 0.651341
vt 0.639858 0.651242
vt 0.641402 0.654079
vt 0.485019 0.939834
vt 0.481942 0.942369
vt 0.481987 0.939836
vt 0.643556 0.655748
vt 0.484974 0.942366
vt 0.484950 0.945778
vt 0.481918 0.945781
vt 0.484950 0.949549
vt 0.481917 0.949552
vt 0.642708 0.660023
vt 0.645993 0.655994
vt 0.271033 0.691910
vt 0.273679 0.690297
vt 0.276557 0.693629
vt 0.279018 0.689663
vt 0.613705 0.966616
vt 0.616850 0.972057
vt 0.613820 0.972117
vt 0.616735 0.966555
vt 0.616850 0.957919
vt 0.613820 0.957979
vt 0.288372 0.688190
vt 0.394953 0.985000
vt 0.275368 0.687576
vt 0.275841 0.684160
vt 0.279709 0.684684
vt 0.915895 0.954836
vt 0.918926 0.954876
vt 0.275028 0.680570
vt 0.273053 0.677352
vt 0.275644 0.674761
vt 0.271507 0.671328
vt 0.061005 0.957919
vt 0.064888 0.967362
vt 0.062200 0.966744
vt 0.270214 0.674997
vt 0.063693 0.972734
vt 0.061005 0.972116
vt 0.477607 0.939833
vt 0.063693 0.958537
vt 0.268463 0.660708
vt 0.998905 0.173508
vt 0.974248 0.940308
vt 0.974187 0.937278
vt 0.982535 0.937278
vt 0.982596 0.940308
vt 0.128741 0.974221
vt 0.131499 0.974165
vt 0.131499 0.985402
vt 0.128741 0.985458
vt 0.259411 0.678455
vt 0.970826 0.879114
vt 0.959385 0.878141
vt 0.970826 0.873279
vt 0.291495 0.993153
vt 0.293033 0.986967
vt 0.294526 0.993153
vt 0.971047 0.531690
vt 0.968416 0.414400
vt 0.959385 0.409423
vt 0.972157 0.409423
vt 0.959385 0.044739
vt 0.278206 0.717346
vt 0.971780 0.605649
vt 0.959385 0.605649
vt 0.959807 0.602647
vt 0.651652 0.677297
vt 0.650421 0.681923
vt 0.266316 0.705322
vt 0.266044 0.710972
vt 0.972734 0.156218
vt 0.959385 0.157740
vt 0.959385 0.154709
vt 0.266035 0.717346
vt 0.253958 0.712190
vt 0.971894 0.536911
vt 0.959800 0.539913
vt 0.959385 0.536911
vt 0.658570 0.670867
vt 0.659000 0.676429
vt 0.864105 0.987865
vt 0.861209 0.991853
vt 0.861209 0.986967
vt 0.665686 0.666372
vt 0.247668 0.974165
vt 0.250396 0.985278
vt 0.247668 0.984872
vt 0.250396 0.974571
vt 0.654154 0.650051
vt 0.656249 0.647567
vt 0.656462 0.650150
vt 0.985217 0.794687
vt 0.992261 0.797720
vt 0.985281 0.797719
vt 0.992197 0.794687
vt 0.247593 0.686772
vt 0.255070 0.681347
vt 0.795195 0.984132
vt 0.795195 0.974165
vt 0.798225 0.974228
vt 0.258937 0.681870
vt 0.798225 0.984195
vt 0.059725 0.972782
vt 0.056692 0.972801
vt 0.234974 0.676736
vt 0.974505 0.373607
vt 0.974186 0.370867
vt 0.983275 0.370867
vt 0.983594 0.373607
vt 0.983733 0.187326
vt 0.974187 0.188470
vt 0.974187 0.185440
vt 0.163910 0.342445
vt 0.188579 0.304695
vt 0.187491 0.338568
vt 0.389838 0.134513
vt 0.391681 0.091501
vt 0.396633 0.091190
vt 0.384887 0.134824
vt 0.169352 0.348289
vt 0.619154 0.628412
vt 0.614087 0.620689
vt 0.619313 0.620582
vt 0.195472 0.323778
vt 0.209258 0.361945
vt 0.205268 0.369340
vt 0.619154 0.679359
vt 0.615141 0.653402
vt 0.620367 0.653295
vt 0.082596 0.313570
vt 0.075074 0.346348
vt 0.070059 0.328431
vt 0.100148 0.361365
vt 0.613928 0.679465
vt 0.047492 0.367111
vt 0.044985 0.358153
vt 0.613928 0.628519
vt 0.092626 0.364316
vt 0.703219 0.974165
vt 0.706448 0.975327
vt 0.706448 0.984377
vt 0.199131 0.323585
vt 0.212917 0.361752
vt 0.067552 0.274734
vt 0.611114 0.694188
vt 0.611114 0.747595
vt 0.607713 0.747132
vt 0.205630 0.241241
vt 0.212917 0.274146
vt 0.209258 0.274339
vt 0.607713 0.693726
vt 0.090118 0.265880
vt 0.080089 0.244960
vt 0.209289 0.241048
vt 0.192933 0.256807
vt 0.190031 0.230328
vt 0.198012 0.215538
vt 0.389838 0.017207
vt 0.386828 0.000951
vt 0.391779 0.000640
vt 0.201670 0.215345
vt 0.384887 0.017518
vt 0.095133 0.224145
vt 0.100148 0.242061
vt 0.388769 0.043036
vt 0.393721 0.042725
vt 0.703219 0.983215
vt 0.463035 0.128881
vt 0.459375 0.117805
vt 0.462922 0.117628
vt 0.466582 0.128703
vt 0.236734 0.481650
vt 0.227375 0.471541
vt 0.231629 0.432168
vt 0.220568 0.430369
vt 0.458689 0.075708
vt 0.462236 0.075531
vt 0.359672 0.461074
vt 0.349214 0.469157
vt 0.354918 0.418791
vt 0.367277 0.419844
vt 0.364425 0.386697
vt 0.349214 0.391383
vt 0.490187 0.118734
vt 0.495486 0.145191
vt 0.493043 0.144687
vt 0.487744 0.195087
vt 0.490187 0.195592
vt 0.353017 0.370768
vt 0.665360 0.782755
vt 0.665360 0.744735
vt 0.669078 0.744892
vt 0.487744 0.118229
vt 0.323547 0.365266
vt 0.257013 0.375055
vt 0.262118 0.387333
vt 0.259708 0.388087
vt 0.669078 0.782913
vt 0.329251 0.353787
vt 0.254603 0.375809
vt 0.294381 0.747849
vt 0.298096 0.780580
vt 0.294381 0.780734
vt 0.298096 0.747694
vt 0.223121 0.399304
vt 0.220568 0.355962
vt 0.233331 0.386657
vt 0.236734 0.407243
vt 0.231629 0.357762
vt 0.669494 0.831575
vt 0.667026 0.860880
vt 0.667026 0.831217
vt 0.669494 0.861238
vt 0.440099 0.957983
vt 0.443817 0.957919
vt 0.443817 0.972182
vt 0.354918 0.341017
vt 0.367277 0.342070
vt 0.440099 0.972246
vt 0.465210 0.044510
vt 0.461662 0.044687
vt 0.463035 0.000817
vt 0.466582 0.000640
vt 0.183689 0.021696
vt 0.180843 0.022613
vt 0.165265 0.004001
vt 0.166819 0.001784
vt 0.230396 0.001273
vt 0.232654 0.003087
vt 0.232275 0.011308
vt 0.164227 0.006850
vt 0.233833 0.005722
vt 0.233697 0.008656
vt 0.237961 0.024189
vt 0.224553 0.001312
vt 0.227505 0.000640
vt 0.221746 0.011377
vt 0.224005 0.013190
vt 0.236073 0.025317
vt 0.229848 0.013152
vt 0.226896 0.013824
vt 0.103738 0.001582
vt 0.083760 0.018757
vt 0.101496 0.000640
vt 0.186092 0.021195
vt 0.168581 0.000640
vt 0.086137 0.019578
vt 0.073622 0.041578
vt 0.192357 0.045391
vt 0.076018 0.042357
vt 0.064642 0.064287
vt 0.199941 0.069038
vt 0.197476 0.069295
vt 0.189900 0.045694
vt 0.204783 0.091752
vt 0.202365 0.092226
vt 0.199452 0.092939
vt 0.194502 0.069709
vt 0.196622 0.093749
vt 0.205102 0.116142
vt 0.202215 0.116947
vt 0.199375 0.117724
vt 0.194435 0.094497
vt 0.191607 0.070200
vt 0.184072 0.046837
vt 0.189365 0.070669
vt 0.186943 0.046210
vt 0.178116 0.023764
vt 0.176050 0.024922
vt 0.181855 0.047451
vt 0.242077 0.046720
vt 0.240104 0.047391
vt 0.242711 0.070816
vt 0.244705 0.070267
vt 0.246484 0.094834
vt 0.243717 0.095445
vt 0.239936 0.071378
vt 0.249908 0.118291
vt 0.247117 0.118614
vt 0.244071 0.118713
vt 0.240696 0.095816
vt 0.251892 0.117809
vt 0.248779 0.142211
vt 0.246034 0.141828
vt 0.243028 0.141314
vt 0.237117 0.162079
vt 0.239292 0.163867
vt 0.227082 0.180312
vt 0.234574 0.160400
vt 0.224262 0.179156
vt 0.232167 0.159165
vt 0.240358 0.140770
vt 0.221463 0.178667
vt 0.117945 0.167226
vt 0.113776 0.145157
vt 0.116447 0.145952
vt 0.116700 0.126182
vt 0.119394 0.126897
vt 0.115369 0.167331
vt 0.110733 0.144975
vt 0.112415 0.167955
vt 0.107921 0.145443
vt 0.113744 0.125436
vt 0.120063 0.103952
vt 0.117565 0.102860
vt 0.111113 0.124809
vt 0.053491 0.133143
vt 0.059097 0.153999
vt 0.056579 0.155131
vt 0.054734 0.109911
vt 0.057484 0.110852
vt 0.050641 0.132849
vt 0.069988 0.177470
vt 0.067552 0.178789
vt 0.053872 0.156535
vt 0.064746 0.179982
vt 0.047605 0.132791
vt 0.062125 0.180812
vt 0.051513 0.157933
vt 0.051807 0.109161
vt 0.049282 0.108749
vt 0.044985 0.132981
vt 0.214045 0.139441
vt 0.207466 0.115468
vt 0.211787 0.140501
vt 0.217191 0.163053
vt 0.219289 0.161354
vt 0.217354 0.181683
vt 0.214542 0.181908
vt 0.060208 0.181115
vt 0.049968 0.159048
vt 0.214355 0.164039
vt 0.211555 0.181302
vt 0.675606 0.487807
vt 0.678385 0.487475
vt 0.679395 0.506752
vt 0.676717 0.508192
vt 0.202681 0.199017
vt 0.211342 0.164116
vt 0.208985 0.179986
vt 0.200477 0.197191
vt 0.184540 0.209066
vt 0.182567 0.207094
vt 0.198676 0.194732
vt 0.181158 0.204400
vt 0.197634 0.192126
vt 0.180592 0.201516
vt 0.691126 0.124644
vt 0.694079 0.146303
vt 0.692330 0.147448
vt 0.207341 0.178221
vt 0.229366 0.181907
vt 0.225650 0.195727
vt 0.223453 0.193770
vt 0.240667 0.165412
vt 0.230661 0.183624
vt 0.208748 0.163268
vt 0.203677 0.142114
vt 0.250720 0.142387
vt 0.206033 0.141985
vt 0.197146 0.118318
vt 0.208928 0.141409
vt 0.692911 0.124119
vt 0.696734 0.145509
vt 0.220568 0.192795
vt 0.695592 0.123810
vt 0.698637 0.123777
vt 0.695694 0.161170
vt 0.699769 0.145224
vt 0.701445 0.124026
vt 0.699784 0.100724
vt 0.696750 0.100493
vt 0.633074 0.958582
vt 0.635251 0.960471
vt 0.636459 0.963211
vt 0.630358 0.957919
vt 0.702584 0.101158
vt 0.627643 0.958613
vt 0.144610 0.197334
vt 0.162630 0.207776
vt 0.160753 0.209983
vt 0.142787 0.199573
vt 0.159344 0.212678
vt 0.625466 0.969070
vt 0.624258 0.966330
vt 0.624257 0.963281
vt 0.625466 0.960527
vt 0.141328 0.202238
vt 0.158681 0.215326
vt 0.140522 0.204803
vt 0.091345 0.211383
vt 0.106642 0.220827
vt 0.104590 0.222865
vt 0.078455 0.199762
vt 0.089121 0.213313
vt 0.123070 0.189836
vt 0.121746 0.192034
vt 0.124957 0.187478
vt 0.109669 0.168974
vt 0.080389 0.197499
vt 0.127032 0.185426
vt 0.698635 0.161579
vt 0.702584 0.145504
vt 0.701332 0.162989
vt 0.075887 0.201370
vt 0.669871 0.486755
vt 0.671120 0.463343
vt 0.673842 0.463658
vt 0.073194 0.202004
vt 0.672567 0.487551
vt 0.672579 0.440176
vt 0.675616 0.439919
vt 0.676890 0.463665
vt 0.678379 0.439433
vt 0.679663 0.463362
vt 0.681610 0.462811
vt 0.680322 0.438814
vt 0.633074 0.970928
vt 0.630359 0.971622
vt 0.627643 0.970959
vt 0.165714 0.214066
vt 0.164349 0.211352
vt 0.635251 0.969014
vt 0.163910 0.208415
vt 0.636459 0.966260
vt 0.692307 0.100772
vt 0.694081 0.100510
vt 0.673763 0.508613
vt 0.669871 0.440152
vt 0.056333 0.085937
vt 0.061606 0.087636
vt 0.058771 0.086610
vt 0.067044 0.065048
vt 0.069895 0.066028
vt 0.064277 0.088812
vt 0.072632 0.067032
vt 0.078842 0.043411
vt 0.088841 0.020894
vt 0.091336 0.022445
vt 0.081535 0.044532
vt 0.160556 0.003671
vt 0.145495 0.017252
vt 0.143192 0.015635
vt 0.160226 0.000640
vt 0.106642 0.006502
vt 0.135768 0.037372
vt 0.161414 0.006327
vt 0.148257 0.018544
vt 0.138254 0.038485
vt 0.132537 0.061083
vt 0.129569 0.060405
vt 0.141192 0.039292
vt 0.126357 0.083155
vt 0.123470 0.082175
vt 0.127051 0.059427
vt 0.121021 0.080936
vt 0.129110 0.083680
vt 0.122960 0.104899
vt 0.125684 0.105512
vt 0.241376 0.118569
vt 0.238018 0.095874
vt 0.236929 0.071843
vt 0.234286 0.072119
vt 0.135367 0.061327
vt 0.231687 0.048743
vt 0.144000 0.039632
vt 0.150930 0.019255
vt 0.230367 0.026764
vt 0.227679 0.026796
vt 0.234338 0.048514
vt 0.233362 0.026236
vt 0.237342 0.048031
vt 0.162630 0.008082
vt 0.220568 0.008742
vt 0.220704 0.005808
vt 0.222126 0.003156
vt 0.105574 0.003674
vt 0.248447 0.094104
vt 0.163910 0.009768
vt 0.442411 0.978622
vt 0.443379 0.976455
vt 0.447297 0.974165
vt 0.170208 0.644720
vt 0.167364 0.649461
vt 0.167887 0.644253
vt 0.169686 0.649928
vt 0.442411 0.980936
vt 0.985803 0.365080
vt 0.992083 0.367108
vt 0.985217 0.367108
vt 0.445123 0.974865
vt 0.991968 0.535395
vt 0.985217 0.533024
vt 0.991879 0.533024
vt 0.985670 0.530813
vt 0.449472 0.974496
vt 0.451216 0.975790
vt 0.992331 0.530813
vt 0.443379 0.982938
vt 0.445123 0.984233
vt 0.992398 0.360480
vt 0.992781 0.362715
vt 0.985915 0.362715
vt 0.985532 0.360480
vt 0.992623 0.475492
vt 0.985840 0.475492
vt 0.985390 0.473298
vt 0.992172 0.473298
vt 0.172674 0.654479
vt 0.171683 0.656037
vt 0.169177 0.654490
vt 0.169580 0.653856
vt 0.169563 0.653138
vt 0.172633 0.652713
vt 0.166552 0.488972
vt 0.167513 0.489039
vt 0.165733 0.556499
vt 0.171566 0.651089
vt 0.169129 0.652477
vt 0.168426 0.488903
vt 0.992669 0.365080
vt 0.168364 0.652005
vt 0.167420 0.651815
vt 0.167490 0.653393
vt 0.165733 0.488715
vt 0.165061 0.649780
vt 0.121247 0.640799
vt 0.120414 0.641068
vt 0.120415 0.575418
vt 0.166483 0.651945
vt 0.985920 0.537457
vt 0.985307 0.535395
vt 0.165739 0.652369
vt 0.163233 0.650822
vt 0.162241 0.652380
vt 0.165336 0.653003
vt 0.122211 0.640741
vt 0.123114 0.640905
vt 0.165353 0.653721
vt 0.216667 0.397219
vt 0.215893 0.397214
vt 0.215893 0.319499
vt 0.217616 0.397206
vt 0.162283 0.654146
vt 0.165787 0.654381
vt 0.974187 0.800221
vt 0.974187 0.792438
vt 0.976089 0.792493
vt 0.976089 0.800275
vt 0.978422 0.800293
vt 0.978422 0.792510
vt 0.163350 0.655770
vt 0.980723 0.800270
vt 0.980723 0.792487
vt 0.166552 0.654853
vt 0.165230 0.656930
vt 0.218552 0.397177
vt 0.219289 0.397137
vt 0.167496 0.655043
vt 0.167552 0.657397
vt 0.168433 0.654914
vt 0.277439 0.551956
vt 0.276595 0.551712
vt 0.279300 0.483286
vt 0.169855 0.657078
vt 0.278404 0.551999
vt 0.991999 0.479950
vt 0.985217 0.479950
vt 0.985779 0.477866
vt 0.992561 0.477866
vt 0.452184 0.980107
vt 0.451216 0.982274
vt 0.449472 0.983864
vt 0.447297 0.984564
vt 0.982536 0.792429
vt 0.982536 0.800211
vt 0.452184 0.977793
vt 0.279300 0.551832
vt 0.992582 0.537457
vt 0.082571 0.993051
vt 0.080274 0.993435
vt 0.080274 0.987351
vt 0.991635 0.740269
vt 0.985875 0.742433
vt 0.985302 0.740269
vt 0.965386 0.372701
vt 0.964218 0.373714
vt 0.962749 0.373714
vt 0.082571 0.986967
vt 0.966004 0.368600
vt 0.966024 0.370876
vt 0.084907 0.993326
vt 0.084907 0.987242
vt 0.972017 0.367119
vt 0.972037 0.369395
vt 0.167750 0.586011
vt 0.168476 0.583891
vt 0.170025 0.585708
vt 0.169191 0.583521
vt 0.171782 0.584798
vt 0.169554 0.582977
vt 0.445538 0.133779
vt 0.446469 0.133610
vt 0.447421 0.195655
vt 0.447421 0.133709
vt 0.455864 0.132053
vt 0.456739 0.131801
vt 0.456739 0.193990
vt 0.476470 0.119180
vt 0.477433 0.119140
vt 0.476470 0.186606
vt 0.478340 0.119321
vt 0.454029 0.131824
vt 0.454897 0.132061
vt 0.485490 0.119094
vt 0.486455 0.119069
vt 0.484594 0.179573
vt 0.167277 0.581276
vt 0.168229 0.581424
vt 0.166997 0.582903
vt 0.484594 0.118863
vt 0.166352 0.581399
vt 0.474401 0.119315
vt 0.475190 0.119140
vt 0.475190 0.193187
vt 0.473448 0.119381
vt 0.472519 0.119322
vt 0.171363 0.580601
vt 0.172525 0.581964
vt 0.169493 0.582368
vt 0.169020 0.581813
vt 0.172675 0.583462
vt 0.992208 0.742433
vt 0.992178 0.744810
vt 0.169419 0.579642
vt 0.985845 0.744810
vt 0.991550 0.746929
vt 0.961272 0.372701
vt 0.960078 0.370876
vt 0.985217 0.746929
vt 0.167605 0.573232
vt 0.169946 0.573596
vt 0.959405 0.368600
vt 0.959385 0.366325
vt 0.164803 0.579582
vt 0.165330 0.573535
vt 0.992679 0.119845
vt 0.985607 0.121793
vt 0.985217 0.119845
vt 0.960023 0.364500
vt 0.961191 0.363487
vt 0.985717 0.124140
vt 0.993179 0.124140
vt 0.992986 0.126420
vt 0.962659 0.363487
vt 0.964137 0.364500
vt 0.985524 0.126420
vt 0.965330 0.366325
vt 0.991868 0.756968
vt 0.985341 0.759333
vt 0.985217 0.756968
vt 0.991992 0.759333
vt 0.971344 0.364844
vt 0.165409 0.585648
vt 0.166598 0.583866
vt 0.163464 0.584689
vt 0.162303 0.583326
vt 0.165335 0.582922
vt 0.992290 0.754733
vt 0.165807 0.583477
vt 0.985640 0.754733
vt 0.162153 0.581828
vt 0.993069 0.121793
vt 0.163045 0.580492
vt 0.165274 0.582313
vt 0.165637 0.581769
vt 0.167078 0.579279
vt 0.167550 0.584014
vt 0.988929 0.012504
vt 0.989364 0.011062
vt 0.990148 0.009931
vt 0.998782 0.010684
vt 0.995224 0.009377
vt 0.999231 0.009376
vt 0.994776 0.010684
vt 0.985217 0.011699
vt 0.985652 0.010257
vt 0.990363 0.965485
vt 0.989287 0.964120
vt 0.989711 0.963704
vt 0.988717 0.964351
vt 0.988962 0.966053
vt 0.991405 0.964461
vt 0.989905 0.963185
vt 0.506032 0.638163
vt 0.505419 0.638123
vt 0.506608 0.597394
vt 0.504891 0.637930
vt 0.991881 0.963185
vt 0.991698 0.961908
vt 0.506608 0.638043
vt 0.989830 0.962666
vt 0.995294 0.007868
vt 0.994972 0.006458
vt 0.998978 0.006458
vt 0.844002 0.987433
vt 0.844002 0.991710
vt 0.842529 0.991884
vt 0.990891 0.960885
vt 0.842529 0.987607
vt 0.841052 0.987440
vt 0.841052 0.991718
vt 0.989502 0.962249
vt 0.988985 0.962018
vt 0.989620 0.960317
vt 0.988137 0.960317
vt 0.988381 0.962018
vt 0.505409 0.554069
vt 0.506007 0.554152
vt 0.504931 0.596114
vt 0.504931 0.553864
vt 0.726188 0.388862
vt 0.726685 0.388803
vt 0.724526 0.437096
vt 0.987812 0.962249
vt 0.725582 0.388870
vt 0.986736 0.960885
vt 0.987388 0.962665
vt 0.636589 0.992278
vt 0.636416 0.991059
vt 0.641277 0.991059
vt 0.641224 0.989572
vt 0.636362 0.989572
vt 0.985694 0.961908
vt 0.641300 0.988111
vt 0.636438 0.988111
vt 0.987194 0.963185
vt 0.985217 0.963185
vt 0.987269 0.963704
vt 0.724989 0.388825
vt 0.724526 0.388737
vt 0.985401 0.964461
vt 0.987597 0.964120
vt 0.042866 0.540132
vt 0.043470 0.540190
vt 0.043470 0.582843
vt 0.986208 0.965485
vt 0.987479 0.966053
vt 0.042271 0.540219
vt 0.988114 0.964351
vt 0.994776 0.051494
vt 0.998985 0.051494
vt 0.999179 0.052961
vt 0.994971 0.052961
vt 0.988929 0.013971
vt 0.985217 0.013166
vt 0.989364 0.015172
vt 0.990148 0.015870
vt 0.992886 0.014196
vt 0.999146 0.050012
vt 0.994937 0.050012
vt 0.991125 0.015925
vt 0.641492 0.986967
vt 0.636630 0.986967
vt 0.689082 0.399791
vt 0.689662 0.399654
vt 0.689662 0.436797
vt 0.992102 0.015328
vt 0.992102 0.009389
vt 0.993321 0.011287
vt 0.993321 0.012754
vt 0.641451 0.992278
vt 0.839864 0.991244
vt 0.839864 0.986967
vt 0.506608 0.554096
vt 0.992886 0.010087
vt 0.991125 0.009334
vt 0.999300 0.007868
vt 0.688470 0.399755
s 1
usemtl Skeleton
f 119/1/1 120/2/2 122/3/3
f 120/2/2 119/1/1 121/4/4
f 121/5/4 119/6/1 125/7/5
f 127/8/6 119/1/1 122/3/3
f 119/6/1 123/9/7 126/10/8
f 119/1/1 124/11/9 123/12/7
f 119/1/1 127/8/6 124/11/9
f 119/6/1 126/10/8 125/7/5
f 130/13/10 127/14/6 128/15/11
f 129/16/12 128/15/11 127/14/6
f 127/14/6 122/17/3 129/16/12
f 130/13/10 124/18/9 127/14/6
f 130/19/10 128/20/11 134/21/13
f 132/22/14 124/18/9 130/13/10
f 133/23/15 130/19/10 131/24/16
f 130/19/10 134/21/13 131/24/16
f 133/23/15 132/25/14 130/19/10
f 131/26/16 134/27/13 135/28/17
f 135/29/17 134/30/13 137/31/18
f 136/32/19 137/33/18 134/21/13
f 136/32/19 134/21/13 128/20/11
f 138/34/20 137/35/18 139/36/21
f 135/37/17 137/35/18 138/34/20
f 139/38/21 137/33/18 136/32/19
f 138/34/20 139/36/21 140/39/22
f 140/39/22 139/36/21 141/40/23
f 142/41/24 141/42/23 139/43/21
f 139/38/21 136/32/19 142/44/24
f 143/45/25 142/46/24 136/47/19
f 142/48/24 143/49/25 145/50/26
f 142/41/24 144/51/27 141/42/23
f 142/41/24 145/52/26 144/51/27
f 146/53/28 144/54/27 145/55/26
f 146/53/28 145/55/26 147/56/29
f 143/49/25 147/57/29 145/50/26
f 147/56/29 148/58/30 149/59/31
f 150/60/32 148/58/30 147/56/29
f 147/56/29 149/59/31 146/53/28
f 143/49/25 150/61/32 147/57/29
f 150/60/32 151/62/33 148/58/30
f 129/63/12 150/61/32 143/49/25
f 129/16/12 122/17/3 150/64/32
f 120/2/2 150/65/32 122/3/3
f 120/2/2 151/66/33 150/65/32
f 152/67/34 148/58/30 151/62/33
f 120/2/2 152/68/34 151/66/33
f 152/67/34 154/69/35 148/58/30
f 153/70/36 152/71/34 121/5/4
f 120/72/2 121/73/4 152/74/34
f 153/75/36 154/69/35 152/67/34
f 154/69/35 149/59/31 148/58/30
f 153/76/36 155/77/37 154/78/35
f 155/79/37 156/80/38 154/69/35
f 154/69/35 156/80/38 149/59/31
f 155/79/37 157/81/39 156/80/38
f 149/59/31 156/80/38 157/81/39
f 140/82/22 157/83/39 155/84/37
f 149/59/31 157/81/39 141/85/23
f 140/39/22 141/40/23 157/86/39
f 140/82/22 155/84/37 153/87/36
f 140/82/22 153/87/36 158/88/40
f 153/70/36 121/5/4 158/89/40
f 138/90/20 158/91/40 125/92/5
f 121/5/4 125/7/5 158/89/40
f 140/82/22 158/88/40 138/93/20
f 146/53/28 149/59/31 141/85/23
f 146/53/28 141/85/23 144/54/27
f 143/45/25 136/47/19 129/16/12
f 138/90/20 125/92/5 135/94/17
f 129/16/12 136/47/19 128/15/11
f 159/95/41 135/94/17 125/92/5
f 131/26/16 135/28/17 159/96/41
f 133/97/15 131/26/16 159/96/41
f 159/95/41 125/92/5 126/98/8
f 160/99/42 159/100/41 126/101/8
f 133/97/15 159/96/41 160/102/42
f 161/103/43 133/97/15 160/102/42
f 161/103/43 160/102/42 162/104/44
f 162/105/44 160/99/42 163/106/45
f 160/99/42 126/101/8 163/106/45
f 164/107/46 165/108/47 163/109/45
f 163/109/45 123/9/7 164/107/46
f 163/109/45 126/10/8 123/9/7
f 162/105/44 163/106/45 165/110/47
f 166/111/48 162/105/44 165/110/47
f 164/107/46 168/112/49 165/108/47
f 166/111/48 165/110/47 167/113/50
f 167/114/50 165/108/47 168/112/49
f 164/115/46 169/116/51 168/117/49
f 171/118/52 168/117/49 169/116/51
f 167/114/50 168/112/49 170/119/53
f 171/118/52 170/120/53 168/117/49
f 174/121/54 171/122/52 169/123/51
f 172/124/55 170/120/53 171/118/52
f 173/125/56 172/126/55 171/122/52
f 173/125/56 171/122/52 174/121/54
f 174/121/54 169/123/51 177/127/57
f 175/128/58 173/129/56 174/130/54
f 175/128/58 174/130/54 176/131/59
f 176/131/59 174/130/54 177/132/57
f 178/133/60 177/134/57 169/135/51
f 178/133/60 132/22/14 177/134/57
f 132/25/14 161/136/43 177/132/57
f 176/131/59 177/132/57 161/136/43
f 164/115/46 178/137/60 169/116/51
f 178/137/60 164/115/46 123/12/7
f 132/22/14 178/133/60 124/18/9
f 178/137/60 123/12/7 124/11/9
f 179/138/61 175/139/58 176/140/59
f 179/138/61 176/140/59 166/141/48
f 166/141/48 176/140/59 161/103/43
f 182/142/62 179/143/61 180/144/63
f 179/143/61 167/113/50 180/144/63
f 182/142/62 181/145/64 179/143/61
f 175/139/58 179/138/61 181/146/64
f 179/143/61 166/111/48 167/113/50
f 186/147/65 183/148/66 182/149/62
f 183/148/66 184/150/67 182/149/62
f 182/149/62 184/150/67 185/151/68
f 182/142/62 185/152/68 181/145/64
f 186/147/65 182/149/62 180/153/63
f 186/154/65 187/155/69 183/156/66
f 186/154/65 172/124/55 187/155/69
f 180/153/63 170/119/53 186/147/65
f 172/124/55 186/154/65 170/120/53
f 183/156/66 187/155/69 189/157/70
f 172/126/55 188/158/71 187/159/69
f 189/160/70 187/159/69 188/158/71
f 190/161/72 193/162/73 189/163/70
f 190/164/72 189/160/70 192/165/74
f 183/156/66 189/157/70 191/166/75
f 193/167/73 191/166/75 189/157/70
f 189/160/70 188/158/71 192/165/74
f 195/168/76 194/169/77 193/167/73
f 193/167/73 194/169/77 191/166/75
f 195/168/76 193/167/73 196/170/78
f 196/171/78 193/162/73 190/161/72
f 198/172/79 196/173/78 197/174/80
f 196/171/78 190/161/72 197/175/80
f 198/172/79 195/176/76 196/173/78
f 199/177/81 198/172/79 197/174/80
f 198/172/79 199/177/81 200/178/82
f 198/172/79 200/178/82 201/179/83
f 198/172/79 201/179/83 202/180/84
f 198/172/79 202/180/84 195/176/76
f 202/181/84 203/182/85 194/183/77
f 202/181/84 194/183/77 195/184/76
f 201/185/83 203/182/85 202/181/84
f 191/186/75 194/187/77 203/188/85
f 191/186/75 203/188/85 184/150/67
f 204/189/86 184/150/67 203/188/85
f 201/190/83 204/189/86 203/188/85
f 200/191/82 205/192/87 204/193/86
f 200/191/82 204/193/86 201/194/83
f 204/189/86 185/151/68 184/150/67
f 205/195/87 185/152/68 204/196/86
f 205/195/87 206/197/88 185/152/68
f 205/198/87 207/199/89 206/200/88
f 199/201/81 208/202/90 205/203/87
f 199/201/81 205/203/87 200/204/82
f 205/198/87 208/205/90 207/199/89
f 208/206/90 209/207/91 211/208/92
f 208/202/90 210/209/93 209/210/91
f 208/211/90 211/212/92 207/213/89
f 208/202/90 199/201/81 210/209/93
f 209/214/91 192/215/74 211/216/92
f 188/217/71 212/218/94 211/219/92
f 188/220/71 211/216/92 192/215/74
f 212/218/94 207/221/89 211/219/92
f 173/129/56 212/222/94 188/223/71
f 212/224/94 206/200/88 207/199/89
f 181/146/64 206/200/88 212/224/94
f 175/139/58 181/146/64 212/224/94
f 173/129/56 175/128/58 212/222/94
f 210/225/93 190/226/72 209/227/91
f 210/225/93 197/174/80 190/226/72
f 199/177/81 197/174/80 210/225/93
f 209/214/91 190/228/72 192/215/74
f 181/145/64 185/152/68 206/197/88
f 183/148/66 191/186/75 184/150/67
f 172/126/55 173/125/56 188/158/71
f 180/153/63 167/114/50 170/119/53
f 166/141/48 161/103/43 162/104/44
f 132/25/14 133/23/15 161/136/43
f 219/229/95 213/230/96 214/231/97
f 213/232/96 215/233/98 214/234/97
f 213/232/96 218/235/99 215/233/98
f 218/235/99 213/232/96 216/236/100
f 213/237/96 217/238/101 216/239/100
f 213/240/96 219/241/95 217/242/101
f 221/243/102 219/244/95 220/245/103
f 219/229/95 214/231/97 220/246/103
f 221/243/102 223/247/104 219/244/95
f 222/248/105 217/249/101 219/244/95
f 222/248/105 219/244/95 223/247/104
f 224/250/106 226/251/107 223/252/104
f 224/250/106 223/252/104 221/253/102
f 225/254/108 222/255/105 223/256/104
f 225/257/108 223/252/104 226/251/107
f 227/258/109 228/259/110 226/260/107
f 227/258/109 226/260/107 224/261/106
f 225/262/108 226/260/107 228/259/110
f 229/263/111 230/264/112 228/265/110
f 229/263/111 228/265/110 218/266/99
f 218/266/99 228/265/110 227/267/109
f 225/262/108 228/259/110 230/268/112
f 232/269/113 230/264/112 229/263/111
f 231/270/114 225/262/108 230/268/112
f 231/270/114 230/268/112 232/271/113
f 232/271/113 234/272/115 233/273/116
f 232/271/113 233/273/116 231/270/114
f 232/269/113 229/263/111 236/274/117
f 232/269/113 235/275/118 234/276/115
f 232/269/113 236/274/117 235/275/118
f 229/277/111 239/278/119 236/279/117
f 236/279/117 238/280/120 237/281/121
f 236/279/117 237/281/121 235/282/118
f 239/278/119 238/280/120 236/279/117
f 239/278/119 229/277/111 216/236/100
f 239/278/119 240/283/122 238/280/120
f 240/283/122 239/278/119 216/236/100
f 240/284/122 244/285/123 238/286/120
f 240/287/122 242/288/124 241/289/125
f 240/287/122 241/289/125 243/290/126
f 240/283/122 216/236/100 242/291/124
f 240/292/122 243/293/126 244/294/123
f 238/295/120 244/296/123 245/297/127
f 244/298/123 246/299/128 245/300/127
f 244/301/123 247/302/129 246/303/128
f 247/304/129 244/305/123 243/306/126
f 249/307/130 247/304/129 248/308/131
f 247/304/129 243/306/126 248/308/131
f 247/309/129 249/310/130 250/311/132
f 247/312/129 250/313/132 246/314/128
f 250/315/132 251/316/133 246/317/128
f 250/318/132 253/319/134 251/320/133
f 254/321/135 252/322/136 250/311/132
f 252/322/136 253/323/134 250/311/132
f 254/321/135 250/311/132 249/310/130
f 254/321/135 249/310/130 256/324/137
f 257/325/138 254/326/135 255/327/139
f 254/326/135 256/328/137 255/327/139
f 257/325/138 231/329/114 254/326/135
f 231/329/114 252/330/136 254/326/135
f 222/255/105 257/331/138 255/332/139
f 225/254/108 257/331/138 222/255/105
f 257/331/138 225/254/108 231/333/114
f 249/310/130 248/334/131 256/324/137
f 248/334/131 258/335/140 256/324/137
f 255/327/139 256/328/137 258/336/140
f 255/327/139 258/336/140 259/337/141
f 258/338/140 260/339/142 259/340/141
f 258/338/140 261/341/143 260/339/142
f 248/334/131 261/342/143 258/335/140
f 248/334/131 241/343/125 261/342/143
f 241/344/125 260/345/142 261/346/143
f 259/340/141 260/339/142 217/249/101
f 241/344/125 242/347/124 260/345/142
f 217/348/101 260/345/142 242/347/124
f 259/340/141 217/249/101 222/248/105
f 222/255/105 255/332/139 259/349/141
f 253/319/134 264/350/144 262/351/145
f 253/319/134 262/351/145 251/320/133
f 252/322/136 263/352/146 253/323/134
f 263/352/146 264/353/144 253/323/134
f 262/351/145 264/350/144 266/354/147
f 263/352/146 265/355/148 264/353/144
f 265/355/148 266/356/147 264/353/144
f 262/351/145 266/354/147 267/357/149
f 269/358/150 267/359/149 266/360/147
f 265/361/148 268/362/151 266/363/147
f 269/364/150 266/365/147 268/366/151
f 269/358/150 270/367/152 271/368/153
f 269/369/150 274/370/154 270/371/152
f 269/358/150 271/368/153 267/359/149
f 269/364/150 268/366/151 272/372/155
f 269/364/150 272/372/155 273/373/156
f 269/364/150 273/373/156 274/374/154
f 276/375/157 275/376/158 274/377/154
f 270/371/152 274/370/154 275/378/158
f 276/375/157 274/377/154 273/379/156
f 273/380/156 277/381/159 276/382/157
f 278/383/160 276/384/157 277/385/159
f 278/386/160 275/376/158 276/375/157
f 279/387/161 278/388/160 234/276/115
f 278/388/160 279/387/161 275/389/158
f 280/390/162 234/272/115 278/383/160
f 278/383/160 277/385/159 280/390/162
f 233/391/116 280/392/162 263/393/146
f 280/390/162 233/273/116 234/272/115
f 280/392/162 277/394/159 265/361/148
f 280/392/162 265/361/148 263/393/146
f 279/387/161 234/276/115 235/275/118
f 279/395/161 281/396/163 282/397/164
f 235/282/118 281/396/163 279/395/161
f 279/395/161 282/397/164 275/398/158
f 270/371/152 275/378/158 282/399/164
f 283/400/165 270/401/152 282/402/164
f 281/403/163 283/400/165 282/402/164
f 283/404/165 271/405/153 270/406/152
f 284/407/166 262/351/145 283/400/165
f 262/351/145 271/408/153 283/400/165
f 281/403/163 284/407/166 283/400/165
f 284/407/166 251/320/133 262/351/145
f 237/409/121 245/297/127 284/410/166
f 237/409/121 284/410/166 281/411/163
f 245/300/127 251/412/133 284/413/166
f 235/282/118 237/281/121 281/396/163
f 273/380/156 272/414/155 277/381/159
f 265/361/148 277/394/159 272/415/155
f 265/361/148 272/415/155 268/362/151
f 262/351/145 267/357/149 271/408/153
f 233/391/116 263/393/146 252/330/136
f 231/329/114 233/391/116 252/330/136
f 245/300/127 246/299/128 251/412/133
f 248/334/131 243/416/126 241/343/125
f 238/295/120 245/297/127 237/409/121
f 217/348/101 242/347/124 216/417/100
f 218/235/99 216/236/100 229/277/111
f 285/418/167 215/419/98 227/267/109
f 227/258/109 286/420/168 285/421/167
f 227/258/109 224/261/106 286/420/168
f 218/266/99 227/267/109 215/419/98
f 285/421/167 286/420/168 287/422/169
f 221/253/102 288/423/170 286/424/168
f 221/253/102 286/424/168 224/250/106
f 287/425/169 286/424/168 288/423/170
f 287/425/169 288/423/170 289/426/171
f 290/427/172 289/428/171 288/429/170
f 220/430/103 290/427/172 288/429/170
f 220/430/103 288/429/170 221/431/102
f 291/432/173 290/433/172 220/246/103
f 290/433/172 291/432/173 293/434/174
f 290/427/172 292/435/175 289/428/171
f 290/433/172 293/434/174 292/436/175
f 293/437/174 295/438/176 294/439/177
f 293/437/174 294/439/177 296/440/178
f 291/441/173 295/438/176 293/437/174
f 296/442/178 292/436/175 293/434/174
f 297/443/179 298/444/180 296/440/178
f 297/443/179 296/440/178 294/439/177
f 299/445/181 296/442/178 298/446/180
f 296/442/178 299/445/181 292/436/175
f 292/435/175 299/447/181 300/448/182
f 299/447/181 302/449/183 300/448/182
f 299/445/181 298/446/180 301/450/184
f 299/447/181 301/451/184 302/449/183
f 304/452/185 302/449/183 301/451/184
f 305/453/186 303/454/187 302/455/183
f 303/454/187 300/456/182 302/455/183
f 304/452/185 306/457/188 302/449/183
f 305/453/186 302/455/183 306/458/188
f 307/459/189 309/460/190 306/461/188
f 307/462/189 306/463/188 304/464/185
f 308/465/191 305/453/186 306/458/188
f 308/465/191 306/458/188 309/466/190
f 307/467/189 310/468/192 309/469/190
f 308/470/191 309/471/190 310/472/192
f 307/467/189 314/473/193 310/468/192
f 311/474/194 313/475/195 310/476/192
f 311/477/194 310/478/192 312/479/196
f 312/480/196 310/481/192 314/482/193
f 308/465/191 310/483/192 313/484/195
f 312/485/196 314/486/193 315/487/197
f 316/488/198 315/489/197 314/490/193
f 316/488/198 314/490/193 317/491/199
f 307/492/189 317/493/199 314/494/193
f 317/495/199 318/496/200 316/497/198
f 317/498/199 320/499/201 318/500/200
f 307/501/189 319/502/202 317/503/199
f 319/504/202 320/505/201 317/506/199
f 319/504/202 321/507/203 320/505/201
f 321/508/203 322/509/204 320/510/201
f 318/511/200 320/510/201 322/509/204
f 318/512/200 322/513/204 323/514/205
f 324/515/206 323/514/205 322/513/204
f 321/508/203 327/516/207 322/509/204
f 324/515/206 322/513/204 325/517/208
f 326/518/209 325/519/208 322/520/204
f 326/518/209 322/520/204 327/521/207
f 326/518/209 327/521/207 328/522/210
f 327/523/207 329/524/211 328/525/210
f 327/516/207 321/508/203 329/526/211
f 328/525/210 329/524/211 297/527/179
f 329/528/211 298/444/180 297/443/179
f 329/528/211 330/529/212 298/444/180
f 321/507/203 330/529/212 329/528/211
f 301/450/184 298/446/180 330/530/212
f 301/450/184 330/530/212 304/531/185
f 304/531/185 330/530/212 319/532/202
f 321/507/203 319/504/202 330/529/212
f 328/522/210 331/533/213 303/534/187
f 328/525/210 297/527/179 331/535/213
f 326/518/209 328/522/210 305/536/186
f 328/522/210 303/534/187 305/536/186
f 333/537/214 331/533/213 332/538/215
f 331/539/213 294/540/177 332/541/215
f 331/539/213 297/542/179 294/540/177
f 333/537/214 303/534/187 331/533/213
f 334/543/216 333/537/214 332/538/215
f 334/543/216 287/422/169 333/537/214
f 289/426/171 300/456/182 333/544/214
f 289/426/171 333/544/214 287/425/169
f 303/454/187 333/544/214 300/456/182
f 295/545/176 334/546/216 332/541/215
f 335/547/217 285/418/167 334/546/216
f 335/547/217 334/546/216 295/545/176
f 285/421/167 287/422/169 334/543/216
f 291/441/173 335/548/217 295/438/176
f 285/418/167 335/547/217 215/419/98
f 291/441/173 215/233/98 335/548/217
f 295/545/176 332/541/215 294/540/177
f 336/549/218 326/518/209 305/536/186
f 337/550/219 326/518/209 336/549/218
f 337/550/219 325/519/208 326/518/209
f 337/551/219 311/477/194 338/552/220
f 338/552/220 325/517/208 337/551/219
f 337/551/219 313/553/195 311/477/194
f 336/554/218 313/484/195 337/555/219
f 338/552/220 324/515/206 325/517/208
f 339/556/221 324/515/206 338/552/220
f 338/552/220 312/479/196 339/556/221
f 338/552/220 311/477/194 312/479/196
f 339/556/221 312/479/196 315/557/197
f 339/556/221 316/558/198 318/512/200
f 339/556/221 318/512/200 323/514/205
f 339/556/221 315/557/197 316/558/198
f 339/556/221 323/514/205 324/515/206
f 308/465/191 336/554/218 305/453/186
f 336/554/218 308/465/191 313/484/195
f 304/531/185 319/532/202 307/559/189
f 292/435/175 300/448/182 289/428/171
f 291/441/173 214/234/97 215/233/98
f 291/432/173 220/246/103 214/231/97
usemtl Mechanism_2
f 1/560/222 2/561/223 4/562/224
f 1/563/222 3/564/225 2/565/223
f 3/564/225 1/563/222 5/566/226
f 5/567/226 1/560/222 4/562/224
f 5/566/226 6/568/227 3/564/225
f 5/566/226 10/569/228 6/568/227
f 10/569/228 5/566/226 7/570/229
f 7/571/229 5/567/226 8/572/230
f 9/573/231 8/572/230 5/567/226
f 9/573/231 5/567/226 4/562/224
f 10/574/228 11/575/232 8/576/230
f 12/577/233 11/578/232 10/569/228
f 6/579/227 10/574/228 8/576/230
f 7/570/229 12/577/233 10/569/228
f 14/580/234 11/578/232 12/577/233
f 12/577/233 13/581/235 14/580/234
f 15/582/236 13/581/235 12/577/233
f 15/582/236 12/577/233 7/570/229
f 7/571/229 16/583/237 15/584/236
f 15/585/236 16/586/237 19/587/238
f 13/581/235 15/582/236 17/588/239
f 15/582/236 18/589/240 17/588/239
f 19/587/238 18/590/240 15/585/236
f 21/591/241 20/592/242 19/587/238
f 20/592/242 22/593/243 19/587/238
f 19/594/238 17/595/239 18/596/240
f 16/586/237 21/591/241 19/587/238
f 19/597/238 22/598/243 17/588/239
f 17/588/239 22/598/243 20/599/242
f 21/591/241 23/600/244 20/592/242
f 21/591/241 24/601/245 23/600/244
f 21/591/241 16/586/237 26/602/246
f 24/601/245 21/591/241 25/603/247
f 25/603/247 21/591/241 26/602/246
f 27/604/248 28/605/249 26/602/246
f 16/586/237 27/604/248 26/602/246
f 14/606/234 25/607/247 26/608/246
f 26/608/246 28/609/249 11/575/232
f 11/575/232 14/606/234 26/608/246
f 8/572/230 28/610/249 27/611/248
f 28/609/249 8/576/230 11/575/232
f 7/571/229 27/611/248 16/583/237
f 27/611/248 7/571/229 8/572/230
f 29/612/250 25/603/247 31/613/251
f 29/612/250 36/614/252 25/603/247
f 30/615/253 24/601/245 25/603/247
f 14/606/234 32/616/254 25/607/247
f 33/617/255 30/615/253 25/603/247
f 34/618/256 31/619/251 25/620/247
f 34/618/256 25/620/247 32/621/254
f 35/622/257 33/617/255 25/603/247
f 36/614/252 35/622/257 25/603/247
f 37/623/258 35/622/257 36/614/252
f 37/623/258 36/614/252 38/624/259
f 38/624/259 36/614/252 39/625/260
f 36/614/252 29/612/250 39/625/260
f 29/612/250 43/626/261 39/625/260
f 43/626/261 40/627/262 39/625/260
f 40/628/262 42/629/263 39/630/260
f 41/631/264 38/624/259 39/625/260
f 39/632/260 42/633/263 41/634/264
f 43/635/261 44/636/265 42/637/263
f 43/635/261 45/638/266 44/636/265
f 43/635/261 46/639/267 45/638/266
f 29/612/250 46/640/267 43/626/261
f 40/641/262 43/635/261 42/637/263
f 46/639/267 47/642/268 45/638/266
f 46/639/267 49/643/269 47/642/268
f 29/612/250 48/644/270 46/640/267
f 48/644/270 49/645/269 46/640/267
f 48/644/270 51/646/271 49/645/269
f 50/647/272 53/648/273 49/645/269
f 50/647/272 49/645/269 51/646/271
f 47/642/268 49/643/269 52/649/274
f 49/643/269 53/650/273 52/649/274
f 50/651/272 52/652/274 53/653/273
f 54/654/275 47/642/268 52/649/274
f 52/655/274 50/656/272 56/657/276
f 57/658/277 54/654/275 52/649/274
f 52/649/274 55/659/278 57/658/277
f 52/655/274 56/657/276 55/660/278
f 55/659/278 62/661/279 57/658/277
f 61/662/280 57/663/277 58/664/281
f 58/664/281 57/663/277 59/665/282
f 57/663/277 62/666/279 59/665/282
f 54/654/275 57/658/277 60/667/283
f 57/658/277 61/668/280 60/667/283
f 55/660/278 59/669/282 62/670/279
f 58/664/281 63/671/284 61/662/280
f 60/672/283 61/673/280 63/674/284
f 60/672/283 63/674/284 64/675/285
f 64/676/285 63/677/284 58/678/281
f 68/679/286 65/680/287 64/676/285
f 65/680/287 66/681/288 64/676/285
f 66/682/288 60/683/283 64/684/285
f 58/678/281 67/685/289 64/676/285
f 67/685/289 68/679/286 64/676/285
f 68/679/286 69/686/290 65/680/287
f 68/679/286 70/687/291 69/686/290
f 68/679/286 67/685/289 31/613/251
f 70/687/291 68/679/286 31/613/251
f 70/687/291 71/688/292 69/686/290
f 70/687/291 73/689/293 71/688/292
f 31/613/251 72/690/294 70/687/291
f 73/689/293 70/687/291 72/690/294
f 73/689/293 75/691/295 74/692/296
f 71/688/292 73/689/293 74/692/296
f 75/691/295 73/689/293 72/690/294
f 75/691/295 78/693/297 76/694/298
f 77/695/299 75/691/295 76/694/298
f 75/691/295 77/695/299 74/692/296
f 78/693/297 75/691/295 72/690/294
f 79/696/300 78/693/297 80/697/301
f 78/693/297 79/696/300 82/698/302
f 78/693/297 81/699/303 76/694/298
f 78/693/297 72/690/294 80/697/301
f 78/693/297 82/698/302 81/699/303
f 82/700/302 83/701/304 81/702/303
f 82/700/302 88/703/305 83/701/304
f 84/704/306 88/703/305 82/700/302
f 82/700/302 85/705/307 84/704/306
f 82/700/302 89/706/308 85/705/307
f 89/707/308 82/698/302 86/708/309
f 82/698/302 87/709/310 86/708/309
f 82/698/302 79/696/300 87/709/310
f 89/706/308 90/710/311 85/705/307
f 90/710/311 89/706/308 91/711/312
f 89/707/308 92/712/313 91/713/312
f 92/712/313 89/707/308 86/708/309
f 90/714/311 91/715/312 92/716/313
f 90/714/311 92/716/313 86/717/309
f 86/717/309 85/718/307 90/714/311
f 83/701/304 88/703/305 94/719/314
f 84/704/306 93/720/315 88/703/305
f 88/703/305 93/720/315 94/719/314
f 94/721/314 93/722/315 95/723/316
f 95/723/316 80/724/301 94/721/314
f 96/725/317 94/719/314 80/726/301
f 94/719/314 96/725/317 83/701/304
f 34/618/256 97/727/318 96/725/317
f 97/727/318 98/728/319 96/725/317
f 98/728/319 99/729/320 96/725/317
f 99/729/320 83/701/304 96/725/317
f 96/725/317 31/619/251 34/618/256
f 96/725/317 72/730/294 31/619/251
f 96/725/317 80/726/301 72/730/294
f 99/729/320 98/728/319 101/731/321
f 83/701/304 99/729/320 100/732/322
f 99/729/320 77/733/299 100/732/322
f 77/733/299 99/729/320 101/731/321
f 98/728/319 71/734/292 101/731/321
f 102/735/323 104/736/324 101/731/321
f 101/731/321 71/734/292 102/735/323
f 101/737/321 105/738/325 74/739/296
f 101/740/321 74/741/296 103/742/326
f 101/731/321 103/743/326 77/733/299
f 101/737/321 104/744/324 105/738/325
f 74/692/296 105/745/325 106/746/327
f 104/744/324 106/747/327 105/738/325
f 106/746/327 107/748/328 71/688/292
f 106/747/327 102/749/323 107/750/328
f 104/744/324 102/749/323 106/747/327
f 106/746/327 71/688/292 74/692/296
f 71/734/292 107/751/328 102/735/323
f 77/695/299 103/752/326 74/692/296
f 100/753/322 108/754/329 76/755/298
f 100/756/322 76/757/298 109/758/330
f 81/702/303 83/701/304 100/732/322
f 77/733/299 108/759/329 100/732/322
f 100/732/322 109/760/330 81/702/303
f 81/699/303 109/761/330 76/694/298
f 108/762/329 77/695/299 76/694/298
f 71/734/292 98/728/319 97/727/318
f 110/763/331 97/727/318 34/618/256
f 65/764/287 69/765/290 97/727/318
f 65/764/287 97/727/318 110/763/331
f 71/734/292 97/727/318 69/765/290
f 65/764/287 110/763/331 60/667/283
f 54/654/275 110/763/331 34/618/256
f 110/763/331 54/654/275 60/667/283
f 80/697/301 95/766/316 79/696/300
f 79/696/300 95/766/316 87/709/310
f 84/767/306 87/768/310 95/723/316
f 93/722/315 84/767/306 95/723/316
f 85/705/307 86/769/309 87/770/310
f 85/705/307 87/770/310 84/704/306
f 67/685/289 51/646/271 31/613/251
f 51/646/271 67/685/289 50/647/272
f 67/685/289 58/678/281 50/647/272
f 60/667/283 66/771/288 65/764/287
f 58/678/281 59/772/282 56/773/276
f 55/660/278 56/657/276 59/669/282
f 58/678/281 56/773/276 50/647/272
f 47/642/268 54/654/275 34/618/256
f 51/646/271 48/644/270 31/613/251
f 48/644/270 29/612/250 31/613/251
f 45/638/266 47/642/268 34/618/256
f 44/636/265 45/638/266 34/618/256
f 111/774/332 44/636/265 32/621/254
f 44/636/265 111/774/332 42/637/263
f 32/621/254 44/636/265 34/618/256
f 112/775/333 111/774/332 32/621/254
f 38/776/259 111/774/332 112/775/333
f 111/774/332 38/776/259 42/637/263
f 113/777/334 112/775/333 32/621/254
f 37/778/258 112/775/333 113/777/334
f 38/776/259 112/775/333 37/778/258
f 115/779/335 113/777/334 32/621/254
f 114/780/336 113/777/334 115/779/335
f 37/778/258 113/777/334 114/780/336
f 116/781/337 115/779/335 117/782/338
f 114/780/336 115/779/335 116/781/337
f 117/782/338 115/779/335 32/621/254
f 20/599/242 23/783/244 117/782/338
f 20/599/242 117/782/338 118/784/339
f 116/781/337 117/782/338 23/783/244
f 118/784/339 117/782/338 32/621/254
f 20/599/242 118/784/339 17/588/239
f 118/784/339 13/581/235 17/588/239
f 13/581/235 118/784/339 14/580/234
f 32/621/254 14/580/234 118/784/339
f 23/600/244 30/615/253 116/785/337
f 30/615/253 114/786/336 116/785/337
f 33/617/255 37/623/258 114/786/336
f 30/615/253 33/617/255 114/786/336
f 38/776/259 41/787/264 42/637/263
f 33/617/255 35/622/257 37/623/258
f 23/600/244 24/601/245 30/615/253
f 8/576/230 9/788/231 6/579/227
f 6/579/227 9/788/231 4/789/224
f 3/790/225 6/579/227 4/789/224
f 4/789/224 2/791/223 3/790/225
f 340/792/340 341/793/341 346/794/342
f 340/795/340 342/796/343 341/797/341
f 340/795/340 344/798/344 342/796/343
f 343/799/345 340/792/340 345/800/346
f 343/801/345 344/798/344 340/795/340
f 345/800/346 340/792/340 347/802/347
f 340/792/340 346/794/342 347/802/347
f 349/803/348 348/804/349 347/805/347
f 348/806/349 352/807/350 347/802/347
f 349/803/348 347/805/347 350/808/351
f 347/809/347 351/810/352 350/811/351
f 347/809/347 346/812/342 351/810/352
f 352/807/350 345/800/346 347/802/347
f 353/813/353 352/807/350 348/806/349
f 352/814/350 353/815/353 354/816/354
f 354/816/354 345/817/346 352/814/350
f 354/816/354 353/815/353 355/818/355
f 349/819/348 354/820/354 355/821/355
f 354/816/354 356/822/356 345/817/346
f 356/823/356 354/820/354 350/824/351
f 354/820/354 349/819/348 350/824/351
f 350/824/351 344/825/344 356/823/356
f 344/825/344 358/826/357 356/823/356
f 358/826/357 357/827/358 356/823/356
f 357/828/358 345/829/346 356/830/356
f 359/831/359 360/832/360 358/833/357
f 359/831/359 358/833/357 343/801/345
f 343/801/345 358/833/357 344/798/344
f 358/826/357 360/834/360 357/827/358
f 361/835/361 362/836/362 360/832/360
f 361/835/361 360/832/360 359/831/359
f 360/834/360 362/837/362 357/827/358
f 362/837/362 363/838/363 364/839/364
f 363/840/363 362/836/362 361/835/361
f 366/841/365 357/827/358 362/837/362
f 362/837/362 364/839/364 365/842/366
f 365/842/366 366/841/365 362/837/362
f 368/843/367 366/844/365 367/845/368
f 365/846/366 367/847/368 366/848/365
f 369/849/369 357/827/358 366/841/365
f 369/849/369 366/841/365 368/850/367
f 371/851/370 369/849/369 368/850/367
f 370/852/371 369/853/369 371/854/370
f 369/853/369 370/852/371 372/855/372
f 369/853/369 372/855/372 357/828/358
f 357/828/358 372/855/372 345/829/346
f 343/799/345 345/800/346 372/856/372
f 361/857/361 372/856/372 367/858/368
f 361/857/361 359/859/359 372/856/372
f 373/860/373 367/858/368 372/856/372
f 359/859/359 343/799/345 372/856/372
f 373/860/373 372/856/372 370/861/371
f 368/862/367 373/863/373 374/864/374
f 374/865/374 373/860/373 370/861/371
f 368/843/367 367/845/368 373/866/373
f 368/862/367 374/864/374 375/867/375
f 375/867/375 374/864/374 379/868/376
f 374/865/374 370/861/371 376/869/377
f 374/865/374 376/869/377 377/870/378
f 374/865/374 377/870/378 378/871/379
f 379/872/376 374/865/374 378/871/379
f 378/871/379 380/873/380 379/872/376
f 379/874/376 380/875/380 381/876/381
f 379/874/376 381/876/381 382/877/382
f 375/867/375 379/868/376 382/878/382
f 375/879/375 382/880/382 383/881/383
f 382/880/382 381/882/381 383/881/383
f 387/883/384 363/838/363 383/881/383
f 383/881/383 363/838/363 384/884/385
f 383/881/383 384/884/385 391/885/386
f 378/886/379 390/887/387 383/888/383
f 389/889/388 378/886/379 383/888/383
f 383/881/383 388/890/389 385/891/390
f 385/891/390 386/892/391 383/881/383
f 386/892/391 375/879/375 383/881/383
f 381/882/381 387/883/384 383/881/383
f 390/887/387 388/893/389 383/888/383
f 383/888/383 391/894/386 389/889/388
f 391/894/386 392/895/392 389/889/388
f 391/885/386 384/884/385 393/896/393
f 392/897/392 391/885/386 394/898/394
f 391/885/386 393/896/393 394/898/394
f 395/899/395 394/900/394 397/901/396
f 394/898/394 395/902/395 392/897/392
f 394/900/394 396/903/397 397/901/396
f 399/904/398 396/903/397 394/900/394
f 393/896/393 398/905/399 394/898/394
f 399/906/398 394/898/394 398/905/399
f 400/907/400 399/906/398 398/905/399
f 400/908/400 401/909/346 399/910/398
f 399/904/398 401/911/346 396/903/397
f 400/908/400 403/912/401 401/909/346
f 402/913/402 401/914/346 403/915/401
f 402/913/402 396/916/397 401/914/346
f 405/917/403 403/915/401 404/918/404
f 404/919/404 403/912/401 400/908/400
f 405/917/403 406/920/405 403/915/401
f 406/920/405 402/913/402 403/915/401
f 405/921/403 407/922/406 406/923/405
f 408/924/407 406/923/405 407/922/406
f 409/925/408 406/920/405 408/926/407
f 406/920/405 409/925/408 402/913/402
f 398/927/399 402/928/402 409/929/408
f 398/927/399 409/929/408 410/930/409
f 410/931/409 409/932/408 411/933/410
f 411/934/410 409/925/408 408/926/407
f 410/931/409 411/933/410 412/935/411
f 412/936/411 411/937/410 413/938/412
f 408/926/407 413/939/412 411/934/410
f 413/939/412 408/926/407 414/940/413
f 413/938/412 414/941/413 393/942/393
f 393/942/393 412/936/411 413/938/412
f 393/943/393 414/944/413 402/945/402
f 402/913/402 414/940/413 396/916/397
f 408/926/407 389/946/388 414/940/413
f 389/946/388 397/947/396 414/940/413
f 397/947/396 396/916/397 414/940/413
f 384/884/385 412/948/411 393/896/393
f 412/948/411 384/884/385 410/949/409
f 407/950/406 398/905/399 410/949/409
f 384/884/385 407/950/406 410/949/409
f 408/926/407 415/951/414 378/871/379
f 408/926/407 378/871/379 389/946/388
f 415/952/414 408/924/407 363/840/363
f 384/953/385 363/840/363 408/924/407
f 407/922/406 384/953/385 408/924/407
f 361/835/361 415/952/414 363/840/363
f 415/951/414 361/857/361 417/954/415
f 415/951/414 418/955/416 378/871/379
f 415/951/414 416/956/417 418/955/416
f 415/951/414 417/954/415 416/956/417
f 419/957/418 387/958/384 418/959/416
f 381/876/381 418/959/416 387/958/384
f 419/957/418 418/959/416 416/960/417
f 418/955/416 380/873/380 378/871/379
f 381/876/381 380/875/380 418/959/416
f 363/838/363 419/961/418 364/839/364
f 363/838/363 387/883/384 419/961/418
f 364/962/364 419/963/418 416/964/417
f 417/954/415 361/857/361 420/965/419
f 364/962/364 416/964/417 417/966/415
f 364/962/364 417/966/415 420/967/419
f 364/962/364 420/967/419 365/846/366
f 420/965/419 361/857/361 367/858/368
f 365/846/366 420/967/419 367/847/368
f 405/921/403 421/968/420 407/922/406
f 407/950/406 421/969/420 400/907/400
f 398/905/399 407/950/406 400/907/400
f 422/970/421 423/971/422 421/972/420
f 422/970/421 421/972/420 405/973/403
f 421/969/420 423/974/422 425/975/423
f 427/976/424 424/977/425 421/969/420
f 424/977/425 400/907/400 421/969/420
f 421/969/420 425/975/423 426/978/426
f 426/978/426 427/976/424 421/969/420
f 424/979/425 427/980/424 428/981/427
f 429/982/428 428/981/427 427/980/424
f 430/983/429 429/984/428 427/976/424
f 426/978/426 430/983/429 427/976/424
f 430/983/429 433/985/430 429/984/428
f 430/986/429 432/987/431 431/988/432
f 431/989/432 433/985/430 430/983/429
f 430/986/429 434/990/433 432/987/431
f 426/991/426 434/990/433 430/986/429
f 435/992/434 436/993/435 434/994/433
f 428/995/427 435/992/434 434/994/433
f 434/994/433 436/993/435 432/996/431
f 437/997/436 428/995/427 434/994/433
f 426/991/426 437/998/436 434/990/433
f 425/999/423 438/1000/437 437/998/436
f 425/999/423 437/998/436 426/991/426
f 405/917/403 428/995/427 437/997/436
f 438/1001/437 405/917/403 437/997/436
f 439/1002/438 440/1003/439 438/1004/437
f 439/1002/438 438/1004/437 425/1005/423
f 440/1006/439 422/1007/421 438/1001/437
f 422/1007/421 405/917/403 438/1001/437
f 441/1008/440 442/1009/441 440/1003/439
f 441/1008/440 440/1003/439 439/1002/438
f 440/1006/439 442/1010/441 443/1011/442
f 443/1011/442 422/1007/421 440/1006/439
f 444/1012/443 443/1011/442 442/1010/441
f 444/1013/443 445/1014/444 443/1015/442
f 443/1015/442 445/1014/444 423/971/422
f 443/1015/442 423/971/422 422/970/421
f 444/1013/443 446/1016/445 445/1014/444
f 445/1017/444 446/1018/445 441/1019/440
f 423/974/422 445/1017/444 439/1020/438
f 445/1017/444 441/1019/440 439/1020/438
f 447/1021/446 448/1022/447 446/1016/445
f 447/1021/446 446/1016/445 444/1013/443
f 446/1018/445 448/1023/447 449/1024/448
f 446/1018/445 449/1024/448 441/1019/440
f 449/1024/448 448/1023/447 450/1025/449
f 452/1026/450 449/1024/448 450/1025/449
f 449/1027/448 451/1028/451 442/1009/441
f 452/1029/450 451/1030/451 449/1031/448
f 449/1027/448 442/1009/441 441/1008/440
f 453/1032/452 452/1026/450 450/1025/449
f 453/1033/452 454/1034/453 452/1029/450
f 452/1029/450 454/1034/453 451/1030/451
f 453/1033/452 456/1035/454 454/1034/453
f 455/1036/455 454/1037/453 456/1038/454
f 455/1036/455 451/1039/451 454/1037/453
f 457/1040/456 456/1038/454 459/1041/457
f 457/1040/456 455/1036/455 456/1038/454
f 458/1042/458 459/1043/457 456/1035/454
f 458/1042/458 456/1035/454 453/1033/452
f 460/1044/459 461/1045/460 459/1046/457
f 460/1044/459 459/1046/457 458/1047/458
f 462/1048/376 459/1041/457 461/1049/460
f 457/1040/456 459/1041/457 462/1048/376
f 466/1050/461 457/1040/456 462/1048/376
f 464/1051/462 462/1052/376 463/1053/463
f 463/1054/463 462/1048/376 461/1049/460
f 465/1055/464 462/1056/376 464/1057/462
f 465/1055/464 466/1058/461 462/1056/376
f 468/1059/465 457/1040/456 466/1050/461
f 467/1060/466 466/1058/461 465/1055/464
f 466/1050/461 467/1061/466 468/1059/465
f 468/1062/465 469/1063/467 457/1064/456
f 468/1062/465 392/895/392 469/1063/467
f 392/895/392 468/1062/465 389/889/388
f 397/947/396 389/946/388 468/1059/465
f 467/1061/466 397/947/396 468/1059/465
f 457/1064/456 469/1063/467 450/1065/449
f 469/1066/467 392/897/392 465/1067/464
f 465/1067/464 464/1068/462 469/1066/467
f 464/1068/462 458/1069/458 469/1066/467
f 458/1069/458 453/1032/452 469/1066/467
f 450/1025/449 469/1066/467 453/1032/452
f 467/1070/466 395/899/395 397/901/396
f 467/1060/466 465/1055/464 395/1071/395
f 395/902/395 465/1067/464 392/897/392
f 470/1072/468 460/1073/459 464/1068/462
f 464/1051/462 463/1053/463 470/1074/468
f 460/1073/459 458/1069/458 464/1068/462
f 470/1074/468 463/1053/463 473/1075/469
f 471/1076/470 460/1073/459 470/1072/468
f 470/1072/468 472/1077/471 471/1076/470
f 470/1074/468 473/1075/469 472/1078/471
f 474/1079/472 472/1078/471 473/1075/469
f 474/1079/472 473/1075/469 475/1080/473
f 476/1081/474 475/1082/473 473/1083/469
f 463/1054/463 476/1081/474 473/1083/469
f 476/1081/474 432/996/431 475/1082/473
f 471/1084/470 476/1085/474 461/1045/460
f 431/1086/432 476/1085/474 471/1084/470
f 461/1049/460 476/1081/474 463/1054/463
f 431/1086/432 432/1087/431 476/1085/474
f 474/1088/472 475/1089/473 436/1090/435
f 436/993/435 475/1082/473 432/996/431
f 474/1091/472 431/989/432 471/1076/470
f 431/989/432 474/1091/472 433/985/430
f 472/1077/471 474/1091/472 471/1076/470
f 474/1088/472 436/1090/435 433/1092/430
f 471/1084/470 461/1045/460 460/1044/459
f 457/1064/456 450/1065/449 455/1093/455
f 451/1039/451 455/1036/455 447/1094/446
f 455/1093/455 448/1095/447 447/1096/446
f 455/1093/455 450/1065/449 448/1095/447
f 447/1094/446 444/1012/443 451/1039/451
f 442/1010/441 451/1039/451 444/1012/443
f 423/974/422 439/1020/438 425/975/423
f 429/1097/428 433/1092/430 436/1090/435
f 429/1097/428 436/1090/435 435/1098/434
f 429/982/428 435/1099/434 428/981/427
f 405/917/403 404/918/404 428/995/427
f 424/979/425 428/981/427 404/1100/404
f 404/919/404 400/908/400 424/1101/425
f 393/943/393 402/945/402 398/1102/399
f 477/1103/475 390/1104/387 478/1105/476
f 477/1106/475 388/893/389 390/887/387
f 390/1104/387 481/1107/477 348/806/349
f 348/806/349 478/1105/476 390/1104/387
f 377/870/378 479/1108/478 390/1104/387
f 479/1108/478 480/1109/479 390/1104/387
f 390/1104/387 480/1109/479 481/1107/477
f 377/870/378 390/1104/387 378/871/379
f 481/1107/477 353/813/353 348/806/349
f 482/1110/480 481/1111/477 480/1112/479
f 355/818/355 353/815/353 481/1111/477
f 355/818/355 481/1111/477 482/1110/480
f 349/819/348 355/821/355 482/1113/480
f 349/819/348 482/1113/480 388/890/389
f 482/1110/480 480/1112/479 483/1114/481
f 482/1113/480 483/1115/481 388/890/389
f 483/1116/481 480/1117/479 479/1118/478
f 483/1115/481 484/1119/482 388/890/389
f 483/1116/481 479/1118/478 484/1120/482
f 388/890/389 484/1119/482 385/891/390
f 479/1118/478 385/1121/390 484/1120/482
f 385/1121/390 479/1118/478 377/1122/378
f 485/1123/483 478/1124/476 348/804/349
f 485/1125/483 486/1126/484 478/1127/476
f 486/1128/484 477/1103/475 478/1105/476
f 486/1128/484 488/1129/485 487/1130/486
f 487/1130/486 477/1103/475 486/1128/484
f 489/1131/487 488/1132/485 486/1126/484
f 485/1125/483 489/1131/487 486/1126/484
f 489/1133/487 485/1134/483 491/1135/488
f 491/1135/488 490/1136/489 489/1133/487
f 490/1136/489 492/1137/490 489/1133/487
f 489/1131/487 492/1138/490 488/1132/485
f 490/1136/489 494/1139/491 492/1137/490
f 493/1140/492 488/1141/485 492/1142/490
f 493/1140/492 492/1142/490 494/1143/491
f 495/1144/493 493/1140/492 494/1143/491
f 495/1144/493 494/1143/491 496/1145/494
f 496/1146/494 494/1139/491 342/1147/343
f 497/1148/495 342/1147/343 494/1139/491
f 490/1136/489 497/1148/495 494/1139/491
f 341/1149/341 342/1150/343 497/1151/495
f 341/1149/341 497/1151/495 498/1152/496
f 498/1152/496 497/1151/495 490/1153/489
f 341/793/341 498/1154/496 493/1155/492
f 498/1154/496 487/1130/486 493/1155/492
f 498/1152/496 490/1153/489 487/1156/486
f 351/1157/352 496/1146/494 342/1147/343
f 351/810/352 495/1158/493 496/1159/494
f 351/810/352 346/812/342 495/1158/493
f 341/793/341 495/1160/493 346/794/342
f 493/1155/492 495/1160/493 341/793/341
f 487/1130/486 488/1129/485 493/1155/492
f 487/1161/486 490/1162/489 491/1163/488
f 487/1161/486 491/1163/488 477/1106/475
f 485/1134/483 388/890/389 491/1135/488
f 477/1106/475 491/1163/488 388/893/389
f 485/1134/483 349/819/348 388/890/389
f 485/1123/483 348/804/349 349/803/348
f 386/1164/391 377/1122/378 376/1165/377
f 386/1164/391 376/1165/377 499/1166/497
f 386/892/391 499/1167/497 375/879/375
f 385/1121/390 377/1122/378 386/1164/391
f 499/1168/497 376/1169/377 370/1170/371
f 499/1167/497 371/851/370 375/879/375
f 499/1168/497 370/1170/371 371/1171/370
f 371/851/370 368/850/367 375/879/375
f 351/1157/352 344/825/344 350/824/351
f 342/1147/343 344/825/344 351/1157/352
f 503/1172/498 501/1173/499 500/1174/500
f 501/1173/499 502/1175/501 500/1174/500
f 505/1176/398 500/1177/500 502/1178/501
f 503/1172/498 500/1174/500 504/1179/502
f 504/1180/502 500/1177/500 507/1181/503
f 500/1177/500 505/1176/398 506/1182/504
f 506/1182/504 507/1181/503 500/1177/500
f 508/1183/505 507/1184/503 506/1185/504
f 509/1186/494 507/1184/503 508/1183/505
f 509/1187/494 504/1180/502 507/1181/503
f 509/1186/494 508/1183/505 510/1188/506
f 504/1180/502 509/1187/494 511/1189/507
f 510/1190/506 511/1191/507 509/1192/494
f 512/1193/495 504/1180/502 511/1189/507
f 513/1194/508 512/1193/495 511/1189/507
f 511/1189/507 514/1195/490 513/1194/508
f 515/1196/485 514/1197/490 511/1191/507
f 515/1196/485 511/1191/507 516/1198/509
f 510/1190/506 516/1198/509 511/1191/507
f 503/1199/498 516/1200/509 510/1201/506
f 503/1199/498 517/1202/496 516/1200/509
f 517/1202/496 518/1203/486 516/1200/509
f 515/1204/485 516/1200/509 518/1203/486
f 518/1205/486 517/1206/496 512/1207/495
f 518/1205/486 512/1207/495 513/1208/508
f 518/1203/486 519/1209/510 520/1210/511
f 519/1211/510 518/1212/486 513/1213/508
f 520/1210/511 515/1204/485 518/1203/486
f 522/1214/512 520/1210/511 519/1209/510
f 520/1215/511 521/1216/513 514/1217/490
f 520/1215/511 514/1217/490 515/1218/485
f 522/1219/512 521/1216/513 520/1215/511
f 524/1220/514 523/1221/515 522/1222/512
f 522/1219/512 523/1223/515 521/1216/513
f 524/1220/514 522/1222/512 525/1224/349
f 525/1225/349 522/1214/512 526/1226/516
f 526/1226/516 522/1214/512 519/1209/510
f 526/1227/516 519/1211/510 527/1228/488
f 526/1227/516 527/1228/488 533/1229/517
f 526/1226/516 528/1230/518 532/1231/519
f 528/1232/518 526/1227/516 533/1229/517
f 529/1233/520 525/1225/349 526/1226/516
f 530/1234/521 529/1233/520 526/1226/516
f 531/1235/522 530/1234/521 526/1226/516
f 531/1235/522 526/1226/516 532/1231/519
f 533/1236/517 527/1237/488 523/1238/515
f 538/1239/523 533/1236/517 524/1240/514
f 533/1236/517 523/1238/515 524/1240/514
f 533/1236/517 536/1241/524 534/1242/525
f 534/1242/525 535/1243/526 533/1236/517
f 537/1244/527 533/1236/517 535/1243/526
f 538/1239/523 536/1241/524 533/1236/517
f 533/1229/517 537/1245/527 528/1232/518
f 540/1246/528 538/1239/523 524/1240/514
f 536/1247/524 538/1248/523 529/1249/520
f 539/1250/529 529/1249/520 538/1248/523
f 539/1250/529 538/1248/523 540/1251/528
f 542/1252/530 539/1250/529 540/1251/528
f 541/1253/531 540/1246/528 524/1240/514
f 541/1254/531 542/1252/530 540/1251/528
f 539/1255/529 542/1256/530 525/1225/349
f 542/1252/530 541/1254/531 505/1257/398
f 542/1252/530 505/1257/398 543/1258/346
f 544/1259/532 542/1256/530 543/1260/346
f 544/1259/532 525/1225/349 542/1256/530
f 506/1261/504 525/1224/349 544/1262/532
f 508/1183/505 506/1185/504 544/1263/532
f 501/1264/499 508/1265/505 544/1259/532
f 501/1264/499 544/1259/532 543/1260/346
f 543/1260/346 545/1266/533 546/1267/534
f 543/1268/346 547/1269/535 545/1270/533
f 543/1268/346 505/1271/398 547/1269/535
f 546/1267/534 501/1264/499 543/1260/346
f 502/1178/501 548/1272/360 547/1273/535
f 548/1272/360 552/1274/536 547/1273/535
f 547/1273/535 505/1176/398 502/1178/501
f 547/1273/535 549/1275/537 550/1276/538
f 547/1273/535 553/1277/539 549/1275/537
f 551/1278/540 547/1269/535 550/1279/538
f 551/1278/540 545/1270/533 547/1269/535
f 547/1273/535 552/1274/536 553/1277/539
f 552/1274/536 554/1280/541 553/1277/539
f 556/1281/542 553/1282/539 554/1283/541
f 556/1281/542 555/1284/543 553/1282/539
f 557/1285/373 553/1286/539 555/1287/543
f 557/1285/373 549/1288/537 553/1286/539
f 558/1289/544 549/1290/537 557/1291/373
f 558/1289/544 557/1291/373 559/1292/545
f 559/1293/545 557/1294/373 560/1295/546
f 557/1294/373 555/1296/543 551/1297/540
f 551/1297/540 560/1295/546 557/1294/373
f 560/1295/546 561/1298/547 559/1293/545
f 550/1299/538 561/1300/547 560/1301/546
f 550/1279/538 560/1302/546 551/1278/540
f 561/1298/547 563/1303/548 559/1293/545
f 550/1299/538 562/1304/549 561/1300/547
f 563/1305/548 561/1306/547 562/1307/549
f 563/1305/548 562/1307/549 535/1308/526
f 528/1230/518 559/1293/545 563/1303/548
f 532/1231/519 528/1230/518 563/1303/548
f 532/1309/519 563/1305/548 535/1308/526
f 535/1243/526 562/1310/549 558/1311/544
f 562/1310/549 550/1276/538 558/1311/544
f 559/1292/545 564/1312/550 558/1289/544
f 528/1230/518 565/1313/551 559/1293/545
f 559/1292/545 565/1314/551 564/1312/550
f 528/1230/518 566/1315/552 565/1313/551
f 566/1316/552 564/1317/550 565/1318/551
f 566/1316/552 567/1319/553 564/1317/550
f 568/1320/384 567/1319/553 566/1316/552
f 528/1230/518 569/1321/554 566/1315/552
f 568/1320/384 566/1316/552 569/1322/554
f 570/1323/417 568/1320/384 569/1322/554
f 528/1230/518 571/1324/555 569/1321/554
f 570/1325/417 569/1321/554 571/1324/555
f 572/1326/556 552/1327/536 571/1328/555
f 573/1329/557 572/1326/556 571/1328/555
f 571/1328/555 574/1330/558 573/1329/557
f 528/1230/518 574/1331/558 571/1324/555
f 552/1327/536 575/1332/559 571/1328/555
f 571/1324/555 575/1333/559 576/1334/560
f 576/1334/560 570/1325/417 571/1324/555
f 576/1334/560 575/1333/559 556/1335/542
f 576/1336/560 578/1337/561 577/1338/562
f 576/1336/560 577/1338/562 570/1339/417
f 554/1283/541 578/1337/561 576/1336/560
f 554/1283/541 576/1336/560 556/1281/542
f 572/1340/556 577/1341/562 578/1342/561
f 572/1340/556 578/1342/561 552/1274/536
f 552/1274/536 578/1342/561 554/1280/541
f 570/1323/417 577/1343/562 568/1320/384
f 568/1344/384 577/1341/562 572/1340/556
f 575/1333/559 579/1345/563 545/1266/533
f 579/1346/563 575/1332/559 552/1327/536
f 545/1266/533 555/1296/543 575/1333/559
f 556/1335/542 575/1333/559 555/1296/543
f 546/1347/534 579/1346/563 548/1348/360
f 579/1346/563 552/1327/536 548/1348/360
f 579/1345/563 546/1267/534 545/1266/533
f 528/1230/518 583/1349/564 574/1331/558
f 574/1331/558 581/1350/565 580/1351/408
f 584/1352/566 574/1331/558 580/1351/408
f 582/1353/567 581/1350/565 574/1331/558
f 582/1353/567 574/1331/558 583/1349/564
f 574/1330/558 584/1354/566 573/1329/557
f 584/1354/566 587/1355/406 573/1329/557
f 584/1354/566 586/1356/403 585/1357/420
f 584/1354/566 585/1357/420 587/1355/406
f 586/1358/403 584/1352/566 589/1359/568
f 580/1351/408 588/1360/569 584/1352/566
f 584/1352/566 588/1360/569 589/1359/568
f 589/1361/568 592/1362/364 590/1363/570
f 589/1361/568 590/1363/570 591/1364/404
f 589/1359/568 591/1365/404 586/1358/403
f 593/1366/571 592/1362/364 589/1361/568
f 593/1366/571 589/1361/568 594/1367/572
f 589/1359/568 588/1360/569 594/1368/572
f 595/1369/573 593/1370/571 594/1371/572
f 595/1369/573 594/1371/572 596/1372/350
f 594/1368/572 588/1360/569 596/1373/350
f 596/1372/350 597/1374/574 598/1375/575
f 597/1376/574 596/1373/350 599/1377/465
f 598/1375/575 595/1369/573 596/1372/350
f 588/1360/569 582/1353/567 596/1373/350
f 582/1353/567 583/1349/564 596/1373/350
f 583/1349/564 599/1377/465 596/1373/350
f 599/1378/465 583/1379/564 600/1380/576
f 600/1380/576 601/1381/577 599/1378/465
f 602/1382/578 599/1378/465 601/1381/577
f 599/1377/465 602/1383/578 603/1384/461
f 603/1384/461 597/1376/574 599/1377/465
f 602/1383/578 604/1385/579 603/1384/461
f 605/1386/580 603/1387/461 604/1388/579
f 605/1386/580 607/1389/581 603/1387/461
f 603/1387/461 606/1390/395 597/1391/574
f 603/1387/461 607/1389/581 606/1390/395
f 607/1392/581 605/1393/580 608/1394/582
f 601/1395/577 606/1396/395 607/1392/581
f 608/1394/582 601/1395/577 607/1392/581
f 602/1382/578 601/1381/577 608/1397/582
f 609/1398/583 602/1382/578 608/1397/582
f 609/1398/583 608/1397/582 610/1399/584
f 610/1400/584 608/1394/582 611/1401/585
f 611/1401/585 608/1394/582 612/1402/586
f 612/1402/586 608/1394/582 605/1393/580
f 611/1403/585 612/1404/586 613/1405/587
f 614/1406/588 613/1407/587 612/1408/586
f 614/1406/588 612/1408/586 615/1409/589
f 615/1410/589 612/1402/586 605/1393/580
f 615/1409/589 618/1411/590 614/1406/588
f 615/1409/589 616/1412/591 618/1411/590
f 616/1413/591 615/1410/589 617/1414/592
f 615/1410/589 605/1393/580 617/1414/592
f 619/1415/593 622/1416/594 618/1417/590
f 618/1417/590 621/1418/431 619/1415/593
f 618/1417/590 620/1419/595 614/1420/588
f 622/1416/594 620/1419/595 618/1417/590
f 616/1412/591 621/1421/431 618/1411/590
f 619/1422/593 623/1423/596 622/1424/594
f 620/1425/595 622/1424/594 623/1423/596
f 619/1422/593 624/1426/472 623/1423/596
f 623/1427/596 624/1428/472 616/1413/591
f 620/1425/595 623/1423/596 617/1429/592
f 617/1414/592 623/1427/596 616/1413/591
f 626/1430/597 624/1431/472 619/1432/593
f 624/1428/472 625/1433/598 616/1413/591
f 624/1428/472 626/1434/597 625/1433/598
f 627/1435/599 628/1436/600 626/1430/597
f 627/1435/599 626/1430/597 629/1437/435
f 626/1434/597 628/1438/600 630/1439/429
f 626/1430/597 619/1432/593 629/1437/435
f 630/1439/429 625/1433/598 626/1434/597
f 628/1438/600 632/1440/601 630/1439/429
f 625/1441/598 630/1442/429 631/1443/602
f 630/1442/429 633/1444/603 631/1443/602
f 632/1440/601 634/1445/604 630/1439/429
f 630/1442/429 634/1446/604 633/1444/603
f 635/1447/605 633/1444/603 634/1446/604
f 635/1447/605 634/1446/604 636/1448/606
f 632/1440/601 585/1449/420 634/1445/604
f 585/1449/420 636/1450/606 634/1445/604
f 636/1451/606 638/1452/607 637/1453/608
f 636/1451/606 637/1453/608 635/1454/605
f 639/1455/609 638/1456/607 636/1450/606
f 585/1449/420 639/1455/609 636/1450/606
f 639/1455/609 640/1457/610 638/1456/607
f 641/1458/611 640/1459/610 639/1460/609
f 586/1461/403 641/1458/611 639/1460/609
f 586/1461/403 639/1460/609 585/1462/420
f 641/1458/611 642/1463/612 640/1459/610
f 642/1464/612 641/1465/611 637/1466/608
f 637/1466/608 641/1465/611 635/1467/605
f 641/1465/611 586/1358/403 635/1467/605
f 642/1463/612 644/1468/443 643/1469/613
f 642/1463/612 643/1469/613 640/1459/610
f 645/1470/614 644/1471/443 642/1464/612
f 637/1466/608 645/1470/614 642/1464/612
f 638/1452/607 646/1472/615 645/1473/614
f 638/1452/607 645/1473/614 637/1453/608
f 646/1472/615 647/1474/616 645/1473/614
f 644/1471/443 645/1470/614 647/1475/616
f 609/1476/583 647/1475/616 650/1477/617
f 609/1476/583 648/1478/618 647/1475/616
f 644/1471/443 647/1475/616 648/1478/618
f 646/1472/615 649/1479/619 647/1474/616
f 649/1480/619 650/1481/617 647/1482/616
f 649/1480/619 651/1483/620 650/1481/617
f 651/1483/620 652/1484/621 650/1481/617
f 609/1476/583 650/1477/617 652/1485/621
f 602/1383/578 609/1476/583 652/1485/621
f 651/1483/620 611/1403/585 652/1484/621
f 611/1403/585 613/1405/587 652/1484/621
f 602/1383/578 652/1485/621 613/1486/587
f 611/1401/585 651/1487/620 610/1400/584
f 651/1487/620 649/1488/619 610/1400/584
f 653/1489/622 610/1400/584 649/1488/619
f 643/1490/613 653/1489/622 649/1488/619
f 646/1491/615 643/1490/613 649/1488/619
f 648/1492/618 610/1399/584 653/1493/622
f 644/1468/443 648/1494/618 653/1495/622
f 644/1468/443 653/1495/622 643/1469/613
f 648/1492/618 609/1398/583 610/1399/584
f 640/1457/610 643/1490/613 646/1491/615
f 640/1457/610 646/1491/615 638/1456/607
f 633/1496/603 635/1467/605 586/1358/403
f 631/1497/602 633/1496/603 654/1498/623
f 654/1498/623 633/1496/603 586/1358/403
f 591/1365/404 654/1498/623 586/1358/403
f 591/1499/404 632/1500/601 654/1501/623
f 627/1502/599 654/1501/623 632/1500/601
f 627/1503/599 631/1497/602 654/1498/623
f 632/1440/601 590/1504/570 585/1449/420
f 591/1499/404 590/1505/570 632/1500/601
f 627/1502/599 632/1500/601 628/1506/600
f 627/1503/599 629/1507/435 631/1497/602
f 621/1418/431 631/1497/602 629/1507/435
f 625/1441/598 631/1443/602 621/1508/431
f 621/1418/431 629/1507/435 619/1415/593
f 616/1412/591 625/1509/598 621/1421/431
f 604/1510/579 620/1425/595 617/1429/592
f 620/1419/595 604/1385/579 614/1420/588
f 604/1510/579 617/1429/592 605/1511/580
f 613/1486/587 614/1420/588 604/1385/579
f 602/1383/578 613/1486/587 604/1385/579
f 597/1374/574 606/1512/395 598/1375/575
f 601/1395/577 598/1513/575 606/1396/395
f 601/1395/577 600/1514/576 598/1513/575
f 573/1515/557 600/1514/576 537/1244/527
f 537/1245/527 600/1380/576 528/1232/518
f 583/1379/564 528/1232/518 600/1380/576
f 598/1513/575 600/1514/576 655/1516/393
f 600/1514/576 573/1515/557 655/1516/393
f 595/1517/573 655/1516/393 656/1518/624
f 656/1519/624 655/1520/393 582/1521/567
f 595/1517/573 598/1513/575 655/1516/393
f 582/1522/567 655/1523/393 657/1524/625
f 573/1515/557 657/1525/625 655/1516/393
f 658/1526/626 657/1525/625 573/1515/557
f 581/1527/565 582/1522/567 657/1524/625
f 658/1528/626 581/1527/565 657/1524/625
f 658/1529/626 580/1530/408 581/1531/565
f 658/1529/626 659/1532/627 580/1530/408
f 658/1526/626 573/1515/557 659/1533/627
f 573/1515/557 587/1534/406 659/1533/627
f 656/1518/624 659/1533/627 587/1534/406
f 659/1535/627 588/1536/569 580/1537/408
f 659/1535/627 656/1538/624 588/1536/569
f 656/1519/624 582/1521/567 588/1539/569
f 593/1540/571 595/1517/573 656/1518/624
f 656/1518/624 587/1534/406 592/1541/364
f 593/1540/571 656/1518/624 592/1541/364
f 590/1504/570 592/1541/364 585/1449/420
f 587/1534/406 585/1449/420 592/1541/364
f 573/1515/557 537/1244/527 572/1340/556
f 568/1344/384 572/1340/556 537/1244/527
f 567/1542/553 568/1344/384 537/1244/527
f 564/1543/550 567/1542/553 537/1244/527
f 537/1244/527 558/1311/544 564/1543/550
f 549/1275/537 558/1311/544 550/1276/538
f 535/1243/526 558/1311/544 537/1244/527
f 555/1296/543 545/1266/533 551/1297/540
f 546/1347/534 548/1348/360 502/1175/501
f 501/1173/499 546/1347/534 502/1175/501
f 505/1176/398 541/1253/531 506/1182/504
f 541/1253/531 524/1240/514 506/1182/504
f 539/1255/529 525/1225/349 529/1233/520
f 534/1544/525 536/1545/524 530/1546/521
f 536/1247/524 529/1249/520 530/1547/521
f 532/1309/519 535/1308/526 534/1544/525
f 534/1544/525 531/1548/522 532/1309/519
f 534/1544/525 530/1546/521 531/1548/522
f 527/1237/488 513/1194/508 521/1549/513
f 519/1211/510 513/1213/508 527/1228/488
f 527/1237/488 521/1549/513 523/1238/515
f 506/1261/504 524/1220/514 525/1224/349
f 513/1194/508 514/1195/490 521/1549/513
f 517/1206/496 503/1550/498 504/1551/502
f 517/1206/496 504/1551/502 512/1207/495
f 503/1199/498 510/1201/506 508/1265/505
f 501/1264/499 503/1199/498 508/1265/505
f 664/1552/628 660/1553/629 661/1554/630
f 661/1555/630 660/1556/629 662/1557/631
f 660/1556/629 663/1558/632 662/1557/631
f 663/1559/632 660/1553/629 664/1552/628
f 664/1560/628 665/1561/633 669/1562/634
f 664/1552/628 661/1554/630 665/1563/633
f 663/1559/632 664/1552/628 666/1564/635
f 666/1565/635 664/1560/628 668/1566/636
f 669/1562/634 667/1567/637 664/1560/628
f 667/1567/637 668/1566/636 664/1560/628
f 665/1563/633 670/1568/638 669/1569/634
f 669/1569/634 670/1568/638 672/1570/639
f 669/1562/634 671/1571/640 674/1572/641
f 669/1569/634 672/1570/639 671/1573/640
f 674/1572/641 673/1574/642 669/1562/634
f 673/1574/642 667/1567/637 669/1562/634
f 675/1575/643 674/1572/641 671/1571/640
f 675/1576/643 676/1577/644 674/1578/641
f 674/1578/641 676/1577/644 678/1579/645
f 674/1572/641 677/1580/646 673/1574/642
f 674/1578/641 678/1579/645 677/1581/646
f 678/1582/645 676/1583/644 662/1557/631
f 673/1584/642 677/1585/646 678/1586/645
f 673/1584/642 678/1586/645 679/1587/647
f 679/1588/647 678/1582/645 662/1557/631
f 679/1587/647 667/1589/637 673/1584/642
f 679/1587/647 662/1590/631 667/1589/637
f 675/1576/643 680/1591/648 676/1577/644
f 676/1583/644 680/1592/648 672/1593/639
f 676/1583/644 661/1555/630 662/1557/631
f 670/1594/638 661/1555/630 676/1583/644
f 672/1593/639 670/1594/638 676/1583/644
f 671/1595/640 672/1596/639 680/1591/648
f 671/1595/640 680/1591/648 675/1576/643
f 665/1563/633 661/1554/630 670/1568/638
f 681/1597/649 668/1598/636 667/1589/637
f 668/1598/636 681/1597/649 683/1599/650
f 668/1566/636 682/1600/651 666/1565/635
f 668/1598/636 683/1599/650 682/1601/651
f 681/1602/649 663/1558/632 683/1603/650
f 682/1601/651 683/1599/650 684/1604/652
f 663/1558/632 686/1605/653 683/1603/650
f 683/1603/650 685/1606/654 684/1607/652
f 687/1608/655 685/1606/654 683/1603/650
f 686/1605/653 687/1608/655 683/1603/650
f 688/1609/656 685/1610/654 687/1611/655
f 688/1609/656 687/1611/655 689/1612/657
f 689/1612/657 687/1611/655 686/1613/653
f 688/1614/656 689/1615/657 691/1616/658
f 689/1615/657 690/1617/659 691/1616/658
f 689/1612/657 686/1613/653 690/1618/659
f 691/1616/658 692/1619/660 688/1614/656
f 695/1620/661 691/1616/658 690/1617/659
f 693/1621/662 692/1622/660 691/1623/658
f 693/1621/662 691/1623/658 694/1624/663
f 694/1624/663 691/1623/658 695/1625/661
f 696/1626/664 695/1620/661 690/1617/659
f 698/1627/665 695/1620/661 696/1626/664
f 694/1624/663 695/1625/661 697/1628/666
f 697/1628/666 695/1625/661 698/1629/665
f 697/1628/666 698/1629/665 699/1630/667
f 698/1631/665 700/1632/668 699/1633/667
f 698/1631/665 702/1634/669 700/1632/668
f 696/1626/664 701/1635/670 698/1627/665
f 701/1635/670 702/1636/669 698/1627/665
f 701/1635/670 703/1637/671 702/1636/669
f 702/1634/669 703/1638/671 704/1639/672
f 702/1634/669 704/1639/672 700/1632/668
f 704/1640/672 699/1641/667 700/1642/668
f 704/1640/672 705/1643/673 706/1644/674
f 704/1639/672 707/1645/675 705/1646/673
f 704/1640/672 706/1644/674 699/1641/667
f 704/1639/672 703/1638/671 707/1645/675
f 707/1647/675 708/1648/676 709/1649/677
f 707/1647/675 703/1637/671 708/1648/676
f 710/1650/678 707/1647/675 709/1649/677
f 705/1651/673 707/1652/675 710/1653/678
f 705/1651/673 710/1653/678 706/1654/674
f 710/1653/678 711/1655/679 706/1654/674
f 710/1653/678 712/1656/680 711/1655/679
f 712/1657/680 710/1650/678 713/1658/681
f 710/1650/678 709/1649/677 713/1658/681
f 709/1659/677 714/1660/682 713/1661/681
f 714/1660/682 715/1662/683 713/1661/681
f 712/1657/680 713/1658/681 715/1663/683
f 714/1660/682 716/1664/684 715/1662/683
f 715/1662/683 716/1664/684 717/1665/685
f 715/1662/683 717/1665/685 718/1666/686
f 712/1657/680 715/1663/683 718/1667/686
f 717/1668/685 719/1669/687 718/1670/686
f 720/1671/688 718/1667/686 719/1672/687
f 720/1671/688 721/1673/689 718/1667/686
f 721/1673/689 712/1657/680 718/1667/686
f 711/1655/679 712/1656/680 721/1674/689
f 711/1655/679 721/1674/689 722/1675/690
f 721/1676/689 723/1677/691 722/1678/690
f 721/1676/689 720/1679/688 723/1677/691
f 720/1679/688 724/1680/692 723/1677/691
f 722/1681/690 723/1682/691 694/1683/663
f 693/1684/662 723/1682/691 724/1685/692
f 693/1684/662 694/1683/663 723/1682/691
f 725/1686/693 693/1687/662 724/1680/692
f 720/1679/688 725/1686/693 724/1680/692
f 725/1688/693 719/1672/687 726/1689/694
f 726/1689/694 688/1614/656 725/1688/693
f 692/1619/660 725/1688/693 688/1614/656
f 725/1688/693 720/1671/688 719/1672/687
f 725/1686/693 692/1690/660 693/1687/662
f 726/1691/694 685/1692/654 688/1693/656
f 727/1694/695 728/1695/696 726/1691/694
f 727/1694/695 726/1691/694 719/1669/687
f 726/1691/694 728/1695/696 685/1692/654
f 684/1607/652 728/1696/696 727/1697/695
f 684/1607/652 685/1606/654 728/1696/696
f 729/1698/697 684/1607/652 727/1697/695
f 717/1699/685 729/1698/697 727/1697/695
f 717/1668/685 727/1694/695 719/1669/687
f 730/1700/698 684/1604/652 729/1701/697
f 730/1700/698 729/1701/697 731/1702/699
f 732/1703/700 729/1698/697 717/1699/685
f 731/1704/699 729/1705/697 732/1706/700
f 731/1704/699 732/1706/700 733/1707/701
f 733/1707/701 732/1706/700 734/1708/702
f 716/1709/684 734/1710/702 732/1703/700
f 717/1699/685 716/1709/684 732/1703/700
f 733/1707/701 734/1708/702 735/1711/703
f 735/1711/703 734/1708/702 736/1712/704
f 736/1713/704 734/1710/702 714/1714/682
f 734/1710/702 716/1709/684 714/1714/682
f 735/1711/703 736/1712/704 737/1715/705
f 737/1716/705 736/1717/704 740/1718/706
f 738/1719/707 739/1720/708 736/1713/704
f 736/1713/704 714/1714/682 738/1719/707
f 739/1720/708 740/1721/706 736/1713/704
f 737/1716/705 740/1718/706 741/1722/709
f 666/1564/635 741/1722/709 740/1718/706
f 666/1564/635 740/1718/706 663/1559/632
f 740/1721/706 743/1723/710 663/1558/632
f 739/1720/708 742/1724/711 740/1721/706
f 742/1724/711 743/1723/710 740/1721/706
f 690/1618/659 686/1613/653 743/1725/710
f 690/1618/659 743/1725/710 696/1726/664
f 743/1727/710 701/1728/670 696/1729/664
f 743/1727/710 742/1730/711 701/1728/670
f 663/1558/632 743/1723/710 686/1605/653
f 742/1730/711 708/1731/676 701/1728/670
f 742/1730/711 739/1732/708 708/1731/676
f 737/1733/705 741/1734/709 744/1735/712
f 741/1734/709 666/1565/635 745/1736/713
f 741/1734/709 746/1737/714 744/1735/712
f 741/1734/709 745/1736/713 746/1737/714
f 747/1738/715 748/1739/716 746/1740/714
f 747/1738/715 746/1740/714 745/1741/713
f 748/1739/716 744/1742/712 746/1740/714
f 747/1738/715 751/1743/717 748/1739/716
f 748/1739/716 749/1744/718 744/1742/712
f 748/1739/716 750/1745/719 749/1744/718
f 748/1739/716 751/1743/717 750/1745/719
f 747/1738/715 752/1746/720 751/1743/717
f 750/1747/719 751/1748/717 753/1749/721
f 751/1748/717 752/1750/720 753/1749/721
f 753/1749/721 754/1751/722 750/1747/719
f 755/1752/723 754/1753/722 753/1754/721
f 756/1755/724 755/1752/723 753/1754/721
f 756/1756/724 753/1749/721 752/1750/720
f 758/1757/725 757/1758/726 756/1756/724
f 756/1756/724 757/1758/726 761/1759/727
f 752/1750/720 758/1757/725 756/1756/724
f 759/1760/728 756/1756/724 760/1761/729
f 763/1762/730 756/1755/724 759/1763/728
f 762/1764/731 760/1761/729 756/1756/724
f 761/1759/727 762/1764/731 756/1756/724
f 756/1755/724 763/1762/730 755/1752/723
f 763/1762/730 759/1763/728 766/1765/732
f 763/1766/730 764/1767/733 767/1768/734
f 765/1769/735 764/1767/733 763/1766/730
f 765/1769/735 763/1766/730 766/1770/732
f 755/1771/723 763/1766/730 768/1772/736
f 767/1768/734 768/1772/736 763/1766/730
f 769/1773/737 755/1771/723 768/1772/736
f 768/1774/736 771/1775/738 769/1776/737
f 770/1777/739 768/1778/736 767/1779/734
f 770/1777/739 772/1780/740 768/1778/736
f 768/1774/736 772/1781/740 771/1775/738
f 770/1782/739 773/1783/741 772/1784/740
f 773/1783/741 774/1785/742 772/1784/740
f 774/1785/742 771/1786/738 772/1784/740
f 773/1787/741 775/1788/743 774/1789/742
f 774/1789/742 775/1788/743 777/1790/744
f 771/1786/738 774/1785/742 776/1791/745
f 774/1789/742 777/1790/744 776/1792/745
f 777/1790/744 778/1793/746 781/1794/747
f 777/1795/744 779/1796/748 778/1797/746
f 777/1795/744 780/1798/749 779/1796/748
f 777/1795/744 775/1799/743 780/1798/749
f 777/1790/744 781/1794/747 776/1792/745
f 782/1800/750 784/1801/751 781/1802/747
f 781/1802/747 783/1803/752 782/1800/750
f 776/1791/745 781/1802/747 784/1801/751
f 778/1804/746 783/1805/752 781/1806/747
f 787/1807/753 784/1808/751 785/1809/754
f 784/1810/751 786/1811/755 785/1812/754
f 784/1810/751 782/1813/750 786/1811/755
f 784/1801/751 787/1814/753 776/1791/745
f 769/1776/737 771/1775/738 787/1807/753
f 769/1776/737 787/1807/753 788/1815/756
f 787/1807/753 785/1809/754 788/1815/756
f 771/1786/738 776/1791/745 787/1814/753
f 755/1771/723 769/1773/737 788/1816/756
f 789/1817/757 788/1816/756 785/1818/754
f 755/1771/723 788/1816/756 789/1817/757
f 789/1819/757 790/1820/758 791/1821/759
f 786/1822/755 790/1823/758 789/1817/757
f 755/1752/723 789/1824/757 754/1753/722
f 789/1819/757 791/1821/759 754/1825/722
f 785/1818/754 786/1822/755 789/1817/757
f 791/1826/759 792/1827/760 794/1828/761
f 790/1820/758 792/1829/760 791/1821/759
f 754/1751/722 791/1826/759 793/1830/762
f 793/1830/762 791/1826/759 794/1828/761
f 792/1827/760 796/1831/763 794/1828/761
f 797/1832/764 795/1833/765 794/1834/761
f 795/1833/765 793/1835/762 794/1834/761
f 797/1832/764 794/1834/761 796/1836/763
f 797/1832/764 800/1837/766 795/1833/765
f 799/1838/767 798/1839/768 797/1832/764
f 801/1840/769 797/1832/764 798/1839/768
f 799/1838/767 797/1832/764 796/1836/763
f 797/1832/764 802/1841/770 800/1837/766
f 801/1840/769 802/1841/770 797/1832/764
f 800/1842/766 802/1843/770 733/1844/701
f 733/1844/701 802/1843/770 801/1845/769
f 803/1846/771 731/1847/699 801/1845/769
f 731/1847/699 733/1844/701 801/1845/769
f 803/1848/771 801/1849/769 798/1850/768
f 730/1851/698 803/1846/771 806/1852/772
f 730/1851/698 731/1847/699 803/1846/771
f 803/1848/771 798/1850/768 805/1853/773
f 804/1854/774 806/1855/772 803/1848/771
f 804/1854/774 803/1848/771 805/1853/773
f 806/1852/772 807/1856/775 682/1600/651
f 806/1855/772 808/1857/776 807/1858/775
f 682/1600/651 730/1851/698 806/1852/772
f 806/1855/772 804/1854/774 808/1857/776
f 757/1859/726 811/1860/777 808/1861/776
f 757/1859/726 808/1861/776 809/1862/778
f 808/1857/776 812/1863/779 809/1864/778
f 810/1865/780 807/1866/775 808/1861/776
f 810/1865/780 808/1861/776 811/1860/777
f 808/1857/776 804/1854/774 812/1863/779
f 809/1867/778 812/1868/779 761/1759/727
f 804/1854/774 814/1869/781 812/1863/779
f 814/1870/781 813/1871/782 812/1868/779
f 813/1871/782 761/1759/727 812/1868/779
f 815/1872/783 813/1871/782 814/1870/781
f 804/1854/774 805/1853/773 814/1869/781
f 798/1850/768 814/1869/781 805/1853/773
f 799/1873/767 815/1872/783 814/1870/781
f 798/1850/768 799/1874/767 814/1869/781
f 816/1875/784 813/1876/782 815/1877/783
f 817/1878/785 816/1879/784 815/1880/783
f 817/1878/785 815/1880/783 792/1829/760
f 792/1827/760 815/1872/783 799/1873/767
f 816/1881/784 817/1882/785 818/1883/786
f 817/1882/785 819/1884/787 818/1883/786
f 817/1882/785 790/1823/758 819/1884/787
f 790/1820/758 817/1878/785 792/1829/760
f 790/1823/758 786/1822/755 819/1884/787
f 786/1811/755 820/1885/788 819/1886/787
f 820/1885/788 818/1887/786 819/1886/787
f 786/1811/755 782/1813/750 820/1885/788
f 820/1888/788 782/1800/750 783/1803/752
f 783/1803/752 821/1889/789 820/1888/788
f 821/1889/789 822/1890/790 820/1888/788
f 820/1888/788 822/1890/790 823/1891/791
f 820/1885/788 823/1892/791 818/1887/786
f 824/1893/792 823/1891/791 825/1894/793
f 818/1895/786 823/1896/791 824/1897/792
f 822/1890/790 825/1894/793 823/1891/791
f 822/1898/790 826/1899/794 825/1900/793
f 825/1900/793 826/1899/794 828/1901/795
f 825/1894/793 827/1902/796 829/1903/797
f 825/1900/793 828/1901/795 827/1904/796
f 825/1894/793 829/1903/797 824/1893/792
f 833/1905/798 829/1906/797 830/1907/799
f 829/1906/797 831/1908/800 830/1907/799
f 829/1906/797 832/1909/801 831/1908/800
f 833/1905/798 824/1897/792 829/1906/797
f 827/1902/796 832/1910/801 829/1903/797
f 818/1883/786 833/1911/798 816/1881/784
f 834/1912/802 816/1881/784 833/1911/798
f 833/1911/798 830/1913/799 834/1912/802
f 818/1895/786 824/1897/792 833/1905/798
f 834/1914/802 764/1915/733 761/1916/727
f 764/1767/733 834/1912/802 831/1917/800
f 834/1914/802 761/1916/727 813/1876/782
f 816/1875/784 834/1914/802 813/1876/782
f 834/1912/802 830/1913/799 831/1917/800
f 832/1918/801 835/1919/803 831/1920/800
f 832/1918/801 836/1921/804 835/1919/803
f 837/1922/805 836/1923/804 832/1910/801
f 827/1902/796 837/1922/805 832/1910/801
f 837/1922/805 839/1924/806 836/1923/804
f 827/1904/796 838/1925/807 837/1926/805
f 838/1927/807 839/1928/806 837/1929/805
f 839/1924/806 841/1930/808 836/1923/804
f 838/1927/807 840/1931/809 839/1928/806
f 840/1931/809 841/1932/808 839/1928/806
f 841/1930/808 770/1782/739 836/1923/804
f 841/1930/808 773/1783/741 770/1782/739
f 840/1931/809 842/1933/810 841/1932/808
f 842/1933/810 773/1934/741 841/1932/808
f 780/1798/749 842/1935/810 840/1936/809
f 842/1933/810 780/1937/749 773/1934/741
f 779/1796/748 780/1798/749 840/1936/809
f 843/1938/811 779/1796/748 840/1936/809
f 840/1936/809 826/1939/794 843/1938/811
f 826/1939/794 840/1936/809 838/1940/807
f 822/1898/790 843/1941/811 826/1899/794
f 844/1942/812 843/1943/811 822/1944/790
f 843/1938/811 844/1945/812 779/1796/748
f 844/1942/812 822/1944/790 821/1946/789
f 783/1805/752 779/1947/748 844/1942/812
f 783/1805/752 844/1942/812 821/1946/789
f 827/1904/796 828/1901/795 838/1925/807
f 826/1939/794 838/1940/807 828/1948/795
f 836/1921/804 770/1777/739 767/1779/734
f 836/1921/804 767/1779/734 835/1919/803
f 764/1767/733 831/1917/800 835/1949/803
f 764/1767/733 835/1949/803 767/1768/734
f 845/1950/813 811/1860/777 757/1859/726
f 845/1950/813 810/1865/780 811/1860/777
f 747/1951/715 845/1950/813 758/1952/725
f 747/1951/715 846/1953/814 845/1950/813
f 845/1950/813 846/1953/814 810/1865/780
f 845/1950/813 757/1859/726 758/1952/725
f 747/1951/715 745/1954/713 846/1953/814
f 666/1565/635 846/1955/814 745/1736/713
f 666/1565/635 810/1956/780 846/1955/814
f 810/1956/780 666/1565/635 682/1600/651
f 807/1856/775 810/1956/780 682/1600/651
f 757/1758/726 809/1867/778 761/1759/727
f 800/1842/766 735/1957/703 847/1958/815
f 795/1833/765 800/1837/766 847/1959/815
f 733/1844/701 735/1957/703 800/1842/766
f 735/1957/703 737/1733/705 847/1958/815
f 744/1735/712 847/1958/815 737/1733/705
f 848/1960/816 847/1961/815 744/1742/712
f 795/1833/765 847/1959/815 848/1962/816
f 750/1745/719 793/1963/762 848/1960/816
f 750/1745/719 848/1960/816 749/1744/718
f 848/1960/816 744/1742/712 749/1744/718
f 795/1833/765 848/1962/816 793/1835/762
f 799/1873/767 796/1831/763 792/1827/760
f 754/1751/722 793/1830/762 750/1747/719
f 778/1804/746 779/1947/748 783/1805/752
f 773/1787/741 780/1964/749 775/1788/743
f 849/1965/642 852/1966/637 766/1770/732
f 766/1770/732 850/1967/817 849/1965/642
f 766/1770/732 851/1968/633 850/1967/817
f 851/1969/633 766/1765/732 759/1763/728
f 852/1966/637 765/1769/735 766/1770/732
f 765/1970/735 852/1971/637 760/1972/729
f 849/1973/642 760/1972/729 852/1971/637
f 851/1969/633 759/1763/728 853/1974/630
f 850/1975/817 851/1969/633 853/1974/630
f 853/1976/630 759/1760/728 856/1977/818
f 850/1975/817 853/1974/630 854/1978/638
f 855/1979/639 854/1980/638 853/1976/630
f 855/1979/639 853/1976/630 856/1977/818
f 856/1977/818 759/1760/728 760/1761/729
f 849/1973/642 856/1981/818 760/1972/729
f 856/1977/818 858/1982/645 855/1979/639
f 856/1981/818 849/1973/642 857/1983/646
f 856/1981/818 857/1983/646 858/1984/645
f 858/1982/645 859/1985/644 855/1979/639
f 857/1986/646 859/1987/644 858/1988/645
f 859/1985/644 860/1989/648 855/1979/639
f 861/1990/819 860/1991/648 859/1987/644
f 857/1986/646 861/1990/819 859/1987/644
f 861/1990/819 863/1992/643 860/1991/648
f 861/1993/819 857/1994/646 850/1967/817
f 862/1995/640 863/1996/643 861/1993/819
f 850/1967/817 862/1995/640 861/1993/819
f 863/1992/643 862/1997/640 855/1998/639
f 863/1992/643 855/1998/639 860/1991/648
f 854/1978/638 855/1999/639 862/2000/640
f 854/1978/638 862/2000/640 850/1975/817
f 857/1994/646 849/1965/642 850/1967/817
f 765/1970/735 760/1972/729 762/2001/731
f 762/2001/731 764/1915/733 765/1970/735
f 762/2001/731 761/1916/727 764/1915/733
f 747/1951/715 758/1952/725 752/2002/720
f 708/1731/676 739/1732/708 738/2003/707
f 709/1659/677 738/2004/707 714/1660/682
f 708/1731/676 738/2003/707 709/2005/677
f 682/1601/651 684/1604/652 730/1700/698
f 706/1644/674 722/1681/690 694/1683/663
f 722/1681/690 706/1644/674 711/2006/679
f 701/1635/670 708/1648/676 703/1637/671
f 699/1641/667 706/1644/674 694/1683/663
f 694/1683/663 697/2007/666 699/1641/667
f 663/1558/632 681/1602/649 662/1557/631
f 681/1597/649 667/1589/637 662/1590/631
f 865/2008/820 864/2009/821 868/2010/822
f 865/2011/820 866/2012/823 864/2013/821
f 867/2014/824 864/2013/821 866/2012/823
f 868/2010/822 864/2009/821 867/2015/824
f 868/2010/822 867/2015/824 869/2016/825
f 869/2016/825 871/2017/826 868/2010/822
f 865/2008/820 868/2010/822 870/2018/827
f 871/2017/826 870/2018/827 868/2010/822
f 874/2019/828 871/2017/826 872/2020/829
f 872/2020/829 871/2017/826 873/2021/830
f 869/2016/825 873/2021/830 871/2017/826
f 871/2017/826 874/2019/828 870/2018/827
f 874/2019/828 872/2020/829 875/2022/831
f 870/2023/827 874/2024/828 875/2025/831
f 881/2026/832 876/2027/833 875/2025/831
f 876/2027/833 870/2023/827 875/2025/831
f 877/2028/834 875/2029/831 872/2030/829
f 875/2025/831 877/2031/834 878/2032/835
f 878/2032/835 879/2033/836 875/2025/831
f 879/2033/836 880/2034/837 875/2025/831
f 880/2034/837 881/2026/832 875/2025/831
f 881/2035/832 882/2036/838 885/2037/839
f 880/2034/837 882/2038/838 881/2026/832
f 881/2035/832 885/2037/839 883/2039/840
f 884/2040/764 881/2041/832 883/2042/840
f 884/2040/764 886/2043/841 881/2041/832
f 881/2026/832 886/2044/841 876/2027/833
f 876/2045/833 886/2043/841 884/2040/764
f 888/2046/842 885/2037/839 882/2036/838
f 885/2037/839 887/2047/843 889/2048/844
f 888/2046/842 887/2047/843 885/2037/839
f 885/2037/839 889/2048/844 883/2039/840
f 889/2049/844 890/2050/845 894/2051/846
f 889/2049/844 887/2052/843 890/2050/845
f 884/2040/764 883/2042/840 889/2053/844
f 894/2051/846 891/2054/847 889/2049/844
f 891/2054/847 869/2055/825 889/2049/844
f 869/2055/825 867/2056/824 889/2049/844
f 884/2040/764 889/2053/844 892/2057/848
f 893/2058/849 892/2059/848 889/2049/844
f 867/2056/824 893/2058/849 889/2049/844
f 897/2060/850 895/2061/777 894/2062/846
f 895/2061/777 896/2063/851 894/2062/846
f 894/2051/846 896/2064/851 891/2054/847
f 897/2060/850 894/2062/846 898/2065/852
f 890/2050/845 898/2066/852 894/2051/846
f 897/2067/850 898/2068/852 890/2069/845
f 880/2070/837 897/2067/850 888/2046/842
f 897/2067/850 890/2069/845 888/2046/842
f 897/2060/850 878/2071/835 895/2061/777
f 897/2060/850 879/2072/836 878/2071/835
f 880/2070/837 879/2073/836 897/2067/850
f 896/2063/851 899/2074/853 872/2030/829
f 896/2063/851 872/2030/829 891/2075/847
f 895/2061/777 899/2074/853 896/2063/851
f 877/2028/834 872/2030/829 899/2074/853
f 895/2061/777 877/2028/834 899/2074/853
f 895/2061/777 878/2071/835 877/2028/834
f 867/2014/824 866/2012/823 893/2076/849
f 893/2076/849 866/2012/823 884/2040/764
f 893/2076/849 884/2040/764 892/2057/848
f 872/2020/829 873/2021/830 891/2077/847
f 891/2054/847 873/2078/830 869/2055/825
f 888/2046/842 890/2069/845 887/2047/843
f 888/2046/842 882/2036/838 880/2070/837
f 876/2045/833 884/2040/764 866/2012/823
f 865/2011/820 876/2045/833 866/2012/823
f 876/2027/833 865/2079/820 870/2023/827
f 903/2080/854 900/2081/855 901/2082/856
f 900/2081/855 902/2083/857 901/2082/856
f 900/2081/855 904/2084/858 902/2083/857
f 903/2080/854 906/2085/859 900/2081/855
f 904/2086/858 900/2087/855 905/2088/860
f 900/2087/855 906/2089/859 905/2088/860
f 907/2090/861 906/2085/859 903/2080/854
f 907/2090/861 905/2091/860 906/2085/859
f 907/2092/861 903/2093/854 908/2094/862
f 907/2092/861 908/2094/862 909/2095/863
f 912/2096/864 905/2091/860 907/2090/861
f 907/2092/861 909/2095/863 910/2097/865
f 907/2092/861 910/2097/865 911/2098/866
f 912/2096/864 907/2090/861 911/2099/866
f 905/2088/860 912/2100/864 913/2101/867
f 913/2102/867 912/2103/864 911/2104/866
f 913/2101/867 917/2105/868 914/2106/869
f 913/2101/867 914/2106/869 915/2107/870
f 915/2107/870 918/2108/871 913/2101/867
f 917/2109/868 913/2102/867 916/2110/872
f 913/2102/867 911/2104/866 916/2110/872
f 918/2108/871 905/2088/860 913/2101/867
f 905/2088/860 918/2108/871 919/2111/873
f 919/2111/873 918/2108/871 922/2112/874
f 918/2108/871 920/2113/875 922/2112/874
f 918/2114/871 908/2115/862 920/2116/875
f 923/2117/876 921/2118/877 918/2108/871
f 921/2119/877 908/2115/862 918/2114/871
f 915/2107/870 923/2117/876 918/2108/871
f 909/2120/863 923/2121/876 910/2122/865
f 909/2120/863 921/2123/877 923/2121/876
f 910/2122/865 923/2121/876 915/2124/870
f 919/2125/873 922/2126/874 924/2127/878
f 922/2126/874 920/2116/875 908/2115/862
f 922/2126/874 908/2115/862 924/2127/878
f 919/2125/873 924/2127/878 925/2128/879
f 901/2129/856 924/2130/878 908/2094/862
f 924/2130/878 901/2129/856 902/2131/857
f 924/2130/878 902/2131/857 925/2132/879
f 926/2133/880 919/2125/873 925/2128/879
f 926/2134/880 925/2135/879 927/2136/881
f 902/2131/857 927/2137/881 925/2132/879
f 927/2138/881 930/2139/882 928/2140/883
f 931/2141/884 927/2136/881 928/2142/883
f 902/2131/857 929/2143/885 927/2137/881
f 927/2144/881 929/2145/885 930/2146/882
f 931/2141/884 926/2134/880 927/2136/881
f 932/2147/886 934/2148/887 931/2149/884
f 932/2150/886 931/2151/884 928/2152/883
f 934/2148/887 933/2153/888 931/2149/884
f 933/2153/888 904/2086/858 931/2149/884
f 904/2086/858 919/2111/873 931/2149/884
f 919/2111/873 926/2154/880 931/2149/884
f 932/2155/886 936/2156/889 934/2157/887
f 930/2158/882 933/2159/888 934/2160/887
f 930/2139/882 934/2161/887 935/2162/890
f 935/2163/890 934/2164/887 936/2165/889
f 932/2155/886 938/2166/891 936/2156/889
f 935/2163/890 936/2165/889 937/2167/892
f 937/2167/892 936/2165/889 939/2168/893
f 939/2169/893 936/2156/889 938/2166/891
f 939/2169/893 938/2166/891 940/2170/894
f 942/2171/895 939/2169/893 940/2170/894
f 939/2168/893 941/2172/896 943/2173/897
f 942/2171/895 941/2174/896 939/2169/893
f 937/2167/892 939/2168/893 944/2175/898
f 939/2168/893 943/2173/897 944/2175/898
f 945/2176/899 937/2177/892 944/2178/898
f 944/2178/898 943/2179/897 947/2180/900
f 945/2176/899 944/2178/898 946/2181/901
f 944/2178/898 947/2180/900 946/2181/901
f 948/2182/902 947/2180/900 943/2179/897
f 942/2183/895 947/2184/900 948/2185/902
f 947/2184/900 942/2183/895 940/2186/894
f 947/2184/900 940/2186/894 946/2187/901
f 948/2182/902 943/2179/897 949/2188/903
f 949/2189/903 950/2190/904 948/2191/902
f 942/2183/895 948/2185/902 951/2192/905
f 951/2193/905 948/2191/902 950/2190/904
f 953/2194/906 951/2195/905 952/2196/907
f 951/2197/905 950/2198/904 952/2199/907
f 951/2200/905 941/2174/896 942/2171/895
f 951/2200/905 953/2201/906 941/2174/896
f 954/2202/908 953/2194/906 952/2196/907
f 955/2203/909 953/2204/906 954/2205/908
f 955/2206/909 949/2189/903 953/2207/906
f 949/2208/903 941/2172/896 953/2209/906
f 957/2210/910 955/2203/909 954/2205/908
f 949/2189/903 955/2206/909 950/2190/904
f 956/2211/911 950/2190/904 955/2206/909
f 956/2212/911 955/2213/909 957/2214/910
f 958/2215/912 959/2216/913 957/2210/910
f 957/2210/910 954/2205/908 958/2215/912
f 959/2217/913 956/2218/911 957/2219/910
f 958/2215/912 961/2220/914 959/2216/913
f 959/2217/913 960/2221/915 956/2218/911
f 964/2222/916 960/2221/915 959/2217/913
f 963/2223/917 959/2224/913 961/2225/914
f 964/2222/916 959/2217/913 962/2226/918
f 963/2223/917 962/2227/918 959/2224/913
f 965/2228/919 960/2229/915 964/2230/916
f 965/2228/919 964/2230/916 967/2231/920
f 966/2232/921 964/2222/916 962/2226/918
f 967/2231/920 964/2230/916 966/2233/921
f 965/2234/919 967/2235/920 968/2236/922
f 967/2235/920 969/2237/923 968/2236/922
f 967/2231/920 966/2233/921 969/2238/923
f 968/2239/922 969/2238/923 966/2233/921
f 973/2240/924 968/2236/922 970/2241/925
f 971/2242/926 970/2241/925 968/2236/922
f 974/2243/927 971/2242/926 968/2236/922
f 968/2236/922 973/2240/924 965/2234/919
f 972/2244/928 974/2243/927 968/2236/922
f 972/2245/928 968/2239/922 966/2233/921
f 975/2246/929 976/2247/930 974/2248/927
f 975/2246/929 974/2248/927 972/2249/928
f 976/2247/930 971/2250/926 974/2248/927
f 976/2247/930 977/2251/931 971/2250/926
f 978/2252/932 976/2253/930 975/2254/929
f 976/2255/930 980/2256/933 977/2257/931
f 978/2252/932 979/2258/934 976/2253/930
f 976/2253/930 979/2258/934 980/2259/933
f 981/2260/935 983/2261/936 980/2262/933
f 981/2263/935 980/2264/933 970/2265/925
f 970/2265/925 980/2264/933 979/2266/934
f 982/2267/937 977/2268/931 980/2262/933
f 982/2267/937 980/2262/933 983/2261/936
f 986/2269/938 983/2270/936 981/2271/935
f 984/2272/939 982/2273/937 983/2274/936
f 984/2272/939 983/2274/936 985/2275/940
f 986/2269/938 985/2276/940 983/2270/936
f 987/2277/941 986/2278/938 981/2279/935
f 989/2280/942 986/2278/938 987/2277/941
f 989/2280/942 988/2281/943 986/2278/938
f 988/2282/943 985/2276/940 986/2269/938
f 993/2283/944 990/2284/945 989/2285/942
f 992/2286/946 989/2280/942 990/2287/945
f 989/2285/942 987/2288/941 984/2289/939
f 989/2285/942 984/2289/939 991/2290/947
f 993/2283/944 989/2285/942 991/2290/947
f 992/2286/946 988/2281/943 989/2280/942
f 994/2291/948 990/2284/945 993/2283/944
f 993/2292/944 995/2293/949 994/2294/948
f 996/2295/950 993/2292/944 991/2296/947
f 993/2292/944 996/2295/950 995/2293/949
f 988/2282/943 992/2297/946 996/2298/950
f 988/2282/943 996/2298/950 997/2299/951
f 996/2295/950 991/2296/947 997/2300/951
f 992/2297/946 995/2301/949 996/2298/950
f 991/2296/947 985/2275/940 997/2300/951
f 988/2282/943 997/2299/951 985/2276/940
f 992/2297/946 917/2302/868 995/2301/949
f 917/2303/868 916/2304/872 995/2305/949
f 994/2306/948 995/2305/949 916/2304/872
f 994/2291/948 914/2307/869 990/2284/945
f 998/2308/952 914/2309/869 994/2306/948
f 994/2306/948 916/2304/872 998/2308/952
f 998/2310/952 915/2124/870 914/2311/869
f 910/2312/865 998/2313/952 916/2314/872
f 910/2122/865 915/2124/870 998/2310/952
f 990/2287/945 917/2315/868 992/2286/946
f 991/2296/947 984/2272/939 985/2275/940
f 990/2287/945 914/2316/869 917/2315/868
f 982/2317/937 987/2288/941 999/2318/953
f 987/2277/941 981/2279/935 999/2319/953
f 982/2317/937 984/2289/939 987/2288/941
f 971/2242/926 999/2320/953 970/2241/925
f 977/2251/931 999/2321/953 971/2250/926
f 999/2320/953 981/2322/935 970/2241/925
f 977/2268/931 982/2267/937 999/2323/953
f 970/2265/925 979/2266/934 1000/2324/954
f 1000/2325/954 979/2326/934 978/2327/932
f 970/2241/925 1000/2328/954 973/2240/924
f 1000/2325/954 978/2327/932 973/2329/924
f 978/2327/932 1002/2330/955 973/2329/924
f 966/2232/921 1001/2331/956 978/2252/932
f 978/2327/932 1001/2332/956 1002/2330/955
f 966/2232/921 978/2252/932 975/2254/929
f 973/2240/924 1002/2333/955 963/2334/917
f 1001/2332/956 963/2223/917 1002/2330/955
f 966/2232/921 962/2226/918 1001/2331/956
f 1001/2332/956 962/2227/918 963/2223/917
f 966/2233/921 975/2335/929 972/2245/928
f 961/2336/914 965/2234/919 973/2240/924
f 963/2334/917 961/2336/914 973/2240/924
f 952/2196/907 1003/2337/957 965/2234/919
f 1003/2338/957 960/2229/915 965/2228/919
f 952/2196/907 965/2234/919 961/2336/914
f 1003/2339/957 956/2340/911 960/2341/915
f 952/2342/907 956/2340/911 1003/2339/957
f 961/2336/914 958/2343/912 954/2202/908
f 952/2196/907 961/2336/914 954/2202/908
f 952/2342/907 950/2344/904 956/2340/911
f 949/2208/903 943/2173/897 941/2172/896
f 940/2186/894 945/2345/899 946/2187/901
f 940/2186/894 938/2346/891 945/2345/899
f 938/2346/891 1004/2347/958 945/2345/899
f 937/2177/892 945/2176/899 1004/2348/958
f 938/2346/891 932/2349/886 1004/2347/958
f 932/2350/886 928/2140/883 1004/2351/958
f 928/2140/883 935/2162/890 1004/2351/958
f 937/2177/892 1004/2348/958 935/2352/890
f 928/2140/883 930/2139/882 935/2162/890
f 929/2353/885 933/2159/888 930/2158/882
f 929/2353/885 1005/2354/959 933/2159/888
f 933/2153/888 1005/2355/959 904/2086/858
f 1005/2354/959 902/2356/857 904/2357/858
f 1005/2354/959 929/2353/885 902/2356/857
f 908/2115/862 921/2119/877 909/2358/863
f 919/2111/873 904/2086/858 905/2088/860
f 910/2097/865 916/2359/872 911/2098/866
f 901/2129/856 908/2094/862 903/2093/854
f 1006/2360/960 1011/2361/961 1007/2362/962
f 1007/2362/962 1008/2363/963 1006/2360/960
f 1006/2364/960 1008/2365/963 1010/2366/964
f 1006/2364/960 1009/2367/965 1012/2368/966
f 1006/2364/960 1010/2366/964 1009/2367/965
f 1006/2360/960 1013/2369/967 1011/2361/961
f 1013/2370/967 1006/2364/960 1012/2368/966
f 1013/2370/967 1015/2371/968 1014/2372/969
f 1014/2373/969 1011/2374/961 1013/2375/967
f 1012/2368/966 1015/2371/968 1013/2370/967
f 1015/2371/968 1016/2376/970 1014/2372/969
f 1017/2377/971 1016/2378/970 1015/2379/968
f 1017/2377/971 1015/2379/968 1018/2380/972
f 1018/2380/972 1015/2379/968 1012/2381/966
f 1018/2380/972 1012/2381/966 1019/2382/973
f 1017/2383/971 1018/2384/972 1019/2385/973
f 1019/2385/973 1020/2386/674 1017/2383/971
f 1022/2387/672 1020/2386/674 1019/2385/973
f 1012/2388/966 1021/2389/974 1019/2390/973
f 1022/2387/672 1019/2385/973 1021/2391/974
f 1009/2392/965 1010/2393/964 1022/2394/672
f 1009/2392/965 1022/2394/672 1021/2389/974
f 1022/2394/672 1010/2393/964 1023/2395/675
f 1022/2394/672 1023/2395/675 1024/2396/975
f 1022/2387/672 1024/2397/975 1020/2386/674
f 1024/2398/975 1023/2399/675 1025/2400/678
f 1024/2398/975 1025/2400/678 1020/2401/674
f 1025/2402/678 1023/2403/675 1028/2404/976
f 1025/2400/678 1026/2405/977 1020/2401/674
f 1025/2400/678 1027/2406/978 1026/2405/977
f 1027/2407/978 1025/2402/678 1029/2408/979
f 1025/2402/678 1028/2404/976 1029/2408/979
f 1029/2409/979 1028/2410/976 1031/2411/980
f 1030/2412/981 1032/2413/982 1029/2409/979
f 1029/2409/979 1031/2411/980 1030/2412/981
f 1027/2407/978 1029/2408/979 1032/2414/982
f 1030/2412/981 1033/2415/983 1032/2413/982
f 1033/2415/983 1034/2416/984 1032/2413/982
f 1027/2407/978 1032/2414/982 1034/2417/984
f 1033/2415/983 1035/2418/985 1034/2416/984
f 1036/2419/986 1034/2420/984 1035/2421/985
f 1037/2422/987 1034/2417/984 1036/2423/986
f 1037/2422/987 1038/2424/988 1034/2417/984
f 1038/2424/988 1027/2407/978 1034/2417/984
f 1026/2405/977 1027/2406/978 1038/2425/988
f 1026/2405/977 1038/2425/988 1039/2426/989
f 1038/2427/988 1040/2428/990 1039/2429/989
f 1038/2427/988 1037/2430/987 1040/2428/990
f 1042/2431/991 1017/2383/971 1040/2432/990
f 1039/2433/989 1040/2432/990 1017/2383/971
f 1042/2431/991 1040/2432/990 1041/2434/992
f 1037/2430/987 1041/2435/992 1040/2428/990
f 1042/2436/991 1043/2437/993 1016/2378/970
f 1044/2438/994 1043/2439/993 1042/2440/991
f 1042/2436/991 1016/2378/970 1017/2377/971
f 1044/2438/994 1042/2440/991 1041/2435/992
f 1044/2441/994 1036/2423/986 1045/2442/995
f 1044/2441/994 1037/2422/987 1036/2423/986
f 1045/2442/995 1046/2443/996 1044/2441/994
f 1043/2444/993 1044/2441/994 1046/2443/996
f 1037/2430/987 1044/2438/994 1041/2435/992
f 1049/2445/997 1046/2446/996 1045/2447/995
f 1046/2443/996 1047/2448/998 1016/2376/970
f 1046/2449/996 1048/2450/999 1047/2451/998
f 1046/2449/996 1049/2452/997 1048/2450/999
f 1016/2376/970 1043/2444/993 1046/2443/996
f 1049/2445/997 1050/2453/1000 1051/2454/1001
f 1049/2445/997 1045/2447/995 1050/2453/1000
f 1049/2445/997 1051/2454/1001 1052/2455/1002
f 1052/2456/1002 1048/2450/999 1049/2452/997
f 1053/2457/1003 1052/2458/1002 1051/2459/1001
f 1052/2456/1002 1055/2460/1004 1048/2450/999
f 1053/2457/1003 1054/2461/1005 1052/2458/1002
f 1054/2461/1005 1055/2462/1004 1052/2458/1002
f 1055/2460/1004 1056/2463/1006 1048/2450/999
f 1055/2460/1004 1059/2464/1007 1056/2463/1006
f 1054/2461/1005 1057/2465/1008 1055/2462/1004
f 1057/2465/1008 1058/2466/1009 1055/2462/1004
f 1058/2466/1009 1059/2467/1007 1055/2462/1004
f 1059/2464/1007 1011/2374/961 1056/2463/1006
f 1059/2464/1007 1061/2468/1010 1011/2374/961
f 1058/2466/1009 1060/2469/1011 1059/2467/1007
f 1059/2467/1007 1060/2469/1011 1061/2470/1010
f 1063/2471/742 1062/2472/1012 1061/2470/1010
f 1011/2361/961 1061/2473/1010 1062/2474/1012
f 1060/2469/1011 1063/2471/742 1061/2470/1010
f 1062/2472/1012 1063/2471/742 1064/2475/1013
f 1063/2476/742 1065/2477/744 1064/2478/1013
f 1063/2476/742 1066/2479/1014 1065/2477/744
f 1060/2480/1011 1066/2479/1014 1063/2476/742
f 1060/2480/1011 1067/2481/1015 1066/2479/1014
f 1065/2482/744 1066/2483/1014 1067/2484/1015
f 1067/2484/1015 1069/2485/1016 1068/2486/1017
f 1070/2487/748 1067/2484/1015 1068/2486/1017
f 1069/2488/1016 1067/2489/1015 1060/2490/1011
f 1065/2482/744 1067/2484/1015 1070/2487/748
f 1072/2491/1018 1070/2492/748 1071/2493/752
f 1071/2493/752 1070/2492/748 1074/2494/1019
f 1065/2482/744 1070/2487/748 1072/2495/1018
f 1073/2496/1020 1070/2487/748 1068/2486/1017
f 1073/2496/1020 1074/2497/1019 1070/2487/748
f 1071/2493/752 1074/2494/1019 1075/2498/789
f 1074/2494/1019 1076/2499/1021 1075/2498/789
f 1074/2494/1019 1073/2500/1020 1076/2499/1021
f 1080/2501/1022 1076/2502/1021 1077/2503/1023
f 1076/2502/1021 1078/2504/1024 1077/2503/1023
f 1075/2505/789 1076/2502/1021 1080/2501/1022
f 1076/2506/1021 1079/2507/1025 1078/2508/1024
f 1076/2506/1021 1073/2509/1020 1079/2507/1025
f 1030/2412/981 1081/2510/1026 1080/2511/1022
f 1080/2501/1022 1081/2512/1026 1071/2513/752
f 1030/2412/981 1080/2511/1022 1033/2415/983
f 1077/2514/1023 1033/2415/983 1080/2511/1022
f 1071/2513/752 1075/2505/789 1080/2501/1022
f 1031/2411/980 1082/2515/1027 1081/2510/1026
f 1081/2512/1026 1082/2516/1027 1083/2517/1028
f 1031/2411/980 1081/2510/1026 1030/2412/981
f 1083/2517/1028 1071/2513/752 1081/2512/1026
f 1064/2475/1013 1083/2517/1028 1082/2516/1027
f 1065/2477/744 1083/2518/1028 1064/2478/1013
f 1065/2477/744 1072/2519/1018 1083/2518/1028
f 1072/2491/1018 1071/2493/752 1083/2520/1028
f 1085/2521/1029 1084/2522/1030 1082/2523/1027
f 1082/2516/1027 1084/2524/1030 1064/2475/1013
f 1085/2521/1029 1082/2523/1027 1031/2525/980
f 1007/2362/962 1085/2521/1029 1008/2363/963
f 1085/2521/1029 1028/2526/976 1008/2363/963
f 1085/2521/1029 1031/2525/980 1028/2526/976
f 1007/2362/962 1084/2522/1030 1085/2521/1029
f 1007/2362/962 1062/2474/1012 1084/2522/1030
f 1062/2472/1012 1064/2475/1013 1084/2524/1030
f 1068/2486/1017 1079/2527/1025 1073/2496/1020
f 1078/2508/1024 1079/2507/1025 1086/2528/1031
f 1079/2527/1025 1087/2529/807 1086/2530/1031
f 1079/2527/1025 1068/2486/1017 1087/2529/807
f 1087/2531/807 1068/2532/1017 1057/2533/1008
f 1087/2531/807 1057/2533/1008 1054/2534/1005
f 1053/2535/1003 1086/2528/1031 1087/2536/807
f 1053/2535/1003 1087/2536/807 1054/2537/1005
f 1078/2508/1024 1086/2528/1031 1053/2535/1003
f 1088/2538/1032 1077/2503/1023 1078/2504/1024
f 1078/2504/1024 1051/2459/1001 1088/2538/1032
f 1078/2504/1024 1053/2457/1003 1051/2459/1001
f 1035/2421/985 1077/2539/1023 1088/2540/1032
f 1035/2421/985 1088/2540/1032 1089/2541/1033
f 1088/2540/1032 1050/2453/1000 1089/2541/1033
f 1088/2540/1032 1051/2454/1001 1050/2453/1000
f 1036/2419/986 1035/2421/985 1089/2541/1033
f 1050/2453/1000 1036/2419/986 1089/2541/1033
f 1077/2514/1023 1035/2418/985 1033/2415/983
f 1068/2532/1017 1069/2488/1016 1058/2542/1009
f 1069/2488/1016 1060/2490/1011 1058/2542/1009
f 1068/2532/1017 1058/2542/1009 1057/2533/1008
f 1011/2361/961 1062/2474/1012 1007/2362/962
f 1014/2373/969 1056/2463/1006 1011/2374/961
f 1047/2451/998 1048/2450/999 1056/2463/1006
f 1047/2451/998 1056/2463/1006 1014/2373/969
f 1050/2453/1000 1045/2447/995 1036/2419/986
f 1047/2448/998 1014/2372/969 1016/2376/970
f 1020/2386/674 1039/2433/989 1017/2383/971
f 1039/2433/989 1020/2386/674 1026/2543/977
f 1023/2403/675 1008/2365/963 1028/2404/976
f 1023/2403/675 1010/2366/964 1008/2365/963
f 1012/2388/966 1009/2392/965 1021/2389/974
f 1091/2544/1034 1093/2545/1035 1090/2546/1036
f 1091/2544/1034 1090/2546/1036 1092/2547/1037
f 1092/2547/1037 1090/2546/1036 1094/2548/1038
f 1090/2549/1036 1093/2550/1035 1096/2551/1039
f 1094/2552/1038 1090/2549/1036 1095/2553/1040
f 1095/2553/1040 1090/2549/1036 1096/2551/1039
f 1095/2554/1040 1096/2555/1039 1097/2556/1041
f 1096/2555/1039 1098/2557/1042 1097/2556/1041
f 1096/2555/1039 1099/2558/1043 1098/2557/1042
f 1099/2559/1043 1096/2551/1039 1093/2550/1035
f 1093/2550/1035 1100/2560/1044 1099/2559/1043
f 1100/2560/1044 1101/2561/1045 1099/2559/1043
f 1099/2562/1043 1101/2563/1045 1102/2564/1046
f 1099/2562/1043 1102/2564/1046 1098/2565/1042
f 1102/2564/1046 1103/2566/1047 1098/2565/1042
f 1102/2564/1046 1105/2567/1048 1103/2566/1047
f 1105/2567/1048 1102/2564/1046 1104/2568/1049
f 1101/2563/1045 1104/2568/1049 1102/2564/1046
f 1105/2569/1048 1107/2570/1050 1106/2571/1051
f 1105/2569/1048 1106/2571/1051 1103/2572/1047
f 1105/2567/1048 1104/2568/1049 1107/2573/1050
f 1107/2573/1050 1108/2574/1052 1106/2575/1051
f 1107/2573/1050 1104/2568/1049 1108/2574/1052
f 1108/2576/1052 1100/2577/1044 1093/2545/1035
f 1108/2576/1052 1093/2545/1035 1091/2544/1034
f 1108/2576/1052 1109/2578/1053 1106/2579/1051
f 1108/2576/1052 1091/2544/1034 1109/2578/1053
f 1110/2580/1054 1108/2574/1052 1104/2568/1049
f 1110/2580/1054 1100/2581/1044 1108/2574/1052
f 1100/2560/1044 1110/2582/1054 1101/2561/1045
f 1101/2563/1045 1110/2580/1054 1104/2568/1049
f 1106/2571/1051 1109/2583/1053 1111/2584/1055
f 1109/2583/1053 1112/2585/1056 1111/2584/1055
f 1091/2544/1034 1112/2586/1056 1109/2578/1053
f 1091/2544/1034 1092/2547/1037 1112/2586/1056
f 1092/2547/1037 1113/2587/1057 1112/2586/1056
f 1112/2585/1056 1113/2588/1057 1114/2589/1058
f 1111/2584/1055 1112/2585/1056 1114/2589/1058
f 1114/2590/1058 1116/2591/1059 1097/2556/1041
f 1114/2590/1058 1097/2556/1041 1111/2592/1055
f 1115/2593/1060 1116/2594/1059 1114/2595/1058
f 1115/2593/1060 1114/2595/1058 1113/2596/1057
f 1095/2554/1040 1097/2556/1041 1116/2591/1059
f 1115/2593/1060 1095/2597/1040 1116/2594/1059
f 1092/2547/1037 1115/2598/1060 1113/2587/1057
f 1092/2547/1037 1094/2548/1038 1115/2598/1060
f 1115/2593/1060 1094/2599/1038 1095/2597/1040
f 1111/2592/1055 1097/2556/1041 1098/2557/1042
f 1111/2584/1055 1103/2572/1047 1106/2571/1051
f 1111/2592/1055 1098/2557/1042 1103/2600/1047
f 1118/2601/1061 1117/2602/1062 1121/2603/1063
f 1118/2604/1061 1119/2605/1064 1117/2606/1062
f 1120/2607/1065 1117/2606/1062 1119/2605/1064
f 1122/2608/1066 1117/2602/1062 1120/2609/1065
f 1117/2602/1062 1122/2608/1066 1121/2603/1063
f 1124/2610/1067 1122/2611/1066 1123/2612/1068
f 1122/2608/1066 1120/2609/1065 1123/2613/1068
f 1121/2614/1063 1122/2611/1066 1124/2610/1067
f 1125/2615/1069 1129/2616/1070 1124/2617/1067
f 1125/2615/1069 1124/2617/1067 1126/2618/1071
f 1124/2610/1067 1123/2612/1068 1126/2619/1071
f 1121/2614/1063 1124/2610/1067 1127/2620/1072
f 1128/2621/1073 1127/2622/1072 1124/2617/1067
f 1128/2621/1073 1124/2617/1067 1129/2616/1070
f 1128/2623/1073 1129/2624/1070 1130/2625/1074
f 1130/2625/1074 1129/2624/1070 1125/2626/1069
f 1131/2627/1075 1130/2628/1074 1132/2629/1076
f 1128/2623/1073 1130/2625/1074 1131/2630/1075
f 1130/2625/1074 1125/2626/1069 1132/2631/1076
f 1133/2632/1077 1134/2633/1078 1132/2629/1076
f 1138/2634/1079 1133/2632/1077 1132/2629/1076
f 1135/2635/1080 1132/2629/1076 1134/2633/1078
f 1125/2626/1069 1136/2636/1081 1132/2631/1076
f 1132/2629/1076 1135/2635/1080 1139/2637/1082
f 1137/2638/1083 1131/2627/1075 1132/2629/1076
f 1132/2629/1076 1136/2639/1081 1138/2634/1079
f 1139/2637/1082 1137/2638/1083 1132/2629/1076
f 1141/2640/1084 1140/2641/1085 1139/2642/1082
f 1140/2641/1085 1137/2643/1083 1139/2642/1082
f 1141/2640/1084 1139/2642/1082 1142/2644/1086
f 1139/2637/1082 1135/2635/1080 1142/2645/1086
f 1135/2635/1080 1143/2646/1087 1142/2645/1086
f 1144/2647/1088 1142/2648/1086 1143/2649/1087
f 1144/2647/1088 1141/2650/1084 1142/2648/1086
f 1146/2651/1089 1141/2652/1084 1144/2653/1088
f 1144/2647/1088 1143/2649/1087 1135/2654/1080
f 1144/2647/1088 1135/2654/1080 1145/2655/1090
f 1145/2656/1090 1146/2651/1089 1144/2653/1088
f 1146/2651/1089 1147/2657/1091 1141/2652/1084
f 1149/2658/1092 1147/2659/1091 1146/2660/1089
f 1145/2656/1090 1148/2661/1093 1146/2651/1089
f 1149/2658/1092 1146/2660/1089 1148/2662/1093
f 1150/2663/1094 1154/2664/1086 1149/2665/1092
f 1153/2666/1080 1150/2663/1094 1149/2665/1092
f 1149/2665/1092 1154/2664/1086 1151/2667/1095
f 1149/2658/1092 1151/2668/1095 1147/2659/1091
f 1152/2669/1096 1153/2666/1080 1149/2665/1092
f 1149/2658/1092 1148/2662/1093 1152/2670/1096
f 1154/2664/1086 1155/2671/1097 1151/2667/1095
f 1154/2672/1086 1156/2673/1098 1155/2674/1097
f 1154/2672/1086 1157/2675/1099 1156/2673/1098
f 1150/2676/1094 1157/2677/1099 1154/2678/1086
f 1150/2676/1094 1161/2679/1100 1157/2677/1099
f 1157/2680/1099 1158/2681/1101 1156/2682/1098
f 1157/2680/1099 1159/2683/1102 1158/2681/1101
f 1157/2680/1099 1160/2684/1103 1159/2683/1102
f 1157/2680/1099 1161/2685/1100 1160/2684/1103
f 1153/2686/1080 1161/2679/1100 1150/2676/1094
f 1153/2686/1080 1162/2687/1104 1161/2679/1100
f 1160/2684/1103 1161/2685/1100 1162/2688/1104
f 1162/2688/1104 1164/2689/1105 1163/2690/1106
f 1162/2688/1104 1163/2690/1106 1165/2691/1107
f 1164/2692/1105 1162/2687/1104 1153/2686/1080
f 1160/2684/1103 1162/2688/1104 1165/2691/1107
f 1165/2693/1107 1163/2694/1106 1168/2695/1108
f 1165/2693/1107 1168/2695/1108 1166/2696/1109
f 1167/2697/1110 1165/2693/1107 1166/2696/1109
f 1167/2697/1110 1160/2698/1103 1165/2693/1107
f 1168/2695/1108 1163/2694/1106 1169/2699/1111
f 1168/2695/1108 1169/2699/1111 1170/2700/1112
f 1170/2701/1112 1171/2702/1113 1168/2703/1108
f 1168/2703/1108 1172/2704/1114 1166/2705/1109
f 1168/2703/1108 1171/2702/1113 1172/2704/1114
f 1173/2706/1115 1175/2707/1116 1172/2708/1114
f 1173/2706/1115 1172/2708/1114 1176/2709/1117
f 1172/2708/1114 1171/2710/1113 1174/2711/1118
f 1172/2708/1114 1174/2711/1118 1176/2709/1117
f 1172/2704/1114 1175/2712/1116 1167/2713/1110
f 1172/2704/1114 1167/2713/1110 1166/2705/1109
f 1177/2714/1119 1173/2715/1115 1176/2716/1117
f 1177/2714/1119 1176/2716/1117 1179/2717/1120
f 1176/2716/1117 1174/2718/1118 1178/2719/1121
f 1176/2716/1117 1178/2719/1121 1179/2717/1120
f 1182/2720/1122 1177/2721/1119 1179/2722/1120
f 1179/2722/1120 1178/2723/1121 1181/2724/1123
f 1182/2720/1122 1179/2722/1120 1180/2725/1124
f 1179/2722/1120 1181/2724/1123 1180/2725/1124
f 1184/2726/1125 1177/2721/1119 1182/2720/1122
f 1182/2727/1122 1186/2728/1126 1183/2729/1127
f 1184/2726/1125 1182/2720/1122 1183/2730/1127
f 1180/2731/1124 1187/2732/1128 1182/2727/1122
f 1187/2732/1128 1185/2733/1129 1182/2727/1122
f 1185/2733/1129 1186/2728/1126 1182/2727/1122
f 1189/2734/1130 1188/2735/1131 1187/2732/1128
f 1188/2735/1131 1185/2733/1129 1187/2732/1128
f 1187/2732/1128 1180/2731/1124 1181/2736/1123
f 1189/2734/1130 1187/2732/1128 1181/2736/1123
f 1190/2737/1132 1189/2734/1130 1181/2736/1123
f 1191/2738/1133 1189/2734/1130 1190/2737/1132
f 1189/2734/1130 1191/2738/1133 1188/2735/1131
f 1191/2738/1133 1190/2737/1132 1192/2739/1134
f 1193/2740/1135 1191/2741/1133 1192/2742/1134
f 1193/2740/1135 1194/2743/1136 1191/2741/1133
f 1188/2744/1131 1191/2741/1133 1194/2743/1136
f 1193/2745/1135 1196/2746/1137 1194/2747/1136
f 1188/2744/1131 1194/2743/1136 1195/2748/1138
f 1196/2746/1137 1195/2749/1138 1194/2747/1136
f 1193/2745/1135 1197/2750/1139 1196/2746/1137
f 1196/2746/1137 1197/2750/1139 1200/2751/1140
f 1196/2746/1137 1198/2752/1141 1195/2749/1138
f 1198/2752/1141 1196/2746/1137 1199/2753/1142
f 1196/2746/1137 1200/2751/1140 1199/2753/1142
f 1200/2751/1140 1204/2754/1143 1201/2755/1144
f 1203/2756/1145 1200/2757/1140 1201/2758/1144
f 1202/2759/1146 1199/2760/1142 1200/2761/1140
f 1202/2759/1146 1200/2761/1140 1203/2762/1145
f 1197/2750/1139 1204/2754/1143 1200/2751/1140
f 1204/2754/1143 1205/2763/1147 1201/2755/1144
f 1204/2754/1143 1206/2764/1148 1205/2763/1147
f 1197/2750/1139 1207/2765/1149 1204/2754/1143
f 1204/2754/1143 1207/2765/1149 1206/2764/1148
f 1208/2766/1150 1206/2767/1148 1207/2768/1149
f 1208/2766/1150 1207/2768/1149 1209/2769/1151
f 1193/2770/1135 1209/2769/1151 1207/2768/1149
f 1197/2750/1139 1193/2745/1135 1207/2765/1149
f 1209/2771/1151 1210/2772/1152 1208/2773/1150
f 1193/2770/1135 1192/2774/1134 1209/2769/1151
f 1211/2775/1153 1209/2771/1151 1192/2739/1134
f 1209/2771/1151 1211/2775/1153 1210/2772/1152
f 1210/2772/1152 1211/2775/1153 1212/2776/1154
f 1211/2775/1153 1190/2737/1132 1214/2777/1155
f 1211/2775/1153 1192/2739/1134 1190/2737/1132
f 1211/2775/1153 1213/2778/1156 1212/2776/1154
f 1211/2775/1153 1214/2777/1155 1213/2778/1156
f 1214/2779/1155 1215/2780/1157 1216/2781/1158
f 1181/2724/1123 1215/2782/1157 1214/2783/1155
f 1214/2779/1155 1216/2781/1158 1213/2784/1156
f 1190/2737/1132 1181/2736/1123 1214/2777/1155
f 1218/2785/1159 1216/2786/1158 1217/2787/1160
f 1215/2788/1157 1217/2787/1160 1216/2786/1158
f 1213/2784/1156 1216/2781/1158 1218/2789/1159
f 1218/2785/1159 1219/2790/1161 1221/2791/1162
f 1218/2785/1159 1217/2787/1160 1219/2790/1161
f 1212/2792/1154 1218/2789/1159 1220/2793/1163
f 1218/2785/1159 1221/2791/1162 1220/2794/1163
f 1213/2784/1156 1218/2789/1159 1212/2792/1154
f 1221/2795/1162 1223/2796/1164 1222/2797/1165
f 1221/2795/1162 1222/2797/1165 1224/2798/1166
f 1219/2799/1161 1223/2800/1164 1221/2801/1162
f 1220/2794/1163 1221/2791/1162 1224/2802/1166
f 1224/2798/1166 1222/2797/1165 1227/2803/1167
f 1220/2794/1163 1224/2802/1166 1225/2804/1168
f 1225/2804/1168 1224/2802/1166 1226/2805/1169
f 1224/2798/1166 1227/2803/1167 1226/2806/1169
f 1227/2807/1167 1230/2808/1167 1228/2809/1170
f 1227/2807/1167 1228/2809/1170 1232/2810/1171
f 1227/2807/1167 1222/2811/1165 1229/2812/1172
f 1227/2807/1167 1229/2812/1172 1230/2808/1167
f 1227/2803/1167 1231/2813/1173 1226/2806/1169
f 1227/2803/1167 1232/2814/1171 1231/2813/1173
f 1228/2809/1170 1234/2815/1174 1232/2810/1171
f 1232/2814/1171 1233/2816/1175 1231/2813/1173
f 1232/2814/1171 1234/2817/1174 1233/2816/1175
f 1234/2818/1174 1235/2819/1176 1233/2820/1175
f 1234/2818/1174 1236/2821/1177 1235/2819/1176
f 1234/2815/1174 1238/2822/1178 1236/2823/1177
f 1228/2809/1170 1237/2824/1179 1234/2815/1174
f 1234/2815/1174 1237/2824/1179 1238/2822/1178
f 1240/2825/1180 1238/2826/1178 1237/2827/1179
f 1236/2823/1177 1238/2822/1178 1239/2828/1181
f 1240/2825/1180 1239/2829/1181 1238/2826/1178
f 1241/2830/1182 1158/2681/1101 1240/2831/1180
f 1242/2832/1183 1241/2830/1182 1240/2831/1180
f 1240/2825/1180 1237/2827/1179 1242/2833/1183
f 1240/2825/1180 1158/2834/1101 1239/2829/1181
f 1242/2832/1183 1243/2835/1184 1241/2830/1182
f 1244/2836/1185 1243/2835/1184 1242/2832/1183
f 1244/2837/1185 1242/2838/1183 1237/2839/1179
f 1244/2836/1185 1119/2840/1064 1243/2835/1184
f 1245/2841/1186 1119/2840/1064 1244/2836/1185
f 1246/2842/1187 1244/2837/1185 1228/2843/1170
f 1244/2837/1185 1237/2839/1179 1228/2843/1170
f 1245/2841/1186 1244/2836/1185 1246/2844/1187
f 1246/2842/1187 1228/2843/1170 1230/2845/1167
f 1247/2846/1188 1245/2841/1186 1246/2844/1187
f 1229/2847/1172 1247/2848/1188 1246/2842/1187
f 1229/2847/1172 1246/2842/1187 1230/2845/1167
f 1248/2849/1189 1249/2850/1190 1247/2848/1188
f 1248/2849/1189 1247/2848/1188 1229/2847/1172
f 1247/2846/1188 1250/2851/1191 1245/2841/1186
f 1249/2852/1190 1250/2851/1191 1247/2846/1188
f 1250/2853/1191 1251/2854/1192 1120/2607/1065
f 1250/2853/1191 1252/2855/1193 1251/2854/1192
f 1250/2853/1191 1253/2856/1194 1252/2855/1193
f 1250/2853/1191 1120/2607/1065 1245/2857/1186
f 1249/2852/1190 1253/2858/1194 1250/2851/1191
f 1253/2859/1194 1254/2860/1077 1252/2861/1193
f 1253/2859/1194 1256/2862/1195 1254/2860/1077
f 1255/2863/1196 1256/2864/1195 1253/2858/1194
f 1255/2863/1196 1253/2858/1194 1249/2852/1190
f 1256/2862/1195 1257/2865/1197 1259/2866/1078
f 1256/2864/1195 1258/2867/1198 1257/2868/1197
f 1256/2864/1195 1255/2863/1196 1258/2867/1198
f 1256/2862/1195 1259/2866/1078 1254/2860/1077
f 1262/2869/1199 1254/2870/1077 1259/2871/1078
f 1257/2865/1197 1260/2872/1200 1259/2866/1078
f 1259/2871/1078 1260/2873/1200 1261/2874/1201
f 1261/2874/1201 1262/2869/1199 1259/2871/1078
f 1254/2870/1077 1262/2869/1199 1263/2875/1202
f 1264/2876/1203 1263/2877/1202 1262/2878/1199
f 1264/2876/1203 1262/2878/1199 1265/2879/1204
f 1265/2879/1204 1262/2878/1199 1261/2880/1201
f 1265/2879/1204 1261/2880/1201 1266/2881/1205
f 1267/2882/1206 1264/2883/1203 1265/2884/1204
f 1266/2885/1205 1267/2882/1206 1265/2884/1204
f 1133/2886/1077 1268/2887/1207 1267/2888/1206
f 1267/2882/1206 1268/2889/1207 1264/2883/1203
f 1133/2886/1077 1267/2888/1206 1134/2890/1078
f 1134/2890/1078 1267/2888/1206 1269/2891/1208
f 1266/2885/1205 1269/2892/1208 1267/2882/1206
f 1134/2890/1078 1269/2891/1208 1270/2893/1200
f 1270/2894/1200 1269/2895/1208 1271/2896/1209
f 1272/2897/1210 1271/2898/1209 1269/2892/1208
f 1272/2897/1210 1269/2892/1208 1266/2885/1205
f 1148/2662/1093 1272/2899/1210 1273/2900/1211
f 1266/2901/1205 1273/2900/1211 1272/2899/1210
f 1145/2656/1090 1271/2898/1209 1272/2897/1210
f 1145/2656/1090 1272/2897/1210 1148/2661/1093
f 1274/2902/1212 1273/2903/1211 1261/2874/1201
f 1266/2901/1205 1261/2904/1201 1273/2900/1211
f 1148/2662/1093 1273/2900/1211 1152/2670/1096
f 1153/2666/1080 1152/2669/1096 1273/2903/1211
f 1274/2902/1212 1153/2666/1080 1273/2903/1211
f 1260/2873/1200 1274/2902/1212 1261/2874/1201
f 1275/2905/1213 1274/2906/1212 1260/2907/1200
f 1275/2905/1213 1164/2692/1105 1274/2906/1212
f 1164/2692/1105 1153/2686/1080 1274/2906/1212
f 1257/2865/1197 1275/2908/1213 1260/2872/1200
f 1258/2867/1198 1275/2909/1213 1257/2868/1197
f 1163/2690/1106 1164/2689/1105 1275/2909/1213
f 1163/2690/1106 1275/2909/1213 1169/2910/1111
f 1258/2867/1198 1169/2910/1111 1275/2909/1213
f 1270/2894/1200 1271/2896/1209 1276/2911/1214
f 1135/2654/1080 1276/2911/1214 1271/2896/1209
f 1135/2654/1080 1271/2896/1209 1145/2655/1090
f 1276/2912/1214 1135/2635/1080 1270/2913/1200
f 1134/2633/1078 1270/2913/1200 1135/2635/1080
f 1138/2914/1079 1277/2915/1215 1268/2887/1207
f 1268/2889/1207 1277/2916/1215 1278/2917/1216
f 1138/2914/1079 1268/2887/1207 1133/2886/1077
f 1268/2889/1207 1278/2917/1216 1264/2883/1203
f 1280/2918/1217 1279/2919/1218 1278/2917/1216
f 1279/2920/1218 1281/2921/1219 1278/2922/1216
f 1280/2918/1217 1278/2917/1216 1277/2916/1215
f 1278/2923/1216 1263/2877/1202 1264/2876/1203
f 1278/2923/1216 1281/2924/1219 1263/2877/1202
f 1251/2925/1192 1252/2926/1193 1281/2927/1219
f 1281/2927/1219 1282/2928/1220 1251/2925/1192
f 1263/2875/1202 1281/2927/1219 1252/2926/1193
f 1279/2920/1218 1282/2929/1220 1281/2921/1219
f 1120/2609/1065 1251/2925/1192 1282/2928/1220
f 1120/2609/1065 1282/2928/1220 1123/2613/1068
f 1123/2612/1068 1282/2929/1220 1279/2920/1218
f 1136/2636/1081 1280/2930/1217 1277/2931/1215
f 1125/2626/1069 1280/2930/1217 1136/2636/1081
f 1279/2919/1218 1280/2918/1217 1125/2615/1069
f 1123/2612/1068 1279/2920/1218 1126/2619/1071
f 1279/2919/1218 1125/2615/1069 1126/2618/1071
f 1136/2636/1081 1277/2931/1215 1138/2932/1079
f 1252/2926/1193 1254/2870/1077 1263/2875/1202
f 1283/2933/1221 1258/2934/1198 1255/2935/1196
f 1170/2936/1112 1169/2937/1111 1258/2934/1198
f 1170/2936/1112 1258/2934/1198 1283/2933/1221
f 1285/2938/1222 1283/2939/1221 1284/2940/1223
f 1283/2933/1221 1255/2935/1196 1284/2941/1223
f 1285/2938/1222 1287/2942/1224 1283/2939/1221
f 1286/2943/1225 1170/2701/1112 1283/2939/1221
f 1286/2943/1225 1283/2939/1221 1287/2942/1224
f 1217/2944/1160 1287/2945/1224 1285/2946/1222
f 1288/2947/1226 1286/2948/1225 1287/2945/1224
f 1288/2947/1226 1287/2945/1224 1217/2944/1160
f 1215/2788/1157 1288/2949/1226 1217/2787/1160
f 1215/2788/1157 1174/2718/1118 1288/2949/1226
f 1174/2711/1118 1286/2950/1225 1288/2951/1226
f 1174/2711/1118 1171/2710/1113 1286/2950/1225
f 1170/2701/1112 1286/2943/1225 1171/2702/1113
f 1219/2799/1161 1285/2946/1222 1223/2800/1164
f 1223/2952/1164 1285/2938/1222 1284/2940/1223
f 1217/2944/1160 1285/2946/1222 1219/2799/1161
f 1248/2953/1189 1284/2941/1223 1255/2935/1196
f 1223/2952/1164 1284/2940/1223 1248/2954/1189
f 1248/2953/1189 1255/2935/1196 1249/2955/1190
f 1223/2952/1164 1248/2954/1189 1229/2812/1172
f 1120/2607/1065 1119/2605/1064 1245/2857/1186
f 1118/2604/1061 1243/2956/1184 1119/2605/1064
f 1289/2957/1083 1241/2958/1182 1243/2959/1184
f 1289/2957/1083 1243/2959/1184 1118/2960/1061
f 1289/2961/1083 1118/2601/1061 1121/2603/1063
f 1155/2671/1097 1289/2961/1083 1291/2962/1227
f 1155/2674/1097 1241/2958/1182 1289/2957/1083
f 1121/2603/1063 1290/2963/1228 1289/2961/1083
f 1290/2963/1228 1291/2962/1227 1289/2961/1083
f 1291/2964/1227 1290/2965/1228 1293/2966/1229
f 1151/2967/1095 1291/2964/1227 1292/2968/1230
f 1291/2964/1227 1293/2966/1229 1292/2968/1230
f 1155/2671/1097 1291/2962/1227 1151/2667/1095
f 1290/2965/1228 1127/2969/1072 1293/2966/1229
f 1127/2622/1072 1294/2970/1231 1293/2971/1229
f 1292/2972/1230 1293/2971/1229 1294/2970/1231
f 1140/2641/1085 1294/2973/1231 1137/2643/1083
f 1294/2973/1231 1131/2974/1075 1137/2643/1083
f 1294/2973/1231 1128/2975/1073 1131/2974/1075
f 1292/2972/1230 1294/2970/1231 1140/2976/1085
f 1127/2622/1072 1128/2621/1073 1294/2970/1231
f 1147/2657/1091 1292/2972/1230 1140/2976/1085
f 1151/2967/1095 1292/2968/1230 1147/2977/1091
f 1290/2965/1228 1121/2978/1063 1127/2969/1072
f 1241/2830/1182 1156/2682/1098 1158/2681/1101
f 1155/2674/1097 1156/2673/1098 1241/2958/1182
f 1236/2823/1177 1239/2828/1181 1295/2979/1232
f 1239/2828/1181 1296/2980/1233 1295/2979/1232
f 1239/2828/1181 1297/2981/1234 1296/2980/1233
f 1158/2834/1101 1297/2982/1234 1239/2829/1181
f 1297/2981/1234 1175/2712/1116 1296/2980/1233
f 1297/2981/1234 1167/2713/1110 1175/2712/1116
f 1158/2834/1101 1159/2983/1102 1297/2982/1234
f 1159/2984/1102 1167/2697/1110 1297/2985/1234
f 1295/2986/1232 1296/2987/1233 1298/2988/1235
f 1296/2989/1233 1175/2707/1116 1173/2706/1115
f 1296/2989/1233 1173/2706/1115 1298/2990/1235
f 1300/2991/1236 1299/2992/1237 1298/2993/1235
f 1295/2986/1232 1298/2988/1235 1299/2994/1237
f 1173/2715/1115 1184/2995/1125 1298/2993/1235
f 1300/2991/1236 1298/2993/1235 1184/2995/1125
f 1299/2992/1237 1300/2991/1236 1301/2996/1238
f 1301/2997/1238 1300/2998/1236 1302/2999/1239
f 1300/2998/1236 1183/3000/1127 1302/2999/1239
f 1300/2998/1236 1184/3001/1125 1183/3000/1127
f 1304/3002/1240 1303/3003/1241 1302/3004/1239
f 1301/2997/1238 1302/2999/1239 1303/3005/1241
f 1302/3004/1239 1183/2729/1127 1304/3002/1240
f 1307/3006/1242 1304/3002/1240 1305/3007/1243
f 1304/3002/1240 1306/3008/1244 1305/3007/1243
f 1304/3002/1240 1186/2728/1126 1306/3008/1244
f 1186/2728/1126 1304/3002/1240 1183/2729/1127
f 1304/3002/1240 1307/3006/1242 1303/3003/1241
f 1307/3006/1242 1308/3009/1245 1310/3010/1063
f 1308/3009/1245 1307/3006/1242 1309/3011/1246
f 1307/3006/1242 1305/3007/1243 1309/3011/1246
f 1307/3006/1242 1310/3010/1063 1303/3003/1241
f 1310/3010/1063 1312/3012/1247 1311/3013/1066
f 1313/3014/1248 1310/3015/1063 1311/3016/1066
f 1314/3017/1249 1303/3005/1241 1310/3018/1063
f 1308/3009/1245 1312/3012/1247 1310/3010/1063
f 1313/3014/1248 1314/3019/1249 1310/3015/1063
f 1231/3020/1173 1314/3021/1249 1313/3022/1248
f 1314/3017/1249 1301/2997/1238 1303/3005/1241
f 1233/3023/1175 1301/2996/1238 1314/3021/1249
f 1231/3020/1173 1233/3023/1175 1314/3021/1249
f 1226/2805/1169 1231/3020/1173 1313/3022/1248
f 1226/2805/1169 1313/3022/1248 1315/3024/1250
f 1315/3025/1250 1313/3014/1248 1311/3016/1066
f 1315/3025/1250 1311/3016/1066 1317/3026/1251
f 1316/3027/1252 1225/3028/1168 1315/3025/1250
f 1316/3027/1252 1315/3025/1250 1317/3026/1251
f 1225/2804/1168 1226/2805/1169 1315/3024/1250
f 1318/3029/1253 1317/3030/1251 1311/3013/1066
f 1317/3030/1251 1318/3029/1253 1316/3031/1252
f 1312/3012/1247 1318/3029/1253 1311/3013/1066
f 1319/3032/1254 1318/3029/1253 1312/3012/1247
f 1319/3032/1254 1320/3033/1255 1318/3029/1253
f 1318/3029/1253 1320/3033/1255 1316/3031/1252
f 1319/3032/1254 1321/3034/1256 1320/3033/1255
f 1321/3034/1256 1322/3035/1257 1320/3033/1255
f 1320/3033/1255 1322/3035/1257 1323/3036/1258
f 1323/3036/1258 1316/3031/1252 1320/3033/1255
f 1323/3037/1258 1225/3028/1168 1316/3027/1252
f 1212/2776/1154 1323/3036/1258 1322/3035/1257
f 1212/2792/1154 1220/2793/1163 1323/3038/1258
f 1323/3037/1258 1220/3039/1163 1225/3028/1168
f 1321/3034/1256 1324/3040/1259 1322/3035/1257
f 1208/2773/1150 1210/2772/1152 1322/3035/1257
f 1208/2773/1150 1322/3035/1257 1324/3040/1259
f 1322/3035/1257 1210/2772/1152 1212/2776/1154
f 1325/3041/1260 1324/3042/1259 1321/3043/1256
f 1324/3044/1259 1206/2767/1148 1208/2766/1150
f 1324/3044/1259 1326/3045/1261 1206/2767/1148
f 1325/3041/1260 1326/3046/1261 1324/3042/1259
f 1328/3047/1262 1326/3048/1261 1325/3049/1260
f 1328/3047/1262 1327/3050/1263 1326/3048/1261
f 1327/3050/1263 1206/2764/1148 1326/3048/1261
f 1329/3051/1264 1330/3052/1265 1328/3047/1262
f 1329/3051/1264 1328/3047/1262 1325/3049/1260
f 1327/3050/1263 1328/3047/1262 1331/3053/1266
f 1328/3047/1262 1330/3052/1265 1331/3053/1266
f 1332/3054/1267 1335/3055/1268 1331/3056/1266
f 1332/3054/1267 1331/3056/1266 1333/3057/1269
f 1330/3052/1265 1333/3058/1269 1331/3053/1266
f 1334/3059/1270 1336/3060/1271 1331/3056/1266
f 1334/3059/1270 1331/3056/1266 1335/3055/1268
f 1327/3050/1263 1331/3053/1266 1336/3061/1271
f 1337/3062/1272 1338/3063/1273 1336/3064/1271
f 1337/3062/1272 1336/3064/1271 1334/3065/1270
f 1205/2763/1147 1336/3061/1271 1338/3066/1273
f 1205/2763/1147 1327/3050/1263 1336/3061/1271
f 1339/3067/1274 1201/2758/1144 1338/3063/1273
f 1339/3067/1274 1338/3063/1273 1337/3062/1272
f 1205/2763/1147 1338/3066/1273 1201/2755/1144
f 1339/3068/1274 1337/3069/1272 1340/3070/1275
f 1203/3071/1145 1339/3068/1274 1340/3070/1275
f 1203/2756/1145 1201/2758/1144 1339/3067/1274
f 1332/3072/1267 1340/3070/1275 1337/3069/1272
f 1340/3070/1275 1202/3073/1146 1203/3071/1145
f 1341/3074/1276 1342/3075/1277 1340/3070/1275
f 1340/3070/1275 1332/3072/1267 1341/3074/1276
f 1345/3076/1278 1202/2759/1146 1340/3077/1275
f 1342/3075/1277 1343/3078/1279 1340/3070/1275
f 1343/3078/1279 1344/3079/1280 1340/3070/1275
f 1344/3080/1280 1345/3076/1278 1340/3077/1275
f 1345/3076/1278 1199/2760/1142 1202/2759/1146
f 1199/2753/1142 1345/3081/1278 1198/2752/1141
f 1344/3080/1280 1346/3082/1281 1345/3076/1278
f 1198/2752/1141 1345/3081/1278 1346/3083/1281
f 1347/3084/1282 1346/3083/1281 1349/3085/1283
f 1347/3084/1282 1348/3086/1284 1346/3083/1281
f 1348/3086/1284 1198/2752/1141 1346/3083/1281
f 1349/3087/1283 1346/3082/1281 1344/3080/1280
f 1350/3088/1285 1349/3085/1283 1351/3089/1286
f 1350/3088/1285 1347/3084/1282 1349/3085/1283
f 1351/3090/1286 1349/3091/1283 1343/3092/1279
f 1349/3087/1283 1344/3080/1280 1343/3093/1279
f 1351/3089/1286 1352/3094/1287 1350/3088/1285
f 1352/3095/1287 1351/3090/1286 1342/3096/1277
f 1351/3090/1286 1343/3092/1279 1342/3096/1277
f 1353/3097/1288 1350/3088/1285 1352/3094/1287
f 1354/3098/1289 1353/3097/1288 1352/3094/1287
f 1354/3099/1289 1352/3095/1287 1341/3100/1276
f 1352/3095/1287 1342/3096/1277 1341/3100/1276
f 1355/3101/1290 1354/3098/1289 1357/3102/1291
f 1355/3101/1290 1356/3103/1292 1354/3098/1289
f 1356/3103/1292 1353/3097/1288 1354/3098/1289
f 1357/3104/1291 1354/3105/1289 1358/3106/1293
f 1354/3099/1289 1341/3100/1276 1358/3107/1293
f 1332/3072/1267 1359/3108/1294 1358/3109/1293
f 1357/3104/1291 1358/3106/1293 1359/3110/1294
f 1341/3074/1276 1332/3072/1267 1358/3109/1293
f 1357/3104/1291 1359/3110/1294 1332/3054/1267
f 1330/3052/1265 1355/3101/1290 1357/3102/1291
f 1357/3102/1291 1333/3058/1269 1330/3052/1265
f 1357/3104/1291 1332/3054/1267 1333/3057/1269
f 1355/3101/1290 1360/3111/1295 1356/3103/1292
f 1361/3112/1296 1356/3103/1292 1360/3111/1295
f 1361/3112/1296 1353/3097/1288 1356/3103/1292
f 1363/3113/1297 1361/3114/1296 1360/3115/1295
f 1361/3112/1296 1350/3088/1285 1353/3097/1288
f 1361/3112/1296 1362/3116/1298 1350/3088/1285
f 1309/3117/1246 1362/3118/1298 1361/3114/1296
f 1363/3113/1297 1309/3117/1246 1361/3114/1296
f 1308/3009/1245 1363/3119/1297 1364/3120/1299
f 1308/3009/1245 1309/3011/1246 1363/3119/1297
f 1365/3121/1300 1364/3122/1299 1363/3123/1297
f 1365/3121/1300 1363/3123/1297 1360/3124/1295
f 1355/3101/1290 1365/3125/1300 1360/3111/1295
f 1319/3126/1254 1364/3122/1299 1365/3121/1300
f 1319/3126/1254 1365/3121/1300 1329/3127/1264
f 1329/3051/1264 1365/3125/1300 1355/3101/1290
f 1308/3009/1245 1364/3120/1299 1312/3012/1247
f 1319/3032/1254 1312/3012/1247 1364/3120/1299
f 1309/3117/1246 1305/3128/1243 1362/3118/1298
f 1305/3128/1243 1366/3129/1301 1362/3118/1298
f 1362/3116/1298 1366/3130/1301 1347/3084/1282
f 1362/3116/1298 1347/3084/1282 1350/3088/1285
f 1366/3130/1301 1367/3131/1302 1348/3086/1284
f 1366/3132/1301 1368/3133/1303 1367/3134/1302
f 1366/3130/1301 1348/3086/1284 1347/3084/1282
f 1305/3128/1243 1306/3135/1244 1366/3129/1301
f 1366/3132/1301 1306/3136/1244 1368/3133/1303
f 1186/2728/1126 1185/2733/1129 1368/3137/1303
f 1186/2728/1126 1368/3137/1303 1306/3008/1244
f 1188/2735/1131 1368/3137/1303 1185/2733/1129
f 1367/3134/1302 1368/3133/1303 1188/2744/1131
f 1348/3086/1284 1367/3131/1302 1195/2749/1138
f 1367/3134/1302 1188/2744/1131 1195/2748/1138
f 1329/3051/1264 1355/3101/1290 1330/3052/1265
f 1348/3086/1284 1195/2749/1138 1198/2752/1141
f 1337/3069/1272 1334/3138/1270 1332/3072/1267
f 1335/3139/1268 1332/3072/1267 1334/3138/1270
f 1325/3041/1260 1319/3126/1254 1329/3127/1264
f 1327/3050/1263 1205/2763/1147 1206/2764/1148
f 1325/3041/1260 1321/3043/1256 1319/3126/1254
f 1299/2992/1237 1301/2996/1238 1235/3140/1176
f 1233/3023/1175 1235/3140/1176 1301/2996/1238
f 1236/2821/1177 1295/2986/1232 1299/2994/1237
f 1236/2821/1177 1299/2994/1237 1235/2819/1176
f 1223/2952/1164 1229/2812/1172 1222/2811/1165
f 1181/2724/1123 1178/2723/1121 1215/2782/1157
f 1215/2788/1157 1178/2719/1121 1174/2718/1118
f 1173/2715/1115 1177/2714/1119 1184/2995/1125
f 1159/2984/1102 1160/2698/1103 1167/2697/1110
f 1147/2657/1091 1140/2976/1085 1141/2652/1084
f 1372/3141/1304 1369/3142/1305 1370/3143/1306
f 1369/3142/1305 1371/3144/1307 1370/3143/1306
f 1369/3142/1305 1373/3145/1308 1371/3144/1307
f 1373/3146/1308 1369/3147/1305 1372/3148/1304
f 1373/3149/1308 1374/3150/1309 1371/3151/1307
f 1373/3149/1308 1375/3152/1310 1374/3150/1309
f 1375/3153/1310 1373/3146/1308 1372/3148/1304
f 1375/3152/1310 1376/3154/1311 1374/3150/1309
f 1375/3152/1310 1377/3155/1312 1376/3154/1311
f 1377/3156/1312 1375/3153/1310 1378/3157/1080
f 1372/3148/1304 1378/3157/1080 1375/3153/1310
f 1379/3158/1200 1380/3159/1212 1378/3157/1080
f 1385/3160/1078 1379/3158/1200 1378/3157/1080
f 1381/3161/1313 1378/3162/1080 1380/3163/1212
f 1383/3164/1314 1377/3156/1312 1378/3157/1080
f 1384/3165/1315 1378/3162/1080 1381/3161/1313
f 1382/3166/1316 1385/3160/1078 1378/3157/1080
f 1378/3157/1080 1372/3148/1304 1382/3166/1316
f 1378/3157/1080 1384/3167/1315 1383/3164/1314
f 1387/3168/1317 1385/3169/1078 1382/3170/1316
f 1386/3171/1318 1379/3172/1200 1385/3169/1078
f 1386/3171/1318 1385/3169/1078 1387/3168/1317
f 1387/3173/1317 1388/3174/1319 1389/3175/1320
f 1387/3168/1317 1382/3170/1316 1388/3176/1319
f 1387/3173/1317 1381/3177/1313 1386/3178/1318
f 1389/3175/1320 1381/3177/1313 1387/3173/1317
f 1389/3175/1320 1370/3179/1306 1371/3180/1307
f 1372/3141/1304 1370/3143/1306 1389/3181/1320
f 1371/3180/1307 1374/3182/1309 1389/3175/1320
f 1391/3183/1321 1390/3184/1322 1389/3175/1320
f 1390/3185/1322 1372/3141/1304 1389/3181/1320
f 1374/3182/1309 1376/3186/1311 1389/3175/1320
f 1388/3174/1319 1391/3183/1321 1389/3175/1320
f 1381/3177/1313 1389/3175/1320 1376/3186/1311
f 1391/3187/1321 1392/3188/1323 1390/3185/1322
f 1388/3176/1319 1393/3189/1324 1391/3190/1321
f 1391/3187/1321 1393/3191/1324 1392/3188/1323
f 1392/3192/1323 1393/3193/1324 1372/3148/1304
f 1388/3176/1319 1382/3170/1316 1393/3189/1324
f 1393/3193/1324 1382/3166/1316 1372/3148/1304
f 1390/3185/1322 1392/3188/1323 1372/3141/1304
f 1394/3194/1325 1379/3195/1200 1386/3196/1318
f 1381/3177/1313 1394/3197/1325 1386/3178/1318
f 1394/3194/1325 1380/3163/1212 1379/3195/1200
f 1381/3161/1313 1380/3163/1212 1394/3194/1325
f 1383/3198/1314 1384/3165/1315 1395/3199/1326
f 1384/3165/1315 1381/3161/1313 1395/3199/1326
f 1395/3200/1326 1381/3177/1313 1396/3201/1327
f 1383/3198/1314 1395/3199/1326 1396/3202/1327
f 1376/3186/1311 1396/3201/1327 1381/3177/1313
f 1377/3155/1312 1396/3203/1327 1376/3154/1311
f 1377/3155/1312 1383/3204/1314 1396/3203/1327
f 1400/3205/1328 1397/3206/1329 1398/3207/1330
f 1397/3206/1329 1399/3208/1331 1398/3207/1330
f 1397/3206/1329 1401/3209/1332 1399/3208/1331
f 1397/3210/1329 1400/3211/1328 1402/3212/1333
f 1402/3212/1333 1401/3213/1332 1397/3210/1329
f 1401/3209/1332 1402/3214/1333 1403/3215/1334
f 1409/3216/1335 1403/3217/1334 1402/3218/1333
f 1404/3219/1336 1405/3220/1337 1402/3212/1333
f 1400/3211/1328 1404/3219/1336 1402/3212/1333
f 1405/3220/1337 1406/3221/1338 1402/3212/1333
f 1406/3221/1338 1407/3222/1339 1402/3212/1333
f 1407/3222/1339 1408/3223/1340 1402/3212/1333
f 1408/3223/1340 1409/3224/1335 1402/3212/1333
f 1410/3225/1341 1409/3216/1335 1408/3226/1340
f 1409/3216/1335 1410/3225/1341 1403/3217/1334
f 1410/3227/1341 1411/3228/1342 1413/3229/1343
f 1410/3225/1341 1408/3226/1340 1411/3230/1342
f 1403/3231/1334 1410/3227/1341 1412/3232/1344
f 1410/3227/1341 1413/3229/1343 1412/3232/1344
f 1414/3233/1345 1415/3234/1346 1413/3229/1343
f 1411/3228/1342 1414/3233/1345 1413/3229/1343
f 1413/3235/1343 1415/3236/1346 1417/3237/1347
f 1412/3238/1344 1413/3235/1343 1416/3239/1348
f 1413/3235/1343 1417/3237/1347 1416/3239/1348
f 1418/3240/1349 1419/3241/1350 1417/3242/1347
f 1415/3243/1346 1418/3244/1349 1417/3245/1347
f 1416/3246/1348 1417/3242/1347 1419/3241/1350
f 1418/3240/1349 1420/3247/1351 1419/3241/1350
f 1416/3246/1348 1419/3241/1350 1423/3248/1352
f 1419/3249/1350 1420/3250/1351 1422/3251/1353
f 1423/3252/1352 1419/3253/1350 1421/3254/1354
f 1419/3249/1350 1422/3251/1353 1421/3255/1354
f 1416/3246/1348 1423/3248/1352 1425/3256/1355
f 1425/3257/1355 1423/3252/1352 1424/3258/1356
f 1423/3252/1352 1421/3254/1354 1424/3258/1356
f 1427/3259/1357 1425/3257/1355 1426/3260/1358
f 1425/3257/1355 1424/3258/1356 1426/3260/1358
f 1428/3261/1359 1425/3256/1355 1427/3262/1357
f 1416/3246/1348 1425/3256/1355 1428/3261/1359
f 1429/3263/1360 1412/3238/1344 1428/3264/1359
f 1412/3238/1344 1416/3239/1348 1428/3264/1359
f 1429/3263/1360 1428/3264/1359 1430/3265/1361
f 1428/3261/1359 1427/3262/1357 1430/3266/1361
f 1433/3267/1362 1429/3268/1360 1430/3269/1361
f 1432/3270/1363 1431/3271/1364 1430/3266/1361
f 1433/3267/1362 1430/3269/1361 1431/3272/1364
f 1432/3270/1363 1430/3266/1361 1427/3262/1357
f 1399/3273/1331 1429/3274/1360 1433/3275/1362
f 1398/3276/1330 1399/3273/1331 1433/3275/1362
f 1433/3275/1362 1434/3277/1365 1398/3276/1330
f 1434/3278/1365 1433/3267/1362 1431/3272/1364
f 1435/3279/1366 1398/3276/1330 1434/3277/1365
f 1434/3277/1365 1437/3280/1367 1435/3279/1366
f 1437/3281/1367 1434/3278/1365 1436/3282/1368
f 1434/3278/1365 1431/3272/1364 1436/3282/1368
f 1439/3283/1369 1437/3284/1367 1438/3285/1370
f 1437/3281/1367 1436/3282/1368 1438/3286/1370
f 1437/3280/1367 1439/3287/1369 1435/3279/1366
f 1441/3288/1371 1439/3283/1369 1440/3289/1372
f 1439/3283/1369 1438/3285/1370 1440/3289/1372
f 1441/3290/1371 1442/3291/1373 1439/3287/1369
f 1442/3291/1373 1435/3279/1366 1439/3287/1369
f 1404/3292/1336 1442/3293/1373 1443/3294/1374
f 1404/3292/1336 1435/3295/1366 1442/3293/1373
f 1443/3296/1374 1442/3291/1373 1441/3290/1371
f 1404/3292/1336 1443/3294/1374 1444/3297/1375
f 1443/3294/1374 1405/3298/1337 1444/3297/1375
f 1443/3294/1374 1445/3299/1376 1405/3298/1337
f 1445/3300/1376 1443/3296/1374 1446/3301/1377
f 1441/3290/1371 1446/3301/1377 1443/3296/1374
f 1447/3302/1378 1445/3300/1376 1446/3301/1377
f 1446/3301/1377 1450/3303/1379 1447/3302/1378
f 1446/3304/1377 1441/3288/1371 1449/3305/1380
f 1450/3306/1379 1446/3307/1377 1448/3308/1381
f 1446/3304/1377 1449/3305/1380 1448/3309/1381
f 1447/3302/1378 1450/3303/1379 1452/3310/1382
f 1452/3311/1382 1450/3306/1379 1451/3312/1383
f 1450/3306/1379 1448/3308/1381 1451/3312/1383
f 1453/3313/1384 1447/3302/1378 1452/3310/1382
f 1452/3310/1382 1415/3234/1346 1453/3313/1384
f 1415/3243/1346 1452/3311/1382 1418/3244/1349
f 1452/3311/1382 1451/3312/1383 1418/3244/1349
f 1447/3314/1378 1453/3315/1384 1406/3316/1338
f 1414/3233/1345 1453/3313/1384 1415/3234/1346
f 1407/3317/1339 1453/3315/1384 1414/3318/1345
f 1407/3317/1339 1406/3316/1338 1453/3315/1384
f 1418/3240/1349 1451/3319/1383 1454/3320/1385
f 1451/3319/1383 1455/3321/1386 1454/3320/1385
f 1451/3319/1383 1448/3322/1381 1455/3321/1386
f 1455/3323/1386 1456/3324/1387 1458/3325/1388
f 1449/3326/1380 1456/3327/1387 1455/3321/1386
f 1454/3328/1385 1455/3329/1386 1457/3330/1389
f 1455/3323/1386 1458/3325/1388 1457/3331/1389
f 1449/3326/1380 1455/3321/1386 1448/3322/1381
f 1456/3324/1387 1459/3332/1390 1458/3325/1388
f 1459/3333/1390 1460/3334/1391 1458/3335/1388
f 1457/3336/1389 1458/3335/1388 1461/3337/1392
f 1460/3334/1391 1461/3337/1392 1458/3335/1388
f 1461/3337/1392 1465/3338/1393 1462/3339/1394
f 1461/3337/1392 1462/3339/1394 1457/3336/1389
f 1461/3340/1392 1460/3341/1391 1464/3342/1395
f 1465/3343/1393 1461/3344/1392 1463/3345/1396
f 1461/3340/1392 1464/3342/1395 1463/3346/1396
f 1465/3338/1393 1422/3347/1353 1462/3339/1394
f 1465/3338/1393 1467/3348/1397 1422/3347/1353
f 1467/3349/1397 1465/3343/1393 1466/3350/1398
f 1465/3343/1393 1463/3345/1396 1466/3350/1398
f 1467/3348/1397 1421/3351/1354 1422/3347/1353
f 1467/3348/1397 1469/3352/1399 1421/3351/1354
f 1469/3353/1399 1467/3349/1397 1468/3354/1400
f 1467/3349/1397 1466/3350/1398 1468/3354/1400
f 1469/3352/1399 1471/3355/1401 1421/3351/1354
f 1471/3356/1401 1469/3357/1399 1470/3358/1402
f 1469/3353/1399 1468/3354/1400 1470/3359/1402
f 1471/3355/1401 1424/3360/1356 1421/3351/1354
f 1471/3355/1401 1473/3361/1403 1424/3360/1356
f 1473/3362/1403 1471/3356/1401 1472/3363/1404
f 1471/3356/1401 1470/3358/1402 1472/3363/1404
f 1475/3364/1405 1473/3362/1403 1474/3365/1406
f 1473/3362/1403 1472/3363/1404 1474/3365/1406
f 1473/3361/1403 1475/3366/1405 1426/3367/1358
f 1424/3360/1356 1473/3361/1403 1426/3367/1358
f 1478/3368/1407 1475/3369/1405 1476/3370/1408
f 1475/3364/1405 1474/3365/1406 1476/3371/1408
f 1475/3366/1405 1477/3372/1409 1426/3367/1358
f 1475/3366/1405 1478/3373/1407 1477/3372/1409
f 1478/3373/1407 1481/3374/1410 1479/3375/1411
f 1477/3372/1409 1478/3373/1407 1479/3375/1411
f 1481/3376/1410 1478/3368/1407 1480/3377/1394
f 1478/3368/1407 1476/3370/1408 1480/3377/1394
f 1482/3378/1412 1479/3375/1411 1481/3374/1410
f 1483/3379/1413 1482/3378/1412 1481/3374/1410
f 1481/3374/1410 1485/3380/1414 1483/3379/1413
f 1485/3381/1414 1481/3376/1410 1484/3382/1415
f 1481/3376/1410 1480/3377/1394 1484/3382/1415
f 1487/3383/1416 1485/3384/1414 1486/3385/1417
f 1485/3381/1414 1484/3382/1415 1486/3386/1417
f 1485/3380/1414 1487/3387/1416 1483/3379/1413
f 1460/3341/1391 1487/3383/1416 1488/3388/1418
f 1487/3383/1416 1486/3385/1417 1488/3388/1418
f 1487/3387/1416 1460/3334/1391 1459/3333/1390
f 1459/3333/1390 1483/3379/1413 1487/3387/1416
f 1460/3341/1391 1488/3388/1418 1464/3342/1395
f 1488/3389/1418 1486/3390/1417 1489/3391/1419
f 1464/3392/1395 1488/3389/1418 1490/3393/1420
f 1488/3389/1418 1489/3391/1419 1490/3393/1420
f 1490/3394/1420 1489/3395/1419 1492/3396/1421
f 1493/3397/1422 1490/3394/1420 1491/3398/1423
f 1490/3394/1420 1492/3396/1421 1491/3398/1423
f 1464/3392/1395 1490/3393/1420 1493/3399/1422
f 1495/3400/1424 1493/3397/1422 1494/3401/1425
f 1493/3397/1422 1491/3398/1423 1494/3401/1425
f 1463/3402/1396 1493/3399/1422 1495/3403/1424
f 1463/3402/1396 1464/3392/1395 1493/3399/1422
f 1466/3404/1398 1495/3403/1424 1497/3405/1426
f 1466/3404/1398 1463/3402/1396 1495/3403/1424
f 1497/3406/1426 1495/3407/1424 1496/3408/1427
f 1495/3400/1424 1494/3401/1425 1496/3409/1427
f 1468/3410/1400 1466/3404/1398 1497/3405/1426
f 1499/3411/1428 1468/3410/1400 1497/3405/1426
f 1499/3412/1428 1497/3406/1426 1498/3413/1429
f 1497/3406/1426 1496/3408/1427 1498/3413/1429
f 1499/3411/1428 1501/3414/1430 1468/3410/1400
f 1501/3415/1430 1499/3412/1428 1500/3416/1431
f 1499/3412/1428 1498/3413/1429 1500/3416/1431
f 1501/3414/1430 1470/3417/1402 1468/3410/1400
f 1501/3414/1430 1503/3418/1416 1470/3417/1402
f 1503/3419/1416 1501/3420/1430 1502/3421/1432
f 1501/3415/1430 1500/3416/1431 1502/3422/1432
f 1503/3418/1416 1472/3423/1404 1470/3417/1402
f 1503/3418/1416 1505/3424/1391 1472/3423/1404
f 1505/3425/1391 1503/3419/1416 1504/3426/1433
f 1503/3419/1416 1502/3421/1432 1504/3426/1433
f 1505/3424/1391 1474/3427/1406 1472/3423/1404
f 1505/3424/1391 1476/3428/1408 1474/3427/1406
f 1505/3424/1391 1507/3429/1434 1476/3428/1408
f 1507/3430/1434 1505/3425/1391 1506/3431/1435
f 1505/3425/1391 1504/3426/1433 1506/3431/1435
f 1507/3429/1434 1480/3432/1394 1476/3428/1408
f 1507/3429/1434 1508/3433/1436 1480/3432/1394
f 1508/3434/1436 1507/3435/1434 1509/3436/1437
f 1507/3430/1434 1506/3431/1435 1509/3437/1437
f 1511/3438/1438 1510/3439/1439 1509/3440/1437
f 1508/3434/1436 1509/3436/1437 1510/3441/1439
f 1512/3442/1440 1509/3440/1437 1506/3443/1435
f 1511/3438/1438 1509/3440/1437 1512/3442/1440
f 1512/3442/1440 1506/3443/1435 1513/3444/1441
f 1514/3445/1442 1511/3446/1438 1512/3447/1440
f 1515/3448/1443 1512/3449/1440 1513/3450/1441
f 1514/3445/1442 1512/3447/1440 1515/3451/1443
f 1516/3452/1444 1517/3453/1445 1515/3448/1443
f 1516/3452/1444 1515/3448/1443 1518/3454/1446
f 1517/3455/1445 1514/3445/1442 1515/3451/1443
f 1515/3448/1443 1513/3450/1441 1518/3454/1446
f 1519/3456/1447 1516/3452/1444 1518/3454/1446
f 1519/3456/1447 1518/3454/1446 1520/3457/1448
f 1518/3454/1446 1521/3458/1449 1520/3457/1448
f 1518/3454/1446 1513/3450/1441 1521/3458/1449
f 1506/3443/1435 1504/3459/1433 1521/3460/1449
f 1504/3459/1433 1522/3461/1450 1521/3460/1449
f 1506/3443/1435 1521/3460/1449 1513/3444/1441
f 1520/3457/1448 1521/3458/1449 1522/3462/1450
f 1504/3459/1433 1502/3463/1432 1522/3461/1450
f 1502/3463/1432 1523/3464/1451 1522/3461/1450
f 1524/3465/1452 1522/3466/1450 1523/3467/1451
f 1520/3457/1448 1522/3462/1450 1524/3468/1452
f 1527/3469/1453 1525/3470/1454 1524/3465/1452
f 1525/3471/1454 1520/3457/1448 1524/3468/1452
f 1524/3465/1452 1523/3467/1451 1526/3472/1455
f 1527/3469/1453 1524/3465/1452 1526/3472/1455
f 1529/3473/1456 1527/3474/1453 1528/3475/1457
f 1530/3476/1458 1528/3475/1457 1527/3474/1453
f 1529/3473/1456 1525/3477/1454 1527/3474/1453
f 1530/3478/1458 1527/3469/1453 1526/3472/1455
f 1530/3476/1458 1533/3479/1459 1531/3480/1460
f 1530/3476/1458 1531/3480/1460 1532/3481/1461
f 1530/3476/1458 1532/3481/1461 1528/3475/1457
f 1533/3482/1459 1530/3478/1458 1534/3483/1462
f 1530/3478/1458 1526/3472/1455 1534/3483/1462
f 1534/3483/1462 1536/3484/1463 1535/3485/1464
f 1534/3483/1462 1535/3485/1464 1537/3486/1096
f 1526/3472/1455 1536/3484/1463 1534/3483/1462
f 1533/3482/1459 1534/3483/1462 1537/3486/1096
f 1537/3487/1096 1535/3488/1464 1538/3489/1465
f 1537/3487/1096 1538/3489/1465 1540/3490/1466
f 1539/3491/1467 1533/3492/1459 1537/3487/1096
f 1539/3491/1467 1537/3487/1096 1540/3490/1466
f 1540/3490/1466 1538/3489/1465 1543/3493/1468
f 1541/3494/1469 1539/3491/1467 1540/3490/1466
f 1541/3494/1469 1540/3490/1466 1542/3495/1470
f 1540/3490/1466 1543/3493/1468 1542/3495/1470
f 1538/3496/1465 1491/3497/1423 1543/3498/1468
f 1491/3497/1423 1544/3499/1471 1543/3498/1468
f 1542/3495/1470 1543/3493/1468 1544/3500/1471
f 1491/3497/1423 1492/3501/1421 1544/3499/1471
f 1492/3501/1421 1545/3502/1472 1544/3499/1471
f 1546/3503/1065 1544/3504/1471 1545/3505/1472
f 1542/3495/1470 1544/3500/1471 1546/3506/1065
f 1546/3503/1065 1545/3505/1472 1547/3507/1473
f 1548/3508/1474 1546/3503/1065 1547/3507/1473
f 1548/3508/1474 1549/3509/1475 1546/3503/1065
f 1549/3510/1475 1542/3495/1470 1546/3506/1065
f 1550/3511/1476 1549/3512/1475 1548/3513/1474
f 1549/3510/1475 1541/3494/1469 1542/3495/1470
f 1551/3514/1477 1541/3515/1469 1549/3512/1475
f 1551/3514/1477 1549/3512/1475 1550/3511/1476
f 1551/3516/1477 1552/3517/1478 1553/3518/1479
f 1550/3519/1476 1552/3517/1478 1551/3516/1477
f 1551/3516/1477 1553/3518/1479 1554/3520/1480
f 1539/3521/1467 1551/3514/1477 1554/3522/1480
f 1539/3521/1467 1541/3515/1469 1551/3514/1477
f 1533/3479/1459 1539/3521/1467 1554/3522/1480
f 1533/3479/1459 1554/3522/1480 1531/3480/1460
f 1554/3520/1480 1555/3523/1481 1531/3524/1460
f 1554/3520/1480 1553/3518/1479 1555/3523/1481
f 1555/3525/1481 1556/3526/1482 1557/3527/1483
f 1555/3525/1481 1553/3528/1479 1556/3526/1482
f 1558/3529/1484 1555/3525/1481 1557/3527/1483
f 1531/3530/1460 1555/3531/1481 1558/3532/1484
f 1558/3529/1484 1557/3527/1483 1559/3533/1485
f 1559/3533/1485 1560/3534/1486 1558/3529/1484
f 1531/3530/1460 1558/3532/1484 1532/3535/1461
f 1532/3535/1461 1558/3532/1484 1560/3536/1486
f 1559/3533/1485 1561/3537/1487 1560/3534/1486
f 1532/3535/1461 1560/3536/1486 1528/3538/1457
f 1528/3538/1457 1560/3536/1486 1561/3539/1487
f 1528/3538/1457 1561/3539/1487 1529/3540/1456
f 1529/3541/1456 1561/3542/1487 1562/3543/1488
f 1562/3544/1488 1561/3537/1487 1563/3545/1489
f 1559/3533/1485 1563/3545/1489 1561/3537/1487
f 1563/3546/1489 1564/3547/1490 1565/3548/1491
f 1559/3549/1485 1564/3550/1490 1563/3551/1489
f 1563/3546/1489 1565/3548/1491 1566/3552/1369
f 1566/3553/1369 1562/3544/1488 1563/3545/1489
f 1566/3552/1369 1565/3548/1491 1567/3554/1492
f 1566/3552/1369 1567/3554/1492 1568/3555/1493
f 1568/3556/1493 1569/3557/1494 1566/3553/1369
f 1569/3557/1494 1562/3544/1488 1566/3553/1369
f 1570/3558/1495 1562/3543/1488 1569/3559/1494
f 1570/3558/1495 1569/3559/1494 1571/3560/1496
f 1571/3560/1496 1569/3559/1494 1572/3561/1497
f 1573/3562/1498 1572/3563/1497 1569/3557/1494
f 1568/3556/1493 1573/3562/1498 1569/3557/1494
f 1573/3564/1498 1575/3565/1499 1574/3566/1500
f 1573/3564/1498 1574/3566/1500 1576/3567/1501
f 1568/3555/1493 1575/3568/1499 1573/3569/1498
f 1573/3562/1498 1576/3570/1501 1572/3563/1497
f 1576/3567/1501 1574/3566/1500 1577/3571/1502
f 1576/3567/1501 1577/3571/1502 1578/3572/1503
f 1579/3573/1504 1576/3570/1501 1578/3574/1503
f 1579/3573/1504 1580/3575/1505 1576/3570/1501
f 1576/3570/1501 1580/3575/1505 1572/3563/1497
f 1581/3576/1506 1572/3577/1497 1580/3578/1505
f 1581/3576/1506 1580/3578/1505 1582/3579/1507
f 1582/3579/1507 1580/3578/1505 1579/3580/1504
f 1582/3579/1507 1579/3580/1504 1583/3581/1508
f 1584/3582/1509 1582/3583/1507 1583/3584/1508
f 1584/3582/1509 1581/3585/1506 1582/3583/1507
f 1517/3455/1445 1584/3586/1509 1514/3445/1442
f 1584/3586/1509 1547/3507/1473 1514/3445/1442
f 1584/3586/1509 1548/3508/1474 1547/3507/1473
f 1584/3582/1509 1583/3584/1508 1548/3513/1474
f 1584/3582/1509 1517/3587/1445 1581/3585/1506
f 1583/3581/1508 1579/3580/1504 1585/3588/1510
f 1583/3581/1508 1585/3588/1510 1550/3589/1476
f 1550/3511/1476 1548/3513/1474 1583/3584/1508
f 1585/3590/1510 1579/3573/1504 1586/3591/1511
f 1550/3519/1476 1585/3592/1510 1552/3517/1478
f 1552/3593/1478 1585/3590/1510 1587/3594/1343
f 1585/3590/1510 1586/3591/1511 1587/3594/1343
f 1587/3595/1343 1588/3596/1512 1589/3597/1494
f 1586/3598/1511 1588/3596/1512 1587/3595/1343
f 1587/3595/1343 1589/3597/1494 1590/3599/1344
f 1552/3593/1478 1587/3594/1343 1590/3600/1344
f 1553/3528/1479 1590/3600/1344 1556/3526/1482
f 1590/3599/1344 1591/3601/1513 1556/3602/1482
f 1553/3528/1479 1552/3593/1478 1590/3600/1344
f 1590/3599/1344 1589/3597/1494 1591/3601/1513
f 1591/3603/1513 1589/3604/1494 1592/3605/1514
f 1593/3606/1515 1591/3603/1513 1592/3605/1514
f 1556/3607/1482 1591/3608/1513 1593/3609/1515
f 1593/3606/1515 1592/3605/1514 1594/3610/1516
f 1595/3611/1517 1593/3606/1515 1594/3610/1516
f 1556/3607/1482 1593/3609/1515 1557/3612/1483
f 1557/3612/1483 1593/3609/1515 1595/3613/1517
f 1594/3610/1516 1596/3614/1518 1595/3611/1517
f 1564/3615/1490 1595/3611/1517 1596/3614/1518
f 1557/3612/1483 1595/3613/1517 1559/3549/1485
f 1559/3549/1485 1595/3613/1517 1564/3550/1490
f 1596/3616/1518 1599/3617/1519 1597/3618/1520
f 1596/3616/1518 1597/3618/1520 1598/3619/1521
f 1594/3620/1516 1599/3617/1519 1596/3616/1518
f 1596/3614/1518 1598/3621/1521 1564/3615/1490
f 1600/3622/1522 1599/3623/1519 1602/3624/1523
f 1601/3625/1524 1599/3623/1519 1600/3622/1522
f 1601/3625/1524 1597/3626/1520 1599/3623/1519
f 1594/3620/1516 1602/3627/1523 1599/3617/1519
f 1603/3628/1525 1602/3624/1523 1604/3629/1526
f 1600/3622/1522 1602/3624/1523 1603/3628/1525
f 1592/3630/1514 1604/3631/1526 1602/3627/1523
f 1592/3630/1514 1602/3627/1523 1594/3620/1516
f 1604/3629/1526 1607/3632/1527 1605/3633/1528
f 1604/3629/1526 1605/3633/1528 1606/3634/1529
f 1603/3628/1525 1604/3629/1526 1606/3634/1529
f 1608/3635/1530 1607/3636/1527 1604/3637/1526
f 1608/3635/1530 1604/3637/1526 1592/3638/1514
f 1589/3604/1494 1608/3639/1530 1592/3605/1514
f 1589/3604/1494 1609/3640/1531 1608/3639/1530
f 1609/3641/1531 1607/3636/1527 1608/3635/1530
f 1609/3641/1531 1610/3642/1532 1607/3636/1527
f 1611/3643/1533 1610/3642/1532 1609/3641/1531
f 1588/3644/1512 1611/3645/1533 1609/3640/1531
f 1589/3604/1494 1588/3644/1512 1609/3640/1531
f 1611/3643/1533 1612/3646/1534 1610/3642/1532
f 1613/3647/1535 1612/3648/1534 1611/3649/1533
f 1577/3650/1502 1613/3651/1535 1611/3645/1533
f 1588/3644/1512 1614/3652/1536 1611/3645/1533
f 1614/3652/1536 1577/3650/1502 1611/3645/1533
f 1578/3572/1503 1577/3571/1502 1614/3653/1536
f 1578/3572/1503 1614/3653/1536 1586/3654/1511
f 1586/3598/1511 1614/3655/1536 1588/3596/1512
f 1613/3647/1535 1615/3656/1537 1612/3648/1534
f 1616/3657/1538 1615/3656/1537 1613/3647/1535
f 1577/3650/1502 1616/3658/1538 1613/3651/1535
f 1616/3657/1538 1617/3659/1539 1615/3656/1537
f 1618/3660/1360 1617/3659/1539 1616/3657/1538
f 1575/3661/1499 1618/3662/1360 1616/3658/1538
f 1574/3663/1500 1575/3661/1499 1616/3658/1538
f 1577/3650/1502 1574/3663/1500 1616/3658/1538
f 1618/3660/1360 1619/3664/1540 1617/3659/1539
f 1620/3665/1541 1619/3666/1540 1618/3667/1360
f 1618/3662/1360 1575/3661/1499 1620/3668/1541
f 1620/3665/1541 1621/3669/1542 1619/3666/1540
f 1622/3670/1543 1621/3669/1542 1620/3665/1541
f 1620/3668/1541 1565/3671/1491 1622/3672/1543
f 1575/3661/1499 1567/3673/1492 1620/3668/1541
f 1567/3673/1492 1565/3671/1491 1620/3668/1541
f 1622/3670/1543 1623/3674/1544 1621/3669/1542
f 1598/3675/1521 1623/3674/1544 1622/3670/1543
f 1598/3621/1521 1622/3672/1543 1564/3615/1490
f 1565/3671/1491 1564/3615/1490 1622/3672/1543
f 1624/3676/1545 1623/3677/1544 1597/3626/1520
f 1598/3675/1521 1597/3678/1520 1623/3674/1544
f 1621/3679/1542 1623/3677/1544 1624/3676/1545
f 1624/3680/1545 1625/3681/1546 1626/3682/1547
f 1601/3683/1524 1625/3681/1546 1624/3680/1545
f 1624/3680/1545 1626/3682/1547 1627/3684/1548
f 1624/3676/1545 1597/3626/1520 1601/3625/1524
f 1621/3679/1542 1624/3676/1545 1627/3685/1548
f 1627/3684/1548 1626/3682/1547 1628/3686/1396
f 1627/3684/1548 1628/3686/1396 1629/3687/1549
f 1619/3688/1540 1621/3679/1542 1627/3685/1548
f 1619/3688/1540 1627/3685/1548 1629/3689/1549
f 1629/3690/1549 1628/3691/1396 1630/3692/1550
f 1629/3690/1549 1630/3692/1550 1631/3693/1551
f 1617/3694/1539 1629/3689/1549 1631/3695/1551
f 1617/3694/1539 1619/3688/1540 1629/3689/1549
f 1631/3693/1551 1630/3692/1550 1632/3696/1552
f 1631/3693/1551 1632/3696/1552 1633/3697/1553
f 1615/3698/1537 1631/3695/1551 1633/3699/1553
f 1615/3698/1537 1617/3694/1539 1631/3695/1551
f 1633/3697/1553 1632/3696/1552 1634/3700/1554
f 1633/3697/1553 1634/3700/1554 1635/3701/1555
f 1612/3702/1534 1633/3699/1553 1635/3703/1555
f 1612/3702/1534 1615/3698/1537 1633/3699/1553
f 1635/3704/1555 1634/3705/1554 1636/3706/1556
f 1635/3704/1555 1636/3706/1556 1637/3707/1557
f 1612/3702/1534 1635/3703/1555 1637/3708/1557
f 1637/3707/1557 1636/3706/1556 1638/3709/1558
f 1637/3707/1557 1638/3709/1558 1605/3710/1528
f 1612/3702/1534 1637/3708/1557 1610/3711/1532
f 1610/3711/1532 1637/3708/1557 1605/3633/1528
f 1639/3712/1559 1640/3713/1389 1638/3714/1558
f 1641/3715/1560 1639/3712/1559 1638/3714/1558
f 1641/3715/1560 1638/3714/1558 1636/3716/1556
f 1605/3710/1528 1638/3709/1558 1640/3717/1389
f 1639/3718/1559 1641/3719/1560 1642/3720/1561
f 1642/3720/1561 1641/3719/1560 1643/3721/1562
f 1643/3722/1562 1641/3715/1560 1634/3723/1554
f 1641/3715/1560 1636/3716/1556 1634/3723/1554
f 1644/3724/1563 1643/3725/1562 1645/3726/1564
f 1642/3720/1561 1643/3721/1562 1644/3727/1563
f 1645/3728/1564 1643/3722/1562 1634/3723/1554
f 1647/3729/1565 1646/3730/1566 1645/3726/1564
f 1644/3724/1563 1645/3726/1564 1646/3730/1566
f 1647/3731/1565 1645/3728/1564 1630/3732/1550
f 1632/3733/1552 1630/3732/1550 1645/3728/1564
f 1645/3728/1564 1634/3723/1554 1632/3733/1552
f 1647/3729/1565 1648/3734/1567 1646/3730/1566
f 1649/3735/1568 1648/3734/1567 1647/3729/1565
f 1649/3736/1568 1647/3731/1565 1628/3737/1396
f 1628/3737/1396 1647/3731/1565 1630/3732/1550
f 1649/3738/1568 1652/3739/1569 1650/3740/1570
f 1649/3738/1568 1650/3740/1570 1651/3741/1571
f 1649/3735/1568 1651/3742/1571 1648/3734/1567
f 1652/3743/1569 1649/3736/1568 1626/3744/1547
f 1628/3737/1396 1626/3744/1547 1649/3736/1568
f 1652/3739/1569 1654/3745/1572 1653/3746/1573
f 1652/3739/1569 1653/3746/1573 1650/3740/1570
f 1654/3747/1572 1652/3743/1569 1626/3744/1547
f 1654/3745/1572 1656/3748/1574 1653/3746/1573
f 1655/3749/1575 1654/3747/1572 1625/3750/1546
f 1654/3745/1572 1655/3751/1575 1656/3748/1574
f 1626/3744/1547 1625/3750/1546 1654/3747/1572
f 1656/3752/1574 1658/3753/1576 1657/3754/1577
f 1653/3755/1573 1656/3752/1574 1657/3754/1577
f 1659/3756/1578 1658/3757/1576 1656/3758/1574
f 1659/3756/1578 1656/3758/1574 1655/3759/1575
f 1658/3757/1576 1659/3756/1578 1660/3760/1579
f 1661/3761/1353 1660/3762/1579 1659/3763/1578
f 1659/3763/1578 1662/3764/1580 1661/3761/1353
f 1662/3764/1580 1659/3763/1578 1655/3749/1575
f 1600/3765/1522 1661/3766/1353 1662/3767/1580
f 1600/3765/1522 1662/3767/1580 1601/3768/1524
f 1601/3683/1524 1662/3769/1580 1625/3681/1546
f 1625/3750/1546 1662/3764/1580 1655/3749/1575
f 1661/3761/1353 1663/3770/1581 1660/3762/1579
f 1603/3771/1525 1663/3772/1581 1661/3766/1353
f 1603/3771/1525 1661/3766/1353 1600/3765/1522
f 1664/3773/1582 1663/3770/1581 1640/3713/1389
f 1664/3773/1582 1660/3762/1579 1663/3770/1581
f 1606/3774/1529 1640/3775/1389 1663/3772/1581
f 1606/3774/1529 1663/3772/1581 1603/3771/1525
f 1639/3712/1559 1664/3773/1582 1640/3713/1389
f 1657/3776/1577 1664/3777/1582 1639/3718/1559
f 1660/3760/1579 1664/3778/1582 1657/3779/1577
f 1660/3760/1579 1657/3779/1577 1665/3780/1583
f 1658/3757/1576 1660/3760/1579 1665/3780/1583
f 1658/3753/1576 1665/3781/1583 1657/3754/1577
f 1646/3782/1566 1651/3783/1571 1657/3754/1577
f 1644/3784/1563 1646/3782/1566 1657/3754/1577
f 1642/3785/1561 1644/3784/1563 1657/3754/1577
f 1657/3754/1577 1666/3786/1584 1642/3785/1561
f 1657/3776/1577 1639/3718/1559 1666/3787/1584
f 1651/3783/1571 1653/3755/1573 1657/3754/1577
f 1639/3718/1559 1642/3720/1561 1666/3787/1584
f 1651/3783/1571 1650/3788/1570 1653/3755/1573
f 1646/3782/1566 1648/3789/1567 1651/3783/1571
f 1605/3710/1528 1640/3717/1389 1606/3790/1529
f 1610/3711/1532 1605/3633/1528 1607/3632/1527
f 1578/3574/1503 1586/3591/1511 1579/3573/1504
f 1571/3560/1496 1572/3561/1497 1581/3791/1506
f 1517/3587/1445 1571/3792/1496 1581/3585/1506
f 1568/3555/1493 1567/3554/1492 1575/3568/1499
f 1571/3792/1496 1519/3793/1447 1570/3794/1495
f 1517/3587/1445 1516/3795/1444 1571/3792/1496
f 1571/3792/1496 1516/3795/1444 1519/3793/1447
f 1529/3541/1456 1562/3543/1488 1570/3558/1495
f 1570/3794/1495 1525/3477/1454 1529/3473/1456
f 1570/3794/1495 1519/3793/1447 1525/3477/1454
f 1547/3507/1473 1511/3446/1438 1514/3445/1442
f 1547/3507/1473 1545/3505/1472 1511/3446/1438
f 1492/3501/1421 1667/3796/1585 1545/3502/1472
f 1667/3796/1585 1511/3438/1438 1545/3502/1472
f 1489/3797/1419 1668/3798/1586 1667/3799/1585
f 1489/3797/1419 1667/3799/1585 1492/3800/1421
f 1667/3796/1585 1510/3439/1439 1511/3438/1438
f 1668/3798/1586 1510/3441/1439 1667/3799/1585
f 1484/3801/1415 1480/3432/1394 1668/3802/1586
f 1480/3432/1394 1508/3433/1436 1668/3802/1586
f 1668/3802/1586 1486/3390/1417 1484/3801/1415
f 1486/3390/1417 1668/3802/1586 1489/3391/1419
f 1668/3798/1586 1508/3434/1436 1510/3441/1439
f 1535/3803/1464 1494/3804/1425 1538/3496/1465
f 1538/3496/1465 1494/3804/1425 1491/3497/1423
f 1496/3805/1427 1535/3803/1464 1536/3806/1463
f 1526/3472/1455 1523/3467/1451 1536/3484/1463
f 1500/3807/1431 1536/3806/1463 1523/3464/1451
f 1496/3805/1427 1536/3806/1463 1498/3808/1429
f 1500/3807/1431 1498/3808/1429 1536/3806/1463
f 1535/3803/1464 1496/3805/1427 1494/3804/1425
f 1525/3471/1454 1519/3456/1447 1520/3457/1448
f 1502/3463/1432 1500/3807/1431 1523/3464/1451
f 1670/3809/1587 1669/3810/1588 1483/3811/1413
f 1669/3812/1588 1482/3813/1412 1483/3814/1413
f 1670/3809/1587 1483/3811/1413 1459/3332/1390
f 1440/3815/1372 1669/3816/1588 1670/3817/1587
f 1456/3324/1387 1670/3809/1587 1459/3332/1390
f 1449/3326/1380 1670/3817/1587 1456/3327/1387
f 1449/3326/1380 1440/3815/1372 1670/3817/1587
f 1669/3812/1588 1671/3818/1589 1482/3813/1412
f 1669/3816/1588 1438/3819/1370 1436/3820/1368
f 1669/3816/1588 1436/3820/1368 1671/3821/1589
f 1440/3815/1372 1438/3819/1370 1669/3816/1588
f 1671/3821/1589 1436/3820/1368 1431/3271/1364
f 1671/3821/1589 1431/3271/1364 1432/3270/1363
f 1671/3818/1589 1432/3822/1363 1479/3823/1411
f 1671/3818/1589 1479/3823/1411 1482/3813/1412
f 1432/3822/1363 1477/3824/1409 1479/3823/1411
f 1432/3822/1363 1427/3825/1357 1477/3824/1409
f 1427/3259/1357 1426/3260/1358 1477/3826/1409
f 1420/3250/1351 1462/3827/1394 1422/3251/1353
f 1420/3250/1351 1454/3328/1385 1462/3827/1394
f 1454/3328/1385 1457/3330/1389 1462/3827/1394
f 1418/3240/1349 1454/3320/1385 1420/3247/1351
f 1441/3288/1371 1440/3289/1372 1449/3305/1380
f 1447/3314/1378 1672/3828/1590 1405/3829/1337
f 1447/3314/1378 1405/3829/1337 1445/3830/1376
f 1447/3314/1378 1406/3316/1338 1672/3828/1590
f 1405/3220/1337 1672/3831/1590 1406/3221/1338
f 1404/3219/1336 1444/3832/1375 1405/3220/1337
f 1404/3292/1336 1400/3833/1328 1435/3295/1366
f 1400/3205/1328 1398/3207/1330 1435/3834/1366
f 1403/3231/1334 1412/3232/1344 1429/3274/1360
f 1399/3273/1331 1403/3231/1334 1429/3274/1360
f 1407/3835/1339 1414/3836/1345 1411/3230/1342
f 1407/3835/1339 1411/3230/1342 1408/3226/1340
f 1401/3209/1332 1403/3215/1334 1399/3208/1331
f 1673/3837/1591 1674/3838/1592 1679/3839/1593
f 1673/3840/1591 1675/3841/1594 1674/3842/1592
f 1673/3840/1591 1680/3843/1595 1675/3841/1594
f 1676/3844/1596 1681/3845/1597 1673/3846/1591
f 1673/3846/1591 1677/3847/1598 1676/3844/1596
f 1685/3848/1599 1677/3847/1598 1673/3846/1591
f 1673/3846/1591 1678/3849/1600 1684/3850/1601
f 1673/3837/1591 1679/3839/1593 1678/3851/1600
f 1683/3852/1602 1680/3853/1595 1673/3846/1591
f 1681/3845/1597 1682/3854/1603 1673/3846/1591
f 1682/3854/1603 1683/3852/1602 1673/3846/1591
f 1684/3850/1601 1685/3848/1599 1673/3846/1591
f 1685/3855/1599 1684/3856/1601 1687/3857/1604
f 1677/3858/1598 1685/3855/1599 1686/3859/1605
f 1685/3855/1599 1687/3857/1604 1686/3859/1605
f 1684/3856/1601 1679/3839/1593 1687/3857/1604
f 1679/3839/1593 1688/3860/1606 1687/3857/1604
f 1687/3857/1604 1689/3861/1607 1686/3859/1605
f 1687/3857/1604 1688/3860/1606 1689/3861/1607
f 1689/3862/1607 1688/3863/1606 1691/3864/1608
f 1686/3859/1605 1689/3861/1607 1690/3865/1609
f 1690/3866/1609 1689/3862/1607 1691/3864/1608
f 1691/3864/1608 1692/3867/1610 1690/3866/1609
f 1693/3868/1611 1692/3869/1610 1691/3870/1608
f 1693/3868/1611 1691/3870/1608 1694/3871/1612
f 1694/3871/1612 1691/3870/1608 1696/3872/1613
f 1695/3873/1614 1697/3874/1615 1691/3864/1608
f 1695/3873/1614 1691/3864/1608 1688/3863/1606
f 1698/3875/1616 1696/3876/1613 1691/3864/1608
f 1697/3874/1615 1698/3875/1616 1691/3864/1608
f 1699/3877/1617 1696/3872/1613 1698/3878/1616
f 1699/3877/1617 1698/3878/1616 1700/3879/1618
f 1700/3880/1618 1698/3881/1616 1697/3882/1615
f 1701/3883/1619 1676/3884/1596 1700/3880/1618
f 1701/3883/1619 1700/3880/1618 1702/3885/1620
f 1676/3886/1596 1699/3877/1617 1700/3879/1618
f 1700/3880/1618 1697/3882/1615 1702/3885/1620
f 1703/3887/1621 1701/3883/1619 1702/3885/1620
f 1703/3887/1621 1702/3885/1620 1704/3888/1622
f 1702/3885/1620 1697/3882/1615 1695/3889/1614
f 1702/3885/1620 1695/3889/1614 1704/3888/1622
f 1705/3890/1623 1704/3888/1622 1695/3889/1614
f 1703/3887/1621 1704/3888/1622 1705/3890/1623
f 1705/3890/1623 1709/3891/1624 1706/3892/1625
f 1705/3890/1623 1706/3892/1625 1707/3893/1626
f 1703/3887/1621 1705/3890/1623 1708/3894/1627
f 1681/3895/1597 1705/3890/1623 1707/3893/1626
f 1681/3895/1597 1708/3894/1627 1705/3890/1623
f 1705/3890/1623 1695/3889/1614 1709/3891/1624
f 1706/3896/1625 1709/3897/1624 1695/3873/1614
f 1703/3898/1621 1708/3899/1627 1681/3845/1597
f 1707/3900/1626 1706/3901/1625 1710/3902/1628
f 1707/3900/1626 1710/3902/1628 1711/3903/1629
f 1682/3904/1603 1681/3905/1597 1707/3900/1626
f 1682/3904/1603 1707/3900/1626 1711/3903/1629
f 1711/3903/1629 1710/3902/1628 1712/3906/1630
f 1711/3903/1629 1712/3906/1630 1713/3907/1631
f 1683/3908/1602 1682/3904/1603 1711/3903/1629
f 1683/3908/1602 1711/3903/1629 1713/3907/1631
f 1675/3841/1594 1713/3907/1631 1712/3906/1630
f 1683/3908/1602 1713/3907/1631 1675/3841/1594
f 1712/3909/1630 1710/3910/1628 1695/3873/1614
f 1675/3841/1594 1712/3906/1630 1714/3911/1632
f 1715/3912/1633 1714/3913/1632 1712/3909/1630
f 1715/3912/1633 1712/3909/1630 1695/3873/1614
f 1675/3841/1594 1714/3911/1632 1715/3914/1633
f 1675/3841/1594 1715/3914/1633 1674/3842/1592
f 1679/3839/1593 1674/3838/1592 1715/3915/1633
f 1679/3839/1593 1715/3915/1633 1716/3916/1634
f 1688/3863/1606 1716/3917/1634 1715/3912/1633
f 1688/3863/1606 1715/3912/1633 1695/3873/1614
f 1679/3839/1593 1716/3916/1634 1688/3860/1606
f 1710/3910/1628 1706/3896/1625 1695/3873/1614
f 1701/3918/1619 1703/3898/1621 1681/3845/1597
f 1676/3844/1596 1701/3918/1619 1681/3845/1597
f 1694/3871/1612 1696/3872/1613 1699/3877/1617
f 1717/3919/1635 1694/3871/1612 1699/3877/1617
f 1676/3886/1596 1717/3919/1635 1699/3877/1617
f 1717/3920/1635 1676/3844/1596 1677/3847/1598
f 1718/3921/1636 1717/3920/1635 1677/3847/1598
f 1717/3919/1635 1718/3922/1636 1694/3871/1612
f 1677/3847/1598 1719/3923/1637 1718/3921/1636
f 1718/3922/1636 1719/3924/1637 1693/3868/1611
f 1718/3922/1636 1693/3868/1611 1694/3871/1612
f 1719/3924/1637 1720/3925/1638 1693/3868/1611
f 1719/3924/1637 1677/3926/1598 1720/3925/1638
f 1720/3925/1638 1690/3927/1609 1692/3869/1610
f 1686/3859/1605 1690/3865/1609 1720/3928/1638
f 1720/3925/1638 1692/3869/1610 1693/3868/1611
f 1677/3858/1598 1686/3859/1605 1720/3928/1638
f 1684/3856/1601 1678/3851/1600 1679/3839/1593
f 1683/3908/1602 1675/3841/1594 1680/3843/1595
f 1722/3929/1639 1727/3930/1640 1721/3931/1641
f 1722/3929/1639 1721/3931/1641 1723/3932/1642
f 1723/3933/1642 1721/3934/1641 1726/3935/1643
f 1721/3936/1641 1727/3937/1640 1724/3938/1644
f 1724/3938/1644 1725/3939/1645 1721/3936/1641
f 1721/3936/1641 1725/3939/1645 1726/3940/1643
f 1728/3941/1646 1724/3938/1644 1727/3937/1640
f 1729/3942/1647 1728/3941/1646 1727/3937/1640
f 1722/3929/1639 1729/3943/1647 1727/3930/1640
f 1729/3942/1647 1731/3944/1648 1730/3945/1649
f 1729/3942/1647 1730/3945/1649 1734/3946/1650
f 1732/3947/1651 1731/3948/1648 1729/3943/1647
f 1733/3949/1608 1728/3941/1646 1729/3942/1647
f 1722/3929/1639 1732/3947/1651 1729/3943/1647
f 1734/3946/1650 1733/3949/1608 1729/3942/1647
f 1734/3946/1650 1735/3950/1652 1733/3949/1608
f 1736/3951/1653 1735/3952/1652 1734/3953/1650
f 1739/3954/1654 1734/3946/1650 1730/3945/1649
f 1736/3951/1653 1734/3953/1650 1737/3955/1655
f 1738/3956/1656 1737/3957/1655 1734/3958/1650
f 1738/3956/1656 1734/3958/1650 1739/3959/1654
f 1740/3960/1622 1738/3956/1656 1739/3959/1654
f 1740/3960/1622 1739/3959/1654 1741/3961/1657
f 1741/3962/1657 1739/3954/1654 1730/3945/1649
f 1740/3960/1622 1741/3961/1657 1742/3963/1658
f 1730/3945/1649 1742/3964/1658 1741/3962/1657
f 1740/3960/1622 1742/3963/1658 1743/3965/1659
f 1744/3966/1626 1743/3965/1659 1742/3963/1658
f 1744/3966/1626 1742/3963/1658 1730/3967/1649
f 1744/3968/1626 1730/3969/1649 1731/3948/1648
f 1745/3970/1660 1743/3965/1659 1744/3966/1626
f 1744/3968/1626 1731/3948/1648 1748/3971/1629
f 1745/3970/1660 1744/3966/1626 1746/3972/1661
f 1747/3973/1662 1746/3974/1661 1744/3968/1626
f 1747/3973/1662 1744/3968/1626 1748/3971/1629
f 1732/3947/1651 1748/3971/1629 1731/3948/1648
f 1747/3973/1662 1748/3971/1629 1732/3947/1651
f 1747/3975/1662 1750/3976/1663 1749/3977/1664
f 1746/3978/1661 1747/3975/1662 1749/3977/1664
f 1747/3973/1662 1732/3947/1651 1750/3979/1663
f 1752/3980/1665 1749/3977/1664 1750/3976/1663
f 1751/3981/1666 1752/3980/1665 1750/3976/1663
f 1750/3976/1663 1753/3982/1667 1751/3981/1666
f 1750/3979/1663 1722/3929/1639 1753/3983/1667
f 1750/3979/1663 1732/3947/1651 1722/3929/1639
f 1754/3984/1668 1751/3981/1666 1753/3982/1667
f 1753/3982/1667 1755/3985/1669 1754/3984/1668
f 1755/3986/1669 1753/3983/1667 1722/3929/1639
f 1757/3987/1670 1755/3988/1669 1723/3933/1642
f 1755/3986/1669 1722/3929/1639 1723/3932/1642
f 1756/3989/1671 1754/3984/1668 1755/3985/1669
f 1755/3985/1669 1757/3990/1670 1756/3989/1671
f 1759/3991/1672 1757/3987/1670 1758/3992/1673
f 1757/3987/1670 1723/3933/1642 1758/3992/1673
f 1757/3990/1670 1759/3993/1672 1756/3989/1671
f 1756/3994/1671 1759/3991/1672 1760/3995/1674
f 1759/3991/1672 1758/3992/1673 1760/3995/1674
f 1758/3992/1673 1762/3996/1675 1760/3995/1674
f 1756/3994/1671 1760/3995/1674 1761/3997/1676
f 1760/3995/1674 1725/3998/1645 1761/3997/1676
f 1760/3995/1674 1762/3996/1675 1725/3998/1645
f 1758/3992/1673 1726/3935/1643 1762/3996/1675
f 1725/3939/1645 1762/3999/1675 1726/3940/1643
f 1761/3997/1676 1725/3998/1645 1724/4000/1644
f 1761/3997/1676 1724/4000/1644 1763/4001/1677
f 1754/4002/1668 1756/3994/1671 1761/3997/1676
f 1754/4002/1668 1761/3997/1676 1763/4001/1677
f 1763/4003/1677 1724/4004/1644 1728/4005/1646
f 1763/4003/1677 1728/4005/1646 1764/4006/1678
f 1751/4007/1666 1754/4008/1668 1763/4003/1677
f 1751/4007/1666 1763/4003/1677 1764/4006/1678
f 1765/4009/1612 1764/4006/1678 1728/4005/1646
f 1751/4007/1666 1764/4006/1678 1765/4009/1612
f 1765/4009/1612 1728/4005/1646 1733/4010/1608
f 1765/4009/1612 1733/4010/1608 1735/3952/1652
f 1765/4009/1612 1735/3952/1652 1736/3951/1653
f 1751/4007/1666 1765/4009/1612 1752/4011/1665
f 1766/4012/1679 1765/4009/1612 1736/3951/1653
f 1766/4012/1679 1752/4011/1665 1765/4009/1612
f 1752/3980/1665 1766/4013/1679 1767/4014/1596
f 1767/4015/1596 1766/4012/1679 1736/3951/1653
f 1767/4014/1596 1768/4016/1680 1752/3980/1665
f 1767/4017/1596 1738/3956/1656 1768/4018/1680
f 1767/4017/1596 1737/3957/1655 1738/3956/1656
f 1767/4015/1596 1736/3951/1653 1737/3955/1655
f 1768/4018/1680 1738/3956/1656 1740/3960/1622
f 1768/4016/1680 1749/3977/1664 1752/3980/1665
f 1768/4018/1680 1740/3960/1622 1749/4019/1664
f 1723/3933/1642 1726/3935/1643 1758/3992/1673
f 1745/3970/1660 1749/4019/1664 1740/3960/1622
f 1749/3977/1664 1745/4020/1660 1746/3978/1661
f 1745/3970/1660 1740/3960/1622 1743/3965/1659
f 1770/4021/1681 1772/4022/1682 1769/4023/1683
f 1769/4023/1683 1771/4024/1684 1770/4021/1681
f 1769/4023/1683 1773/4025/1685 1771/4024/1684
f 1769/4026/1683 1772/4027/1682 1776/4028/1389
f 1775/4029/1390 1773/4030/1685 1769/4026/1683
f 1774/4031/1686 1769/4026/1683 1776/4028/1389
f 1774/4031/1686 1775/4029/1390 1769/4026/1683
f 1774/4032/1686 1776/4033/1389 1777/4034/1687
f 1776/4035/1389 1778/4036/1688 1777/4037/1687
f 1776/4035/1389 1779/4038/1689 1778/4036/1688
f 1779/4039/1689 1776/4028/1389 1772/4027/1682
f 1779/4038/1689 1780/4040/1410 1778/4036/1688
f 1779/4038/1689 1782/4041/1690 1780/4040/1410
f 1782/4042/1690 1779/4039/1689 1781/4043/1691
f 1772/4027/1682 1781/4043/1691 1779/4039/1689
f 1784/4044/1580 1782/4042/1690 1781/4043/1691
f 1782/4041/1690 1783/4045/1692 1780/4040/1410
f 1782/4041/1690 1784/4046/1580 1783/4045/1692
f 1785/4047/1693 1784/4044/1580 1781/4043/1691
f 1786/4048/1694 1784/4044/1580 1785/4047/1693
f 1784/4044/1580 1786/4048/1694 1788/4049/1418
f 1784/4050/1580 1787/4051/1695 1783/4052/1692
f 1784/4050/1580 1788/4053/1418 1787/4051/1695
f 1788/4049/1418 1786/4048/1694 1790/4054/1547
f 1788/4053/1418 1789/4055/1696 1787/4051/1695
f 1788/4053/1418 1790/4056/1547 1789/4055/1696
f 1790/4056/1547 1791/4057/1396 1792/4058/1697
f 1793/4059/1698 1791/4060/1396 1790/4054/1547
f 1790/4056/1547 1792/4058/1697 1789/4055/1696
f 1786/4048/1694 1793/4059/1698 1790/4054/1547
f 1793/4061/1698 1786/4062/1694 1795/4063/1699
f 1793/4059/1698 1796/4064/1700 1791/4060/1396
f 1796/4064/1700 1793/4059/1698 1794/4065/1701
f 1793/4061/1698 1795/4063/1699 1794/4066/1701
f 1801/4067/1702 1797/4068/1703 1796/4064/1700
f 1797/4068/1703 1798/4069/1704 1796/4064/1700
f 1796/4064/1700 1798/4069/1704 1791/4060/1396
f 1800/4070/1705 1796/4064/1700 1799/4071/1706
f 1796/4064/1700 1794/4065/1701 1799/4071/1706
f 1800/4070/1705 1801/4067/1702 1796/4064/1700
f 1801/4067/1702 1802/4072/1707 1797/4068/1703
f 1801/4073/1702 1803/4074/1708 1802/4075/1707
f 1801/4073/1702 1800/4076/1705 1803/4074/1708
f 1804/4077/1709 1802/4072/1707 1803/4078/1708
f 1807/4079/1710 1804/4077/1709 1803/4078/1708
f 1803/4078/1708 1799/4071/1706 1805/4080/1711
f 1805/4080/1711 1806/4081/1712 1803/4078/1708
f 1806/4081/1712 1807/4079/1710 1803/4078/1708
f 1803/4078/1708 1800/4070/1705 1799/4071/1706
f 1808/4082/1713 1804/4077/1709 1807/4079/1710
f 1806/4083/1712 1808/4084/1713 1807/4085/1710
f 1808/4082/1713 1809/4086/1714 1810/4087/1715
f 1808/4082/1713 1811/4088/1716 1809/4086/1714
f 1808/4082/1713 1810/4087/1715 1804/4077/1709
f 1806/4083/1712 1811/4089/1716 1808/4084/1713
f 1805/4080/1711 1812/4090/1717 1811/4088/1716
f 1805/4080/1711 1811/4088/1716 1806/4081/1712
f 1813/4091/1718 1811/4088/1716 1812/4090/1717
f 1811/4088/1716 1813/4091/1718 1809/4086/1714
f 1814/4092/1719 1809/4093/1714 1813/4094/1718
f 1814/4092/1719 1813/4094/1718 1815/4095/1720
f 1813/4094/1718 1816/4096/1721 1815/4095/1720
f 1813/4094/1718 1817/4097/1722 1816/4096/1721
f 1817/4098/1722 1813/4091/1718 1812/4090/1717
f 1818/4099/1723 1817/4098/1722 1820/4100/1724
f 1819/4101/1725 1817/4102/1722 1818/4103/1723
f 1819/4101/1725 1816/4104/1721 1817/4102/1722
f 1820/4100/1724 1817/4098/1722 1812/4090/1717
f 1820/4100/1724 1812/4090/1717 1805/4080/1711
f 1818/4099/1723 1820/4100/1724 1822/4105/1726
f 1822/4106/1726 1820/4107/1724 1821/4108/1727
f 1820/4100/1724 1805/4080/1711 1821/4109/1727
f 1818/4099/1723 1822/4105/1726 1785/4047/1693
f 1785/4047/1693 1822/4105/1726 1823/4110/1728
f 1822/4106/1726 1821/4108/1727 1823/4111/1728
f 1823/4110/1728 1821/4109/1727 1805/4080/1711
f 1824/4112/1729 1823/4110/1728 1805/4080/1711
f 1785/4047/1693 1823/4110/1728 1824/4112/1729
f 1795/4113/1699 1824/4112/1729 1805/4080/1711
f 1795/4113/1699 1785/4047/1693 1824/4112/1729
f 1826/4114/1730 1819/4101/1725 1818/4103/1723
f 1816/4115/1721 1819/4116/1725 1825/4117/1731
f 1819/4116/1725 1826/4118/1730 1825/4117/1731
f 1826/4118/1730 1827/4119/1732 1825/4117/1731
f 1827/4119/1732 1826/4118/1730 1828/4120/1733
f 1826/4114/1730 1818/4103/1723 1781/4121/1691
f 1828/4122/1733 1826/4114/1730 1781/4121/1691
f 1827/4119/1732 1828/4120/1733 1829/4123/1734
f 1829/4124/1734 1828/4125/1733 1830/4126/1735
f 1828/4122/1733 1781/4121/1691 1831/4127/1736
f 1831/4127/1736 1830/4128/1735 1828/4122/1733
f 1781/4121/1691 1836/4129/1737 1831/4127/1736
f 1838/4130/1344 1832/4131/1738 1831/4132/1736
f 1832/4133/1738 1833/4134/1080 1831/4135/1736
f 1831/4127/1736 1833/4136/1080 1830/4128/1735
f 1831/4132/1736 1836/4137/1737 1834/4138/1739
f 1834/4138/1739 1835/4139/1521 1831/4132/1736
f 1835/4139/1521 1837/4140/1740 1831/4132/1736
f 1837/4140/1740 1838/4130/1344 1831/4132/1736
f 1832/4131/1738 1838/4130/1344 1840/4141/1360
f 1840/4142/1360 1838/4143/1344 1839/4144/1446
f 1839/4144/1446 1838/4143/1344 1837/4145/1740
f 1832/4131/1738 1840/4141/1360 1841/4146/1362
f 1840/4142/1360 1839/4144/1446 1843/4147/1320
f 1842/4148/1741 1841/4149/1362 1840/4150/1360
f 1842/4148/1741 1840/4150/1360 1843/4151/1320
f 1844/4152/1396 1842/4148/1741 1843/4151/1320
f 1839/4144/1446 1844/4153/1396 1843/4147/1320
f 1844/4154/1396 1845/4155/1742 1846/4156/1743
f 1847/4157/1744 1845/4155/1742 1844/4154/1396
f 1844/4152/1396 1846/4158/1743 1842/4148/1741
f 1839/4144/1446 1847/4159/1744 1844/4153/1396
f 1848/4160/1418 1847/4159/1744 1839/4144/1446
f 1849/4161/1745 1847/4157/1744 1848/4162/1418
f 1849/4161/1745 1845/4155/1742 1847/4157/1744
f 1849/4163/1745 1854/4164/1691 1850/4165/1737
f 1853/4166/1746 1849/4163/1745 1850/4165/1737
f 1854/4167/1691 1849/4161/1745 1851/4168/1747
f 1849/4161/1745 1852/4169/1580 1851/4168/1747
f 1849/4161/1745 1848/4162/1418 1852/4169/1580
f 1855/4170/1748 1833/4136/1080 1849/4163/1745
f 1833/4134/1080 1845/4171/1742 1849/4172/1745
f 1853/4166/1746 1855/4170/1748 1849/4163/1745
f 1855/4173/1748 1853/4174/1746 1856/4175/1749
f 1855/4173/1748 1856/4175/1749 1857/4176/1750
f 1855/4173/1748 1857/4176/1750 1859/4177/1443
f 1855/4170/1748 1858/4178/1452 1833/4136/1080
f 1855/4173/1748 1859/4177/1443 1858/4179/1452
f 1860/4180/1076 1859/4181/1443 1857/4182/1750
f 1859/4181/1443 1860/4180/1076 1861/4183/1751
f 1859/4177/1443 1830/4126/1735 1858/4179/1452
f 1859/4177/1443 1861/4184/1751 1830/4126/1735
f 1860/4180/1076 1832/4185/1738 1861/4183/1751
f 1829/4186/1734 1861/4183/1751 1832/4185/1738
f 1829/4124/1734 1830/4126/1735 1861/4184/1751
f 1832/4133/1738 1860/4187/1076 1833/4134/1080
f 1845/4188/1742 1860/4180/1076 1857/4182/1750
f 1833/4134/1080 1860/4187/1076 1845/4171/1742
f 1833/4136/1080 1858/4178/1452 1830/4128/1735
f 1845/4188/1742 1857/4182/1750 1856/4189/1749
f 1853/4190/1746 1863/4191/1752 1856/4192/1749
f 1856/4189/1749 1863/4193/1752 1862/4194/1753
f 1862/4194/1753 1845/4188/1742 1856/4189/1749
f 1864/4195/1754 1862/4194/1753 1863/4193/1752
f 1866/4196/1755 1864/4195/1754 1863/4193/1752
f 1863/4191/1752 1867/4197/1756 1865/4198/1757
f 1866/4199/1755 1863/4191/1752 1865/4198/1757
f 1853/4190/1746 1867/4197/1756 1863/4191/1752
f 1867/4200/1756 1853/4166/1746 1850/4165/1737
f 1850/4165/1737 1868/4201/1758 1867/4200/1756
f 1868/4201/1758 1865/4202/1757 1867/4200/1756
f 1850/4203/1737 1872/4204/1759 1868/4205/1758
f 1871/4206/1760 1868/4205/1758 1869/4207/1761
f 1869/4207/1761 1868/4205/1758 1870/4208/1762
f 1872/4204/1759 1870/4208/1762 1868/4205/1758
f 1865/4202/1757 1868/4201/1758 1871/4209/1760
f 1877/4210/1763 1872/4204/1759 1850/4203/1737
f 1872/4204/1759 1875/4211/1764 1870/4208/1762
f 1873/4212/1765 1876/4213/1766 1872/4204/1759
f 1873/4212/1765 1872/4204/1759 1874/4214/1767
f 1877/4210/1763 1874/4214/1767 1872/4204/1759
f 1872/4204/1759 1876/4213/1766 1875/4211/1764
f 1878/4215/1768 1877/4210/1763 1850/4203/1737
f 1874/4214/1767 1877/4210/1763 1881/4216/1543
f 1880/4217/1769 1877/4218/1763 1878/4219/1768
f 1879/4220/1770 1881/4221/1543 1877/4222/1763
f 1879/4220/1770 1877/4222/1763 1880/4223/1769
f 1882/4224/1771 1883/4225/1772 1881/4221/1543
f 1882/4224/1771 1881/4221/1543 1879/4220/1770
f 1874/4214/1767 1881/4216/1543 1883/4226/1772
f 1885/4227/1497 1884/4228/1482 1883/4225/1772
f 1883/4226/1772 1884/4229/1482 1886/4230/1773
f 1885/4227/1497 1883/4225/1772 1882/4224/1771
f 1886/4230/1773 1874/4214/1767 1883/4226/1772
f 1886/4231/1773 1873/4232/1765 1874/4233/1767
f 1887/4234/1774 1886/4230/1773 1884/4229/1482
f 1886/4231/1773 1888/4235/1775 1873/4232/1765
f 1887/4234/1774 1888/4236/1775 1886/4230/1773
f 1887/4234/1774 1889/4237/1776 1888/4236/1775
f 1873/4212/1765 1888/4236/1775 1889/4237/1776
f 1890/4238/1777 1889/4237/1776 1887/4234/1774
f 1875/4211/1764 1876/4213/1766 1889/4237/1776
f 1875/4211/1764 1889/4237/1776 1891/4239/1778
f 1876/4213/1766 1873/4212/1765 1889/4237/1776
f 1889/4237/1776 1890/4238/1777 1891/4239/1778
f 1892/4240/1779 1891/4239/1778 1894/4241/1780
f 1895/4242/1781 1891/4243/1778 1892/4244/1779
f 1893/4245/1782 1894/4241/1780 1891/4239/1778
f 1890/4238/1777 1893/4245/1782 1891/4239/1778
f 1891/4239/1778 1895/4246/1781 1875/4211/1764
f 1895/4242/1781 1892/4244/1779 1897/4247/1783
f 1895/4246/1781 1896/4248/1784 1875/4211/1764
f 1896/4248/1784 1895/4246/1781 1897/4249/1783
f 1897/4249/1783 1892/4240/1779 1899/4250/1785
f 1896/4248/1784 1897/4249/1783 1898/4251/1786
f 1898/4251/1786 1897/4249/1783 1900/4252/1787
f 1900/4252/1787 1897/4249/1783 1899/4250/1785
f 1900/4252/1787 1871/4206/1760 1898/4251/1786
f 1900/4253/1787 1901/4254/1788 1871/4255/1760
f 1900/4253/1787 1902/4256/1789 1901/4254/1788
f 1900/4253/1787 1903/4257/1790 1902/4256/1789
f 1900/4253/1787 1899/4258/1785 1903/4257/1790
f 1902/4259/1789 1903/4260/1790 1866/4199/1755
f 1905/4261/1791 1904/4262/1792 1903/4257/1790
f 1903/4260/1790 1904/4263/1792 1866/4199/1755
f 1905/4261/1791 1903/4257/1790 1899/4258/1785
f 1905/4264/1791 1899/4250/1785 1907/4265/1793
f 1905/4266/1791 1864/4195/1754 1866/4196/1755
f 1864/4267/1754 1905/4264/1791 1906/4268/1794
f 1905/4266/1791 1866/4196/1755 1904/4269/1792
f 1905/4264/1791 1907/4265/1793 1906/4268/1794
f 1899/4250/1785 1892/4240/1779 1907/4265/1793
f 1892/4240/1779 1894/4241/1780 1907/4265/1793
f 1894/4241/1780 1906/4268/1794 1907/4265/1793
f 1864/4267/1754 1906/4268/1794 1908/4270/1795
f 1893/4271/1782 1908/4272/1795 1906/4273/1794
f 1894/4241/1780 1893/4245/1782 1906/4268/1794
f 1864/4267/1754 1908/4270/1795 1887/4234/1774
f 1890/4238/1777 1887/4234/1774 1908/4270/1795
f 1893/4271/1782 1890/4274/1777 1908/4272/1795
f 1901/4275/1788 1902/4259/1789 1866/4199/1755
f 1865/4202/1757 1871/4209/1760 1901/4276/1788
f 1865/4198/1757 1901/4275/1788 1866/4199/1755
f 1898/4251/1786 1871/4206/1760 1869/4207/1761
f 1869/4207/1761 1896/4248/1784 1898/4251/1786
f 1896/4248/1784 1909/4277/1796 1875/4211/1764
f 1869/4207/1761 1909/4277/1796 1896/4248/1784
f 1870/4278/1762 1875/4279/1764 1909/4280/1796
f 1870/4278/1762 1909/4280/1796 1869/4281/1761
f 1884/4229/1482 1862/4282/1753 1887/4234/1774
f 1862/4282/1753 1864/4267/1754 1887/4234/1774
f 1911/4283/1502 1910/4284/1797 1885/4285/1497
f 1910/4284/1797 1915/4286/1491 1885/4285/1497
f 1914/4287/1798 1884/4288/1482 1885/4289/1497
f 1880/4290/1769 1911/4283/1502 1885/4285/1497
f 1879/4291/1770 1880/4290/1769 1885/4285/1497
f 1885/4285/1497 1882/4292/1771 1879/4291/1770
f 1912/4293/1799 1914/4294/1798 1885/4285/1497
f 1913/4295/1490 1912/4293/1799 1885/4285/1497
f 1915/4286/1491 1913/4295/1490 1885/4285/1497
f 1915/4296/1491 1917/4297/1800 1916/4298/1801
f 1915/4296/1491 1916/4298/1801 1913/4299/1490
f 1918/4300/1492 1917/4297/1800 1915/4296/1491
f 1910/4284/1797 1918/4301/1492 1915/4286/1491
f 1918/4300/1492 1919/4302/1802 1917/4297/1800
f 1910/4303/1797 1919/4302/1802 1918/4300/1492
f 1917/4304/1800 1919/4305/1802 1920/4306/1681
f 1921/4307/1803 1920/4306/1681 1919/4305/1802
f 1910/4303/1797 1921/4308/1803 1919/4302/1802
f 1922/4309/1804 1920/4306/1681 1921/4307/1803
f 1922/4309/1804 1921/4307/1803 1924/4310/1379
f 1923/4311/1805 1924/4312/1379 1921/4313/1803
f 1923/4311/1805 1921/4313/1803 1910/4314/1797
f 1924/4310/1379 1850/4203/1737 1922/4309/1804
f 1924/4310/1379 1878/4215/1768 1850/4203/1737
f 1911/4315/1502 1878/4219/1768 1924/4312/1379
f 1911/4315/1502 1924/4312/1379 1923/4311/1805
f 1911/4283/1502 1923/4316/1805 1910/4284/1797
f 1922/4317/1804 1926/4318/1806 1920/4319/1681
f 1850/4165/1737 1925/4320/1682 1922/4321/1804
f 1922/4317/1804 1925/4322/1682 1926/4318/1806
f 1927/4323/1685 1920/4319/1681 1926/4318/1806
f 1926/4324/1806 1925/4325/1682 1930/4326/1408
f 1929/4327/1390 1927/4328/1685 1926/4324/1806
f 1926/4324/1806 1930/4326/1408 1928/4329/1558
f 1928/4329/1558 1929/4327/1390 1926/4324/1806
f 1925/4325/1682 1931/4330/1689 1930/4326/1408
f 1930/4331/1408 1931/4332/1689 1933/4333/1807
f 1928/4334/1558 1930/4335/1408 1932/4336/1080
f 1930/4331/1408 1933/4333/1807 1932/4337/1080
f 1931/4332/1689 1936/4338/1455 1933/4333/1807
f 1933/4333/1807 1934/4339/1803 1932/4337/1080
f 1933/4333/1807 1935/4340/1379 1934/4339/1803
f 1936/4338/1455 1935/4340/1379 1933/4333/1807
f 1931/4332/1689 1851/4341/1747 1936/4338/1455
f 1936/4338/1455 1851/4341/1747 1852/4342/1580
f 1936/4338/1455 1852/4342/1580 1937/4343/1313
f 1835/4344/1521 1936/4338/1455 1937/4343/1313
f 1835/4344/1521 1834/4345/1739 1936/4338/1455
f 1936/4338/1455 1834/4345/1739 1935/4340/1379
f 1938/4346/1808 1835/4347/1521 1937/4348/1313
f 1852/4349/1580 1938/4346/1808 1937/4348/1313
f 1848/4160/1418 1839/4144/1446 1938/4346/1808
f 1839/4144/1446 1837/4145/1740 1938/4346/1808
f 1938/4346/1808 1837/4145/1740 1835/4347/1521
f 1852/4349/1580 1848/4160/1418 1938/4346/1808
f 1836/4137/1737 1935/4350/1379 1834/4138/1739
f 1836/4137/1737 1939/4351/1809 1935/4350/1379
f 1935/4350/1379 1939/4351/1809 1934/4352/1803
f 1939/4353/1809 1836/4129/1737 1781/4121/1691
f 1939/4353/1809 1781/4121/1691 1772/4354/1682
f 1939/4351/1809 1770/4355/1681 1934/4352/1803
f 1770/4021/1681 1939/4356/1809 1772/4022/1682
f 1932/4336/1080 1934/4357/1803 1940/4358/1530
f 1934/4352/1803 1770/4355/1681 1940/4359/1530
f 1941/4360/1810 1940/4359/1530 1770/4355/1681
f 1942/4361/1811 1940/4358/1530 1941/4362/1810
f 1932/4336/1080 1940/4358/1530 1942/4361/1811
f 1942/4361/1811 1941/4362/1810 1943/4363/1470
f 1929/4364/1390 1928/4334/1558 1942/4361/1811
f 1928/4334/1558 1932/4336/1080 1942/4361/1811
f 1929/4364/1390 1942/4361/1811 1943/4363/1470
f 1944/4365/1065 1929/4364/1390 1943/4363/1470
f 1941/4362/1810 1944/4365/1065 1943/4363/1470
f 1945/4366/1473 1946/4367/1812 1944/4368/1065
f 1947/4369/1801 1945/4366/1473 1944/4368/1065
f 1944/4365/1065 1946/4370/1812 1929/4364/1390
f 1941/4362/1810 1947/4371/1801 1944/4365/1065
f 1947/4372/1801 1941/4360/1810 1949/4373/1813
f 1948/4374/1814 1947/4372/1801 1949/4373/1813
f 1947/4369/1801 1948/4375/1814 1945/4366/1473
f 1950/4376/1815 1949/4377/1813 1771/4024/1684
f 1950/4378/1815 1951/4379/1816 1949/4380/1813
f 1949/4373/1813 1951/4381/1816 1948/4374/1814
f 1771/4382/1684 1949/4373/1813 1941/4360/1810
f 1950/4378/1815 1798/4383/1704 1951/4379/1816
f 1951/4381/1816 1832/4131/1738 1841/4146/1362
f 1832/4185/1738 1951/4379/1816 1798/4383/1704
f 1841/4146/1362 1948/4374/1814 1951/4381/1816
f 1950/4376/1815 1771/4024/1684 1773/4025/1685
f 1952/4384/1817 1950/4385/1815 1953/4386/1818
f 1798/4069/1704 1950/4385/1815 1952/4384/1817
f 1775/4029/1390 1953/4386/1818 1950/4385/1815
f 1950/4385/1815 1773/4030/1685 1775/4029/1390
f 1952/4387/1817 1953/4388/1818 1954/4389/1819
f 1953/4390/1818 1955/4391/1420 1954/4392/1819
f 1953/4390/1818 1775/4393/1390 1955/4391/1420
f 1775/4393/1390 1956/4394/1820 1955/4391/1420
f 1954/4395/1819 1955/4396/1420 1777/4397/1687
f 1955/4396/1420 1956/4398/1820 1777/4397/1687
f 1775/4393/1390 1774/4032/1686 1956/4394/1820
f 1774/4032/1686 1777/4034/1687 1956/4394/1820
f 1957/4399/1821 1954/4395/1819 1777/4397/1687
f 1952/4387/1817 1954/4389/1819 1957/4400/1821
f 1958/4401/1822 1952/4387/1817 1957/4400/1821
f 1958/4401/1822 1957/4400/1821 1959/4402/1823
f 1792/4403/1697 1959/4404/1823 1957/4399/1821
f 1792/4403/1697 1957/4399/1821 1777/4397/1687
f 1791/4405/1396 1959/4402/1823 1792/4406/1697
f 1791/4405/1396 1958/4401/1822 1959/4402/1823
f 1798/4069/1704 1958/4407/1822 1791/4060/1396
f 1798/4069/1704 1952/4384/1817 1958/4407/1822
f 1945/4366/1473 1948/4375/1814 1841/4149/1362
f 1929/4327/1390 1946/4408/1812 1961/4409/1824
f 1945/4366/1473 1960/4410/1825 1946/4367/1812
f 1960/4411/1825 1961/4409/1824 1946/4408/1812
f 1962/4412/1813 1961/4413/1824 1963/4414/1704
f 1927/4323/1685 1961/4415/1824 1962/4416/1813
f 1963/4417/1704 1961/4409/1824 1960/4411/1825
f 1961/4409/1824 1927/4328/1685 1929/4327/1390
f 1862/4194/1753 1963/4414/1704 1845/4188/1742
f 1962/4412/1813 1963/4414/1704 1862/4194/1753
f 1845/4155/1742 1963/4417/1704 1846/4156/1743
f 1963/4417/1704 1960/4411/1825 1846/4156/1743
f 1962/4418/1813 1862/4282/1753 1965/4419/1535
f 1917/4304/1800 1964/4420/1684 1962/4418/1813
f 1927/4323/1685 1962/4416/1813 1964/4421/1684
f 1965/4419/1535 1916/4422/1801 1962/4418/1813
f 1916/4422/1801 1917/4304/1800 1962/4418/1813
f 1913/4423/1490 1916/4424/1801 1965/4425/1535
f 1913/4423/1490 1965/4425/1535 1912/4426/1799
f 1912/4426/1799 1965/4425/1535 1966/4427/1826
f 1966/4428/1826 1965/4419/1535 1862/4282/1753
f 1966/4428/1826 1862/4282/1753 1884/4229/1482
f 1914/4287/1798 1966/4427/1826 1884/4288/1482
f 1912/4426/1799 1966/4427/1826 1914/4287/1798
f 1920/4306/1681 1964/4420/1684 1917/4304/1800
f 1927/4323/1685 1964/4421/1684 1920/4319/1681
f 1846/4158/1743 1960/4410/1825 1945/4366/1473
f 1846/4158/1743 1945/4366/1473 1842/4148/1741
f 1945/4366/1473 1841/4149/1362 1842/4148/1741
f 1770/4355/1681 1771/4382/1684 1941/4360/1810
f 1931/4330/1689 1854/4167/1691 1851/4168/1747
f 1925/4325/1682 1854/4167/1691 1931/4330/1689
f 1850/4165/1737 1854/4164/1691 1925/4320/1682
f 1880/4217/1769 1878/4219/1768 1911/4315/1502
f 1832/4185/1738 1798/4383/1704 1829/4186/1734
f 1798/4383/1704 1827/4429/1732 1829/4186/1734
f 1797/4430/1703 1825/4431/1731 1827/4429/1732
f 1798/4383/1704 1797/4430/1703 1827/4429/1732
f 1814/4432/1719 1815/4433/1720 1825/4117/1731
f 1814/4432/1719 1825/4117/1731 1967/4434/1827
f 1968/4435/1828 1967/4436/1827 1825/4431/1731
f 1815/4433/1720 1816/4115/1721 1825/4117/1731
f 1968/4435/1828 1825/4431/1731 1797/4430/1703
f 1809/4086/1714 1968/4437/1828 1810/4087/1715
f 1814/4092/1719 1968/4438/1828 1809/4093/1714
f 1968/4437/1828 1797/4068/1703 1802/4072/1707
f 1814/4092/1719 1967/4439/1827 1968/4438/1828
f 1802/4072/1707 1810/4087/1715 1968/4437/1828
f 1781/4043/1691 1818/4099/1723 1785/4047/1693
f 1804/4077/1709 1810/4087/1715 1802/4072/1707
f 1799/4071/1706 1795/4113/1699 1805/4080/1711
f 1799/4071/1706 1794/4065/1701 1795/4113/1699
f 1795/4113/1699 1786/4048/1694 1785/4047/1693
f 1787/4440/1695 1792/4403/1697 1777/4397/1687
f 1787/4440/1695 1789/4441/1696 1792/4403/1697
f 1783/4442/1692 1787/4440/1695 1777/4397/1687
f 1780/4443/1410 1783/4442/1692 1777/4397/1687
f 1777/4397/1687 1778/4444/1688 1780/4443/1410
f 1972/4445/1829 1970/4446/1830 1969/4447/1831
f 1970/4446/1830 1971/4448/1832 1969/4447/1831
f 1971/4449/1832 1975/4450/1833 1969/4451/1831
f 1972/4445/1829 1969/4447/1831 1973/4452/1834
f 1969/4451/1831 1974/4453/1835 1973/4454/1834
f 1969/4451/1831 1975/4450/1833 1974/4453/1835
f 1971/4449/1832 1977/4455/1836 1975/4450/1833
f 1974/4453/1835 1975/4450/1833 1976/4456/1837
f 1975/4450/1833 1977/4455/1836 1976/4456/1837
f 1978/4457/1838 1977/4455/1836 1971/4449/1832
f 1978/4457/1838 1979/4458/1839 1977/4455/1836
f 1977/4455/1836 1979/4458/1839 1976/4456/1837
f 1980/4459/1840 1979/4458/1839 1978/4457/1838
f 1980/4459/1840 1976/4456/1837 1979/4458/1839
f 1981/4460/1841 1980/4461/1840 1978/4462/1838
f 1981/4460/1841 1982/4463/1842 1980/4461/1840
f 1982/4463/1842 1983/4464/1843 1980/4461/1840
f 1980/4459/1840 1983/4465/1843 1984/4466/1844
f 1980/4459/1840 1984/4466/1844 1976/4456/1837
f 1976/4456/1837 1984/4466/1844 1986/4467/1845
f 1985/4468/1846 1986/4467/1845 1984/4466/1844
f 1985/4468/1846 1984/4466/1844 1983/4465/1843
f 1985/4468/1846 1987/4469/1847 1986/4467/1845
f 1986/4467/1845 1987/4469/1847 1976/4456/1837
f 1985/4468/1846 1988/4470/1848 1987/4469/1847
f 1987/4469/1847 1989/4471/1849 1976/4456/1837
f 1988/4470/1848 1989/4471/1849 1987/4469/1847
f 1976/4456/1837 1989/4471/1849 1990/4472/1850
f 1989/4471/1849 1992/4473/1851 1990/4472/1850
f 1989/4471/1849 1991/4474/1852 1992/4473/1851
f 1993/4475/1853 1991/4474/1852 1989/4471/1849
f 1988/4470/1848 1993/4475/1853 1989/4471/1849
f 1994/4476/1854 1993/4477/1853 1988/4478/1848
f 1994/4476/1854 1995/4479/1855 1993/4477/1853
f 1995/4480/1855 1996/4481/1856 1993/4482/1853
f 1993/4475/1853 1996/4483/1856 1991/4474/1852
f 1995/4480/1855 1997/4484/1857 1996/4481/1856
f 1997/4484/1857 1998/4485/1858 1996/4481/1856
f 1998/4486/1858 1991/4474/1852 1996/4483/1856
f 1997/4484/1857 1999/4487/1859 1998/4485/1858
f 1999/4487/1859 2000/4488/1860 1998/4485/1858
f 1998/4486/1858 2000/4489/1860 2001/4490/1861
f 1998/4486/1858 1992/4473/1851 1991/4474/1852
f 1998/4486/1858 2001/4490/1861 1992/4473/1851
f 2002/4491/1862 2001/4490/1861 2000/4489/1860
f 2002/4491/1862 1990/4472/1850 2001/4490/1861
f 1992/4473/1851 2001/4490/1861 1990/4472/1850
f 2000/4488/1860 2003/4492/1863 2002/4493/1862
f 2003/4494/1863 2004/4495/1864 2002/4496/1862
f 2004/4497/1864 1990/4472/1850 2002/4491/1862
f 2003/4494/1863 2005/4498/1865 2004/4495/1864
f 2005/4498/1865 2006/4499/1866 2004/4495/1864
f 2006/4500/1866 2007/4501/1867 2004/4497/1864
f 2004/4497/1864 2007/4501/1867 1990/4472/1850
f 2006/4500/1866 2008/4502/1868 2007/4501/1867
f 1990/4472/1850 2007/4501/1867 2008/4502/1868
f 2009/4503/1869 2008/4502/1868 2006/4500/1866
f 1990/4472/1850 2008/4502/1868 1976/4456/1837
f 2008/4502/1868 2010/4504/1870 1976/4456/1837
f 2009/4503/1869 2011/4505/1871 2008/4502/1868
f 2008/4502/1868 2011/4505/1871 2010/4504/1870
f 2012/4506/1872 2011/4505/1871 2009/4503/1869
f 2012/4506/1872 2010/4504/1870 2011/4505/1871
f 2013/4507/1873 2012/4508/1872 2009/4509/1869
f 2013/4507/1873 2014/4510/1874 2012/4508/1872
f 2014/4510/1874 2015/4511/1875 2012/4508/1872
f 2012/4506/1872 2015/4512/1875 2016/4513/1876
f 2012/4506/1872 2016/4513/1876 2010/4504/1870
f 2010/4504/1870 2016/4513/1876 1976/4456/1837
f 2016/4513/1876 1974/4453/1835 1976/4456/1837
f 2015/4512/1875 1974/4453/1835 2016/4513/1876
f 2014/4510/1874 2017/4514/1877 2015/4511/1875
f 2015/4512/1875 1973/4454/1834 1974/4453/1835
f 2015/4515/1875 1972/4445/1829 1973/4452/1834
f 2015/4515/1875 2017/4516/1877 1972/4445/1829
f 2014/4517/1874 2018/4518/1878 2017/4519/1877
f 2017/4519/1877 2018/4518/1878 2019/4520/1879
f 2017/4519/1877 2019/4520/1879 1972/4521/1829
f 1970/4522/1830 1972/4521/1829 2019/4520/1879
f 2020/4523/1880 2019/4520/1879 2018/4518/1878
f 1970/4522/1830 2019/4520/1879 2020/4523/1880
f 1970/4522/1830 2020/4523/1880 2021/4524/1881
f 2022/4525/1882 2021/4524/1881 2020/4523/1880
f 2022/4525/1882 2020/4523/1880 2018/4518/1878
f 1982/4526/1842 1981/4527/1841 2022/4525/1882
f 1981/4527/1841 2021/4524/1881 2022/4525/1882
f 1982/4526/1842 2022/4525/1882 2023/4528/1883
f 2023/4528/1883 2022/4525/1882 2018/4518/1878
f 2024/4529/1884 2023/4528/1883 2018/4518/1878
f 2025/4530/1885 2023/4528/1883 2024/4529/1884
f 2025/4530/1885 1982/4526/1842 2023/4528/1883
f 1982/4463/1842 2025/4531/1885 1983/4464/1843
f 2025/4531/1885 1985/4532/1846 1983/4464/1843
f 2025/4531/1885 2026/4533/1886 1985/4532/1846
f 2025/4530/1885 2024/4529/1884 2027/4534/1887
f 2025/4530/1885 2027/4534/1887 2026/4535/1886
f 1994/4536/1854 2026/4535/1886 2027/4534/1887
f 1994/4536/1854 2027/4534/1887 2028/4537/1888
f 2028/4537/1888 2027/4534/1887 2024/4529/1884
f 1994/4536/1854 2028/4537/1888 2030/4538/1889
f 2029/4539/1890 2028/4537/1888 2024/4529/1884
f 2029/4539/1890 2030/4538/1889 2028/4537/1888
f 1995/4540/1855 2030/4538/1889 2029/4539/1890
f 1994/4536/1854 2030/4538/1889 1995/4540/1855
f 2031/4541/1891 2032/4542/1892 2029/4539/1890
f 2031/4541/1891 2029/4539/1890 2024/4529/1884
f 2032/4542/1892 2033/4543/1893 2029/4539/1890
f 2033/4543/1893 2034/4544/1894 2029/4539/1890
f 1997/4545/1857 2029/4539/1890 2034/4544/1894
f 1995/4540/1855 2029/4539/1890 1997/4545/1857
f 1999/4546/1859 2034/4544/1894 2033/4543/1893
f 1997/4545/1857 2034/4544/1894 1999/4546/1859
f 1999/4546/1859 2033/4543/1893 2035/4547/1895
f 2003/4548/1863 2035/4547/1895 2033/4543/1893
f 2003/4548/1863 2033/4543/1893 2032/4542/1892
f 1999/4487/1859 2035/4549/1895 2000/4488/1860
f 2000/4488/1860 2035/4549/1895 2003/4492/1863
f 2005/4550/1865 2032/4542/1892 2031/4541/1891
f 2005/4550/1865 2003/4548/1863 2032/4542/1892
f 2018/4518/1878 2031/4541/1891 2024/4529/1884
f 2018/4518/1878 2036/4551/1896 2031/4541/1891
f 2036/4551/1896 2037/4552/1897 2031/4541/1891
f 2037/4552/1897 2038/4553/1898 2031/4541/1891
f 2005/4550/1865 2031/4541/1891 2038/4553/1898
f 2039/4554/1899 2038/4553/1898 2037/4552/1897
f 2005/4550/1865 2038/4553/1898 2039/4554/1899
f 2006/4499/1866 2039/4555/1899 2013/4507/1873
f 2005/4498/1865 2039/4555/1899 2006/4499/1866
f 2039/4554/1899 2037/4552/1897 2013/4556/1873
f 2013/4556/1873 2037/4552/1897 2036/4551/1896
f 2014/4517/1874 2036/4551/1896 2018/4518/1878
f 2013/4556/1873 2036/4551/1896 2014/4517/1874
f 2026/4533/1886 1988/4478/1848 1985/4532/1846
f 2026/4533/1886 1994/4476/1854 1988/4478/1848
f 1981/4527/1841 2040/4557/1900 2021/4524/1881
f 1970/4522/1830 2021/4524/1881 2040/4557/1900
f 1970/4446/1830 2040/4558/1900 1971/4448/1832
f 2040/4558/1900 1978/4559/1838 1971/4448/1832
f 2040/4558/1900 1981/4560/1841 1978/4559/1838
f 2006/4499/1866 2013/4507/1873 2009/4509/1869
f 2044/4561/1901 2041/4562/1902 2042/4563/1903
f 2041/4564/1902 2043/4565/1904 2042/4566/1903
f 2041/4564/1902 2045/4567/1905 2043/4565/1904
f 2044/4568/1901 2045/4569/1905 2041/4570/1902
f 2044/4568/1901 2046/4571/1906 2045/4569/1905
f 2046/4572/1906 2043/4573/1904 2045/4574/1905
f 2044/4575/1901 2043/4576/1904 2046/4577/1906
f 2044/4575/1901 2042/4578/1903 2043/4576/1904
f 2052/4579/1907 2047/4580/1908 2048/4581/1909
f 2047/4582/1908 2049/4583/1910 2048/4584/1909
f 2047/4582/1908 2051/4585/1911 2049/4583/1910
f 2053/4586/1912 2050/4587/1913 2047/4588/1908
f 2050/4587/1913 2051/4589/1911 2047/4588/1908
f 2052/4590/1907 2053/4586/1912 2047/4588/1908
f 2052/4591/1907 2054/4592/1914 2053/4593/1912
f 2050/4587/1913 2053/4586/1912 2054/4594/1914
f 2055/4595/1915 2054/4596/1914 2048/4597/1909
f 2050/4587/1913 2054/4594/1914 2055/4598/1915
f 2054/4596/1914 2056/4599/1916 2048/4597/1909
f 2052/4591/1907 2056/4600/1916 2054/4592/1914
f 2052/4579/1907 2048/4581/1909 2056/4601/1916
f 2048/4597/1909 2049/4602/1910 2055/4595/1915
f 2049/4602/1910 2057/4603/1917 2055/4595/1915
f 2050/4604/1913 2055/4605/1915 2057/4606/1917
f 2058/4607/1918 2057/4608/1917 2049/4609/1910
f 2050/4604/1913 2057/4606/1917 2058/4610/1918
f 2050/4587/1913 2058/4611/1918 2051/4589/1911
f 2058/4607/1918 2049/4609/1910 2051/4612/1911
f 2062/4613/1919 2060/4614/1920 2059/4615/1921
f 2060/4616/1920 2061/4617/1922 2059/4618/1921
f 2063/4619/1923 2059/4618/1921 2061/4617/1922
f 2063/4620/1923 2062/4613/1919 2059/4615/1921
f 2063/4621/1923 2064/4622/1924 2066/4623/1925
f 2063/4621/1923 2061/4624/1922 2064/4622/1924
f 2065/4625/1926 2067/4626/1927 2063/4620/1923
f 2063/4621/1923 2066/4623/1925 2065/4627/1926
f 2063/4620/1923 2067/4626/1927 2062/4613/1919
f 2067/4628/1927 2071/4629/1928 2062/4630/1919
f 2067/4628/1927 2068/4631/1929 2071/4629/1928
f 2067/4628/1927 2069/4632/1930 2068/4631/1929
f 2067/4628/1927 2070/4633/1931 2069/4632/1930
f 2065/4625/1926 2070/4634/1931 2067/4626/1927
f 2064/4635/1924 2061/4636/1922 2071/4629/1928
f 2074/4637/1932 2071/4638/1928 2061/4617/1922
f 2072/4639/1933 2062/4630/1919 2071/4629/1928
f 2072/4639/1933 2071/4629/1928 2073/4640/1934
f 2074/4637/1932 2073/4641/1934 2071/4638/1928
f 2064/4635/1924 2071/4629/1928 2068/4631/1929
f 2075/4642/1935 2073/4643/1934 2074/4644/1932
f 2075/4645/1935 2074/4646/1932 2060/4647/1920
f 2060/4616/1920 2074/4637/1932 2061/4617/1922
f 2077/4648/1936 2075/4649/1935 2076/4650/1937
f 2079/4651/1938 2076/4652/1937 2075/4653/1935
f 2077/4648/1936 2078/4654/1939 2075/4649/1935
f 2075/4642/1935 2078/4655/1939 2073/4643/1934
f 2075/4645/1935 2060/4647/1920 2079/4656/1938
f 2079/4651/1938 2082/4657/1940 2076/4652/1937
f 2080/4658/1941 2082/4659/1940 2079/4660/1938
f 2080/4658/1941 2079/4660/1938 2081/4661/1942
f 2079/4656/1938 2072/4662/1933 2081/4663/1942
f 2079/4656/1938 2060/4647/1920 2072/4662/1933
f 2083/4664/1943 2082/4659/1940 2080/4658/1941
f 2083/4665/1943 2076/4652/1937 2082/4657/1940
f 2083/4665/1943 2084/4666/1944 2076/4652/1937
f 2083/4664/1943 2080/4658/1941 2086/4667/1945
f 2083/4665/1943 2085/4668/1946 2084/4666/1944
f 2083/4665/1943 2087/4669/1947 2085/4668/1946
f 2087/4670/1947 2083/4664/1943 2086/4667/1945
f 2086/4667/1945 2089/4671/1948 2087/4670/1947
f 2087/4669/1947 2088/4672/1949 2085/4668/1946
f 2087/4669/1947 2090/4673/1950 2088/4672/1949
f 2089/4671/1948 2090/4674/1950 2087/4670/1947
f 2089/4675/1948 2088/4676/1949 2090/4677/1950
f 2086/4678/1945 2091/4679/1951 2089/4680/1948
f 2089/4675/1948 2091/4681/1951 2088/4676/1949
f 2085/4682/1946 2088/4683/1949 2091/4684/1951
f 2085/4682/1946 2091/4684/1951 2092/4685/1952
f 2086/4678/1945 2092/4686/1952 2091/4679/1951
f 2092/4685/1952 2084/4687/1944 2085/4682/1946
f 2077/4648/1936 2084/4687/1944 2092/4685/1952
f 2086/4678/1945 2077/4688/1936 2092/4686/1952
f 2086/4678/1945 2080/4689/1941 2077/4688/1936
f 2077/4648/1936 2076/4650/1937 2084/4687/1944
f 2081/4690/1942 2077/4688/1936 2080/4689/1941
f 2081/4690/1942 2078/4691/1939 2077/4688/1936
f 2073/4643/1934 2078/4655/1939 2081/4692/1942
f 2073/4643/1934 2081/4692/1942 2072/4693/1933
f 2062/4613/1919 2072/4694/1933 2060/4614/1920
f 2069/4695/1930 2070/4696/1931 2065/4627/1926
f 2066/4697/1925 2068/4698/1929 2069/4699/1930
f 2069/4695/1930 2065/4627/1926 2066/4623/1925
f 2066/4697/1925 2064/4700/1924 2068/4698/1929
f 2094/4701/1953 2093/4702/1954 2096/4703/1955
f 2094/4704/1953 2095/4705/1956 2093/4706/1954
f 2096/4707/1955 2093/4708/1954 2095/4709/1956
f 2096/4703/1955 2097/4710/1957 2100/4711/1958
f 2097/4712/1957 2096/4707/1955 2098/4713/1959
f 2096/4707/1955 2095/4709/1956 2098/4713/1959
f 2099/4714/1960 2094/4701/1953 2096/4703/1955
f 2100/4711/1958 2099/4714/1960 2096/4703/1955
f 2100/4715/1958 2101/4716/1961 2099/4717/1960
f 2100/4715/1958 2102/4718/1962 2101/4716/1961
f 2100/4719/1958 2103/4720/1963 2102/4721/1962
f 2100/4719/1958 2097/4722/1957 2103/4720/1963
f 2102/4723/1962 2103/4724/1963 2098/4725/1959
f 2097/4712/1957 2098/4713/1959 2103/4726/1963
f 2101/4727/1961 2102/4723/1962 2098/4725/1959
f 2094/4728/1953 2099/4717/1960 2101/4716/1961
f 2094/4728/1953 2101/4716/1961 2104/4729/1964
f 2104/4730/1964 2101/4727/1961 2098/4725/1959
f 2098/4725/1959 2095/4731/1956 2104/4730/1964
f 2094/4704/1953 2104/4732/1964 2095/4705/1956
f 2105/4733/1965 2106/4734/1966 2111/4735/1967
f 2105/4736/1965 2107/4737/1968 2106/4738/1966
f 2105/4736/1965 2108/4739/1969 2107/4737/1968
f 2105/4740/1965 2109/4741/1970 2108/4742/1969
f 2105/4740/1965 2110/4743/1971 2109/4741/1970
f 2105/4733/1965 2111/4735/1967 2110/4744/1971
f 2110/4745/1971 2111/4746/1967 2112/4747/1972
f 2111/4746/1967 2107/4748/1968 2112/4747/1972
f 2111/4746/1967 2106/4749/1966 2107/4748/1968
f 2112/4750/1972 2108/4751/1969 2109/4752/1970
f 2110/4745/1971 2112/4747/1972 2109/4753/1970
f 2112/4750/1972 2107/4754/1968 2108/4751/1969
f 2118/4755/1973 2113/4756/1974 2114/4757/1975
f 2113/4756/1974 2115/4758/1976 2114/4757/1975
f 2113/4756/1974 2116/4759/1977 2115/4758/1976
f 2113/4760/1974 2117/4761/1978 2116/4762/1977
f 2113/4760/1974 2118/4763/1973 2117/4761/1978
f 2118/4763/1973 2119/4764/1979 2117/4761/1978
f 2118/4763/1973 2120/4765/1980 2119/4764/1979
f 2114/4757/1975 2121/4766/1981 2118/4755/1973
f 2121/4766/1981 2120/4767/1980 2118/4755/1973
f 2114/4757/1975 2122/4768/1982 2121/4766/1981
f 2120/4769/1980 2121/4770/1981 2122/4771/1982
f 2119/4772/1979 2122/4773/1982 2117/4774/1978
f 2120/4769/1980 2122/4771/1982 2119/4775/1979
f 2122/4773/1982 2115/4776/1976 2117/4774/1978
f 2114/4757/1975 2115/4758/1976 2122/4768/1982
f 2115/4776/1976 2116/4777/1977 2117/4774/1978
f 2124/4778/1983 2123/4779/1984 2128/4780/1985
f 2124/4778/1983 2125/4781/1986 2123/4779/1984
f 2123/4779/1984 2125/4781/1986 2127/4782/1987
f 2123/4779/1984 2126/4783/1988 2129/4784/1989
f 2123/4779/1984 2127/4782/1987 2126/4783/1988
f 2128/4785/1985 2123/4786/1984 2130/4787/1990
f 2123/4788/1984 2129/4789/1989 2130/4790/1990
f 2134/4791/1991 2128/4785/1985 2130/4787/1990
f 2130/4787/1990 2129/4792/1989 2131/4793/1992
f 2130/4787/1990 2131/4793/1992 2133/4794/1993
f 2134/4791/1991 2130/4787/1990 2132/4795/1994
f 2130/4787/1990 2133/4794/1993 2132/4795/1994
f 2137/4796/1995 2134/4791/1991 2135/4797/1996
f 2134/4791/1991 2132/4795/1994 2135/4797/1996
f 2124/4798/1983 2128/4799/1985 2134/4800/1991
f 2136/4801/1997 2124/4802/1983 2134/4791/1991
f 2137/4796/1995 2136/4801/1997 2134/4791/1991
f 2138/4803/1998 2140/4804/1999 2137/4796/1995
f 2139/4805/2000 2138/4803/1998 2137/4796/1995
f 2139/4805/2000 2137/4796/1995 2141/4806/2001
f 2140/4807/1999 2136/4808/1997 2137/4809/1995
f 2137/4796/1995 2135/4797/1996 2141/4806/2001
f 2144/4810/2002 2142/4811/2003 2141/4812/2001
f 2145/4813/2004 2141/4814/2001 2142/4815/2003
f 2143/4816/2005 2141/4806/2001 2146/4817/2006
f 2139/4805/2000 2141/4806/2001 2143/4816/2005
f 2144/4810/2002 2141/4812/2001 2135/4818/1996
f 2145/4813/2004 2146/4819/2006 2141/4814/2001
f 2147/4820/2007 2148/4821/2008 2146/4822/2006
f 2147/4820/2007 2146/4822/2006 2145/4823/2004
f 2146/4817/2006 2148/4824/2008 2151/4825/2009
f 2149/4826/2010 2146/4817/2006 2150/4827/2011
f 2143/4816/2005 2146/4817/2006 2149/4826/2010
f 2146/4817/2006 2151/4825/2009 2150/4827/2011
f 2152/4828/2012 2151/4829/2009 2154/4830/2013
f 2153/4831/2014 2151/4832/2009 2152/4833/2012
f 2148/4824/2008 2154/4834/2013 2151/4825/2009
f 2153/4831/2014 2150/4835/2011 2151/4832/2009
f 2148/4824/2008 2155/4836/2015 2154/4834/2013
f 2155/4836/2015 2157/4837/2016 2154/4834/2013
f 2152/4828/2012 2154/4830/2013 2156/4838/2017
f 2158/4839/2018 2156/4838/2017 2154/4830/2013
f 2158/4839/2018 2154/4830/2013 2157/4840/2016
f 2159/4841/2019 2156/4842/2017 2158/4843/2018
f 2159/4841/2019 2158/4843/2018 2160/4844/2020
f 2160/4844/2020 2158/4843/2018 2161/4845/2021
f 2161/4846/2021 2158/4839/2018 2157/4840/2016
f 2160/4844/2020 2161/4845/2021 2163/4847/2022
f 2162/4848/2023 2161/4849/2021 2165/4850/2024
f 2161/4845/2021 2162/4851/2023 2164/4852/2025
f 2161/4845/2021 2164/4852/2025 2163/4847/2022
f 2161/4846/2021 2157/4840/2016 2165/4853/2024
f 2162/4848/2023 2165/4850/2024 2166/4854/2026
f 2168/4855/2027 2166/4856/2026 2165/4857/2024
f 2167/4858/2028 2165/4857/2024 2157/4837/2016
f 2168/4855/2027 2165/4857/2024 2167/4858/2028
f 2169/4859/2029 2166/4856/2026 2168/4855/2027
f 2171/4860/2030 2169/4859/2029 2168/4855/2027
f 2163/4861/2022 2164/4862/2025 2168/4863/2027
f 2163/4861/2022 2168/4863/2027 2167/4864/2028
f 2170/4865/2031 2168/4855/2027 2164/4866/2025
f 2170/4865/2031 2171/4860/2030 2168/4855/2027
f 2172/4867/2032 2175/4868/2033 2171/4860/2030
f 2172/4867/2032 2171/4860/2030 2173/4869/2034
f 2174/4870/2035 2173/4871/2034 2171/4872/2030
f 2174/4870/2035 2171/4872/2030 2170/4873/2031
f 2176/4874/2036 2171/4860/2030 2175/4868/2033
f 2176/4874/2036 2177/4875/2037 2171/4860/2030
f 2171/4860/2030 2177/4875/2037 2169/4859/2029
f 2178/4876/2038 2179/4877/2039 2177/4875/2037
f 2178/4876/2038 2177/4875/2037 2176/4874/2036
f 2180/4878/2040 2177/4879/2037 2179/4880/2039
f 2181/4881/2041 2169/4882/2029 2177/4883/2037
f 2180/4878/2040 2182/4884/2042 2177/4879/2037
f 2181/4881/2041 2177/4883/2037 2182/4885/2042
f 2183/4886/2043 2170/4887/2031 2182/4888/2042
f 2183/4886/2043 2182/4888/2042 2184/4889/2044
f 2182/4888/2042 2185/4890/2045 2184/4889/2044
f 2182/4888/2042 2180/4891/2040 2185/4890/2045
f 2170/4887/2031 2181/4892/2041 2182/4888/2042
f 2184/4889/2044 2185/4890/2045 2188/4893/2046
f 2180/4891/2040 2186/4894/2047 2185/4890/2045
f 2185/4895/2045 2186/4896/2047 2187/4897/2048
f 2185/4898/2045 2187/4899/2048 2178/4900/2038
f 2188/4901/2046 2185/4898/2045 2178/4900/2038
f 2184/4902/2044 2188/4903/2046 2176/4874/2036
f 2176/4874/2036 2188/4903/2046 2178/4876/2038
f 2187/4904/2048 2186/4905/2047 2189/4906/2049
f 2178/4907/2038 2187/4904/2048 2189/4906/2049
f 2189/4908/2049 2179/4877/2039 2178/4876/2038
f 2186/4909/2047 2190/4910/2050 2189/4911/2049
f 2189/4912/2049 2190/4913/2050 2191/4914/2051
f 2191/4915/2051 2192/4916/2052 2189/4908/2049
f 2189/4908/2049 2192/4916/2052 2179/4877/2039
f 2179/4877/2039 2192/4916/2052 2194/4917/2053
f 2191/4915/2051 2195/4918/2054 2192/4916/2052
f 2193/4919/2055 2192/4916/2052 2195/4918/2054
f 2193/4920/2055 2194/4921/2053 2192/4922/2052
f 2196/4923/2056 2195/4918/2054 2191/4915/2051
f 2193/4919/2055 2195/4918/2054 2199/4924/2057
f 2196/4923/2056 2201/4925/2058 2195/4918/2054
f 2195/4918/2054 2201/4925/2058 2197/4926/2059
f 2195/4918/2054 2197/4926/2059 2198/4927/2060
f 2200/4928/2061 2195/4929/2054 2198/4930/2060
f 2200/4928/2061 2199/4931/2057 2195/4929/2054
f 2203/4932/2062 2201/4925/2058 2202/4933/2063
f 2196/4923/2056 2202/4933/2063 2201/4925/2058
f 2203/4934/2062 2197/4935/2059 2201/4936/2058
f 2199/4937/2057 2203/4938/2062 2206/4939/2064
f 2199/4937/2057 2204/4940/2065 2203/4938/2062
f 2203/4934/2062 2204/4941/2065 2197/4935/2059
f 2206/4939/2064 2203/4938/2062 2205/4942/2066
f 2203/4932/2062 2202/4933/2063 2205/4943/2066
f 2207/4944/2067 2206/4945/2064 2209/4946/2068
f 2199/4937/2057 2206/4939/2064 2207/4947/2067
f 2206/4948/2064 2208/4949/2069 2210/4950/2070
f 2206/4939/2064 2205/4942/2066 2208/4951/2069
f 2209/4952/2068 2206/4953/2064 2196/4954/2056
f 2206/4955/2064 2210/4956/2070 2196/4957/2056
f 2210/4958/2070 2208/4959/2069 2211/4960/2071
f 2196/4961/2056 2210/4962/2070 2211/4963/2071
f 2208/4964/2069 2212/4965/2072 2211/4966/2071
f 2211/4967/2071 2212/4968/2072 2214/4969/2073
f 2196/4923/2056 2211/4970/2071 2202/4933/2063
f 2211/4970/2071 2213/4971/2074 2202/4933/2063
f 2211/4970/2071 2214/4972/2073 2213/4971/2074
f 2215/4973/2075 2218/4974/2076 2214/4975/2073
f 2212/4976/2072 2215/4977/2075 2214/4978/2073
f 2214/4972/2073 2216/4979/2077 2213/4971/2074
f 2214/4972/2073 2217/4980/2078 2216/4979/2077
f 2214/4972/2073 2218/4981/2076 2217/4980/2078
f 2215/4982/2075 2219/4983/2079 2218/4984/2076
f 2218/4985/2076 2219/4986/2079 2217/4987/2078
f 2215/4988/2075 2220/4989/2080 2219/4990/2079
f 2220/4989/2080 2221/4991/2081 2219/4990/2079
f 2219/4992/2079 2221/4993/2081 2222/4994/2082
f 2219/4995/2079 2222/4996/2082 2217/4997/2078
f 2222/4998/2082 2221/4999/2081 2223/5000/2083
f 2217/4980/2078 2222/5001/2082 2223/5002/2083
f 2223/5002/2083 2224/5003/2084 2216/4979/2077
f 2223/5002/2083 2216/4979/2077 2217/4980/2078
f 2223/5002/2083 2225/5004/2085 2139/4805/2000
f 2139/4805/2000 2224/5003/2084 2223/5002/2083
f 2221/5005/2081 2225/5006/2085 2223/5007/2083
f 2221/4991/2081 2226/5008/2086 2225/5009/2085
f 2225/5010/2085 2226/5011/2086 2139/5012/2000
f 2221/4991/2081 2227/5013/2087 2226/5008/2086
f 2226/5008/2086 2227/5013/2087 2142/5014/2003
f 2226/5008/2086 2140/5015/1999 2138/5016/1998
f 2226/5008/2086 2142/5014/2003 2140/5015/1999
f 2226/5017/2086 2138/5018/1998 2139/5019/2000
f 2227/5013/2087 2228/5020/2088 2145/5021/2004
f 2227/5022/2087 2149/5023/2010 2228/5024/2088
f 2221/4991/2081 2229/5025/2089 2227/5013/2087
f 2227/5013/2087 2145/5021/2004 2142/5014/2003
f 2227/5026/2087 2229/5027/2089 2224/5028/2084
f 2227/5022/2087 2143/5029/2005 2149/5023/2010
f 2227/5026/2087 2224/5028/2084 2143/5030/2005
f 2220/4989/2080 2229/5025/2089 2221/4991/2081
f 2220/4989/2080 2230/5031/2090 2229/5025/2089
f 2230/5032/2090 2224/5003/2084 2229/5033/2089
f 2230/5034/2090 2228/5024/2088 2149/5023/2010
f 2230/5031/2090 2231/5035/2091 2228/5020/2088
f 2220/4989/2080 2233/5036/2092 2230/5031/2090
f 2230/5031/2090 2235/5037/2093 2231/5035/2091
f 2232/5038/2094 2235/5037/2093 2230/5031/2090
f 2232/5038/2094 2230/5031/2090 2233/5036/2092
f 2230/5032/2090 2234/5039/2095 2224/5003/2084
f 2230/5034/2090 2149/5023/2010 2234/5040/2095
f 2231/5041/2091 2235/5042/2093 2236/5043/2096
f 2232/5044/2094 2236/5043/2096 2235/5042/2093
f 2149/4826/2010 2237/5045/2097 2236/5046/2096
f 2231/5041/2091 2236/5043/2096 2237/5047/2097
f 2149/4826/2010 2236/5046/2096 2234/5039/2095
f 2234/5039/2095 2236/5046/2096 2238/5048/2098
f 2232/5044/2094 2238/5049/2098 2236/5043/2096
f 2232/5044/2094 2239/5050/2099 2238/5049/2098
f 2241/5051/2100 2238/5048/2098 2239/5052/2099
f 2234/5039/2095 2238/5048/2098 2240/5053/2101
f 2241/5051/2100 2240/5053/2101 2238/5048/2098
f 2242/5054/2102 2243/5055/2103 2241/5051/2100
f 2242/5054/2102 2241/5051/2100 2213/4971/2074
f 2243/5056/2103 2240/5057/2101 2241/5058/2100
f 2202/4933/2063 2213/4971/2074 2241/5051/2100
f 2202/4933/2063 2241/5051/2100 2244/5059/2104
f 2241/5051/2100 2245/5060/2105 2244/5059/2104
f 2241/5051/2100 2239/5052/2099 2245/5060/2105
f 2246/5061/2106 2247/5062/2107 2245/5060/2105
f 2246/5061/2106 2245/5060/2105 2239/5052/2099
f 2247/5062/2107 2248/5063/2108 2245/5060/2105
f 2244/5059/2104 2245/5060/2105 2248/5063/2108
f 2247/5062/2107 2249/5064/2109 2248/5063/2108
f 2250/5065/2110 2248/5063/2108 2249/5064/2109
f 2197/4926/2059 2248/5063/2108 2251/5066/2111
f 2244/5059/2104 2248/5063/2108 2197/4926/2059
f 2250/5065/2110 2251/5066/2111 2248/5063/2108
f 2194/4917/2053 2198/4927/2060 2251/5066/2111
f 2194/4917/2053 2251/5066/2111 2252/5067/2112
f 2197/4926/2059 2251/5066/2111 2198/4927/2060
f 2250/5068/2110 2252/5069/2112 2251/5070/2111
f 2194/4917/2053 2252/5067/2112 2255/5071/2113
f 2250/5068/2110 2253/5072/2114 2252/5069/2112
f 2254/5073/2115 2252/5069/2112 2253/5072/2114
f 2254/5073/2115 2255/5074/2113 2252/5069/2112
f 2258/5075/2116 2256/5076/2117 2255/5074/2113
f 2257/5077/2118 2255/5071/2113 2256/5078/2117
f 2194/4917/2053 2255/5071/2113 2257/5077/2118
f 2258/5075/2116 2255/5074/2113 2254/5073/2115
f 2258/5079/2116 2254/5080/2115 2259/5081/2119
f 2258/5079/2116 2259/5081/2119 2181/4892/2041
f 2164/4852/2025 2162/4851/2023 2258/5079/2116
f 2164/4852/2025 2258/5079/2116 2181/4892/2041
f 2162/4848/2023 2256/5076/2117 2258/5075/2116
f 2254/5080/2115 2260/5082/2120 2259/5081/2119
f 2259/5083/2119 2169/5084/2029 2181/5085/2041
f 2259/5083/2119 2257/5086/2118 2169/5084/2029
f 2259/5083/2119 2179/5087/2039 2257/5086/2118
f 2259/5083/2119 2180/5088/2040 2179/5087/2039
f 2180/4891/2040 2259/5081/2119 2260/5082/2120
f 2180/4891/2040 2260/5082/2120 2193/5089/2055
f 2193/4920/2055 2260/5090/2120 2194/4921/2053
f 2260/5082/2120 2253/5091/2114 2250/5092/2110
f 2260/5082/2120 2250/5092/2110 2200/5093/2061
f 2254/5080/2115 2253/5091/2114 2260/5082/2120
f 2260/5094/2120 2198/4930/2060 2194/5095/2053
f 2260/5094/2120 2200/4928/2061 2198/4930/2060
f 2257/5077/2118 2256/5078/2117 2169/4859/2029
f 2179/4877/2039 2194/4917/2053 2257/5077/2118
f 2169/4859/2029 2256/5078/2117 2166/4856/2026
f 2162/4848/2023 2166/4854/2026 2256/5076/2117
f 2250/5092/2110 2249/5096/2109 2204/4940/2065
f 2250/5092/2110 2204/4940/2065 2200/5093/2061
f 2249/5096/2109 2247/5097/2107 2261/5098/2121
f 2249/5096/2109 2261/5098/2121 2204/4940/2065
f 2205/4942/2066 2261/5098/2121 2243/5099/2103
f 2205/5100/2066 2244/5101/2104 2261/5102/2121
f 2261/5098/2121 2246/5103/2106 2243/5099/2103
f 2261/5098/2121 2247/5097/2107 2246/5103/2106
f 2261/5102/2121 2197/5104/2059 2204/5105/2065
f 2261/5102/2121 2244/5101/2104 2197/5104/2059
f 2232/5044/2094 2246/5106/2106 2239/5050/2099
f 2243/5099/2103 2246/5103/2106 2232/5038/2094
f 2205/5100/2066 2202/5107/2063 2244/5101/2104
f 2205/4942/2066 2243/5099/2103 2242/5108/2102
f 2243/5099/2103 2232/5038/2094 2233/5036/2092
f 2243/5056/2103 2233/5109/2092 2240/5057/2101
f 2208/4951/2069 2205/4942/2066 2242/5108/2102
f 2215/4988/2075 2242/5108/2102 2220/4989/2080
f 2208/4951/2069 2242/5108/2102 2215/4988/2075
f 2242/5110/2102 2213/5111/2074 2216/5112/2077
f 2242/5110/2102 2216/5112/2077 2220/5113/2080
f 2220/5114/2080 2216/5115/2077 2240/5116/2101
f 2216/4979/2077 2234/5039/2095 2240/5053/2101
f 2220/5114/2080 2240/5116/2101 2233/5117/2092
f 2153/4831/2014 2237/5047/2097 2150/4835/2011
f 2149/4826/2010 2150/4827/2011 2237/5045/2097
f 2153/4831/2014 2231/5041/2091 2237/5047/2097
f 2216/4979/2077 2224/5003/2084 2234/5039/2095
f 2228/5020/2088 2231/5035/2091 2153/5118/2014
f 2228/5020/2088 2153/5118/2014 2145/5021/2004
f 2139/4805/2000 2143/4816/2005 2224/5003/2084
f 2208/5119/2069 2215/5120/2075 2212/5121/2072
f 2207/5122/2067 2209/5123/2068 2191/5124/2051
f 2191/5125/2051 2209/4952/2068 2196/4954/2056
f 2186/5126/2047 2207/5127/2067 2190/5128/2050
f 2193/5089/2055 2207/4947/2067 2186/4894/2047
f 2193/5089/2055 2199/4937/2057 2207/4947/2067
f 2190/4913/2050 2207/5129/2067 2191/4914/2051
f 2199/4937/2057 2200/5093/2061 2204/4940/2065
f 2180/4891/2040 2193/5089/2055 2186/4894/2047
f 2183/4886/2043 2184/4889/2044 2262/5130/2122
f 2262/5131/2122 2184/5132/2044 2176/5133/2036
f 2183/5134/2043 2262/5135/2122 2175/4868/2033
f 2175/4868/2033 2262/5135/2122 2176/4874/2036
f 2174/5136/2035 2170/4887/2031 2183/4886/2043
f 2174/5136/2035 2183/4886/2043 2264/5137/2123
f 2263/5138/2124 2183/5139/2043 2175/5140/2033
f 2264/5137/2123 2183/4886/2043 2263/5141/2124
f 2126/4783/1988 2264/5137/2123 2265/5142/2125
f 2127/4782/1987 2264/5137/2123 2126/4783/1988
f 2127/4782/1987 2174/5136/2035 2264/5137/2123
f 2265/5143/2125 2264/5144/2123 2172/5145/2032
f 2264/5146/2123 2263/5147/2124 2172/4867/2032
f 2126/5148/1988 2265/5149/2125 2131/5150/1992
f 2131/4793/1992 2265/5151/2125 2172/4867/2032
f 2172/4867/2032 2263/5147/2124 2175/4868/2033
f 2170/4887/2031 2164/4852/2025 2181/4892/2041
f 2127/4782/1987 2163/4847/2022 2174/5136/2035
f 2163/5152/2022 2173/5153/2034 2174/5154/2035
f 2172/4867/2032 2173/4869/2034 2133/4794/1993
f 2163/5152/2022 2167/5155/2028 2173/5153/2034
f 2133/4794/1993 2173/4869/2034 2167/4858/2028
f 2172/4867/2032 2133/4794/1993 2131/4793/1992
f 2167/4858/2028 2157/4837/2016 2266/5156/2126
f 2133/4794/1993 2167/4858/2028 2266/5156/2126
f 2159/5157/2019 2160/5158/2020 2266/5156/2126
f 2159/5157/2019 2266/5156/2126 2155/4836/2015
f 2155/4836/2015 2266/5156/2126 2157/4837/2016
f 2160/5159/2020 2133/5160/1993 2266/5161/2126
f 2127/4782/1987 2160/4844/2020 2163/4847/2022
f 2160/5159/2020 2127/5162/1987 2133/5160/1993
f 2144/5163/2002 2147/5164/2007 2159/4841/2019
f 2144/5163/2002 2159/4841/2019 2125/4781/1986
f 2125/5165/1986 2159/5166/2019 2155/5167/2015
f 2152/5168/2012 2156/4842/2017 2159/4841/2019
f 2152/5168/2012 2159/4841/2019 2147/5164/2007
f 2135/4797/1996 2132/4795/1994 2155/4836/2015
f 2135/4797/1996 2155/4836/2015 2148/4824/2008
f 2125/5165/1986 2155/5167/2015 2132/5169/1994
f 2145/5021/2004 2153/5118/2014 2152/5168/2012
f 2145/5021/2004 2152/5168/2012 2147/5164/2007
f 2144/5170/2002 2135/5171/1996 2148/4821/2008
f 2144/5170/2002 2148/4821/2008 2147/4820/2007
f 2124/4778/1983 2144/5163/2002 2125/4781/1986
f 2140/5015/1999 2142/5014/2003 2144/5163/2002
f 2140/5015/1999 2144/5163/2002 2124/4778/1983
f 2140/5015/1999 2124/4778/1983 2136/5172/1997
f 2125/5173/1986 2132/5174/1994 2133/5175/1993
f 2125/5173/1986 2133/5175/1993 2127/5176/1987
f 2129/5177/1989 2126/5178/1988 2131/5179/1992
f 2267/5180/2127 2268/5181/2128 2272/5182/2129
f 2267/5183/2127 2269/5184/2130 2268/5185/2128
f 2267/5183/2127 2271/5186/2131 2269/5184/2130
f 2270/5187/2132 2267/5180/2127 2272/5182/2129
f 2270/5188/2132 2271/5189/2131 2267/5190/2127
f 2273/5191/2133 2274/5192/2134 2272/5182/2129
f 2272/5182/2129 2268/5181/2128 2273/5191/2133
f 2274/5192/2134 2275/5193/2135 2272/5182/2129
f 2275/5194/2135 2276/5195/2136 2272/5196/2129
f 2276/5195/2136 2270/5188/2132 2272/5196/2129
f 2269/5197/2130 2276/5198/2136 2279/5199/2137
f 2269/5197/2130 2271/5200/2131 2276/5198/2136
f 2275/5194/2135 2277/5201/2138 2276/5195/2136
f 2276/5198/2136 2277/5202/2138 2280/5203/2139
f 2276/5195/2136 2278/5204/2140 2270/5188/2132
f 2271/5200/2131 2278/5205/2140 2276/5198/2136
f 2276/5198/2136 2280/5203/2139 2279/5199/2137
f 2274/5206/2134 2280/5207/2139 2277/5208/2138
f 2279/5209/2137 2280/5210/2139 2274/5192/2134
f 2279/5199/2137 2281/5211/2141 2269/5197/2130
f 2281/5212/2141 2279/5213/2137 2273/5214/2133
f 2279/5209/2137 2274/5192/2134 2273/5191/2133
f 2285/5215/2142 2281/5216/2141 2282/5217/2143
f 2281/5212/2141 2273/5214/2133 2282/5218/2143
f 2283/5219/2144 2269/5197/2130 2281/5211/2141
f 2281/5211/2141 2284/5220/2145 2283/5219/2144
f 2285/5215/2142 2284/5221/2145 2281/5216/2141
f 2282/5217/2143 2286/5222/2146 2285/5215/2142
f 2286/5222/2146 2287/5223/2147 2285/5215/2142
f 2287/5223/2147 2288/5224/2148 2285/5215/2142
f 2288/5224/2148 2284/5221/2145 2285/5215/2142
f 2287/5225/2147 2289/5226/2149 2288/5227/2148
f 2288/5224/2148 2289/5228/2149 2284/5221/2145
f 2287/5225/2147 2290/5229/2150 2289/5226/2149
f 2289/5230/2149 2290/5231/2150 2284/5220/2145
f 2283/5232/2144 2290/5229/2150 2287/5225/2147
f 2290/5231/2150 2283/5219/2144 2284/5220/2145
f 2283/5232/2144 2287/5225/2147 2286/5233/2146
f 2268/5181/2128 2286/5222/2146 2282/5217/2143
f 2268/5185/2128 2283/5232/2144 2286/5233/2146
f 2268/5185/2128 2269/5184/2130 2283/5232/2144
f 2282/5217/2143 2273/5191/2133 2268/5181/2128
f 2270/5188/2132 2278/5204/2140 2271/5189/2131
f 2274/5206/2134 2277/5208/2138 2275/5234/2135
f 2292/5235/2151 2297/5236/2152 2291/5237/2153
f 2292/5235/2151 2291/5237/2153 2293/5238/2154
f 2293/5239/2154 2291/5240/2153 2296/5241/2155
f 2291/5240/2153 2294/5242/2156 2296/5241/2155
f 2291/5237/2153 2295/5243/2157 2294/5244/2156
f 2291/5237/2153 2297/5236/2152 2295/5243/2157
f 2297/5245/2152 2292/5246/2151 2298/5247/2158
f 2295/5248/2157 2297/5245/2152 2298/5247/2158
f 2299/5249/2159 2298/5247/2158 2300/5250/2160
f 2299/5249/2159 2295/5248/2157 2298/5247/2158
f 2300/5251/2160 2298/5252/2158 2296/5253/2155
f 2298/5252/2158 2293/5254/2154 2296/5253/2155
f 2298/5252/2158 2292/5255/2151 2293/5254/2154
f 2300/5250/2160 2302/5256/2161 2299/5249/2159
f 2303/5257/2162 2300/5258/2160 2301/5259/2163
f 2300/5251/2160 2296/5253/2155 2301/5260/2163
f 2300/5250/2160 2303/5261/2162 2302/5256/2161
f 2305/5262/2164 2303/5263/2162 2304/5264/2165
f 2303/5257/2162 2301/5259/2163 2304/5265/2165
f 2303/5261/2162 2305/5266/2164 2302/5256/2161
f 2305/5262/2164 2304/5264/2165 2306/5267/2166
f 2307/5268/2167 2305/5269/2164 2306/5270/2166
f 2307/5268/2167 2302/5271/2161 2305/5269/2164
f 2308/5272/2168 2309/5273/2169 2307/5274/2167
f 2308/5272/2168 2307/5274/2167 2301/5275/2163
f 2309/5273/2169 2310/5276/2170 2307/5274/2167
f 2311/5277/2171 2307/5278/2167 2310/5279/2170
f 2307/5274/2167 2304/5264/2165 2301/5275/2163
f 2307/5274/2167 2306/5267/2166 2304/5264/2165
f 2311/5277/2171 2302/5280/2161 2307/5278/2167
f 2309/5281/2169 2312/5282/2172 2311/5283/2171
f 2311/5284/2171 2312/5285/2172 2302/5256/2161
f 2309/5281/2169 2311/5283/2171 2310/5286/2170
f 2308/5287/2168 2299/5288/2159 2312/5289/2172
f 2312/5285/2172 2299/5249/2159 2302/5256/2161
f 2308/5287/2168 2312/5289/2172 2309/5290/2169
f 2294/5242/2156 2308/5272/2168 2296/5241/2155
f 2294/5244/2156 2299/5288/2159 2308/5287/2168
f 2301/5275/2163 2296/5241/2155 2308/5272/2168
f 2294/5244/2156 2295/5243/2157 2299/5288/2159
f 2314/5291/2173 2316/5292/2174 2313/5293/2175
f 2314/5291/2173 2313/5293/2175 2315/5294/2176
f 2315/5295/2176 2313/5296/2175 2318/5297/2177
f 2316/5292/2174 2317/5298/2178 2313/5293/2175
f 2313/5296/2175 2317/5299/2178 2318/5297/2177
f 2317/5299/2178 2319/5300/2179 2318/5297/2177
f 2324/5301/2180 2318/5297/2177 2319/5300/2179
f 2320/5302/2181 2327/5303/2182 2318/5297/2177
f 2318/5297/2177 2321/5304/2183 2320/5302/2181
f 2326/5305/2184 2321/5304/2183 2318/5297/2177
f 2324/5301/2180 2322/5306/2185 2318/5297/2177
f 2322/5306/2185 2323/5307/2186 2318/5297/2177
f 2318/5297/2177 2323/5307/2186 2325/5308/2187
f 2327/5303/2182 2315/5295/2176 2318/5297/2177
f 2325/5308/2187 2326/5305/2184 2318/5297/2177
f 2320/5309/2181 2328/5310/2188 2327/5311/2182
f 2328/5312/2188 2315/5294/2176 2327/5313/2182
f 2328/5312/2188 2314/5291/2173 2315/5294/2176
f 2320/5309/2181 2329/5314/2189 2328/5310/2188
f 2329/5314/2189 2330/5315/2190 2328/5310/2188
f 2330/5316/2190 2314/5291/2173 2328/5312/2188
f 2329/5314/2189 2331/5317/2191 2330/5315/2190
f 2331/5317/2191 2332/5318/2192 2330/5315/2190
f 2330/5316/2190 2332/5319/2192 2334/5320/2193
f 2330/5316/2190 2333/5321/2194 2314/5291/2173
f 2330/5316/2190 2334/5320/2193 2333/5321/2194
f 2335/5322/2195 2336/5323/2196 2334/5320/2193
f 2335/5322/2195 2334/5320/2193 2332/5319/2192
f 2334/5320/2193 2336/5323/2196 2338/5324/2197
f 2333/5321/2194 2334/5320/2193 2337/5325/2198
f 2334/5320/2193 2338/5324/2197 2337/5325/2198
f 2337/5325/2198 2338/5324/2197 2341/5326/2199
f 2339/5327/2200 2340/5328/2201 2338/5324/2197
f 2339/5327/2200 2338/5324/2197 2336/5323/2196
f 2340/5328/2201 2341/5326/2199 2338/5324/2197
f 2340/5328/2201 2342/5329/2202 2341/5326/2199
f 2342/5329/2202 2343/5330/2203 2341/5326/2199
f 2344/5331/2204 2341/5326/2199 2343/5330/2203
f 2337/5325/2198 2341/5326/2199 2344/5331/2204
f 2347/5332/2205 2344/5331/2204 2345/5333/2206
f 2344/5331/2204 2343/5330/2203 2345/5333/2206
f 2346/5334/2207 2337/5325/2198 2344/5331/2204
f 2346/5334/2207 2344/5331/2204 2347/5332/2205
f 2346/5334/2207 2347/5332/2205 2348/5335/2208
f 2347/5332/2205 2324/5336/2180 2348/5335/2208
f 2347/5332/2205 2349/5337/2209 2324/5336/2180
f 2347/5332/2205 2345/5333/2206 2349/5337/2209
f 2349/5338/2209 2322/5306/2185 2324/5301/2180
f 2349/5338/2209 2350/5339/2210 2322/5306/2185
f 2349/5338/2209 2351/5340/2211 2350/5339/2210
f 2349/5338/2209 2345/5341/2206 2351/5340/2211
f 2351/5340/2211 2352/5342/2212 2354/5343/2213
f 2345/5341/2206 2352/5342/2212 2351/5340/2211
f 2350/5339/2210 2351/5340/2211 2353/5344/2214
f 2351/5340/2211 2354/5343/2213 2353/5344/2214
f 2358/5345/2215 2354/5343/2213 2352/5342/2212
f 2358/5345/2215 2355/5346/2216 2354/5343/2213
f 2354/5343/2213 2355/5346/2216 2357/5347/2217
f 2353/5344/2214 2354/5343/2213 2356/5348/2218
f 2354/5343/2213 2357/5347/2217 2356/5348/2218
f 2359/5349/2219 2358/5345/2215 2352/5342/2212
f 2359/5349/2219 2360/5350/2220 2358/5345/2215
f 2358/5345/2215 2360/5350/2220 2361/5351/2221
f 2358/5345/2215 2361/5351/2221 2355/5346/2216
f 2355/5346/2216 2361/5351/2221 2362/5352/2222
f 2364/5353/2223 2362/5352/2222 2361/5351/2221
f 2363/5354/2224 2364/5353/2223 2361/5351/2221
f 2363/5354/2224 2361/5351/2221 2360/5350/2220
f 2363/5354/2224 2365/5355/2225 2364/5353/2223
f 2365/5355/2225 2366/5356/2226 2364/5353/2223
f 2364/5353/2223 2366/5356/2226 2362/5352/2222
f 2365/5355/2225 2367/5357/2227 2366/5356/2226
f 2367/5357/2227 2369/5358/2228 2366/5356/2226
f 2366/5356/2226 2368/5359/2229 2362/5352/2222
f 2366/5356/2226 2369/5358/2228 2368/5359/2229
f 2367/5357/2227 2370/5360/2230 2369/5358/2228
f 2370/5361/2230 2372/5362/2231 2369/5363/2228
f 2369/5363/2228 2371/5364/2232 2368/5365/2229
f 2369/5363/2228 2372/5362/2231 2371/5364/2232
f 2370/5361/2230 2373/5366/2233 2372/5362/2231
f 2373/5366/2233 2374/5367/2234 2372/5362/2231
f 2371/5364/2232 2372/5362/2231 2374/5367/2234
f 2373/5366/2233 2375/5368/2235 2374/5367/2234
f 2375/5368/2235 2376/5369/2236 2374/5367/2234
f 2371/5364/2232 2374/5367/2234 2377/5370/2237
f 2377/5370/2237 2374/5367/2234 2376/5369/2236
f 2371/5364/2232 2377/5370/2237 2378/5371/2238
f 2377/5370/2237 2379/5372/2239 2378/5371/2238
f 2377/5370/2237 2380/5373/2240 2379/5372/2239
f 2377/5370/2237 2376/5369/2236 2380/5373/2240
f 2380/5374/2240 2376/5375/2236 2383/5376/2241
f 2380/5374/2240 2381/5377/2242 2379/5378/2239
f 2380/5374/2240 2382/5379/2243 2381/5377/2242
f 2380/5374/2240 2383/5376/2241 2382/5379/2243
f 2384/5380/2244 2385/5381/2245 2383/5376/2241
f 2384/5380/2244 2383/5376/2241 2376/5375/2236
f 2385/5381/2245 2386/5382/2246 2383/5376/2241
f 2382/5379/2243 2383/5376/2241 2386/5382/2246
f 2385/5381/2245 2387/5383/2247 2386/5382/2246
f 2382/5379/2243 2386/5382/2246 2390/5384/2248
f 2386/5382/2246 2387/5383/2247 2389/5385/2249
f 2390/5384/2248 2386/5382/2246 2388/5386/2250
f 2386/5382/2246 2389/5385/2249 2388/5386/2250
f 2382/5379/2243 2390/5384/2248 2391/5387/2251
f 2390/5384/2248 2392/5388/2252 2391/5387/2251
f 2390/5384/2248 2393/5389/2253 2392/5388/2252
f 2390/5384/2248 2388/5386/2250 2393/5389/2253
f 2393/5390/2253 2339/5327/2200 2392/5391/2252
f 2393/5390/2253 2394/5392/2254 2339/5327/2200
f 2393/5390/2253 2395/5393/2255 2394/5392/2254
f 2393/5390/2253 2388/5394/2250 2395/5393/2255
f 2395/5393/2255 2396/5395/2256 2398/5396/2257
f 2388/5386/2250 2396/5397/2256 2395/5398/2255
f 2394/5392/2254 2395/5393/2255 2397/5399/2258
f 2395/5393/2255 2398/5396/2257 2397/5399/2258
f 2397/5399/2258 2398/5396/2257 2401/5400/2259
f 2399/5401/2260 2400/5402/2261 2398/5403/2257
f 2399/5401/2260 2398/5403/2257 2396/5404/2256
f 2400/5405/2261 2401/5400/2259 2398/5396/2257
f 2403/5406/2262 2401/5400/2259 2402/5407/2263
f 2404/5408/2264 2402/5407/2263 2401/5400/2259
f 2397/5399/2258 2401/5400/2259 2403/5406/2262
f 2400/5405/2261 2404/5408/2264 2401/5400/2259
f 2405/5409/2265 2404/5408/2264 2400/5405/2261
f 2405/5409/2265 2406/5410/2266 2404/5408/2264
f 2406/5410/2266 2407/5411/2267 2404/5408/2264
f 2404/5408/2264 2407/5411/2267 2402/5407/2263
f 2406/5410/2266 2408/5412/2268 2407/5411/2267
f 2408/5412/2268 2409/5413/2269 2407/5411/2267
f 2402/5407/2263 2407/5411/2267 2409/5413/2269
f 2408/5412/2268 2410/5414/2270 2409/5413/2269
f 2410/5415/2270 2411/5416/2271 2409/5417/2269
f 2402/5407/2263 2409/5413/2269 2412/5418/2272
f 2412/5419/2272 2409/5420/2269 2411/5421/2271
f 2413/5422/2273 2402/5423/2263 2412/5419/2272
f 2413/5422/2273 2412/5419/2272 2363/5354/2224
f 2363/5354/2224 2412/5419/2272 2365/5355/2225
f 2412/5419/2272 2411/5421/2271 2365/5355/2225
f 2403/5406/2262 2413/5424/2273 2414/5425/2274
f 2403/5406/2262 2402/5407/2263 2413/5424/2273
f 2413/5422/2273 2360/5350/2220 2414/5426/2274
f 2413/5422/2273 2363/5354/2224 2360/5350/2220
f 2403/5406/2262 2414/5425/2274 2415/5427/2275
f 2342/5329/2202 2415/5427/2275 2414/5425/2274
f 2342/5329/2202 2414/5425/2274 2359/5428/2219
f 2359/5349/2219 2414/5426/2274 2360/5350/2220
f 2340/5328/2201 2416/5429/2276 2415/5427/2275
f 2340/5328/2201 2415/5427/2275 2342/5329/2202
f 2416/5429/2276 2403/5406/2262 2415/5427/2275
f 2394/5392/2254 2416/5429/2276 2340/5328/2201
f 2394/5392/2254 2397/5399/2258 2416/5429/2276
f 2416/5429/2276 2397/5399/2258 2403/5406/2262
f 2410/5415/2270 2417/5430/2277 2411/5416/2271
f 2417/5430/2277 2418/5431/2278 2411/5416/2271
f 2365/5355/2225 2411/5421/2271 2418/5432/2278
f 2417/5430/2277 2419/5433/2279 2418/5431/2278
f 2365/5355/2225 2418/5432/2278 2367/5357/2227
f 2418/5431/2278 2419/5433/2279 2421/5434/2280
f 2367/5435/2227 2418/5431/2278 2420/5436/2281
f 2418/5431/2278 2421/5434/2280 2420/5436/2281
f 2420/5436/2281 2421/5434/2280 2422/5437/2282
f 2424/5438/2283 2422/5437/2282 2421/5434/2280
f 2423/5439/2284 2424/5438/2283 2421/5434/2280
f 2423/5439/2284 2421/5434/2280 2419/5433/2279
f 2424/5440/2283 2423/5441/2284 2425/5442/2285
f 2426/5443/2286 2424/5440/2283 2425/5442/2285
f 2424/5438/2283 2426/5444/2286 2422/5437/2282
f 2427/5445/2287 2426/5443/2286 2425/5442/2285
f 2422/5446/2282 2426/5447/2286 2427/5448/2287
f 2422/5446/2282 2427/5448/2287 2428/5449/2288
f 2428/5449/2288 2427/5448/2287 2430/5450/2289
f 2429/5451/2290 2431/5452/2291 2427/5445/2287
f 2429/5451/2290 2427/5445/2287 2425/5442/2285
f 2432/5453/2292 2430/5454/2289 2427/5445/2287
f 2431/5452/2291 2432/5453/2292 2427/5445/2287
f 2433/5455/2293 2430/5450/2289 2432/5456/2292
f 2433/5455/2293 2432/5456/2292 2434/5457/2294
f 2434/5458/2294 2432/5459/2292 2431/5460/2291
f 2436/5461/2295 2434/5458/2294 2435/5462/2296
f 2434/5458/2294 2431/5460/2291 2435/5462/2296
f 2437/5463/2297 2434/5457/2294 2436/5464/2295
f 2437/5463/2297 2433/5455/2293 2434/5457/2294
f 2375/5368/2235 2438/5465/2298 2437/5463/2297
f 2438/5465/2298 2433/5455/2293 2437/5463/2297
f 2375/5368/2235 2437/5463/2297 2384/5466/2244
f 2437/5467/2297 2385/5381/2245 2384/5380/2244
f 2437/5467/2297 2436/5461/2295 2385/5381/2245
f 2373/5366/2233 2439/5468/2299 2438/5465/2298
f 2439/5468/2299 2428/5449/2288 2438/5465/2298
f 2373/5366/2233 2438/5465/2298 2375/5368/2235
f 2438/5465/2298 2428/5449/2288 2433/5455/2293
f 2370/5469/2230 2420/5436/2281 2439/5470/2299
f 2420/5436/2281 2422/5437/2282 2439/5470/2299
f 2370/5469/2230 2439/5470/2299 2373/5471/2233
f 2439/5468/2299 2422/5446/2282 2428/5449/2288
f 2436/5461/2295 2387/5383/2247 2385/5381/2245
f 2436/5461/2295 2440/5472/2300 2387/5383/2247
f 2436/5461/2295 2435/5462/2296 2440/5472/2300
f 2440/5473/2300 2435/5474/2296 2442/5475/2301
f 2440/5472/2300 2389/5385/2249 2387/5383/2247
f 2440/5472/2300 2441/5476/2302 2389/5385/2249
f 2440/5473/2300 2442/5475/2301 2441/5477/2302
f 2442/5475/2301 2429/5478/2290 2443/5479/2303
f 2435/5474/2296 2429/5478/2290 2442/5475/2301
f 2442/5475/2301 2443/5479/2303 2444/5480/2304
f 2442/5475/2301 2444/5480/2304 2399/5401/2260
f 2442/5475/2301 2399/5401/2260 2441/5477/2302
f 2444/5480/2304 2443/5479/2303 2445/5481/2305
f 2444/5480/2304 2445/5481/2305 2405/5482/2265
f 2444/5480/2304 2405/5482/2265 2400/5402/2261
f 2444/5480/2304 2400/5402/2261 2399/5401/2260
f 2445/5481/2305 2406/5483/2266 2405/5482/2265
f 2445/5481/2305 2446/5484/2306 2406/5483/2266
f 2446/5485/2306 2445/5486/2305 2429/5451/2290
f 2445/5486/2305 2443/5487/2303 2429/5451/2290
f 2446/5488/2306 2408/5412/2268 2406/5410/2266
f 2446/5488/2306 2447/5489/2307 2408/5412/2268
f 2447/5490/2307 2446/5485/2306 2429/5451/2290
f 2447/5489/2307 2410/5414/2270 2408/5412/2268
f 2447/5489/2307 2448/5491/2308 2410/5414/2270
f 2448/5492/2308 2447/5490/2307 2429/5451/2290
f 2448/5493/2308 2417/5430/2277 2410/5415/2270
f 2448/5493/2308 2425/5494/2285 2417/5430/2277
f 2425/5442/2285 2448/5492/2308 2429/5451/2290
f 2441/5477/2302 2396/5404/2256 2389/5495/2249
f 2441/5477/2302 2399/5401/2260 2396/5404/2256
f 2435/5474/2296 2431/5496/2291 2429/5478/2290
f 2428/5449/2288 2430/5450/2289 2433/5455/2293
f 2425/5494/2285 2419/5433/2279 2417/5430/2277
f 2425/5494/2285 2423/5439/2284 2419/5433/2279
f 2367/5435/2227 2420/5436/2281 2370/5469/2230
f 2388/5386/2250 2389/5385/2249 2396/5397/2256
f 2394/5392/2254 2340/5328/2201 2339/5327/2200
f 2391/5387/2251 2392/5388/2252 2335/5497/2195
f 2392/5391/2252 2336/5323/2196 2335/5322/2195
f 2392/5391/2252 2339/5327/2200 2336/5323/2196
f 2382/5379/2243 2391/5387/2251 2381/5377/2242
f 2449/5498/2309 2381/5377/2242 2391/5387/2251
f 2449/5498/2309 2391/5387/2251 2450/5499/2310
f 2391/5387/2251 2335/5497/2195 2450/5499/2310
f 2449/5498/2309 2450/5499/2310 2451/5500/2311
f 2450/5499/2310 2332/5318/2192 2451/5500/2311
f 2450/5499/2310 2335/5497/2195 2332/5318/2192
f 2331/5317/2191 2451/5500/2311 2332/5318/2192
f 2452/5501/2312 2451/5500/2311 2331/5317/2191
f 2449/5498/2309 2451/5500/2311 2452/5501/2312
f 2453/5502/2313 2449/5498/2309 2452/5501/2312
f 2453/5502/2313 2452/5501/2312 2454/5503/2314
f 2454/5503/2314 2452/5501/2312 2455/5504/2315
f 2452/5501/2312 2331/5317/2191 2455/5504/2315
f 2456/5505/2316 2455/5504/2315 2331/5317/2191
f 2458/5506/2317 2455/5504/2315 2456/5505/2316
f 2454/5503/2314 2455/5504/2315 2457/5507/2318
f 2458/5506/2317 2457/5507/2318 2455/5504/2315
f 2459/5508/2319 2461/5509/2320 2458/5510/2317
f 2459/5508/2319 2458/5510/2317 2460/5511/2321
f 2460/5512/2321 2458/5506/2317 2456/5505/2316
f 2461/5509/2320 2457/5513/2318 2458/5510/2317
f 2321/5514/2183 2461/5509/2320 2459/5508/2319
f 2321/5514/2183 2462/5515/2322 2461/5509/2320
f 2462/5515/2322 2463/5516/2323 2461/5509/2320
f 2461/5509/2320 2463/5516/2323 2457/5513/2318
f 2464/5517/2324 2466/5518/2325 2463/5516/2323
f 2464/5517/2324 2463/5516/2323 2465/5519/2326
f 2462/5515/2322 2465/5519/2326 2463/5516/2323
f 2466/5518/2325 2457/5513/2318 2463/5516/2323
f 2467/5520/2327 2468/5521/2328 2466/5518/2325
f 2467/5520/2327 2466/5518/2325 2464/5517/2324
f 2468/5521/2328 2454/5522/2314 2466/5518/2325
f 2466/5518/2325 2454/5522/2314 2457/5513/2318
f 2467/5520/2327 2378/5371/2238 2468/5521/2328
f 2468/5521/2328 2378/5371/2238 2379/5372/2239
f 2468/5521/2328 2453/5523/2313 2454/5522/2314
f 2468/5521/2328 2379/5372/2239 2453/5523/2313
f 2469/5524/2329 2467/5520/2327 2464/5517/2324
f 2467/5520/2327 2470/5525/2330 2378/5371/2238
f 2469/5524/2329 2470/5525/2330 2467/5520/2327
f 2469/5524/2329 2471/5526/2331 2470/5525/2330
f 2471/5526/2331 2371/5364/2232 2470/5525/2330
f 2371/5364/2232 2378/5371/2238 2470/5525/2330
f 2356/5348/2218 2357/5347/2217 2471/5527/2331
f 2357/5347/2217 2368/5359/2229 2471/5527/2331
f 2356/5348/2218 2471/5527/2331 2469/5528/2329
f 2471/5526/2331 2368/5365/2229 2371/5364/2232
f 2472/5529/2332 2356/5348/2218 2469/5528/2329
f 2472/5529/2332 2469/5528/2329 2473/5530/2333
f 2469/5524/2329 2464/5517/2324 2473/5531/2333
f 2472/5529/2332 2473/5530/2333 2474/5532/2334
f 2473/5531/2333 2465/5519/2326 2474/5533/2334
f 2473/5531/2333 2464/5517/2324 2465/5519/2326
f 2475/5534/2335 2474/5533/2334 2465/5519/2326
f 2477/5535/2336 2474/5532/2334 2475/5536/2335
f 2472/5529/2332 2474/5532/2334 2476/5537/2337
f 2477/5535/2336 2476/5537/2337 2474/5532/2334
f 2479/5538/2338 2477/5535/2336 2325/5308/2187
f 2325/5308/2187 2477/5535/2336 2475/5536/2335
f 2478/5539/2339 2476/5537/2337 2477/5535/2336
f 2478/5539/2339 2477/5535/2336 2479/5538/2338
f 2322/5306/2185 2479/5538/2338 2323/5307/2186
f 2479/5538/2338 2325/5308/2187 2323/5307/2186
f 2350/5339/2210 2478/5539/2339 2479/5538/2338
f 2350/5339/2210 2479/5538/2338 2322/5306/2185
f 2350/5339/2210 2353/5344/2214 2478/5539/2339
f 2353/5344/2214 2476/5537/2337 2478/5539/2339
f 2353/5344/2214 2472/5529/2332 2476/5537/2337
f 2326/5540/2184 2475/5534/2335 2462/5515/2322
f 2475/5534/2335 2465/5519/2326 2462/5515/2322
f 2325/5308/2187 2475/5536/2335 2326/5305/2184
f 2353/5344/2214 2356/5348/2218 2472/5529/2332
f 2326/5540/2184 2462/5515/2322 2321/5514/2183
f 2459/5541/2319 2460/5542/2321 2320/5302/2181
f 2460/5542/2321 2480/5543/2340 2320/5302/2181
f 2460/5512/2321 2456/5505/2316 2480/5544/2340
f 2480/5544/2340 2329/5314/2189 2320/5309/2181
f 2480/5544/2340 2456/5505/2316 2329/5314/2189
f 2321/5304/2183 2459/5541/2319 2320/5302/2181
f 2456/5505/2316 2331/5317/2191 2329/5314/2189
f 2453/5502/2313 2379/5378/2239 2381/5377/2242
f 2453/5502/2313 2381/5377/2242 2449/5498/2309
f 2375/5368/2235 2384/5466/2244 2376/5369/2236
f 2357/5347/2217 2362/5352/2222 2368/5359/2229
f 2355/5346/2216 2362/5352/2222 2357/5347/2217
f 2342/5329/2202 2359/5428/2219 2343/5330/2203
f 2359/5349/2219 2352/5342/2212 2343/5545/2203
f 2345/5341/2206 2343/5545/2203 2352/5342/2212
f 2316/5292/2174 2348/5335/2208 2317/5298/2178
f 2348/5335/2208 2319/5546/2179 2317/5298/2178
f 2348/5335/2208 2324/5336/2180 2319/5546/2179
f 2346/5334/2207 2348/5335/2208 2316/5292/2174
f 2333/5321/2194 2346/5334/2207 2316/5292/2174
f 2333/5321/2194 2337/5325/2198 2346/5334/2207
f 2333/5321/2194 2316/5292/2174 2314/5291/2173
f 2481/5547/2341 2482/5548/2342 2486/5549/2343
f 2481/5550/2341 2483/5551/2344 2482/5552/2342
f 2481/5550/2341 2485/5553/2345 2483/5551/2344
f 2484/5554/2346 2481/5547/2341 2486/5549/2343
f 2484/5555/2346 2485/5556/2345 2481/5557/2341
f 2482/5548/2342 2487/5558/2347 2486/5549/2343
f 2487/5559/2347 2488/5560/2348 2486/5561/2343
f 2486/5561/2343 2488/5560/2348 2490/5562/2349
f 2486/5549/2343 2489/5563/2350 2491/5564/2351
f 2486/5561/2343 2490/5562/2349 2489/5565/2350
f 2493/5566/2352 2484/5554/2346 2486/5549/2343
f 2486/5549/2343 2491/5564/2351 2492/5567/2353
f 2492/5567/2353 2493/5566/2352 2486/5549/2343
f 2495/5568/2354 2494/5569/2355 2493/5570/2352
f 2494/5569/2355 2484/5555/2346 2493/5570/2352
f 2495/5568/2354 2493/5570/2352 2492/5571/2353
f 2496/5572/2356 2497/5573/2357 2495/5574/2354
f 2496/5572/2356 2495/5574/2354 2492/5575/2353
f 2495/5576/2354 2497/5577/2357 2499/5578/2358
f 2495/5576/2354 2498/5579/2359 2500/5580/2360
f 2495/5576/2354 2499/5578/2358 2498/5579/2359
f 2495/5576/2354 2500/5580/2360 2494/5581/2355
f 2501/5582/2361 2500/5583/2360 2502/5584/2362
f 2503/5585/2363 2500/5580/2360 2501/5586/2361
f 2500/5583/2360 2498/5587/2359 2502/5584/2362
f 2503/5585/2363 2494/5581/2355 2500/5580/2360
f 2484/5555/2346 2503/5588/2363 2485/5556/2345
f 2503/5585/2363 2504/5589/2364 2485/5553/2345
f 2494/5569/2355 2503/5588/2363 2484/5555/2346
f 2503/5585/2363 2501/5586/2361 2504/5589/2364
f 2485/5553/2345 2504/5589/2364 2505/5590/2365
f 2505/5590/2365 2504/5589/2364 2502/5591/2362
f 2504/5592/2364 2501/5582/2361 2502/5584/2362
f 2485/5553/2345 2505/5590/2365 2483/5551/2344
f 2507/5593/2366 2483/5551/2344 2505/5590/2365
f 2506/5594/2367 2505/5595/2365 2502/5596/2362
f 2507/5593/2366 2505/5590/2365 2506/5597/2367
f 2483/5598/2344 2507/5599/2366 2487/5559/2347
f 2487/5559/2347 2507/5599/2366 2488/5560/2348
f 2507/5593/2366 2506/5597/2367 2508/5600/2368
f 2507/5593/2366 2508/5600/2368 2488/5601/2348
f 2490/5602/2349 2488/5601/2348 2508/5600/2368
f 2490/5602/2349 2508/5600/2368 2509/5603/2369
f 2508/5604/2368 2506/5594/2367 2502/5596/2362
f 2509/5605/2369 2508/5604/2368 2502/5596/2362
f 2490/5602/2349 2509/5603/2369 2510/5606/2370
f 2510/5607/2370 2509/5608/2369 2502/5609/2362
f 2511/5610/2371 2510/5607/2370 2502/5609/2362
f 2490/5602/2349 2510/5606/2370 2512/5611/2372
f 2512/5611/2372 2510/5606/2370 2511/5612/2371
f 2489/5613/2350 2490/5614/2349 2512/5615/2372
f 2489/5613/2350 2512/5615/2372 2491/5616/2351
f 2512/5615/2372 2513/5617/2373 2491/5616/2351
f 2512/5615/2372 2514/5618/2374 2513/5617/2373
f 2512/5611/2372 2511/5612/2371 2514/5619/2374
f 2514/5618/2374 2515/5620/2375 2513/5617/2373
f 2514/5618/2374 2516/5621/2376 2515/5620/2375
f 2514/5619/2374 2511/5612/2371 2517/5622/2377
f 2514/5619/2374 2517/5622/2377 2516/5623/2376
f 2517/5624/2377 2511/5610/2371 2502/5609/2362
f 2518/5625/2378 2517/5624/2377 2502/5609/2362
f 2516/5623/2376 2517/5622/2377 2518/5626/2378
f 2519/5627/2379 2518/5626/2378 2520/5628/2380
f 2516/5623/2376 2518/5626/2378 2519/5627/2379
f 2520/5629/2380 2518/5630/2378 2502/5631/2362
f 2519/5627/2379 2520/5628/2380 2521/5632/2381
f 2521/5632/2381 2520/5628/2380 2499/5578/2358
f 2499/5633/2358 2520/5629/2380 2502/5631/2362
f 2522/5634/2382 2519/5635/2379 2521/5636/2381
f 2522/5634/2382 2521/5636/2381 2523/5637/2383
f 2521/5636/2381 2496/5572/2356 2523/5637/2383
f 2521/5636/2381 2497/5573/2357 2496/5572/2356
f 2521/5632/2381 2499/5578/2358 2497/5577/2357
f 2515/5638/2375 2522/5639/2382 2523/5640/2383
f 2523/5640/2383 2496/5641/2356 2492/5567/2353
f 2515/5638/2375 2523/5640/2383 2492/5567/2353
f 2515/5620/2375 2519/5642/2379 2522/5643/2382
f 2515/5620/2375 2516/5621/2376 2519/5642/2379
f 2491/5564/2351 2515/5638/2375 2492/5567/2353
f 2491/5564/2351 2513/5644/2373 2515/5638/2375
f 2498/5645/2359 2499/5633/2358 2502/5631/2362
f 2483/5598/2344 2487/5559/2347 2482/5646/2342
f 2527/5647/2384 2525/5648/2385 2524/5649/2386
f 2525/5650/2385 2526/5651/2387 2524/5652/2386
f 2528/5653/2388 2524/5654/2386 2526/5655/2387
f 2527/5647/2384 2524/5649/2386 2528/5656/2388
f 2528/5653/2388 2526/5655/2387 2529/5657/2389
f 2529/5657/2389 2530/5658/2390 2528/5653/2388
f 2531/5659/2391 2528/5656/2388 2530/5660/2390
f 2531/5659/2391 2527/5647/2384 2528/5656/2388
f 2529/5657/2389 2532/5661/2392 2531/5662/2391
f 2529/5657/2389 2531/5662/2391 2530/5658/2390
f 2532/5663/2392 2533/5664/2393 2531/5665/2391
f 2531/5665/2391 2533/5664/2393 2534/5666/2394
f 2531/5665/2391 2534/5666/2394 2527/5667/2384
f 2527/5667/2384 2534/5666/2394 2535/5668/2395
f 2535/5669/2395 2534/5670/2394 2536/5671/2396
f 2534/5670/2394 2533/5672/2393 2536/5671/2396
f 2547/5673/2397 2535/5674/2395 2536/5675/2396
f 2539/5676/2398 2537/5677/2399 2536/5678/2396
f 2537/5677/2399 2546/5679/2400 2536/5678/2396
f 2540/5680/2401 2538/5681/2402 2536/5675/2396
f 2538/5681/2402 2547/5673/2397 2536/5675/2396
f 2541/5682/2403 2539/5683/2398 2536/5684/2396
f 2542/5685/2404 2540/5686/2401 2536/5687/2396
f 2533/5688/2393 2541/5682/2403 2536/5684/2396
f 2543/5689/2405 2542/5685/2404 2536/5687/2396
f 2544/5690/2406 2543/5691/2405 2536/5692/2396
f 2545/5693/2407 2544/5690/2406 2536/5692/2396
f 2546/5694/2400 2545/5693/2407 2536/5692/2396
f 2548/5695/2408 2549/5696/2409 2547/5697/2397
f 2548/5695/2408 2547/5697/2397 2538/5698/2402
f 2549/5696/2409 2535/5668/2395 2547/5697/2397
f 2549/5696/2409 2525/5699/2385 2535/5668/2395
f 2525/5650/2385 2549/5700/2409 2526/5651/2387
f 2526/5651/2387 2549/5700/2409 2548/5701/2408
f 2550/5702/2410 2548/5695/2408 2538/5698/2402
f 2551/5703/2411 2548/5701/2408 2550/5704/2410
f 2526/5651/2387 2548/5701/2408 2551/5703/2411
f 2526/5655/2387 2551/5705/2411 2552/5706/2412
f 2551/5703/2411 2550/5704/2410 2552/5707/2412
f 2550/5702/2410 2553/5708/2413 2552/5709/2412
f 2552/5706/2412 2553/5710/2413 2554/5711/2414
f 2552/5706/2412 2554/5711/2414 2529/5657/2389
f 2526/5655/2387 2552/5706/2412 2529/5657/2389
f 2553/5708/2413 2555/5712/2415 2554/5713/2414
f 2555/5714/2415 2556/5715/2416 2554/5716/2414
f 2554/5711/2414 2556/5717/2416 2557/5718/2417
f 2554/5711/2414 2557/5718/2417 2529/5657/2389
f 2557/5719/2417 2558/5720/2418 2560/5721/2419
f 2556/5715/2416 2558/5720/2418 2557/5719/2417
f 2557/5718/2417 2559/5722/2420 2561/5723/2421
f 2557/5719/2417 2560/5721/2419 2559/5724/2420
f 2562/5725/2422 2529/5657/2389 2557/5718/2417
f 2561/5723/2421 2562/5725/2422 2557/5718/2417
f 2563/5726/2423 2562/5727/2422 2561/5728/2421
f 2563/5726/2423 2564/5729/2424 2562/5727/2422
f 2564/5730/2424 2529/5657/2389 2562/5725/2422
f 2564/5730/2424 2532/5661/2392 2529/5657/2389
f 2532/5663/2392 2564/5731/2424 2539/5732/2398
f 2563/5733/2423 2539/5732/2398 2564/5731/2424
f 2563/5733/2423 2560/5734/2419 2546/5735/2400
f 2560/5736/2419 2563/5726/2423 2561/5728/2421
f 2563/5733/2423 2537/5737/2399 2539/5732/2398
f 2563/5733/2423 2546/5735/2400 2537/5737/2399
f 2560/5736/2419 2561/5728/2421 2559/5738/2420
f 2558/5739/2418 2546/5735/2400 2560/5734/2419
f 2556/5715/2416 2565/5740/2425 2558/5720/2418
f 2565/5741/2425 2545/5742/2407 2558/5739/2418
f 2558/5739/2418 2545/5742/2407 2546/5735/2400
f 2565/5741/2425 2544/5743/2406 2545/5742/2407
f 2565/5741/2425 2543/5689/2405 2544/5743/2406
f 2565/5741/2425 2555/5712/2415 2543/5689/2405
f 2555/5714/2415 2565/5740/2425 2556/5715/2416
f 2553/5708/2413 2566/5744/2426 2555/5712/2415
f 2566/5744/2426 2543/5689/2405 2555/5712/2415
f 2550/5702/2410 2566/5744/2426 2553/5708/2413
f 2550/5702/2410 2542/5685/2404 2566/5744/2426
f 2566/5744/2426 2542/5685/2404 2543/5689/2405
f 2550/5702/2410 2540/5686/2401 2542/5685/2404
f 2550/5702/2410 2538/5698/2402 2540/5686/2401
f 2532/5663/2392 2539/5732/2398 2541/5745/2403
f 2532/5663/2392 2541/5745/2403 2533/5664/2393
f 2527/5667/2384 2535/5668/2395 2525/5699/2385
f 2571/5746/2427 2567/5747/2428 2568/5748/2429
f 2567/5749/2428 2569/5750/2430 2568/5751/2429
f 2567/5749/2428 2572/5752/2431 2569/5750/2430
f 2570/5753/2432 2572/5754/2431 2567/5747/2428
f 2570/5753/2432 2567/5747/2428 2571/5746/2427
f 2572/5755/2431 2573/5756/2433 2575/5757/2434
f 2572/5755/2431 2574/5758/2435 2573/5756/2433
f 2572/5755/2431 2570/5759/2432 2574/5758/2435
f 2572/5755/2431 2575/5757/2434 2569/5760/2430
f 2569/5760/2430 2575/5757/2434 2577/5761/2436
f 2577/5762/2436 2575/5763/2434 2576/5764/2437
f 2575/5763/2434 2573/5765/2433 2576/5764/2437
f 2569/5760/2430 2577/5761/2436 2578/5766/2438
f 2580/5767/2439 2578/5766/2438 2577/5761/2436
f 2579/5768/2440 2577/5762/2436 2576/5764/2437
f 2580/5767/2439 2577/5761/2436 2579/5769/2440
f 2578/5770/2438 2580/5771/2439 2581/5772/2441
f 2581/5773/2441 2580/5774/2439 2582/5775/2442
f 2582/5776/2442 2580/5767/2439 2579/5769/2440
f 2581/5773/2441 2582/5775/2442 2583/5777/2443
f 2582/5775/2442 2584/5778/2444 2583/5777/2443
f 2582/5775/2442 2586/5779/2445 2584/5778/2444
f 2582/5776/2442 2585/5780/2446 2587/5781/2447
f 2582/5776/2442 2579/5769/2440 2585/5780/2446
f 2582/5776/2442 2587/5781/2447 2586/5782/2445
f 2588/5783/2448 2586/5782/2445 2587/5781/2447
f 2588/5783/2448 2587/5781/2447 2589/5784/2449
f 2587/5785/2447 2585/5786/2446 2576/5787/2437
f 2589/5788/2449 2587/5785/2447 2576/5787/2437
f 2590/5789/2450 2589/5790/2449 2576/5791/2437
f 2588/5783/2448 2589/5784/2449 2590/5792/2450
f 2591/5793/2451 2590/5789/2450 2576/5791/2437
f 2592/5794/2452 2590/5792/2450 2591/5795/2451
f 2588/5783/2448 2590/5792/2450 2592/5794/2452
f 2588/5796/2448 2592/5797/2452 2593/5798/2453
f 2592/5797/2452 2594/5799/2454 2593/5798/2453
f 2592/5797/2452 2595/5800/2455 2594/5799/2454
f 2592/5794/2452 2591/5795/2451 2595/5801/2455
f 2595/5800/2455 2596/5802/2456 2594/5799/2454
f 2595/5800/2455 2597/5803/2457 2596/5802/2456
f 2595/5801/2455 2598/5804/2458 2597/5805/2457
f 2595/5801/2455 2591/5795/2451 2598/5804/2458
f 2597/5805/2457 2598/5804/2458 2599/5806/2459
f 2598/5807/2458 2591/5793/2451 2576/5791/2437
f 2599/5808/2459 2598/5807/2458 2576/5791/2437
f 2597/5805/2457 2599/5806/2459 2600/5809/2460
f 2600/5809/2460 2599/5806/2459 2601/5810/2461
f 2601/5811/2461 2599/5812/2459 2576/5813/2437
f 2600/5809/2460 2601/5810/2461 2602/5814/2462
f 2604/5815/2463 2602/5814/2462 2601/5810/2461
f 2603/5816/2464 2601/5811/2461 2576/5813/2437
f 2604/5815/2463 2601/5810/2461 2603/5817/2464
f 2605/5818/2465 2602/5819/2462 2604/5820/2463
f 2605/5818/2465 2604/5820/2463 2606/5821/2466
f 2606/5822/2466 2604/5823/2463 2570/5753/2432
f 2570/5759/2432 2604/5815/2463 2603/5817/2464
f 2605/5824/2465 2606/5822/2466 2571/5746/2427
f 2606/5822/2466 2570/5753/2432 2571/5746/2427
f 2607/5825/2467 2605/5824/2465 2593/5826/2453
f 2600/5827/2460 2605/5818/2465 2607/5828/2467
f 2600/5827/2460 2602/5819/2462 2605/5818/2465
f 2605/5824/2465 2571/5746/2427 2593/5826/2453
f 2596/5829/2456 2607/5825/2467 2593/5826/2453
f 2597/5803/2457 2607/5830/2467 2596/5802/2456
f 2597/5803/2457 2600/5831/2460 2607/5830/2467
f 2570/5759/2432 2603/5817/2464 2574/5758/2435
f 2574/5832/2435 2603/5833/2464 2576/5834/2437
f 2593/5826/2453 2594/5835/2454 2596/5829/2456
f 2581/5836/2441 2584/5837/2444 2593/5826/2453
f 2584/5837/2444 2608/5838/2468 2593/5826/2453
f 2588/5796/2448 2593/5798/2453 2608/5839/2468
f 2571/5746/2427 2581/5836/2441 2593/5826/2453
f 2584/5778/2444 2588/5840/2448 2608/5841/2468
f 2584/5778/2444 2586/5779/2445 2588/5840/2448
f 2585/5786/2446 2579/5842/2440 2576/5787/2437
f 2581/5836/2441 2583/5843/2443 2584/5837/2444
f 2609/5844/2469 2581/5836/2441 2571/5746/2427
f 2578/5770/2438 2581/5772/2441 2609/5845/2469
f 2568/5748/2429 2609/5844/2469 2571/5746/2427
f 2568/5751/2429 2578/5770/2438 2609/5845/2469
f 2568/5751/2429 2569/5750/2430 2578/5770/2438
f 2573/5846/2433 2574/5832/2435 2576/5834/2437
